"sample_id","tree","Intercept","longitude_norm","latitude_norm","log_n_speakers_norm","n_segments_norm","delta_norm"
1,"heggarty2024",-5.79017956732403,-0.0806629954637804,-0.0199985980709756,-0.0372938493850608,0.0187994494171637,-0.209809670531273
2,"heggarty2024",-5.84270143805775,0.0197685366817731,0.0849969905199865,-0.100059046752604,-0.0064091183207847,-0.0946905843530773
3,"heggarty2024",-5.78677660799029,0.271152508594872,0.0752699935097615,-0.0628786608141662,-0.108966468538344,-0.143562445413007
4,"heggarty2024",-5.77953220010338,0.108021384051475,0.00829140923138023,0.0349871499837384,0.00891696874357004,-0.11419722073758
5,"heggarty2024",-5.35521431441829,-0.293247635501501,-0.0900009120559956,-0.0711954088584945,0.0845961322976556,-0.260272306428759
6,"heggarty2024",-6.16118821701284,0.0416930248443057,0.226749440985563,-0.0152379570457769,0.110923023755547,0.15284242332922
7,"heggarty2024",-5.79712952669047,0.0638924701064132,-0.078071892322772,0.106276777513377,0.073376575289845,-0.050028790084089
8,"heggarty2024",-5.83510306852176,0.168187518055403,-0.0401859466321876,-0.100432250141658,0.0493886360155897,-0.151831443586184
9,"heggarty2024",-5.87733105651957,0.134102438424351,-0.00162810421310162,-0.0531978302066769,-0.0203151524781212,-0.158564750401772
10,"heggarty2024",-5.91164399441721,-0.134443497903595,-0.0113137678363893,0.00498108599560695,0.0707263700656486,0.00573172507209051
11,"heggarty2024",-5.86878787182615,-0.0704088531544517,-0.276239441354719,-0.19755764979037,-0.0935894472681408,-0.122165833385926
12,"heggarty2024",-5.87097246110592,0.0937977091663035,-0.082904298642467,0.0376024397560922,-0.0917359872042995,-0.0865412160921673
13,"heggarty2024",-5.88316269302067,0.11295671542762,0.0746415000505957,0.0282485834299514,-0.0779317580443351,-0.129616185432385
14,"heggarty2024",-5.93400826094788,0.111000520343325,-0.112110932726225,0.0989718059031743,-0.0633894128682508,0.00495144458807605
15,"heggarty2024",-5.79578747618534,0.0204456910340806,-0.0731746390151854,-0.0369733605296484,-0.05328057803378,-0.103183681486594
16,"heggarty2024",-5.79142767588099,0.124844107262529,-0.0577286326809043,-0.140342758722371,-0.000211055687272171,-0.194374666589217
17,"heggarty2024",-5.75989616784953,-0.18696752804581,-0.0633332510015843,-0.0640462664312308,0.00510352508185874,-0.0700526732437435
18,"heggarty2024",-5.84681838676517,0.156457766171752,-0.0287686890570971,-0.0529584833199965,0.110209286558863,-0.0147100897905951
19,"heggarty2024",-5.92048655957526,-0.0212646835203242,-0.232390025583266,-0.111894888810081,0.0194230340617008,-0.0849875340894654
20,"heggarty2024",-5.54895073458769,-0.122721198866956,-0.341642784546952,-0.195414012397413,-0.0707580659667479,-0.241414829341641
21,"heggarty2024",-5.79117275463238,0.154708149474001,-0.0891963824140574,-0.0273138141302243,0.0905914379816536,-0.0604320781664041
22,"heggarty2024",-5.88996113671818,0.475746911768426,0.0612151025238668,0.0983690715482421,-0.0596046311553032,-0.029166192912565
23,"heggarty2024",-5.91981841605185,0.00925610551284357,-0.082725249390508,0.0400621387755137,0.0916535858040838,0.0193719812230722
24,"heggarty2024",-5.86998214729489,0.167307048967266,-0.0987112787417218,0.0323729992235021,-0.0507920529146196,-0.00650360756238095
25,"heggarty2024",-5.90591792565668,0.255027687974187,-0.0612709569942898,-0.0571700255722444,-0.0190736616400105,-0.0658718047042356
26,"heggarty2024",-5.87448017004418,0.0330050526802883,-0.0600297382756804,0.0842057158449748,0.101218377279981,-0.100583361447531
27,"heggarty2024",-5.84191933080505,0.034104446932607,-0.159160570798017,-0.059911196822004,0.050170155021118,-0.141111332169388
28,"heggarty2024",-5.95386801730677,0.00547932247391224,-0.143759561047776,0.0960551412214597,-0.0645790861073747,-0.0278086701309444
29,"heggarty2024",-5.68359156965929,0.163600306381997,-0.0473918539824193,-0.0861472319835855,-0.0505389830795541,-0.246381678372727
30,"heggarty2024",-5.85732889824549,0.0764118627874343,-0.0100135702179132,-0.13246006893104,0.0326341829601004,-0.253511491808137
31,"heggarty2024",-5.72382572400497,-0.0637211291382621,0.130093560343604,-0.216981599727106,0.131519735001307,0.0270207928175775
32,"heggarty2024",-5.88178777088839,0.0747492229956462,-0.142860577931079,-0.0190953838679544,-0.0156089699618376,-0.10786433449818
33,"heggarty2024",-5.78698086024838,-0.0959157573785402,-0.288534702022956,-0.0203519312904374,-0.0107160284059936,-0.151885695202537
34,"heggarty2024",-5.84720263939914,0.0797646119448019,-0.155668374412201,-0.0670725461133199,-0.0493129347400539,-0.0988966471158772
35,"heggarty2024",-5.74672506954845,0.230347702725733,-0.0761262050484789,-0.0261895712560471,0.0496122907997608,0.0288540313001047
36,"heggarty2024",-5.92692491617092,0.3090853903995,0.050505167297861,0.0191693633715509,-0.0491380014737494,-0.0368038542775376
37,"heggarty2024",-5.70146670240623,0.101383790264171,0.0827196884359388,0.0619200799784876,0.00903769349273988,-0.176378185323532
38,"heggarty2024",-6.13990439154146,0.0842099202615114,0.0806214124383723,-0.015836325600639,0.140998129518836,-0.00123054965017897
39,"heggarty2024",-5.99339340994312,-0.218674963457965,-0.0788550672482555,-0.190141880975553,0.0909662683118532,-0.138571897098516
40,"heggarty2024",-5.847547949197,0.0718437070420834,-0.121027187383799,-0.10430115042014,-0.0182884270679505,-0.123398664350892
41,"heggarty2024",-5.87541152323203,0.0490560509175368,-0.129104461173518,-0.0346130436995687,0.121690740692665,0.0240119065229205
42,"heggarty2024",-5.83807729677743,0.195683184678693,0.0603835705625808,0.0704060435983277,-0.145157125565708,-0.0921521257823291
43,"heggarty2024",-5.76341320022417,0.132267068695548,-0.0577211485385909,0.0111065324937242,0.0243152718589435,-0.159606874269388
44,"heggarty2024",-5.7756790194553,-0.0511923376100287,-0.211349846780995,0.145238086342365,-0.0269678450415294,-0.120142751308782
45,"heggarty2024",-5.75287127966949,0.215118913654905,-0.101882630001216,0.0406380716413176,-0.0727487917135963,-0.123453614338156
46,"heggarty2024",-5.76528274666764,0.225073229848134,0.0944255292144099,0.0572948350671026,0.0200222013303244,-0.105650723891887
47,"heggarty2024",-5.69366072163858,0.0220882107255053,-0.201142086960037,-0.0863566041857055,0.0725526544632311,-0.139404812589354
48,"heggarty2024",-5.99544227531442,0.531531929183708,0.446770874334455,0.135495423179404,0.00797888360430995,0.00264083749852231
49,"heggarty2024",-5.86721866890671,0.131723989391256,-0.0139989824956094,-0.0443260102781977,0.00199133075499823,-0.10022149317521
50,"heggarty2024",-5.83601862899682,-0.124027688041069,-0.225050626384109,0.0512775795869684,0.103678410841944,-0.1426646548564
51,"heggarty2024",-5.43267681191099,0.0199522272669223,0.150761558494216,-0.0820707920208166,-0.0660211889535406,-0.146237455041945
52,"heggarty2024",-5.77445802206539,0.0603872614649001,-0.150870850704743,-0.0918572644410524,0.0123568309770382,-0.167391001543384
53,"heggarty2024",-5.85217425230242,0.133119377178982,-0.0558101061379322,0.0255614904517551,-0.0425943448514273,-0.0695572578628051
54,"heggarty2024",-6.00795334471703,-0.0973777503020024,-0.021019066983812,0.0744322613223903,-0.0477469371784873,-0.216326912867826
55,"heggarty2024",-5.85588959272058,0.139861039640872,-0.0584440743201564,-0.0170061802445986,-0.0582250646221916,-0.131113747982582
56,"heggarty2024",-5.93691196813813,0.143047508103113,-0.0217954064735613,0.0197466178152715,-0.0322380599832636,-0.0925702574138096
57,"heggarty2024",-5.77990979531657,-0.0787676977582504,-0.123242344799398,-0.105338428918068,0.0802564758509186,-0.101705301129723
58,"heggarty2024",-5.99707348098628,0.0653357034410478,-0.152689732563351,-0.0568697413121431,0.0204535353504537,-0.0108550941819339
59,"heggarty2024",-5.7847806323009,0.109344024875991,0.129122264245167,-0.0706693275152247,0.0532795386865629,-0.154566690455627
60,"heggarty2024",-5.90607469449112,0.0415837291191946,-0.0826879073780094,0.0909586194801143,0.0206619641573923,-0.018541727111196
61,"heggarty2024",-5.67149819796927,-0.000907625107289721,-0.123371966389553,-0.0103549597959182,0.00357139909118708,-0.0802131398785578
62,"heggarty2024",-5.9183406045289,0.061261564348094,-0.0139862610499584,-0.00498507363801756,-0.0688817249611947,-0.186966585141476
63,"heggarty2024",-5.82603539821637,0.153516536072278,-0.136606012456529,0.00543316460512877,-0.0614045482520303,-0.158110073574603
64,"heggarty2024",-5.90879409943899,0.20909564337848,0.114819596798994,0.0517874143309636,0.0159588357588662,-0.100309133346317
65,"heggarty2024",-5.80414912901025,0.115863320929701,0.00587492088860419,-0.147343145265684,0.0161772726152843,-0.143821880249139
66,"heggarty2024",-5.94230803941198,-0.102181944000137,-0.249994801671481,-0.0368521783522394,-0.00804428661440845,-0.176290871304568
67,"heggarty2024",-5.95002577452631,0.157045690978672,-0.260675933690844,-0.033498009632683,0.0120525313988283,-0.115615242915841
68,"heggarty2024",-6.03325022322197,0.0841311950084428,0.0181192829729303,-0.189193274400535,-0.0365633610582982,-0.233523998734684
69,"heggarty2024",-5.80867257538492,0.116910813800317,-0.146376519839109,-0.00955593396735067,-0.086505874240982,-0.221258808421574
70,"heggarty2024",-5.74914848422153,-0.0444431678532489,-0.170205088873611,-0.0155211642915929,-0.065412030090738,-0.236717096102599
71,"heggarty2024",-6.01750001217755,0.15301019607601,0.0798919841828146,-0.118526039808642,-0.0851635707686553,-0.0702052909548696
72,"heggarty2024",-5.81358041714045,0.311439593322223,-0.0215551267991406,0.052112626584128,0.0487028160532289,-0.149428401929785
73,"heggarty2024",-5.80594744655041,0.12781165064181,-0.082007507813728,-0.0504111732905653,-0.0636449125498848,-0.201288658090947
74,"heggarty2024",-5.99711265993234,0.114741865685955,0.00251615428178018,-0.0498128317934804,0.0780386425633573,-0.247584404655714
75,"heggarty2024",-5.8892999946581,0.0900931365958613,-0.0453707433746055,-0.176453193644837,0.0585106219069619,-0.14241520184325
76,"heggarty2024",-5.92721499690852,-0.0600015892891798,-0.147747366673897,-0.0657685404049619,-0.023627421574227,-0.0896993726052992
77,"heggarty2024",-5.86321435697136,0.014008523687659,-0.146314344581272,-0.0819435072860914,0.0549820236968353,-0.123854657242443
78,"heggarty2024",-5.79256559700149,0.221837452650135,-0.00216656205157288,0.0641080443525092,-0.0435848110516165,-0.0978060233766412
79,"heggarty2024",-5.78222057031937,0.240094015943034,0.0825285489081249,-0.00906673458664686,-0.233186121996261,-0.28031882919517
80,"heggarty2024",-5.99812906522282,0.226845013800616,-0.115977741758769,-0.0652376357718888,0.0716331404349274,-0.178275549467674
81,"heggarty2024",-5.87500113255475,0.242687299114066,0.0286407641717843,-0.288758250071593,-0.0666070502658281,-0.0592593687327617
82,"heggarty2024",-6.12368762825839,0.57613316404661,0.316600452115868,0.141666320695937,-0.181549360890916,0.111089126323865
83,"heggarty2024",-5.84760572662386,0.20402594828491,-0.0799069571358968,0.0345744154589124,-0.0292561911755348,-0.115946737974501
84,"heggarty2024",-5.86734866135345,0.204646751231271,-0.099032870298682,-0.0178350393679183,-0.157057611305208,-0.246049289577918
85,"heggarty2024",-5.94305997299447,0.1610370503297,-0.139824131397642,-0.0130757760220587,-0.00510551177378869,-0.133625312978333
86,"heggarty2024",-6.00627291101234,0.195885325445345,0.144055387734779,0.196677149337653,-0.0534913175758025,-0.075331613746939
87,"heggarty2024",-5.8329438165959,0.0822208613589475,-0.153590238706183,-0.0513147261054817,-0.0811078114342419,-0.148135179066813
88,"heggarty2024",-5.72035589415549,0.172955869701432,0.000157849326276452,-0.0169144771723398,0.0669359450832182,-0.0625791550461356
89,"heggarty2024",-5.97735165060467,0.254845307869137,0.114123775292855,-0.000147762060669642,0.0572583764051381,-0.116976388826921
90,"heggarty2024",-5.89844321421353,0.353537030114565,0.20522659790651,-0.0781055118054098,-0.0784742853351738,-0.114553212411086
91,"heggarty2024",-5.91677950720914,0.227381830747412,-0.108152159513996,-0.103154900335867,0.0777339284954122,-0.148453776591155
92,"heggarty2024",-5.72526802026068,0.00802897928757794,-0.00376911061010793,0.0128974345402283,-0.0773164445974486,-0.115218323388288
93,"heggarty2024",-5.79726086193933,0.00452537798802069,-0.277062291052495,-0.105748698275724,0.0657076919649503,-0.163565556841895
94,"heggarty2024",-5.66825274082005,0.302835639419885,0.106288285622087,0.0474107951920954,-0.0569337540050953,-0.185257998404827
95,"heggarty2024",-5.82528659965877,-0.131057229539008,-0.133589424409706,-0.0255014827668944,0.0439472344892965,-0.110799647791865
96,"heggarty2024",-5.771053812401,0.263858241479765,0.0586713760832354,0.0244567835408357,-0.0671304707931078,-0.0815923352887433
97,"heggarty2024",-5.86244858501291,0.276414951407391,0.0843460422248659,0.159390566314976,-0.130058859867631,-0.163455800024778
98,"heggarty2024",-5.88799013870965,0.170237840560978,-0.0899458847760476,-0.0473643777728172,-0.0875094111296935,-0.205931530035131
99,"heggarty2024",-5.97712915046236,-0.00653358155466166,-0.165294383708685,-0.00839296244451107,0.0421356248214427,-0.0736702417387691
100,"heggarty2024",-5.76305656223878,0.134423667997015,-0.0911228420303553,0.00512841720000333,0.02416126261547,-0.190351373021016
101,"heggarty2024",-5.99388482696891,0.0892586042770674,-0.0884555371016443,0.00693319676785349,-0.126062794675055,-0.0280296866854988
102,"heggarty2024",-5.58410298405795,0.0616247986243549,0.0159365465575518,-0.0649686946344215,-0.0200110112384116,-0.108548528771741
103,"heggarty2024",-5.78948611959938,0.141315489027216,-0.120561431380511,-0.0672001651488504,-0.086087380557004,-0.150618567887205
104,"heggarty2024",-5.84741568617063,0.142689650569508,-0.126700178655949,-0.0347166989600593,-0.0129878628906766,-0.08043623518213
105,"heggarty2024",-5.84737934147603,0.0579621121828488,-0.296747605980796,-0.0526235344057391,-0.163625548143053,-0.268915479816291
106,"heggarty2024",-6.02224028923986,0.110957353999705,-0.0227729723625705,-0.0708543127153876,-0.0255174561097567,-0.124890252630023
107,"heggarty2024",-5.86696393708913,-0.164504715471273,-0.246219299877079,0.0594458114065136,0.00292447389272594,-0.0656299171940937
108,"heggarty2024",-5.83883833322981,0.159185737005278,0.0095340631061226,-0.0521259592287048,0.0859572677584161,-0.164046145529609
109,"heggarty2024",-5.84660381009105,0.0700914865436031,-0.0657449527333568,-0.0150596991337694,-0.0624432871719772,-0.174628077314416
110,"heggarty2024",-5.76398346301897,0.112752899887628,-0.0859163211765797,0.012027318077976,0.0467419653509993,-0.14304279691838
111,"heggarty2024",-5.96276658688383,0.100359046020767,-0.136691258728643,-0.00341025808312581,-0.189261535572324,-0.1401290477038
112,"heggarty2024",-5.90508936234402,0.141748967736084,-0.111292190379086,-0.00242978478728602,-0.0341218783271157,-0.0295449378640406
113,"heggarty2024",-5.8541353179389,0.0751131885365742,-0.0600963799222023,-0.106119929904433,0.0978250694498446,-0.134592604334874
114,"heggarty2024",-5.78775333384395,0.092888389707088,-0.00982079720024198,-0.0528907746856184,0.0940973358276457,-0.057779377463684
115,"heggarty2024",-5.8731761555517,0.200584660803228,-0.0155295218175551,-0.0480342303130954,-0.115787223140771,-0.0244421093253677
116,"heggarty2024",-5.84389624130664,-0.28509033824762,-0.0739570426869522,-0.0782779577554801,0.0534109056125218,-0.188946892380706
117,"heggarty2024",-5.79852974678685,0.18813639748713,-0.11125302219624,0.0142708264720237,-0.104254307361921,-0.208721003311174
118,"heggarty2024",-5.75026419483965,0.24568746297527,0.0510090723948915,-0.140723834508748,-0.0907906478952467,-0.238082334115674
119,"heggarty2024",-5.94663151620013,0.0541823598791947,-0.15741085871534,-0.0320358861389299,-0.115629090089135,-0.127685604125045
120,"heggarty2024",-5.91367504544546,0.0794054819723184,-0.197452684571998,0.00563519053625123,-0.117423089593047,-0.117370638425271
121,"heggarty2024",-5.83204948768539,0.156602786963417,-0.0357128877304618,0.0875165082415927,0.189607969437468,-0.107630486935925
122,"heggarty2024",-5.74157482349993,0.110450878793857,0.034408693339306,0.00859764560440334,0.0712473364626668,0.00178089036274772
123,"heggarty2024",-5.88597176579055,0.207668350839489,0.0439824115255324,0.0602524476712648,-0.0780474016901679,-0.0246389230112876
124,"heggarty2024",-5.98164222510907,0.0210345681876963,-0.140051612745756,0.00355653397390036,0.095361384857873,-0.0590734112439189
125,"heggarty2024",-5.82163845983117,0.105058771373578,-0.0872041136076678,0.0669049976591689,-0.000616517643830188,-0.130246916443786
126,"heggarty2024",-5.94526366868505,0.0593361641249938,-0.143673563746933,0.0306010420284968,-0.0663084940932276,-0.171014914738628
127,"heggarty2024",-5.9485031763177,0.070646635652701,-0.0593756762101549,0.095835892422382,-0.0852570665268944,-0.144520770075123
128,"heggarty2024",-5.96515618046195,0.13027555830614,-0.209163301293073,-0.246346133861354,-0.141962002438356,-0.230063346909284
129,"heggarty2024",-5.73123240497771,0.230699991035857,0.0182026459247214,0.0538163883582129,-0.0460636559478183,-0.0170464001154831
130,"heggarty2024",-5.83333166654599,0.193415036454848,0.0220712844861,-0.000594112942491632,-0.0404749091277868,-0.0521204546490729
131,"heggarty2024",-5.71261571930468,-0.00325814376518047,-0.0671866616595827,0.145524648463554,-0.0426186781728803,-0.140733622223912
132,"heggarty2024",-5.82548060871662,0.0234483877097742,-0.163364941789093,0.0579462586827677,-0.114662944891862,-0.115767591662949
133,"heggarty2024",-5.68312030514164,0.0972687930004494,-0.0210000487617934,0.051043718534233,0.0347456422685565,-0.107626820498651
134,"heggarty2024",-5.92769570851355,0.206440736057336,-0.00115638741700173,0.0472426519169535,-0.131026039489948,-0.152550677041245
135,"heggarty2024",-5.73349948810047,0.0282109294146556,-0.11529241688733,-0.00785818703024974,-0.0640666788347509,-0.0704312360061783
136,"heggarty2024",-5.8036615694409,0.151195860859878,-0.0919228165581625,0.0931655086984724,-0.0468922890980644,-0.102854973032969
137,"heggarty2024",-5.80443565111922,0.250074926880109,-0.25309863393311,-0.109232584950138,-0.0216605554608238,-0.22345204202156
138,"heggarty2024",-5.9952311181441,0.220756207972494,0.24449368376472,0.0258519566756515,-0.100481104037138,0.152867588571588
139,"heggarty2024",-5.7521675151529,0.0221948940114488,-0.0882469357642696,-0.0525190712810688,-0.0916801615374342,-0.119548089444945
140,"heggarty2024",-5.85597307281203,0.374211629894064,0.0269338910563981,-0.023666967735015,-0.0486723299084006,-0.23615992119249
141,"heggarty2024",-5.93722262966051,0.0625412098910329,-0.108979078192845,-0.0489541585649746,-0.00662605683128347,-0.0935266157458697
142,"heggarty2024",-5.93056475918596,0.134923168444141,0.0774387936124788,-0.115178073391233,-0.0912079613811282,-0.0673763323732181
143,"heggarty2024",-6.00287822263668,0.239460099061998,-0.20104528449126,-0.0872420661462234,-0.138657098613305,-0.109994308528918
144,"heggarty2024",-5.74697093609647,0.304473670721237,0.154633306003719,0.108855697727674,-0.0120804655501528,-0.0447892034335205
145,"heggarty2024",-5.77173264344077,0.0258063003593623,-0.159995578171433,-0.173855578302546,0.0678503740837713,-0.313481195856376
146,"heggarty2024",-5.91685363839443,-0.0265342092149182,-0.188908397510716,-0.0485682619511867,0.101539151404243,-0.172989985488829
147,"heggarty2024",-5.88431854368835,-0.127984838020819,-0.219421712653744,0.0131523402299493,0.0636590098059455,0.016133771179012
148,"heggarty2024",-5.96641664297896,0.386414364736446,0.262661238449178,0.0277073696893319,-0.0966240334387615,-0.0273908922253838
149,"heggarty2024",-5.83737394500761,0.253774194484892,-0.0229466313612388,0.0693847561590071,-0.0819256085866449,-0.114554961693438
150,"heggarty2024",-5.63013960333398,0.118397470702117,0.0240922855388037,-0.00974210821903098,0.0909732992066307,-0.126199710461971
151,"heggarty2024",-5.70259888217704,0.191863672391662,-0.256489952842289,-0.0314731329790698,0.00853955127723796,-0.280115580731276
152,"heggarty2024",-5.72266281894965,-0.0989128600660796,0.168645673054373,-0.141546837855307,0.00952491228569143,-0.024278479625877
153,"heggarty2024",-5.52410952805862,0.0871980182275977,0.0292284299149375,-0.104992720339632,0.00784927223591356,-0.107491084616205
154,"heggarty2024",-5.88304655657188,0.312929922350424,0.0401755851610808,-0.0505190023957893,-0.0435705274710482,-0.225149600827609
155,"heggarty2024",-5.84116433993328,0.0602342492617353,-0.209325372157587,0.0453899350211736,-0.117593005471834,-0.100802365566533
156,"heggarty2024",-5.81197072623352,0.0616563786191946,-0.102287549793469,0.0287650982272441,0.0247078080980297,-0.147697826571985
157,"heggarty2024",-5.95815187989155,-0.0166161327130968,0.019704261547655,-0.0641844206555075,-0.119975849654221,-0.0602096284449952
158,"heggarty2024",-5.76739774085655,0.00410855859907888,-0.131877406485661,-0.00923458074134533,-0.042471339857698,-0.0483331993139344
159,"heggarty2024",-5.86327056841954,0.248819201396518,0.0157273454117331,0.0298280967453608,-0.0381252113722271,-0.18551976625924
160,"heggarty2024",-5.80736512452383,0.281228222643842,0.20100807729885,0.0550985779875166,-0.0775906483661922,-0.119714072442446
161,"heggarty2024",-5.79539500485567,-0.0583824076433719,-0.114270320991416,-0.015591551330297,0.024663037183994,-0.198233943717081
162,"heggarty2024",-5.79828776367123,0.40461860379872,-0.0166425808718807,-0.110300554526894,-0.185536070196967,-0.274017565659562
163,"heggarty2024",-5.76571087741169,0.136306120236356,-0.0705834898466592,-0.0559786546539039,-0.102669869514969,-0.179301916180689
164,"heggarty2024",-5.88038162231333,0.119120086358089,-0.0144627377800645,0.0978511774156414,0.034037777107061,-0.0524299026763419
165,"heggarty2024",-5.67119017671325,0.183480751850779,0.0690531891237257,0.0174600459797285,0.136648675602628,0.103529011989988
166,"heggarty2024",-5.78552094028259,0.0295438730830598,-0.0958944304559311,-0.0897246078926879,0.0279206249992301,-0.13116833180241
167,"heggarty2024",-5.90979711397118,0.256568930997962,-0.00982793149025824,0.0382431183354275,-0.0560840525491977,0.0323201419204507
168,"heggarty2024",-5.89052406228723,0.0913505224546551,-0.0884377658951527,-0.0479847401375069,0.0170989536833938,-0.146620021320536
169,"heggarty2024",-5.87654975007482,0.144805065817065,-0.112023987686901,-0.0335282905713289,-0.0190910155819552,-0.14215467500478
170,"heggarty2024",-5.87727822332635,0.0988385953614268,-0.234599312106521,-0.108026158802542,-0.0202256837303678,-0.150626550274936
171,"heggarty2024",-5.72604755240357,0.234605733270278,-0.127796775584451,-0.120846330234315,0.147189798147293,-0.231157615082904
172,"heggarty2024",-5.86464583779594,0.27221181925354,0.0147462659532656,0.0523656828787333,-0.0360441468308167,-0.0793062532274245
173,"heggarty2024",-5.88241719111211,0.241465017732488,-0.131794230722216,0.0026077050404081,-0.11983185336814,-0.132003918168381
174,"heggarty2024",-5.91837717751953,0.111424926405416,-0.0702745968788027,-0.0291399988072286,0.0509051149842863,-0.182045991037863
175,"heggarty2024",-5.85477204279688,0.21385084366841,-0.0227596426130112,-0.151818536226995,0.0652373985135967,-0.138276525255199
176,"heggarty2024",-5.93324691513322,0.1840337716436,0.00762949928104967,-0.0737322131974065,-0.0275452393833277,-0.127675318691303
177,"heggarty2024",-5.70024304465035,0.0652415287990088,-0.0902657316287892,-0.0995387750700786,0.0910226358880288,-0.171567226087312
178,"heggarty2024",-5.40863599779141,0.0957296104149826,0.0204051047884112,-0.146058776011602,0.074586995710213,-0.263229851723549
179,"heggarty2024",-5.77161699066415,0.115672666934482,0.044320841422866,-0.0324327727367208,0.0726823440734505,-0.170780699559695
180,"heggarty2024",-5.86741967042397,0.181121155101987,0.00469180999334394,0.123284914403934,-0.0302126531658403,-0.0744652511878224
181,"heggarty2024",-6.18362135707381,-0.0482076024793422,-0.0190996148208635,-0.0968658673771723,0.143610716590891,-0.0996041042009324
182,"heggarty2024",-5.83243850904403,0.139233261482165,-0.103415533691051,-0.0261531472851022,0.0163423010616721,-0.230657965920071
183,"heggarty2024",-5.97950439506966,-0.00128664538203923,-0.20980234613552,-0.0353282419281483,0.134908565873334,-0.156240572459497
184,"heggarty2024",-5.73693118138805,0.0811887330481438,-0.173477000172008,-0.0785974284650172,0.0944404395454392,-0.151213748242045
185,"heggarty2024",-5.82173391021563,0.277022225973332,0.0759819775940758,0.101157539209168,-0.147775286788897,-0.111781169642516
186,"heggarty2024",-5.68753591267708,0.131536399664392,0.0228493994062348,-0.0026311355077871,0.00256246873584966,-0.087002444044633
187,"heggarty2024",-5.82389137694466,-0.0237531660813169,-0.170232174359687,-0.0317367622146234,-0.0764276119645743,-0.192377607681664
188,"heggarty2024",-5.9951211090273,0.145234308062473,-0.0273053082534421,-0.038106237585056,-0.0354363366825227,-0.121644085768357
189,"heggarty2024",-5.62849637882758,0.0115890555756223,0.113193351186702,0.0290252605761213,-0.0219908521311222,-0.250246411297535
190,"heggarty2024",-5.80181920903517,0.315298035100019,0.0807711885988329,0.0597891390819983,-0.0442112371153542,-0.103531676923371
191,"heggarty2024",-5.77978470818783,0.119648023691497,-0.225139556283664,-0.153956644589139,-0.126400458050978,-0.119660314317577
192,"heggarty2024",-5.77501901054813,0.264386661792824,-0.118100035820889,-0.0495638924847765,-0.00788187000845387,0.0294851169512992
193,"heggarty2024",-5.7854116742913,0.0986693801097082,0.0593125316198536,-0.0233973876979865,0.0673577219760371,-0.148673121748906
194,"heggarty2024",-5.83880776262751,0.181668675702767,-0.00764207804594456,0.00408071494937298,-0.00510436791400593,-0.144101354520781
195,"heggarty2024",-5.77404688635944,0.109433611116089,-0.224858402523897,-0.146176002293674,-0.023351841542336,-0.0970978242513837
196,"heggarty2024",-5.66485925156104,-0.15935334443907,-0.0487693253936106,-0.0148340481688093,-0.144464023427746,-0.150583251359678
197,"heggarty2024",-5.97060542696113,0.0326247489543723,-0.191463449894049,-0.108865668910276,0.0356779207444553,-0.023058371648391
198,"heggarty2024",-5.92307549059022,0.0756933783460559,-0.193418661227618,-0.081167001597391,-0.0483385282831073,-0.152946706277019
199,"heggarty2024",-6.02535824031131,-0.143627307982659,-0.23348217428366,-0.05949357590574,-0.0868766207015799,-0.211167925950253
200,"heggarty2024",-5.88620988439303,0.14131542112853,-0.123040109750154,-0.188662535240402,0.0667472459488802,-0.127497710737051
201,"heggarty2024",-5.80205244941047,0.0844499677878282,-0.115529449126997,-0.0793162854171636,-0.0390331335040024,-0.218727887714496
202,"heggarty2024",-5.72077706163519,0.250530558118412,0.139803531954228,-0.0738041986597267,-0.096756760571274,-0.0382499782806629
203,"heggarty2024",-5.83173528974513,0.0447732875462098,-0.0459496134332519,0.0160407133693349,-0.085984458818533,-0.122940404940746
204,"heggarty2024",-5.87904482670831,-0.030561822471734,-0.29353302117283,-0.0981764306310928,-0.103208237724432,-0.112303292790808
205,"heggarty2024",-5.8821704080777,0.0772117240777865,-0.0839323747991169,0.0724960752570358,-0.0816320880918909,-0.139461869225688
206,"heggarty2024",-5.7935950930764,0.14356600616004,-0.0831760513815242,0.0269533949857044,-0.161305714897155,-0.206713362286656
207,"heggarty2024",-5.83348383400054,0.295389668327235,0.0924310215659627,0.00758851518062005,-0.00335814697599977,-0.18126306441326
208,"heggarty2024",-5.81533889126521,0.125557546780852,-0.0713147831270804,-0.00368966885819183,-0.0890414113153957,-0.0923753470866244
209,"heggarty2024",-5.88764227001894,-0.00293958056411965,-0.0627060315665568,0.17302051653707,-0.0362300868448526,-0.0203261424626827
210,"heggarty2024",-5.81028129504059,0.0490396698212386,-0.223105025955027,-0.112751980844687,-0.0854005524266284,-0.111174717826619
211,"heggarty2024",-5.79310749320328,0.164375494168597,0.0537445419551164,0.114320441086979,-0.0157989751514526,-0.173234483672728
212,"heggarty2024",-5.93684592555837,0.0951461623948196,-0.170623424765374,-0.0560833566759687,0.0320817768852815,-0.191724884602486
213,"heggarty2024",-5.7788965805042,0.0719730458367183,-0.152625385633795,-0.101306303691136,-0.0368097903939266,-0.254119313476768
214,"heggarty2024",-5.75593027556908,0.264027841371366,-0.0573116500133601,-0.0723977466162896,-0.119158547533478,-0.0998783200525691
215,"heggarty2024",-5.87770848577588,0.17604358786975,-0.0197577627104644,-0.102421390024778,-0.0223259661094545,-0.222853949920645
216,"heggarty2024",-5.93196000551768,0.084744549027945,-0.115584061224857,0.00181279804769797,0.067657468122655,-0.0309900955498678
217,"heggarty2024",-5.79912581985426,-0.126452483226857,-0.206948371386781,-0.0563079687964423,0.0319005848879093,-0.175175019035773
218,"heggarty2024",-5.78798664795864,0.129540721267017,-0.0891407596741197,0.0656178063890726,-0.0131101245648699,-0.0865417377128468
219,"heggarty2024",-5.86376488405851,-0.0773940918377302,-0.0283869073735323,0.0940996495240845,0.132455958721973,0.0205580565898197
220,"heggarty2024",-5.87170100780234,0.0750561662365206,-0.195799126659259,-0.0403936081141468,0.0615024191700728,-0.211546421576456
221,"heggarty2024",-6.045001877616,-0.0842777679892102,-0.122680184371327,-0.0207632474641609,0.00893493165073584,-0.0993293028873058
222,"heggarty2024",-5.79882418195113,0.209843361003259,-0.133475844122975,0.0914683361667013,0.0558612340898211,-0.0908219101401276
223,"heggarty2024",-5.9077758516338,0.156141090918687,-0.0891868565678042,-0.0600150524863567,-0.0821313310567959,-0.399094975240037
224,"heggarty2024",-5.76267956117754,0.0463941596327305,-0.188828519793364,-0.0907947488980385,-0.0185476326435328,-0.0312129760634454
225,"heggarty2024",-5.69326184385131,0.159272156325743,-0.26517241503157,-0.0929499171369267,-0.0485162107229248,-0.255609773024291
226,"heggarty2024",-5.87039959311038,0.11355324644076,0.00449737521683988,0.00622994438050929,-0.0433695203912065,-0.0316967609801481
227,"heggarty2024",-5.80967495190327,0.13377633810661,-0.0588014460530918,-0.0617317312339592,-0.00827216154784396,-0.039755348618088
228,"heggarty2024",-5.89672019041049,0.0504567015167522,-0.141631019439896,0.0411713956486629,-0.0402462748960948,0.0500558370367736
229,"heggarty2024",-5.8952210560972,0.0661535977232541,-0.182113640880322,-0.0420286438294299,-0.0152892290836075,-0.0869096583079919
230,"heggarty2024",-5.6827126344118,0.20988414567709,-0.0824113058004202,-0.186430864979217,0.101751392886135,-0.115031547445973
231,"heggarty2024",-5.80509046551055,0.290588348163662,0.00585736851788027,-0.103054939227011,-0.135282342215533,-0.177224906888673
232,"heggarty2024",-5.86083460312932,0.113899532574238,-0.0478488776672516,-0.183293393894747,-0.0382271635770167,-0.140019437144099
233,"heggarty2024",-5.76766045635876,-0.185391430077717,-0.291090646541785,-0.0653986245453618,0.00890282868652579,-0.0537829843702024
234,"heggarty2024",-5.79003687398267,-0.0263399236582244,-0.193476390560369,-0.0246551922900216,-0.133457476220557,-0.141614919841854
235,"heggarty2024",-5.65830331213371,0.0272320793479332,-0.0682538540018298,-0.0701196521635431,0.137618600415556,-0.0765284593042094
236,"heggarty2024",-5.71252848800112,-0.00678595598641245,-0.023547945664976,-0.0606519799929442,-0.0141821988562831,-0.185634392323977
237,"heggarty2024",-5.86067502837191,0.141299652262899,-0.125042043934173,0.130248766294481,-0.0410464357476979,-0.121772115919294
238,"heggarty2024",-5.64135925345746,0.239332775391025,-0.0396124924876503,-0.0555172064512211,-0.124352184551801,-0.252723502159385
239,"heggarty2024",-5.89353202929136,0.0750223846436711,-0.0564641390820044,0.0811236591728166,-0.0638381503348126,-0.169429944063499
240,"heggarty2024",-5.81217143937519,0.204728491657587,-0.0605452285290419,0.0274502744498132,-0.202974759876922,-0.193732010671712
241,"heggarty2024",-5.93229990119636,0.169222690304145,-0.0246434303564357,-0.0322630666728684,0.0907228750235584,-0.111726120821081
242,"heggarty2024",-5.77749094485335,0.128520309458475,-0.0369502661940695,-0.0280073351190188,-0.000277056434886694,-0.115536165187503
243,"heggarty2024",-5.82417331862882,0.128661471823043,-0.186223714762931,-0.0172211619941249,-0.046183491583049,-0.226815745887958
244,"heggarty2024",-6.05575520962518,0.0473407351947802,0.0578811631514373,-0.0467958092092221,0.100616162649222,-0.00536227607747838
245,"heggarty2024",-5.83000257131062,0.104043849636209,-0.0715200904610466,-0.0893979855602131,-0.0253275011130136,-0.120619950236705
246,"heggarty2024",-5.86595259071059,0.314641470248096,-0.0608110769396387,-0.0867073875869076,-0.140180500460834,-0.281276621316079
247,"heggarty2024",-5.89290567179086,0.255978789838509,0.0696523134375984,0.0317958841472476,-0.0854053912634669,-0.110628611606999
248,"heggarty2024",-5.85817763571319,0.116173933397928,0.0569085449237896,-0.0709146317519995,-0.0221312729021294,-0.129591013536618
249,"heggarty2024",-5.83196584510617,0.101882869178084,-0.0395578288444275,-0.00123317629363216,0.029772297562464,-0.134099233612793
250,"heggarty2024",-5.89137725332016,0.102129415818521,-0.153179759549015,0.0243175862160349,-0.0227267581497856,-0.179274024735834
251,"heggarty2024",-5.74345740525931,0.203846013611658,0.00403456889892422,-0.127755788395527,0.0160429776706029,-0.115681963872698
252,"heggarty2024",-5.79248270098342,0.0729627334807573,-0.0950516101372598,-0.152471460601568,-0.0123756989384742,-0.142668759559926
253,"heggarty2024",-6.08852472416084,-0.0867212998249878,-0.195626023830686,-0.111187551280421,0.0910408631596174,0.0223777140694372
254,"heggarty2024",-5.86849891410328,0.264658387614505,0.108586327460846,0.0467749237928633,-0.0979998757849145,-0.169246300440847
255,"heggarty2024",-5.89519042172917,0.259760082472708,0.0736979642983731,-0.0241368595964008,-0.0677123633661953,0.0077074557790993
256,"heggarty2024",-5.76536818766788,0.0788706835338801,-0.122589210293656,-0.0759551894953614,-0.00413289071328415,-0.108699045087065
257,"heggarty2024",-5.76251137737234,0.0487890448717611,-0.10747937993268,0.0635757560082255,0.0234800850030993,-0.0592947580218565
258,"heggarty2024",-5.60288714462028,0.144572114519732,-0.176242989195884,-0.126321947737516,-0.0519820428405331,-0.25487995594197
259,"heggarty2024",-5.90882878619357,0.264517645769815,0.0820557862222318,0.0275253122755262,0.00453283014790376,-0.0590932697771404
260,"heggarty2024",-5.80965519944932,0.0902890171551711,-0.0988120936664896,0.106313514251946,-0.133985134817967,-0.259048222053472
261,"heggarty2024",-5.9865552649485,0.074150311003295,-0.123768529901051,-0.135760820192051,0.0632337410798604,-0.0635121462185399
262,"heggarty2024",-5.9680398615977,0.21853170154899,0.124371897651962,-0.0846363128431971,0.0282146669538063,-0.206446850129432
263,"heggarty2024",-5.90796551659265,0.0776136948946009,-0.0841030636001837,-0.0704619238123186,0.0928634909008855,-0.179364761901737
264,"heggarty2024",-5.83783068380255,0.205459287854406,0.0508822873619253,-0.0176924374711247,0.00558707937642512,-0.000722317647484584
265,"heggarty2024",-5.90047346606783,-0.0633106578011435,-0.142957430186439,-0.065525386050173,0.0861033466608465,-0.141270085697226
266,"heggarty2024",-5.6798623064186,0.331698954055196,-4.50639316457169e-05,-0.00260290322979403,0.074327474881005,-0.22217102799459
267,"heggarty2024",-5.70390662206806,0.0657966705968735,-0.0851563420175495,-0.0812596510883887,0.119233394966274,-0.0708169185817477
268,"heggarty2024",-5.80293270415938,0.125511110264335,-0.206455099701205,-0.131118556128608,-0.078887178874533,-0.177604983438246
269,"heggarty2024",-5.78707358350185,0.246354815472445,0.0440999713025741,0.0307902770559493,0.0527129402820729,-0.116502113518299
270,"heggarty2024",-5.67448513714822,0.193355730804437,-0.0689101341052757,-0.0417059586314979,-0.125050031403972,-0.196032883360509
271,"heggarty2024",-5.833005243151,-0.0663363230646508,-0.0865451215466723,-0.0690918194597262,0.0942016585540139,-0.0640236792445142
272,"heggarty2024",-5.54926794544757,-0.0687800218158671,-0.126099094011154,0.0362398373306557,0.0267448997593814,-0.147296127480327
273,"heggarty2024",-6.00082259526168,0.104335447648903,-0.0415351733626312,0.0774188624098958,-0.263510254231638,-0.0394727600516331
274,"heggarty2024",-5.86175715386697,0.105052620521112,-0.113160629925893,0.0144091802548043,-0.060385319654006,-0.142720824436914
275,"heggarty2024",-5.8707452332226,-0.000466151205425382,-0.166700662696237,-0.0188209288727168,0.00458212766127352,-0.130627732670956
276,"heggarty2024",-5.78892523553333,0.127808907652889,-0.000431748620209768,0.0689667941112709,-0.0556173567559632,-0.0692371414194023
277,"heggarty2024",-5.88743476880175,0.154513942451897,-0.195503630301845,0.154363141152211,-0.0574733750865371,-0.202719608498309
278,"heggarty2024",-5.71258844082459,-0.0922477192696405,-0.0763325091058011,-0.0679467598533405,-0.0507698277759728,-0.0889490425281871
279,"heggarty2024",-5.78091942229093,0.177114973078267,0.061515525763849,0.0124073587150324,-0.100281411304876,-0.0870675867325917
280,"heggarty2024",-6.0730626228592,0.042775223214455,-0.125984787224853,0.0723813928764851,0.0689341926030204,-0.0990224866783694
281,"heggarty2024",-5.79427535246865,-0.0158643313219387,-0.299785231352581,0.000708487014119547,-0.033986064589509,-0.256468903861561
282,"heggarty2024",-5.99585151122932,0.15609483812518,-0.141571338866609,-0.064029314791153,-0.0785387201058289,-0.207570605421716
283,"heggarty2024",-5.83227925185779,0.119665093621195,-0.0908614681171217,0.0301765513155727,-0.029458246443647,-0.110627440950706
284,"heggarty2024",-5.94321285208596,0.356639150808119,0.025727738981658,-0.0271704608725878,-0.0898314545527567,-0.117753236721088
285,"heggarty2024",-5.89735150363866,0.537836291883361,0.0639814827246119,0.0163848128582566,-0.0200808741653588,-0.00909559146594207
286,"heggarty2024",-6.02760824328613,0.220560107638463,-0.13845569741804,-0.0968676499362307,-0.00482803615178807,-0.196340655580388
287,"heggarty2024",-5.8355309801688,-0.0738862619367175,-0.163966308712216,-0.0314874197035944,0.0753568903369554,-0.127670219458804
288,"heggarty2024",-5.71358793269454,-0.115851078770162,-0.196332604769403,0.01398998579266,0.0698571561097945,-0.0775103124328767
289,"heggarty2024",-5.93637366566297,-0.0752913430719757,-0.153852368952382,-0.100910139563732,-0.0170636590714003,-0.100796647489731
290,"heggarty2024",-5.83707728618933,-0.0121196598745217,-0.149626658979374,-0.00975982644135335,-0.0417261393449775,-0.0881612286876624
291,"heggarty2024",-5.92691995327777,0.142126088535606,-0.187145361037409,0.028315187485767,-0.0668099954525692,-0.190605578614193
292,"heggarty2024",-5.94506281757585,0.18420810026904,-0.0210299676295448,-0.0380511214551995,-0.0269087473431952,0.0175729054088758
293,"heggarty2024",-5.8967430979165,0.147191123194478,-0.142364552511445,-0.130550213648616,-0.0612993526020964,0.00675126885343216
294,"heggarty2024",-5.87937425291456,-0.0499655242632017,-0.223486675815834,0.0369414911791973,0.0132749155414779,-0.106360972236125
295,"heggarty2024",-5.87565846441989,0.178921881905877,0.00921690322233058,-0.140892031776786,-0.087475961525432,-0.0944110749676071
296,"heggarty2024",-5.73572621492993,0.000413771293133179,-0.125244950812267,0.0412246932629891,0.0855507429734188,-0.219797590155232
297,"heggarty2024",-5.72835027800179,0.194111917708764,0.0453098493919005,-0.0601174521308438,0.0684144609604153,-0.265850338471288
298,"heggarty2024",-5.63461408216055,0.0201342871761787,-0.0986547308825646,0.106875929768102,-0.0987276408396126,-0.141822196988783
299,"heggarty2024",-5.81782870021542,0.200361425552315,-0.10304924074001,-0.0716184545488393,-0.0515610386617552,-0.168967623750236
300,"heggarty2024",-5.74961939520622,-0.0573504315410794,-0.271818233836332,0.0515130528508028,-0.0681014919255007,-0.221980230267435
301,"heggarty2024",-5.64315310413438,0.25127813997765,0.0227750877174468,-0.0459002671568755,0.00641109503764915,-0.134725295694394
302,"heggarty2024",-6.00859896844946,0.249839375258386,0.0558126739155612,-0.141968351722042,0.108229221340088,-0.0331802762550436
303,"heggarty2024",-5.67660515892453,0.183619494921391,0.459664660753674,0.115845024180796,-0.130575138532318,-0.0988072831876842
304,"heggarty2024",-5.58851358011483,0.0184753262796603,-0.158808620182932,-0.0383585704381229,0.137522054874881,-0.127867901637919
305,"heggarty2024",-5.52532543360578,-0.133250289918791,0.299124694020939,0.0657170386607953,-0.116194954460468,0.111348759446723
306,"heggarty2024",-5.67343397247817,0.1139417316679,-0.0324636705156693,-0.116785550519353,-0.0434177350500373,-0.0655971589971312
307,"heggarty2024",-5.91808001516372,0.174919696973315,-0.120824041402497,-0.11213633704738,-0.127611350767871,-0.00726249883571789
308,"heggarty2024",-5.86376954030052,0.151145181195676,-0.0286776973864712,0.108989627855964,-0.128966270060155,-0.134374656505873
309,"heggarty2024",-5.75638543914563,0.0220425882607535,0.0182047693574016,0.0426910382336347,-0.0564627983311011,-0.269266191835279
310,"heggarty2024",-5.73156433776954,0.324217189202654,0.0130508992809768,0.144168938520567,-0.111479473609246,-0.092380495327997
311,"heggarty2024",-6.00483873547178,0.0993093279047578,-0.0766908710903885,-0.0435931294281437,-0.0156851830607099,-0.0790556550015156
312,"heggarty2024",-5.81911843342277,0.229888711512149,-0.0110036530469504,0.0923871807800566,0.0253733432818155,-0.170484212685744
313,"heggarty2024",-5.84403884756073,-0.0291170034812821,-0.201431000036511,-0.116000813105375,-0.0572239499145004,-0.22557474824966
314,"heggarty2024",-5.94942196052142,0.23585823487936,0.00789091305424486,-0.0397374890115114,-0.1091999341816,-0.167768720845523
315,"heggarty2024",-5.7998798233648,0.248835112928595,0.0849026631449073,-0.0711981744686496,-0.038301629321431,-0.227052771571712
316,"heggarty2024",-5.91802677245168,0.0114989382887356,-0.134521389802952,-0.0084518862869294,0.0859686688452103,-0.0889414192016153
317,"heggarty2024",-5.4159856890097,0.105335791485966,0.483896930930683,-0.0852523892546656,-0.0207779392879054,-0.266977617637502
318,"heggarty2024",-5.89841738893766,0.365124467230714,0.105827097825229,0.0834638916691436,-0.105927387601424,-0.116331061602735
319,"heggarty2024",-5.83938402761601,0.230120220702794,0.188457766956247,0.0398940048489742,0.0500588326445644,-0.041032826156624
320,"heggarty2024",-5.86265130508048,0.232579832177664,-0.0301255216546188,-0.15087466813092,0.00908122994657434,-0.0990903108820595
321,"heggarty2024",-5.84441944982407,0.20717296209304,0.0224051600887664,0.0102295053219154,-0.0167165709740989,-0.16257243101022
322,"heggarty2024",-5.92694094151063,0.277877313312591,0.0406209011779257,0.0373307999757052,-0.182934321512566,-0.159319377239035
323,"heggarty2024",-5.94323170143464,0.122252483772399,-0.0504833645581097,-0.158637547095079,-0.00490264461974545,-0.10758019726775
324,"heggarty2024",-5.8112634667812,0.219918217995133,0.255354654378854,-0.0731147260379988,0.148892915633685,-0.079817291919452
325,"heggarty2024",-5.80202044600691,0.0238425088853171,-0.105763447764488,-0.0873432049858819,-0.102984583906347,-0.302262112933493
326,"heggarty2024",-5.81717875228305,-0.186957093310774,-0.24615896273078,-0.02883530442768,0.0991930917530264,-0.164783583308059
327,"heggarty2024",-5.71358470842442,0.130155930032698,0.071493427619744,0.0260834966620149,0.0184109706748884,-0.0101586139901364
328,"heggarty2024",-5.76888034123128,0.0281308240901593,-0.124261687544864,0.023524127888002,-0.00560878876479689,-0.129753758606827
329,"heggarty2024",-5.80040297705048,0.0742559396504078,-0.0167237933464321,0.00720464843577738,0.00615349385052521,-0.121019249675448
330,"heggarty2024",-5.8232812033438,-0.00908621250883348,-0.303071878365685,-0.0788236574721612,0.0286063604461277,-0.0845088916061485
331,"heggarty2024",-6.00934543049479,0.101109349994336,0.0456901075905927,0.180968122864581,-0.111007891575148,-0.0663423701366793
332,"heggarty2024",-5.90021329722175,-0.0149353627142721,-0.141066593533585,-0.00612191546180881,-0.0402948623828677,-0.19106122394302
333,"heggarty2024",-5.86728807665611,0.121630867765856,-0.0445024743697277,-0.0728156940115134,0.0208210146413108,-0.0874703643553362
334,"heggarty2024",-5.69994931784377,0.104091842444148,0.0201358055541747,-0.0665468126402806,0.0506855915759656,-0.140927860696142
335,"heggarty2024",-5.76029778365375,0.201467171699013,-0.0281448312865196,-0.0375732499737359,-0.0567163920354162,-0.159342093515042
336,"heggarty2024",-5.77536894271776,0.175686086735278,0.00252426621847832,0.134528484724883,0.0236358387072459,-0.0491075627391665
337,"heggarty2024",-5.84450706201582,0.280334088201776,0.025898219592314,-0.00665110996168607,-0.106204249344028,-0.164829374769007
338,"heggarty2024",-5.99316560581207,-0.0407967737695225,0.160281197817996,0.0414154533694492,-0.0749172000110162,0.0821513813470947
339,"heggarty2024",-5.82445139071543,0.30269292925687,0.0251229132723887,0.0144237871793466,-0.10230386120921,-0.0899869998581524
340,"heggarty2024",-5.7728502277777,0.129003208797493,-0.100958887903775,-0.0146602165450185,-0.111019375263514,-0.153125117131455
341,"heggarty2024",-5.78910634498271,0.429919407059242,0.164079917104958,0.0708993744425262,-0.0918142358315322,-0.00388578508745668
342,"heggarty2024",-5.67421754239133,0.145410657790749,0.0126944733158856,-0.0142435646592053,-0.0468890579199086,-0.219357675390191
343,"heggarty2024",-5.7609560589422,-0.136861677745239,0.044475034660969,-0.00316145157229001,0.129064208735461,-0.0201114652181493
344,"heggarty2024",-5.83082012445166,0.00366177742773284,-0.0313472335187194,-0.0859289553785628,-0.00939402540772792,-0.143446215314937
345,"heggarty2024",-5.72292161361829,-0.00019723389247231,-0.0695187779919686,0.0884079729931854,-0.066511890014177,-0.109269798283857
346,"heggarty2024",-5.77891845774675,0.117400034815309,-0.106908076485753,0.0150869484538935,-0.065956559392593,-0.097229326817559
347,"heggarty2024",-5.80239039306132,0.26910969420758,0.0449210992578106,0.0607231048252252,-0.218611475058011,-0.15903328922484
348,"heggarty2024",-5.67691039040582,0.0345817118860471,-0.154584025023114,-0.0835084335542325,0.0140637358311581,-0.193656414675309
349,"heggarty2024",-5.80836624060981,0.0757015666077459,-0.374861576376859,-0.0376950745173685,0.0424155968569981,-0.0496765846354566
350,"heggarty2024",-5.73726541625234,0.159238924743228,-0.143243997270415,-0.036701787389007,-0.00579726438610517,-0.154025970796906
351,"heggarty2024",-5.82832848723109,0.192407307290581,0.00637908512173018,0.0151804203725556,-0.0500858852633072,-0.0724371792999243
352,"heggarty2024",-5.88209690069438,0.135780655541198,-0.164761193444149,0.0659066624836497,-0.0687099437554151,-0.129493792711299
353,"heggarty2024",-5.82698055219694,0.254730304745328,0.0494816547900737,0.0392593474103921,-0.152881512800017,-0.134510517691295
354,"heggarty2024",-5.83074963149045,0.060818010089818,-0.113165314592055,0.0244433135533139,-0.0499381023808167,-0.123300677811731
355,"heggarty2024",-5.82821007620588,0.17101028758126,-0.109489650991087,-0.0598201858154157,-0.0391739588592541,-0.219168079066093
356,"heggarty2024",-5.7700019771683,0.114045899701234,0.00733195597117092,0.0540234051248405,0.0162953949893505,-0.109993303267592
357,"heggarty2024",-5.72621784385983,-0.127475074672834,-0.194817520752046,-0.0138873296782052,0.122185900553991,-0.0862023305442986
358,"heggarty2024",-5.79609320950997,0.174338370682371,-0.039755904162767,0.00908985734955227,-0.111851037550808,-0.167824353105516
359,"heggarty2024",-5.82647524207014,-0.00237863271226862,-0.0780927612274114,0.03048277938339,-0.0177106818867279,-0.0875017182077322
360,"heggarty2024",-5.88071999820333,0.0644197029078366,-0.145307993308453,-0.0280460093831906,-0.0296318288432923,-0.186006371543473
361,"heggarty2024",-5.98783704457423,0.203449355783266,0.138311115949904,0.0815001071173996,-0.0620047069144922,-0.204403297342763
362,"heggarty2024",-5.90722275011253,0.0907400775424178,-0.0962773244869345,0.0238479378632098,-0.00875496644922338,-0.140948280020637
363,"heggarty2024",-5.45855912262402,0.00234217788381342,0.00169877107159116,-0.00258926960776202,0.0795122889818716,-0.182050735103886
364,"heggarty2024",-5.79098026742073,0.0121695420046349,-0.0476419561740013,-0.0223287220226197,0.0267015190180904,-0.191992539297326
365,"heggarty2024",-5.90948227840024,0.224545374543809,0.0427595431746186,0.0243388107994856,-0.0268319368703647,-0.0471772834780783
366,"heggarty2024",-5.81086501822285,0.214447003917709,0.156431824334844,0.0375888590641808,-0.134361303924448,-0.23724854368714
367,"heggarty2024",-5.74752700397592,0.456785154617748,0.130644014401984,-0.0703678193090118,0.0232442239259277,-0.201517032692408
368,"heggarty2024",-5.80678842968109,0.117295325684799,-0.101112373316359,-0.0203203102338413,-0.00968873721727422,-0.281071200434481
369,"heggarty2024",-5.85410163515341,0.1644086670964,0.0184775797315928,0.0384107425895716,-0.0139983459878423,-0.130524061188628
370,"heggarty2024",-5.86639490826421,0.200324028154983,0.0481445104887161,-0.0849872971763416,0.0569460325527236,-0.142221720618831
371,"heggarty2024",-5.88469856141181,0.142195179633014,-0.0200990164226819,-0.0110005004700357,-0.120865191947621,-0.1235080015145
372,"heggarty2024",-5.84797605278499,0.110970284611026,-0.0119618628111021,-0.0844587094421043,-0.0642754261483656,-0.0851387310478656
373,"heggarty2024",-6.03208803265797,0.211085086385771,-0.15384874810855,-0.0851589188015808,0.0903869959051949,-0.121098686693271
374,"heggarty2024",-5.79012240728186,-0.0802865681714343,-0.1968158605107,0.0474541360676259,-0.00612598478858343,-0.174002577682141
375,"heggarty2024",-5.88272227185878,-0.0584625978202825,-0.0108878433357437,0.0223782357568018,-0.0710985008970906,-0.0726446400816736
376,"heggarty2024",-5.91259381850036,0.0495917523345655,-0.101855075099656,-0.0792604285729804,0.0265546172055165,-0.163013923647656
377,"heggarty2024",-5.81199219718583,0.157972811397289,-0.0878187551935778,-0.00443698792404678,-0.106228241207525,-0.113762000238749
378,"heggarty2024",-5.73624250057973,0.104076852825785,-0.0572994408098968,0.0174947582222343,-0.0126566698816835,-0.15967488913837
379,"heggarty2024",-5.71211968739396,0.105618716496439,-0.143401902731134,0.0347524662547377,-0.21971820288587,-0.268134914558508
380,"heggarty2024",-5.94029362286467,0.0770206950340846,-0.175351944646311,0.132063840636669,-0.0209587134308209,-0.229986500250434
381,"heggarty2024",-5.99742226770469,0.181777226062041,0.0248137148872555,0.0671268197457387,-0.0857800875105506,-0.0856776411267078
382,"heggarty2024",-5.81799304681357,0.0426869051108011,-0.0624237004856526,0.0588154098348535,0.054056726618252,-0.0543437044246724
383,"heggarty2024",-5.8746196145156,0.341431941123993,0.158189981515131,-0.10717641606733,0.0071531328256777,-0.0366699913704299
384,"heggarty2024",-5.72168444322621,0.0202885777749992,-0.142952430023558,0.00373403089365897,0.0388896516567788,-0.132814073610365
385,"heggarty2024",-5.79574220420587,-0.0472956127374561,-0.174089713758839,-0.0566392603212324,-0.0137745306788816,-0.128439199130086
386,"heggarty2024",-5.74802848168873,0.0115131185985386,0.115743124358703,-0.00373918791627219,0.00801931972450704,-0.089948224201386
387,"heggarty2024",-5.85245844993092,0.329562433346177,-0.0275545708360428,-0.000260793948375925,-0.144569699696669,-0.087301126790435
388,"heggarty2024",-5.84296997549955,-0.0710370295931083,-0.206997846186953,-0.0140856309664039,0.0580826920265679,-0.114412467338009
389,"heggarty2024",-5.66494331284653,0.164628546522168,-0.137472859228331,-0.088262824221028,-0.101390665074307,-0.274947427746108
390,"heggarty2024",-5.97849268545893,0.130673646274101,-0.169988239141617,-0.0399559179177319,0.00853902132069976,-0.131663488962822
391,"heggarty2024",-5.81054010014303,0.241828951147551,0.116451628488659,-0.0609658240745432,-0.160357186801686,-0.169121212570598
392,"heggarty2024",-5.89173126122946,0.195021885023159,-0.0345253913127178,-0.0309124183938996,0.0456783342069784,-0.0465183845224156
393,"heggarty2024",-6.03097373700471,0.343473030577648,0.0862871316225055,-0.108042017862332,-0.0857155857142778,-0.0178306699422433
394,"heggarty2024",-5.94524939157827,0.14266117634577,-0.0722324560256322,0.0929249945690182,0.11818706191883,-0.252488470096755
395,"heggarty2024",-5.68811871563893,0.135599924591737,-0.0877894789935857,-0.0633025516760754,-0.027294214630531,-0.0882441396215599
396,"heggarty2024",-5.72993551705367,0.137875515571276,0.0359219718154456,0.0169445995726296,0.040149067401426,-0.161719169106928
397,"heggarty2024",-5.91322886586306,0.410295202240401,0.00924584360215014,0.00678619617405968,-0.04760732565545,-0.352780614081309
398,"heggarty2024",-5.81781159996956,-0.0366770541280987,-0.0241821279052456,0.0533817966884526,0.00656621006644111,-0.169522098678431
399,"heggarty2024",-5.84445037407584,0.520514837094839,0.132117408387181,0.0828424914244815,-0.136055954314937,-0.0180877284431507
400,"heggarty2024",-5.80243718425973,0.0335882758669188,-0.313128597060339,-0.122780026364671,0.055026840312661,-0.190542746156927
401,"heggarty2024",-5.78787559597927,-0.0847048198545239,-0.237061051717381,-0.0969843738432696,0.0651033329320732,-0.0716745652139025
402,"heggarty2024",-5.78961246583067,0.0321408127610716,-0.18594995607574,-0.0456251882453061,-0.0685602486286298,-0.205230512377506
403,"heggarty2024",-5.67389526710046,0.186719505968725,-0.047274666229599,-0.0373529158417575,0.0483191072079347,-0.16827402058181
404,"heggarty2024",-5.81242717181973,-0.103810173316722,-0.338253701998708,-0.112470659979313,0.0509357300397454,-0.168362734968513
405,"heggarty2024",-6.03259644921761,0.34375697089666,-0.0340085731808834,-0.010204714227054,-0.0799192599994021,-0.189138484884009
406,"heggarty2024",-5.8097059062462,0.199415053258331,-0.0276330671203523,-0.0392276869244061,-0.0802963166219357,-0.160242944532551
407,"heggarty2024",-5.78327689184335,0.422863050514142,0.248091779893842,0.17453604963879,-0.147636096399706,-0.217894265667083
408,"heggarty2024",-5.94071186561128,-0.0812092779733021,0.0493157721245788,-0.0111009883445494,0.0649028707451285,-0.0446363595960811
409,"heggarty2024",-5.752160404214,0.186751701504269,0.132509350445214,0.170344911878386,0.0913057577131797,-0.103280283291458
410,"heggarty2024",-5.85201104702333,0.154428230396893,0.0130473900879629,-0.0320106648692573,-0.00551668784673184,-0.127802725318331
411,"heggarty2024",-5.92229824149743,-0.0485707464953269,-0.139852486284769,-0.131529301077356,-0.00301093257194835,-0.11160194531935
412,"heggarty2024",-5.61986077689187,0.0217226098274652,-0.0466445815751471,-0.056441781666636,0.00746955047356324,-0.211017320442241
413,"heggarty2024",-5.73817485472175,0.0257865854467048,-0.188350495528081,-0.0605068454537519,0.0938977332208041,-0.105582004626426
414,"heggarty2024",-5.76716242007027,0.13518506657887,-0.0367689161723128,0.0430380836368417,0.0272014145371256,-0.120136205207573
415,"heggarty2024",-5.74463432613425,0.0985637045306418,-0.0754578728170771,-0.0558988504373907,-0.013759321159738,-0.0920158465172014
416,"heggarty2024",-5.76116490674085,0.129649273752278,0.101130579742232,0.15655428844908,0.0247148011569629,-0.137012796691979
417,"heggarty2024",-5.8399172393764,0.12403535970061,-0.0773810057445031,0.0093883278908083,-0.0312888705631692,-0.124972998369363
418,"heggarty2024",-5.8959208566666,0.0899604535417823,-0.0311558462614603,0.00309423182798196,0.0356297568880712,-0.139749173998594
419,"heggarty2024",-5.80771972313619,0.14216123638121,-0.0258898533843042,-0.00304489621048123,0.0488372380280686,-0.0936304818431537
420,"heggarty2024",-5.75584506940622,0.0720899759010756,-0.052804826197819,-0.0314591167097757,-0.0731744869082968,-0.144128430976121
421,"heggarty2024",-5.79375475268965,0.273673905426873,-0.000112758444045666,-0.0383736384585774,0.0577191059379355,-0.171722035903726
422,"heggarty2024",-5.78277228569228,0.234949248138711,0.0405687679241046,0.0739151913646859,-0.120388456032782,-0.17726973185895
423,"heggarty2024",-5.90560394208636,0.172298986643163,0.0732483491929546,0.024167938320168,0.04101449247559,-0.117159117350978
424,"heggarty2024",-5.89341084693606,0.237709008570468,-0.036230963260721,-0.117984329665747,-0.142285098531964,-0.237684249910381
425,"heggarty2024",-5.84917176133553,0.0401812856362783,-0.229783788005084,-0.0451051572419778,-0.0308858355387422,-0.239440718598565
426,"heggarty2024",-5.81187910198447,0.283523834240282,0.231960265313221,0.0734439082417186,0.0185756047333152,-0.0117900653480978
427,"heggarty2024",-5.78853799343913,0.323867886278377,0.0587585772459586,-0.161141855040525,0.0809696958407066,-0.032416478028112
428,"heggarty2024",-5.7997296617929,-0.00201435000490382,-0.151940445565552,-0.0522914842153863,0.00346832444543065,-0.181852608866271
429,"heggarty2024",-5.98987190465895,0.0876800045519188,0.0463468749844804,-0.0963222218553564,0.140888035554416,-0.00177177745734662
430,"heggarty2024",-5.82813835614298,0.11248912523697,0.283874400258535,-0.0848001131586995,-0.0197605659994576,-0.0995927640814935
431,"heggarty2024",-5.81442976609737,0.235620646778479,-0.00833104150894996,-0.0901129235135753,0.0120808860043445,-0.112730342165684
432,"heggarty2024",-5.71810126792218,0.00973440854695662,-0.170502656862231,-0.00119146287544648,-0.0792390110226734,-0.233948411664254
433,"heggarty2024",-5.83292450769516,-0.111186045227302,-0.211580919238068,-0.0301579463027646,0.0132406120498685,-0.105245075871676
434,"heggarty2024",-5.98158474408719,0.224161620608372,0.069143464059318,0.0586624132912017,-0.00595402224117332,-0.123394681880483
435,"heggarty2024",-5.87649857420024,0.0492896168945191,-0.0961438569075551,-0.0565166844524076,-0.0312229194385472,0.0453931576619666
436,"heggarty2024",-5.86640354126292,-0.00445279644910885,-0.190345729546122,-0.0126060154664194,-0.0919266542127233,-0.138958365700044
437,"heggarty2024",-5.69353380580556,0.121912704353338,-0.164827746192383,-0.168817425479454,-0.0553317243486591,-0.260481440685995
438,"heggarty2024",-5.86295576341155,0.174485813306692,0.00296022115777595,-0.0336496667927256,0.0118607970174276,0.0167944124024433
439,"heggarty2024",-5.84168885310589,0.145353474394602,-0.191561926602169,0.0209457664977208,0.00544202334727872,-0.134061259752582
440,"heggarty2024",-5.82623888682316,0.423253797814813,0.227843159113232,0.0290146380919394,-0.00942236856985135,-0.089698312364188
441,"heggarty2024",-5.83687263157257,0.0725611373404079,-0.315080613165153,-0.16020507801351,-0.153713445256163,-0.270093983661184
442,"heggarty2024",-5.81005960632462,0.215734335198482,0.0329181092156824,-0.0551747246519769,0.00714492378974922,-0.167202011141988
443,"heggarty2024",-5.72431229167212,0.265494245317399,-0.0276660591919982,-0.0600853681061581,0.0137737679695395,-0.141901098548576
444,"heggarty2024",-5.91102859086906,0.227302586457401,-0.0859854643494368,-0.0230156999026416,-0.115498737733889,-0.0986600943165876
445,"heggarty2024",-5.80387430209233,-0.181239667695505,-0.241957430343328,-0.0466360246969148,0.00694207950187005,-0.0273318973410538
446,"heggarty2024",-5.83931333721057,-0.0223485338368099,-0.0366339531798038,0.0893970089174397,0.040730774669831,-0.106240503260813
447,"heggarty2024",-6.02218783787864,0.197179727270312,0.0280008484834082,-0.0154187713978002,-0.0400992142994658,-0.178912851704757
448,"heggarty2024",-5.82268893707574,0.0783513035902566,0.0685992707535033,0.0374682269159716,0.0503178649396969,-0.053761635300545
449,"heggarty2024",-5.82502515159163,0.0524210223640465,-0.224719960774219,0.0688580993432865,-0.166154373534316,-0.209207811747252
450,"heggarty2024",-5.93975490293019,0.107086252948369,-0.0526162132765037,-0.0434747424647954,-0.084582636093006,-0.166611662500055
451,"heggarty2024",-5.75343023317006,0.185598355898947,0.199789259364942,-0.0120689144945206,-0.0542493714823417,-0.0181209841842821
452,"heggarty2024",-5.86034744525611,0.0975745427511027,0.0223074699816124,-0.00143326563259561,0.0320148769122648,-0.141208217746756
453,"heggarty2024",-5.82240028949923,0.181384402897806,-0.0629670805975237,-0.0815861362049401,0.0128856937699917,-0.111005625767913
454,"heggarty2024",-5.92569689942127,0.133270456906178,-0.0303875121264704,-0.0666423581010818,-0.0233007616238692,-0.307204670135855
455,"heggarty2024",-5.94689282119017,0.165247533988803,-0.202949311086488,0.0122095809486784,-0.157975336095694,-0.171050325440589
456,"heggarty2024",-5.87413946788664,0.11991540999487,-0.200924456003618,-0.124011423897572,-0.0793628829988184,-0.12799996330856
457,"heggarty2024",-5.84394003008688,-0.019150051821597,-0.0347946331669628,0.198048034537072,0.0482585361895417,-0.187204236087962
458,"heggarty2024",-5.99046161886958,0.122330570891641,0.0408045226207308,-0.0340142110640123,0.189701454509379,0.0125951475322839
459,"heggarty2024",-5.89613699024222,0.18277248001158,-0.0676524032514757,0.0720654517629835,-0.0696125696074074,-0.165610116277663
460,"heggarty2024",-5.76979950578577,0.0150902847900023,-0.109507417694251,-0.0559596162055044,-0.00572853835596663,-0.0696970256165559
461,"heggarty2024",-5.97696892933581,0.183652346966058,-0.0349949609586402,0.0429325820017927,0.0187036828301126,-0.129701724639803
462,"heggarty2024",-5.83198826339488,0.170848821491118,-0.0529306834136693,-0.0748259517078056,0.103215465906062,-0.175458244736964
463,"heggarty2024",-5.70152460311117,0.345380734915368,-0.0207139138065616,0.115891098844592,-0.100432078834744,-0.157712734722422
464,"heggarty2024",-5.50407338015374,-0.21696868771653,0.0396975945513501,0.0161965834228983,-0.0325024308624645,-0.172939503488629
465,"heggarty2024",-5.85212811550322,0.0878286790089029,-0.124778849287777,-0.0297900073352486,0.0211151000765742,-0.128924595532075
466,"heggarty2024",-5.87206103533055,0.196783932447284,0.137731582719923,0.0593888578102571,-0.00654177202954655,-0.0210875706553549
467,"heggarty2024",-5.87599562128797,0.105668724287787,-0.110608738937046,-0.055691705402374,-0.0647414957821411,-0.255661065028565
468,"heggarty2024",-6.04992100458878,0.1483403955793,0.0686197484720576,0.152747405488153,-0.0407320793346367,-0.113458583006765
469,"heggarty2024",-5.88486773319059,0.026615223123918,-0.321998730331643,-0.205164232682145,0.0331114550991084,0.0112293760338149
470,"heggarty2024",-5.9362139639249,0.157808334759376,-0.0694218449211589,-0.0838361493777091,-0.0301667313066744,-0.0970427512674864
471,"heggarty2024",-5.72574798706099,0.146559651808113,-0.156726502891522,-0.171365839209606,-0.0721394281717605,-0.215138443560976
472,"heggarty2024",-5.9076893140654,0.299658569237643,-0.136947134560496,-0.170128458918462,-0.0949084388765891,0.0257871967502894
473,"heggarty2024",-5.71127904863991,-0.0115295292371473,-0.207112052307955,-0.0706340825803939,-0.0922998887512648,-0.230021763980825
474,"heggarty2024",-5.78415060151811,0.150932141625715,0.11141204144201,-0.0381585351385077,-0.0921577761714831,-0.0249480063602695
475,"heggarty2024",-5.8621579998446,0.304754018104191,0.116238004974845,-0.00318743198235055,0.0206313060581961,-0.149847837176419
476,"heggarty2024",-5.85525728102473,0.282740215836879,-0.0172520541839215,-0.0499842967947145,-0.0646009047788923,-0.0828789527973055
477,"heggarty2024",-5.75886607678381,0.125752832653305,-0.0618901514812979,-0.0139322453427211,-0.0437011320050668,-0.103307091675958
478,"heggarty2024",-5.82215656509144,0.124514878916195,-0.0383116928001685,-0.0353693999850198,-0.0278250354304121,-0.183026776478577
479,"heggarty2024",-5.81854528799722,0.202714582002898,-0.0358387580290598,0.0694164141630207,0.0409933176189203,-0.0648571288659118
480,"heggarty2024",-5.67775964444299,-0.15574319253609,-0.248855799300398,0.0377986569662143,0.0702108047131083,-0.0726567558882231
481,"heggarty2024",-5.81478083654676,-0.0659444067824407,-0.068998685072308,0.0892897547738009,0.163663152078653,-0.162919444896472
482,"heggarty2024",-5.76468251670617,0.292637123845379,-0.0608676434836687,-0.102404685034816,-0.0827764586206619,-0.21225937021139
483,"heggarty2024",-5.87728941664118,0.150456726949195,-0.0520839933248833,-0.0287160268898095,-0.0420128526512522,-0.15387945388297
484,"heggarty2024",-5.71708200499397,0.14441031253102,-0.27501472669848,0.041744847291695,-0.140867278685418,-0.162543089899742
485,"heggarty2024",-5.95193356117944,0.121639061502803,-0.193451567605824,-0.0198804487859357,-0.0182328055480623,-0.0443102208125534
486,"heggarty2024",-5.74070892406031,0.29120886934465,-0.0790000518797197,-0.11065542253812,0.0140289164892403,-0.28435560457932
487,"heggarty2024",-5.51109097194256,0.287523783040088,-0.0719360584064994,0.0443835375189829,0.000414179437074932,-0.114072783739579
488,"heggarty2024",-5.94439330121994,0.189440880806149,0.177595555661498,-0.00458415307281521,-0.0105082418920661,-0.142573683180992
489,"heggarty2024",-5.85010558634482,0.124454666854962,-0.0468847455257196,-0.0434521145275866,-0.0496151783307812,-0.153511013106644
490,"heggarty2024",-5.92242193846794,-0.0181838208328448,-0.214141518825916,-0.0853585645705674,0.0848984635255051,-0.0708322368450522
491,"heggarty2024",-5.85540788783748,0.249746803655289,-0.00317828182429279,-0.0720307046207145,0.00487845199744241,-0.151708376211648
492,"heggarty2024",-5.89593768477191,0.0674998069006975,-0.0668608666226973,-0.0127798979625834,0.0963386991164422,-0.0657208451658079
493,"heggarty2024",-5.7703751351131,0.276488637332414,0.14980986110233,0.0567358945896378,-0.0693157957050571,-0.173089710929308
494,"heggarty2024",-5.79629726165711,0.0601545105186266,-0.0188349775159572,-0.0589760948570904,-0.0193840771043281,-0.0876933317298446
495,"heggarty2024",-5.8205213248959,0.0184754106045175,-0.00966189468952577,-0.00975283301327262,0.008207413831927,-0.00644421114358154
496,"heggarty2024",-5.69612159742809,-0.0458296431799246,0.000290861702678969,-0.0044097375112247,0.21970940604094,-0.0472716679723794
497,"heggarty2024",-5.6876798304263,0.118247419138118,-0.183999296572647,0.0333711886252655,-0.025389514870467,-0.110801236556841
498,"heggarty2024",-5.71642144102616,0.144170623808078,-0.0560016346245982,-0.0934599536256864,-0.0222577124464787,-0.364285643109591
499,"heggarty2024",-5.91953624690141,0.207258368384054,0.0827477314862633,-0.0646966035699007,0.0862473902732642,0.0671583154147322
500,"heggarty2024",-5.98157453143908,0.232223586986983,0.126639198303537,-0.0837936178909823,0.100579559406627,0.0456823832065901
501,"heggarty2024",-5.8258944159289,0.159637018810658,-0.0453981602074899,0.0448168332246173,0.0569154015687006,-0.106723391419497
502,"heggarty2024",-5.89255525676646,0.115700680637205,-0.035218717105685,0.0865579589199296,-0.108979863971542,-0.0570115151770182
503,"heggarty2024",-5.75891641612066,0.19973214622895,-0.0450613619796536,-0.0598270435626439,-0.0300705287027306,0.0166360665511907
504,"heggarty2024",-5.81956234580558,0.174235316587956,-0.0297431830534709,-0.138043349842737,-0.0128277629408291,-0.116575573123124
505,"heggarty2024",-5.81938536995043,0.173279650779101,-0.200268559636017,-0.00176318815077134,-0.073624680812349,-0.14694829730624
506,"heggarty2024",-5.9082308429223,0.139017159637163,-0.0861625466368525,-0.003684878079852,0.0356988035390392,-0.078000219939633
507,"heggarty2024",-5.85122181296309,0.274258174259108,0.103702713041607,0.0823892316691736,-0.0380005206139085,-0.0354436001379238
508,"heggarty2024",-5.84104214595803,-0.0486605621674731,-0.149729946599484,-0.146014506372011,0.208361940778527,-0.0853944412564812
509,"heggarty2024",-5.85465621924185,0.153867145870055,-0.0512707879832161,0.0787293174153974,0.0170837379084019,0.00228900590452431
510,"heggarty2024",-5.71236864510009,0.0210724048132042,-0.268879101614803,-0.149337283631744,-0.0546092462579545,-0.243419407849464
511,"heggarty2024",-5.86071279747971,0.292544965739076,0.167110871151354,0.0597385245995372,-0.0798215827847095,-0.0694813167536541
512,"heggarty2024",-5.89267766812615,-0.0066112088601254,-0.264574103729037,0.0777886383278076,-0.0765676872908179,-0.108853800491972
513,"heggarty2024",-5.84800479392011,0.163627929477323,0.0879124790693473,-0.0152475304609819,0.0526144673450918,-0.00110458493969068
514,"heggarty2024",-5.85462708951072,0.212546569195427,-0.0220247061126719,0.00905133338014732,-0.0776933726848904,-0.124547358625147
515,"heggarty2024",-5.82230986310988,0.287183490270156,0.0501208377242269,-0.128619167668422,0.0235447349326303,-0.133666826211191
516,"heggarty2024",-5.94629044513286,0.217421708686241,0.0942290130115155,-0.00616407942297123,0.0671612275449771,-0.123548695592691
517,"heggarty2024",-5.77376480405152,0.145812257217785,-0.0644327396385416,0.0431348116314859,0.0653955293649446,-0.0487945242194753
518,"heggarty2024",-5.82402642972592,0.0274586871973054,-0.0463459722477809,-0.053790502467725,-0.0207245456992378,-0.244003397749464
519,"heggarty2024",-5.70190768017548,0.0899360489176357,-0.222388201575503,-0.101364835009961,-0.0476442179096497,-0.151848884715915
520,"heggarty2024",-6.0819540139734,0.107098098851891,-0.0567099622121209,-0.0624910809172984,-0.0523471525245186,0.0452225145423208
521,"heggarty2024",-5.85101228967356,0.264323971793864,0.111086671629583,0.0206822414478084,-0.0709462498906027,-0.137208883056008
522,"heggarty2024",-5.72836813732612,-0.0448502044441227,-0.0600931917777184,-0.130352003175199,0.0069324472864175,-0.153193088435453
523,"heggarty2024",-5.74685167700264,-0.0899872383952354,-0.109311014187598,0.0926385942582004,-0.0680521989704353,-0.119514215058005
524,"heggarty2024",-5.85846042135094,0.273243694933406,0.149596831556036,0.00403338168011949,0.0689180728636315,-0.123164388182792
525,"heggarty2024",-5.86460688478573,0.216734405301997,0.0128620549431077,-0.0431982742095413,0.0770703241143972,-0.0991536205392735
526,"heggarty2024",-5.79891695955517,0.0639617749785443,-0.238502678354203,-0.164357841097016,-0.0208851648169469,-0.120700933819028
527,"heggarty2024",-5.81644853012079,0.102778608364025,-0.0136747151553272,0.0940882117831469,0.00935104392927206,-0.0309636563364309
528,"heggarty2024",-5.99517713043842,0.257316842629806,-0.143867112712714,-0.0407234507367962,-0.0245750516200866,-0.133486282092496
529,"heggarty2024",-5.84150438669753,0.0965511256885466,0.160624748604043,0.0458950037800986,0.0876298798611918,0.00490072273386518
530,"heggarty2024",-5.92466099890078,0.104470735346226,-0.0264305169629915,0.0149833607288708,-0.0233980064652359,-0.105671216458517
531,"heggarty2024",-6.05831741427495,-0.0332726565489056,-0.00808741776574627,-0.145609593380164,0.0144974069955571,-0.0833910139878062
532,"heggarty2024",-5.98790606508899,0.0158967762917355,-0.207895354607676,-0.188411101645511,-0.108809571482171,-0.174558767361794
533,"heggarty2024",-5.87086145222353,0.018845595550242,-0.205675145184102,0.0357445791855428,-0.21575938182062,-0.260806763231942
534,"heggarty2024",-5.81516356941677,0.120257416348169,-0.0874450644903043,-0.0151019047065849,0.0227671043865275,-0.0307769612332444
535,"heggarty2024",-5.90388426917759,0.0729455920597536,-0.0259864808055168,-0.0686098391381221,-0.0483426026224551,-0.181910099022287
536,"heggarty2024",-5.89219321004901,0.0533067684305377,-0.0402542941156569,-0.0170001913286763,0.0093238980916936,-0.144369543125674
537,"heggarty2024",-5.75386902453379,0.382496928590611,0.243023573509739,0.0315909759810992,-0.10747571893744,-0.0826283153283205
538,"heggarty2024",-5.72077033724897,-0.0152684542615638,-0.103756224780865,0.104639632961215,-0.0175831437153791,-0.104768723208253
539,"heggarty2024",-5.95959570829201,0.284691026521696,-0.148543579933508,-0.0418558879700112,-0.127676409947384,-0.139628270727555
540,"heggarty2024",-5.83576174129322,0.0466645779329457,-0.169033060562677,-0.125829335210562,-0.100952057942842,-0.177206449849585
541,"heggarty2024",-5.7435973347808,-0.172004188140348,-0.295369883575788,-0.111188957668778,-0.0339359879812138,-0.157561548752663
542,"heggarty2024",-5.94035389007101,0.306673277670951,-0.0106658341064366,0.149183620070838,-0.072150376427622,-0.172388753181609
543,"heggarty2024",-5.88880444518571,0.0146924460616343,-0.0772657353287782,-0.0110575102628141,0.0327634983894067,-0.0890087469947752
544,"heggarty2024",-5.73909654858121,0.151756647554429,-0.00524091991617101,-0.0354736316693001,0.0212933028940207,-0.212299986291939
545,"heggarty2024",-5.68904401991418,0.134563954992346,-0.0801826289004407,-0.0120613924890033,-0.0372372487476392,-0.179778120200045
546,"heggarty2024",-5.88477977330542,0.161881085157707,-0.0267823332577563,-0.0210387197567526,-0.0420112129882479,-0.0998583597038303
547,"heggarty2024",-5.88993412397202,0.300723573627207,0.00584342669536241,0.154686693701648,-0.0428440072239973,-0.0780082377201032
548,"heggarty2024",-5.61380097196718,0.247533973486213,0.0686221919012325,-0.0921508110298227,-0.0857028279971663,-0.324832905958712
549,"heggarty2024",-5.81652193173969,-0.00345044206669056,-0.239747872927494,-0.0545256165484469,0.0390408531045975,-0.247062096705996
550,"heggarty2024",-5.8252298071262,0.144533679510656,0.0691554989237881,0.0150844730323041,-0.0805832719824952,-0.0206506161235222
551,"heggarty2024",-5.88557843158585,0.146917938412343,-0.0603326228067888,0.031534215078048,-0.0925797721777639,-0.230920026709498
552,"heggarty2024",-5.81548533347023,0.475657063950817,0.122812097599765,0.0275249358591119,-0.134219134541411,0.0383809361722873
553,"heggarty2024",-5.87242784758294,0.207241740366539,7.49778212645741e-05,-0.0736294319739419,-0.0261285906823256,-0.283279793231906
554,"heggarty2024",-5.82338037424624,-0.0201033276081405,-0.407239354754425,-0.0754130125973591,0.0148984835990788,-0.114550851342387
555,"heggarty2024",-5.82879626945721,0.215168455272254,-0.0771821536292486,-0.0687437595502219,-0.00889617855348479,-0.111413993389962
556,"heggarty2024",-5.67108449961808,0.217515664325754,0.310957555652624,-0.0691988818531159,0.108058513610828,-0.126392342382974
557,"heggarty2024",-5.77986826096338,0.27029667562052,-0.0518883152230498,-0.153964559935068,-0.0975176806625878,-0.139959990231376
558,"heggarty2024",-5.73796564313927,0.0606724437903708,-0.0487306121905968,-0.0988058351386568,0.032929544632521,-0.113960897289126
559,"heggarty2024",-5.78147431137352,0.0900032923994245,-0.0741426769321211,-0.0421130375247489,0.0904331364547409,-0.161094502396656
560,"heggarty2024",-5.70664852067915,0.0331431845616369,0.0818187894670623,0.000421069466536264,0.0454957660446344,-0.0864934664580946
561,"heggarty2024",-5.86807016680797,0.0298998845703621,-0.157821968932755,-0.054202702084258,-0.0923656299675237,-0.133862383098841
562,"heggarty2024",-5.53650108979606,0.211201270630872,0.178410831330235,-0.165851984530381,0.107769957373075,-0.0351248921731853
563,"heggarty2024",-5.83951975868449,0.363967779137762,0.0236531087340968,0.0226762220383534,-0.0887961657274801,-0.183035394672359
564,"heggarty2024",-5.73450959379293,0.0704057155303594,0.0546472379366581,0.00805237250277578,0.00482718381417313,-0.142833727832076
565,"heggarty2024",-5.63987102605786,0.00564345327172864,-0.162820396356728,-0.136810227100755,-0.112253938215011,-0.118428674999651
566,"heggarty2024",-5.93643487256517,-0.0660985170283423,-0.0996880818937243,-0.16177526708909,0.0215082381977512,-0.231361557526792
567,"heggarty2024",-5.8290944746568,0.0457832220368601,-0.0465291003846577,-0.0289426878847974,-0.0702998039953845,-0.124408560313066
568,"heggarty2024",-5.84718404257399,-0.0207683764762808,-0.163302730896135,0.0591642483403781,0.031115662056936,-0.0642143650237248
569,"heggarty2024",-5.8719896932407,0.131336770839348,0.0222071310269682,0.00437418211215409,0.0638956698369959,-0.0359211742363686
570,"heggarty2024",-5.95137439040498,0.325892045898011,0.10126903298788,-0.0415434280730756,-0.104262318587207,-0.0803219160124633
571,"heggarty2024",-6.04196928342539,0.165162633161832,0.110652010270013,0.113455734538797,0.00360414633339027,-0.0341280404158881
572,"heggarty2024",-5.83104651437513,0.281934076678685,0.143093205023399,0.0770147439347337,-0.0625523643429926,-0.159139108977248
573,"heggarty2024",-5.95269743378496,0.313989071456904,0.0286365040381697,-0.215294821168234,0.0246070679396251,-0.0832654670808508
574,"heggarty2024",-5.74024301071783,0.066657368797574,-0.163941787903733,-0.13431035290721,-0.216269810495195,-0.271954344907953
575,"heggarty2024",-5.95786261796426,0.198024633818805,0.0709016993580654,0.0220695021517627,0.00591746345017356,-0.0878355471374145
576,"heggarty2024",-5.98749720673441,-0.016992512998871,-0.145209406703666,-0.0594711282633321,-0.0766510786904754,-0.205803704528118
577,"heggarty2024",-5.82571685727883,0.102472321653598,-0.108210738779768,-0.0414476111637097,-0.00102654543863821,-0.0844656440388501
578,"heggarty2024",-5.84387438720033,0.0421954745565626,-0.0400855316398283,-0.114333753905635,0.0679110699809001,-0.0508071704332314
579,"heggarty2024",-5.79220157560545,0.171208492696267,-0.138883270031006,-0.0826452940520215,-0.0729631967569188,-0.0664490872603045
580,"heggarty2024",-5.96637329072841,0.224341734791938,-0.0584319024063336,-0.134322870976829,-0.0170972218839515,-0.120248489969729
581,"heggarty2024",-5.74136677158429,-0.168958232068622,-0.180416524622366,0.0132065648561305,0.00782306972704407,-0.0270565836244307
582,"heggarty2024",-5.84442064666516,0.189096472721973,0.135234927883681,0.0846890600821461,-0.0321746211057308,-0.0692823395567938
583,"heggarty2024",-5.84155771255466,-0.0643978072815278,-0.239623417225044,-0.0186640200824237,0.0344628151865859,-0.207266456242274
584,"heggarty2024",-5.8359547403486,0.0236745408089894,-0.205825276993744,-0.172110433478949,0.123853797370381,-0.0221588429442023
585,"heggarty2024",-5.77513052613074,0.18461945148336,-0.02393903324544,0.121818732503629,-0.0907268454104474,-0.157817851412309
586,"heggarty2024",-5.88437194892332,0.0513273868500424,-0.144965254469933,0.135825569396764,0.00781052993798889,-0.0913621753038921
587,"heggarty2024",-5.75004719885832,0.252740080788395,0.110196575471422,0.0416373396260613,-0.121248158601231,-0.18010994335655
588,"heggarty2024",-5.72128384052823,0.014134459419955,-0.22089898981986,0.0272137941413973,0.108173726690327,-0.0683267816168505
589,"heggarty2024",-5.83773299364624,0.0842195669116873,-0.157376280425747,-0.137559404047247,-0.0319937388560738,-0.321297698509629
590,"heggarty2024",-5.94734909609524,-0.00572409811461725,-0.162576630060986,0.0325647946113297,0.0350518994005479,-0.179737554963726
591,"heggarty2024",-5.82092962336117,-0.0439530437721629,-0.238335667093831,0.0937499492673712,-0.0722714706694415,-0.169081585099168
592,"heggarty2024",-5.89738799922025,0.274864699621178,0.0145320060633567,0.0780833093126134,-0.034041284488823,-0.0446401448640013
593,"heggarty2024",-5.96821159689133,0.0575169283601841,-0.177346627984988,-0.0551571940409825,0.00437947328191701,-0.145006930991224
594,"heggarty2024",-5.80243994619526,0.106928562092455,-0.121207261570954,-0.0208781900561981,0.0227999814424042,-0.100911314340304
595,"heggarty2024",-5.89946841096162,0.174630355052022,-0.0635081189128873,-0.0876263407241841,-0.0842264037238357,-0.228760162743918
596,"heggarty2024",-5.86346530731574,0.0592717304567847,-0.166250402122528,-0.0810664396502042,-0.0344893068103011,-0.101109032938733
597,"heggarty2024",-5.61973025908345,0.0591943528854107,0.0169979009496423,0.00835655760617913,-0.0659832393344243,-0.233134421704808
598,"heggarty2024",-5.62151529956564,0.044167898972499,0.0523991815356776,0.0163902091850963,0.00284765680081765,-0.180177490875854
599,"heggarty2024",-5.89334140090928,0.214679396719185,0.0162021932783317,-0.0233163725055173,0.0502926772979757,-0.0123269352413003
600,"heggarty2024",-5.68282374892527,0.281069401085496,0.175119559802612,0.168035654451072,-0.303863865977233,-0.106693057530064
601,"heggarty2024",-6.11778008486726,0.0926964573488334,0.00739317640933168,-0.0595165814235522,-0.101113929067511,-0.180000675038747
602,"heggarty2024",-5.87764893151626,0.100505906635376,-0.188298490881974,-0.0172177510152269,-0.10904287435255,-0.206221082775318
603,"heggarty2024",-5.84694459507962,0.116152292885728,0.0397305593549302,0.0265247502507253,0.0635001255413621,-0.0765591652996637
604,"heggarty2024",-5.81118633533152,0.323052604446583,0.129493461768989,-0.0312998321838042,-0.0455978465937672,-0.029350532353177
605,"heggarty2024",-6.14972699778375,0.0261269784421931,-0.112927622979078,-0.127501417293965,0.108413808048153,-0.0860471265791083
606,"heggarty2024",-5.79614222698823,0.125700011076745,-0.1786734503698,-0.068314265466421,-0.0636386693495594,-0.170924616803348
607,"heggarty2024",-5.67563282509675,0.133956483013941,-0.0713613710178971,-0.0857913261397617,-0.00995242551350745,-0.0911974109442136
608,"heggarty2024",-5.95306623820621,0.18159613472139,0.0141344929361998,-0.0646190325052957,0.142513957359463,-0.11034040565405
609,"heggarty2024",-5.82614933606632,0.25024507514769,0.0643552723668655,-0.0819418509344076,-0.0668428909457349,-0.229788136113293
610,"heggarty2024",-5.70575412690444,-0.0128220064599771,0.0758941668270496,-0.0254513256271359,0.122258691591843,-0.108887118997912
611,"heggarty2024",-5.80494604452295,0.211248645729329,-0.0727715245459328,0.0100011220015019,0.011066795926014,-0.098916551169932
612,"heggarty2024",-5.82463673076258,0.11071156883882,-0.0975715314442385,0.0238382024360086,-0.051403198703529,-0.135458887436472
613,"heggarty2024",-5.81411781892328,0.0944815538682381,-0.103492699554393,0.0177602976824401,-0.0128727565594107,-0.150726143370449
614,"heggarty2024",-5.85264681154864,0.166802703614957,0.00419755646865954,0.094822610595522,-0.0663688772469941,-0.0219436199287756
615,"heggarty2024",-6.081237865051,0.00749593830241838,-0.357455419005002,-0.0990230506152344,0.0200102805050636,-0.34876424270074
616,"heggarty2024",-5.84653717265275,0.0726401372259544,0.0141159132883064,-0.00785217250657477,0.0950524637180628,0.0491130639520286
617,"heggarty2024",-5.81518006967678,0.46009092239998,0.0356059149434547,-0.0560734129314205,-0.0803067648665256,-0.245463838729366
618,"heggarty2024",-5.87183588771788,0.289934149368063,0.0579990126593264,-0.0865653084815643,0.0847814831410887,-0.0829833103527879
619,"heggarty2024",-5.84514472928254,0.00280218797185529,-0.042472661524987,0.0448570639779771,-0.0315017665994149,-0.13119032425014
620,"heggarty2024",-5.87728032825193,0.182332012545426,-0.0124669485177724,-0.129584993406982,-0.0274205935321061,-0.103369630319846
621,"heggarty2024",-5.90979461244291,0.152784817313253,0.00535945309188054,-0.0444066939918267,-0.0299937057191266,-0.143130820199214
622,"heggarty2024",-5.87295942471244,0.0206109116395046,-0.119841568855788,-0.122983993858995,0.210865397163738,-0.0775449293221473
623,"heggarty2024",-5.880129443799,0.15012001962317,0.0387794097839192,0.00822678857604276,-0.037758958382714,-0.114911064581795
624,"heggarty2024",-5.9033104397293,0.0314120845771312,-0.130628417866005,-0.15883471526731,0.0473196714642743,0.0453945761513737
625,"heggarty2024",-5.61443110064675,0.153261962329054,-0.0903613230221101,-0.0781952288589295,0.0934724078853724,-0.112619092620466
626,"heggarty2024",-5.95267732451625,0.222316837401981,-0.032154400186649,-0.0650372927358232,0.0577066716139625,-0.123158910656548
627,"heggarty2024",-5.90588074714789,0.280332040996725,0.203306771112117,0.0743352624530794,0.0020444775064182,-0.0875262726354475
628,"heggarty2024",-5.73971560419554,0.209048495657675,-0.138351675231688,-0.0143515735934353,0.00283639873297779,-0.115972318835295
629,"heggarty2024",-5.74388765074019,0.394232196013765,0.0651261173622521,0.0757346254931077,-0.161057549291512,-0.222755046926878
630,"heggarty2024",-5.69352644653647,0.129037834896695,0.0515340874684389,0.0720905596565213,-0.014999442226032,-0.0273972486674382
631,"heggarty2024",-5.94454029350652,0.0289109219653235,-0.0382517984981167,0.0478772977245851,-0.00996286675091886,-0.0634402387217143
632,"heggarty2024",-5.81350228611564,0.0432197567338715,-0.245788163809358,-0.0385727451270542,0.0291699532801459,-0.215734833256328
633,"heggarty2024",-5.91938790557101,0.111258469214796,-0.0976838585370788,0.021563066431713,-0.0316831118908339,-0.0714433371318605
634,"heggarty2024",-5.58420198258876,-0.0424276199937872,-0.172599354700934,-0.018735314714359,0.111786708026687,-0.201302955893853
635,"heggarty2024",-5.73258648384123,-0.0485811667529109,-0.194923000466828,0.0203991466369122,-0.0622621757497885,-0.113463804504076
636,"heggarty2024",-6.00713626979766,0.118193928140807,0.36973746389966,0.159891085069041,0.101030356758963,0.317708737867745
637,"heggarty2024",-5.89137360210804,0.0857280098581076,-0.18214108018509,0.0134387587959432,-0.125945267485226,-0.043484053922772
638,"heggarty2024",-5.71560960390747,0.239348365901226,-0.0938126924127597,-0.127686042604157,0.0148571377010597,0.0528417479976939
639,"heggarty2024",-5.88663426029304,0.0711802051607929,-0.0224792865497971,0.00118799179219924,-0.0385383395802917,-0.0774730963861484
640,"heggarty2024",-5.66985187879696,0.130896092239505,0.0549611077411701,-0.0609898707587752,-0.0172090411265732,-0.175485990766303
641,"heggarty2024",-5.83271763488157,-0.0567122485450174,-0.259810382784397,-0.0759746660839181,0.0463333582296327,-0.0232202804726626
642,"heggarty2024",-5.7298016550107,0.013232141095086,-0.0769938381940489,0.00207209797805506,-0.0386318458974308,-0.185339776306479
643,"heggarty2024",-5.79867491049428,0.00450764326431357,-0.133544557554125,-0.0880510483541781,0.0403764107366666,-0.0118414953278032
644,"heggarty2024",-5.79113688325238,0.207719596700611,0.00397026557147549,0.010878480170398,-0.0170034306413986,-0.165974591547349
645,"heggarty2024",-5.8862068175989,0.102165808840513,-0.155503216130717,-0.121329157709949,0.114367655342209,-0.0660849418626443
646,"heggarty2024",-5.88167292104652,-0.0219776692322944,-0.246134022740684,0.0591947158621281,0.0151794564169499,-0.157744503007311
647,"heggarty2024",-5.76685493341828,0.00365303926739755,-0.169063304662655,-0.0134592435775196,0.0313506580579195,-0.195003234883526
648,"heggarty2024",-6.08135104114873,0.171071043017266,0.0124228282049472,0.0732856073714228,0.0137632994705153,-0.114831809311903
649,"heggarty2024",-5.82825994590244,0.0832152652895643,0.0223489137495679,-0.0853868333657572,0.127911388938547,-0.0578263001648947
650,"heggarty2024",-5.89476067248594,0.130543960939559,-0.153917879770253,-0.0814192818567352,-0.00408712453707043,-0.0738845986590343
651,"heggarty2024",-5.830115547766,-0.238127694835918,-0.351346010376483,0.0427962953602885,0.00501928078468906,-0.0493969161985582
652,"heggarty2024",-5.85167220404128,0.155441380371379,-0.130222704630806,0.00617299543616543,-0.0544967453383344,-0.0881960181946508
653,"heggarty2024",-5.94143883710121,0.175032453646473,0.0393376908013233,-0.0305925338167468,0.0395701351142368,-0.170582777951392
654,"heggarty2024",-5.6215399840999,0.0771108797027184,0.109652846681676,-0.0118184802481679,-0.1180280345225,0.036124704219298
655,"heggarty2024",-5.67817569354331,0.171410003782377,0.132233278187929,0.0740286468294287,0.00615001325388896,-0.173766631117989
656,"heggarty2024",-5.79320421124152,-0.00895217743214619,-0.0155085241381648,0.0153173426221594,-0.0499935532814021,-0.114448864423874
657,"heggarty2024",-5.76884815297915,0.0726202718803735,-0.00465039474526408,-0.123240823973199,0.0611409117179492,-0.0863591819619027
658,"heggarty2024",-5.92133109509364,0.23597350952302,0.110204711384831,-0.0441891768631783,0.0515633441979911,0.0308042148819442
659,"heggarty2024",-5.87253097006074,0.142588984265598,0.14352860071376,0.0959321449466244,-0.129658454005198,-0.11167829708421
660,"heggarty2024",-5.66528856309725,0.163674863520695,-0.10071765766389,-0.109434282259392,0.0574306570222975,-0.193110307127932
661,"heggarty2024",-5.94018364911039,-0.0236665134067934,-0.291054881550978,-0.0613818022592982,-0.157936247400353,-0.0231927658541234
662,"heggarty2024",-5.83533277365428,-0.0882829645118593,0.00900231602458725,0.00174560788513841,-0.0238599607777157,-0.165799092739884
663,"heggarty2024",-5.76407710376563,0.00982508674622401,-0.212107017497293,-0.0663537288014272,0.0754907339744972,-0.16622609781145
664,"heggarty2024",-5.93183884253897,0.255660107563108,-0.0448332406793895,0.0557956645222389,-0.143970891907698,-0.100851568415683
665,"heggarty2024",-5.76399141811221,0.100803861799353,0.169516568319226,-0.0817095395619925,-0.0026701886986437,-0.207032218602957
666,"heggarty2024",-5.84377222417231,0.0679738889179679,-0.131372949983014,0.143459640067806,0.0316798143310033,-0.077252179774714
667,"heggarty2024",-5.87517440866436,-0.00155104480164915,-0.182951685720626,0.00879837560633387,0.0791999838988503,-0.0499170507262079
668,"heggarty2024",-5.84792873380967,0.145366806042876,-0.100971614154485,-0.0218550449306664,-0.0449755071018888,-0.0708568926770541
669,"heggarty2024",-5.7430786173605,0.293189673826683,-0.198808329660226,-0.142822970632163,-0.118324437654714,-0.188996338853132
670,"heggarty2024",-5.83822983079708,0.127877068802018,-0.203272922076261,-0.110555285250181,-0.0709165014734344,-0.23016753239879
671,"heggarty2024",-6.09295055920404,0.11818488765445,-0.111706008625991,-0.0613091482982978,0.0533569291920153,0.0221050289680565
672,"heggarty2024",-5.79159728330294,0.286239235469694,-0.018728171590543,-0.0643180166629171,-0.131984488612834,-0.127418621547007
673,"heggarty2024",-5.59659267181775,0.00432303018570365,-0.109837048224018,0.0204266248786254,0.0496534904169798,-0.0417858766091889
674,"heggarty2024",-5.88145791892259,0.288794908112908,-0.0665160679013141,-0.0159280796525482,-0.0751454877062921,-0.117352432548344
675,"heggarty2024",-5.87628232864211,0.276223587784226,0.084671252400291,-0.0102607266523632,-0.0944091824154162,-0.161433706083763
676,"heggarty2024",-5.5174539570739,-0.018595275017036,0.147788991960003,0.025527159476779,-0.0328562740313489,-0.137387527700484
677,"heggarty2024",-5.78818091589449,0.271447177481219,-0.041848364080664,-0.0232067748914833,-0.0781400670909819,-0.160702626610882
678,"heggarty2024",-5.86644830235306,0.125280982505397,-0.183419934286194,-0.0183504459507382,-0.0671762498515157,-0.19990455171803
679,"heggarty2024",-6.08614686187198,0.00774068394505814,-0.126699846453786,0.116389605940555,0.0614689464898639,0.00118566706831188
680,"heggarty2024",-5.75864467251182,0.279138972042462,-0.00391075157050257,0.0177173832634949,-0.106012885041211,-0.212331075636034
681,"heggarty2024",-5.8119776112254,0.211164647145007,-0.0188420557397307,-0.0323360396867883,-0.0175994598436912,-0.132461806804921
682,"heggarty2024",-5.82162618782143,0.0693710954885389,-0.0810036695880807,-0.128740657210556,0.118686715152673,-0.132513484468171
683,"heggarty2024",-5.82484720735417,0.241604800700867,-0.00175568468488577,-0.0118810811469712,-0.036875456623921,-0.134495564816047
684,"heggarty2024",-5.80102282161965,0.184888500972598,0.088881085045506,-0.149382473336761,-0.179475482655197,-0.0566355131865089
685,"heggarty2024",-5.75354196845294,0.0901371056118642,-0.0803264538354844,0.0931217994630903,-0.0427139050386919,-0.198124395263056
686,"heggarty2024",-5.78566738774234,0.0625550946870275,-0.23930251591835,-0.111676617682431,-0.0180678116642285,-0.222964211967998
687,"heggarty2024",-5.74963128388911,-0.0664495171103053,-0.197140170525516,-0.0710073610946274,0.00423935548702292,-0.170469452175922
688,"heggarty2024",-5.75354305721452,-0.00547743827978471,0.0170773433924926,0.0515422458376251,0.00956376998446267,-0.0960102736367877
689,"heggarty2024",-6.10739464236682,-0.0153742263091678,-0.250586963342713,-0.201857701995533,-0.0273385953701505,-0.341791417351386
690,"heggarty2024",-5.81327097671446,0.000440196020303157,-0.150341216105891,-0.0982383435519937,0.030658486798017,-0.128885740265469
691,"heggarty2024",-5.92860029665587,0.0898129920885516,-0.107587830222167,-0.152771426662042,-9.51037342980174e-05,-0.104090456808338
692,"heggarty2024",-5.69659268678922,-0.0466649731734074,-0.208691826642927,-0.109153285741939,-0.0417824873408643,-0.289452883697772
693,"heggarty2024",-5.84231271392199,0.268030546884377,0.236374616371215,0.058208361481632,-0.0774308563232609,-0.16368795343417
694,"heggarty2024",-5.68518370017439,0.127134109792775,0.040044187389309,0.0684419062778849,-0.0831538024530613,-0.166648932509845
695,"heggarty2024",-5.93224810292353,0.0180039398050193,-0.149149947083069,-0.0644371493052471,-0.0650067697137532,-0.279807659573411
696,"heggarty2024",-5.95153664024502,0.00812566266292299,-0.182902899865641,-0.0222361385565902,-0.0483382554513543,-0.131904758217432
697,"heggarty2024",-5.85983468381426,0.244117026886317,-0.0201096581255079,0.0463012538273672,-0.0853757100618321,-0.219837524961869
698,"heggarty2024",-5.8585164671369,0.121470678257013,-0.134552468395227,0.0147187334986866,0.00759374609187786,-0.163488374640023
699,"heggarty2024",-6.29003807435547,0.180345485495838,-0.0400674188139238,-0.0474410705496227,0.150663026801799,0.00133304403022088
700,"heggarty2024",-5.80815733906641,0.135934321508509,-0.0717969194477628,0.0615165976545433,0.0103885429197949,-0.071991667110777
701,"heggarty2024",-6.02434286448441,0.00238745760528193,-0.214600809139733,-0.147976986992115,-0.127892323925468,-0.189058868653191
702,"heggarty2024",-5.78865987510643,0.221092877057801,-0.0754556141354833,-0.00253924533944876,0.00431079240401647,-0.143818734584516
703,"heggarty2024",-5.99840098989836,0.214996038187143,0.0923751289138502,-0.110752865773704,-0.0145037591109618,-0.0502755676645715
704,"heggarty2024",-5.86471457670758,-0.0432557941142172,-0.210971264146368,-0.0914910275736709,0.0167717538687609,-0.222956207610815
705,"heggarty2024",-5.83329362813626,-0.0986691138866241,-0.228028607932143,0.0405834691992238,-0.0661605826496198,-0.063529290094154
706,"heggarty2024",-5.83548356698708,0.0988461969521924,-0.102398303986395,-0.0655693526787643,0.0461559876194564,-0.115079238922024
707,"heggarty2024",-5.72270885032795,0.0546058964232096,-0.109634491263225,-0.113372257260197,-0.0203191244762705,-0.0764633836263508
708,"heggarty2024",-5.69162118627645,-0.0450600304225484,-0.25507988457743,-0.151928563889966,0.0390841122399115,-0.0686682229366142
709,"heggarty2024",-5.91392918146652,0.184629601584986,0.0603719533362311,0.022467046705543,-0.088699943431265,-0.200307028609246
710,"heggarty2024",-5.94635639869914,-0.0583786012642939,-0.0455673811728154,-0.0420069412632423,0.142726611837643,-0.0971792630963938
711,"heggarty2024",-5.74848223974451,0.065284639762802,-0.0579118482165371,0.0417804685821012,-0.109142905853338,-0.0729030963632892
712,"heggarty2024",-5.84669844685338,0.484873815420966,0.17260615106594,0.0676279768885622,0.0116198363677717,-0.0344542321616932
713,"heggarty2024",-5.84859825081003,0.118889071241353,-0.0713745537688784,-0.125211682825898,-0.00599571900944022,-0.1700862114901
714,"heggarty2024",-5.96586344586284,0.203493467923705,-0.0823379292316198,-0.0495994827139445,-0.0838804518918066,-0.217609102173442
715,"heggarty2024",-5.92274438284246,0.103246629633623,-0.0512194509732624,0.0258717206071474,-0.0535813135201467,-0.169945333592982
716,"heggarty2024",-5.8394521549467,0.173823442128361,-0.0868243348389836,-0.0419538981877344,-0.0388243736120415,-0.0753001703860324
717,"heggarty2024",-5.82255552348917,-0.0121115571732053,-0.0259399832520295,0.0844774452557173,0.152827448352005,-0.0308702938423054
718,"heggarty2024",-5.95225058513827,0.14144004331154,0.122027182597705,-0.0573732720751262,0.0417546454116525,-0.0448106288045154
719,"heggarty2024",-5.33821057381995,0.303201286248467,-0.102188413487429,0.152263664512764,-0.0612670152554719,-0.0846681253129164
720,"heggarty2024",-5.92935475787263,0.150244603764199,0.0194179886039833,0.0755502884437052,-0.0185454381687813,-0.111987717990298
721,"heggarty2024",-6.02838292595133,-0.070308673039046,-0.278969575799472,-0.0405804763588254,0.0103625057199057,-0.20479545635918
722,"heggarty2024",-5.85041135225367,0.140781325899134,-0.047915156625287,-0.0288130487634343,0.0624889604805046,-0.131381045679239
723,"heggarty2024",-5.85931205317044,0.163612574382779,-0.000974443380367111,-0.0842356576233007,0.121337298935912,-0.0915294244461277
724,"heggarty2024",-5.87521399198807,0.202847387160325,-0.140089592256783,-0.0682397457278405,-0.00292318505540354,-0.136098969169545
725,"heggarty2024",-5.80870103139942,0.184107555632669,0.019666456788627,0.0232089916176714,-0.0547062396800874,-0.0289269457391506
726,"heggarty2024",-5.88192789116928,0.211484041479429,-0.0986595846130502,-0.0676462803724883,-0.189879677657086,-0.25580920169257
727,"heggarty2024",-5.75333907213725,0.145829057313713,0.0909180750442256,-0.190022123348268,0.0300905567043518,-0.0053535176875697
728,"heggarty2024",-5.70748657151892,0.29449064387564,0.101747505408537,0.065940163267216,-0.155820413377098,-0.282449267334116
729,"heggarty2024",-5.88090195789734,0.0328173973505084,-0.102720905674205,0.0718113668342659,0.0658191257970455,-0.00966135391820502
730,"heggarty2024",-5.91210359004001,0.0755184513914377,0.00134129967976824,-0.03191810722366,-0.0659389327805245,-0.091144153741913
731,"heggarty2024",-5.71448405055229,0.270888653421134,-0.135327840476059,-0.0232419207624228,-0.169215841586109,-0.122299049082557
732,"heggarty2024",-5.93396022221817,0.268317099905529,0.042887920427965,-0.0443689059966465,-0.027834339019154,-0.0832058937455654
733,"heggarty2024",-5.83959316232123,0.216943417703112,-0.0434469903255282,0.117409161737765,-0.106078061508957,-0.144435265857018
734,"heggarty2024",-5.76001230023371,0.140745481103175,-0.253331026189421,0.0753377709269083,-0.212410082309901,-0.176325629372716
735,"heggarty2024",-5.78420501393503,0.0567467624035806,-0.149696961443626,-0.045656965768345,-0.0526116391789605,-0.0710227576564788
736,"heggarty2024",-5.82217507871714,0.161617497598986,-0.14689711187692,-0.0271076521907951,-0.142339022039339,-0.192832600095866
737,"heggarty2024",-5.79923282186333,0.0499196054459347,-0.0945057940978493,-0.0256484344467938,0.0779748720198197,-0.0604950131987989
738,"heggarty2024",-5.86165908167508,0.257004588995821,0.0694877703071111,-0.0331440141501422,-0.144032062018228,-0.20734390559714
739,"heggarty2024",-5.7685484413072,0.124274580959523,-0.136172173932476,-0.129398607725523,-0.0153053215519326,-0.172151568813417
740,"heggarty2024",-5.81001794869018,-0.0300183271558854,0.00562552790182456,-0.108952291919259,-0.113195932421225,-0.0735110841285246
741,"heggarty2024",-5.99206252595808,-0.0276090590997815,-0.229279796228089,-0.0728248285177362,0.0269879489051256,-0.114981437859111
742,"heggarty2024",-5.79253515920757,0.0820401390007134,-0.089600575420755,-0.0700077408504554,0.231595616207105,-0.161794694763996
743,"heggarty2024",-5.71490888011737,0.116736035208004,-0.0731419610461783,-0.00527431996146433,-0.0366788215076622,-0.178596243930197
744,"heggarty2024",-5.91409739265248,0.21081942101585,-0.0888721310508286,-0.00211737111877384,-0.0544833446266665,-0.184373305246742
745,"heggarty2024",-5.76424976894798,0.271199204587266,0.045214497159643,0.0109509408099178,0.0277141483386031,-0.0769671871002104
746,"heggarty2024",-5.77540422525905,0.143593137375801,-0.00331849001945334,-0.0283788594836983,0.0615618292246659,-0.160272671446223
747,"heggarty2024",-5.91215735864032,-0.148254181623852,-0.297430544087415,-0.0692936328129105,0.0748461755391135,-0.0577866652698321
748,"heggarty2024",-5.77638198496013,0.0829822334623338,-0.103163379706141,-0.052857963541613,-0.183112492710308,-0.159802960348049
749,"heggarty2024",-5.85385700471191,0.086114112839357,-0.0928853831519152,-0.0282485290649181,0.06680368216306,-0.0842919768891549
750,"heggarty2024",-5.8742156444766,0.243818140496038,-0.00482678848540294,0.0490987041496277,-0.143620692064271,-0.078001761058136
751,"heggarty2024",-5.78482154703004,-0.0477358663776879,-0.0926279506107934,0.144852858406348,-0.010437864014861,-0.19111464703876
752,"heggarty2024",-5.79859416057937,0.2133480394764,0.122608538650495,-0.0546806938165669,0.0112531556359275,-0.042140939062728
753,"heggarty2024",-5.62497785432035,0.130888687076089,-0.0780611420527966,-0.0499064789068323,-0.092763838890784,-0.286598227255427
754,"heggarty2024",-5.65981686597278,0.275643474949652,-0.0125921169084656,-0.0292008880503261,0.0161525156901154,-0.240161429634624
755,"heggarty2024",-5.7801317335278,0.0954624148553185,-0.112875397325519,-0.0264851608475817,-0.0672360945050023,-0.0984574978529819
756,"heggarty2024",-5.96290785076016,0.148253088719742,-0.115694686509918,-0.047115223744835,-0.108395765503193,-0.184865467911676
757,"heggarty2024",-5.92836770872243,-0.115875957582046,-0.160678745137977,-0.0557239875281888,0.15611734023356,0.0485867578507553
758,"heggarty2024",-5.88653629998898,0.049157276266991,-0.222613346131138,0.130924665334925,0.120396092317975,-0.164714229858808
759,"heggarty2024",-5.79563275964502,0.175403220992888,0.0977179747507019,0.111174547558195,0.0260244602613604,-0.134179758832799
760,"heggarty2024",-5.80036119974821,0.0685857468434054,-0.123788927833462,0.105357591944152,-0.0722249029565218,-0.18981975548923
761,"heggarty2024",-5.87011998104234,0.125958122022818,0.00430225996856488,0.0330488769992731,-0.00411123306686527,0.0189549087127094
762,"heggarty2024",-5.93618158422702,-0.0758019308802531,-0.107239410967907,0.0370478648602187,0.115514811400706,0.0374278937079272
763,"heggarty2024",-5.83750683947223,-0.0440856727472887,-0.072980838710324,0.00875614598231242,0.125689142376446,0.00443365724095516
764,"heggarty2024",-5.8263178348321,0.0787540198832878,0.00821745528623281,0.00799175351630633,-0.0753773852513787,-0.144993606065461
765,"heggarty2024",-5.79719527990587,0.13307002254993,0.00940362133846847,0.0303731630913882,-0.0559376160200369,-0.016551764886441
766,"heggarty2024",-5.75142407387111,0.104373092293219,-0.190933920031413,-0.0252151206155586,0.148626251328975,-0.15788271418152
767,"heggarty2024",-5.72049149989664,-0.0723645113221821,-0.260899109813731,-0.0182786209829539,-0.0443876562857421,0.0645970312666035
768,"heggarty2024",-5.85161384171112,0.133464230798254,-0.0535206371323283,-0.0573534493787014,0.053133656870997,-0.106861286522597
769,"heggarty2024",-5.7152430005389,0.21373740306903,0.114351316001518,-0.172358107755512,0.0651422558110909,-0.194538562272748
770,"heggarty2024",-5.94988456303972,0.283584572029762,0.00277458985781794,-0.0336793383503732,-0.0564922143568123,-0.10616064421501
771,"heggarty2024",-5.62710851332986,0.0718515697846174,-0.144499257252692,-0.0830972294444251,0.0344327959228117,-0.262675566655523
772,"heggarty2024",-5.55959752784412,0.219154635948647,-0.0427442340840037,-0.0655862263002225,-0.050855916545645,-0.238812010775608
773,"heggarty2024",-5.90270926920967,-0.0246184743532167,-0.15071956067813,-0.0515455225306565,-0.0216750808991239,-0.118430707776536
774,"heggarty2024",-6.00721883882345,0.0559134277232612,-0.0585249588783,-0.00820806116796795,0.0926155200023464,-0.048137067210073
775,"heggarty2024",-6.04876384320914,0.0176673377945402,-0.177279000579684,-0.0426604840007448,-0.0850171071071943,-0.017024602566176
776,"heggarty2024",-5.92195306736712,0.0168325962999703,-0.116762760848356,-0.00282860190683358,-0.0991850398111639,-0.0618805009189801
777,"heggarty2024",-5.88575702405718,0.060377012150776,-0.272903590276192,0.0211632605080416,0.0198016563736996,-0.080615934895376
778,"heggarty2024",-5.84539512253324,0.138977438932172,-0.232828061322513,-0.0707728640928925,-0.0972038368909319,-0.138598069091173
779,"heggarty2024",-5.88263033510417,-0.165948153811442,-0.367565618594835,-0.103809979710947,-0.00432267287478222,-0.17196082641669
780,"heggarty2024",-5.74303590261494,0.219196428396302,-0.0638432370914416,-0.0233976409108193,-0.0572189480162272,-0.0979252579001779
781,"heggarty2024",-5.82703831360841,0.0102803562541455,-0.155145639493716,-0.0016792945657504,0.018687978782814,-0.0589706151018515
782,"heggarty2024",-5.84120619395539,0.0775953858519973,-0.15556564063554,0.0848339538851356,-0.013557188995562,-0.116912706790663
783,"heggarty2024",-5.91550611641372,0.129008617963428,-0.104928206767647,-0.0700159733320829,-0.0786208895118323,-0.0848180390012367
784,"heggarty2024",-5.78407509018683,0.0840201166051664,-0.116521181159508,-0.0074734253393342,-0.0694957941202523,-0.0675192923466139
785,"heggarty2024",-5.92853489563729,0.0521386620705082,-0.157316683483932,-0.0420189093963188,-0.0557254462606683,-0.122783564923145
786,"heggarty2024",-5.88096305766658,0.181856824978544,-0.156864860040256,0.0615848412453898,-0.140920680622685,-0.218903877666473
787,"heggarty2024",-5.6158885950441,0.241445744558207,-0.0720838107521789,-0.0717628860100597,0.000586832471189312,-0.0349365410313521
788,"heggarty2024",-5.72452086675557,0.0457837053880898,-0.023153789547048,-0.0396916240551084,0.0031604395356208,-0.0267055383367672
789,"heggarty2024",-5.67799122348574,-0.0450970619165257,-0.479696525557835,-0.0937073263892154,-0.0553855128541363,-0.184467166896856
790,"heggarty2024",-5.70186562123428,0.0897665027274796,-0.0901386380158694,0.0272625849482407,-0.024153172405192,-0.203863665580043
791,"heggarty2024",-5.85885228827548,0.0474347846566956,-0.307550111862006,-0.0515102663543996,0.00487198933395602,-0.165564582262578
792,"heggarty2024",-5.60193249512104,0.0925088853691912,-0.077220603731951,0.0191769282145627,-0.081189824732019,-0.186485842470146
793,"heggarty2024",-5.77097281504828,0.0109550032169866,0.0112591122248966,0.166009168786526,-0.176041700724347,-0.0421593615213235
794,"heggarty2024",-5.84632130735142,0.124126592626288,-0.00852186790384319,-0.0576459848337392,0.0194003205286415,-0.0610291688204592
795,"heggarty2024",-5.74904624855734,-0.0486367708268826,-0.23857619609307,0.115664677849695,-0.0146020981285607,-0.151522498474468
796,"heggarty2024",-5.82456051171543,0.0246474561709878,-0.121611253874536,0.0150732046017569,-0.0408512430485411,-0.0431725107054728
797,"heggarty2024",-5.80863740616176,0.112251776462515,0.0203762340323683,-0.0238051398789262,-0.0331163866834002,-0.108377186138725
798,"heggarty2024",-5.7887867861533,0.207382161981251,-0.154223717145936,-0.00287445811032877,-0.0492849129621144,-0.0954318196638285
799,"heggarty2024",-5.74361782475211,0.121520562203382,0.0814068157788067,0.0332230648453147,-0.0509030104995072,-0.0686422050361991
800,"heggarty2024",-5.72493793094547,-0.118366079141152,-0.30282845865277,0.0727344984266168,0.0382834450211065,0.0618838283311546
801,"heggarty2024",-5.95623880190745,0.283192108818015,-0.139119253953984,0.0309473735684142,-0.0184244176618975,-0.118144240114439
802,"heggarty2024",-5.78654689050027,-0.00422969405035382,-0.197042992999383,-0.0363129190962583,0.0718763635528423,-0.0850343041377736
803,"heggarty2024",-5.95798145983077,0.244657702134987,0.0583920475908108,-0.0711130210477292,-0.0370465805414256,-0.017298978454222
804,"heggarty2024",-5.81421315860929,0.310326325359284,-0.0102417799548356,-0.0116240171358264,-0.124388784875236,-0.170613545746695
805,"heggarty2024",-5.91787082995827,0.192591624023858,0.0503509832264529,0.0029499428168055,-0.0209763027992328,0.0105742419200428
806,"heggarty2024",-5.7609760702395,0.199995367561935,0.0335483040396137,-0.0260670635512723,-0.155139227092496,-0.126859449505215
807,"heggarty2024",-5.72732947035299,0.10187011453368,-0.118409632475597,-0.0599143263933389,-0.0441333351210298,-0.123129305365275
808,"heggarty2024",-5.82941241406047,0.0965699566319218,-0.17793576940754,-0.0206398192611201,-0.0151714770176114,-0.215231736696946
809,"heggarty2024",-5.73846293726769,0.132908571561672,0.0742518471295154,-0.0394781248688647,0.0290555855897575,0.0443038877941756
810,"heggarty2024",-5.71868639103824,0.202569727935201,-0.00657129361561091,-0.0289713454359413,-0.125555962677502,-0.0731072548387441
811,"heggarty2024",-5.77897140210827,0.083320994972252,0.00925963739244647,0.0110615064970834,0.0343290609951399,-0.00362974299266509
812,"heggarty2024",-5.81862625574163,0.189359855122937,-0.0979667040507824,-0.0410126212070362,-0.044752788023076,-0.215578864230531
813,"heggarty2024",-5.85304766837498,-0.0408508681289761,-0.117395844277738,0.0541352843691457,-0.0719296652380895,-0.16401098500813
814,"heggarty2024",-5.85241190603719,0.215227586315986,-0.0985093939949472,-0.0422645154064323,-0.0279702002272284,-0.159374860750749
815,"heggarty2024",-5.87443690828819,0.121483872674632,-0.18386097520678,-0.141114238942908,-0.0595933148988861,-0.140437941228331
816,"heggarty2024",-5.89937651302413,0.152375610040963,-0.0853817313757611,-0.0634273366391614,-0.082827005800096,-0.0709978294158326
817,"heggarty2024",-5.9151179157413,0.166896829200646,-0.00560984291240668,-0.108873796906541,0.0445921972718319,0.0388439403690396
818,"heggarty2024",-5.87020687891701,0.0643227241315897,-0.140252835214023,0.0499004694453108,0.00177194691937949,-0.143499404283581
819,"heggarty2024",-5.88731010365223,0.148918690458182,-0.0684239650041595,-0.0785609365895318,0.0387607516275184,-0.00045593631958908
820,"heggarty2024",-5.83266647689985,-0.025523007481672,-0.150777511050763,-0.0492285983623054,-0.00569816391796403,0.00928550555745254
821,"heggarty2024",-5.67756701309463,-0.0813040726615925,-0.221954078554774,-0.0635867734354549,0.00754437978765841,-0.20837395347107
822,"heggarty2024",-5.763719391424,-0.0172019218694707,-0.187798925921185,-0.0453029494726814,0.0833017715152292,-0.149310747957103
823,"heggarty2024",-5.7719704738849,0.0312431501330389,0.157624818368369,-0.0101638873047727,0.0188893960301465,-0.0680487669208149
824,"heggarty2024",-5.85196813587457,0.0528947423106477,-0.0255984136997125,-0.0593705382985857,-0.0740273585987737,-0.0268602358667769
825,"heggarty2024",-5.88190328254443,0.0132305293984781,-0.0918115461074306,-0.0374096136162046,0.0357511932870164,-0.196784689584242
826,"heggarty2024",-5.91194975151744,0.217267384808495,0.111187158934932,0.0453549152246157,0.016282641914105,0.015988728248028
827,"heggarty2024",-5.90291170974599,0.124050591000332,0.0167683348018063,-0.0727405776512737,0.0765746491257109,-0.0318579435975455
828,"heggarty2024",-5.82562554511125,-0.0797366728692711,-0.282061634583427,-0.144269491332498,0.0471040639785064,-0.0404859611885547
829,"heggarty2024",-5.84399061999047,0.0536054704586853,0.0171932967813603,-0.00217946912364959,0.0581906871430134,-0.025788946204949
830,"heggarty2024",-5.88400993071944,0.0978117085962737,0.0392749871501565,0.105018715936672,-0.0445931665408234,0.123247909241464
831,"heggarty2024",-5.66507317564692,0.232598809689788,0.185115042168482,0.024826766836862,-0.0493473264395364,0.0990734071061807
832,"heggarty2024",-5.85758992754392,0.0596495100631148,0.0499074669623486,-0.0509698761899277,-0.0242262103586181,-0.0387321130665847
833,"heggarty2024",-5.84712662827367,-0.0801703887473236,-0.228250270773918,-0.119250738965923,0.107089208905819,-0.0294019334161284
834,"heggarty2024",-5.77771641676202,0.111936149259866,-0.165562533742973,-0.0831980526694421,-0.093964446758778,-0.13521336148767
835,"heggarty2024",-5.94016264254204,0.0427050231997643,-0.191503155835225,-0.168611993761942,0.0951708232096956,-0.133269703090142
836,"heggarty2024",-5.69967726149408,0.197644374500069,-0.104282039757284,-0.00222305167551017,0.0853074617593199,-0.187705828874259
837,"heggarty2024",-5.93503510791446,0.218876211594541,0.00223223412008082,-0.0859733953340004,-0.0284581539334245,-0.174497812194863
838,"heggarty2024",-5.70542536454469,0.295541723802705,0.012522214159078,0.035873203273595,-0.0789034126663088,-0.14716696930983
839,"heggarty2024",-5.7109773325521,0.17472060892117,-0.131010151629253,-0.104707307833042,-0.027298593670048,-0.156105110186732
840,"heggarty2024",-5.77237748062712,0.180020861002302,-0.0839951824087161,-0.0169728396661141,0.0929624085513052,-0.197545806173708
841,"heggarty2024",-5.92651524016807,0.065561453860621,-0.0952587293283138,-0.105582695424626,0.0645621884422037,-0.104141695687029
842,"heggarty2024",-5.88351939699792,0.165924106016112,-0.138778199506369,-0.0822724579117054,-0.0618646832909292,-0.304321016477751
843,"heggarty2024",-5.86046625731037,0.162792418164588,-0.071293838158794,-0.0248218044657362,0.0158286750237068,-0.017569708705754
844,"heggarty2024",-5.98762261403013,0.0727377239647221,-0.181475745260403,-0.000937205294396988,0.0590987467016361,0.0347363499792081
845,"heggarty2024",-5.74199567509309,-0.157827685999643,0.016299808857815,0.190049548570621,0.00730154063912861,-0.201300933691672
846,"heggarty2024",-5.95218866139579,0.0729290067741247,-0.154019056296198,-0.0776374200784492,-0.0872492836040638,-0.0189944820653426
847,"heggarty2024",-5.99464211396407,0.216408836492487,-0.124560521158054,-0.0435675147089099,0.0257389042626077,-0.0104134358310935
848,"heggarty2024",-5.89135352601837,-0.026849948390738,-0.14292848853069,-0.046963183500465,0.0131920962080563,-0.101790408519254
849,"heggarty2024",-5.91432779640713,0.143650938008942,-0.0842043407409933,-0.0920594665599496,0.103614795783562,-0.189790913962042
850,"heggarty2024",-5.67620938362698,0.0984937724504984,-0.0611654725821026,0.0199663007591468,0.00317311900402979,-0.199045185862263
851,"heggarty2024",-5.89461991582589,-0.0124635086938866,-0.246082600666006,-0.113928614825429,-0.0842441025721658,-0.138497590607542
852,"heggarty2024",-5.78305898392363,0.147188939246465,0.022097787255827,-0.0480088197623766,-0.0848582617376164,-0.0892490180817128
853,"heggarty2024",-5.79046977751799,0.322987088633996,0.0621427580900207,-0.151598590616689,-0.0195771645136179,-0.127102069429187
854,"heggarty2024",-5.84031504829913,0.0390118754915322,-0.0917460952751029,-0.0696447411837558,-0.0242941210030062,-0.225645890392004
855,"heggarty2024",-5.88503674917655,0.113152223902733,-0.124238733981749,-0.0869470044008262,0.0209959995490848,-0.118476095576836
856,"heggarty2024",-5.88350367505328,0.224449753393846,-0.221187130408005,-0.0967964770000736,-0.105506523823402,-0.305548989323794
857,"heggarty2024",-5.89803734727033,-0.106446828463617,-0.444236801473595,-0.147212223664979,0.0500417691248165,-0.0885117959133688
858,"heggarty2024",-5.83423336808382,0.0965736678723149,-0.103811106832917,0.0906780397176921,-0.0656764827525157,-0.173275312071645
859,"heggarty2024",-5.82432829789802,0.15559914848268,-0.112842648834794,0.00911958851726637,-0.00788601499958368,-0.11902188628015
860,"heggarty2024",-5.80740754326221,0.0202598440222324,-0.153550292575991,-0.0843462646048347,0.0621590336221694,-0.113547004664838
861,"heggarty2024",-5.8444591503183,0.109087235064285,-0.00353113502113616,-0.06008102037074,0.000744326694374262,-0.0225619174741489
862,"heggarty2024",-5.98314044394649,0.119093546905088,-0.0341118047425667,0.00703694840281904,-0.0647815489141382,-0.202847745962983
863,"heggarty2024",-5.96108437866997,0.380322506530759,0.146999466364585,-0.109104981409092,-0.0419561838344235,-0.209651278519492
864,"heggarty2024",-5.75845194841536,0.282289959859348,-0.0592037998303888,-0.100344023845925,-0.166810213174346,-0.118527205380848
865,"heggarty2024",-5.79597827048618,0.189206050451311,-0.0235498202989375,-0.0271323277067738,-0.075582013735128,-0.0689184440334069
866,"heggarty2024",-5.91559408586219,0.0963778858373088,0.168084756145753,-0.0519103293786716,0.0234403238471874,-0.161640805944831
867,"heggarty2024",-5.7067774476072,0.331541906822169,0.000121585702497609,-0.129844242494351,-0.164146174079977,-0.11117644238095
868,"heggarty2024",-5.95892117505759,0.117645440630931,-0.126963652001561,0.0597738057169267,-0.0334288532785731,-0.0473942419420906
869,"heggarty2024",-5.89052926000078,0.245728442442802,-0.221175100253282,-0.142546208190585,-0.166751611438264,-0.238198256967435
870,"heggarty2024",-5.7632395268454,0.0997845530476658,0.00661760696425965,0.0264317236038002,0.0295745863092629,-0.174692505206153
871,"heggarty2024",-5.74587746487424,0.397685412369634,0.31644014775492,-0.0861033750814366,0.165272684934626,-0.0821405913678313
872,"heggarty2024",-5.89067158114657,0.13621946937129,-0.0754496481949897,0.0260432080315123,0.0243750096489681,-0.145408534761323
873,"heggarty2024",-5.69464900930148,0.110398020680776,-0.0638376356141808,-0.0612732019548712,-0.0782137729745275,-0.177553881426413
874,"heggarty2024",-5.64672104746829,0.139833722088936,-0.0394769086639487,-0.0506877685797778,0.0118016880408765,-0.0970546064202221
875,"heggarty2024",-5.89412745513402,0.0540989875931667,-0.00265590623443858,0.135004491709349,-0.108447905383203,-0.02739440242429
876,"heggarty2024",-5.78851773445076,0.0717523200228546,-0.103055468310812,-0.119561216736249,-0.0316866030226365,-0.0912488378297281
877,"heggarty2024",-5.92635818036866,0.0777191740381402,0.0369249060067686,0.0146892366662006,0.0718106381465435,-0.0187769504454501
878,"heggarty2024",-5.92450386231644,-0.0455016762260651,-0.0785907221966355,-0.110277521999322,-0.0272276562619509,-0.090399473173653
879,"heggarty2024",-5.79140393073525,0.180598734343678,-0.0254716318865086,-0.0420089482078483,0.000266213030471245,-0.0556189923094014
880,"heggarty2024",-5.82895113708068,0.158015087871304,-0.187022776281967,-0.10188557198366,-0.0695662719977548,-0.0589148951864126
881,"heggarty2024",-5.81271846476551,0.313789463503979,0.0292576117154123,0.0221038558803298,-0.0290010089056464,-0.0053047887250056
882,"heggarty2024",-5.81483048686836,0.0432282019042449,-0.346933447233366,-0.0207686749945106,0.0382905175280391,-0.179984510021639
883,"heggarty2024",-5.75644778016673,0.0419604185425866,-0.0221538964272745,-0.0866208486187977,-0.0623987379970923,-0.17260098804707
884,"heggarty2024",-5.5012538942541,0.260902509470345,0.0350422325356336,-0.0828911219282956,-0.05411024470285,-0.112664025644259
885,"heggarty2024",-5.70449049896467,0.0867171484241562,-0.14008641903098,-0.0487758370783403,-0.0706335765327257,-0.148965808188349
886,"heggarty2024",-5.70821935612212,0.008835345003148,0.0194713972097981,0.0782903412490221,-0.0475841764971463,-0.0355690999930001
887,"heggarty2024",-5.88859827495582,0.0624594281871578,-0.279421132214494,-0.112583001211166,0.0887738223911448,-0.113726380551991
888,"heggarty2024",-5.88008746349604,0.13615792790012,0.129926616619035,0.0278118813805658,-0.0206670086270414,-0.160926719462827
889,"heggarty2024",-5.81084925926856,0.0990371417806132,-0.145572705435856,-0.0284275312298863,-0.0136177140965803,-0.0328133414536513
890,"heggarty2024",-5.74931399384234,0.113553041779962,-0.20866985492781,-0.109020495293902,0.0276525955285099,-0.00176098144050798
891,"heggarty2024",-5.91202584092839,0.124132120988966,0.031335571433623,-0.126435377464362,0.0503783488363427,-0.122171202395327
892,"heggarty2024",-5.87803139312204,0.192046540279945,-0.116017291976989,-0.0785188682718686,-0.0494683859494687,-0.0647125580413668
893,"heggarty2024",-5.90562036048246,0.183574274831178,0.0411085139746916,-0.0337777712301819,-0.0880139297509071,-0.0847759546263248
894,"heggarty2024",-5.99393096897398,-0.057737500902034,-0.227285487336703,-0.158884651467323,-0.0596566056968529,-0.0629849216304675
895,"heggarty2024",-5.85428804341535,0.0302613427773585,-0.0405118535684653,0.0851335474702425,-0.0391058619859112,0.0322661018487752
896,"heggarty2024",-5.85138164966937,0.110058923858741,-0.179449079505751,-0.112905742526876,-0.0613622804470145,-0.154741864401128
897,"heggarty2024",-5.69260605852444,-0.0632891499258779,-0.299287846708944,-0.0777961723920716,0.00758942213510989,-0.117783434753384
898,"heggarty2024",-5.90728009422836,0.101553602298455,-0.0429306349265719,-0.0795640893054411,0.0744464430409262,-0.0465995970292718
899,"heggarty2024",-5.78424204341384,0.193754446180043,0.00738388847297411,-0.0493919078003042,-0.0471090753939602,-0.0255797301379654
900,"heggarty2024",-5.69075552946314,0.18643842173763,-0.0880796801350957,-0.0615031471446843,-0.0454134124121964,-0.0793827263010726
901,"heggarty2024",-5.88351969046819,0.224546450458816,-0.128656545062125,0.0287717928840751,-0.0977307838880561,-0.118925056709131
902,"heggarty2024",-5.93048565425424,0.0958272051378134,-0.21033508628765,-0.147606658755848,0.033804875141981,-0.189689924916845
903,"heggarty2024",-5.96723508274432,0.062515974081491,0.0691925879473474,-0.0754230295724982,0.0941944406917927,-0.14526972155877
904,"heggarty2024",-5.83990071424828,0.108116184502021,-0.0789649396104456,0.0511139514145067,-0.149053861932636,-0.18101493868914
905,"heggarty2024",-6.00973397725125,0.107805797736561,-0.0132144162311203,0.00616676786587333,-0.102154054479206,-0.252179883537466
906,"heggarty2024",-5.80776005943729,0.240529299562307,-0.000829912922086219,-0.0706852337485371,0.0816431955967459,-0.0257891822037529
907,"heggarty2024",-5.75018405121136,0.194129995018242,0.0200912254763463,0.079354585464074,-0.0418339752041635,-0.157271503258441
908,"heggarty2024",-5.75112442075315,0.0589943730561278,-0.0101433276345779,-0.0412565562574244,0.060161269918561,-0.266180580935691
909,"heggarty2024",-5.81433875049025,0.147502803010917,0.0505111624980668,-0.055307677304969,-0.0868208064330426,-0.140947499468704
910,"heggarty2024",-5.75336310290253,0.0254612013385384,-0.152882384824693,-0.120377680467727,-0.0134801174401194,-0.138556725114613
911,"heggarty2024",-5.83591392531614,0.256186696815885,0.0609794710402789,-0.0180608416690158,-0.0468520356857742,-0.0110391694634611
912,"heggarty2024",-5.83403565056845,0.150553991164787,-0.0206258418270623,-0.00687035494847025,0.133115900766711,-0.0289440503236057
913,"heggarty2024",-5.89934326959469,-0.0665908768103316,-0.236576207288357,-0.0321909929701052,0.00765504260509505,-0.15081293497974
914,"heggarty2024",-5.82928028333354,-0.0821585596889926,-0.3018771264379,0.04982750355789,0.0336144894591149,-0.13819523592606
915,"heggarty2024",-5.89222599465183,0.111008593929743,0.00251531710318574,0.0460653954130702,0.0540381109054617,0.0209445289783071
916,"heggarty2024",-5.87984211437268,0.247783025311387,0.0865979413976111,0.0210143893931906,-0.0668986063588751,-0.114155671918319
917,"heggarty2024",-5.72577172144922,0.237219147082294,-0.0642840394397656,-0.02143053716178,0.0016081642916109,-0.14659671596006
918,"heggarty2024",-5.77358154209789,0.280529773717925,0.0711834010153009,-0.0516140332327455,0.0240917845108813,-0.265070780571903
919,"heggarty2024",-5.91602319526452,-0.155092170379332,-0.32771711180972,-0.111864928294705,0.232937323327478,-0.0544570009024049
920,"heggarty2024",-5.75271847745133,0.0620338028496949,0.017839191869093,-0.0686679924041596,-0.0189599462689063,-0.130195514571865
921,"heggarty2024",-5.88716575394713,-0.013191452762081,-0.174256635299062,0.0213553692985912,-0.030107512369983,-0.210050508689617
922,"heggarty2024",-5.75185975130557,0.03553405553139,-0.285702368790697,-0.0856261492434645,0.0158219013070747,-0.0904525319666449
923,"heggarty2024",-5.69529270401859,0.321708111568613,-0.037423189253866,-0.0934993205334751,-0.108913203269266,-0.246591870590355
924,"heggarty2024",-5.83020868164037,-0.0650612609910387,-0.0483787982893516,0.0048211341554152,0.145588570158546,-0.0342476828638957
925,"heggarty2024",-5.88328064651725,0.219620754263649,-0.102219926740009,-0.125759109695519,-0.116158150630343,-0.195308758937218
926,"heggarty2024",-5.69975958447269,0.286617049432647,0.107015478091405,-0.08803600457497,-0.0936091166126061,-0.0178255100251565
927,"heggarty2024",-5.77850385896296,0.449116770733183,0.367766135157149,-0.16125071991931,-0.0900402760386991,0.0449754460377352
928,"heggarty2024",-5.86384804518014,0.0800501140029801,-0.282985870465652,-0.0494729538220531,-0.049277771966564,-0.0656983740608043
929,"heggarty2024",-5.8287477263883,0.378495419992186,-0.020289522477575,0.0526599911972767,-0.132375828959409,-0.111892154298712
930,"heggarty2024",-5.89643340598175,-0.0537041643743808,-0.110614623074767,0.0975444863532755,-0.00742733754742367,-0.164869992141378
931,"heggarty2024",-5.73791085870818,0.356686079887959,-0.089308908966088,-0.093068877400125,-0.00412954115938007,-0.197077125772102
932,"heggarty2024",-5.82305272901796,0.110383588798535,-0.120724839322775,-0.0823885404859019,-0.087903446690732,-0.143304882568897
933,"heggarty2024",-5.83557636888731,0.151655603017401,0.0509408514992128,0.00949656167196348,-0.00804254385452788,-0.217964483015498
934,"heggarty2024",-5.77302747647416,0.0550681679005437,0.00473127297518057,-0.0714924123733485,-0.0700760602000387,-0.178181174020533
935,"heggarty2024",-5.85248283193447,0.142863194822577,-0.028418961585211,-0.0026499307507282,-0.0594698487123701,-0.124787505339181
936,"heggarty2024",-5.92159227247597,0.0365327809296119,0.0365162046147984,0.0386166938163943,-0.0154030206272729,-0.0526324525599512
937,"heggarty2024",-5.59631055529646,0.0727423233247731,-0.0207451475571969,-0.0205388585515899,0.0640640729174276,-0.0570304302048438
938,"heggarty2024",-5.75910329707356,0.289895386526665,0.0330937254439216,-0.0872147387268417,0.0195211567849015,-0.163723642658774
939,"heggarty2024",-5.93914642247437,0.0520491314042197,-0.136799159244198,0.00564770009784994,0.0953149005679196,-0.0302513298039572
940,"heggarty2024",-5.81302269242958,0.0474936347535372,-0.20781697019454,-0.0947209067627858,-0.113674949315696,-0.327928537305203
941,"heggarty2024",-5.81695518476232,0.11556155779438,-0.0639048173207296,0.0938045268301801,-0.107343127095948,-0.0892459044328752
942,"heggarty2024",-6.0133175749074,-0.0268912112567446,0.0652346994488679,-0.0252032892579105,-0.125189027480984,0.0232356393170939
943,"heggarty2024",-5.94818870180857,0.0787751765084007,-0.0927460906856641,-0.001425991571877,-0.0707780138021519,-0.155392887472053
944,"heggarty2024",-5.6029739406706,0.16001930052432,0.172568607326183,0.0755291832895167,-0.108310044891767,-0.0894500904434638
945,"heggarty2024",-5.88476230711427,0.100995504107128,-0.0758903705816997,-0.00231244650065538,-0.0336437081895321,-0.110092364683383
946,"heggarty2024",-5.68505326409102,0.220432744311286,0.00500857863696926,-0.0325742009281089,-0.00994581130978589,0.0323491856333548
947,"heggarty2024",-5.88198309279604,0.0444629408991122,-0.0958888508528719,-0.0986527059382587,0.114257920683517,0.004515063255435
948,"heggarty2024",-5.90746047290002,0.173462721014506,0.0811479188609505,-0.0975377084828608,0.0213447942269886,-0.0542535041306835
949,"heggarty2024",-5.79957103615414,-0.0724124815562711,-0.0514957773556388,-0.0370292824323896,-0.0935083749376872,-0.13339775703963
950,"heggarty2024",-5.87702646688211,0.384508651704397,0.0853977377248724,-0.0908992635385102,-0.121503445826,-0.221495532417138
951,"heggarty2024",-5.80366118633559,0.0603797104294569,-0.0574209614794169,0.0200591200603118,0.0254090489558332,-0.182082291931309
952,"heggarty2024",-5.8193857211519,0.0873891192788164,-0.0455070067243605,0.054564878251009,-0.100749196686248,-0.0160769501545938
953,"heggarty2024",-5.76497327006082,0.139966426168945,0.0876077342570728,-0.0141523512642154,-0.020543171686286,-0.11320337451557
954,"heggarty2024",-5.98886610469566,0.18544167083166,0.0425648013737091,0.00210649234911932,-0.0229756176329601,-0.0832423941184349
955,"heggarty2024",-5.83068164419301,0.220476871201354,0.0606737048208887,0.134298073354561,-0.152980533051148,-0.0717765584263682
956,"heggarty2024",-5.83146268902895,0.172273296832863,-0.0781977286328741,-0.0211991616214977,-0.0071851358462975,-0.24913712776661
957,"heggarty2024",-5.85430377672852,0.0234646345753188,-0.0196642703927258,-0.0125167952351921,0.0319420641738899,-0.193397705068301
958,"heggarty2024",-5.88970595087978,0.0333575257889881,-0.221806029384724,0.0349953830361853,0.00663447958570245,-0.156773038374436
959,"heggarty2024",-5.96984990844493,0.170650160832456,0.139061092542439,0.0534031700062501,-0.15176631669268,-0.10494402599417
960,"heggarty2024",-5.84247532646944,0.0918267687849019,-0.167585232145578,-0.0356805523289061,0.105540447368718,-0.107034007438776
961,"heggarty2024",-6.07552936452466,0.17991993815779,-0.0445107703311472,-0.0836491321165917,-0.0234502305634595,-0.0908446636684034
962,"heggarty2024",-5.80570864798675,-0.00238435095757359,-0.225830673436734,0.124457573413296,-0.0492861887841534,-0.0759988974601061
963,"heggarty2024",-5.86484681193494,0.171802921467126,0.0806903076666765,0.0437648990709537,0.176943959304322,-0.220519591299996
964,"heggarty2024",-5.74624945512867,-0.0587949475898104,-0.111956354161102,-0.0346074995907903,0.116580559057734,-0.221697057316378
965,"heggarty2024",-5.80759611050081,0.171636460387461,-0.0669877309696492,-0.0630690041799907,-0.136604610215093,-0.0603403716299296
966,"heggarty2024",-5.87293990747006,0.0828015778382659,-0.160663921985426,0.00321773850986883,-0.0530994643359306,-0.0619447940644815
967,"heggarty2024",-5.84378066557493,0.175145229365223,-0.114130178004309,-0.114390051603594,-0.0883232584667101,-0.0837168769934818
968,"heggarty2024",-5.82731942693427,0.0352695296552368,-0.0529730976690695,0.0790276782425082,0.0490374263335084,-0.0819637574346612
969,"heggarty2024",-5.89494402368813,0.0516160297419084,-0.212428457211239,-0.0904567111003974,0.0630445278215589,-0.136536045135014
970,"heggarty2024",-5.99325062605858,0.213739926030103,0.0211792575913647,0.00798998324202279,-0.0466849130157346,-0.0953616445213811
971,"heggarty2024",-5.82205076604722,0.201230584090446,-0.0632288257003762,-0.136841580812463,-0.0288816285901367,-0.162437621507074
972,"heggarty2024",-5.74785292120747,0.083875961875504,0.130861631972472,0.162189699250934,0.0901588576031539,-0.00474226460407692
973,"heggarty2024",-5.93386491394833,0.276662220103803,0.166706154294633,0.179924445683071,-0.0195362803354973,0.0115583701816908
974,"heggarty2024",-5.89753435004214,0.104004205341929,-0.0897825261764356,-0.117885722279754,0.0638001027505935,-0.0997075291913555
975,"heggarty2024",-5.81641618503134,0.243731324615835,0.00281794452073945,-0.00782457032155691,-0.0704724097010403,-0.221787260244019
976,"heggarty2024",-5.81184722494159,0.345886663868875,0.198514401969068,-0.038650660149356,-0.00040909182429907,-0.0758411110942148
977,"heggarty2024",-5.77663356973067,0.0587451933595248,-0.0872437272156838,-0.0435613318302608,0.00269464096705568,-0.135274660501155
978,"heggarty2024",-5.81584401750686,0.00759602260103191,-0.0520417291322801,-0.0609808162993791,0.0281775411481256,-0.15936592928838
979,"heggarty2024",-5.82042924453113,0.188183702231241,-0.0249802704407939,-0.066322496812059,-0.0133067788728625,-0.205383179039583
980,"heggarty2024",-5.81611911356085,-0.0932863476272114,-0.2067118602408,-0.112630604966943,0.0582700599031711,-0.0893107003716033
981,"heggarty2024",-5.77856452250101,0.102639439099217,-0.123424962232457,-0.0312953063567701,-0.10916567627374,-0.04389453463875
982,"heggarty2024",-5.79521592677383,-0.114998387059546,-0.367692666284543,-0.0985852631650632,0.0149785331724204,-0.175726337940747
983,"heggarty2024",-5.8445655150476,0.117754499477944,-0.336435156135562,-0.0321728234057487,-0.110544579880478,-0.0695883660017196
984,"heggarty2024",-5.91032363481298,0.317793076691599,0.0270496099852824,-0.0902514637980076,-0.0470030801939598,-0.169196253952781
985,"heggarty2024",-5.89677453020202,0.202348555023616,0.0448196887003839,-0.0391603463860829,0.0399967174215031,-0.148839425878906
986,"heggarty2024",-5.91793421395808,0.0885939927576892,-0.191235362385234,0.0079357289248874,0.120587000927353,0.00179310970963943
987,"heggarty2024",-5.89305632647756,-0.012971959669935,-0.160253813770735,-0.0505544321931525,-0.0211800485292174,-0.142931568114745
988,"heggarty2024",-5.82350257705644,-0.00195971178529548,-0.172076603269178,0.0377672989653061,0.134554731285667,-0.173346922473081
989,"heggarty2024",-5.90513653646024,0.0369059311863506,-0.15651020815798,-0.0220552777439985,-0.108971298542846,-0.18805449847771
990,"heggarty2024",-5.91776379013165,0.174264940938137,-0.0501086983106086,0.0489438309847494,0.0643768014853487,-0.0440707096805197
991,"heggarty2024",-5.67771875986043,-0.089649530476296,-0.247879691358516,-0.060554450242663,0.0488595910819179,-0.0624580351718985
992,"heggarty2024",-5.92016554761589,0.183918210030633,-0.138994239142259,-0.0315630675715441,-0.128969337136209,-0.011703177985502
993,"heggarty2024",-5.91361702291496,0.229100892331638,0.00231833745093604,0.189677119160819,-0.210527637693215,-0.180469523409192
994,"heggarty2024",-5.8572674839893,0.1914545477569,-0.139184613475273,0.0213943344890954,-0.22502678798831,-0.248216770780014
995,"heggarty2024",-5.9666439781699,0.29380990799832,0.072561603489423,0.00928620218269949,-0.0192039048428125,-0.0303475946157286
996,"heggarty2024",-5.90457623248508,0.137601429036506,0.0243867994526764,-0.0463462823910939,-0.0306433387722816,-0.15304762225858
997,"heggarty2024",-5.78222078973038,0.109819158402994,-0.207666547218978,0.0342444728548755,-0.0323347815132182,-0.144957481707525
998,"heggarty2024",-5.84448850570577,0.151517153051444,-0.224580118449994,-0.0277346255105032,-0.0774431735111353,-0.13774602843046
999,"heggarty2024",-5.8242046972832,0.308321235800203,-0.0541796872203614,0.221758547095655,-0.143060586315761,-0.17372951700662
1000,"heggarty2024",-5.80735578863889,0.00907220521432341,-0.188590250743588,-0.0333655344112796,0.00891940662683376,-0.0636326057319179
1001,"heggarty2024",-5.92239195882637,-0.18449630387546,-0.313849855412588,0.0163638189118296,0.102471602188322,-0.0991040746895561
1002,"heggarty2024",-6.02110927174748,0.216565666899679,-0.124480368166531,-0.0918154616996505,-0.00567593451099948,-0.0748250972805384
1003,"heggarty2024",-5.67986926222394,0.186732527182786,-0.159161793427114,-0.230781178711718,-0.0480753101987978,-0.246302823712941
1004,"heggarty2024",-5.79696835931433,0.0625712141786711,0.0697710691673618,-0.123923727263913,0.020646311031951,-0.140209010378662
1005,"heggarty2024",-5.83195011617374,0.358248482996899,0.257308499902416,-0.110410077289097,0.0355935484965301,-0.0657002231989515
1006,"heggarty2024",-5.74954311587095,0.229333707702616,0.122050934289132,-0.00958589195340761,-0.0735402388592035,-0.166624300293297
1007,"heggarty2024",-5.98722180687562,-0.0109966204404906,0.123684870637547,0.0840785254829282,0.0265811912040386,0.0191112805486269
1008,"heggarty2024",-5.92474879936855,0.320797075507744,0.0749516217237951,-0.029586991106973,0.0228069464584938,-0.156683324953763
1009,"heggarty2024",-5.80496552026795,-0.00123228993479124,-0.182209730959828,-0.0575738415247321,0.023292402666926,-0.121530346261392
1010,"heggarty2024",-5.88841278921077,0.101214949909996,-0.177995687071759,0.0522547281736991,-0.0197860220576099,-0.183327556858523
1011,"heggarty2024",-6.0212867602548,0.200843796046545,0.100376761201593,0.000209497728908953,-0.21029126030932,-0.102336209538009
1012,"heggarty2024",-5.87058149275891,0.0946126296335901,0.0524224072188637,-0.0739902115156923,0.0663777259967467,0.0503795053883666
1013,"heggarty2024",-5.8657960494077,0.163879973721373,-0.0613776562832434,-0.0539629585259925,-0.178479360629404,-0.176266057029816
1014,"heggarty2024",-5.80991807870579,0.2415120792163,-0.0946663358033761,-0.110429140566003,-0.0893416650510975,-0.2147721711752
1015,"heggarty2024",-5.6574079180597,0.0511877892478928,-0.107482147259238,-0.0792328857823653,-0.0531952514006264,-0.13060351906271
1016,"heggarty2024",-5.69982182911071,0.339361648148195,0.150716498905799,-0.0448816442018131,-0.0748537220448836,-0.114564134140366
1017,"heggarty2024",-5.81799019934023,0.00148495912009047,-0.275891910234846,-0.0412833098981496,0.0782906388848156,-0.210757246279141
1018,"heggarty2024",-5.80122089216485,0.342694262067659,0.162429735815661,-0.00628314075964023,0.101594886731757,-0.167489743701719
1019,"heggarty2024",-5.86676508565047,-0.199874588531127,-0.17529016087938,-0.115804347346505,-0.0100750633736573,-0.13073544572886
1020,"heggarty2024",-5.6582947341211,0.203875972473853,0.0379603061369427,-0.0305116034943047,-0.13463108275911,-0.139003023046619
1021,"heggarty2024",-6.00096121115603,0.129622150998523,-0.0116837027223704,0.0533683032748326,-0.101911486651809,-0.199810157731528
1022,"heggarty2024",-5.94412574599412,0.00166970016714754,-0.279377660155402,-0.113010984387968,0.0725615059464206,-0.110241712488381
1023,"heggarty2024",-5.70903270947216,0.00509572456350021,-0.163046274036925,-0.0760404551155208,-0.0489624437664455,-0.149155437336666
1024,"heggarty2024",-5.87969785776581,-0.00361482386922533,0.0180610169579905,-0.0582993324499971,0.0619853240482711,-0.19806546924915
1025,"heggarty2024",-5.8370180968179,0.239166428654806,-0.0474296694409834,-0.106890601961777,0.0633343244330737,-0.0835967911523568
1026,"heggarty2024",-5.96199666580778,-0.0249317499063246,-0.183916569375284,0.0224150720126768,-0.0371099450326331,-0.0188568328351974
1027,"heggarty2024",-5.85768316405137,-0.242500802278697,-0.392213554622325,-0.0610767491383744,0.11980967018651,-0.118045574606966
1028,"heggarty2024",-5.70095937890915,0.244026120387176,0.190485668338904,0.208946710359555,-0.0400008243373296,-0.193463801900548
1029,"heggarty2024",-5.97824497048931,-0.144258568646098,-0.305168288499237,-0.0206484832383012,-0.0245087996717227,-0.087038668362279
1030,"heggarty2024",-5.85360587961586,0.154559304433153,0.102585347584251,0.207804312228441,-0.141194934158989,0.0709925809259983
1031,"heggarty2024",-6.0740074888627,-0.127765642772573,-0.181358025169922,-0.0943729985648244,0.159711930534732,0.0265046094267495
1032,"heggarty2024",-5.73751794219466,0.159508014754314,-0.0325747938964671,-0.163524719823071,0.00811660819606945,-0.0901806425338481
1033,"heggarty2024",-5.9524358995039,0.285998012130311,0.0430502018737496,-0.0133626844578321,-0.105016490164553,0.128857567914851
1034,"heggarty2024",-5.99326002798882,0.157658880280816,-0.0562430066974392,-0.0467823128751353,-0.12925626217378,-0.0444388744609095
1035,"heggarty2024",-5.92849687972597,0.178838720113903,0.00837910379035096,-0.0300560635176912,-0.00362971456948552,-0.177594342199101
1036,"heggarty2024",-5.93764700784642,0.166632922458032,-0.0557938853970065,-0.0634795200172443,0.0364808074196925,-0.0956321728693014
1037,"heggarty2024",-6.01393826805715,0.0215139726958905,-0.0342932142148101,0.0704704889281181,0.0269848854046107,-0.136618739488892
1038,"heggarty2024",-5.86448529062073,0.105161722805239,-0.0899123912400361,0.0669342087612076,-0.0477184186343442,-0.175155643373342
1039,"heggarty2024",-5.88846444472894,0.168580104192113,0.0243605065332742,0.0601586420177382,-0.150287773213753,-0.107533172904027
1040,"heggarty2024",-5.8607605881093,0.147116776833116,-0.016075955865642,-0.0083383964617643,0.0282994974339902,-0.124810366856065
1041,"heggarty2024",-5.91262120397438,0.264460135835966,0.0284591653726969,0.0172608638489271,-0.0798061923585357,-0.152380682708453
1042,"heggarty2024",-5.64312313304805,0.146690751526588,-0.0546688925838464,-0.0227256461596238,0.0397327303994839,-0.162338822888436
1043,"heggarty2024",-5.83586786985257,0.266447458080863,0.0462717032286706,0.0126826940510049,-0.0985293882150142,-0.103804587427377
1044,"heggarty2024",-5.7860929579705,0.040248121864666,-0.247260230630811,-0.01707507026355,0.0271944577580264,-0.183492730492202
1045,"heggarty2024",-5.94111140686631,0.0921360953540112,-0.13293138274637,0.0288048848081292,-0.154950027849262,0.00692432982071794
1046,"heggarty2024",-5.81751736132069,-0.00780463141155953,-0.15289516800823,-0.0719067308136826,0.052167238357653,-0.0540281517114127
1047,"heggarty2024",-5.79658040271874,0.139273801638946,-0.0494069361401385,0.0237924731277512,-0.0375623665943957,-0.140227196419345
1048,"heggarty2024",-5.9304462587165,-0.0471328146585797,-0.261949856477859,-0.00757378750627863,-0.0131948343890616,-0.166809554033781
1049,"heggarty2024",-5.95516321429812,0.200991911679358,0.0733282943369287,0.0828754600833224,-0.0124513794144797,-0.118916735844561
1050,"heggarty2024",-5.79719077659907,0.199254451603868,0.115940407065101,0.0869527503141314,-0.0228627399541779,-0.117856487569024
1051,"heggarty2024",-5.93553823929932,-0.0625775733419066,-0.150874060150033,0.0295196794698227,0.0817044109276923,-0.0500817713077775
1052,"heggarty2024",-6.06874620310749,0.210437860516504,0.0389246128260957,-0.00146789464467819,-0.0287580806479199,-0.0351306367780033
1053,"heggarty2024",-5.76589708883669,0.0295509479642775,-0.311850753852247,0.030381286773392,-0.0611972024434783,-0.104348607395168
1054,"heggarty2024",-5.78657006317294,0.210274246292621,0.0393870366093318,-0.131295737718509,-0.139406916727554,-0.0906871491874842
1055,"heggarty2024",-5.93849697382502,0.221647747934881,0.0171436339498022,0.0241953061960231,-0.140280521170067,-0.0751048479162683
1056,"heggarty2024",-5.67057713141649,0.160975349337662,0.0189350924142609,-0.0631279433880976,0.0389806171030248,-0.0370312793322515
1057,"heggarty2024",-6.02500179963115,0.0745510124887592,0.1135943325706,0.127666062804597,-0.131406804170275,-0.111404486541301
1058,"heggarty2024",-5.74657443823598,0.139317404120981,-0.0869306924610915,0.110585573955827,-0.0446985602830835,-0.0546643248470975
1059,"heggarty2024",-5.86906879718015,0.179842647637591,-0.0341089604266145,-0.137929214011691,-0.0504190326401371,-0.105061691742018
1060,"heggarty2024",-5.97582600832492,0.143536388117389,-0.108899168790013,-0.0671721230380099,-0.110656844647406,-0.223717440708726
1061,"heggarty2024",-5.79970159062385,0.274533180665367,-0.0818019695916509,-0.0563415178753915,-0.0668522093293808,-0.0368215027116797
1062,"heggarty2024",-5.6726124079266,0.0954500034125318,-0.133907717529483,-0.0651079293409225,0.0201376548025157,-0.137309922381254
1063,"heggarty2024",-5.86943483629306,0.00238015953847895,-0.487986439879184,-0.0164720127546065,-0.0184964052593083,-0.262286594824894
1064,"heggarty2024",-5.89629851284606,0.114055578566966,-0.130865443220958,0.0580625949343226,-0.100539595076169,-0.0857741872163405
1065,"heggarty2024",-6.13962537231248,-0.0643683183941468,-0.256667861536047,0.00466086764815229,0.0207750083887047,-0.121461425194261
1066,"heggarty2024",-5.69245642470447,0.147733299249716,-0.268940176491397,-0.0242992563774353,0.0924695293692888,-0.0360352381694927
1067,"heggarty2024",-5.73243264015268,0.10494420373695,-0.0700733674360987,0.00342842788941183,-0.113319532535116,-0.245704017424403
1068,"heggarty2024",-5.81615583746488,0.132434947695362,-0.171054451421866,-0.12790561269645,-0.0169236678029944,-0.0792796710718421
1069,"heggarty2024",-5.85769557202038,0.0607172731156987,-0.0248080371942513,-0.0152378059031848,0.139326387791577,-0.215638905365373
1070,"heggarty2024",-5.88897185543318,0.100895649227216,-0.090382560538884,0.0146183839999597,-0.020441486140832,0.0204659889011255
1071,"heggarty2024",-5.73421948908133,0.0657484356014392,-0.167169672470648,0.0260521261731309,-0.00204406726425753,-0.236113481083581
1072,"heggarty2024",-5.72412338170362,0.0949427749832168,-0.0144147260021719,-0.0615301054971492,-0.023236266901255,-0.0700561880508915
1073,"heggarty2024",-5.92239217787024,0.0111057182265396,-0.221859628181532,0.0153749779020642,0.0470838783588134,-0.120303704257159
1074,"heggarty2024",-5.7697865488346,0.159639314983475,0.104782325036019,-0.0344405321972731,0.0124314915748481,-0.134916655250688
1075,"heggarty2024",-5.86476179141834,0.253225742812529,0.0280518633217724,0.0525296055398583,-0.126518310229019,-0.0787841911558266
1076,"heggarty2024",-5.89507876388047,0.1450863506466,-0.109774768882831,-0.214979467476148,-0.0706648805873714,-0.0657618503475354
1077,"heggarty2024",-5.87607088679025,0.196959818480873,-0.195107328117755,-0.100167419265177,-0.0741934072921643,-0.0762542118136298
1078,"heggarty2024",-5.80118188739983,0.436992647624753,-0.0368486200757588,-0.114153471744389,-0.0147396236096189,-0.172150803480316
1079,"heggarty2024",-5.94888932764745,-0.0593315439722077,-0.174595960195682,-0.15624725446348,0.0368907374843477,-0.111451036692093
1080,"heggarty2024",-5.83819769291094,0.186336410557488,-0.122419013170423,0.0176927933472573,-0.125243902958377,-0.137000711534793
1081,"heggarty2024",-5.71391886698436,0.340292415978279,0.123093944194446,-0.0301366201528425,0.00618790353217943,-0.132571643875158
1082,"heggarty2024",-5.80098329356796,-0.0525745374185656,-0.1887393323421,0.0775042141519291,0.00926652940041522,-0.108528228757095
1083,"heggarty2024",-5.83533251706936,0.0436314440416387,-0.208799454811262,0.0264680755623593,-0.114484338089762,-0.104290136967115
1084,"heggarty2024",-6.03383525166681,0.575502920547204,0.282255922090129,-0.00126876937792645,-0.0354555350903698,0.104621453920498
1085,"heggarty2024",-5.83127639359555,0.0592027133826655,-0.180133648748745,-0.121746589903805,-0.0705775097107242,-0.130687698003508
1086,"heggarty2024",-5.77566142966093,0.144519240952385,-0.115026911634717,-0.0658087879796246,-0.0875728984962081,-0.258239861510069
1087,"heggarty2024",-5.80052648092665,-0.0725109803799646,-0.0589512011685708,-0.0589649597800835,0.219551363659613,-0.108741029975708
1088,"heggarty2024",-5.80482386891506,-0.134397536624177,-0.170975925799295,-0.0111422283872493,0.0205744168748073,-0.128021951980883
1089,"heggarty2024",-5.85473094667206,0.116355442077688,-0.151288971862593,-0.0799700340805143,-0.0705351141227324,-0.249558233027582
1090,"heggarty2024",-5.91252249767301,0.116818069091234,-0.0445070958523122,0.0194947201974134,-0.00148884585050011,-0.126702360036067
1091,"heggarty2024",-5.7935070758732,0.177810517778703,-0.050411026719386,-0.0665159077660718,-0.080173189443854,-0.137964447483804
1092,"heggarty2024",-5.95343468600208,-0.016831048232024,-0.210814484704393,0.0141487797089979,0.0253715282211368,-0.0792336610747234
1093,"heggarty2024",-5.85814975365073,0.153958562889625,-0.041018025058259,-0.0820486719383435,0.0809908675272717,-0.157941810608494
1094,"heggarty2024",-5.86925943887655,0.149638875847409,-0.0826400227916867,-0.0864980795225818,0.0390139693049691,-0.0888638349030678
1095,"heggarty2024",-5.8411887196658,0.313303380823178,0.140232918675897,0.0816355091936034,-0.015935976146704,-0.20165868099112
1096,"heggarty2024",-5.79870860618236,0.238115574041066,0.156435908524987,-0.0180853799348266,0.052286453511542,-0.172372012750135
1097,"heggarty2024",-5.84685308782004,-0.029251204622998,-0.151950592893704,-0.0240632829869368,-0.0542491332424803,-0.124651872184314
1098,"heggarty2024",-5.78372557497539,0.0411053442648033,-0.0469170286351966,-0.0426367472048506,0.17493601379016,-0.0471159801121916
1099,"heggarty2024",-5.93825009307969,0.0215241555517583,-0.204884600236977,-0.0436029441265824,0.0192673240684256,-0.0138910883008134
1100,"heggarty2024",-5.78098992586005,-0.0199949846096832,-0.36359000919451,-0.27965060763855,0.14843060965417,-0.328363607820717
1101,"heggarty2024",-5.8983330800311,0.17054551737626,-0.0392473539404595,0.0419197404652785,0.0135889046813518,-0.129599285573837
1102,"heggarty2024",-5.97031453031648,0.0434159093080471,-0.182729578917205,-0.0832167083354523,-0.00122452699532387,0.0162039927948018
1103,"heggarty2024",-5.79467380872208,0.225870748483083,0.198459547295078,0.0191666632268992,-0.0219262936374197,-0.166479138348501
1104,"heggarty2024",-5.61241385825948,0.184243119305093,-0.057622681884349,-0.00813550675747243,-0.026379891618227,-0.137493951787484
1105,"heggarty2024",-5.69725190835378,-0.106060135594879,-0.229224010824725,0.0148374708005424,0.04328660802228,-0.0698606026222004
1106,"heggarty2024",-5.85985725990352,0.0705184961461972,-0.190842780718129,0.0882135577984128,-0.00402352896175932,-0.238362467649088
1107,"heggarty2024",-5.75699407697687,0.175420353135868,0.155853423017852,0.0339859770207548,0.0517212788816034,-0.0945071846650511
1108,"heggarty2024",-5.80999971119784,0.154858923983661,0.0794627606515726,0.203882335748031,-0.0909514371645863,0.0159950092449098
1109,"heggarty2024",-5.83612250845308,0.117652029115912,0.0784477826676148,0.0279805739003418,0.0160856008849641,-0.0494242696646388
1110,"heggarty2024",-6.21695821089545,0.177797202889537,-0.274105313057702,-0.206157229462441,0.130185441570247,-0.231796067812537
1111,"heggarty2024",-5.77769783564135,0.15042485865227,-0.141984010283473,-0.0482209870995598,-0.0864118107880253,-0.144128367148164
1112,"heggarty2024",-5.72277297919719,0.073332575489745,0.0330416036571678,-0.0578035239868071,-0.009453293299337,-0.242827076020431
1113,"heggarty2024",-5.81135453906709,-0.0184732759458549,-0.252407305242604,-0.0206225444943553,-0.0452671449387195,-0.0209164402925168
1114,"heggarty2024",-5.86472521900125,0.278343811335445,-0.0349454407041534,-0.137410792584852,0.114897208038528,-0.198537570290709
1115,"heggarty2024",-5.74198606963175,0.0964994250304602,-0.159113083810429,-0.155008478004253,-0.161759904230921,-0.233660705148411
1116,"heggarty2024",-5.9809250525999,0.241093545117278,0.0411479744813346,0.14267683053073,0.0295946223315851,-0.0357045649535086
1117,"heggarty2024",-5.92933201878986,0.203465709019433,0.0708402554274198,0.0821106694493318,-0.0609668801779347,-0.163595996793529
1118,"heggarty2024",-5.96873881708282,0.118852213995796,-0.126773828315874,0.0147102845542823,0.130780406745846,-0.0481329244109105
1119,"heggarty2024",-5.7384378657469,0.147162118759934,-0.142106335566807,-0.11881035669771,-0.0263812385494716,-0.138534418507947
1120,"heggarty2024",-5.95750540775115,-0.155280271480846,0.00637627760177676,-0.0624356810217625,0.0919758508576624,-0.0652806554916998
1121,"heggarty2024",-5.71253198183371,0.0796864475203529,0.0632836306292629,0.0561348581944062,-0.17848497978998,-0.186128409076243
1122,"heggarty2024",-5.87181070422395,0.0398951523044372,-0.0628242597747518,-0.021901003665788,-0.0522592382103387,-0.163371488180217
1123,"heggarty2024",-5.83808318213923,-0.225579796759201,-0.26225996946072,-0.164732929566574,-0.0367257716407981,-0.139351814224753
1124,"heggarty2024",-5.7845642001113,-0.0956425124206941,-0.194671721436718,-0.0751456760039395,0.0339911058050588,-0.223929468557667
1125,"heggarty2024",-5.88260925958523,0.043900594842977,-0.262195925574476,-0.0247586331799025,-0.0546505036880379,-0.016355759404322
1126,"heggarty2024",-5.94773279280524,0.34828407305771,0.0711384269276375,0.0292479065264111,-0.0863807114294794,-0.101086198598791
1127,"heggarty2024",-5.55561938362752,0.342173401491946,0.119651446220977,-0.0630659594880782,-0.0554641074061499,-0.228428684472457
1128,"heggarty2024",-5.87472121394887,0.168979212845877,0.0663488743332081,0.0585440411796116,0.0464850492844692,-0.22911290042695
1129,"heggarty2024",-5.82902521643665,0.265736371393209,-0.125180366345121,-0.133863560733128,-0.107584254676331,-0.199561475577038
1130,"heggarty2024",-5.75555857850825,0.121631530366313,-0.035141640201065,0.000173200748888134,0.101995040366188,-0.10331140027402
1131,"heggarty2024",-5.89358250972433,-0.204743626279114,-0.29322165336223,-0.0909171418665011,0.0482087839528798,-0.111986314902491
1132,"heggarty2024",-5.83412336575263,0.0599976676395248,-0.0671346317462132,-0.00330892349650682,-0.0380694283335998,-0.0460632211609821
1133,"heggarty2024",-5.72110552200345,-0.0749606795180646,-0.30718857645403,0.0998183176466917,-0.184175507461377,-0.128298845355672
1134,"heggarty2024",-5.79672851186114,0.30062153112463,-0.0156942300080023,-0.0907906779018457,0.0266927381815291,-0.170435600452565
1135,"heggarty2024",-5.8577391767336,0.12817522378463,-0.159387106094406,-0.131616860602472,0.0112729799076503,-0.215719880890794
1136,"heggarty2024",-5.37043392002392,-0.090016322220585,-0.23846322407471,-0.0865198593201826,-0.020037362659551,-0.130799933340404
1137,"heggarty2024",-5.79202277725824,0.296485839504788,0.204854630812922,0.0692811843423817,0.0152137694991908,-0.0998818362762016
1138,"heggarty2024",-5.76084183337572,-0.0422356357556669,-0.121546171067158,-0.0874767459951524,-0.00800838528170256,-0.116156323352657
1139,"heggarty2024",-5.76360505801539,0.18716520558697,-0.0980350434267874,-0.0840818458389499,-0.0647802465161215,-0.209364282590158
1140,"heggarty2024",-5.68035167457101,-0.00700341249595155,-0.1661490970335,-0.0198565191487547,-0.0969550290492967,-0.212080584795738
1141,"heggarty2024",-5.51954800083753,0.0361365596571976,0.00238448782501463,-0.028389898691137,0.0170613052738052,-0.198364434506148
1142,"heggarty2024",-5.36732885114151,0.419337571234973,-0.0156352430056224,-0.039161881687581,0.0418831931096312,-0.189762289232194
1143,"heggarty2024",-5.90147483376327,0.158044037492081,-0.116801208484692,-0.0162755536622765,-0.0643414460951549,0.0387666515710071
1144,"heggarty2024",-5.92662277796195,0.164088914784818,0.000870479806696443,-0.0209931268047919,-0.00222173952988538,0.0554528780022516
1145,"heggarty2024",-5.78547776888125,-0.0788445233936863,-0.189550656176107,-0.0784932854851332,0.0964749835500861,-0.184341665029839
1146,"heggarty2024",-5.80550893493839,0.102538224700521,-0.23714783126251,-0.0581410050004813,0.0194818950548312,-0.145982794652455
1147,"heggarty2024",-5.82474960249167,0.222650204089145,-0.0532167868873398,-0.0736779363066784,-0.0617740690175903,-0.125911439248749
1148,"heggarty2024",-5.56003876074818,-0.0490729099148018,-0.192764954977385,0.0422400298896173,0.135935002432859,-0.0651018051647433
1149,"heggarty2024",-5.82840505534781,0.249563519849312,-0.101366181341223,-0.0544054178867444,-0.0394417567562307,-0.192261836514569
1150,"heggarty2024",-5.66236954755309,0.332159769481283,-0.142044073125952,0.0722004585674102,-0.0873877063755576,-0.173569253212925
1151,"heggarty2024",-5.93112547816596,0.0845185403432459,-0.00760948002220763,-0.0205066269877036,-0.0343524749525268,-0.0324337376484103
1152,"heggarty2024",-5.86820985745693,-0.0644260421984728,-0.166305030202663,-0.110344212262698,-0.0392072380288116,-0.212358562674918
1153,"heggarty2024",-5.78288108241565,0.0134792153949069,-0.0322932758788726,0.0028052162636166,-0.0540074121239235,-0.213815584910661
1154,"heggarty2024",-5.96455401277385,0.112274043226423,-0.305687486923527,-0.179203777691929,0.0644421347273002,-0.27108056470728
1155,"heggarty2024",-5.83873924411785,-0.000988163998310132,-0.175853926456306,-0.0683077993699447,0.170435654303415,-0.119363004810858
1156,"heggarty2024",-5.88585447500289,0.0843657134734582,-0.162339169627443,-0.0432906524101672,-0.00692481259121531,-0.0675743030573108
1157,"heggarty2024",-5.83679648003829,0.318133685896406,-0.0105337243578759,-0.0617262848964497,-0.150785348722203,-0.169095661325795
1158,"heggarty2024",-5.8907585220621,0.157208392903675,-0.0411031857432164,0.0665107666808085,-0.0599545681067585,-0.172587980162789
1159,"heggarty2024",-5.89128197128384,0.0789401436784828,-0.0280107319376448,-0.0237976007981844,-0.0512724197111425,-0.182841821242729
1160,"heggarty2024",-5.67638977045113,0.243604105676307,0.156738310386298,0.0378675039201519,-0.00970491854173128,-0.049398854820767
1161,"heggarty2024",-5.91627515908829,0.144700362215288,0.00548776202978284,-0.00894857970971852,-0.098053902919483,-0.144634323202629
1162,"heggarty2024",-5.9133613089467,0.0823998058652441,-0.15222543642606,-0.0268066148417239,0.074145045875515,-0.14587832911694
1163,"heggarty2024",-5.79249824508593,0.28718369347942,0.0954959144110498,-0.0659372034315549,0.131654665991329,-0.0990945567666685
1164,"heggarty2024",-5.87682540650666,0.211214800019124,0.0289732904707136,0.049790895635866,-0.0599649371686304,-0.159733987313958
1165,"heggarty2024",-5.80801205244382,0.177307283457729,0.0470517584771856,0.0337556783992851,-0.0583587686388337,-0.160369154508609
1166,"heggarty2024",-5.90005381578011,0.0080884163289426,0.185021587099464,0.0247088023542566,0.124672688752164,-0.0100813044214871
1167,"heggarty2024",-5.95092296511455,0.199876977866982,-0.103445839396248,-0.103296506077676,-0.136435315996242,-0.122051044077169
1168,"heggarty2024",-5.92784302147949,0.217519907619645,-0.0788233304428511,-0.0377856732664147,-0.159865718586788,-0.241958698637256
1169,"heggarty2024",-5.62588350487295,0.259368948627687,-0.159720991215929,-0.162680242307876,-0.130428488762221,-0.159735482422292
1170,"heggarty2024",-5.96001647240937,0.132958044612983,-0.101920963925901,-0.0251248243054902,0.015232411545976,-0.190165466178834
1171,"heggarty2024",-5.7092841194195,0.148334342746262,0.119303515979716,0.0207057472228563,-0.129227409484956,-0.0924019997035154
1172,"heggarty2024",-5.8114753444912,0.2145066443799,-0.0634029655103652,0.0508520469339634,-0.0476064174847501,-0.184381612585686
1173,"heggarty2024",-5.91489029396679,0.146933329565635,0.0361045939489314,-0.126780836036513,0.0620807400908842,-0.0125173928759028
1174,"heggarty2024",-5.78148517339841,0.214459082110557,0.0524116668735,0.0458411199392059,-0.0592864196760444,-0.179557819802614
1175,"heggarty2024",-5.73730998987647,0.0556004717794034,-0.117121316639891,0.0582425628023525,0.000799079094395951,-0.1836124567093
1176,"heggarty2024",-5.82773957185165,0.0974074528183755,-0.0171181289947975,-0.0492169630440221,0.0166655726797177,0.00464683750242019
1177,"heggarty2024",-6.01382762590128,0.226360177849166,-0.218814869106853,-0.0530665508897839,-0.0437035226281554,0.0397903824990783
1178,"heggarty2024",-5.8791102838303,0.0254032378625332,-0.135610437102905,0.148733715739352,0.0251863680493891,-0.0915309951871953
1179,"heggarty2024",-5.82248870693245,0.25418483841145,0.0294144347452767,-0.0956262659591636,-0.0062733591819155,-0.180492998210623
1180,"heggarty2024",-5.8611364134192,-0.0671600117867122,-0.24470531569096,-0.0488364846364748,0.0233217289763378,-0.0387397167572552
1181,"heggarty2024",-5.95839653453521,-0.0525645686445088,-0.184578172996989,-0.0831384341754235,-0.0107184453830745,-0.178619908689491
1182,"heggarty2024",-5.836852961326,0.134859887764721,-0.268619969864847,0.0762648298244926,0.0400900745525293,-0.0505773207468412
1183,"heggarty2024",-5.84348439152262,-0.0682449087910159,-0.126031634544052,-0.0531918305876184,0.0851976672667844,-0.132634558275899
1184,"heggarty2024",-5.73944325727917,0.208468525150063,0.00436931467514166,0.0342191616231507,0.105575745789914,-0.0942952026644267
1185,"heggarty2024",-5.75355541351643,0.116949761813089,-0.0197770787213914,-0.141826480204512,-0.0177628447740681,-0.101743929444358
1186,"heggarty2024",-5.89107001612207,0.20641942017587,-0.072278098811955,-0.056639807630453,-0.0551945434681943,-0.150312446014498
1187,"heggarty2024",-5.69447334361062,0.129670958371984,-0.170050843714755,-0.0234733736258711,-0.000187288101888478,-0.175936861754721
1188,"heggarty2024",-5.98670530270833,0.198545567158545,-0.0177172195808513,0.0502784248161482,-0.00785928844352805,-0.140543734387424
1189,"heggarty2024",-5.7983579018191,0.0490698811785695,-0.0170750577701721,0.00561308423565478,0.0591521904229865,-0.162383977623326
1190,"heggarty2024",-5.87392007915796,0.0970571301635186,-0.14036248839147,-0.0735731481642893,-0.0833727753707969,-0.205504605798185
1191,"heggarty2024",-5.80711786230291,0.00907765338605084,-0.231176703619282,-0.0418483045125437,-0.000699248229376316,-0.116012821527034
1192,"heggarty2024",-5.8280843644882,0.171018085946342,0.0533609830118457,-0.0654438508549526,0.02701772419691,-0.0471840851870956
1193,"heggarty2024",-5.78444626706775,0.211327960394346,-0.0285743328422013,-0.0871095537720339,-0.112127572707202,-0.146677277984097
1194,"heggarty2024",-5.99989425930707,-0.167521722768027,-0.0531450734187768,-0.0302554234507665,0.207685702671968,-0.123556296544506
1195,"heggarty2024",-6.01094929757581,-0.0845831450235187,-0.0796319369682785,0.0466088657267698,-0.102674300734065,-0.235915033932266
1196,"heggarty2024",-5.7388019509594,-0.0482936614036907,-0.271428131630671,-0.0349161882875749,0.0460128385924057,-0.0326715524816229
1197,"heggarty2024",-6.01838876932696,0.138413677671564,-0.116503275662182,-0.0404452818005392,-0.154442101551453,-0.218233313505172
1198,"heggarty2024",-5.86634743214558,0.112648963987199,-0.0133288933573929,0.0216920090152392,-0.0162014746286118,-0.0761729761075784
1199,"heggarty2024",-6.02408662503274,0.00454173070826969,0.283325684402887,-0.0581995388279245,-0.0162770267726058,0.0446261419216978
1200,"heggarty2024",-6.06598648666803,0.128891994757532,-0.11256381200934,-0.110124069341908,-0.0216473234662374,-0.0940674193417436
1201,"heggarty2024",-5.8668370811038,0.0576439505552023,-0.0997754475503743,-0.0472256910023071,0.10434588925594,-0.184700609992359
1202,"heggarty2024",-5.92659749000339,0.0742660958868362,-0.0169015578215791,0.0291114799650436,0.000852032557357225,-0.0484098106340933
1203,"heggarty2024",-5.61229412823169,0.0760843482771863,-0.0776960896183802,-0.171586834586776,0.0216049332740672,-0.206090090445721
1204,"heggarty2024",-5.66545526709697,0.0487981643881813,0.0372796890934895,0.124579544150458,-0.0621533489189678,-0.150673505249244
1205,"heggarty2024",-5.82822924466099,0.201066330670104,0.118500173421782,-0.02552788876992,0.032643265844845,-0.114101859994729
1206,"heggarty2024",-6.13235378571107,0.183400992144487,-0.122672127042592,-0.0236926748450198,-0.0320393765725413,-0.171598735090185
1207,"heggarty2024",-5.81713010952641,0.109411321751311,-0.103780047329693,-0.0475123883753756,-0.121321803098232,-0.20501193590942
1208,"heggarty2024",-5.60694865383901,0.00666720371481477,-0.252639407779843,0.032592909270823,-0.0770320260686279,-0.302524394328029
1209,"heggarty2024",-5.86301882314016,0.103412578769981,-0.0208735614476776,-0.0525437785677017,0.0547275581804864,-0.0432044242141226
1210,"heggarty2024",-5.74144398216625,0.239555519462845,-0.0181718510065264,0.0190416026501411,-0.0561119869313191,-0.0907708204572798
1211,"heggarty2024",-5.86071930844737,0.241580171075269,-0.019995488176518,-0.172842517855109,-0.0994996768934521,-0.12511302233728
1212,"heggarty2024",-5.84652300791516,0.224359096355187,0.0593735767246891,0.0792319402367738,-0.0669597459343707,-0.187933536440584
1213,"heggarty2024",-5.83869677423589,0.228032400363755,0.0359492153386097,0.120898972928582,-0.145584852013078,-0.330047467856785
1214,"heggarty2024",-5.80875151166249,0.107487805310472,0.040379623917484,-0.160820580159928,-0.145328948420373,-0.0617579747156368
1215,"heggarty2024",-5.89356451744525,0.0498184727723909,0.130910570892216,0.0768455755607478,-0.0425690331114541,-0.121777073253203
1216,"heggarty2024",-5.8543295483484,0.246908067917484,0.0495027846959231,-0.0038677475953217,-0.0622704857716954,-0.0598849838096392
1217,"heggarty2024",-5.75229868202677,0.369453059134166,0.0857027412822299,-0.0785777269618157,0.0521959964975903,-0.208634519807213
1218,"heggarty2024",-5.81547763185017,0.128497607097992,-0.280390682117037,0.011284895323682,-0.0259240640440698,-0.145915634176029
1219,"heggarty2024",-5.92043563226968,0.168395089129106,0.0764048709986982,0.0516133076922456,-0.0565061108613468,-0.143444542486248
1220,"heggarty2024",-5.84732459770869,0.15205446434786,-0.122282306085353,-0.0395359963693052,-0.0801966047738414,-0.166285150247676
1221,"heggarty2024",-5.87293760079062,0.125314705803598,-0.0186079472551352,0.0891412057153311,-0.0927632018897159,-0.190524058420873
1222,"heggarty2024",-5.86268745330564,0.0898767423832886,-0.0688267531361104,0.0415074106233444,0.059931271050292,0.0144441670381012
1223,"heggarty2024",-5.83915994411351,0.10423748337843,0.0222298023095715,-0.0667192312195776,0.125007135572963,-0.152667110798264
1224,"heggarty2024",-6.08926671249115,0.0768726839339458,-0.00542850120999144,0.0481003390869553,0.0610678270213088,0.023619640817238
1225,"heggarty2024",-5.95259109593373,0.138181353055918,-0.0036520454236436,0.0684993599442846,-0.0251781682802728,-0.14153507603577
1226,"heggarty2024",-5.87467911535025,0.357326830649737,0.189629665128709,0.156574667510215,-0.100719069837593,-0.066543146468214
1227,"heggarty2024",-5.77837738254262,0.0776728563877729,-0.10331809062774,-0.147500127438233,-0.164374455155367,-0.201075986042533
1228,"heggarty2024",-5.89133702940623,0.0963732267869543,-0.104064536400958,0.00885226528397016,-0.0792921993193355,-0.103001600358393
1229,"heggarty2024",-5.81342538056582,0.0251624541495959,-0.141176306173715,-0.0605047229777183,0.09911340411524,0.00989110172945633
1230,"heggarty2024",-5.83885111755315,0.157029911207317,-0.16788431994017,0.0722016213088967,0.0179380883105724,-0.138392812680809
1231,"heggarty2024",-5.83121903358331,0.201938692619747,0.0369366462503575,0.0793452261208342,-0.0275414968756066,-0.0720068579018583
1232,"heggarty2024",-5.67378781732342,0.107419044179007,-0.0126898635755827,0.0604850083231501,-0.0851163979356211,-0.0842597707718534
1233,"heggarty2024",-5.82380719344732,0.268666894420488,0.0320025618482397,0.0324497394418355,0.0297090830932207,-0.0799074574318609
1234,"heggarty2024",-5.85808260657722,0.170008297540176,-0.152753302325958,-0.0406775942818942,0.0440208880660306,-0.0885923131087341
1235,"heggarty2024",-5.95294343875071,0.134206506908125,-0.0459001951712719,-0.100583404496133,0.10917135593157,-0.0428246956041266
1236,"heggarty2024",-5.82574972420555,0.173234138550559,-0.0276217172689332,0.0444980736624404,0.0283052639930014,-0.17784792748388
1237,"heggarty2024",-5.75084810579397,0.131323813502735,-0.146960539504964,-0.11169040226455,-0.0288591539622491,-0.162734695290514
1238,"heggarty2024",-5.81894407958847,0.109360011858136,-0.113097000446484,-0.0638788963215853,-0.0352434634249983,-0.217344403751608
1239,"heggarty2024",-5.86793589193578,0.283517326162393,0.0941161977704119,-0.0328139557973368,-0.0315873224417333,-0.0958782047170507
1240,"heggarty2024",-5.86160500366708,0.141065118453424,-0.0141693939252405,-0.00744424671278061,-0.0714937863608565,-0.139277754806945
1241,"heggarty2024",-5.89082004073946,0.0553512234431194,-0.113512364630309,-0.0223470755630105,-0.0190311378864006,-0.201367978731766
1242,"heggarty2024",-5.8742698524741,0.32197281680966,0.177551141578245,0.0384133330120654,-0.0955538339795779,-0.070260322209409
1243,"heggarty2024",-5.79903851877788,0.0677019568537363,-0.159109800919746,-0.0032179100260084,-0.0392906353776927,-0.203152390397469
1244,"heggarty2024",-5.91929389960709,-0.0330028508573961,0.0148253742950333,-0.0889257375637441,0.108027053028491,0.0512906104360329
1245,"heggarty2024",-5.77025158409161,0.0620215303512426,-0.178328371810574,-0.0248996465302568,0.0800480367379112,-0.153716772277711
1246,"heggarty2024",-5.89010734152538,0.0654746568910628,-0.140457951904876,0.0919737184726513,-0.160767296307474,-0.110844310672197
1247,"heggarty2024",-5.85124333048644,0.041869273927795,-0.139289224039154,-0.113996044578793,0.0878506401889273,-0.190230773154318
1248,"heggarty2024",-5.73467083592403,0.243573215268776,0.0643100890475624,-0.0345847137152167,-0.00925300569080003,-0.198833866221562
1249,"heggarty2024",-5.71837906010901,-0.107194712779656,-0.392960583321632,0.00219257928481446,0.00404353577387857,-0.151517127455145
1250,"heggarty2024",-5.99200520083278,0.0130527665789126,-0.0420627331600068,-0.124850617378847,0.0504484679081821,-0.0273782228256184
1251,"heggarty2024",-6.0904150617103,0.176623723682854,-0.195679540100672,-0.0112204168772347,0.103971573022399,-0.0580819292486251
1252,"heggarty2024",-5.85813418332318,-0.198985999403686,-0.177342804693255,-0.0550903584111317,0.0451845106782343,-0.203981610437559
1253,"heggarty2024",-5.77681131516809,-0.108546554899062,-0.167065609121523,-0.035658144404164,-0.0651096213575467,-0.0655107568567102
1254,"heggarty2024",-5.77659893200247,0.0411754650361247,-0.106026331619156,-0.159996147933524,0.0430189261547702,-0.0586774429029805
1255,"heggarty2024",-5.84328093158205,0.0703164242932502,-0.0325540864183001,-0.0103811573734844,0.0242611600727312,-0.240469946678302
1256,"heggarty2024",-5.85651371020598,0.181365555805699,-0.077300544654671,-0.0307130308247729,0.0158388550029486,-0.133878441377004
1257,"heggarty2024",-5.78842872761707,0.147555661624708,0.00987550715722615,-0.0843456371010484,0.040131899897496,-0.083503735309279
1258,"heggarty2024",-5.9612750171592,0.0693210015477095,-0.210001825531046,-0.114079468595921,0.0666544854554711,-0.0616328339793188
1259,"heggarty2024",-5.75770937600538,0.312878594572881,0.0925789428645719,0.02583300096718,-0.140742106910839,-0.0843322450647394
1260,"heggarty2024",-5.81648173413468,-0.0186465296465084,-0.217485660306879,0.000876212767797018,0.124096017408007,0.0616917271331129
1261,"heggarty2024",-5.88502405521497,0.171400412404897,-0.079535342344092,-0.0282895905412307,-0.0793237628411987,-0.178323933334865
1262,"heggarty2024",-5.84872704299888,0.127594934491441,-0.021776290792396,-0.0140728750791285,0.0409159537768415,-0.0979232203333629
1263,"heggarty2024",-5.55657953280536,0.331707767701059,0.0999469556797608,-0.0139779943077597,-0.0812581308079789,-0.233864777611358
1264,"heggarty2024",-5.86055064248135,-0.0347619084257713,0.0280089125081209,-0.00977369619888185,0.0179208427410488,-0.137424346830394
1265,"heggarty2024",-5.60583483001046,0.399218832132136,0.218171282694739,0.0935312855554574,-0.19808336312939,-0.161968046777353
1266,"heggarty2024",-5.73779774514803,0.165644761462831,-0.177861866387151,0.016932611026482,-0.0732826314318181,-0.220714288234244
1267,"heggarty2024",-5.80520620414275,0.118719008001489,-0.158881317388226,0.00620611723034362,-0.0842871611042073,-0.0642794852117673
1268,"heggarty2024",-5.85402893712078,0.0639507095360718,-0.0468626815952503,-0.0911694055403674,-0.0741551565662258,-0.201474675381724
1269,"heggarty2024",-5.93764278956472,0.0404893962695073,-0.0560411053378708,-0.0375738395590289,-0.0943239059269378,-0.100638154360299
1270,"heggarty2024",-5.92099313415835,0.104777771691899,-0.131615655250136,-0.0231963805979174,-0.0650956342688911,-0.18509389974976
1271,"heggarty2024",-6.02444970372767,0.142991706040122,0.0496274299314591,0.104201678732768,-0.00111890915850746,-0.116305023729913
1272,"heggarty2024",-5.83341836678419,-0.0473966835022275,-0.276265482650185,-0.0538005980737259,0.0660349480160427,-0.0620228492336122
1273,"heggarty2024",-5.91821840053555,0.109800840351625,-0.0414975007698083,-0.0245614792762376,-0.0491922375176905,-0.135738793139841
1274,"heggarty2024",-5.96520287825909,0.298946214040346,0.0644253474726405,-0.0242834367459558,0.0661996468996532,0.00322958956222536
1275,"heggarty2024",-5.72022113515214,0.237648997003964,0.151914530466164,0.0657125968008709,0.123036470869943,0.0314927965354339
1276,"heggarty2024",-5.88053162196585,-0.00135168511837513,-0.154954853905898,-0.0234884926903174,0.082381283541962,-0.0116355113782985
1277,"heggarty2024",-5.86065500485636,0.251319692321029,0.0565763206327968,0.0240889051687037,-0.0287791801865658,-0.246011050533991
1278,"heggarty2024",-5.84161532907968,0.107703271974043,-0.203836612584857,-0.0319148647765832,-0.0882269721310046,-0.104571139484562
1279,"heggarty2024",-5.89087040832494,0.066947087097776,-0.111390539539388,-0.0336288468121039,0.0160082191497196,-0.290837593603807
1280,"heggarty2024",-5.94552900813847,0.217747134993781,-0.0691379915822135,0.0643140978435469,0.038818222736996,-0.0451663136628024
1281,"heggarty2024",-5.78778339968872,0.216549236233488,-0.0332970172749638,-0.102763460764892,-0.0871962352292454,-0.0748951747345614
1282,"heggarty2024",-5.90401751373767,0.255864362288422,0.0591115069883988,-0.164444298058533,-0.0472893424359401,-0.18584107610502
1283,"heggarty2024",-5.98199393466717,0.217317368787981,-0.16601768650288,-0.0415952410336589,0.0314256327636217,-0.190027164875723
1284,"heggarty2024",-5.83468334467891,0.00486203799776465,-0.13433433836936,0.00996990351435484,-0.076461286975172,-0.129078387076284
1285,"heggarty2024",-5.69522523599056,0.165413296716138,-0.148200190095296,-0.0562821422973833,-0.0699131513912131,-0.128594227470635
1286,"heggarty2024",-5.84898711451189,0.090545041815043,-0.0248573444629998,-0.0217728477036708,0.00695060908689889,-0.162433345782701
1287,"heggarty2024",-5.68907119023716,0.324385034510428,0.00878768737917651,0.0767933782193344,-0.0995868607086268,-0.118239700204145
1288,"heggarty2024",-5.74595401247293,0.0400935088934926,-0.147419904214058,-0.0398232169234425,-0.0466109496441336,-0.110941381027221
1289,"heggarty2024",-5.80120798030817,0.291573855584143,-0.0386372818605826,0.0176410708070643,-0.0736443186064601,-0.0424420181842444
1290,"heggarty2024",-5.91207807794465,0.0984331277928882,-0.16162815604812,-0.167461754221265,0.0027676381585846,-0.0909148103779108
1291,"heggarty2024",-5.83547229973515,0.0903053060952795,-0.338053271363159,-0.109861118401421,-0.0476886216640961,-0.0696824313800211
1292,"heggarty2024",-5.80247588066269,0.273011681186339,-0.0548307691640275,-0.0730347811059986,-0.13994045271842,-0.176148121262786
1293,"heggarty2024",-5.7678366808717,0.293542109947139,0.00500454283358082,-0.130221475116081,-0.079568435806355,-0.157892894860818
1294,"heggarty2024",-5.85673984429341,0.0637426898093544,-0.0618227857548328,-0.0830965955478677,0.0771722144005801,-0.116905626323056
1295,"heggarty2024",-5.85294629555247,0.11214621769521,-0.0416056793154189,-0.000772541415580794,-0.0286504641558173,-0.206367119935205
1296,"heggarty2024",-5.91808313447971,0.238365849433696,-0.0306439493715001,0.0034725300944388,0.0317105753052041,-0.074015297961477
1297,"heggarty2024",-5.98096536393522,0.037075716657088,-0.0987130320232075,0.00485896068339549,0.0338523477726084,-0.190575152095651
1298,"heggarty2024",-5.84772760397452,0.0146399329209703,-0.0692383396112175,-0.101232935797769,0.0618059495971264,-0.183211617470348
1299,"heggarty2024",-5.93675608475337,0.21079722504693,-0.0516225377030207,-0.000962674183352358,-0.168856108501541,-0.0991343466189289
1300,"heggarty2024",-5.79845400490021,-0.0436779604808699,-0.11405942181856,-0.116378279193768,0.0276625414524753,-0.206285122047645
1301,"heggarty2024",-5.800969079559,0.283826163936626,0.180067855661104,-0.00867996219494843,-0.0459415108262951,-0.0877290104988284
1302,"heggarty2024",-5.75444482871297,0.117321920008725,-0.0672803177773861,-0.0644611825321593,-0.086264027260588,-0.136010706169162
1303,"heggarty2024",-5.81689520805247,0.255425079854981,0.0892687604159431,-0.0430909106329517,-0.101548712178769,-0.122206311766165
1304,"heggarty2024",-5.78263355629346,0.0900758445119245,-0.150504090381439,-0.190750335012722,-0.0323505884791657,-0.00230875060707375
1305,"heggarty2024",-5.84012140109508,0.235878145226036,-0.0607656112334079,-0.0448297250721643,-0.0202473423069875,-0.111255915099727
1306,"heggarty2024",-5.40092588200431,0.165665753123557,-0.0751516790200665,0.178553742691732,0.0117019683153258,-0.0331510367131721
1307,"heggarty2024",-5.70119897792394,0.0066481927275932,-0.0610953419116026,-0.0231188969000367,0.0714472371544069,-0.130963658159218
1308,"heggarty2024",-5.75574390006933,0.167149063683185,-0.149988600061685,0.0308316978380016,-0.0931116302317389,-0.179743061034303
1309,"heggarty2024",-5.84768290362007,0.127771734827992,-0.197779723118397,-0.0143119724249841,-0.0107594521749956,-0.111201197132764
1310,"heggarty2024",-6.08865973026995,0.276450879723332,0.273472126563088,0.00373284202898437,-0.155348251167364,0.0409370956640206
1311,"heggarty2024",-5.48628875050873,0.148349949045935,0.134456151968066,-0.0321192915692887,-0.0870318069890265,-0.242539793173525
1312,"heggarty2024",-5.67413395436944,0.333137246522133,0.349586288358689,-0.0158041834112362,-0.0861091713151838,-0.0533332424125201
1313,"heggarty2024",-5.83897609763312,0.141678760160875,0.10107510409572,0.0453899503961781,-0.0928493909897724,-0.0203661827535783
1314,"heggarty2024",-5.77384103914306,0.166310357868333,-0.00479635846632787,-0.1012525347992,0.117165704835818,-0.168492940817045
1315,"heggarty2024",-6.02679111878664,0.0398394401610327,-0.077133884580771,0.0892499016684229,-0.0504767395825399,-0.138439817209462
1316,"heggarty2024",-5.83712793970438,0.0949014852359563,0.0432725570793087,0.03706031787478,-0.0294008651244429,-0.0351831342685972
1317,"heggarty2024",-5.85509098550428,0.227210864573243,0.000683683328183599,0.0671945121956903,-0.019367224277961,-0.0717276757663859
1318,"heggarty2024",-5.78216509522004,0.0609542676149056,-0.042553221050327,-0.0512861877733723,0.00436751005822308,-0.0145911225649183
1319,"heggarty2024",-5.804525371145,0.0088284987381097,-0.141404026530226,-0.0167314047688796,0.0533111469023628,0.00759800533922747
1320,"heggarty2024",-5.81486483420033,0.0600489913142285,-0.069991259962122,0.0175766217862779,-0.00723571998377374,-0.11056901575573
1321,"heggarty2024",-5.81441356403635,0.082283126515091,-0.0862010443993835,-0.0546886727178528,-0.247711751002417,-0.145187389172427
1322,"heggarty2024",-5.84591153920746,0.291272250660478,-0.173412882031113,-0.00860987406989103,0.0846227525703698,-0.16536827032309
1323,"heggarty2024",-5.92268113842141,0.153103566777456,-0.050895314231057,-0.0046073190341003,0.00153869609252789,-0.0053662587724281
1324,"heggarty2024",-5.90184247783229,-0.0547404786145084,-0.195611582697218,-0.0147466844081894,0.0974510697373601,-0.0972591162989607
1325,"heggarty2024",-5.7673988429081,-0.00820733013999508,-0.0284230316552177,0.0736546824991817,0.0263669502996719,-0.161102300201337
1326,"heggarty2024",-5.7539551203661,0.0550263869978141,-0.23622303130454,-0.0677811308640416,0.060403962148046,-0.082224864644126
1327,"heggarty2024",-5.86898495176754,0.167639126989393,-0.0349271642148376,-0.0765184411003106,-0.0773949064414154,-0.155692452593191
1328,"heggarty2024",-5.86139619048034,-0.0663437956626427,0.0762828451113422,0.0170057919167822,-0.068396055451624,-0.236969407308093
1329,"heggarty2024",-5.806148031037,0.109017374637151,-0.0424510387732727,-0.0749011350174553,0.0485836984193085,0.0672899124434794
1330,"heggarty2024",-5.82878705835705,0.262101077968385,0.144464167296109,0.0805764231235247,0.0138988355663328,-0.0167519309713134
1331,"heggarty2024",-5.88436525406325,0.213550280862663,-0.0849510925562981,-0.0506793061388532,0.00357224615199273,-0.119373952333085
1332,"heggarty2024",-5.74970650439987,0.236317488790382,-0.000440180421362908,-0.102174693006912,-0.0668763367551691,-0.198767368593949
1333,"heggarty2024",-5.76615220973805,-0.00541963425488563,-0.164676204907378,0.0449605485214815,-0.0717164562716027,-0.205388379309983
1334,"heggarty2024",-6.09745913357254,0.145683909062287,0.102941962524238,-0.117198022716798,0.0521585405809947,0.154865218434281
1335,"heggarty2024",-5.96343985997512,0.200474957265117,-0.0429088295363394,0.106732863148763,-0.0661393942510888,-0.0821185140396272
1336,"heggarty2024",-5.64889744855424,0.115703577502447,-0.0174216111881423,0.112336832117621,-0.0810809236015742,-0.158372892973745
1337,"heggarty2024",-6.14534693382331,-0.0888455112139057,0.0877031009934182,-0.0948814287259227,0.183775948313125,0.11652896412475
1338,"heggarty2024",-5.83314918869708,0.118835743045657,-0.138395253726954,-0.00136630280563849,-0.0214820776065896,-0.101386991883576
1339,"heggarty2024",-6.22343665242312,0.101354758875239,0.0528003724066321,0.011538944406747,-0.0508888924620843,-0.0548822558158721
1340,"heggarty2024",-5.8172991285695,0.0200012487148211,-0.15518224205608,-0.0241639362412318,-0.11724897421592,-0.163453530847173
1341,"heggarty2024",-5.8718695631112,0.196742117489225,0.143922991924884,0.152596129921458,-0.0397926413357099,-0.0697630113840484
1342,"heggarty2024",-5.79268619922978,0.116440196454858,-0.0516226169051517,-0.0997425493030759,-0.115142730301821,-0.152089193666212
1343,"heggarty2024",-5.77233617291907,0.104221585667578,-0.109436634448319,0.0386859488431789,-0.127392311100553,-0.148453699485624
1344,"heggarty2024",-5.81265821417933,0.0562240972579101,-0.0515767276055736,-0.128397846512753,0.110171429200112,-0.112054980007441
1345,"heggarty2024",-5.76641543759829,0.20679825708296,0.0402209299623347,-0.0538190510148628,-0.0114460568861882,-0.0567900522405166
1346,"heggarty2024",-5.78229429526094,0.240290271702081,-0.0858235886129515,0.0679914803306845,-0.110994342201387,-0.12625324854217
1347,"heggarty2024",-5.92481089968507,-0.0192851714307322,-0.238096504458816,0.0113865303955448,-0.0655378798806604,-0.178501888200013
1348,"heggarty2024",-5.85876501891647,0.12198472782267,-0.138320551157583,-0.0903043744091765,-0.0252387198485407,-0.106877894855957
1349,"heggarty2024",-5.80742707088834,0.0409557572655845,-0.0275651264373578,0.0270362481768285,0.15954067733284,-0.0709986489874528
1350,"heggarty2024",-5.75434996365993,0.0630079161796141,-0.0613482225005232,0.0553740158730561,0.0162382973151361,-0.152118526919063
1351,"heggarty2024",-5.73390530763373,0.393304963959495,-0.072556003628639,-0.120593251643988,0.0482450562611566,-0.269451022186688
1352,"heggarty2024",-5.84061565071787,0.251548423176427,-0.0295784818820519,-0.0197797826403509,-0.104050797904966,-0.100538182268659
1353,"heggarty2024",-5.68427089075843,0.159508022565662,0.0740747766482478,-0.0506903985835134,-0.060347836095506,-0.357924687652774
1354,"heggarty2024",-6.04411847848139,0.274093232480044,0.358072588297186,-0.109505225893162,0.0139344662682272,-0.11512083766027
1355,"heggarty2024",-5.864398501739,0.14444285675934,0.00111005314458044,-0.110908197251664,-0.0304952793935795,-0.14324035722343
1356,"heggarty2024",-5.89706258277312,0.0713269933450205,0.0990855206737512,-0.104635607344538,-0.0326317687694401,-0.0234648592317596
1357,"heggarty2024",-5.90727238409023,0.154025197320734,-0.0384303294428567,0.0151953470418019,-0.0318842625422401,-0.152193856709604
1358,"heggarty2024",-5.86750782204261,0.0349282138771254,-0.0601376878225859,-0.015457690187364,0.0766387789307998,-0.132468528453798
1359,"heggarty2024",-5.74809063055273,-0.104993666837332,-0.119267842754453,0.0924767299665836,-0.149946126852025,-0.127275986674245
1360,"heggarty2024",-5.70131791951284,0.122694040779928,-0.124659247521295,-0.0842901134947995,0.10431310943987,-0.0608399422923294
1361,"heggarty2024",-5.86551119583644,0.236326705308048,-0.046224326130706,0.0282855902461337,-0.0560287892893582,-0.161543990440507
1362,"heggarty2024",-5.73078427211404,0.112922423184797,-0.054747714707148,0.0019195722725375,-0.0676506227054032,-0.0672098468684878
1363,"heggarty2024",-5.78616816706365,-0.0395632904004415,-0.132616714249289,-0.110455949004006,0.0357840149611982,-0.155859333745776
1364,"heggarty2024",-5.86053954264667,0.238548134308254,-0.0426562673741599,-0.0740758583514998,0.00412130364011358,-0.221892632440183
1365,"heggarty2024",-6.0335831398041,-0.357630386617411,-0.0246266645545204,-0.133041029490388,0.103091645588238,0.00655202950284227
1366,"heggarty2024",-5.77877723668526,0.00244884769091368,-0.138678609588103,-0.036606336841117,0.0883943538430169,-0.18766871167004
1367,"heggarty2024",-5.79141522594896,0.232077610989344,-0.158588123783831,-0.13028787650658,-0.0875105056603735,-0.361589825321856
1368,"heggarty2024",-6.00145367363637,-0.0462262296423421,-0.408347536542771,-0.0736497278297076,-0.0762193203224553,-0.0900394441820495
1369,"heggarty2024",-5.94737928939914,0.0778925178981126,-0.145683245221244,-0.0154485615222001,-0.0488527145633533,-0.155992132994949
1370,"heggarty2024",-5.61707540209309,0.0997227261682309,-0.151901734206588,0.048211451121336,-0.141416039635633,-0.15496062724427
1371,"heggarty2024",-5.84033932398607,0.0720161122058627,-0.0485362997720436,0.0621283781858985,0.0112329059121464,-0.0714354362618716
1372,"heggarty2024",-5.75832515669919,0.139103434086355,-0.140323759324531,-0.0162191719769044,0.0276916345122388,-0.257311677257356
1373,"heggarty2024",-5.88336912815799,0.0727235770017851,-0.255432970540306,-0.169190079197257,-0.0692276122394032,-0.112339625110505
1374,"heggarty2024",-5.82010038401522,0.0905269981039092,-0.139114272796778,-0.0475482968883846,0.0319398996067162,-0.136794576569319
1375,"heggarty2024",-5.96105456732531,0.249589676365549,0.176959174465035,-0.0218504222836869,0.0956639286473277,-0.156188128912835
1376,"heggarty2024",-5.89344569872495,-0.000936346809945104,-0.18657260901947,-0.0376731996844286,0.017533912267565,-0.0857937212018234
1377,"heggarty2024",-5.81725661290061,0.105075269902378,-0.0557409969400144,-0.109975601283794,-0.0430627139316488,-0.105215871389146
1378,"heggarty2024",-5.84700562564262,0.0241808961979221,-0.120804529734606,-0.0491185005785557,-0.0775453266499824,-0.18821286185229
1379,"heggarty2024",-5.48215853949085,0.19250318896225,-0.0402990823683722,0.0103092829866429,-0.00146694837845589,-0.088887680935493
1380,"heggarty2024",-6.1674583147112,0.0367859848344709,-0.13783927721091,-0.129054715285234,0.0872904977810047,-0.0644507538437422
1381,"heggarty2024",-5.70246976551784,0.0149281975909593,-0.316089188376553,-0.155400576415742,-0.0824513679414591,-0.0917492329358777
1382,"heggarty2024",-5.57459387838739,0.0355159793849815,-0.0758182246795779,-0.192168123735705,0.0813739197508513,-0.171103069745614
1383,"heggarty2024",-5.71167018124707,0.249924905349682,-0.0391489024429793,0.0630032377375364,-0.128931870195006,-0.0381732349687587
1384,"heggarty2024",-5.87569748552349,0.0452990766733482,0.029075849825877,-0.141418880005322,0.0572474432014071,0.0164534852840556
1385,"heggarty2024",-5.76190250693019,-0.0816688930603818,-0.117727998038361,0.0170221430400893,-0.0354126351692831,-0.022967546091144
1386,"heggarty2024",-5.75056656970705,-9.86566257601233e-05,-0.0387505590147649,0.0629903966442158,0.00638186068397031,-0.194452635993202
1387,"heggarty2024",-5.74166650798618,0.0508946541554272,-0.0923631484270114,-0.0624596453301714,0.1353856800602,-0.14044904895504
1388,"heggarty2024",-5.98874966408227,0.242552576834255,0.0237936126674133,-0.0506043855182502,-0.136384806437434,-0.119295340093176
1389,"heggarty2024",-5.93062129416131,0.186675044972624,-0.0245358946830316,-0.0193700183712824,0.0182305757076656,-0.156924241999114
1390,"heggarty2024",-5.84715391227523,0.0237101614018356,0.111664096766609,-0.0484107841717835,-0.0766147521521394,-0.218696494971495
1391,"heggarty2024",-5.94766839453437,0.104365833585882,-0.0991336553137147,-0.0538515114879161,-0.0639675341892668,-0.150263280945215
1392,"heggarty2024",-5.76503870225161,0.0678814016888872,-0.0370701243623804,-0.0697165749723353,0.0589222045822461,-0.0202157276498826
1393,"heggarty2024",-5.92105074943352,0.109118002066056,-0.143528570626161,-0.0721561292720014,-0.122465121638672,-0.113361452382535
1394,"heggarty2024",-5.68142419220894,0.181578747007612,-0.0212954754154977,-0.135033001305267,-0.100842669837288,-0.250840519913361
1395,"heggarty2024",-5.88257255544866,0.123041153882058,-0.026558156397087,-0.000564616993539876,-0.0933093232376291,-0.103200751063356
1396,"heggarty2024",-5.68507462873025,-0.259174530329961,-0.0681020389720526,-0.00724067173924815,0.0813116400903793,-0.165086642411738
1397,"heggarty2024",-5.55250612981567,0.2137400019581,-0.0821899271918078,-0.0446341574784246,-0.00520881032098237,-0.0776267572674664
1398,"heggarty2024",-5.91416722850663,0.12726121944273,-0.105938197719097,0.0287691617780709,-0.0378892074614697,-0.0639205558084852
1399,"heggarty2024",-5.7735140966957,0.332621340697237,0.0745268747315511,0.0457835758830167,-0.0082165469376605,-0.168539282331136
1400,"heggarty2024",-5.92894425213974,0.169932544601594,-0.238376610885336,-0.0472908178848352,0.0184426636933314,-0.053133536134274
1401,"heggarty2024",-5.80788027400713,0.134620779521093,-0.0753345181859789,-0.0668575093821702,-0.0633300173623528,-0.166212064461896
1402,"heggarty2024",-5.84944575121089,0.0911724924659076,-0.106408314248048,0.0218075943193646,-0.131816464968502,-0.0267538053139901
1403,"heggarty2024",-5.8067967968794,-0.0321376512319775,-0.169826618250573,-0.0849766577336967,0.103855092006022,-0.0518558276283017
1404,"heggarty2024",-5.75463087070149,0.265360072689253,0.0737596347694252,0.0132933630967049,-0.146219293264866,-0.0681103607889151
1405,"heggarty2024",-5.8200993111987,0.181890174715649,-0.0264009534659832,-0.0159224780223947,-0.014814863149032,-0.167438162930785
1406,"heggarty2024",-5.98056162554341,0.115266394193582,-0.00441354195951431,-0.077587226150788,0.109989854363995,0.0223858002238197
1407,"heggarty2024",-5.95595717687499,0.109431920690352,-0.115779736852121,-0.218104311520222,0.0759842251505387,-0.136790096923599
1408,"heggarty2024",-5.88195389364858,0.317420261598182,0.133335654780626,-0.095890583681398,-0.0692125764048614,-0.0863149584823603
1409,"heggarty2024",-5.75194296380402,-0.0348590767290512,-0.0254672288273371,-0.122145568241257,0.0751228880240399,-0.0502234197834905
1410,"heggarty2024",-5.69434539058749,0.0965372980221002,0.10359562456001,0.0554457089515045,-0.156462533927293,-0.157174059159854
1411,"heggarty2024",-5.88946061001245,0.182548323663864,-0.00585086056898137,-0.0853699018316966,-0.0645559160210254,-0.0201395274481906
1412,"heggarty2024",-5.82584147180304,0.14981375482075,0.021379582889928,-0.132333124827413,0.0333802929927725,-0.116995105980437
1413,"heggarty2024",-5.89612945849153,0.00177130740349533,-0.0069589936403892,-0.0945714605224258,0.112463723224799,-0.148896412438703
1414,"heggarty2024",-5.89674621160808,0.104748691140168,-0.0723271072049872,-0.0400747706680385,-0.0286969144369406,-0.154451664991503
1415,"heggarty2024",-5.93623102852503,0.0212301071242427,-0.236306106744733,-0.160410029084619,0.131584740986818,-0.136334388080642
1416,"heggarty2024",-5.78873565538173,0.0590413439316103,-0.180362893783231,-0.0275096876202537,-0.0317937123909549,-0.0280792835980548
1417,"heggarty2024",-6.00135319176378,0.00673909921568758,-0.145209811367214,0.0261754951133748,-0.0269917954626768,-0.209162353740479
1418,"heggarty2024",-5.76025985660683,0.065544386232876,-0.113305945724137,-0.0576095614699909,0.0124951800216747,-0.0167681904870578
1419,"heggarty2024",-5.88766733649994,0.317255704918205,0.128170541956718,0.107264082338916,0.00830949270624243,-0.1145257681616
1420,"heggarty2024",-5.7142635071331,0.104097964386796,-0.0286277356658495,0.0534540513130891,0.0200959777302555,-0.0776292206068836
1421,"heggarty2024",-5.73007873981045,0.135920168647591,0.171015702365612,-0.0328433308852202,0.068000312865528,-0.114220104874818
1422,"heggarty2024",-5.86424844111565,0.0149994974148533,-0.0988961062013153,-0.123432173269545,-0.117037479481593,-0.125795871839541
1423,"heggarty2024",-5.84603611335186,0.158931397953686,0.00582035663577941,0.0837078767158811,-0.0993254203362547,-0.0429378558264213
1424,"heggarty2024",-5.89567980173507,0.178128284545567,-0.0576702559638814,0.0532120262259107,-0.0682902930611011,-0.0563458410086698
1425,"heggarty2024",-5.89819172168766,0.122064307665046,-0.0215793922388901,0.0252662856389132,0.0138180162237196,-0.113750231276488
1426,"heggarty2024",-5.873249719377,0.122269140774508,0.0172730307244391,-0.00371727938440487,0.0451664133653194,-0.122618432919015
1427,"heggarty2024",-6.01191481529764,-0.06549526104872,-0.221126754487168,-0.171355014386161,-0.076011755701541,-0.147438989246292
1428,"heggarty2024",-5.82470126451871,0.300075795379078,-0.00581323366392418,-0.0180475176600932,-0.0995147882222433,-0.254734296045899
1429,"heggarty2024",-5.63217601965627,-0.130524034028376,-0.362501122929779,-0.0232217148570532,-0.0644772994834792,-0.203660614356044
1430,"heggarty2024",-5.72651770115653,0.223949659364701,-0.0837858718368462,-0.0916924037501326,0.0251576491095019,-0.216588225378842
1431,"heggarty2024",-5.78758025259861,0.0593252367468664,-0.0357265970718006,-0.114977262665991,-0.022054587470559,-0.10423523531932
1432,"heggarty2024",-5.84611866214304,0.252014247131498,0.00802193843137681,0.0567020689666863,-0.124199370419213,-0.101465217710284
1433,"heggarty2024",-5.82661861648805,0.233970346759226,-0.0458916159187043,-0.0118525688957815,0.203727914667339,0.0465017706467559
1434,"heggarty2024",-5.85102841370638,0.186253437154926,0.00448216170185714,0.0560916932065942,-0.127583243393177,-0.0914915820037498
1435,"heggarty2024",-5.69510651771427,0.010946371258595,-0.0516662045733121,0.0267855898798241,-0.0722124829542733,-0.156298489157412
1436,"heggarty2024",-5.80607512231431,0.0487785333557895,-0.0558252166961094,0.192609360641402,0.0957171882538835,-0.0514466371703074
1437,"heggarty2024",-5.91308840985516,0.0772220599261266,-0.156044288892746,0.0613351889652868,-0.0770614587756003,-0.16124968755577
1438,"heggarty2024",-5.79231721236202,0.0763208300771385,-0.0338531983441786,0.0655246017815558,0.0081437426629311,-0.159145254865967
1439,"heggarty2024",-5.82721155147081,-0.0812571291027917,0.00851192520823327,-0.0994858335350994,0.149768066575682,-0.125459701786733
1440,"heggarty2024",-5.8540755749477,0.289005077787139,0.0914592831805076,0.00205765831928524,-0.0129819065120501,-0.0698584418608744
1441,"heggarty2024",-5.69557693530709,0.110150369545965,-0.0801937975096209,-0.0711366300073907,0.0765397530390048,-0.13318811356677
1442,"heggarty2024",-5.83999218066326,0.303801211406599,0.17115513229953,0.00752560061419766,-0.0434564051824958,-0.0152396723214313
1443,"heggarty2024",-5.83545300366977,0.0804612335762979,-0.198295113768262,-0.0413179638603091,-0.0814847225882577,-0.116042549699754
1444,"heggarty2024",-5.79215171206668,0.17314338385994,-0.0256282215660625,0.0437262806946451,-0.0819929371730087,-0.135199738536881
1445,"heggarty2024",-6.02367239338437,0.0181461777748105,-0.143406662773153,0.0558427155833762,-0.142562928827314,-0.169786135305435
1446,"heggarty2024",-5.84759544428538,0.0511114455308937,-0.0707895391379159,-0.0937941053926439,0.0261147071903569,-0.221931734218382
1447,"heggarty2024",-5.56392136456231,0.141752195994428,0.194816661910459,-0.0456879876318948,0.0190645160094037,-0.0881070244365511
1448,"heggarty2024",-5.72965900188859,0.139887871939176,0.0609591251298777,-0.113828321821709,-0.0656246394493988,-0.199880964653475
1449,"heggarty2024",-5.83913477240679,0.194060042780776,-0.0676265252650961,-0.0422909233888736,-0.00998093724228851,-0.136995027517132
1450,"heggarty2024",-5.8619662530019,0.112971917491779,-0.118815863774578,0.000453151513750298,0.0425273995689291,-0.223832829829797
1451,"heggarty2024",-5.75553037425906,0.140828105698521,-0.0144723537618812,-0.150561265470965,-0.0240902597666179,-0.102518306919322
1452,"heggarty2024",-5.95974486888468,0.0266587551073698,0.0520541628815538,0.0437952003232678,0.0974735784688595,-0.161925394241954
1453,"heggarty2024",-5.87444375559101,0.0367259701019844,-0.118720555664341,-0.144526760366313,-0.0143131694734698,-0.16857676541915
1454,"heggarty2024",-5.91782419376081,0.179078148488446,-0.0374340076142693,-0.0224051465159708,-0.0795809497625404,-0.224364342493303
1455,"heggarty2024",-5.76988022956314,-0.0897061995629561,-0.17742652873449,-0.0460189878418112,0.0356187056224319,-0.127209829089113
1456,"heggarty2024",-5.81325524536577,0.0188838461727416,-0.0498530399593556,0.00365069876689966,0.0210458316354699,-0.0512656076888953
1457,"heggarty2024",-5.8946875039775,0.195553219862773,0.0576096269065477,-0.000551770033470421,-0.069954709601101,-0.128725875520451
1458,"heggarty2024",-5.87927811123724,0.283135584481475,0.0527857999873539,0.0219267302639443,-0.0359109670507983,-0.131567702311828
1459,"heggarty2024",-5.80029732382285,0.178614967121981,0.101558367135532,0.00337659226526764,-0.00519199755531473,-0.127063764258775
1460,"heggarty2024",-5.79959166126354,-0.0484025295680595,0.0347355805846602,-0.198492072176649,0.0520498659786401,-0.153473721228207
1461,"heggarty2024",-5.8537421925328,0.0529809423156821,-0.102483694415081,0.0612554797138565,0.123208866421143,-0.0509483893737215
1462,"heggarty2024",-5.81070654030493,0.161078240174391,-0.118820109996562,-0.066153949571125,-0.0483605023411132,-0.108637896627046
1463,"heggarty2024",-5.90884565228772,0.0566542182850631,-0.0154402046082169,0.0900713134061818,-0.048736739965931,-0.179829043306567
1464,"heggarty2024",-5.80234012966304,0.309790776858345,0.230316807229782,-0.0124323626412353,-0.142111277856827,-0.200208420835877
1465,"heggarty2024",-5.90226699910221,0.178762424713376,0.104900792166932,-0.0416678457071385,-0.0290789241597413,-0.044153243200278
1466,"heggarty2024",-5.76847071863161,0.112916276952609,0.00826364984680281,0.128186800973877,0.0216035771821301,-0.0798614422701931
1467,"heggarty2024",-5.86930126779145,0.145409744710297,-0.10754258201201,-0.0767783310650745,-0.0472361492488301,-0.141591060735991
1468,"heggarty2024",-5.82890845264045,0.0288302667509413,-0.219901848512431,0.0249258285670336,-0.332898612195572,-0.162479866189463
1469,"heggarty2024",-5.92446455350516,0.21012175333668,-0.0234478690157851,-0.023015140029849,-0.05692896265908,0.000550881367015478
1470,"heggarty2024",-5.78846114697415,0.207828099886203,0.0505414175416127,0.0736602140939364,-0.0715639162620432,-0.124438246052216
1471,"heggarty2024",-5.80422932850157,0.188808120857961,0.132127031636657,-0.0538191124914932,0.0308220146641684,-0.0919670248196919
1472,"heggarty2024",-5.80882479086437,-0.0444829062968348,-0.28174347304304,-0.114233598369855,-0.0650187915291086,-0.172657837882342
1473,"heggarty2024",-5.77777417395631,0.164085473528525,0.174204439023298,0.163091326731297,0.0440037014960362,-0.144847869916725
1474,"heggarty2024",-5.73011923427265,0.10608504127816,-0.113673619556046,0.0206281189538476,-0.00931087862983585,-0.147032106487429
1475,"heggarty2024",-5.69409067352152,0.0269770208365555,-0.125270625952058,-0.00419583875079861,-0.0327628725993627,-0.134341941502196
1476,"heggarty2024",-5.7357514037345,0.235312071734719,0.00191342982303924,-0.0773556702393985,-0.134608495861637,-0.146917772577727
1477,"heggarty2024",-5.76938852720007,-0.0541876976765824,-0.299917912221793,-0.0643860390115824,-0.0252854827523062,-0.369274282319118
1478,"heggarty2024",-5.94490834824581,-0.0591745255664265,-0.0770824689450678,-0.0247018333728999,0.131871426145909,-0.0929006629722748
1479,"heggarty2024",-5.84711158291799,0.230116024137026,0.119263972169501,0.0133012158148502,-0.163173933491335,-0.071124218838601
1480,"heggarty2024",-5.94321006303879,0.0889619227617342,-0.228957643634331,-0.0104019208806776,-0.00456380298881195,-0.157412388471776
1481,"heggarty2024",-5.95005547068753,0.368464980393499,0.161799889779023,-0.0903020930519118,0.0999835077101699,-0.0235941179889328
1482,"heggarty2024",-5.7961060770416,0.0445964524668648,-0.0541485075748556,-0.0474186228920864,0.176325697740581,-0.0199321567033464
1483,"heggarty2024",-5.88665251366845,0.175572851670146,-0.120362423829208,0.0613789362876783,-0.0801880589631317,0.000216793127326477
1484,"heggarty2024",-5.82463215281375,0.155654301705138,-0.15537109356454,0.0562309108470895,0.0044219198698385,-0.114065912797742
1485,"heggarty2024",-5.84984737934056,0.175718516935913,-0.145281590846112,-0.100107036457649,-0.100462149952046,-0.114176603879874
1486,"heggarty2024",-5.92588521144992,0.0204521545208744,-0.136435272785957,0.0244285060718774,-0.0215872814747368,-0.151019674270006
1487,"heggarty2024",-5.90179684780675,0.187869495778215,-0.155244449653747,-0.0828247280950373,-0.0373070753287219,-0.153246491255373
1488,"heggarty2024",-5.89144061762955,-0.00812080396111529,-0.25917759858044,-0.144548394768458,0.0770371454017041,-0.0481849064182097
1489,"heggarty2024",-5.96525849308522,0.16296893967148,-0.0354670849495694,-0.0743413500075971,-0.104695283851727,-0.230189940680607
1490,"heggarty2024",-5.63734100401323,0.161612491062536,-0.0420353545900392,0.0198862252723883,0.11995377095555,-0.235105027900605
1491,"heggarty2024",-6.02481804800797,-0.0529751132763076,0.171456746101871,0.154518486744637,0.0525019047453629,-0.0233801012983157
1492,"heggarty2024",-5.80341446873166,-0.0434624290289583,-0.293514447060897,-0.177567155039473,-0.0132790774037623,-0.210115046917537
1493,"heggarty2024",-5.81051293210008,0.121475962570981,0.0129547526146635,-0.010267073053624,0.0621232667528666,-0.00315258953949251
1494,"heggarty2024",-5.78313789152076,0.1526305982803,-0.055619655752208,-0.148359391240548,-0.0538920167490814,-0.277304062970344
1495,"heggarty2024",-5.79039923622302,0.101564937273713,-0.0238425512708438,0.0152153589544709,-0.0526279993525128,-0.184512774118951
1496,"heggarty2024",-5.69689494733393,-0.0134586582020698,-0.070713895058456,-0.0477595808386973,0.0534472934904629,0.0300131031361194
1497,"heggarty2024",-5.7212219301602,-0.0100542462025619,-0.0205467452493292,0.0538824882878384,-0.0658916933297645,-0.192159932660815
1498,"heggarty2024",-5.65063342737812,0.230150441483434,0.0514570055305254,-0.0666275503552102,-0.00729764923102833,-0.163593975291264
1499,"heggarty2024",-5.83611316088277,0.254313600917517,0.251690109199803,-0.0365438824529012,-0.0586045479184897,0.0411046841885321
1500,"heggarty2024",-5.91824005445483,0.0555550269879842,-0.0809185290690973,-0.000160119506318503,0.00190603489205858,-0.0755398042680374
1501,"heggarty2024",-5.96415405792671,0.123597478429726,-0.114903625490522,0.014353471959125,0.0130221479632346,-0.184293572660354
1502,"heggarty2024",-5.72109508401898,0.197795599700779,0.0140172196842819,-0.0458802150339992,-0.0363604916661681,-0.171846872702799
1503,"heggarty2024",-5.80343305659174,0.219156134419608,-0.00942333087876845,0.0117046075440791,-0.0447338802890736,-0.136946019680406
1504,"heggarty2024",-6.04473498322816,0.237940303254681,0.172281964857733,-0.0352317237469028,0.04704182669112,-0.0468411331610031
1505,"heggarty2024",-5.80275183983789,0.234184399068821,-0.0207367843756078,-0.0704653026888071,-0.186343109037986,-0.199543783373054
1506,"heggarty2024",-5.6993730461244,0.206929021415286,-0.0659333390017436,-0.00705971005736738,-0.058394478429071,-0.07836318365365
1507,"heggarty2024",-5.73453058807347,0.0538900014660425,-0.111947098811151,-0.0065314710378167,0.016198513965243,-0.0834070144001296
1508,"heggarty2024",-5.79799803392382,0.0579648440501476,-0.171073539898337,0.0197840292908908,-0.17196693450102,-0.0786173078728771
1509,"heggarty2024",-5.82162152103163,0.116985011353363,-0.00161597176073159,-0.0432501255259193,-0.0380266159163093,-0.0859885916725823
1510,"heggarty2024",-5.75826992227309,0.0882685075089175,-0.0602889529409714,-0.113456874412031,-0.0352512779043626,-0.0854485973742749
1511,"heggarty2024",-5.51683144183654,0.0325074356261881,-0.270389928165685,0.00385112220188135,0.151038213739481,-0.239029900088584
1512,"heggarty2024",-5.90211941523324,0.261182195757252,-0.0585648360240967,0.046896733057196,-0.107493908541963,-0.154092632279693
1513,"heggarty2024",-5.55299844753858,0.0958520747924242,0.101148032931844,-0.0496992578982646,-0.0354754981341325,-0.0562892083974224
1514,"heggarty2024",-5.83844565689984,0.119670065303021,-0.16344018453637,-0.0247829227894225,-0.071906470036559,-0.0635178280174862
1515,"heggarty2024",-5.84489198991402,0.137613164827241,0.0234996369789436,-0.00437480542528092,-0.0823126190156527,-0.193143468467596
1516,"heggarty2024",-5.92730121499796,0.152287014414677,0.0432541636576607,0.0239667576625842,-0.0542515021431449,-0.140660815282376
1517,"heggarty2024",-5.85723268743912,0.1039710808221,-0.152648470698459,0.0552099164723598,-0.00845477649568899,-0.159532204983602
1518,"heggarty2024",-5.75472714344715,0.110663704606636,-0.251588990776981,0.0447407384180735,-0.0590028125207337,-0.0853590712408398
1519,"heggarty2024",-5.78667208361494,-0.0256815307853051,-0.0591255039945747,0.0659949361438525,0.0522179557464677,0.102842617933418
1520,"heggarty2024",-5.78932445261964,0.0687346351970547,-0.154784743178427,0.0470759312023699,-0.0589113492057877,-0.139081020322522
1521,"heggarty2024",-5.83815987993808,0.0217369113602634,-0.15395879562092,-0.0793739546308006,0.141738048814464,-0.0932339061048827
1522,"heggarty2024",-5.79596470993444,0.0927331047422096,-0.144770852946069,0.109739189108216,0.0354528164621456,-0.0439517169651674
1523,"heggarty2024",-5.8344565332699,0.111464040970537,-0.113228587113438,-0.00774528012261921,0.007177467710573,-0.272154856319008
1524,"heggarty2024",-5.88612381933492,0.26721771232469,0.134607990979626,0.0848292996136713,-0.0742214355918187,-0.107614439360927
1525,"heggarty2024",-5.69437791100956,0.0229414329784936,0.0564662075119445,-0.00511055865394662,-0.0695251636147643,-0.0606315874935391
1526,"heggarty2024",-5.71211434505522,0.163818231398432,0.0250955728935963,0.179499454430438,-0.0282810400836481,-0.0500166901140446
1527,"heggarty2024",-5.87046975381625,0.244494295304761,-0.00882206003093599,-0.102149213036654,-0.0354766171926724,-0.0884928195953263
1528,"heggarty2024",-5.89576658356648,0.227714964100858,-0.0824449809779112,-0.00443555435876892,-0.172953280058244,-0.164172875265291
1529,"heggarty2024",-5.80545463516309,0.175289673065668,0.0618021570591155,0.0140695302003514,0.0425102112085176,-0.103385127992181
1530,"heggarty2024",-5.6178283389635,0.0170010660545052,-0.0770135540985342,-0.174593700244867,-0.0986986092081421,-0.0726356555830326
1531,"heggarty2024",-5.93512846633647,0.183523106717632,-0.150709182303468,-0.000429633772352708,-0.0917624544560849,-0.199503787242899
1532,"heggarty2024",-5.8064440017374,0.0265516626593665,-0.0315470895926595,0.116150330320116,-0.0380472522349509,-0.249787095294762
1533,"heggarty2024",-5.78031716133198,0.199243589023773,0.120330166555267,0.0675529302320486,0.119771631952508,0.023214679564598
1534,"heggarty2024",-5.93854224873668,0.0772158782648714,0.0411944563061602,0.0820021410703109,0.0243367449208692,-0.0752509573190189
1535,"heggarty2024",-5.9709219709635,0.118894172925406,-0.125946700762653,-0.0650101448179081,-0.0984782049087391,-0.117782682902375
1536,"heggarty2024",-5.82930712760837,0.0368926150778019,0.0770431496944612,0.0724863143067892,-0.092623190314854,-0.128587451219476
1537,"heggarty2024",-5.58949195095861,-0.0173777114025191,-0.097255480496659,0.0223166121952888,-0.113956154228947,-0.25512511621623
1538,"heggarty2024",-5.87914132206112,0.0423074645518683,0.00219311051275785,-0.0313517689537748,0.0115183863652364,-0.00699518918787239
1539,"heggarty2024",-5.74639066334155,0.00514532896483307,-0.204385293828256,0.0196610854758269,-0.0342775091126703,-0.137229157715842
1540,"heggarty2024",-5.79685348754231,0.20343887212735,0.0327941912803916,-0.0174246435993143,0.026395824339223,-0.034842906616898
1541,"heggarty2024",-5.83902980399598,0.11465509028731,-0.203995057560549,-0.0237162620701155,-0.197996356861696,-0.175518687804369
1542,"heggarty2024",-5.79294122469659,0.0505226481966093,-0.147702342617134,-0.022410579583293,-0.0756667987319469,-0.143923842151723
1543,"heggarty2024",-5.69934959723913,0.336014663681619,-0.0977228670374607,-0.0748747482425536,0.0106216419838128,-0.0992669064690937
1544,"heggarty2024",-5.92712658639598,0.0564018511571916,-0.34830979206041,-0.143803089607672,0.0243616880330588,-0.0240407659321571
1545,"heggarty2024",-5.77399285527164,0.329219738324976,0.0622596865075505,-0.0669200975192136,-0.0821720569340927,-0.129271562101403
1546,"heggarty2024",-5.84682929304965,0.173106236761168,-0.0978656147839632,-0.188582445773448,-0.110229850118286,-0.219818689706716
1547,"heggarty2024",-6.00026372567327,-0.0141858921657405,0.288050005057593,-0.00826484898635964,-0.0430552898861194,-0.074063103163291
1548,"heggarty2024",-5.81370227503943,0.0546919322881774,-0.132423415654177,0.0732331350779368,-0.111517039409832,-0.170624222012194
1549,"heggarty2024",-5.91028467993371,0.245145740597357,-0.00939978079743752,-0.0750890757519957,-0.0439792086861954,-0.0597624258127194
1550,"heggarty2024",-5.8048812323389,0.0663971135296542,-0.0325238770485547,0.0066786871661131,0.0234061635049053,-0.0631559423665162
1551,"heggarty2024",-5.91736752874891,0.161077178357718,0.272471349144824,-0.0171000147493592,0.0306230631220911,-0.0719929238172317
1552,"heggarty2024",-5.73946946432424,0.103400657945995,0.0653282045555513,-0.0164454815385346,0.0250135090349425,-0.167476058579286
1553,"heggarty2024",-5.87968606075689,-0.115843179221532,-0.127542548109177,-0.0654612587349368,0.0245886494056708,-0.14865541255097
1554,"heggarty2024",-5.88983413140565,0.233395206819835,0.0695337524672505,-0.00937877441500577,-0.0284355057605348,-0.0648018924743554
1555,"heggarty2024",-5.93789231482314,0.121548369470416,-0.0561950654021663,-0.052582333585152,-0.0624630582061702,-0.344221706625037
1556,"heggarty2024",-5.93952210194237,0.532636058234367,0.096071934027259,-0.0707110135305371,0.0833413817752579,-0.0327743176120496
1557,"heggarty2024",-5.76465082054748,0.180087976997765,0.119724870194992,0.0106960444387094,0.00204178591996968,-0.143044148275553
1558,"heggarty2024",-5.94958840641764,0.22069136515149,-0.0599149503972373,-0.0197235218507543,0.0672715511496895,-0.00666346446592673
1559,"heggarty2024",-5.86653597757182,0.42878691945664,0.088878490546992,0.028328502715662,-0.0607141196571279,-0.0227550353562865
1560,"heggarty2024",-5.82923694191293,0.071190804788279,-0.0321590096966852,-0.124920013134397,-0.00478649324795876,-0.129176017031962
1561,"heggarty2024",-5.74745484177174,-0.0129316671735688,-0.265562607739054,-0.106458310834711,0.00510186276245207,-0.12263545228686
1562,"heggarty2024",-5.81883077782469,0.363313940454857,0.098971394176099,0.0914453901897885,-0.154283818632239,-0.130466893964126
1563,"heggarty2024",-5.83169514320321,-0.000199045737230617,-0.29329390440719,-0.177198999231362,-0.021784500227113,-0.18097496523917
1564,"heggarty2024",-5.81047941506749,0.029146360553507,-0.209951994479164,-0.0460331874110713,-0.0293867076275958,-0.0396319464213422
1565,"heggarty2024",-6.00062245630952,-0.145427542464549,0.029805536957729,-0.00487193486006744,0.0692849995846924,-0.161934641463189
1566,"heggarty2024",-5.84154452627721,0.218205518156752,-0.109624254136801,-0.0371383152076068,-0.0762359919626734,-0.156780545506157
1567,"heggarty2024",-5.82949889815567,0.00332700339923743,-0.0902751994931843,0.0894836636440963,-0.00526742620675969,-0.0348139255776749
1568,"heggarty2024",-5.64493829500375,0.252814849010937,-0.221727297960192,-0.172070975710087,0.0420358643691225,-0.142895862149332
1569,"heggarty2024",-6.02272395764758,0.0389782467931869,-0.169111700034244,-0.0739008827248486,-0.125147989515816,-0.159816285881769
1570,"heggarty2024",-5.64301115775161,0.116466794063805,-0.0713088246242684,-0.135420749980929,0.0994599245404189,-0.139899226531631
1571,"heggarty2024",-5.79519966963915,0.156250318099125,-0.0327421647656053,-0.00145468291068765,0.0911876087540943,-0.0454000424805764
1572,"heggarty2024",-5.83141365625509,0.104954572567689,0.0216079883662511,-0.00609916098215445,-0.0177090456989127,-0.0497353832331745
1573,"heggarty2024",-5.81645900998285,0.0985565896018176,0.020296640247697,0.0111488182917996,-0.0358550219930895,-0.103079749966901
1574,"heggarty2024",-5.89072830088639,0.00790569089303096,-0.130702510565038,-0.125905268665863,0.0402560451826824,-0.093032341685602
1575,"heggarty2024",-5.85470638582048,-0.125238685184795,-0.212500276383192,0.119748192747533,0.0742141204773669,-0.0546335670504002
1576,"heggarty2024",-5.91236893607644,0.050704159739883,-0.23281230997566,-0.10541946365707,-0.00650538275941547,-0.177790717215911
1577,"heggarty2024",-6.01095982676115,-0.0702991574366857,-0.249930233105495,0.0114289563339944,-0.0365090229189919,0.0167483582553501
1578,"heggarty2024",-5.9629012557816,0.101138928902148,0.0613016947256971,-0.00277545823508046,0.0583725194716056,-0.150702228063611
1579,"heggarty2024",-5.87538179959236,0.175534231580431,-0.0419877746904228,0.0952863176855451,-0.0594891341928309,-0.21157575925129
1580,"heggarty2024",-5.86345123317613,0.0271919319567188,-0.172864900769028,0.0595688358695896,0.0824626171604924,-0.123873490276429
1581,"heggarty2024",-5.81163628472404,0.136114464936543,-0.0995095231133299,-0.053511907514569,-0.0234300954370944,-0.103889139998987
1582,"heggarty2024",-5.79207557177171,0.174182348496791,0.0147439940088257,-0.0767000638167883,0.0930446952942447,-0.183105518854552
1583,"heggarty2024",-5.75316476227905,0.261503241150423,0.0673358942206398,-0.0794120733720307,0.0837648258712866,-0.103490644646111
1584,"heggarty2024",-5.81648049619932,0.0361986123280941,-0.00528253864222893,-0.176804364617521,-0.0267790595760091,-0.304581490106451
1585,"heggarty2024",-5.97655918606313,0.269014977595755,0.155337955833162,-0.170799777718321,0.17434773491637,-0.0175557602870095
1586,"heggarty2024",-5.84384050463943,0.104583938145776,0.129341160446222,0.176759397751009,0.0518278944785553,-0.0566556220213618
1587,"heggarty2024",-5.66905616349365,0.207945861796589,-0.153337280699838,-0.08131184937829,-0.0850938778969833,-0.168546050099334
1588,"heggarty2024",-5.96441201122632,0.291010569329912,0.0681883915516976,-0.0572789896799551,-0.126891910278116,-0.209664481238969
1589,"heggarty2024",-5.71146553875004,0.18712484745501,0.148058470340739,-0.0682942129660905,-0.0942964865701584,-0.150075546449556
1590,"heggarty2024",-5.86100078866148,0.063955566571063,-0.179920411228048,0.0425283792125376,-0.0689369061044236,-0.0706265291464702
1591,"heggarty2024",-5.70473306765355,0.311616286592349,0.195915614382964,-0.0970308482661297,-0.00900563593621634,-0.0347085232838467
1592,"heggarty2024",-6.07103787755484,0.285538066508374,0.0124827410910913,0.0665500797988633,0.0514082982114093,-0.104303787237575
1593,"heggarty2024",-5.84083176905445,0.11267544762441,-0.113039728479745,-0.13520106514238,0.0554050410796738,-0.212358052605576
1594,"heggarty2024",-5.93764612269928,0.0818552145606094,-0.0572784818771993,-0.0334353420923798,-0.00646858897745657,-0.0505713380341854
1595,"heggarty2024",-5.85126668011083,0.133868668742554,-0.226884530663986,-0.156730480911927,-0.231236139002624,-0.089314553578507
1596,"heggarty2024",-5.75178070107109,0.28316061269785,0.123411381397292,-0.0176487339827436,0.0194731635636977,-0.17058383147395
1597,"heggarty2024",-5.77229935152714,0.0874519038233144,-0.232710431135623,-0.0315573384263367,-0.0509399861445287,-0.144577054064466
1598,"heggarty2024",-5.96551486176543,0.207530904640935,-0.0976365603925556,0.0405112079177003,-0.135398788642535,-0.0389014058745028
1599,"heggarty2024",-5.83254524953666,0.109209713118819,-0.0905509540889846,-0.0227734142785823,-0.0247594058,-0.176571390533602
1600,"heggarty2024",-5.87643827643285,0.131719767900365,-0.0211601535460741,-0.00867312229699651,0.079339509288382,-0.0968079083947624
1601,"heggarty2024",-5.98493499152693,-0.0278375523013788,-0.152842223180226,-0.123699227289505,-0.030558940107367,-0.164634351121898
1602,"heggarty2024",-5.82743056600754,0.064336895550483,-0.0880471632893172,0.0132140047537023,-0.0168129581589219,-0.0428203232845654
1603,"heggarty2024",-5.89115852998468,0.0598121724189479,-0.269601993885908,-0.095187060957173,-0.0346399498443099,-0.170781521731125
1604,"heggarty2024",-5.96516396322929,-0.116464248760526,-0.0627237151444903,0.0317523468790255,-0.00981109972895929,-0.117347196003379
1605,"heggarty2024",-5.85807556861566,0.148485453828925,0.0536771742268248,0.136116493032803,0.0865382973104448,-0.0524355345966307
1606,"heggarty2024",-5.67654876806074,0.146742399458275,-0.0187720640238881,-0.0354334564470271,-0.0532429007227511,-0.0181032586732749
1607,"heggarty2024",-5.58905395518432,-0.179491827698137,-0.122432789104354,0.0214600762407812,0.0980031735153427,-0.145779002273868
1608,"heggarty2024",-5.6274481024516,0.114857044506011,-0.0593573834479648,-0.0538173934513939,0.143199825930455,-0.151401804079907
1609,"heggarty2024",-5.78122910799685,-0.0278596440741651,-0.123747447031036,0.0104922636173533,-0.0997042869675045,-0.263244083605274
1610,"heggarty2024",-5.66587592535645,0.0169073200076612,-0.0921675777685913,-0.0994298906130762,0.00152227580296087,-0.292134358458611
1611,"heggarty2024",-6.00891839040075,0.224511560095985,0.0286398239986933,0.0357438811352701,-0.0945124992783371,-0.110217326386434
1612,"heggarty2024",-5.72178416321444,0.34983135914785,0.0122536507746334,-0.0246600077830864,-0.0313575556243594,-0.158027897332044
1613,"heggarty2024",-5.83849726868953,0.167197368591337,-0.0505708551379509,-0.0333139224681089,0.0128087056406363,-0.130945658977685
1614,"heggarty2024",-5.82511490077311,0.274969281993583,-0.0812197498741356,0.0701435388587784,-0.182524002045293,-0.113457872529499
1615,"heggarty2024",-5.87859809883294,0.0372389644230917,-0.156785412480153,-0.103589497045078,0.0122444919686478,-0.0912275614649366
1616,"heggarty2024",-5.85584539844978,0.126633636902616,0.0437970871851544,-0.00379224394222022,-0.0380761007770479,-0.206645557553946
1617,"heggarty2024",-5.96143322206807,0.183737359756846,0.0218922594652724,-0.0903537068283409,0.0652507970793505,-0.0406433709399783
1618,"heggarty2024",-6.12858924097707,-0.0520250607725699,-0.0629299678906069,-0.0491359721289115,0.0415901489691683,-0.141850934773365
1619,"heggarty2024",-5.87633327391814,0.139545136318509,-0.124629330407814,-0.0796606781396228,-0.041124103099036,-0.178379965888612
1620,"heggarty2024",-6.12176496299539,0.173507410188744,-0.0531040387042414,-0.0842757662145856,0.0489099046562418,-0.161026684619344
1621,"heggarty2024",-5.88371320579662,-0.00795696261453789,-0.0984832299429309,-0.0676959287912782,0.182929933331928,-0.00579832749544663
1622,"heggarty2024",-5.7510638840741,0.070176798682637,0.022440561472536,0.0299917761761056,0.172018854982672,0.106343070764363
1623,"heggarty2024",-5.82693692765159,0.268211453209172,0.0341049013564665,0.0960593723506025,-0.115626959984408,-0.106909376195036
1624,"heggarty2024",-5.77779679744377,0.206407892661137,-0.125396334069781,-0.146843274587329,-0.107315933207554,-0.19381128350676
1625,"heggarty2024",-5.87307469553311,0.0511679862955455,-0.0462118982550833,-0.020164214241916,-0.0266735657973597,-0.248825528043455
1626,"heggarty2024",-5.89895801384097,0.0758046930071808,-0.151784104610987,-0.0264824504770809,0.0185725978943979,-0.138635728879674
1627,"heggarty2024",-5.88541541962262,0.169619293136985,-0.124315436091495,-0.0461122471123191,-0.136736929720639,-0.214875746632554
1628,"heggarty2024",-5.97048303865439,-0.076696101500699,-0.190874256792306,-0.0589304966088189,0.119436025256915,-0.068162177189757
1629,"heggarty2024",-5.76317592678181,0.376897648486975,0.0180256530938466,-0.0203343322008514,-0.204879449950628,-0.16834548811942
1630,"heggarty2024",-5.78975916632715,0.178040238218425,-0.230742067850993,0.0253081758640688,-0.0440476642433321,-0.197051014550782
1631,"heggarty2024",-5.82485937792792,0.123937161029884,0.0207041408327663,0.0262436183614545,-0.00479360162115943,-0.0669100257974907
1632,"heggarty2024",-5.73710644434639,0.0470752381342191,-0.0042802329656388,0.0507498906696609,-0.0143358383994501,-0.155674634535927
1633,"heggarty2024",-5.86302564688926,0.291674735480178,0.176987647849724,-0.110005573422921,0.0632994581557617,-0.0931264736924181
1634,"heggarty2024",-5.78584661907437,0.175129710405635,-0.121856738194387,-0.014425234865482,-0.0494487112581063,-0.202686052221425
1635,"heggarty2024",-5.92732084981806,0.330640915706081,0.102454391427123,-0.137718831765518,-0.104957568630374,-0.128205833081963
1636,"heggarty2024",-6.0222202871566,0.00123635714246449,-0.225834329596122,0.0248352873397745,0.109842686830207,0.0059340567761177
1637,"heggarty2024",-5.86118499196008,0.0981182569221091,-0.0622539624005745,-0.0831519066648034,-0.123407183354554,-0.143059864239817
1638,"heggarty2024",-5.89997642964706,0.162396197350608,-0.00521737923184925,-0.138679546585828,0.0591910810799717,-0.15363260039842
1639,"heggarty2024",-5.95002807845948,-0.118270710864622,-0.27538557331548,-0.0937395310354148,-0.00224498283445192,-0.142461944370675
1640,"heggarty2024",-5.86893332610571,0.194095179485266,-0.0429187551656815,-0.0644747385115666,-0.12958078645592,-0.103666227508393
1641,"heggarty2024",-5.77655984255318,-0.0377214326045983,-0.250272725262403,-0.0140881930589614,-0.0610162933899782,-0.0762701413957037
1642,"heggarty2024",-5.80146122860525,-0.0227926199954961,-0.17285216670328,0.098351481172608,-0.0124552864763137,-0.171261945557715
1643,"heggarty2024",-5.87168184748255,-0.0398452121524575,-0.154084530974813,0.0141701161243509,-0.0265572422034207,-0.242765150124076
1644,"heggarty2024",-5.86658425418959,0.144725802335089,0.0483166543681797,0.0595814375276127,-0.0557523971638037,-0.0500837356413551
1645,"heggarty2024",-5.83101802455715,0.0664829464533775,-0.160650446973604,0.000682403257384678,-0.0250476079677796,-0.140838014226709
1646,"heggarty2024",-5.83099735507894,0.174471996860882,0.0287501850345398,-0.0758277029558075,-0.0463218629711994,-0.175670831596743
1647,"heggarty2024",-5.64411028857773,0.0126369840195463,0.215728557348436,0.0665942978095758,0.012001494330642,-0.101598965173978
1648,"heggarty2024",-5.79418770844243,0.133501967071632,-0.13835344592301,0.0740088134870227,0.0248545622320185,-0.168466312384891
1649,"heggarty2024",-5.85983782959409,-0.0448426705349005,-0.201529753945346,0.0992700324729001,0.0875094318351112,-0.119647295943002
1650,"heggarty2024",-5.82675735069067,0.519082306731705,0.264132356619424,-0.0231236623020738,-0.14420583161758,-0.182395985091643
1651,"heggarty2024",-5.83439720036168,-0.0504212325226885,-0.180953112794322,-0.0281507156508727,0.0289058083832086,-0.123259463709974
1652,"heggarty2024",-5.7305668866404,0.108814888652186,0.00333888910213671,-0.100778193784437,-0.00729853968265103,-0.144313498206363
1653,"heggarty2024",-5.70878581369908,-0.033218284480027,-0.0636227694020664,-0.104491864166425,0.0430885793431096,-0.059543933441432
1654,"heggarty2024",-5.85289019937116,0.098049899461815,-0.15290212631518,-0.0808343080546716,0.0333527753026209,0.0381690810909063
1655,"heggarty2024",-5.74644688321053,0.312317771679735,0.0143415038470287,-0.0808216812856688,-0.00230692531519915,-0.0853546890539767
1656,"heggarty2024",-5.84944795001652,0.132337584958461,-0.0438350775164449,0.00613090214154318,0.0196103761280695,-0.143970264261085
1657,"heggarty2024",-5.85467552159565,0.080734230192042,-0.107638983709284,-0.186204043468783,0.0552972444221646,-0.14037984791247
1658,"heggarty2024",-5.88437348039971,0.161347474658517,-0.0613628904865048,0.0584609105731024,-0.0423222171645624,-0.0921631367464944
1659,"heggarty2024",-5.4526156017703,0.157621583323698,-0.0797245334420153,-0.131888291129932,-0.0729834852402032,-0.341730164504712
1660,"heggarty2024",-5.84610069329692,0.1389308055812,0.0902139655310054,-0.0203201565090917,0.0246215651372473,-0.10656897465613
1661,"heggarty2024",-5.88552385563752,0.149421078916154,-0.252468125838103,0.0684696486521885,-0.119583096694579,-0.0767657442755583
1662,"heggarty2024",-5.95219303399766,0.189977675722314,-0.0144074629928774,-0.0443202141710326,-0.0773144663093669,-0.125949112482629
1663,"heggarty2024",-5.74204732660472,0.16139004168677,0.0915382126095409,0.00465379483353003,0.00670388054179859,0.0498552119684114
1664,"heggarty2024",-5.89513562067209,-0.111849140622896,-0.114525291357824,-0.208742761290684,-0.0494647111023943,-0.227456063994225
1665,"heggarty2024",-6.06089954871664,0.315301167525294,0.122551987600937,-0.0793441125526016,-0.0718684584831321,-0.122361093499475
1666,"heggarty2024",-5.86865662644821,0.1044025578755,-0.0697208923354959,-0.092626904722664,0.0209109672446231,-0.180655765657236
1667,"heggarty2024",-5.77167022594547,0.156998345639386,-0.0790088452811291,0.00235368639647411,-0.0936138422353909,-0.105164915145657
1668,"heggarty2024",-6.0004436495973,0.00274451707906078,0.00129021789592207,0.0560338798867965,0.067029985405198,0.0219395506138282
1669,"heggarty2024",-5.81987817858516,0.271362841920046,0.226506739478824,0.0747851429093356,-0.0862379117381053,-0.163136835247996
1670,"heggarty2024",-6.03844590483161,0.129286165405056,-0.0157136099377836,-0.0866467271274149,-0.0113016344739829,-0.146445309183322
1671,"heggarty2024",-5.71382498927586,0.163046854356697,-0.183408859366034,-0.126787716852396,-0.0323301020527211,-0.192225789574883
1672,"heggarty2024",-5.80064541968119,0.203840452956681,-0.0842016741936555,-0.0226015557603129,-0.0838289959615234,-0.185566610914679
1673,"heggarty2024",-5.84370074015867,0.292992550015113,-0.0191245538982328,-0.0709124982522149,0.00576705849179139,-0.196986639539589
1674,"heggarty2024",-5.77658668579349,0.191886626399518,-0.116686577936967,-0.0325957441186681,-0.020110166630694,-0.20349281946689
1675,"heggarty2024",-5.86310568112165,0.280555235306766,0.0529713684606369,0.0597399140063631,-0.112194728569524,-0.170279215896779
1676,"heggarty2024",-5.42136515403148,0.288258108408385,-0.0174918540066237,-0.075445711945401,-0.0930397723841092,-0.140006044138605
1677,"heggarty2024",-5.98726765296435,0.230213292897974,-0.0309438534689492,-0.0104652295179248,-0.141153068881743,-0.0937413093316267
1678,"heggarty2024",-5.84967198259157,0.141420830122693,-0.0479077056897941,0.116063886885663,-0.052551766689198,-0.139793205290964
1679,"heggarty2024",-5.98808899162799,0.0414617562748252,-0.0434159912049235,0.0345060877467832,-0.0488293828104178,0.0188400203475969
1680,"heggarty2024",-5.76586225713467,0.168043974417822,-0.0763311917168155,0.103188420509082,-0.0474174288017511,-0.168185170898628
1681,"heggarty2024",-5.86697296120278,-0.0953445561717201,-0.130619805151882,0.0625937713876984,0.0494699147039674,-0.00961086446234943
1682,"heggarty2024",-5.50410757562253,-0.0432424568697292,-0.140957495345267,0.176911489364048,-0.0901749246903485,-0.239789676886576
1683,"heggarty2024",-5.85719189762972,0.0712318363900328,-0.0190842468601293,-0.0469064675265572,-0.0659260995511008,-0.0302936706241267
1684,"heggarty2024",-5.91328961235954,0.285573185615359,0.0176218615351033,0.00834494870400676,-0.0198083551387554,-0.133684176837594
1685,"heggarty2024",-5.96075438922456,0.239315374649346,0.0199799929109852,-0.0991165125445001,0.012275897103473,-0.129685603082501
1686,"heggarty2024",-5.78356389921941,0.390583848080767,0.180230892882141,-0.00651285392505205,-0.0452491380415097,-0.11462391146431
1687,"heggarty2024",-5.7484082883215,0.292044407703834,0.0289727929664032,-0.00408017449073213,-0.0844580111659572,-0.146515221570248
1688,"heggarty2024",-5.76485135747641,0.218279041981879,0.0290952856603311,-0.0372251995224735,-0.0891506190363904,-0.253046816878135
1689,"heggarty2024",-5.84354862142925,0.152806590596193,-0.152165611940115,0.0514351119009109,-0.235442155683181,-0.0628211525362392
1690,"heggarty2024",-5.91368061633431,0.145420159469016,0.0705609962085238,-0.0371971165294498,-0.0292228338492897,-0.0314790778366258
1691,"heggarty2024",-5.82406466165315,0.43473032920155,-0.135002348065044,-0.145496072115802,-0.0134811442068039,-0.255905146597551
1692,"heggarty2024",-5.81333891319712,0.0685071055434005,-0.266148709543801,0.0435507484913665,-0.105627832763985,-0.107161889176774
1693,"heggarty2024",-5.79349553591831,0.196625666900367,-0.0353562321682359,-0.0385248997026157,-0.0126854502323373,-0.183818840979212
1694,"heggarty2024",-5.70697410177471,0.0543293076634541,0.191380422615755,0.0176947579367027,0.173641588271008,-0.0544767807864805
1695,"heggarty2024",-5.87481847993258,0.165341038067003,-0.0747731172484215,-0.00608733533656071,-0.131241173276719,-0.0572256280548908
1696,"heggarty2024",-5.97583094893307,0.167120334652966,-0.124099044364312,-0.0118038803866297,-0.0638614598852307,-0.0974440578709466
1697,"heggarty2024",-5.78694157889824,0.125241563573296,-0.103400410704913,-0.0388682320781038,0.125915955744173,0.0121766407261942
1698,"heggarty2024",-5.8789984623521,0.0178973271746087,0.00968829781185123,-0.101110607979693,-0.0775591532483459,-0.0429598980963725
1699,"heggarty2024",-5.89950644798374,0.246900718672107,-0.181509975632983,-0.22089673648206,-0.0801554830025538,-0.148393396539327
1700,"heggarty2024",-5.98002342230415,0.0534807048993795,-0.0200251098469426,0.0701431004097497,0.0666313136777261,-0.0917657513162258
1701,"heggarty2024",-5.91061594560902,-0.0264097455646766,-0.228071500079568,-0.0477732955877985,-0.000834040525054853,-0.00141730602372674
1702,"heggarty2024",-5.79794189028388,0.284063482027263,0.0952512375990067,-0.0359416658067747,-0.191345533663744,-0.172791161484259
1703,"heggarty2024",-5.85815074526025,0.27996002465186,0.0115650053774319,0.0177827405012503,-0.0170690090164336,-0.0358179459745281
1704,"heggarty2024",-5.8521383501508,-0.196603718166264,-0.319074341060483,-0.0901952577583603,-0.0965005127362289,-0.327319433713691
1705,"heggarty2024",-5.8483156988149,-0.114489461776457,-0.109956876784419,-0.173222406450002,0.048332263374179,-0.200248924144343
1706,"heggarty2024",-5.93129111411905,0.0859849497482315,-0.148689176152035,-0.0732544320349565,-0.118591722783249,-0.157040200291613
1707,"heggarty2024",-6.06543550572714,0.175033460815921,-0.141889955116155,0.107085236189247,0.120350420827896,-0.0817732733399581
1708,"heggarty2024",-5.77677238980651,0.195667505273359,0.0850413013335173,-0.0749314396373448,-0.0238333260370978,-0.171666027179067
1709,"heggarty2024",-5.71490136183309,0.252568760558274,0.0112111440110619,-0.0836924746242296,-0.0305873317092159,-0.0392445466241263
1710,"heggarty2024",-5.91102833288095,0.253562723677388,0.0604238749927744,-0.0108719233277608,-0.081234849209322,0.0345600251079438
1711,"heggarty2024",-5.95914259680924,0.0573679958042338,-0.170620202961906,-0.0436679856626804,-0.0373574131226197,-0.166036257939418
1712,"heggarty2024",-5.83099827544803,0.213798192368711,0.0431026967965608,-0.0427545561776238,0.0106420126250646,-0.0713625673397295
1713,"heggarty2024",-5.7893366398832,0.182884289457634,-0.229187174327081,-0.00268217268069857,0.00681758737181427,-0.167646083812384
1714,"heggarty2024",-5.83306331336826,-0.0159528432611672,-0.221505615290946,0.0109729692096119,0.060275898483785,-0.119714441534593
1715,"heggarty2024",-5.8463311212738,0.156623897842156,0.0145943284404883,-0.115403853929104,-0.0522300392457756,-0.167546617370435
1716,"heggarty2024",-5.92585942084472,0.169776801010686,-0.0365668894002503,-0.0259227521647759,-0.200470639274934,-0.171903971967428
1717,"heggarty2024",-5.85571046363893,0.0294070642710375,-0.13910635233426,0.0091333233086905,-0.0975235685061458,-0.129623461776641
1718,"heggarty2024",-5.82936609678634,0.189795932615777,0.0666976408885906,0.155339767244646,0.044810527701133,-0.11397964226357
1719,"heggarty2024",-5.74661212805942,0.15955419408774,-0.0712880557040051,0.0257424349126238,-0.0582090224857308,-0.145699292130911
1720,"heggarty2024",-5.87485659361132,0.049016458288898,-0.163663078928006,-0.0303436056570706,-0.0616576161747871,-0.137048545342264
1721,"heggarty2024",-5.89795529277778,0.2101784202621,-0.21492684931327,-0.123423871333238,0.0198257226929603,-0.122733795416231
1722,"heggarty2024",-5.77582234946678,0.269606669790974,0.0941794481256893,0.136114798588133,-0.0241186874860034,-0.0783224373683164
1723,"heggarty2024",-5.93413905792489,0.136639950564857,0.0328546951013956,-0.0435076367233832,0.0211427731124327,-0.138193786833002
1724,"heggarty2024",-5.89414017782486,-0.104047759579535,-0.278643043674681,0.00134033987225457,0.142958358368439,-0.138978779340205
1725,"heggarty2024",-5.88491880289879,0.0535184452946011,-0.0977768863919974,-0.0330073106472257,-0.0116250859901298,-0.13174766974765
1726,"heggarty2024",-5.68987901100431,0.0623452541833234,-0.228158156574139,-0.141082207226431,0.059504829325909,-0.338688560982787
1727,"heggarty2024",-6.04161036922319,0.0756820908185774,-0.0500768760775053,-0.0203791142751403,0.0962389912467898,0.0470728189780786
1728,"heggarty2024",-5.87182489417948,0.0167749690863824,-0.0751827493657061,0.00176992147160261,-0.0156457077842525,-0.0566475821897193
1729,"heggarty2024",-5.65985347686381,0.211430692408335,0.135662522969194,-0.161500476980904,-0.105751556566087,-0.150076525017386
1730,"heggarty2024",-5.94787389169197,0.181778393347113,0.0394587904242545,0.0798149084808199,-0.0567654896201784,0.0736720378283814
1731,"heggarty2024",-5.79393385198459,0.119744690449596,0.000516360467777442,0.057579813870012,-0.276117118407306,-0.094291489395307
1732,"heggarty2024",-5.68843334017414,0.00497136453733775,-0.0693012570396543,-0.204006551141751,0.0293503564452072,-0.20468174416601
1733,"heggarty2024",-5.92877700278078,0.0284789124279599,-0.0979742357646906,-0.0252376627082603,-0.0491931943719906,-0.0358775335015655
1734,"heggarty2024",-5.80136900001136,0.0151935819394479,-0.0917206863717836,-0.0974740099795018,-0.0144553640094143,-0.242948748999814
1735,"heggarty2024",-5.89203785505596,-0.025069665992748,-0.0812819052608952,-0.0928964398096079,0.0284288678248988,-0.12030870325472
1736,"heggarty2024",-5.8561699875271,-0.266102797904334,-0.336477615699938,-0.192482468238048,0.0373528808077575,-0.263324749132015
1737,"heggarty2024",-5.84051811607207,0.20465259737829,-0.0637523132030709,-0.0741190562008472,-0.00310604461863415,-0.157031761216505
1738,"heggarty2024",-5.75321222756726,0.159889972740092,0.051912435570305,-0.0599069516866309,-0.108410322441652,-0.0755363051456426
1739,"heggarty2024",-5.64255010129778,0.207894709470801,0.000516854145097195,0.052552489507488,-0.24055026173233,-0.197694683110389
1740,"heggarty2024",-5.75276225251328,0.113931096702401,0.100829567372184,-0.0907414016385029,0.0443077525303635,-0.0894973845171072
1741,"heggarty2024",-5.8330928272178,0.161232954274736,-0.0463338504869523,-0.0256015293271623,0.103047382667003,-0.167288474758267
1742,"heggarty2024",-5.76170933175119,0.0317201488891637,-0.207562953283824,-0.121136317208562,0.0245472026669321,-0.135758885273008
1743,"heggarty2024",-5.69048166250231,-0.0340355220925265,-0.226881840946781,-0.0488600898387346,-0.00856247111671819,-0.18976559401992
1744,"heggarty2024",-5.78686858629488,0.175656685195004,-0.00420058378123767,-0.0811139392810068,-0.0855359679466075,-0.134394824075303
1745,"heggarty2024",-5.87633912241331,0.125548012467908,-0.0350026832389608,-0.0169416824158813,0.0727269097954345,-0.091007532641555
1746,"heggarty2024",-5.92820723046696,0.146571001440442,0.0334026797306068,0.0575423842282836,-0.0192975220518316,-0.0631193486500767
1747,"heggarty2024",-5.86238375035906,0.318378503109199,0.113679974599912,0.0597522865968929,-0.204912207423488,-0.253556637723704
1748,"heggarty2024",-5.80049242919806,0.386721454513486,0.0799931906180879,-0.131997234801193,-0.170800716496257,-0.160422068044629
1749,"heggarty2024",-5.77802728269031,0.0848229371700296,-0.122591125991985,0.0194095947661525,-0.0805336085120654,-0.0940615187621341
1750,"heggarty2024",-5.84599151799987,0.0123021732365823,-0.188870404885967,-0.0846782479610651,-0.0658148361465374,-0.142302878188656
1751,"heggarty2024",-5.89263840603716,-0.0535359406560569,-0.0981903896171282,-0.0990316773436493,0.0951586754651191,-0.0607666820448288
1752,"heggarty2024",-5.92822055922703,0.0313788283050106,-0.176642432477517,0.0581227314332087,-0.0417638693295681,-0.0281719776214097
1753,"heggarty2024",-5.66838350455132,0.105861886504738,0.0123700307699947,-0.00643162240608507,0.0964771725690088,-0.136524583865836
1754,"heggarty2024",-5.88134653165992,0.32982382061801,0.0589179572393965,-0.0334771274227906,-0.112028206313308,-0.080685206000584
1755,"heggarty2024",-5.89597754558605,-0.073427925650907,-0.247277032240546,-0.20947035593217,0.0532466207330594,-0.0726940647791577
1756,"heggarty2024",-5.78847973408289,0.2046436077064,-0.0428333867815622,0.00724618479210442,-0.0370138878259315,-0.0761708093376262
1757,"heggarty2024",-5.78476640603777,0.12696872606535,0.111119231475846,0.0205651296275584,-0.0695155765747324,-0.0685637281876584
1758,"heggarty2024",-5.86855495751654,-0.0920609260315173,-0.0701706094114606,-0.0166937395889599,0.021348504326424,-0.0839206518601702
1759,"heggarty2024",-5.8821691764914,0.185943219079801,-0.0504537238268246,-0.0114820101303077,-0.0457540558566176,-0.0593272913644759
1760,"heggarty2024",-5.79504230337417,0.065703239148167,0.15086970663599,-0.115745614081474,0.230386356681044,-0.291854976897335
1761,"heggarty2024",-5.87519818143721,0.288217259250914,-0.0656598827804503,0.000411348380524226,0.0785385652197128,-0.0561651594337713
1762,"heggarty2024",-5.75462969670672,0.26843405694771,-0.00653450934405323,-0.00512542445958753,-0.1044967091975,-0.0965153868342874
1763,"heggarty2024",-5.93138624696885,0.0894978424798589,0.0671561530990487,-0.0223720617020479,-0.109619393166076,-0.137957364564705
1764,"heggarty2024",-5.8206078277854,0.100920065209129,-0.0705001353313714,0.0248344158882746,-0.136417482007332,-0.062215852410951
1765,"heggarty2024",-6.13089143594067,0.250934842472617,0.0305782952370017,-0.0810550923643257,0.0684529140037494,-0.00762438054808998
1766,"heggarty2024",-6.04136085415321,0.699750139761657,0.361475288096148,-0.111108985685062,-0.0439580071668196,-0.00715243050365868
1767,"heggarty2024",-5.91673080737971,0.122959185181857,0.0597952298906528,-0.145351613210968,0.0234895315087225,-0.0747499371753333
1768,"heggarty2024",-5.8791701315063,0.222323753750711,-0.0561477249536328,-0.0121373450628356,-0.0934316461776424,-0.191395385636769
1769,"heggarty2024",-5.7372212602206,0.0291118016646108,-0.267170731127215,-0.0485154187667552,0.0929300957570793,-0.0853752625349767
1770,"heggarty2024",-5.67105785793011,0.150247409177821,0.0520285491256834,0.0301955136160249,0.00577780117277202,-0.199920679839479
1771,"heggarty2024",-5.89174253507429,0.0728807464542204,-0.0358761154335423,-0.145770343375361,0.0213914126237508,-0.147373817526988
1772,"heggarty2024",-5.88102078544183,0.0653909923252858,-0.153378213896986,-0.161441429728809,0.036642107339338,-0.178372696682413
1773,"heggarty2024",-5.88982166255246,0.228602553312437,-0.224195361813295,-0.116613812824375,-0.0721717741318767,-0.383873146613952
1774,"heggarty2024",-5.89440379698754,-0.162000395193264,-0.235609696020105,0.0419738000708642,0.0360137357506755,-0.201983576292581
1775,"heggarty2024",-5.8558011328414,0.0379072922093807,-0.0671143678849965,0.0185079753860651,0.0224029872716985,-0.0571819620033149
1776,"heggarty2024",-5.81809777473602,0.228078129533493,-0.0722462990028885,0.00503681008905757,-0.0752342973534782,-0.166497037527433
1777,"heggarty2024",-5.70942536932159,0.140600504220603,-0.174962782144823,-0.020597505016328,0.0562447005051988,-0.0897268964912845
1778,"heggarty2024",-5.86162534427321,-0.062816005782393,-0.154920589308906,0.0477197032600007,0.119237678690258,0.0284528396818106
1779,"heggarty2024",-5.9106464799372,0.0234537650691203,-0.215315899637613,-0.0863343334121381,0.00857195906222268,-0.0744578541857855
1780,"heggarty2024",-5.82255455222838,0.293079631695398,-0.0550395871817884,-0.0710127029065241,-0.153539039274575,-0.144519694384841
1781,"heggarty2024",-5.66767210267345,0.229588558237874,0.414921049165052,0.10284274053751,-0.0148785217696233,0.0115187527080917
1782,"heggarty2024",-5.83793181995193,0.246893644345348,-0.0136663391683923,-0.00286446790682464,0.0907207671510215,-0.0784052127015247
1783,"heggarty2024",-5.83089839536725,0.221688010680226,-0.0269676266703951,-0.00891604274080117,-0.00433685950028842,-0.129710558944727
1784,"heggarty2024",-6.06389347514471,0.223151032347753,0.0313584956476601,-0.0381975036466812,-0.12811712935189,0.019378763940572
1785,"heggarty2024",-5.47883113302531,0.105626578927224,-0.20673659718675,-0.082130521757374,0.0169405029545985,-0.220783227488792
1786,"heggarty2024",-5.89803654458125,0.120264723929157,-0.0712886934703268,0.00297790928788996,0.00353253385222321,-0.244992757129027
1787,"heggarty2024",-5.81535787333118,0.172072121112178,-0.161189739352894,-0.0369719519053827,-0.0912400505372334,-0.172853621497739
1788,"heggarty2024",-5.87805991711618,0.0581355938350577,-0.211550664173396,-0.0484922787842791,-0.114926598202571,-0.203374305312212
1789,"heggarty2024",-5.67170485778385,0.153485054803342,-0.0936169767188418,-0.00809402802670406,-0.084665943492585,-0.0655597282839225
1790,"heggarty2024",-5.77973047954691,0.0664494415131682,-0.0718776958721279,-0.011624303466006,-0.0180825321961024,-0.113030478365994
1791,"heggarty2024",-5.89547160186137,0.131463459694861,-0.116750497478796,0.0563121225942873,-0.0110272676405088,-0.0545128071139609
1792,"heggarty2024",-5.80665602907685,0.150576890560804,0.0116282872539492,0.0217087116556222,0.02003897302019,-0.109174915645422
1793,"heggarty2024",-5.78525191480965,0.131745765657675,0.101061702780916,-0.0377524661550883,0.00638188053088593,-0.0088502164407928
1794,"heggarty2024",-5.6849647790213,0.0673999688004168,-0.0451897704211523,-0.158915240673276,-0.00845934953862365,-0.323749719404088
1795,"heggarty2024",-5.82118879384963,0.302798583720372,-0.101607697317397,-0.0596169899325536,-0.024278825811319,-0.229769138722006
1796,"heggarty2024",-5.84738749542077,0.0718870987001962,-0.132620157923251,0.0684897384115474,-0.104687194908818,-0.125540607649568
1797,"heggarty2024",-5.93764634393025,0.0236959039892696,-0.181041774073177,0.0247100460988324,0.0499368535946009,-0.144293495550863
1798,"heggarty2024",-5.90184217282559,0.202684990858973,0.0141129843510167,-0.020492782462959,0.0760065735897156,-0.0546169062872686
1799,"heggarty2024",-5.99258472732882,-0.26437169333555,-0.263302070149952,-0.148260686639886,0.207827204659995,-0.105844691500526
1800,"heggarty2024",-5.85107087306354,-0.0404022870596129,-0.12149742024521,-0.0660989383249141,-0.159021374548481,-0.201007488211842
1801,"heggarty2024",-5.53415662691801,0.388646816597556,0.0426560567338742,-0.109081663077987,0.0172663472850828,-0.193295072619758
1802,"heggarty2024",-5.87177594370746,0.189378094284623,0.0457771114854877,0.0547244210770234,-0.0815870953521382,-0.127458454328435
1803,"heggarty2024",-5.87311056675739,0.113834015653749,0.175163808612129,0.124582256463354,-0.00814427784427913,-0.0752332268735989
1804,"heggarty2024",-5.89967559684906,0.115356291806039,-0.103592506366482,-0.145708022457213,-0.00918290205253034,-0.0466522344740084
1805,"heggarty2024",-5.95205215102569,0.116976049132565,-0.22437691385526,0.0179329843581593,-0.0869280965047842,-0.10993097727467
1806,"heggarty2024",-6.0101744723275,0.0428050271782423,-0.0319848345232808,0.0115459009958769,0.00415147039628039,-0.171510474196196
1807,"heggarty2024",-5.7891548817343,0.065549877429875,-0.127526216898253,-0.0718297111540832,-0.0735076990098943,-0.114364452383637
1808,"heggarty2024",-5.8100665829888,0.0872022004325527,-0.156526322601843,-0.0442835481992905,-0.0254056322838324,-0.134056705874641
1809,"heggarty2024",-5.96908285409763,0.0708482186639219,-0.154675132784178,-0.120476739819184,0.116056707362219,-0.145897178237057
1810,"heggarty2024",-5.922436092811,0.148483698556698,0.155660495225445,0.0639793875221184,-0.057509413877888,-0.0947439459823461
1811,"heggarty2024",-5.87962812487637,0.137893837024193,0.0384969146350411,-0.0806354300950302,0.0519836575375374,0.0104843509890146
1812,"heggarty2024",-5.8623820871743,0.139007567244235,0.00123217618130316,-0.00844176615932563,-0.0332129141146869,-0.125839178357232
1813,"heggarty2024",-6.00836857523627,0.155857853729464,-0.0207102431533146,-0.0320497439105296,0.0373989031936559,-0.0339152607908135
1814,"heggarty2024",-6.03186077742985,0.261804070412882,0.127344032758202,-0.0951137748482743,0.0689623613806901,-0.115672534450896
1815,"heggarty2024",-5.8498270624873,0.115751653828396,0.0403051401365929,-0.1039813074788,0.00466601536671487,-0.061693302415672
1816,"heggarty2024",-5.93274884782666,0.252706381817581,-0.0131072087442635,0.0292937856151598,-0.146839625415796,-0.000553235937191259
1817,"heggarty2024",-5.79747157339553,0.47166766445259,0.0151963613975166,-0.151076187845345,0.0201580606274214,-0.166253426342781
1818,"heggarty2024",-5.9123493656084,0.0117966706903475,-0.0941393022384155,0.0918928798413972,-0.0255362915126676,-0.0276059681453979
1819,"heggarty2024",-5.96483899436977,0.0615577378716599,-0.139663311803689,-0.0660552540443796,0.0085121279686615,-0.127367451553908
1820,"heggarty2024",-5.86036811588459,-0.0393528682636731,-0.276817034376239,-0.123474656123709,-0.0677752768775918,-0.140398845983773
1821,"heggarty2024",-5.81257356437954,0.142298072354417,-0.010736099082021,-0.113424729473267,0.0153703649034229,-0.152913428364232
1822,"heggarty2024",-5.88978528688919,0.143007204011691,0.0846396180017472,0.139848382517031,-0.0798745760198551,-0.0871080141706552
1823,"heggarty2024",-5.85594044137837,0.22166965528119,0.0180107844445692,0.0867688406134369,-0.0623087603897604,-0.0589290940300756
1824,"heggarty2024",-5.75349077234872,0.110903965362906,-0.0521123668791611,-0.0755621240636007,0.168531126469542,-0.134815530252529
1825,"heggarty2024",-6.04834731115468,0.0207980791596499,-0.118946695523736,-0.121050967138603,-0.1417875461182,-0.173400256252803
1826,"heggarty2024",-5.85414216326189,0.0211280968614008,-0.120037403572338,-0.104228496530846,0.0704059582912143,-0.126735797554432
1827,"heggarty2024",-5.58834287283394,0.16696811247819,-0.15926718782153,0.126953163009318,-0.151800667151529,-0.272068479019441
1828,"heggarty2024",-5.89847171577071,0.0401014034452883,-0.0348444547129413,-0.0544117699374657,-6.84643800158563e-05,-0.135848723814747
1829,"heggarty2024",-5.74526021657882,-0.0186392554734403,-0.139416980187868,-0.061792461867604,0.0335085680031591,-0.173441041708122
1830,"heggarty2024",-5.94097496380944,0.185454618006832,-0.0526613490091497,-0.0925827027185679,-0.0411019009464661,-0.0689425371528041
1831,"heggarty2024",-6.29280287312783,0.25375496882103,0.238452448296068,0.0105224692649545,-0.0359037422583337,-0.00664727933042068
1832,"heggarty2024",-5.97737381200475,0.3994325406445,0.0490295542449792,-0.138625020591082,0.134598977736677,-0.162833197566346
1833,"heggarty2024",-5.88406462060853,0.071922434321074,-0.175811941981658,0.0703815330262296,0.0476740308361583,-0.112536876655167
1834,"heggarty2024",-5.99225160927961,0.0182557296915141,-0.0960930345735803,-0.0326338142578005,0.101564282141383,-0.0117181060495422
1835,"heggarty2024",-5.82708757849066,0.10923271224577,-0.0869064604211834,-0.105378065712085,-0.151085744396967,-0.146725611514719
1836,"heggarty2024",-5.8872088667102,0.0795891488825764,-0.138104760438239,-0.0594012496884144,-0.0421707458620102,-0.147157456352195
1837,"heggarty2024",-5.85073053240085,0.181142349044108,0.0249015390830353,0.0291789637589056,0.0518607316227878,-0.0273519261059212
1838,"heggarty2024",-5.96328720867735,0.0899619616680924,-0.0803979995379107,-0.173622381622869,0.0711598737777545,-0.102515257576014
1839,"heggarty2024",-5.82758327710412,0.101811827732623,-0.131173723721131,-0.047269014494152,0.0896786361793337,-0.112656551483709
1840,"heggarty2024",-5.70019661272523,0.127896370624858,-0.0800080477542599,0.0326310169020742,-0.0220601560024964,-0.141737708670595
1841,"heggarty2024",-5.80800873418044,0.0650345194673356,-0.00085413257036214,-0.101866276536459,0.010335569324306,-0.0737486158904124
1842,"heggarty2024",-5.45430727770597,0.363857125239129,-0.456241644372493,-0.0568242606835195,-0.0697955769320592,-0.298173082956127
1843,"heggarty2024",-5.91224613590429,0.192777399386672,-0.0123265829573064,-0.0623828087947443,-0.129865564751201,-0.185281719010585
1844,"heggarty2024",-5.91437440940429,0.0822879265389489,-0.0863785042981291,-0.0928385266737566,-0.00518938952043618,-0.0950221720712299
1845,"heggarty2024",-5.84662877274903,0.332327770235641,0.170765616016085,-0.0440660361729671,-0.094353165257564,-0.219796006513899
1846,"heggarty2024",-5.8591406831848,0.0820877516985186,-0.168115809053605,-0.0708690413098282,0.0227962314764182,-0.118248023130811
1847,"heggarty2024",-5.83806661385689,0.244782987134315,-0.00843679127284529,0.0174691380763074,-0.109188721654904,-0.151947432137951
1848,"heggarty2024",-5.88953887936107,0.0013525696956824,-0.139369644015402,0.0108259028492711,-0.027190245285769,-0.160883535991273
1849,"heggarty2024",-5.87576920002198,0.366841824019041,0.0727806315841987,0.00705146880159411,-0.052982864538259,-0.0742187488576813
1850,"heggarty2024",-5.77580397214639,0.201631973329377,-0.12199300251894,0.00254710233341521,-0.0439020966737078,-0.13699074340655
1851,"heggarty2024",-5.82423302994219,0.292701635427913,0.113217981981746,-0.00636413337134207,-0.022425015373816,0.0197220376251259
1852,"heggarty2024",-5.77117319141523,0.144887075827052,-0.271179182174712,-0.10386969816581,-0.0883917648000819,-0.188463562623684
1853,"heggarty2024",-5.94234312014008,0.0807991073643959,-0.154198157874528,-0.029793954659389,0.0570669506267533,-0.0731551842388195
1854,"heggarty2024",-5.88801569261294,0.126311203982664,-0.15785518696985,-0.141121050881285,-0.0962916186647709,-0.134974727868406
1855,"heggarty2024",-5.92365593531148,0.0472601683499148,-0.239199179562767,-0.0773526984579203,0.0793619321248522,-0.0839446417866085
1856,"heggarty2024",-5.88137684725886,0.132337469622478,-0.11375765561368,-0.00311913229782851,-0.0671391127039277,-0.0854779395806227
1857,"heggarty2024",-5.75462551741651,-0.11297033177126,-0.049640636804696,-0.15505429011494,-0.0176401699087691,-0.290254268129077
1858,"heggarty2024",-5.72100965117785,0.0645664454628617,-0.234390517327269,0.030705271076645,-0.0767780058791789,-0.203711359861965
1859,"heggarty2024",-5.81109226679327,0.0424105626414176,-0.125124201133109,-0.00055475396108028,0.0248667197004232,0.0283159059889888
1860,"heggarty2024",-5.9137516799052,0.105411873970373,-0.121423476726266,-0.00425742966040764,-0.0279419474174091,-0.185450884439782
1861,"heggarty2024",-5.80748823539601,0.228708454340934,-0.0122864413204427,0.0407589427766309,-0.0880866023912378,-0.214374200189359
1862,"heggarty2024",-5.75480570775384,-0.194783722661646,-0.200618379914987,-0.0548974880198046,0.146233554177858,-0.0917953000575515
1863,"heggarty2024",-5.81891297071497,0.289457661492676,0.0306718546571143,0.0683813083624002,-0.00354667076275333,-0.105767367424175
1864,"heggarty2024",-5.5794825392333,0.348902319707269,-0.000747851381316611,-0.0300787810244044,-0.0036809358405316,-0.208212830218068
1865,"heggarty2024",-5.88578580905705,0.0694028539504054,-0.0777511310277772,-0.0361693786846248,0.0382591555062713,-0.134734756280681
1866,"heggarty2024",-5.87199683626811,0.0538104373710781,0.00725068561217351,-0.0135719868244197,0.0656868804888249,-0.11209662512407
1867,"heggarty2024",-5.9707650506216,0.108525612140774,-0.131706054787201,-0.134182197028934,0.0871352723901089,-0.134340675914727
1868,"heggarty2024",-5.92730599678405,0.152671118613822,-0.104947926298623,-0.0160032260770636,-0.118234272504777,-0.149441243646274
1869,"heggarty2024",-5.66676649963684,0.121720577979076,-0.132404177804056,-0.0610621785560086,-0.0645776442158498,-0.201354667245528
1870,"heggarty2024",-5.93352087639067,0.161634523492751,-0.339623208692703,-0.117873338516697,0.0736331027476375,-0.213960939361769
1871,"heggarty2024",-5.77503445987684,0.287361079576833,0.0842938447015607,0.0337516305300248,-0.110010787799568,-0.169933996265905
1872,"heggarty2024",-5.92437173407472,0.161334252963963,-0.0462102945233628,-0.00705391385774196,0.0530734603491316,-0.130440277958728
1873,"heggarty2024",-5.74710120166437,0.0815649659942331,-0.0065774146692876,0.0810545170038245,-0.0399146254036538,-0.132824210750482
1874,"heggarty2024",-5.73479409621326,0.17455061817857,-0.058014044038729,-0.0149131442910656,0.00420178265033285,-0.0578774599824369
1875,"heggarty2024",-5.93093865549981,0.192413439380267,0.0737093004869189,0.0725782101681384,-0.0873678236224074,-0.140436394814247
1876,"heggarty2024",-5.79595703667595,0.16746711198238,-0.358602328383262,0.019437750918178,-0.0715419902522247,-0.164495295153481
1877,"heggarty2024",-5.70710067414259,0.0828559376110941,-0.133920987148494,0.00791366768181364,0.0571437022831929,-0.110889070608362
1878,"heggarty2024",-5.49844846138506,0.520000390284011,0.353186186531078,-0.040532579508607,-0.0819507558189985,-0.184132521661905
1879,"heggarty2024",-5.9618692860207,0.116767065683726,-0.0522143457847744,0.0133502805728152,-0.0118111675965991,-0.191427375315968
1880,"heggarty2024",-5.83319557336939,0.0271853182373893,-0.0466181035635197,0.117906637935136,0.0683169647559627,-0.0760393172769928
1881,"heggarty2024",-5.84598174647205,0.23780554950661,-0.209697575874977,-0.149685537994765,-0.0787574105561814,-0.130444817311697
1882,"heggarty2024",-5.91073270278559,0.0583073807316426,-0.163865786740913,-0.211151554296706,0.0886209815725976,0.000931767057838466
1883,"heggarty2024",-5.71004882193521,0.00203443252555095,-0.0842610184779649,-0.0704838878382204,0.0665581070374884,-0.0600780893973802
1884,"heggarty2024",-5.96218928115632,0.151155676724823,0.111563379385724,-0.0918835583892614,-0.0348104003078318,-0.126010704124602
1885,"heggarty2024",-5.88695386937249,0.249329328830751,0.0778408355377506,-0.0489961736766606,-0.0096861918981672,-0.0981737892403565
1886,"heggarty2024",-5.94736862116482,-0.0817592711516666,-0.0903791646487999,0.0466468765797522,0.0130095287145793,-0.0967479942178991
1887,"heggarty2024",-5.56334678818666,-0.149222994214829,-0.177934274419623,-0.105374994982133,0.0133519706585112,-0.014918165947369
1888,"heggarty2024",-5.85662047512759,0.271595449353427,0.0377287863667687,-0.0218974416318423,0.0702829087001569,-0.0500968542705944
1889,"heggarty2024",-5.8552209106066,0.310108728025858,-0.0706514467450905,-0.0533366537577552,-0.111505470177341,-0.247644810137632
1890,"heggarty2024",-5.99495327587695,0.157699045196392,-0.165462243548756,-0.106323690362807,-0.0552315666479168,-0.0699634665047988
1891,"heggarty2024",-5.77446643303359,0.0809211585303085,-0.0196816545075422,-0.00170086371295063,-0.02122680897302,-0.107501359330701
1892,"heggarty2024",-6.02911872440476,0.129047161294166,-0.143564423109381,0.121522096333814,0.0762551353081099,-0.114017143046668
1893,"heggarty2024",-5.75584109117234,0.175276994958509,-0.00144370107577654,-0.0415410638727442,-0.154509407565627,-0.169009688017209
1894,"heggarty2024",-5.82627814214078,0.218904795310194,-0.103465295539582,-0.0424006845152533,0.0239006307732695,-0.0448098887657776
1895,"heggarty2024",-5.85681676119748,0.1238386759332,-0.138032072301353,-0.0352190164169702,-0.0668768756441548,-0.0533679055265028
1896,"heggarty2024",-5.75307612755635,-0.0451249772417437,0.00666721917115956,0.0292430115353393,0.050011064220414,-0.0470397567498986
1897,"heggarty2024",-5.76117358068452,0.0688667760709942,-0.112504917458841,-0.0963678918807432,-0.0761802685403753,-0.0869800732311845
1898,"heggarty2024",-5.8236357984254,0.351634449943057,0.205476055234282,0.0602961262850979,0.144616828288513,-0.036522755100578
1899,"heggarty2024",-5.75250921120253,0.0666574944023733,0.0137756903647435,0.00288254100935809,0.0301546129995345,-0.065743445868605
1900,"heggarty2024",-5.94159280708591,0.0890465174178994,-0.0951769828889252,-0.0510054202270009,-0.104301260107002,-0.0710927388491062
1901,"heggarty2024",-5.52982511327756,0.0672317158398065,-0.0470630975442341,-0.104284179961483,0.0823635333190094,-0.112480112467595
1902,"heggarty2024",-5.76448478504898,0.185965851975918,-0.0249446718534875,0.0806779956214598,-0.0006942885048941,-0.196792439158649
1903,"heggarty2024",-5.85690050769735,0.0979719424578954,-0.113553272112784,-0.0868823134275804,0.103271431787256,-0.113072108935901
1904,"heggarty2024",-5.88577560931707,0.184903554795182,-0.131219730743531,-0.112066746792068,-0.0935560159171979,-0.173681178361375
1905,"heggarty2024",-6.00042360152019,0.00970527838269296,-0.147049906668147,-0.0563128284100384,0.0410941209055821,-0.0375241954885071
1906,"heggarty2024",-5.63695631357214,0.0578850013970836,0.219887347041667,-0.170985137471465,0.0320024438947423,-0.244649065517172
1907,"heggarty2024",-5.83884120286328,0.323912186343114,0.0617256925998203,-0.105509954402778,0.0189555606055493,-0.131042426334502
1908,"heggarty2024",-5.80876867120781,0.15971056403212,0.0725674484117383,0.0595745110020826,0.0611505276789751,-0.0848815319823741
1909,"heggarty2024",-5.89404935460582,0.349224351080011,0.00993761717985385,-0.0919495340822211,0.024938202969591,-0.106200579535713
1910,"heggarty2024",-5.7173152396007,0.115288102661221,0.0155066374799823,-0.0059114019546703,0.000332028700634063,-0.223539105831507
1911,"heggarty2024",-5.85045223894473,-0.142860440270558,-0.150735033137034,0.0844469553185409,-0.0412873638023794,0.00568618010124577
1912,"heggarty2024",-5.82804726660254,-0.0772715640853976,-0.173311874596913,0.0338370912798046,0.0210816774012262,-0.110027710899181
1913,"heggarty2024",-5.78806567440747,0.325944491407158,0.128949803001285,-0.052612122749635,-0.0793485682581553,-0.119390060843226
1914,"heggarty2024",-5.85022418499564,0.124189101180195,-0.157481807227251,-0.173516788065604,-0.0283841415049543,-0.180634395665937
1915,"heggarty2024",-5.8976523355339,0.20434148312932,0.0466657153273286,-0.0806658088376008,-0.0254604464301834,-0.19177350403938
1916,"heggarty2024",-5.86963111853042,-0.0694200788918238,-0.236133291357109,0.0746951034130562,-0.0652015768613304,-0.120855961970014
1917,"heggarty2024",-5.89164490891278,0.0451395312492075,-0.14750436285041,0.00835147724706574,0.0526692377510869,-0.00773254685856932
1918,"heggarty2024",-5.77589641079939,0.0943112126406787,-0.168717134106443,0.0379291392034632,-0.112950043196088,-0.154905932214876
1919,"heggarty2024",-5.95163698736352,0.254388130082573,0.0299338726993411,-0.0193945403833672,0.0723186963482551,-0.0605659094345475
1920,"heggarty2024",-5.85630805750819,0.0250695151586292,-0.18461714310003,-0.0439722864927982,0.165897947477733,-0.0547357578820177
1921,"heggarty2024",-5.75059771533922,-0.232761781288082,-0.356266506021118,-0.0866352631610273,-0.00108378505214231,-0.088750130465884
1922,"heggarty2024",-5.88713656423983,0.239588488603512,0.0708879059016384,-0.0365033224241678,-0.153625661539398,-0.0790080948616814
1923,"heggarty2024",-5.70584029792517,0.17468285757037,0.0783063362035853,-0.0327299072345191,0.054214050744099,-0.0313461224102588
1924,"heggarty2024",-6.0409677655836,0.191938522440778,-0.0271067459557395,0.0703439875861754,-0.139770902305165,-0.100122749767465
1925,"heggarty2024",-5.76726340030954,-0.108612535036949,-0.437779190873637,-0.0417360012439393,0.0572036327802463,-0.128467046098822
1926,"heggarty2024",-5.86249512908469,0.091283913865202,-0.096555014495485,0.00996543692349389,-0.0273802990281632,-0.138784094661423
1927,"heggarty2024",-5.80599842107055,0.0552490881928648,-0.154699007535396,-0.00661576519324615,-0.0318963593276088,-0.20338724253965
1928,"heggarty2024",-5.85332974487556,0.193097386006949,-0.132915971687821,-0.00183413785357575,-0.102772362290975,-0.136609139097325
1929,"heggarty2024",-5.81928591005873,0.180061913145178,-0.0618731815038095,-0.0191055423198263,-0.00999134049638742,-0.223258324757832
1930,"heggarty2024",-5.79510417514911,0.0397503000931341,-0.290251837518003,-0.0969453718318176,0.0195732493892976,-0.0747976288911191
1931,"heggarty2024",-5.89022583706863,0.165325819110852,0.0398815493145416,-0.0253595238434718,-0.00311865289828582,-0.0651871635531439
1932,"heggarty2024",-5.86440212820851,0.0113977172059628,-0.235966996809152,-0.156344254457587,0.0582410270600753,-0.154565468707343
1933,"heggarty2024",-5.7866619318547,0.0979071539181716,-0.26354421146431,-0.0852391719818642,0.00260444479828388,-0.275252791839499
1934,"heggarty2024",-5.90720291117387,0.0711975347851678,-0.092756549281422,-0.110541713830449,0.130179437806459,-0.169820221038682
1935,"heggarty2024",-5.8302213603673,-0.0131768599634233,-0.161815070070884,-0.109353545460985,-0.0412494886626941,-0.0817395827130283
1936,"heggarty2024",-5.874439560054,-0.0446248891972911,-0.264708576063184,0.115095796488724,0.0950131975345051,-0.0662010034586907
1937,"heggarty2024",-5.95583025573713,0.253576609322944,-0.02834693291199,0.00749915997636847,-0.116242380713546,-0.0418624226057877
1938,"heggarty2024",-5.82914261910391,-0.110296794336523,-0.19128568875259,0.101417575217313,0.000581084695118299,-0.124088217243261
1939,"heggarty2024",-5.87841745527865,0.118379429443191,-0.150269050993526,-0.0392410246634606,0.083952675089381,-0.0428575295938439
1940,"heggarty2024",-5.78579107200114,-0.00170338572258542,-0.153844720572858,-0.0345767296166206,-0.108840746249424,-0.100629738076965
1941,"heggarty2024",-5.91726223440459,0.0272480277863031,-0.138673854362243,0.00493717904324593,-0.0515915604422268,-0.191282568100577
1942,"heggarty2024",-5.76112225084156,0.157341085720786,-0.179218964999529,-0.0654974589793502,-0.00189453462102236,-0.127793170929427
1943,"heggarty2024",-5.80747773245616,0.316714613897396,0.164569454889259,0.00928763715230644,0.027594451051276,0.128704497608997
1944,"heggarty2024",-5.91105746202647,0.175771389785256,-0.00241777307932157,-0.0301476684416716,-0.0589725439441361,-0.0302348475083873
1945,"heggarty2024",-5.97749386084039,0.0406167359577917,-0.154992598487088,-0.0241334937357314,0.122369817634468,-0.0740486517064675
1946,"heggarty2024",-5.80676468381695,0.031613644838412,-0.118596113880538,-0.15365226556068,0.145198141041255,-0.207507433571812
1947,"heggarty2024",-5.87500393485473,0.181145581145562,0.0437191686887662,0.0372220270292754,-0.00827928762522444,-0.0975377064887171
1948,"heggarty2024",-5.75005773432547,0.0424053732009791,-0.0699806586703146,-0.103800205468559,-0.0345014602055282,-0.130375471103434
1949,"heggarty2024",-5.5583949503241,0.160649172722757,0.0257932193719131,-0.102820590081923,-0.109481685341106,-0.104499771981821
1950,"heggarty2024",-5.8936928426017,0.0226110547230002,-0.0162042820570462,-0.0520284419812618,0.0615171266932999,0.04189206194763
1951,"heggarty2024",-5.93117322495603,0.0473956131121705,-0.110541015612589,-0.116285053856059,0.0139341477723779,-0.242834881882017
1952,"heggarty2024",-5.92599299028435,0.266927641089227,0.0828231341199468,0.0762974647693851,-0.0703507086645389,-0.0543824216994404
1953,"heggarty2024",-5.73044475054175,-0.0471619410703321,-0.0673555893529181,-0.0983933318612015,-0.202820897834889,-0.0587464079670666
1954,"heggarty2024",-5.85255570831805,-0.0620806305999112,-0.15210383641206,-0.0885672370802696,-0.00597028894766979,-0.0131025344654995
1955,"heggarty2024",-5.70548187471931,-0.0764079634098776,-0.292935359617793,-0.102852670167009,0.0753265247837773,-0.201048365808788
1956,"heggarty2024",-5.88938261157587,0.203124054614292,-0.122132931798522,-0.114496968243818,-0.0538076894890976,-0.152280165808459
1957,"heggarty2024",-5.8486077436953,0.217616581260026,-0.0346484820730126,0.00431193184506226,-0.0101629430815153,-0.170743476832236
1958,"heggarty2024",-5.80159404838826,-0.0406958877524174,-0.147365559561194,-0.0010787284327344,0.176477041442001,-0.0879379874607512
1959,"heggarty2024",-5.82567812134782,0.0282472767337383,-0.179711267539927,-0.059850097333768,-0.124754793545406,-0.18224158753115
1960,"heggarty2024",-5.45549983213659,0.31261346752177,0.0350920884978168,0.0132823465043528,0.0407853432876195,-0.14649453405532
1961,"heggarty2024",-5.83399532013891,-0.0669546016226611,-0.0982186066328593,0.0775431570310803,-0.0591660897745411,-0.094183898471713
1962,"heggarty2024",-5.73304149718617,-0.0845390180409051,-0.192423886052732,-0.114034758920286,-0.0255302966966529,-0.200227487485398
1963,"heggarty2024",-5.86775932113739,0.083327209331308,-0.209355487600857,0.049354974978187,-0.00562521812728086,-0.11524489348671
1964,"heggarty2024",-5.93486269291845,0.175840202337863,-0.136534164163533,0.195394218433429,-0.229212228280043,-0.0552687040443182
1965,"heggarty2024",-5.90164754145508,0.119798688811262,0.00168260671026212,0.0311959459422176,0.0506056458888235,-0.0618054970632642
1966,"heggarty2024",-5.75704505485944,0.261922458667364,0.0925032986396313,-0.0179563945765718,-0.0575978532440447,0.0440290383981703
1967,"heggarty2024",-5.88470814742593,0.10022718885198,-0.103241354664346,-0.0415489846045417,-0.086975192795505,-0.153875783398455
1968,"heggarty2024",-6.00907237472134,0.0858464193168428,-0.144797645861984,-0.0877249762879148,0.0799569294621558,-0.255991284301335
1969,"heggarty2024",-5.91482218188991,-0.0440175001592527,-0.155565016399228,-0.00594590369381701,-0.0489730847237784,-0.0569394515584645
1970,"heggarty2024",-5.78933760740172,0.267768973301124,0.141251181131672,0.00412588466854727,-0.0240382957683837,-0.158607489819517
1971,"heggarty2024",-5.82603129813744,0.241014166195684,0.150158251954173,-0.0405185415659162,-0.0605141836136347,-0.124023786540535
1972,"heggarty2024",-5.79942362796342,0.220662129143445,0.1400120448005,-0.158626837116412,0.0146229818122067,-0.124830648773297
1973,"heggarty2024",-5.93176593831254,0.164204125935252,-0.142473092574611,-0.0156944263382896,0.0154111050129186,-0.246276309740663
1974,"heggarty2024",-5.6932343924453,0.243996353078071,-0.00882715009426213,0.00866314565495285,-0.129467928890223,-0.226751590849376
1975,"heggarty2024",-5.80774686406365,-0.0099604682982386,-0.216449803631172,-0.0453998713451269,-0.0667353527688288,-0.199141045209062
1976,"heggarty2024",-5.77287212714002,0.310238895169812,-0.00823466535164274,-0.157702555340816,-0.285700750771732,-0.26295308333481
1977,"heggarty2024",-5.96375942985298,0.04804581489929,-0.0940177137687841,-0.0364183537812898,-0.0115035145719654,0.00140994191158614
1978,"heggarty2024",-5.84939096155742,0.273152391686297,-0.0068214045367031,0.0584410419535468,-0.00420057042861715,-0.0653878855124194
1979,"heggarty2024",-6.12970612319979,0.221810127503067,-0.0893916633773285,-0.0132108000200189,-0.0633995670868241,-0.134372870711459
1980,"heggarty2024",-5.88722468398595,0.110039730644477,0.032132671835955,0.0100573654553443,0.101597812250442,-0.14067457502591
1981,"heggarty2024",-5.85075237461148,0.283959209464001,0.0529453166528683,-0.0797022759006718,-0.126957102311829,-0.139668835000739
1982,"heggarty2024",-5.74757285473305,0.203338265872407,0.00841292707221612,-0.131534314103918,0.00721136771069101,-0.170243393395985
1983,"heggarty2024",-5.84993011289363,0.0248752048973923,-0.0394734533392282,-0.0183761427428694,0.0514869097215573,-0.185729649710038
1984,"heggarty2024",-5.83075171030595,0.165035431539378,-0.171368745333068,-0.124038416460912,-0.101111628373075,-0.203343781030583
1985,"heggarty2024",-6.42540355033748,0.0598900615320641,-0.00718884507343889,0.0153878611506849,-0.0889285124909305,-0.0363396338587452
1986,"heggarty2024",-5.84180310577572,0.274014937849896,-0.0291146498062933,-0.111523685958164,-0.114839677924997,-0.20210442746851
1987,"heggarty2024",-5.73835729047984,0.0598319827423317,-0.0904276817011258,-0.123130058083194,0.112495326394757,-0.00883587029287617
1988,"heggarty2024",-5.81361668224242,0.138145342507175,-0.18174984648822,-0.0443214471208268,-0.148990811017001,-0.116065139527056
1989,"heggarty2024",-5.7824591062104,0.147698892544325,0.100291834696861,-0.0648016855594356,0.0369512630378894,-0.0395895285352583
1990,"heggarty2024",-5.79613991678122,0.101176860681953,-0.0184762970501107,-0.0395122203997929,0.124330044290265,0.026519479796764
1991,"heggarty2024",-5.88273387364803,0.289232040363831,0.118212694759164,0.00201634248507902,-0.0114556307693538,-0.0841318685162447
1992,"heggarty2024",-5.89824638073277,0.119193400695344,-0.124578606922684,-0.109479708761529,-0.0794536298184672,-0.0682870612521907
1993,"heggarty2024",-5.80434984299526,0.398783685440924,0.184939490473666,-0.0278259372973055,0.00542198666590488,-0.183708631917525
1994,"heggarty2024",-6.35054600039247,-0.191962102655098,0.119884401573343,0.026878315158369,-0.0333654072157852,-0.044005677099908
1995,"heggarty2024",-6.0163085970002,0.0146835950416263,-0.0666132390782307,-0.0373776720506898,-0.0811381517634557,-0.152445589221956
1996,"heggarty2024",-5.78479811217585,0.235906238734825,-0.42744298037262,0.0825641172751441,-0.0790843830918531,-0.162461642837637
1997,"heggarty2024",-5.74897290846175,0.0437073415246976,0.0264676479217356,-0.0557198481139752,-0.133693301548052,-0.304316070700509
1998,"heggarty2024",-5.85246221125189,0.141632953645932,-0.0141032400665703,-0.0536100686908216,0.0505215481739133,-0.0417023101709831
1999,"heggarty2024",-5.82855442600695,0.0539349921627236,-0.134826332345904,-0.141536922220362,-0.0483372758046626,-0.104902421751996
2000,"heggarty2024",-5.81903839561755,0.467333737314817,0.00767308927953574,-0.120735546783626,-0.208160694158766,-0.275609892641092
2001,"heggarty2024",-5.85042409000779,0.0493391370645536,-0.221647655655171,-0.0708590244828764,-0.0756281173065618,-0.164923420262064
2002,"heggarty2024",-5.72858272286031,0.0901947452881024,-0.118900890135293,-0.071793762659222,0.0207716463494396,-0.162095824622577
2003,"heggarty2024",-5.87074582582479,0.317256701953685,-0.00821463050754958,0.00246604682358532,-0.0280646532590152,-0.0251146776826562
2004,"heggarty2024",-5.97330344097935,0.149370531123413,-0.150442470386596,-0.0414146574195182,-0.0293605024810032,-0.208786254655179
2005,"heggarty2024",-5.93257938208998,-0.00646991981380672,-0.216737673666439,0.0850657547357022,0.0863592721888564,-0.0935646098668753
2006,"heggarty2024",-5.73720105792226,0.203209001362989,-0.0607086288204343,0.00200321310176138,-0.047996732801672,-0.152762680801546
2007,"heggarty2024",-5.76582012408396,0.219037183836252,-0.059652873582885,-0.0278243686097533,0.0223448844376255,-0.145395237884885
2008,"heggarty2024",-5.92213501520513,0.146061061845541,-0.212646508094034,-0.0816686085220851,-0.11533619412199,-0.0769435444033199
2009,"heggarty2024",-5.87947190465945,-0.0390906762369595,-0.0709905758015842,-0.0531905928129609,0.119277304509057,0.00769059240627942
2010,"heggarty2024",-5.96903469651099,0.271308098152713,0.065382344852763,0.00345457567148877,-0.162411782592436,-0.0563510237686739
2011,"heggarty2024",-5.84244425530659,0.133139003178687,-0.0584260041249551,-0.0249270885325272,-0.00413202992446988,-0.0359526743168836
2012,"heggarty2024",-5.85853675965517,0.170725117967539,-0.14494969307273,0.00157936431632626,-0.0731562713997633,-0.0678360967812644
2013,"heggarty2024",-5.84568407090067,0.111315154903167,-0.165339750139763,0.071851186279345,-0.0728554255347539,-0.075326824975215
2014,"heggarty2024",-5.75867413206204,0.17955427465151,-0.0420814339867791,-0.103303705358255,-0.0164435440716999,-0.162120348868844
2015,"heggarty2024",-5.61043786071008,0.0110051147772205,-0.0232137137245361,-0.00274294171743102,-0.061915210633113,-0.0693506445397777
2016,"heggarty2024",-5.71070221764319,0.170567598583489,0.00639894582608837,0.0137780306490669,-0.0494427481318174,-0.2284329319378
2017,"heggarty2024",-5.48689115495618,-0.0120034958338136,-0.18986470046126,0.107418238267586,-0.0147788575674514,-0.31087965278664
2018,"heggarty2024",-5.89290249877429,0.16148719964031,-0.0266742152694074,0.0434823952038207,-0.0444673650177161,0.0364505577106628
2019,"heggarty2024",-5.99270205378167,0.000873639621998672,-0.0241967376179331,0.0534279499865913,0.0439044985771374,-0.0353580684553192
2020,"heggarty2024",-5.82898844850552,0.304301661319642,0.105365820861647,-0.0522601285313268,0.0477631784396711,-0.0906395422347848
2021,"heggarty2024",-5.81963607624125,0.258463708480097,0.0796723118980919,0.0835940311676007,-0.0716818144235126,-0.131412072139068
2022,"heggarty2024",-5.92572381733224,-0.0126364789616359,0.0569000535808641,-0.122330328704937,0.0104531483992813,-0.0346640191050264
2023,"heggarty2024",-5.8167029277073,0.267131108834206,0.0928785825290572,0.11655615721211,-0.0506921000806065,-0.0705573360376343
2024,"heggarty2024",-5.85309837058088,0.242237843226825,-0.0521820165462632,-0.0787640861424538,-0.0809457952698706,-0.144255422930983
2025,"heggarty2024",-6.03370599215882,0.1267962455193,-0.00962648774629973,-0.0666908113354985,-0.048147105529884,-0.30987694607156
2026,"heggarty2024",-5.76114456011133,0.172025758081121,-0.0413254061734049,-0.041446581201588,0.0259120032283192,-0.195496134807669
2027,"heggarty2024",-5.9785261538501,0.101662385974276,0.122324125169604,0.0464497582751239,0.131194811896059,-0.0297305121734209
2028,"heggarty2024",-5.35820289902041,0.22244983746907,-0.0789744780123483,-0.0913694714951248,0.165353040270161,-0.109993081256431
2029,"heggarty2024",-5.86001463863745,0.222533873192254,-0.11602576813027,-0.0628668079022,-0.0429963241841772,-0.0914309312442336
2030,"heggarty2024",-5.8908466543338,0.195086644650778,-0.172704482499354,-0.0450880840549676,-0.0482594892380201,-0.0775356248759198
2031,"heggarty2024",-5.86479197558871,0.0823538403077382,-0.114031413467302,-0.0772158533809505,-0.052193913222347,-0.0231600699143197
2032,"heggarty2024",-5.91198363780768,0.110409587288957,-0.108543452830719,-0.00768771948945222,-0.0533519476003882,-0.0907600400569142
2033,"heggarty2024",-5.85733888247163,0.168006431755416,-0.0940916874023875,-0.0814346333937321,-0.163035483652049,-0.202104431467834
2034,"heggarty2024",-5.78598958616923,0.0377223399525048,-0.0830493378677241,0.0231261288994793,-0.167861109406786,-0.0679079048513347
2035,"heggarty2024",-5.79754523218127,0.023271712169856,0.139238909598363,0.0982969018327375,0.0925993298762623,0.0206615962637121
2036,"heggarty2024",-5.81167018933566,0.0726136284713954,-0.211484361203985,-0.0118404032046374,-0.0546323355808938,-0.306151043087485
2037,"heggarty2024",-5.75334142787882,0.250344628067995,0.0201001037723399,-0.000257970259421689,-0.0845480880513813,-0.235618516273463
2038,"heggarty2024",-5.96872176379785,0.0488968257638717,-0.0539407859686109,0.0633796342550399,-0.0969077947917212,-0.109405799605363
2039,"heggarty2024",-5.66111027552503,0.0803729155840217,-0.0907437565845243,-0.0374470349266627,-0.0223822103280066,-0.135243841540141
2040,"heggarty2024",-5.803290890184,0.0874459359551246,-0.00472455956898222,-0.0436360390998516,-0.0228511362674659,-0.193103591953433
2041,"heggarty2024",-5.97762552737692,0.145584066485285,-0.158078858773588,-0.160579343906745,0.00388968286783021,-0.139083623018117
2042,"heggarty2024",-5.95866607995486,-0.0969108872128751,-0.139542325196006,0.018722286855508,0.0718959332684982,-0.00707408803405155
2043,"heggarty2024",-5.86469227523788,0.148350786849206,-0.147119130498347,0.0687901465588552,0.0118918459194724,-0.0855558890841976
2044,"heggarty2024",-5.83040963357723,0.0852426095787895,-0.0193095079890086,-0.0193034083410808,-0.167319700862927,-0.161440075314127
2045,"heggarty2024",-5.93440422469411,0.0676818749417398,-0.117195611574617,0.0467460841825448,-0.0676473751809109,-0.129441586710465
2046,"heggarty2024",-6.02492787095193,0.171517676668091,-0.0214834534226798,-0.189147745481517,0.0149431316302847,-0.197500449066485
2047,"heggarty2024",-5.91769800275392,0.0151680751136908,-0.333313177619006,-0.133199444988222,-0.0198452464246483,-0.181552635408699
2048,"heggarty2024",-5.84395163334631,0.15359357066275,0.0507094391187115,-0.124900114523225,0.0249779147115939,-0.109288791706557
2049,"heggarty2024",-5.80756762795127,0.149233435884064,-0.212496703729347,0.0397695041936435,-0.0670841391419149,-0.234400276002225
2050,"heggarty2024",-5.90516330406148,0.155996595141087,0.0752148935661845,0.0159046640385445,0.0576405728492068,-0.0545884740730245
2051,"heggarty2024",-5.75793143927571,0.286623260012943,-0.0934023277986167,-0.056503585810129,0.0862566073987941,-0.154340350180336
2052,"heggarty2024",-5.8376994395647,0.104972302530622,0.0377826498751243,0.0421838628653553,-0.123509457746872,-0.121252607449442
2053,"heggarty2024",-5.83519742926857,0.166116060445507,-0.0368295380045706,-0.0160473188032697,-0.0892786266943134,-0.0722375661917292
2054,"heggarty2024",-5.97479194325906,-0.0416445574431263,-0.311203656937529,-0.0486603811551146,-0.0371896808147698,-0.134893414373785
2055,"heggarty2024",-5.799072604115,0.161592172085932,-0.118531880055296,0.00398460021437898,-0.0920692248969351,-0.240537058523891
2056,"heggarty2024",-5.85488299495793,0.177176031709937,-0.102333736865771,-0.0468134831584915,-0.233985164573435,-0.223920966225063
2057,"heggarty2024",-5.78777838985921,0.0615070976790446,-0.134724673093805,-0.0186587707769061,-0.0415234907505287,-0.109729837785752
2058,"heggarty2024",-5.66627962189495,0.065782875071509,0.00207029853717309,-0.0228368376457693,-0.0313349797487061,-0.163526125219009
2059,"heggarty2024",-5.89899469959271,0.119446658527654,-0.117942974720301,-0.0697379346904931,-0.00397872971654189,-0.0297768555359041
2060,"heggarty2024",-5.81080401803589,-0.000899693721349384,-0.204176564611524,-0.151366344855482,0.0267491442705393,-0.0734362803788742
2061,"heggarty2024",-5.75476852313096,-0.0939695276232803,-0.346856078588545,-0.057940035854109,-0.00902154781203454,-0.183145946178828
2062,"heggarty2024",-5.84058761619724,0.187684530534879,-0.079813229170226,-0.00811013166099168,-0.0212064131277195,-0.12350395162537
2063,"heggarty2024",-5.88658809006487,-0.00157322906508896,-0.158688993827433,0.0360130231872704,-0.0233197045116004,-0.147626425735211
2064,"heggarty2024",-5.87200960253148,0.0591912044153915,-0.167212437244186,0.0584684841847369,-0.146943758781489,-0.174377127530606
2065,"heggarty2024",-5.94738572570883,0.231705043274709,-0.0516681641043921,0.0242873345546441,0.015086243008436,-0.102986552995483
2066,"heggarty2024",-5.72405989164294,0.0925454503782814,0.0379176370254248,-0.0485509264309551,0.0898556951426358,-0.0655399284522942
2067,"heggarty2024",-5.80233144478609,0.234555757234462,-0.0609871042636181,-0.0411228446118364,-0.0684370547374531,-0.121310012919044
2068,"heggarty2024",-5.78089204472661,0.298115388722778,-0.00185502317097302,-0.0759411091950923,-0.104501171054226,-0.233571695143373
2069,"heggarty2024",-6.05429329577999,-0.110474455847226,-0.261062848320735,-0.0456961357155278,0.0463441634875749,-0.0519294309003514
2070,"heggarty2024",-5.77951133696049,0.244580667979676,0.135004401659559,-0.0531362885178246,-0.0142051216666151,-0.128352485326367
2071,"heggarty2024",-5.73354564250991,0.203915931531252,0.161992155203511,-0.0764227492576251,0.0467461375163977,-0.143764026240629
2072,"heggarty2024",-5.8536665579198,0.169015547691483,-0.0375235714728801,-0.00763818147207133,-0.08892167179045,-0.159088711816735
2073,"heggarty2024",-5.74830908135129,0.123857433413579,-0.154952422247075,0.0892372397233515,-0.120137286661731,-0.189620481832537
2074,"heggarty2024",-5.85166434660225,0.128596296481601,-0.00671073701434742,0.0453630245362966,0.0368110409973532,-0.0326908999159514
2075,"heggarty2024",-5.83899582536752,0.244969601915109,-0.0073783965406127,0.0613839719174756,-0.125423420761946,-0.224714379388454
2076,"heggarty2024",-5.86090346001401,0.0900812969792426,-0.0462476687822706,0.065989056377074,-0.269250260883407,-0.153669443248916
2077,"heggarty2024",-5.83173660445154,0.0894828364365115,-0.0924772585055832,0.00874149453421588,-0.16548871773629,-0.075599450638365
2078,"heggarty2024",-5.86134249606248,0.100698139911047,-0.0369216728604924,-0.00603944006566011,0.00626443990289673,-0.107948604908219
2079,"heggarty2024",-5.97211774357771,0.0311966840491288,-0.175169214102937,-0.181544019324514,-0.115164532413241,-0.131091525322799
2080,"heggarty2024",-5.79775729243367,-0.136052013700018,-0.255908879778662,-0.171583044924781,2.45425146058628e-05,-0.00125934309535635
2081,"heggarty2024",-5.83640585054999,0.237386543839047,0.0553327270024042,0.0600473963097381,-0.0506804817007296,-0.0516600766402786
2082,"heggarty2024",-5.8360224734497,0.0455654448118968,-0.310122469122473,-0.126205389020178,-0.0845599775767658,-0.206415271640337
2083,"heggarty2024",-5.79475071783424,0.0983427912029928,-0.166450932430656,-0.03018799715677,-0.0534633731320991,-0.155403563803291
2084,"heggarty2024",-6.06448919091949,0.00972274720033244,-0.0298873936930646,0.137491764639408,-0.248944150293465,-0.111528063656573
2085,"heggarty2024",-5.74183812011571,0.13032957181494,-0.0288758385989191,0.0346388251806403,0.00605430850232063,-0.0655514968570613
2086,"heggarty2024",-5.81967136234302,0.364135419542934,0.325884048260748,0.184092312723303,-0.073044221107808,-0.00354852699803295
2087,"heggarty2024",-5.94144410299385,0.155929681896992,-0.0128084442879409,-0.0905323577575448,0.0120649438647593,-0.0905055317339256
2088,"heggarty2024",-5.87608646618702,0.0766666318124743,-0.00202690453605914,-0.0371104893872197,0.0171167331556066,-0.245752633779205
2089,"heggarty2024",-5.92124664245392,0.143111068735863,-0.0606567356269682,0.0442003983946828,-0.0775032358727742,-0.120311040711669
2090,"heggarty2024",-5.99809678016592,0.369040923160604,0.0249478898972622,-0.14884438547504,0.0047421128330297,-0.0233475920081168
2091,"heggarty2024",-6.0644970346047,0.258111142052226,-0.207047491848388,-0.0716660498400234,-0.102322585016669,-0.243948720300353
2092,"heggarty2024",-5.89502286100355,0.0630588406271969,0.0404404502755314,-0.0201886548102724,0.103550349817473,-0.00800018692330657
2093,"heggarty2024",-5.77075959336848,0.121666464310665,0.0227250984843654,-0.0954035304924339,-0.0934708456338359,-0.0927543896704668
2094,"heggarty2024",-5.60856354695514,0.167217542045908,0.207640613677873,-0.0961879286315647,0.128254558327277,-0.167603941110629
2095,"heggarty2024",-5.70044113870348,-0.223482866026146,-0.124405716590784,-0.00557161238074266,-0.0604264284221486,-0.214289493375882
2096,"heggarty2024",-5.67629828138216,0.149086303883428,0.0173828903748505,-0.0246350209378191,-0.0293914963564251,-0.189832515492388
2097,"heggarty2024",-5.95898035423889,-0.14238564083244,-0.241561423110146,0.0175256074946722,0.143076356599693,-0.0346423047610614
2098,"heggarty2024",-5.82644258815794,0.0452183426832461,-0.138158216951385,-0.149813837457163,0.101326971973954,-0.150117515585825
2099,"heggarty2024",-5.78620129676426,0.228096507503587,0.00833798193968738,-0.00854543316170469,-0.070346790745731,-0.0989177362101027
2100,"heggarty2024",-5.81438863034557,-0.0718884411833806,-0.202621915850028,-0.0356874685039453,-0.169835335338414,-0.202342226571723
2101,"heggarty2024",-5.88885210638105,0.0583358224281334,-0.0311511303924279,0.0979993858971066,-0.0513134844061475,-0.211316870132714
2102,"heggarty2024",-5.8793128026319,-0.0494016303839058,-0.225840487576224,-0.0648719360174826,-0.100660700986435,-0.159667030904689
2103,"heggarty2024",-5.82549082256163,-0.05489588679426,-0.0609544217500597,0.0222700438589488,0.266991348858274,-0.0275206869967301
2104,"heggarty2024",-5.73768558026642,-0.0117247149193017,-0.113627539430634,-0.025321851887858,-0.0710517865444253,-0.154120933449053
2105,"heggarty2024",-5.8935305532546,0.0918933500644143,-0.12760098401442,-0.0560701611192576,0.0122561558542179,-0.177873072007803
2106,"heggarty2024",-5.86976255554532,0.221909778115854,0.0496439879068748,0.00551189202344131,0.103461072811151,-0.0673923441383862
2107,"heggarty2024",-5.80184285428192,0.13255120013781,-0.182154865072442,-0.0134361868732214,-0.0593819357397088,-0.165637858261552
2108,"heggarty2024",-5.9176521454524,0.252246185015004,-0.0250676029235923,0.0385257161962895,-0.130082505539093,-0.115572526081169
2109,"heggarty2024",-5.88049559611485,-0.0787980812908084,-0.0124001551640988,0.0283348181118705,0.0210115486774868,-0.111627341687534
2110,"heggarty2024",-5.81724902744215,0.171039192240717,-0.0857180352586895,0.0526075508089871,-0.134656459446182,-0.179729461435989
2111,"heggarty2024",-5.86693821397554,0.0586689173731622,-0.0828782343172387,-0.126162005597408,-0.0410158880366158,-0.0567776235600348
2112,"heggarty2024",-5.88245455946412,0.0187076218935701,-0.100749186163505,0.0130526571828262,0.0465425228368635,0.0076437947634825
2113,"heggarty2024",-5.80315952621059,0.14119698622321,-0.0464166980034728,-0.0298350937365952,-0.0921112719428344,-0.0882679346284218
2114,"heggarty2024",-5.68223904209049,0.0915174343521861,-0.194113030257163,-0.022813609304036,0.010562020847197,-0.139958303958383
2115,"heggarty2024",-5.75214573075814,0.11172834326827,-0.039059816489307,-0.102937593053223,-0.0240507884163968,-0.192240328222221
2116,"heggarty2024",-5.67447769673235,0.0337687941048233,-0.21554333198908,-0.0871949219239815,-0.0111994442387749,-0.200062579576975
2117,"heggarty2024",-5.80124767897934,0.271012950112484,0.0351491665691078,-0.0616266711128295,0.011505521588685,-0.0649165587710484
2118,"heggarty2024",-5.80893069663489,0.0724964922335118,-0.176856917461571,0.0131280153551369,-0.0644230147083375,-0.0974166937707621
2119,"heggarty2024",-5.758757249051,0.0730382176823148,-0.0577907243003022,-0.140880133560884,0.0221309574195905,-0.167198024313584
2120,"heggarty2024",-5.85735880974453,0.244789930046355,0.00562105345024047,-0.0288692559441229,-0.132817733629728,-0.0630462076722333
2121,"heggarty2024",-5.76995275402933,0.223044171627266,-0.0559946451251734,0.0959215087971243,-0.0475505487139304,-0.115249090129523
2122,"heggarty2024",-5.97445398186287,0.0591512900384535,-0.254390009648394,-0.0430166263064975,-0.0271312954281649,-0.0800631799255558
2123,"heggarty2024",-5.80159207139672,0.157701565048366,-0.0544744107646076,-0.106741687367706,-0.0590194658846828,-0.183153973199146
2124,"heggarty2024",-5.92617489608206,0.145014792727388,-0.143226208842689,-0.163569941462773,0.0213436140737281,-0.065284755622807
2125,"heggarty2024",-5.92491126373505,0.279663186021831,0.156500961257281,-0.1103533755022,0.113711702347661,-0.0363806394154723
2126,"heggarty2024",-5.87786528250446,0.0423755810445691,-0.189624294264582,-0.140396072647372,0.0499066472107375,-0.0576388324957855
2127,"heggarty2024",-5.76067557128819,0.0551810955743663,-0.00264384012032103,-0.0486154171183995,0.142915301394448,-0.232178064182908
2128,"heggarty2024",-5.81518213164494,0.0573002788402896,-0.0912516487018184,-0.14409725573308,0.0631224440131106,-0.153378655000027
2129,"heggarty2024",-5.93484291458668,0.0855889708350027,-0.039470510226509,-0.0811678530875226,0.0667713038395822,-0.0844756434406845
2130,"heggarty2024",-5.57577383198331,-0.155703154159395,-0.175264056056719,0.0812848622495221,-0.0852454297349604,-0.292338190621889
2131,"heggarty2024",-5.90693388049199,0.142940634933556,-0.0827557569891173,-0.113407250119283,0.0684559203368209,-0.164070830925634
2132,"heggarty2024",-5.85000099104517,0.0318060756642906,-0.0838081758959484,-0.0192830035334053,-0.0761943100397715,-0.0605806085528853
2133,"heggarty2024",-5.9847955698799,0.107173530238467,0.169286466094733,-0.0651845178779104,-0.0459315203112699,-0.057730567160947
2134,"heggarty2024",-5.78622277128477,0.0544984717492391,-0.183135858387085,-0.0163355640077821,-0.0735184593761418,-0.200415420888087
2135,"heggarty2024",-5.89851696728032,0.108622583667503,0.0711177265530463,0.0262561778672661,-0.0102642085062584,-0.057840294689213
2136,"heggarty2024",-5.75015761916609,0.176114964468683,-0.107013497670309,0.0144195910600798,0.103788457203434,-0.214479421519346
2137,"heggarty2024",-5.66299974511866,0.251836226960181,-0.0536797620264477,0.00221793767564549,-0.0969634038035096,-0.153260678023959
2138,"heggarty2024",-5.92570433415622,0.0176938240479404,-0.0631307904389107,-0.0743777183530558,-0.048466969989742,-0.0824086390126318
2139,"heggarty2024",-5.85920387828226,0.0327209209467925,-0.1223340643291,-0.0102835422487958,-0.0768197176800399,-0.0348536997835468
2140,"heggarty2024",-5.81012895496552,0.204996578774159,-0.00874790297740794,0.0430867680864847,-0.00767502752021588,-0.0699435110989844
2141,"heggarty2024",-5.93204340519623,0.0881372858674065,-0.216053159836288,-0.209084809992861,-0.128594499016297,-0.0197536671405711
2142,"heggarty2024",-5.68022724054231,0.274845775969125,0.00202163306207082,-0.00540129302841953,-0.0211943320322476,-0.0591410986350545
2143,"heggarty2024",-5.76531554254615,0.14690498174992,-0.0411342688294264,-0.0378778299242767,-0.0244384670552938,-0.117147121053232
2144,"heggarty2024",-5.84528753457091,-0.140600583611434,-0.268402530160318,-0.108322359383633,0.031540865659405,-0.104502831134906
2145,"heggarty2024",-5.97236279242601,0.287499871899943,0.00206834939693065,-0.106813827179874,-0.0891463110005638,-0.0856377379804555
2146,"heggarty2024",-5.79326049599976,0.253654540565459,-0.0651001406246911,-0.0335536422406329,-0.0565872831999631,-0.119722892133365
2147,"heggarty2024",-5.89780947393262,0.253177426027871,-0.0086366683703313,0.0717441708062125,-0.162749914335975,-0.138269296887133
2148,"heggarty2024",-6.04500585181878,0.067467493298888,0.0129034951220825,-0.0070375517503774,-0.0314516654374684,-0.040031686293922
2149,"heggarty2024",-5.79194387908807,0.319579274018029,0.162060116596487,-0.0129705641304717,0.0154065566385125,-0.176418076053358
2150,"heggarty2024",-5.8203982458236,-0.00841357379493193,-0.0697969113204784,0.0226787108079854,-0.0736501113196509,-0.0686222951617226
2151,"heggarty2024",-5.83171141495927,-0.0238955129174282,-0.157464525638046,-0.0327180725211904,0.0115660859479273,-0.212341362372936
2152,"heggarty2024",-5.92160962377932,0.16386450009213,0.0373454847297962,0.0183564729157853,0.0866655027117683,-0.0835788982830737
2153,"heggarty2024",-5.84630383413636,0.0816337149566711,-0.204694178889908,-0.107532685810672,-0.125903507791676,-0.217742212034794
2154,"heggarty2024",-5.80994314525049,0.190682484112747,0.0173656543562886,-0.11879528817309,-0.0223104982488604,-0.29849693449147
2155,"heggarty2024",-5.80355184184079,0.270425964027875,-0.137792947036127,-0.100829157039941,-0.174213036351823,-0.236935691574614
2156,"heggarty2024",-5.71853387194741,0.147728963285691,0.22057255402092,-0.0297083255239571,-0.0861775488969438,0.00593451367745523
2157,"heggarty2024",-5.8797810775903,0.176759731164943,-0.139468790580487,0.0231466393320833,-0.108522527849811,-0.138143570415906
2158,"heggarty2024",-5.71837298884429,0.201642685096337,-0.0160997084396907,-0.0672243808346278,-0.0286442487207834,-0.137902947587657
2159,"heggarty2024",-5.84760722819129,0.228469073491096,-0.0450035863419863,-0.0855136402612388,-0.0991245420434978,-0.14405267316575
2160,"heggarty2024",-5.8619588978832,0.0631617178343059,-0.117262153208602,-0.0235094778823328,0.00765944404974504,-0.156197663452643
2161,"heggarty2024",-5.6629409229802,0.211921248302071,-0.00302479147175867,-0.0710927644165568,0.0884548547359386,-0.159255188542545
2162,"heggarty2024",-5.81995407538143,0.157665674133832,-0.0937256750597544,-0.0221631293284207,-0.0616166265379152,-0.0795155609849195
2163,"heggarty2024",-5.66125150334365,0.047556440742471,-0.0149631534043296,-0.0418527188216767,-0.0160316999692185,-0.183677317389593
2164,"heggarty2024",-5.87878320976786,0.0334357701531289,0.195075175030202,-0.0747626968642381,-0.0106889764449213,0.063152355651095
2165,"heggarty2024",-5.9608506741553,-0.0262279250540438,-0.226978941475397,-0.244170151794406,-0.160283066910357,-0.287938105128646
2166,"heggarty2024",-5.77246097006532,0.00653064053206158,-0.0791965593415929,0.0636049180573223,-0.117964274330574,-0.150570802586418
2167,"heggarty2024",-5.71877264337229,0.0342118171895285,-0.127614280151361,0.0280782168183324,-0.049304992611339,-0.10017255177554
2168,"heggarty2024",-5.92982648033252,0.198790233818007,-0.121822188002961,0.0796106078603647,-0.208538542974194,-0.0456785056422497
2169,"heggarty2024",-5.79955878958389,-0.266063261076475,-0.400577194273195,-0.296053347767172,0.0717674527199932,-0.201123389484475
2170,"heggarty2024",-5.88405652583118,0.0785052131841399,-0.103399932744151,0.0449818762926195,-0.135982033869308,-0.159144909298404
2171,"heggarty2024",-5.81918052027662,-0.0914635405241378,-0.114640516446823,0.085099071553947,-0.0370819756622929,-0.133579663448248
2172,"heggarty2024",-5.7327155173129,-0.0498401028704529,-0.270087928582844,0.00475428891947606,0.0993444852460182,-0.0948414002427726
2173,"heggarty2024",-6.00550666908388,0.323988264845122,0.145984902188898,-0.216156161455543,0.156797876754027,-0.0305175047030741
2174,"heggarty2024",-5.76304883767137,0.253599356959477,0.114619106675084,-0.0143082200468417,-0.194252036261753,-0.178473998979787
2175,"heggarty2024",-5.8681025582962,0.0731939756790645,-0.0478086026600922,0.0152109944646826,-0.0296488201038025,-0.0742738729221052
2176,"heggarty2024",-5.82361693955762,0.102881480980677,-0.0966543338181267,-0.118062197234393,-0.0192468690930763,-0.0886797794425406
2177,"heggarty2024",-5.88873122698219,0.00107580306206965,-0.148331480121713,-0.00495775180639832,-0.0498171954531387,-0.165051803800392
2178,"heggarty2024",-6.07612115570763,0.235248665059731,0.0206364631458638,-0.108313774875799,0.02174544841931,-0.071033599526271
2179,"heggarty2024",-5.79545391265602,0.0781731545198962,0.0273193118884414,0.00062939450075467,0.148463784667174,-0.00329209689058562
2180,"heggarty2024",-5.95935061952215,0.197680422451654,-0.213209545419555,-0.0304505494987519,-0.0248390314334105,-0.152727568516756
2181,"heggarty2024",-5.91282941924259,0.109423302849255,-0.110498273160912,0.0335683814110473,0.114136357495258,-0.0818349071122498
2182,"heggarty2024",-5.80278307898758,0.179997066603663,-0.0422100121157157,0.0694443395138024,-0.0743087136191323,-0.154663801806951
2183,"heggarty2024",-5.96831532806635,0.0220247332653747,-0.215942191628535,0.0411265872677535,0.121973917960335,-0.00787686368079037
2184,"heggarty2024",-5.81587875258528,0.0340843794235959,-0.205802448067942,0.0105549152795213,-0.0342440009644133,-0.102474138270887
2185,"heggarty2024",-5.65683705943691,0.187860605788664,0.0129754028152207,-0.00116014232386047,0.0913473971322534,0.056007898941416
2186,"heggarty2024",-5.91040727454645,0.023021844076654,-0.118309872531992,-0.0518130674032812,0.0760609839844102,-0.0625089959754079
2187,"heggarty2024",-5.91411915042184,0.19643881528408,-0.12233424698271,-0.0704637334660478,0.110525476230587,-0.260755541795881
2188,"heggarty2024",-5.88375224448979,-0.216797615691948,-0.240637370355012,-0.100982047054567,0.106474495620589,-0.13257937746126
2189,"heggarty2024",-5.84286621652038,0.0670642216112187,-0.0198859210678261,-0.0343843964736581,-0.0605916138698977,-0.190457563025172
2190,"heggarty2024",-5.91946521277753,0.0670256347071276,-0.0256237686613817,0.0483586598089325,-0.0172905520197981,-0.231137994206508
2191,"heggarty2024",-5.8533030882233,0.0911699022912584,-0.0766519704176205,0.00466499640949708,0.0281468969035506,-0.254295744607289
2192,"heggarty2024",-5.78968390607761,0.0524028644595635,-0.158581543499393,-0.0869151749215222,0.143945395809851,-0.0683901836467624
2193,"heggarty2024",-5.89178220602646,0.179556101632733,0.103987444257033,0.020786655060367,0.0726640758564941,-0.0853165131355939
2194,"heggarty2024",-5.84091363555345,0.128569620378952,-0.135720073552992,-0.105452450949669,-0.0454815421675209,0.0339592595623747
2195,"heggarty2024",-5.8021083288383,0.137828018566696,0.0338926228080165,0.0436189281732464,-0.0282299325948588,-0.214438367010787
2196,"heggarty2024",-5.9361378712149,0.241534691582439,-0.121233293045511,-0.117220190310337,-0.080937790829384,-0.147923200023353
2197,"heggarty2024",-5.89480894642904,0.076553516745853,-0.000562005005512374,0.0297435006750431,0.0479536900837615,0.00891511421022151
2198,"heggarty2024",-5.88451795050272,0.0251561975950418,-0.21124290536391,-0.0876859115505524,0.0203969254402307,-0.203222944893659
2199,"heggarty2024",-5.98151640471017,0.142902054214998,0.0361034707279635,0.0229032377295235,-0.0064398133395467,-0.0803834489886233
2200,"heggarty2024",-6.01593770341975,0.032170235588832,0.0140322664522486,-0.0274428338961215,-0.0405199836064932,-0.0575146245930449
2201,"heggarty2024",-5.90682937633069,0.0737455404065339,0.0348093398886467,-0.0338419495401157,0.0710586859820625,-0.209434314383183
2202,"heggarty2024",-5.83308924418369,0.0857295181764483,-0.0420387676788408,0.0925985468742695,0.0709641407708765,-0.235588291397965
2203,"heggarty2024",-5.72780954125245,0.0933556357003722,-0.00619358897316016,0.0197061003915487,-0.02466930341903,-0.198629800271686
2204,"heggarty2024",-5.41345121115257,0.0578064019274903,-0.101927044822285,0.0996256720010452,0.125180649400228,-0.0320864101411256
2205,"heggarty2024",-5.91359400170778,0.00637532785329133,-0.214746674809268,-0.0424258773331391,-0.0790483074520269,-0.119299261928591
2206,"heggarty2024",-5.84440574450487,0.0266475799947285,-0.113717231551904,-0.0261645676187536,-0.0783926792486535,-0.124277854597726
2207,"heggarty2024",-5.77362334795501,0.164250977159511,-0.0892526632107718,-0.0151806637563059,-0.0909706778468687,-0.118800514395693
2208,"heggarty2024",-5.77376465184268,0.0674477234179883,-0.204231872786852,-0.138597742058485,0.0105667016412103,-0.117891415886653
2209,"heggarty2024",-5.88205498486815,0.0354879065809779,-0.189911113667797,-0.0793090317279272,-0.0397173667683127,-0.271703418650547
2210,"heggarty2024",-5.8670581480992,0.100921390054914,-0.223961586769817,-0.056319718120027,-0.0827156867300858,-0.277149819632233
2211,"heggarty2024",-5.82148301724361,0.115588879741576,-0.0327286143079999,-0.00751931882415311,-0.0191891475316424,-0.234659290346119
2212,"heggarty2024",-5.85891233006905,0.24229668000968,0.0428415590583748,-0.0551934141956561,-0.00560641882267567,-0.250057703659435
2213,"heggarty2024",-5.83787482303088,0.378181553573546,0.0384668414641027,0.0631933075817715,-0.152613737520527,-0.179287821905185
2214,"heggarty2024",-5.98242708526723,0.0861257363838001,-0.0652686869954552,0.144683085690477,0.0139981185043609,-0.134355171652731
2215,"heggarty2024",-6.0194742751288,0.15058787116855,-0.0789930853150861,0.0339415355043391,-0.0974343875159153,-0.141730197022178
2216,"heggarty2024",-5.82594898993751,0.212428332316819,-0.020422587746687,0.0350735006754105,0.0696680561544267,-0.104623505541976
2217,"heggarty2024",-5.74414733764974,0.296764725801081,0.058501430144855,0.0592223774352573,-0.112284947701588,-0.204869789255751
2218,"heggarty2024",-5.93481048659166,0.129961626512174,-0.119100900706087,-0.0211551034113957,-0.0322988079620328,-0.0884221406139111
2219,"heggarty2024",-5.96049816730403,0.10418849913837,0.123733957713046,-0.00116724821115514,0.080071050834923,-0.156746709615566
2220,"heggarty2024",-6.02517932531252,0.245797630145473,0.0271248668528463,0.00736532588965561,-0.047285797706237,-0.0836875004142679
2221,"heggarty2024",-5.90098723806672,0.0116849007982486,-0.135404649593297,0.0552307275923815,0.0304390517108631,-0.131583757214395
2222,"heggarty2024",-5.65248373274738,0.105067943091258,0.0569214188284273,0.0134463060036254,0.0175275921281803,-0.206321676791268
2223,"heggarty2024",-5.80575734167053,-0.00654407253437299,-0.241579975866057,-0.0699952312139319,0.0866097474960447,-0.208453415516063
2224,"heggarty2024",-5.79379282307084,0.227153459199211,0.0758682319089006,-0.0566742928388878,0.0378598149558382,-0.0549209986687047
2225,"heggarty2024",-6.00840125860167,-0.0302768685877614,0.169709334172308,-0.0788440817585454,0.107262097648635,-0.107105878241196
2226,"heggarty2024",-5.9102518140721,0.190450866210846,-0.1027408096274,-0.0317951224022997,-0.141448661808208,-0.114804328060691
2227,"heggarty2024",-5.92484898746372,0.0791746825946581,0.0317978733625465,-0.163425739613551,0.0417937265519609,-0.138233345366427
2228,"heggarty2024",-5.83581730135439,0.0246300369502125,-0.0692025604331804,0.0434981059719084,0.0165883352971145,-0.109293199359904
2229,"heggarty2024",-5.80573411763396,0.134326988005444,-0.0715431881441529,-0.0779064271164869,0.058831089228679,-0.086638211581149
2230,"heggarty2024",-5.67458491285659,0.0379261616811903,-0.118969555183994,-0.253070003999481,-0.0914646270449037,-0.215169379018826
2231,"heggarty2024",-5.9800119760691,0.092771219415217,-0.0369416422917084,-0.177311153685295,0.00864533526384337,-0.110356004156547
2232,"heggarty2024",-5.84177159927216,-0.0655484247614534,-0.229880436065917,-0.168113960137841,0.0115774330991754,-0.210755682540666
2233,"heggarty2024",-5.8086578256477,0.157094839974849,-0.0616103117214304,-0.0616204825345006,-0.02627507918698,-0.233031058298736
2234,"heggarty2024",-5.82676685710829,-0.0464745498195422,-0.187728881679779,0.100084607211745,-0.0262132398788824,-0.143780788388518
2235,"heggarty2024",-5.86260224659342,-0.0378150744898978,-0.242303064560768,-0.115645238328942,-0.0902926974478873,-0.120871962256814
2236,"heggarty2024",-5.87646886249877,0.281227994631402,0.0427067722990548,-0.0189702209380799,-0.0251033943832606,0.0208814128281235
2237,"heggarty2024",-5.86114503240631,0.0662853733222955,-0.294782567766442,-0.13297045968811,-0.0165460649032895,-0.0760083368937999
2238,"heggarty2024",-5.59386148042314,0.24417221905135,0.26964890703988,-0.191760182493424,0.189481271833966,-0.07662547557709
2239,"heggarty2024",-5.79795087011073,-0.0879046724996842,-0.372389368884462,-0.0288663810869664,-0.0278769068336896,-0.184572569506804
2240,"heggarty2024",-5.81769085292962,0.0854065364475701,-0.145220579666531,-0.0398857861295754,-0.0614063246530013,-0.191265969387096
2241,"heggarty2024",-5.9155483093207,0.173163366772106,0.100270899079029,0.0433826003173511,-0.119590180867379,-0.102611107464074
2242,"heggarty2024",-5.70300046758512,0.143104761833582,-0.0811986367910394,0.0382122549487188,-0.0751197104702998,-0.165307200187627
2243,"heggarty2024",-5.95684300934499,0.126294924980589,0.0129749911944444,0.00197388079174182,-0.0848612159922275,-0.209833300180448
2244,"heggarty2024",-5.96567378537206,0.124056641283295,0.0627217659163938,0.00368261260610083,-0.00749952954849793,-0.0285058626628162
2245,"heggarty2024",-6.12785105330976,-0.0592905913369131,-0.157530410454581,-0.123736225386527,0.178184331011311,-0.0103065410099331
2246,"heggarty2024",-6.10487771185668,-0.0204427185949343,-0.130675170788408,-0.0236860509015807,-0.0513702153402464,-0.0822078039008093
2247,"heggarty2024",-6.24377381515018,-0.0139457321353425,-0.0238726349121368,-0.0440300700054176,0.101837919557211,-0.0789823110024341
2248,"heggarty2024",-5.88318105756985,0.277210721235098,0.00164724477815614,-0.0752511585217643,-0.0579256577227298,-0.170681518651497
2249,"heggarty2024",-5.7998760078244,0.00246373246735127,-0.18038580794198,-0.0310274447870214,-0.0289229755548167,-0.192511652284397
2250,"heggarty2024",-5.85200296034717,0.272736478994303,0.0387535662542841,-0.015768047551807,-0.122088126515307,-0.125856946830336
2251,"heggarty2024",-5.78544488649096,-0.0313606860574362,-0.0573363002837135,0.000113247857856911,0.0738121393445446,-0.152605023133802
2252,"heggarty2024",-5.89422791757313,0.400641701836561,-0.0054980375694513,-0.126299340125497,-0.0531621891902439,0.0326673315037462
2253,"heggarty2024",-5.66716249882667,0.179983386829662,-0.00689927803797161,-0.148564076864409,-0.0735266840337007,-0.326452570995601
2254,"heggarty2024",-5.79752927742037,0.269002163944354,-0.127368090270913,-0.0270654461329674,-0.0859884198855398,-0.0807725912213275
2255,"heggarty2024",-5.90631975136217,0.00487719104685478,-0.137071010181263,-0.0587571329439586,-0.124438840566315,-0.180294290635967
2256,"heggarty2024",-6.1518037424656,-0.0769084912970391,-0.0839211370577455,0.0124700488722779,0.0246892721260932,-0.0502572835028604
2257,"heggarty2024",-5.79376913011293,-0.103786897478019,-0.183369024897473,0.00689899418826009,-0.145219332906032,-0.177059048395858
2258,"heggarty2024",-5.87845603591142,0.0257259410002535,-0.15406656106052,-0.00432641364771368,0.0939020135237925,-0.0328016854982836
2259,"heggarty2024",-6.00539172879337,0.0361667050160621,-0.155547805951481,-0.0377924986676971,-0.00986519723417334,-0.0431241218380316
2260,"heggarty2024",-5.69195676951943,0.0274620071627619,-0.269077603680772,-0.0572732869727238,-0.00608409677063933,-0.277532854416625
2261,"heggarty2024",-5.72877843630276,0.286923869396826,0.208569784195658,0.0375175333763975,-0.00364513781412022,-0.0606605674031696
2262,"heggarty2024",-5.48386934291918,0.168065347153656,-0.122964901031362,-0.0505029134103736,-0.0877379742596569,-0.182583180622939
2263,"heggarty2024",-5.80037982107942,0.0660548189023576,-0.231923401078881,-0.0635239879240129,0.0124094968954414,-0.19620557419077
2264,"heggarty2024",-5.76556860534457,0.0602551533954365,-0.302333951179057,-0.106032869220587,-0.102275039698644,-0.205073540307428
2265,"heggarty2024",-5.80888452976877,0.000883875833509446,-0.194400563386206,0.0801390836547166,-0.0242427750617546,-0.0660929786277772
2266,"heggarty2024",-6.05683589459856,0.0385437055943151,-0.156905587388119,0.104007373565195,0.109734459052283,-0.125709439178146
2267,"heggarty2024",-5.53393486496497,0.0341713122020748,0.0631364506094162,-0.211277178062535,-0.0351088792505258,-0.0928063041500117
2268,"heggarty2024",-5.94609265447302,0.040006588326243,-0.156820121817954,0.0229757202862944,-0.0426168647458708,-0.154649963340997
2269,"heggarty2024",-5.80064670106014,0.193116130883384,0.10807089860424,0.111391816915667,-0.0154410291930119,-0.103680304127526
2270,"heggarty2024",-5.57603345562107,0.145251339698712,0.469683839587539,-0.000348936791556922,0.0825086033550644,-0.126983321090753
2271,"heggarty2024",-5.91257306418151,0.130509691319266,0.040462028071296,-0.0177965014895948,0.0036673737855729,-0.0304383614354869
2272,"heggarty2024",-5.93048138536443,0.169986325312335,-0.0476215603016113,0.043978884967068,-0.132113475921923,-0.0511503424265806
2273,"heggarty2024",-5.75807594798026,0.13413447672693,-0.0848339207609703,-0.0732591823436479,0.0668473483378524,-0.176510837440083
2274,"heggarty2024",-5.74310195360819,0.0858006499680334,-0.0903350165402876,-0.00936515041766748,-0.136623206529976,-0.251734921224475
2275,"heggarty2024",-5.9005679614838,0.210082494058132,-0.120618751738576,-0.0103338107804845,-0.0363653944664642,-0.139638629867104
2276,"heggarty2024",-5.68695935767496,0.102411080971572,-0.0979630948288047,0.00844310601073018,0.0384096733624375,-0.132113831924589
2277,"heggarty2024",-5.92932029782243,0.105923244964854,-0.0556924078778382,-0.0554472654682398,-0.0199232602506876,-0.118261340637384
2278,"heggarty2024",-5.76480528500162,0.0870813768136077,-0.349951814728247,-0.111041132987094,-0.122261696626749,-0.329452023536568
2279,"heggarty2024",-5.99745943176838,0.190096886357679,-0.0216277158104443,-0.0930264595505215,0.101640830753218,-0.176942842379862
2280,"heggarty2024",-5.85799987059318,0.0134940298368706,-0.186034691234776,0.0265669761481921,-0.0435407238615946,-0.157768730263535
2281,"heggarty2024",-5.95130137270449,0.144488228924655,-0.0371199212251495,-0.0223004464565146,-0.0696944469323556,-0.0740224265955305
2282,"heggarty2024",-5.87913267026361,0.0475794749824264,-0.377299959641903,-0.170708055115391,0.0403464631252553,-0.0578555266709554
2283,"heggarty2024",-5.79194532095585,0.145290444623816,-0.203735869979946,-0.14648346968778,-0.173886644799125,-0.230678794233043
2284,"heggarty2024",-6.15214988788873,0.0303759298804201,0.0826227630108294,-0.054206822644497,0.0153443082968501,-0.0652790409384557
2285,"heggarty2024",-5.82660987228202,0.15837015087116,0.120029241638423,0.0137835476476315,0.00907746059633562,0.0292889742954806
2286,"heggarty2024",-5.93212533976422,0.194826123773576,-0.0538950260481264,-0.0343103635025416,-0.115882876246448,-0.134135941463014
2287,"heggarty2024",-5.80270006334941,0.0995350432947916,-0.135940596401978,0.0545429537868928,0.0205548779628452,-0.208308713029214
2288,"heggarty2024",-5.83348744177063,0.178986501664367,0.0921014268169032,0.118977796373484,-0.0862044388615194,-0.0148512708988528
2289,"heggarty2024",-5.85239452811607,0.172203322868744,0.0602437339141978,-0.015150557748283,0.0691639862009676,-0.213532830801455
2290,"heggarty2024",-5.79049578964362,0.0567925274476466,0.0624371843824901,0.0290068483353591,0.0570660799841685,-0.0139637222452935
2291,"heggarty2024",-5.66431220011945,0.2243814499525,-0.0653170358168603,-0.014497430764266,-0.0339288386118358,-0.246716673555509
2292,"heggarty2024",-5.9426003323181,-0.100964518969409,-0.253554739451674,0.00523222337877698,0.0933835076043883,-0.0866000280518095
2293,"heggarty2024",-5.68490116115481,0.137752357795381,0.115969184011345,0.0218488446282338,-0.0024827744757536,-0.185311626350609
2294,"heggarty2024",-5.92273909575389,0.131958037881515,0.0328060798865201,-0.00772359586377942,-0.0218001734426614,-0.069565594383597
2295,"heggarty2024",-5.69206227810782,0.157031719512853,-0.164062690779388,-0.16393063514145,0.0456569867940601,-0.136735108300894
2296,"heggarty2024",-5.74257722584668,0.164989363974355,-0.0396360344717794,-0.152189332248225,0.105699606395708,-0.0740467312513003
2297,"heggarty2024",-5.93693125304497,0.0676532805591897,-0.0678889996508139,-0.02383361747006,-0.0586691233251102,-0.190820885851866
2298,"heggarty2024",-5.83406124272829,0.0499113149152432,-0.0978231946149348,0.0628542847142693,0.0113896161350162,-0.187997089805886
2299,"heggarty2024",-5.75053111682573,-0.0792469064903009,0.113869039929033,0.00756200770691735,0.0563720825066717,-0.130958858656297
2300,"heggarty2024",-6.4294071731601,0.277565713541643,0.109935263034181,-0.159356847224765,0.0647731286899781,-0.0735647374491973
2301,"heggarty2024",-5.43377981923765,0.123575109075745,0.17484092781526,-0.113741115488844,0.0178692372215105,-0.231189770075175
2302,"heggarty2024",-5.7823915045971,-0.117618224514317,-0.0410489005551831,0.0862978836461951,-0.153433327023018,-0.100770742071715
2303,"heggarty2024",-5.82149874161545,0.182030600893959,0.130450350188965,0.0296994239869901,0.0877466976645144,1.44196329424071e-05
2304,"heggarty2024",-5.87945050525788,0.0122290178666808,-0.0896157812280973,0.010655106729806,-0.0843891612149853,-0.0962312347741845
2305,"heggarty2024",-5.87316010659157,0.222818136213636,0.0721365796563963,0.0395608601842583,0.00758267631735834,-0.0476543280563861
2306,"heggarty2024",-5.70257839860313,0.110041495577033,0.0426443129891537,-0.068093322735074,0.148023918425136,0.0969290776433137
2307,"heggarty2024",-5.71795316582617,0.0390196815158682,-0.214931142374203,0.0111937366916028,-0.0173476449211066,-0.150450568515562
2308,"heggarty2024",-5.92792220915541,0.144193545405142,-0.216759604281691,-0.0256918931654661,-0.0178577583735468,-0.196754817408268
2309,"heggarty2024",-6.02551158212552,0.142632285696157,0.168282098364956,0.078415586183988,0.0255555510757443,0.00141010186490705
2310,"heggarty2024",-5.91014889975366,0.27597895990884,-0.0393999005744066,0.0145804351900269,-0.108953870460267,-0.140823999983453
2311,"heggarty2024",-5.74144069986609,0.17775219905152,0.0343881266494657,0.00335002614667322,-0.0321354881845014,-0.136672825450593
2312,"heggarty2024",-5.95126293205259,0.142674306365509,-0.181391376669443,-0.10610995772628,-0.0821718317938609,-0.115565553406687
2313,"heggarty2024",-5.68953205703185,0.2081116195073,0.0144948963055599,-0.0931228779851521,0.0286479762664254,-0.151759305495188
2314,"heggarty2024",-5.86474698627805,0.084992127319547,-0.0059974872338109,0.0485443053981752,-0.0605672235842676,-0.0350066428593849
2315,"heggarty2024",-5.66677653685941,0.0211185678675446,-0.0979424619764291,0.0182848409040096,0.0126381418282135,-0.113226706761426
2316,"heggarty2024",-5.9512794876618,0.205576151264709,-0.0688330780276188,0.0278556549194783,-0.0550204797439457,-0.0890779017207713
2317,"heggarty2024",-5.79716864547314,0.333994150269619,0.0111736970651444,0.15020412512161,-0.162230326878809,-0.100341625080951
2318,"heggarty2024",-5.99157393273038,0.190353689008178,-0.00105992553155007,-0.109613716069391,0.132355023398563,-0.114369416702108
2319,"heggarty2024",-5.99352393909675,0.000503564012067445,0.158028239132257,-0.102213002914997,0.191924135449661,0.127538664041618
2320,"heggarty2024",-5.77595978862313,0.203897048916661,-0.0292342739419001,0.0683867087345695,0.042326278375787,0.058685478753034
2321,"heggarty2024",-5.88200484744233,0.12215671325726,0.0112720917012876,0.0231991517070257,-0.0906504915602439,-0.156142066476879
2322,"heggarty2024",-5.79171334341742,0.0753608874054306,-0.0902165309383509,-0.0708903805485457,-0.132548164469987,-0.230408731313257
2323,"heggarty2024",-5.79879195904368,0.201505245217701,0.096051204444744,-0.0629024696113344,-0.112375206339278,-0.154952436591846
2324,"heggarty2024",-5.8044732473543,0.256222220477654,-0.00814174656565,0.0635973952631197,-0.0656793484779842,-0.149107137130321
2325,"heggarty2024",-5.93739079104962,0.226144021459165,0.0830683800256202,0.0397691691011173,-0.10224559192049,-0.102463490028613
2326,"heggarty2024",-5.91916154659594,0.19265043839988,0.108481115756918,-0.0600226189489233,-0.0707270793528563,-0.129183017406032
2327,"heggarty2024",-5.85931346281637,0.229294697010704,0.0567444053762154,-0.049931304409366,-0.0514044958301035,-0.00311795216328584
2328,"heggarty2024",-5.83942438115762,0.00109344566526772,-0.123451361036125,-0.0905531082379352,0.108967191650622,-0.149708659751672
2329,"heggarty2024",-5.86118097966463,0.283914877066989,0.117837504403288,0.0634755841496504,-0.115648519934494,-0.133001565875669
2330,"heggarty2024",-5.88158135237379,0.164244135680065,0.0418958217154306,0.0367952309680611,0.131413122666551,-0.0457985487774876
2331,"heggarty2024",-6.05151850388167,-0.139277982949962,0.085319074235282,-0.0745135516110654,0.0194735389289823,-0.0979673809125538
2332,"heggarty2024",-5.7188146850771,0.176409121576659,-0.0739444310774509,-0.149176717094366,-0.00351379306568085,-0.242429145279679
2333,"heggarty2024",-5.91502068613471,-0.0822776033964721,-0.275686668357164,-0.0964766418537292,0.0814105595026594,-0.219965421592342
2334,"heggarty2024",-5.96615329907935,0.0381973916187961,-0.106278646724894,-0.0742967686014798,0.00915417732944174,-0.145303108009878
2335,"heggarty2024",-5.81417821072659,0.0319388003456341,-0.143759955171091,-0.0476124762802847,0.0838768296182187,-0.136417687694218
2336,"heggarty2024",-5.85925299320362,0.0925190308457163,-0.176230810481599,-0.0367070796042748,-0.0955034161320515,-0.134769287709675
2337,"heggarty2024",-5.87419371739862,0.207068652023162,-0.0446044836004286,-0.0136476823409994,-0.00446385111979394,-0.141995665156449
2338,"heggarty2024",-5.82429960958646,0.246367842488086,0.142388048643471,0.0803902193700702,-0.02313903282121,-0.31079504424845
2339,"heggarty2024",-5.73898371525948,0.0889910194561807,-0.225195173808386,-0.0568877291773827,-0.172274924435075,-0.156757960170538
2340,"heggarty2024",-5.87782587089005,0.152419500002271,-0.0702879383757173,-0.00280686843266815,-0.0900067105820669,-0.0790969092541102
2341,"heggarty2024",-5.92830750816276,0.290564229163925,-0.118208759077261,-0.0235258146597367,-0.115073548320044,-0.174984595460381
2342,"heggarty2024",-5.76399107195825,0.331206361559456,0.048640284678514,0.0914985306279123,-0.0486904755696672,-0.0494834542907226
2343,"heggarty2024",-5.86894453665697,0.0893227293589716,-0.0686771262897307,-0.00364354734324699,-0.0435544023437744,-0.191253108918674
2344,"heggarty2024",-5.846686141271,0.128802676518163,-0.147713223171941,0.0143268825634633,-0.00773205910285096,-0.127415115548476
2345,"heggarty2024",-5.80145416798805,-0.23023910200527,-0.447125713992986,-0.14273282658956,-0.0124559674999661,-0.159599128254563
2346,"heggarty2024",-5.80025341661364,-0.0147675930636477,-0.109441734718922,-0.0346504284396956,-0.0161143799053634,-0.0068318495684545
2347,"heggarty2024",-5.88931641489359,0.121091161956523,-0.191309081878344,-0.08334004584454,-0.113868568005248,-0.230421188311295
2348,"heggarty2024",-5.75979809758408,0.171122968454442,-0.134983733357398,-0.118466983249228,-0.0422311059286638,-0.174868765176207
2349,"heggarty2024",-5.75023406165105,-0.0905704696310002,-0.109848063639206,-0.101404310997553,0.0237817794191918,-0.174807105719715
2350,"heggarty2024",-5.95458690780405,-0.0902387482825924,-0.0912518748363022,0.0228485342887091,0.0577824152858212,-0.0974955945877896
2351,"heggarty2024",-5.8321300084681,0.341265143399165,0.0396379460609288,0.0208485008495657,-0.205911031291796,-0.0540928185349351
2352,"heggarty2024",-5.80643732882453,0.0473414285610971,-0.210630411838968,-0.0673520987063118,-0.0917830851041551,-0.161041594745215
2353,"heggarty2024",-5.84084003369042,0.0728327181318272,-0.163347307968317,-0.109668490907664,0.094328404781239,-0.19740806959791
2354,"heggarty2024",-5.81137989856016,0.175115553215453,0.0715387749886684,-0.0185453367679988,0.0187075750768984,-0.0812017218493998
2355,"heggarty2024",-5.78886799215226,0.222050102013602,0.0935231318640297,-0.117270214027358,0.0295566750877532,-0.135311832507322
2356,"heggarty2024",-5.84247475743892,0.163861177641738,-0.180434264919655,-0.0256013812015964,-0.136048593236619,-0.148002719011158
2357,"heggarty2024",-5.89791436841606,-0.0341173825017627,-0.211866787441456,-0.00629719973426973,-0.131030836188295,-0.238980866563704
2358,"heggarty2024",-5.80830314981746,-0.082825545957739,0.071924701474871,-0.0451635704470753,0.0598513265253133,-0.230598758492516
2359,"heggarty2024",-5.87493725967163,0.104585264297784,0.0683456460841257,0.044081446952917,-0.0970367807547311,-0.111828897829001
2360,"heggarty2024",-5.93813488351669,-0.149687444958469,-0.186439540234681,-0.0569171607567394,0.0370485099564616,-0.0530960885503667
2361,"heggarty2024",-5.81445972904058,0.00677261862439043,-0.183529033695373,0.0335336948790339,-0.0299965696845509,-0.130619634344295
2362,"heggarty2024",-5.76991357015027,0.151628156465416,-0.186318253278053,-0.0811094930379294,-0.182014367276818,-0.228085209914327
2363,"heggarty2024",-5.77083569261889,0.205143621561996,-0.0208847390278922,0.0241558532504873,0.00219456282459801,-0.120543573525282
2364,"heggarty2024",-5.94804416283177,0.257261313438615,-0.11283881969172,-0.00176774911125813,-0.0909986192819136,-0.221228083856308
2365,"heggarty2024",-5.68640874214076,0.149400708941566,-0.0741453452121708,-0.0207953968292092,0.0254890901985568,-0.0463487898379082
2366,"heggarty2024",-5.97532181689201,0.0562049310858973,-0.0551363720005288,0.0290443528120973,0.0499636316448727,0.0391626242722321
2367,"heggarty2024",-5.80081368251121,0.0451896243813468,-0.0445519411244186,-0.0404955784433686,0.0300293338070582,-0.234305782668177
2368,"heggarty2024",-5.78600755346857,0.282980407782893,-0.0279620592423874,0.0334364008103983,-0.0534040918159561,-0.0585605831184582
2369,"heggarty2024",-5.84735210319368,0.252746599428391,-0.063965117575552,-0.0911729912302511,-0.00250312831966659,-0.154922616249012
2370,"heggarty2024",-5.85086786568569,0.184935191461553,0.0635881985105971,-0.0625296406312688,0.0623154507750996,-0.191263200004091
2371,"heggarty2024",-5.81924614765002,0.259451005325521,-0.0216286212195058,-0.0437218619421379,0.0218301136565233,-0.146202416198859
2372,"heggarty2024",-5.87134636501898,0.219884919255458,0.00880638022697335,-0.037713911101945,-0.0372509586203875,-0.14552359044196
2373,"heggarty2024",-5.90167470408552,0.413117929633012,0.100993074434365,0.00646002040300084,-0.00842266169326722,-0.146389180134883
2374,"heggarty2024",-5.82561648845142,-0.000568563741480163,-0.156942688369157,0.0560227570607452,-0.0239245731899544,-0.0904304753695446
2375,"heggarty2024",-5.85220746360346,0.154565476009328,-0.0303574056022223,0.0131990484344086,-0.025702709772293,-0.116849037169317
2376,"heggarty2024",-5.79473092505758,0.044429174786726,-0.135503703975638,0.0236510117431995,0.00415730112077733,-0.131268821109909
2377,"heggarty2024",-5.97909929925755,0.233092821795773,0.129472972775791,-0.0265807000883197,0.0756414795511958,-0.21251679495423
2378,"heggarty2024",-5.84456565492278,0.0594592872714724,-0.0653807937826315,-0.0285469175108774,0.1365657491974,-0.191625317674651
2379,"heggarty2024",-5.83654551691135,0.0994187170836715,-0.0211686554046625,-0.0287809472188833,0.178691192333625,-0.0479108375529328
2380,"heggarty2024",-5.69315000034675,-0.00269242388754159,0.134930408987569,-0.0880349861121449,0.0490358600252795,-0.0680672745446769
2381,"heggarty2024",-6.19009324271423,0.135810469256922,-0.159115741521885,-0.0272003948390035,0.0169657515435344,-0.329911045319057
2382,"heggarty2024",-5.6404912129114,0.291240437716214,-0.0525542417952315,0.0250931037410936,0.0337791468251127,-0.174099708353749
2383,"heggarty2024",-5.80172699218396,0.0494897988688286,-0.0759242595578061,-0.0216296918184504,0.00562484219850878,-0.201097946657321
2384,"heggarty2024",-5.82936442590485,0.000117579069749387,-0.168484564115464,-0.0794930913859649,0.0804641726552012,-0.128727751504393
2385,"heggarty2024",-5.80249911333282,-0.0701158549286728,-0.024010197436912,-0.00936730129779556,0.0902820282643447,-0.175190938886264
2386,"heggarty2024",-5.78375633420455,0.153368597353313,0.0102157870834275,-0.0785738469018404,-0.0475648110311708,-0.11943461071781
2387,"heggarty2024",-5.87805252902609,-0.136196631866185,-0.259338752658568,0.0557610265225034,0.113782333810653,-0.0330015164094471
2388,"heggarty2024",-5.889849110323,0.157968295310106,-0.0423424298286796,-0.0295955742080084,0.0342095263017821,-0.212447262199064
2389,"heggarty2024",-5.67839036620957,-0.0585004331195671,-0.139969597330448,-0.0140302641534492,0.0888038720220318,-0.102160273440592
2390,"heggarty2024",-5.88415565759125,0.171764265665723,-0.00564100570908515,-0.0191644921287449,-0.105203111119951,-0.132553587639541
2391,"heggarty2024",-5.71622105169051,0.233457519956279,-0.136150478707518,-0.0114984827122998,-0.0199161538586155,-0.165491357399495
2392,"heggarty2024",-5.8098067767853,0.00738614168114875,-0.00836035080317572,0.00944085231279235,0.0623368385175955,-0.222911318609731
2393,"heggarty2024",-5.92635285226355,0.0880521334774807,-0.114720998854832,0.0404529541941586,0.0344018142385668,-0.15695657953323
2394,"heggarty2024",-5.88593387294563,0.109368264749517,-0.0596069475871013,-0.17875134592201,0.0124720848711665,-0.114478552998083
2395,"heggarty2024",-5.71475970476156,0.232123794881639,-0.149941376287863,0.0588331806445189,-0.0513508616683427,-0.120963171000701
2396,"heggarty2024",-5.87977267755569,0.144118433544566,-0.0140095701490496,-0.0194087809087619,-0.0360118919866301,-0.00739475897698177
2397,"heggarty2024",-5.82431584978985,-0.0777192956693329,-0.189328987501602,-0.0123037537526871,-0.0201929551663482,-0.160418242854427
2398,"heggarty2024",-5.8624758351501,0.288727868841779,-0.203178297690652,0.04742880260391,-0.0317420644858176,-0.0781037743511807
2399,"heggarty2024",-5.81312256869184,0.0572215545230489,-0.0557490191062317,-0.0199401815258726,-0.0608446407118342,-0.127052017753781
2400,"heggarty2024",-5.89157869141513,0.101172662839663,-0.141038533154994,-0.0518436891074164,0.10318317612652,-0.0325574125002178
2401,"heggarty2024",-5.76916525106741,0.130053449391007,-0.0833067758105399,-0.146474620220105,0.0080772781065003,-0.238260499462914
2402,"heggarty2024",-5.85941314199587,0.0904191666740517,-0.058993249584898,0.051328929991037,-0.103111589052761,-0.106602204000039
2403,"heggarty2024",-5.93908207595213,0.111438496862823,0.011990221352206,0.0516604768146678,-0.00610717719937316,-0.0490591641977065
2404,"heggarty2024",-5.84350348581879,0.0582915944136937,-0.102664911858233,-0.0686192940908503,0.0138521139042625,-0.159918596236876
2405,"heggarty2024",-5.79115941746897,0.0465163241061529,-0.182281465326214,-0.145575521913033,-0.110922051065133,-0.179663100844361
2406,"heggarty2024",-5.99817837833118,-0.0970366458034302,-0.318382185020333,-0.0595109543397647,0.0725146714039811,-0.231003008306126
2407,"heggarty2024",-5.77564909670471,0.0472091045300769,-0.167173106450596,-0.0738358852013851,0.0164365903879485,0.0340853339318696
2408,"heggarty2024",-5.83439473971588,0.408275924488303,0.138267306805254,-0.155645852997486,0.25971949325778,-0.0370590084884593
2409,"heggarty2024",-5.76644591079937,0.396923921778262,0.354359992248386,0.0878824511042256,-0.00561954678726508,-0.215691902294785
2410,"heggarty2024",-5.84104349361246,-0.0127728928556707,-0.0585577273376699,0.0515534924914474,-0.0817693533296245,-0.0985891191087882
2411,"heggarty2024",-6.01587730248192,0.187199625701876,-0.0654568341892238,0.0401285687276141,-0.00369082212260116,-0.062151141906371
2412,"heggarty2024",-5.84751319632887,0.205202872972232,-0.0698334198083167,-0.0146821035746987,-0.136770210858281,-0.134645578812808
2413,"heggarty2024",-5.84649107555628,0.280679655235079,-0.0527826752976641,-0.0415705802407463,-0.0874108192341944,-0.182117710463418
2414,"heggarty2024",-6.26893985267907,0.0510898139026656,-0.0599983373575017,-0.162532647219852,-0.00906405459748451,-0.0676638235065405
2415,"heggarty2024",-5.92440682719613,0.0930940009776606,-0.108683031548732,-0.0458405813615605,-0.0150719333403679,-0.115976761506224
2416,"heggarty2024",-5.9181753135426,-0.102477472761719,-0.186752255607677,0.0896424893613684,-0.0150677441248841,-0.0127579133427711
2417,"heggarty2024",-6.00640572148393,0.320544265102397,0.220749545690941,-0.0200328649679353,-0.0882627366216464,-0.125314444783956
2418,"heggarty2024",-5.86838129872894,0.246427233383252,0.127210807549211,-0.0213755959435343,-0.0289861845399281,-0.172387354089904
2419,"heggarty2024",-5.88318928010496,0.08969070373883,0.0732144117384318,0.101464992911497,0.13332457195195,0.0787315090318423
2420,"heggarty2024",-5.92652545654334,0.160403327489712,-0.0951119134105853,-0.157125518802189,0.00904177538129793,-0.16464265146381
2421,"heggarty2024",-5.90697366937856,0.131566067804536,0.205974632683562,0.0262013436889312,-0.00410766003356347,-0.046304451536534
2422,"heggarty2024",-5.8172376164095,0.118048314836396,-0.0388323198743974,-0.0169188218420278,0.0472667192535946,-0.0420739797285247
2423,"heggarty2024",-5.91886596963455,-0.0777520847390916,-0.368178510732793,0.0987555808863979,-0.173690680426022,-0.0855494480941348
2424,"heggarty2024",-5.70310517296913,0.238805596882956,0.0499611805771495,0.110194841500512,-0.0726355457250052,-0.0119919597017431
2425,"heggarty2024",-5.90973522607967,0.110167428562621,-0.153023567279784,-0.0655930956709121,-0.162374644362103,-0.209280252077295
2426,"heggarty2024",-5.83714600201594,0.218284979620417,-0.0163546150852666,0.0244070099161066,-0.100678377008741,-0.0294091291682171
2427,"heggarty2024",-5.91377155647706,-0.0292230936024461,-0.163430640628844,-0.146405715982813,0.0358896456753706,-0.121265218708933
2428,"heggarty2024",-5.74848809354698,0.00661967507937255,-0.0227594086946846,0.0566696482079158,0.0315745252424178,0.0216904139637614
2429,"heggarty2024",-5.67912560527227,0.204242568144056,-0.146603827170398,-0.166262744776164,-0.138981492109844,-0.22192668220654
2430,"heggarty2024",-5.95886015741284,0.190602360676957,-0.138710707396057,-0.0699781911085406,0.111776841545508,-0.0557287414248571
2431,"heggarty2024",-5.864090023264,0.215466583153198,0.0183953062089349,-0.13243406545016,0.0773061973148802,-0.0477294420808684
2432,"heggarty2024",-5.80010397518718,0.0463368535830968,-0.041454744132902,-0.0899043389186891,0.0518810989073164,-0.0934132842640553
2433,"heggarty2024",-5.9309576483237,0.0264958055400918,0.193902286936079,0.0463614565784376,-0.0447704991622675,-0.142035581174084
2434,"heggarty2024",-5.83674391899799,0.114312512851213,-0.084071766971632,0.0556337325583436,-0.0700757796035319,-0.089532498270274
2435,"heggarty2024",-5.77514321564748,0.263622890008895,0.141119686207244,0.052953966346218,0.0352355408509085,0.0102404594456119
2436,"heggarty2024",-5.83306770451344,0.204997470383973,-0.1268890512483,0.0127973745049418,-0.0732047977346971,-0.128636105015434
2437,"heggarty2024",-5.79434815787567,0.210710693991018,-0.0158415474458603,-0.0556847858129316,-0.0209747095961111,-0.0320598501170912
2438,"heggarty2024",-5.85842448787557,-0.0182870664363438,-0.342324171982101,-0.098209714613316,-0.0861084599138015,-0.172166123646704
2439,"heggarty2024",-5.79934099448063,0.110043177392505,-0.105131990445501,-0.103925113687314,-0.0710397898669086,-0.134593615808765
2440,"heggarty2024",-6.00135447180661,0.132661287617571,-0.0337607830217663,-0.00369954868265785,-0.000849492097763381,-0.0646562742083434
2441,"heggarty2024",-5.79126740319833,0.212999677971376,-0.0484978976504587,0.0593707611054168,-0.0647505267903776,-0.146340143746554
2442,"heggarty2024",-5.89922608563567,0.189206632027284,-0.0256303746043303,-0.0231517844252822,-0.0588742518047842,-0.121826487220042
2443,"heggarty2024",-5.70783415298638,0.010757875822558,-0.218803238868017,-0.0328908310849964,-0.0193815886992659,-0.144536461208085
2444,"heggarty2024",-5.83196867889994,-0.0656289580758336,-0.2549750701003,-0.191360921885547,0.0374813016869994,-0.0717050596833232
2445,"heggarty2024",-5.88819882809572,0.170307525469045,-0.0714126532483967,0.0374170521024533,-0.00559878151669835,0.031428654562829
2446,"heggarty2024",-5.72192264286772,0.130112252155446,-0.0111618340404181,-0.0280908028154234,0.00716536737351178,-0.0945602315802861
2447,"heggarty2024",-5.86352360253172,0.0971679385549891,-0.0539310986402228,-0.0523207750848649,-0.0247901541855168,-0.0963428432110471
2448,"heggarty2024",-5.96952428459827,0.120462672129368,0.101263825875764,-0.0578172363636165,0.0469536261818819,-0.101277555553165
2449,"heggarty2024",-5.71639407576325,-0.0657483624404042,-0.171877611466918,-0.0817912681303227,0.0255379493780029,-0.167856080908219
2450,"heggarty2024",-5.79358134332661,0.331283864007123,0.065410815336369,-0.0371364865585431,-0.166711815661119,-0.0856109686476226
2451,"heggarty2024",-5.84380492850511,0.122191974628989,0.237904131727419,-0.049890223068105,0.0483931586972371,-0.205435740836117
2452,"heggarty2024",-5.17244899138116,0.178967685854131,0.204617850114753,0.076941155369199,0.0265376361903754,-0.372109557058975
2453,"heggarty2024",-5.96908238165551,-0.013836409598162,-0.133606922828863,-0.0389291037936647,0.120303735751898,-0.0233088622518889
2454,"heggarty2024",-5.61266619768328,0.246487216152138,-0.0401921912041383,0.0439011402556214,0.028039466937334,-0.0925086425460671
2455,"heggarty2024",-5.88522224183838,0.140239844447673,-0.0287026270933402,-0.0195059721615536,-0.0350894121815051,-0.127542401501558
2456,"heggarty2024",-5.93188195267846,0.333800015524623,0.0876508742136048,0.0190257064968507,0.00170825019727029,-0.172645321223937
2457,"heggarty2024",-5.95227284988029,-0.02240821715631,-0.00586938862590997,-0.152446031762553,-0.0729630033772042,-0.0241035946027311
2458,"heggarty2024",-5.84774442188272,0.00788735761000858,-0.169009611457176,0.10758709742571,0.0394031168624172,0.00787490705175945
2459,"heggarty2024",-5.86036197287918,-0.113627116347466,-0.397824110145591,-0.131155495038705,-0.00859151844800549,-0.125377101760384
2460,"heggarty2024",-5.91307579788278,0.367794853733632,0.129558532246054,-0.0502645188527974,0.108160294975694,-0.0379855888654767
2461,"heggarty2024",-5.73884056121593,0.143655735003922,0.0226163493808474,-0.052005302377558,-0.0539793213597322,-0.0910896001719683
2462,"heggarty2024",-5.8897171221319,0.189580982122696,-0.0384857493429543,0.00137797934744391,-0.091818355061435,-0.183426437334066
2463,"heggarty2024",-5.92568265498093,0.276692497493835,-0.00268967923265551,-0.0759030243822556,-0.0831785554332203,-0.11210451409489
2464,"heggarty2024",-5.78527087591929,0.0521610450002879,-0.102066065148413,-0.152200564215993,-0.0631328160957432,-0.169361763254773
2465,"heggarty2024",-5.8567565862514,0.172540067880379,-0.0542628910622303,-0.167853033395611,-0.0248502127244295,-0.114626274569837
2466,"heggarty2024",-5.82471420648476,0.24683290046124,-0.0482945897398284,-0.0429124152308863,-0.0459580224740834,-0.197741089456207
2467,"heggarty2024",-5.59432749436147,0.17961188613906,-0.0312052229890108,0.00689328203738039,0.0202351531494814,-0.0348392786766969
2468,"heggarty2024",-5.78043113674573,0.248578814863704,-0.0914863035421832,-0.0209633721534232,-0.225749608394449,-0.175644220293034
2469,"heggarty2024",-5.77288349122817,0.17719548124846,-0.0109733808308219,-0.145389049332692,-0.140333756661962,-0.160368145225847
2470,"heggarty2024",-5.91816597414715,0.108263977144133,-0.00459687871832246,0.19758110428303,-0.119362213001641,-0.0256779273751009
2471,"heggarty2024",-5.86202648874551,-0.0719498140863305,-0.216045107468108,0.0306330782304057,-0.0155196011701151,-0.138930057166003
2472,"heggarty2024",-5.91358574459746,0.124747730533588,-0.115063918423197,-0.0298075132105966,-0.0638078030809066,-0.0762038535372889
2473,"heggarty2024",-5.96673992891972,0.165472868887349,-0.0260968850369135,-0.0210086543176366,0.0472233230158678,-0.0558327750348542
2474,"heggarty2024",-5.75041426181966,0.116114895042519,-0.0249696364464838,-0.0838111770309083,0.0239984371376348,-0.0545079694513983
2475,"heggarty2024",-5.89246133827919,0.425169357063297,0.100886292360899,0.0385538921000354,-0.107667018076596,-0.0523083832155284
2476,"heggarty2024",-5.8239493030005,-0.138541018372519,-0.189614913389112,-0.0533114385197592,-0.014255237446941,-0.078847684525451
2477,"heggarty2024",-5.90708360083238,0.26706422476256,0.130945729494393,-0.0211389896259453,-0.00746564938272466,-0.131063765911427
2478,"heggarty2024",-5.81886189331342,0.208595090809222,-0.103164420470871,-0.159786684979376,-0.0025594653130646,-0.242752719131307
2479,"heggarty2024",-5.891496029309,0.140920752793105,-0.0261538330633382,-0.0303622917518838,0.0380745329390595,-0.148705181946704
2480,"heggarty2024",-5.9626135284291,0.181487160485194,0.0162012360930836,-0.103436816559471,0.0504986178988557,0.00912569978963875
2481,"heggarty2024",-5.9192438038481,0.179464062915052,0.0594641165962259,0.036242188865649,-0.0480355563748541,-0.25115861818834
2482,"heggarty2024",-5.91360001810344,0.022010219430633,-0.188094597385241,-0.0276171834021653,-0.0415762742021977,-0.102329698982763
2483,"heggarty2024",-5.89848673795413,0.25176570607082,0.19417166090361,-0.0951520721687406,0.0324391466865708,-0.104581670025432
2484,"heggarty2024",-5.5413329541308,0.0837480326654623,-0.048731589198712,-0.149569750607691,0.125631064157144,-0.0551902189676932
2485,"heggarty2024",-5.81454547117568,0.194532585248489,-0.0560643198873385,0.00219616214752223,0.012492313550928,-0.029008641248501
2486,"heggarty2024",-5.77383760025459,0.309360279509271,0.0649484355489236,-0.00571163384478456,-0.204243274315658,0.0328734878433403
2487,"heggarty2024",-5.91134476035684,0.404895572177361,-0.0118579495623297,-0.00202406863175536,-0.0695309066666195,-0.171180206904188
2488,"heggarty2024",-5.80018736143073,0.0183065218575905,-0.0599027439779235,-0.0309486835943185,0.0493955312776498,-0.00772933760429102
2489,"heggarty2024",-5.74962744224819,0.00902425062617189,0.0167498198878738,0.078256923881055,0.00432439311191955,-0.142311549497235
2490,"heggarty2024",-5.82290005004098,0.261143919083421,0.0204796975812091,-0.0730982631376838,-0.105920476812578,-0.175375389365779
2491,"heggarty2024",-5.81333842586874,0.159015997722548,-0.165921247519292,-0.125639299895636,0.12234961497409,-0.0911545323497697
2492,"heggarty2024",-5.70977000584103,0.0143160546739247,-0.0808368163608369,-0.040415203798467,-0.0400600425299661,-0.152159035302905
2493,"heggarty2024",-5.85860745005679,-0.0906816979694742,-0.0109768530210867,0.0150989809616392,0.0543642514727599,0.0306258545856259
2494,"heggarty2024",-5.90168947598594,0.362498653121215,0.259382825614081,-0.165245253421163,-0.206760183389899,-0.118302884548925
2495,"heggarty2024",-5.88436176427632,0.449572169970946,0.118467357174746,0.0891726379749151,-0.234020786907748,-0.194676787175837
2496,"heggarty2024",-5.98064045948706,0.18420865965866,-0.0380884314061925,-0.0325811541926205,0.0674519930041263,-0.100829767914765
2497,"heggarty2024",-5.99021457765482,0.0606155780268471,-0.129878812727595,-0.0596476974703525,-0.018253420686963,-0.0267114218170964
2498,"heggarty2024",-5.72599510838827,0.125485804828852,0.0518054139359967,-0.0338453354339643,0.0345229288002924,-0.163604347160896
2499,"heggarty2024",-6.05562676721635,-0.00273290792027847,-0.102784606584324,-0.153094065391613,-0.0668901740438338,-0.166216759721021
2500,"heggarty2024",-5.82101519496482,0.0985006516362278,-0.131956073675403,-0.0212861526131619,-0.00701275006282249,-0.187648609230667
2501,"heggarty2024",-5.7758972775753,0.128559169481807,0.0521476463238736,-0.000127349143517815,0.0295820102392987,0.0956937891080923
2502,"heggarty2024",-5.84598606002923,0.204001972244076,0.184872133906189,0.0942272762525828,-0.000171475642847133,-0.0117063675420683
2503,"heggarty2024",-5.72081047049994,0.0441575170303155,-0.437547532678977,0.0654489583310388,0.0294177281742371,-0.187135194378029
2504,"heggarty2024",-5.97786002604239,-0.0459229937342597,0.0356416965819361,-0.00998193264170883,0.0263014944946823,-0.0377554944080735
2505,"heggarty2024",-5.85682546934488,0.0312650862669517,-0.128108062791343,0.0356470869079269,0.0488373063633544,-0.138331362265121
2506,"heggarty2024",-5.85673271541686,0.176757173623259,-0.0779211562993701,-0.103495052966708,0.00594862495501251,-0.200845241773335
2507,"heggarty2024",-5.6923931685758,0.138456183210048,-0.0743742857419171,-0.0586839897363862,-0.00489843032846383,-0.234947159449421
2508,"heggarty2024",-5.81831559361732,0.0742648334199519,0.037287765908722,0.0230753316182707,0.0920119270479787,-0.0209922790089614
2509,"heggarty2024",-5.90164631017727,0.251521270352664,0.0923815952884129,0.0932734228086614,-0.0678622392994949,-0.129874255096929
2510,"heggarty2024",-5.91019355385197,0.0783470007461645,-0.0326785429778149,-0.0211593704223995,-0.0676901494212516,-0.239642195510793
2511,"heggarty2024",-5.67484218814368,0.0194335299766637,0.213262205684277,-0.10206689397345,0.182801907502002,-0.103337938535601
2512,"heggarty2024",-5.76241894966405,0.0913138697386803,0.0308912339701998,0.0526016751000123,0.0686909940827348,-0.0495503076006662
2513,"heggarty2024",-5.77099578915067,0.0785142754872585,0.0154699890487808,-0.0708585513950024,-0.024928770812885,-0.0239968024095547
2514,"heggarty2024",-5.9298715428896,0.113371576212727,-0.0698959276279356,-0.0142882552567307,-0.0256821124689991,-0.0140152592210418
2515,"heggarty2024",-5.80792585635566,-0.204235753096539,-0.0382881969563338,-0.00417753962805718,0.0891188418624836,-0.263632006176226
2516,"heggarty2024",-5.53949408453754,0.304482938771886,0.173277445660613,0.0101951307572575,-0.0399911807785658,-0.274744152998941
2517,"heggarty2024",-5.94176678674213,0.100837344332607,-0.226157926333737,-0.116938448148037,-0.0831867045818582,-0.188996003620261
2518,"heggarty2024",-5.79597186529036,0.0314407964909474,-0.195002552224592,-0.126583306921466,-0.0373814508087065,-0.237558983107021
2519,"heggarty2024",-5.78611586218927,0.0430564911230319,0.1410315718281,0.044866915059898,-0.0393594246695537,-0.0994651108194496
2520,"heggarty2024",-5.78849474617863,-0.117054518738008,-0.297959716041684,-0.0405210028218123,0.173086578991086,-0.118133303299707
2521,"heggarty2024",-5.88065961736746,0.204061427441477,-0.029613924319148,0.0162985367802369,-0.0102259503402449,-0.0449940356023054
2522,"heggarty2024",-5.8571735131794,-0.15784967786037,0.0674341783367225,0.0340392103724104,0.0351011951368261,-0.0957629407929594
2523,"heggarty2024",-5.76362355156802,0.253695328675177,0.0168062285294945,0.044683820693088,-0.0956432319316082,-0.0512528246309885
2524,"heggarty2024",-5.80790028158418,0.0424344807090334,-0.00619041893440925,-0.0390272803434015,0.108755526344479,-0.0830989010985251
2525,"heggarty2024",-5.94178682333848,-0.15408719236467,-0.0517403287965107,0.0331266720596606,-0.000586060600064778,-0.0451563743129547
2526,"heggarty2024",-5.90437802690972,-0.0612495471939327,-0.140711528442466,-0.28675451691751,-0.0344647793732432,-0.252190521527482
2527,"heggarty2024",-5.65859294563712,0.0955871053774743,-0.0903285946126639,0.0543191268377789,0.00768777791833433,-0.247752812293419
2528,"heggarty2024",-5.87941583296063,0.240918541025394,0.16845741670561,0.0295851556686503,-0.0679816349026454,-0.129644801005072
2529,"heggarty2024",-5.70707913802313,0.172750417910123,-0.120083276612182,-0.131902090250974,0.00979678290326941,-0.249026526817452
2530,"heggarty2024",-5.71727405233519,0.0922905644188399,0.0328058166665758,0.0859545241455167,-0.109210406480763,-0.202420033727599
2531,"heggarty2024",-5.77669361297048,0.00552139031942192,-0.217432253357737,-0.0744829886111728,0.0184765896037947,-0.0622414310620488
2532,"heggarty2024",-5.74279625981216,0.218483258867433,-0.0145861147108715,-0.094590695240211,-0.0159444627211889,-0.204404243811043
2533,"heggarty2024",-6.20682291539943,0.203247287306162,-0.114872764386925,-0.128731194730046,0.0587181903211309,-0.0433197401746422
2534,"heggarty2024",-5.75013651854429,0.01353083903815,-0.185206487038097,-0.0922258420806401,0.00918968390296317,-0.19973837409441
2535,"heggarty2024",-5.84160084531288,0.0877740579648931,-0.0142077646295248,0.00724074000057847,0.0504454766708906,-0.13349948434136
2536,"heggarty2024",-5.91702840650644,0.139457359774104,-0.00482695473537585,0.0394417559195125,0.0385500940278465,-0.217745382515544
2537,"heggarty2024",-5.93453573169444,0.234598592622323,-0.0239757001887162,-0.0707989296389824,-0.0412826117721378,-0.124681590935995
2538,"heggarty2024",-5.82916625293641,-0.0178397121082484,-0.150511501986539,-0.0441755796162908,0.0894482750192226,-0.127334620364564
2539,"heggarty2024",-5.79660918876262,0.0650170961989787,-0.183845961688827,-0.00036733523333948,-0.0712445601003894,-0.134403776384476
2540,"heggarty2024",-5.60369724829265,0.026485734355421,-0.179948142756116,-0.0329294725336872,0.055017049318138,-0.0860360590305085
2541,"heggarty2024",-5.80333834418914,-0.0131286126076176,-0.155832227060559,-0.197088663594508,-0.0790699059360909,-0.16009743326476
2542,"heggarty2024",-5.73448646058366,0.162179048730343,-0.00411006469389472,-0.0433001826750043,0.0257993259008906,-0.109618575647624
2543,"heggarty2024",-5.89309390859525,-0.0519993734375826,-0.0316877572156354,0.0489623130719324,0.0083111846824895,-0.111087533949796
2544,"heggarty2024",-5.8885081135067,0.211414214786326,-0.0613062981307376,0.0446410803880262,-0.0576153650037426,-0.00560000775166873
2545,"heggarty2024",-5.87423264569,0.00628503171724787,0.0332898466693735,0.0902785550005044,0.0540324890135654,0.0777558490903687
2546,"heggarty2024",-5.66031023338598,-0.0351928435257726,-0.291237188658203,-0.0413706902374325,-0.137570715591778,-0.061527365538307
2547,"heggarty2024",-5.87475824947587,0.175476703881114,-0.0596133461586843,-0.0729857178718669,0.0276823192655118,-0.0643513539475837
2548,"heggarty2024",-5.82413514202636,0.162329546171436,0.042974280505193,0.00247755458550209,-0.0420954004595021,0.0191040258729435
2549,"heggarty2024",-5.64969443203801,0.0856764920695982,0.0307589717470283,-0.0677515407521758,0.0509876994881686,-0.159263432719091
2550,"heggarty2024",-5.79792426444618,0.143653133800143,-0.209594245112154,-0.0091885018179297,-0.067198738938647,-0.224130912493412
2551,"heggarty2024",-6.06334562502058,-0.091958135522463,-0.356225212746428,-0.134327144371015,0.128144641628896,-0.112037367470748
2552,"heggarty2024",-5.71602329033885,0.0581605387441214,0.0403107421864879,-0.0633470186208196,-0.0286591128889433,-0.145630992618654
2553,"heggarty2024",-5.82937244931166,-0.0452784366296169,-0.169536039382111,-0.0532680824370055,0.0628216320577742,-0.0587426045910807
2554,"heggarty2024",-5.89741407369408,0.278669483416122,-0.194895557478507,-0.0345295916058677,-0.150299423863862,-0.1348492395827
2555,"heggarty2024",-5.80781201054461,0.128455566903254,-0.0692051508758327,0.0439404195658135,-0.0195407404859058,-0.0669939608379742
2556,"heggarty2024",-5.65457506305585,0.197671970105906,0.012585990156463,0.0467290071881927,0.00594273789562919,-0.073324981147726
2557,"heggarty2024",-5.82747742126546,0.0241580551038725,-0.194455913867534,-0.118794709321991,0.0357132867353609,-0.277096390324874
2558,"heggarty2024",-5.87816379268004,0.165229932823624,0.00447327672811569,-0.0531770424402161,0.0994841764950717,-0.0929521011831135
2559,"heggarty2024",-5.79733974203363,0.103560461454352,-0.036071109442116,-0.00405436072261443,-0.0551013524492906,-0.0670877434732305
2560,"heggarty2024",-5.9888771182103,0.138043788391133,0.0258242513641475,-0.118863321674718,-0.00135478637509354,-0.072222636695891
2561,"heggarty2024",-5.9455091490396,0.0272457667298536,-0.032161563848078,-0.0891980702482094,0.0298429780802121,-0.0441778394975337
2562,"heggarty2024",-5.76176655259495,-0.0992413701762307,-0.235731922677377,-0.0634031195176226,-0.0141510156399625,-0.120418804200176
2563,"heggarty2024",-5.93209435605688,0.017954816822501,-0.0602069591777283,-0.00173715471818627,0.0657755097826485,-0.227719569937478
2564,"heggarty2024",-5.83215396346808,0.0645428458412179,-0.0529829843583245,-0.0803111825874596,0.0583599400904962,-0.0775683389867792
2565,"heggarty2024",-5.7819243695076,0.198405377195287,-0.0165851295864687,-0.031244902508718,0.0433132406680606,-0.125420396399578
2566,"heggarty2024",-5.92868107581359,0.223268617026827,0.0442905219357948,-0.0724167695304186,-0.0260827625321009,-0.077720214750158
2567,"heggarty2024",-5.75467375147453,0.316271131434657,0.0573442320600679,-0.174232444540163,-0.122887447883549,-0.0355491285836901
2568,"heggarty2024",-5.97404301544295,0.197440981378215,-0.0134816867874861,-0.0829748407011321,-0.0302710050536669,-0.147539528192869
2569,"heggarty2024",-5.65006370547501,0.0613942290486887,0.111217812712176,-0.00634836390907479,0.114791278436419,-0.225346570109394
2570,"heggarty2024",-5.89710749825128,-0.0307503863146017,-0.217631975503717,-0.0622576887621461,0.0359947126644345,-0.229365468479749
2571,"heggarty2024",-5.93925442300192,0.240562494879005,0.093526620200387,0.00336004072938481,0.0329986617969362,-0.0643395139067199
2572,"heggarty2024",-5.79225993843696,0.0221425406433262,-0.0725920710284712,-0.0530123939170264,-0.0713505630710614,-0.217510650501894
2573,"heggarty2024",-5.87907176805482,0.0606391288320781,-0.0842641096536898,0.0405511563977679,0.0240219219268976,-0.0189595375776556
2574,"heggarty2024",-5.71547440952778,0.202760603892753,0.0427297507869909,-0.0637221425242747,0.0583455970460768,-0.161546748608461
2575,"heggarty2024",-5.74882088042311,-0.0451979570542062,0.113609279453904,0.0834028359865279,0.022911586020423,-0.0813187652289115
2576,"heggarty2024",-5.92131379686287,0.188007079577563,-0.0672458887605076,-0.0474584168204772,-0.0570448810000531,-0.109732128795611
2577,"heggarty2024",-5.75786676154274,0.177714808422955,-0.0543763272123556,0.00475467510706537,-0.0627556412616443,-0.157324975015953
2578,"heggarty2024",-5.83157028961952,0.207613024277375,-0.00836805979073314,-0.0429475722062974,-0.095924190438825,-0.206451993867897
2579,"heggarty2024",-5.70773352544378,0.127518594770111,0.00723506356319034,-0.163782454759646,-0.128074918165586,-0.131477852458432
2580,"heggarty2024",-5.78623129796602,0.180026684810649,0.0116132387428396,-0.0202154068158129,-0.136536248997013,-0.104444289256432
2581,"heggarty2024",-5.7760981122349,0.0373329612655873,-0.0112800928480494,-0.0276992247188359,0.0960789071460925,-0.157981475946947
2582,"heggarty2024",-5.85551813265715,0.0412320269435332,-0.117726906513917,-0.0602286355988136,0.0116834894408701,-0.121415221801104
2583,"heggarty2024",-5.9278351143457,0.0625672105777143,-0.0522748399239869,-0.11536355956887,-0.0276603336519539,-0.114124439292456
2584,"heggarty2024",-5.93414786695994,0.089164157060166,-0.0763747330064367,-0.0863319907275294,-0.182097746511432,-0.133980801899018
2585,"heggarty2024",-5.68928599101816,0.160160498243802,-0.119431013131989,-0.0701652097162186,-0.0550413151890745,-0.100650025783444
2586,"heggarty2024",-5.81856636482021,0.33849362573608,0.00415051767409011,-0.0486629486381702,-0.0926288352214364,-0.163438814861106
2587,"heggarty2024",-5.84121888526194,0.0722307085607027,-0.117936991420944,0.00781937545574881,0.0162430678284737,-0.166481522694979
2588,"heggarty2024",-5.7266675400292,-0.041781647326011,-0.137171966386966,-0.135523327245742,0.0158222986588125,-0.0961316754960923
2589,"heggarty2024",-5.84787190049197,0.12016859490936,-0.101703089661042,-0.0604088690204994,-0.12274382335438,-0.0941874222947657
2590,"heggarty2024",-5.84614634991918,0.283901722964603,-0.0882900081199334,-0.11076613863328,-0.162872186793476,-0.302081049406399
2591,"heggarty2024",-5.84045186392207,0.220408598744584,0.0295152506315583,-0.143843110132029,-0.0394920593913771,-0.157134028308566
2592,"heggarty2024",-5.74824358815803,0.16533785577913,0.0566504238080835,0.131126956546694,-0.17491768664232,0.0221324949390354
2593,"heggarty2024",-5.9391925184107,0.0398720806925856,-0.157290465646942,-0.0175162637064978,0.13186654989571,-0.0557302447325567
2594,"heggarty2024",-5.79752004872741,0.100191710155941,-0.135301255099253,-0.00461756828989026,-0.0934810143395033,-0.0966179914611903
2595,"heggarty2024",-5.93418043600005,0.147815139704825,-0.122472227360636,-0.0298804638674329,0.0496806721654643,-0.0644066373587093
2596,"heggarty2024",-5.93494286510103,0.187663163009641,0.0393277643265886,-0.0908160376497645,0.071010294600151,0.0082425753379092
2597,"heggarty2024",-5.92572880076258,0.0604690070477987,-0.0260709372498048,-0.0572379984783095,-0.019082769577866,-0.130802458904054
2598,"heggarty2024",-5.85170377652859,0.130317547733449,-0.158692897858556,-0.00683742961099249,-0.252857232735144,-0.197792374594898
2599,"heggarty2024",-5.86638087363283,0.0258739941296795,-0.132384946458487,0.00165676234302505,0.0740036451929485,-0.125279566079728
2600,"heggarty2024",-5.83662669357491,0.238376272769886,0.199888817615406,0.207359075668878,-0.162149971511432,0.0432246155301601
2601,"heggarty2024",-5.9327892818725,0.138043973361653,-0.117152083800164,0.134557035817351,0.0849488080905677,-0.0625006623390397
2602,"heggarty2024",-5.81767129360871,0.0531267840777222,-0.151547510047294,-0.0463255179968935,-0.0236721788585696,-0.0773444919698443
2603,"heggarty2024",-5.84486069904384,-0.0394904965634894,0.220453257561048,-0.00339904022500642,-0.0772691726677771,-0.15787886831676
2604,"heggarty2024",-5.66144083766209,0.0292118150628258,0.219004312166014,0.0639792475155282,-0.159256024116924,-0.166052525314975
2605,"heggarty2024",-5.82717424589921,0.0663347634589412,-0.0299002622124912,0.076695875764635,-0.0861428171801601,-0.149824793203272
2606,"heggarty2024",-5.81991879513255,0.165229660651605,-0.0484293307393229,-0.0496018437791242,-0.0145448241949691,-0.0359391559170846
2607,"heggarty2024",-5.80615223389432,0.118043145496979,-0.0518406217478645,0.0332840193727751,-0.0947768543558239,-0.160832469582551
2608,"heggarty2024",-5.78743613694239,0.0767325257015265,-0.057470364306481,-0.0429349077617931,-0.0452034953455931,-0.162192874535558
2609,"heggarty2024",-5.79469869986485,0.0931541019448308,-0.0119659955443424,-0.2119280719826,-0.0131923950588428,-0.0489467154344801
2610,"heggarty2024",-5.92131993208521,0.0755507554223332,0.0785532016984189,-0.109047736384759,-0.0401163340200374,-0.197613546513627
2611,"heggarty2024",-6.07894991820362,0.16793746470753,0.1646756172629,-0.0217547601067012,0.0546502335637373,-0.101037343321552
2612,"heggarty2024",-5.66920985215536,0.232677273204309,0.0342694099390771,-0.0181682203162938,-0.0046937206626114,-0.192828717760674
2613,"heggarty2024",-5.96883870474417,-0.0375528138694318,-0.355115585785659,0.011860343601944,-0.0891973570850713,-0.244854908483118
2614,"heggarty2024",-6.05186602407784,0.468201915311207,-0.0560304251078166,-0.139749288520011,-0.21200176756917,-0.233736778326206
2615,"heggarty2024",-5.74283655804459,0.052523871498333,0.05387308021552,-0.0057301426756383,-0.00347760734287475,-0.0046535685522653
2616,"heggarty2024",-5.82646379351106,0.0725353470761124,-0.194635446464218,-0.0527093236102725,-0.00323058648628588,-0.117206519698235
2617,"heggarty2024",-5.92035341095879,0.226281700951972,-0.0730074877312865,0.0122103629091272,-0.0889563762600499,-0.0270653460287779
2618,"heggarty2024",-5.83858250036006,0.117813599319253,-0.0613066478795466,-0.0405485157206731,-0.137179583578303,-0.18831645787782
2619,"heggarty2024",-5.92860210244061,0.284091726388813,0.106876916092463,-0.0412759923936986,-0.149732450776129,-0.115160103746536
2620,"heggarty2024",-5.75203025009011,0.239883770385517,0.165823462828426,0.104799842046687,-0.0715345600172984,-0.230591913643433
2621,"heggarty2024",-5.93304271103356,0.0719238460427876,-0.103617517461793,0.0288948542863083,-0.0352259390758404,-0.145030563261809
2622,"heggarty2024",-5.83100845999562,0.127893885162015,-0.0188498056711458,-0.00118564973408059,-0.178542012716926,-0.167912647823134
2623,"heggarty2024",-5.90278687639205,0.102973703271281,-0.158041640187394,-0.139695279996889,-0.0485040322925343,-0.163463392794405
2624,"heggarty2024",-5.81776762891382,0.0780652530403612,-0.278609714657996,-0.207656081069251,0.0156514292332093,-0.162064117310242
2625,"heggarty2024",-5.61514597450416,0.0306449812174783,-0.0582522307444777,-0.144750772341523,0.0980713170979327,-0.159565966469563
2626,"heggarty2024",-5.99156119291403,0.335829856188622,0.056939951754026,0.126652457801512,0.0647975586621295,0.117920635791326
2627,"heggarty2024",-5.90856176330196,-0.00650943448334314,0.0169097655720009,0.062494164667762,0.0453398008863158,0.0305117708351765
2628,"heggarty2024",-5.76757887445361,0.122513320574402,-0.0325371012998231,-0.0365497968979016,0.0359170256030079,-0.104770080483598
2629,"heggarty2024",-5.86445746483808,0.213314256144798,0.103628389158785,-0.00689408354122163,0.0638141456183828,-0.0863458067789085
2630,"heggarty2024",-5.80162290467404,0.376520022271937,0.0498904529210753,-0.0123948700973214,-0.2172982743897,-0.187159216428187
2631,"heggarty2024",-5.74264677408271,0.0857973015992175,-0.044913044286337,-0.0259513932954812,-0.14389405019556,-0.125214923355558
2632,"heggarty2024",-5.87366925107089,0.108220390526553,-0.147300443399275,-0.0818821738517808,-0.0680313960496723,-0.225417981464682
2633,"heggarty2024",-5.86612893657769,0.121625494242855,-0.0610766540281762,-0.0469025976365227,0.0807547215959652,-0.157911992744035
2634,"heggarty2024",-5.73531111919401,-0.0345767657300001,-0.046867128067786,-0.085714208481991,0.000952299442869353,-0.085192579364474
2635,"heggarty2024",-5.80557843513602,0.114828810079862,0.0634037284110924,-0.0853822732553553,-3.39112561574678e-05,-0.106231459876811
2636,"heggarty2024",-5.78798143431656,0.0588422430991729,-0.212463973342104,0.0486035258759898,-0.0593166182278547,-0.0997756256251995
2637,"heggarty2024",-5.81446803579624,0.0481045083164232,-0.156030153878378,-0.124810693261646,-0.0143352394818621,-0.128068722958133
2638,"heggarty2024",-5.64620116956467,0.110428319752659,-0.0635912965420217,-0.115934576315798,-0.0492424489954081,-0.17488592784193
2639,"heggarty2024",-5.72966975961469,0.0719039610276099,-0.196550710943111,-0.0588417114844334,0.0614766933435246,-0.143333498120358
2640,"heggarty2024",-5.78804769680923,0.249887945787189,0.150451506645454,0.0624809644588864,-0.0898682873417426,-0.0501861549053661
2641,"heggarty2024",-5.78181274825448,0.0446972256915015,-0.261162555345764,-0.0785171468577184,-0.0532707982319286,-0.0892316785665704
2642,"heggarty2024",-5.79605948743455,0.327690900125888,0.0618678722025357,0.0396733954966568,-0.0726174630401395,-0.102005783959827
2643,"heggarty2024",-5.83438562777603,0.132674651787551,0.0175896416626125,-0.0244291794672934,9.73694908501452e-05,-0.119496649159982
2644,"heggarty2024",-5.84179502853047,0.149043840195776,0.0222352186183359,0.0123501165877386,0.000431483904342972,-0.0928316472624899
2645,"heggarty2024",-5.95176201919244,-0.0958232860236314,0.0770714126991747,0.0542977269291551,0.0499911818758716,-0.032541428583056
2646,"heggarty2024",-6.08182997191768,-0.0488300758105373,-0.231935160290169,0.107344526838237,0.0596636002823467,-0.0606937492972821
2647,"heggarty2024",-5.87661329120086,0.224903286472075,-0.0129942168528482,-0.035172121299754,0.00494063331503275,-0.149938483872116
2648,"heggarty2024",-5.7264459244815,0.21067495569842,-0.0743757242904628,0.0688456581605957,-0.0426685414576044,-0.0658419014352452
2649,"heggarty2024",-5.77460255856447,0.111534369566328,-0.0688855166408774,0.12805554905935,-0.0166618750514052,-0.135052062966701
2650,"heggarty2024",-5.81788598036934,0.171050052900221,-0.0541913215629577,-0.0443406189322913,0.016366017049111,-0.128963144377646
2651,"heggarty2024",-5.88613689718395,0.115446420099084,-0.155437603316314,-0.0137760880359392,-0.197293691604435,-0.126840240079626
2652,"heggarty2024",-5.98585330621439,0.0342020102875715,-0.224928488348715,-0.0968439271120818,0.0664806379669396,-0.204379344170259
2653,"heggarty2024",-5.87748612081835,0.155488933075249,0.0634159570571741,0.029384654812906,-0.0153799452081315,-0.121207180355528
2654,"heggarty2024",-5.83055602532863,0.178489381861998,0.117870406684329,0.0260136474475821,-0.0110090425531679,-0.059535502015602
2655,"heggarty2024",-5.89496374568645,0.267469589965277,0.149253875405554,-0.0185382304667868,0.00739909037353025,-0.148359463529382
2656,"heggarty2024",-5.88329827179246,0.083054571373425,-0.0706947697769711,-0.0713625632948625,0.0439924055973799,0.0153855670736441
2657,"heggarty2024",-5.84663075573423,-0.0273754012030591,-0.121998913488916,-0.0569673521247004,0.0503815500027469,-0.112972313529863
2658,"heggarty2024",-5.89948370541449,0.0561848593651853,0.181662305744121,0.0486333870275392,0.030701566551582,-0.0828063517878929
2659,"heggarty2024",-5.89945684066102,0.420020642409872,0.255392988853748,0.10794337636856,-0.262273232383998,-0.184327630214421
2660,"heggarty2024",-5.87109050804294,0.252895420753687,0.0236394421116373,-0.0985507273873287,0.0217839720366927,-0.0549649912734359
2661,"heggarty2024",-5.78447666282018,0.101497093361463,-0.00036539901823153,0.0522068644447407,0.0819260281652376,-0.242558557962921
2662,"heggarty2024",-5.97439741198831,0.359479114600668,-0.107301554007871,-0.148282496624616,0.00574175511414971,-0.183948595362938
2663,"heggarty2024",-5.76254001137904,0.137487395127179,-0.0619766646834419,-0.0978660154501948,-0.0377799420955011,-0.221114833429979
2664,"heggarty2024",-5.81239558125208,0.278574527775154,-0.0636551926058122,-0.0185673913474902,-0.0799791653729058,-0.0371380630996645
2665,"heggarty2024",-6.01917859384764,0.273790522015487,-0.05295415615502,-0.0738239032721398,-0.13816214774357,-0.17981431730962
2666,"heggarty2024",-5.84112015804812,0.258642178392481,-0.00860094774598866,-0.100993727532548,0.0104683068608234,-0.128954959045117
2667,"heggarty2024",-5.74742092193318,-0.00914735182756525,-0.145689509481052,-0.00245020588452532,-0.0035808982293245,-0.198344114213875
2668,"heggarty2024",-6.02291720928494,0.170475471996456,0.120259893380403,-0.0278170598577049,-0.091026947160542,-0.108385845523867
2669,"heggarty2024",-5.78453815278516,0.0986610956358569,-0.0305257762756412,0.03943925523576,-0.0599369297623245,-0.0864046244218375
2670,"heggarty2024",-5.86202930755074,-0.056015836809034,-0.0704417982171474,0.0218594955594181,0.00862610710621925,0.0186999706548505
2671,"heggarty2024",-5.48580195398949,0.245006647331387,0.0558965167662056,-0.0922677599590015,-0.0822401740095905,-0.117969048035162
2672,"heggarty2024",-5.81546017281856,0.0722838849631754,-0.0886648038073076,-0.0589344996550408,0.041417210361312,-0.0677090353684728
2673,"heggarty2024",-5.96498315294787,0.0554513102627364,-0.220753424562192,-0.0331366593314879,0.035798073615492,-0.169430731452369
2674,"heggarty2024",-5.82052426968103,0.244089040103238,0.145801859769845,0.147167222937754,-0.173638887676535,-0.188803508857731
2675,"heggarty2024",-5.92846522692591,0.0754278770776228,-0.140372823412831,-0.107121372989861,-0.0226088543827007,-0.0638874656181262
2676,"heggarty2024",-5.77415985450461,0.21448348802899,0.0344292534720028,0.08199987591641,0.0138412881928654,0.0158923969109417
2677,"heggarty2024",-5.92343463101299,-0.0289298811655733,0.12812841700269,-0.0589320790327706,-0.211521725618559,-0.130595094383422
2678,"heggarty2024",-5.83223591711124,0.233907141711061,-0.0382322295590211,-0.0351680392072058,-0.0761054009104057,-0.0882990838155893
2679,"heggarty2024",-5.87708772563067,0.402889637967278,0.473750175630774,-0.0699367443467038,0.0727181300066083,0.0950808148542293
2680,"heggarty2024",-5.92000897905177,0.28172447583341,0.105616059837,0.051967324908379,-0.0164780284193207,-0.183143897644013
2681,"heggarty2024",-6.02832636771353,0.124881420510394,0.107047758092968,-0.0941750962449342,-0.0044437857302118,0.0491280223907126
2682,"heggarty2024",-5.82400568509953,0.286070917848074,-0.105763401170215,-0.0235193287167108,-0.0401450135742858,-0.209137967504555
2683,"heggarty2024",-5.91371447437151,-0.0432729106793808,0.095061964637721,-0.014789746562516,-0.0449802703053618,-0.162860563205789
2684,"heggarty2024",-5.58861072836324,0.100507236916184,0.00959785664370007,-0.0872338728008397,0.110677227413255,-0.0174313777665554
2685,"heggarty2024",-5.89489903595665,-0.0591396023064859,-0.181684126962726,-0.107562218449607,0.0171116292214017,-0.0937223239938643
2686,"heggarty2024",-5.88422249587835,0.0916390430010757,-0.0596962459636366,0.0671985050815374,-0.113136416812488,-0.0781322146546185
2687,"heggarty2024",-5.92143017046928,0.176223135903378,-0.00768915892918251,-0.0134516790307577,0.129776312448067,-0.0138396095952442
2688,"heggarty2024",-5.9258156992302,-0.0717251929698587,-0.0835072725833417,0.0314740384900152,-0.0018334863298508,-0.0786310237978426
2689,"heggarty2024",-5.73789630242227,-0.0377693751132481,-0.241134908842568,-0.0647302863913204,0.0223273787869142,-0.0683669220074321
2690,"heggarty2024",-5.78186083741485,0.090139808706068,-0.0872703866347064,0.0660302503419853,-0.00013713534402564,-0.0368709519112277
2691,"heggarty2024",-5.81148264038974,0.0968683725091057,-0.162236544398195,-0.102896077390854,0.011762749910304,-0.163411496056284
2692,"heggarty2024",-5.95579056910124,0.299528455184603,0.12221197478943,-0.0374628252952884,-0.133830497126983,-0.0173795488350581
2693,"heggarty2024",-5.78205693427011,0.0768331144303457,-0.335668437752262,-0.0374821595297224,-0.0597698964538696,-0.0641372790245224
2694,"heggarty2024",-5.74940394475712,-0.00999697886445697,-0.173356049642277,-0.0292103553625633,0.0108997638653065,-0.17057558392713
2695,"heggarty2024",-5.75290217399318,0.0568387277848658,-0.176852040206661,-0.0902916578669782,-0.0334647357820868,-0.134249183468006
2696,"heggarty2024",-5.82895762779267,0.00984114848120319,0.0893513401081139,-0.0244128366849479,0.0982101465136168,-0.0329873720040464
2697,"heggarty2024",-5.889859306305,0.230041325190201,0.0431116922041333,0.0429962715043423,-0.0530260119517263,-0.128436825543473
2698,"heggarty2024",-5.84000626673146,0.147170652083833,0.0494303534939441,0.0143769351676335,0.168846926038365,-0.215669418858484
2699,"heggarty2024",-5.83526666298925,0.220040220581692,0.0367091293958591,-0.0312827897193831,-0.0948033817238876,-0.169607664044819
2700,"heggarty2024",-5.80702722644162,0.0296806445947922,-0.00246086470035839,-0.157352026650252,0.0193233460846148,-0.0605724526471887
2701,"heggarty2024",-5.76832402060155,0.0657322571313788,-0.0606387723737048,-0.045648892617809,0.0214527479557417,-0.218095723041114
2702,"heggarty2024",-5.91710141065753,0.34908952691464,0.145140775203327,0.0645638711316544,-0.182331776010674,-0.0696392831066515
2703,"heggarty2024",-5.85595302428172,0.197763784067752,0.0802890856617689,-0.141113829318601,-0.0192205338604211,-0.123090688476578
2704,"heggarty2024",-5.98864211537028,0.195240847351374,-0.0346979034814535,0.070492463178104,-0.0595372684164733,-0.191217129407867
2705,"heggarty2024",-5.86660981793181,-0.0449425765601455,-0.124339375863665,-0.0905056475794469,-0.0893882337770601,-0.176616056410007
2706,"heggarty2024",-5.97976178404047,-0.00848636362612017,-0.0942954595661223,-0.0273616412472603,0.0370283058510229,0.00072032839047739
2707,"heggarty2024",-5.9265170784949,-0.0660518034041218,-0.339505091620908,0.100107999914659,-0.0307460940611474,-0.181077344963941
2708,"heggarty2024",-5.67063635636922,0.209374348618559,-0.145658250357586,-0.0993431824875564,0.0413403116316504,-0.192822557992983
2709,"heggarty2024",-5.82947905034695,0.347073142711245,0.0734867757472605,-0.0578396179402044,-0.113628431325938,-0.224911400660759
2710,"heggarty2024",-5.82398025404251,0.178382247215202,-0.00457040994341704,-0.000601302397978749,0.145173844620442,-0.0746944970257556
2711,"heggarty2024",-6.00533682145322,0.149182482821721,-0.133155181766041,0.00716661735798188,-0.124064565228767,-0.182817395019056
2712,"heggarty2024",-5.89259269850407,0.0344844447700956,-0.0910381110835521,-0.0672645937386927,0.0527177805515394,-0.0166436816899305
2713,"heggarty2024",-5.87003457508368,0.180308176464111,-0.0516223132368158,-0.00384165718406026,-0.0685060786559046,-0.153567372757198
2714,"heggarty2024",-5.81604442377112,0.0674230694698262,-0.0867860707098814,0.0171463423924398,-0.000253360303318899,-0.108428345703214
2715,"heggarty2024",-5.81939334105571,0.199570558673063,0.0631234765910583,0.0635858301918006,-0.165324954651236,-0.0435822865124133
2716,"heggarty2024",-5.96656760120083,0.168080359674319,0.0417067422873373,0.0474358090089607,0.00703788568845246,-0.174664405504441
2717,"heggarty2024",-5.76273196465484,0.268085347711858,0.123689035179595,0.0594633423308335,-0.00932804628364622,0.022636551873681
2718,"heggarty2024",-6.19916752883751,0.0937980856704306,-0.0792868236201165,-0.108507219261736,-0.147446680116274,-0.140111850529731
2719,"heggarty2024",-5.81965023697501,0.153641836962196,0.000594403802103363,-0.116571139965574,-0.04119804338811,-0.13362865208756
2720,"heggarty2024",-6.00015256247887,0.0178723237333323,-0.0749121137948328,-0.0829537930363702,-0.109073929361227,-0.182659496225284
2721,"heggarty2024",-5.80379960152734,0.162370002841117,-0.0030320480871245,0.122269379927165,-0.0822412766974479,-0.15963962228705
2722,"heggarty2024",-5.8917806930211,0.0178360656022492,-0.204720403558836,-0.0321928187320211,0.136523410923109,0.0270904052151837
2723,"heggarty2024",-5.96243861148971,0.119650229303739,-0.1043593122763,-0.00972641230757181,-0.0259063395244594,-0.00462252644838997
2724,"heggarty2024",-5.94376633893566,0.106818007991442,-0.175770107286325,-0.117384372108577,0.0160691861443516,-0.212618030972459
2725,"heggarty2024",-5.75385384338616,0.100543528083586,-0.163715069568555,-0.00152305614953376,-0.0854815337750008,-0.209516915338603
2726,"heggarty2024",-5.87625671641504,-0.0439955286735152,-0.17863384000926,0.0364323633727915,-0.101110221908465,-0.203424922267866
2727,"heggarty2024",-5.88491386524294,0.040126488590244,-0.175217141288316,-0.194389060631261,0.00209004542220535,-0.209771819552209
2728,"heggarty2024",-5.72107408266842,0.183757097665238,-0.0892575176474957,-0.0425300442057753,-0.178817149143383,-0.112820964846906
2729,"heggarty2024",-5.80152070807541,-0.0700029844062717,-0.211561303948575,-0.00765308714657558,-0.0578934714333701,-0.276435110478631
2730,"heggarty2024",-5.82289374745734,0.0419696855244178,-0.153772680978565,-0.0958801536141941,0.0933400357248999,-0.232351417382665
2731,"heggarty2024",-5.85268926340501,0.22309184727263,-0.0751902265504447,-0.143040226471707,-0.0631952370769657,-0.146247025892201
2732,"heggarty2024",-5.90101725399475,-0.0249617158340938,-0.28081620487865,-0.0881094376309746,-0.0246951728016301,-0.176927235501185
2733,"heggarty2024",-5.85508059659434,0.24587675671206,-0.0679692119795853,-0.0193160540790135,-0.0500781445654941,-0.203115589026553
2734,"heggarty2024",-5.80685489313539,0.315804320207086,0.0759192631404445,-0.057467343091066,-0.0463625314909593,-0.18539549146543
2735,"heggarty2024",-5.89643681279273,0.254681111280095,0.13569125154599,0.147750144665416,0.00698878103778612,-0.111569264830792
2736,"heggarty2024",-5.79569851947877,0.0711439110565277,-0.0231077966281015,-0.0429602321100333,-0.0878462076364407,-0.150658486184211
2737,"heggarty2024",-5.83345531337132,0.240195043737258,0.0133243296434279,0.164292412493903,-0.0592413333045835,0.0133052831726135
2738,"heggarty2024",-5.87428171583437,0.169099710964064,-0.0793728863405339,-0.00968303546368567,-0.0343574028590581,-0.159848746085978
2739,"heggarty2024",-5.87307696307013,0.000793052553233161,-0.171641115145306,0.00635866640705374,-0.151479587057779,-0.306062497052709
2740,"heggarty2024",-5.83520020767757,0.227565898315476,-0.0972663503181314,0.000373257649822094,-0.0863490590006411,-0.116351463710945
2741,"heggarty2024",-5.7402734653374,0.180716120550616,0.0590778908087876,-0.0570169988790093,0.0032168509501837,-0.0808543791919059
2742,"heggarty2024",-5.94857012660135,-0.0577250900017503,-0.186035755769386,-0.0224635413293329,0.107169485466566,-0.193051620543221
2743,"heggarty2024",-5.97427227070658,0.0496273540984474,0.168293867010092,0.0592953769099742,0.0686277092828731,-0.0325354505520692
2744,"heggarty2024",-5.79343096411963,0.336936527672635,0.0799299680359649,-0.0774792128882366,-0.0909827562477614,-0.0946748274073287
2745,"heggarty2024",-5.91883793809256,0.0416596116526973,-0.333131803810296,-0.0709986820455133,-0.0192934538648915,-0.218431203716808
2746,"heggarty2024",-5.66596835337408,0.177275764268085,0.212932204590727,0.0129938971462778,0.0226194210264236,-0.150167902931962
2747,"heggarty2024",-5.67330842580064,0.0105772370874734,-0.218784249199911,-0.050352313356618,0.059542137912491,-0.167807892253947
2748,"heggarty2024",-5.90751769659111,0.0858153622626354,-0.41205173432326,-0.0192061282498896,-0.129028038102982,-0.198789431194801
2749,"heggarty2024",-5.79460123463139,0.428243528208885,-0.00764004540173985,-0.0668715332493078,0.0835777783712525,0.0125845003961708
2750,"heggarty2024",-5.80612213276669,0.211487086334085,0.0592429496826869,-0.109789288014223,0.0428264321166592,-0.0703591537718531
2751,"heggarty2024",-5.88247290907027,0.127621906712651,0.0464905516910425,0.0291912309075237,0.0732136681817905,-0.100590569381618
2752,"heggarty2024",-5.87304171157862,-0.13608033375078,0.116815182543962,0.0260262132900784,0.0378574442525006,0.0560019026759876
2753,"heggarty2024",-5.81100908593965,-0.100816166729923,-0.183273143325842,-0.0332109878743139,0.232134468533496,-0.167500722497548
2754,"heggarty2024",-5.94286786004039,-0.0490628383034911,-0.0158872845077823,-0.043810776330219,0.134808370490953,-0.00457315065787019
2755,"heggarty2024",-5.89276349793939,0.121688464102546,0.0209295446120554,0.0757968464977577,-0.109932591969291,0.00597968954510113
2756,"heggarty2024",-5.8382050482755,0.403418171889306,0.110255445441332,0.00721572321123435,-0.253778233031945,-0.114351633855642
2757,"heggarty2024",-5.87037460765632,0.105646039827889,0.11309750309306,-0.0869177009723496,0.0589157417746207,0.0544208499634727
2758,"heggarty2024",-5.94495319902407,0.154208699871977,-0.15360901775168,-0.073200557435296,0.0397813046811415,-0.139596380449545
2759,"heggarty2024",-5.79288082344249,0.162981365075843,-0.113889347268599,0.0144510102211806,0.0208513049709723,-0.0313196121818553
2760,"heggarty2024",-5.91024077307323,0.334927152588866,0.0467063971117411,-0.0416195823950498,-0.0672727699483146,-0.170547246537582
2761,"heggarty2024",-5.81644048097199,0.109919163554883,-0.115581706216453,0.0159445398247328,0.0335165335273871,-0.172608810236118
2762,"heggarty2024",-5.90317974243814,0.0854666730368066,-0.151711042215439,-0.1561027953919,-0.0956536325110844,-0.116662329357198
2763,"heggarty2024",-5.83843482610439,0.208660625736579,0.0663240668844941,0.0569274653154197,-0.0540462933511846,-0.148708817520662
2764,"heggarty2024",-5.87812645555298,0.157152608696813,-0.0113129434873426,-0.167335739895653,-0.0277439905079842,-0.13716821493189
2765,"heggarty2024",-5.88248432975075,-0.0167097516182509,-0.263373482415758,-0.0984878137153992,-0.0681130867648534,-0.228953908651995
2766,"heggarty2024",-5.75573578570082,0.208812695698224,-0.133939493758404,-0.0489099488766473,-0.0972474098542369,-0.145876823782886
2767,"heggarty2024",-5.86769876591865,0.239163852923598,0.00306029180289207,-0.0687829172529502,-0.109437389053454,-0.189761336482781
2768,"heggarty2024",-5.86505101149623,0.390316277391328,0.140618704390256,-0.0998173597830798,-0.0326177882920011,-0.197192063910782
2769,"heggarty2024",-5.8906003950008,0.250860167033595,-0.0166975452660975,-0.0572046730594805,-0.0727839612133398,-0.228411611218795
2770,"heggarty2024",-5.88725780876405,0.209715704851082,-0.0747042340950124,0.00753869546319241,-0.0582549774751752,-0.166166894527281
2771,"heggarty2024",-5.82114669731942,-0.0031511641837131,-0.0412480145796206,0.00831072314318779,0.121789774263338,-0.000452654212285308
2772,"heggarty2024",-5.90722310674672,0.187159350734973,-0.0340120790999579,-0.103036918138316,0.0441958906783326,-0.108540893791358
2773,"heggarty2024",-5.79061979641831,0.231803149917303,0.121691908807251,-0.0532651857133551,-0.0438276071569125,0.0040827216539836
2774,"heggarty2024",-6.08443645465001,-0.0213183349500993,-0.0745297492846102,0.0658993024175206,0.0528705135281538,-0.0763327454923439
2775,"heggarty2024",-5.90409126255403,0.3255844551559,-0.0165793528722598,0.0977222365575588,0.0144526166137783,-0.0894889235641328
2776,"heggarty2024",-5.8821227351209,0.179629097554756,-0.148219866042979,-0.0238786765933074,-0.0438850898756896,-0.176988636087237
2777,"heggarty2024",-5.79092009496427,0.152387483071975,-0.108650843964093,-0.0995904275742399,-0.0289396031676318,-0.0448455217614666
2778,"heggarty2024",-5.66034608017797,0.142318494169208,0.131976213352802,0.0952233255368213,-0.192732504699626,-0.0044045676676389
2779,"heggarty2024",-5.83373219910014,0.222015125218597,0.0624881722703923,0.00373646696086174,-0.00567791888340768,-0.156938183221129
2780,"heggarty2024",-5.95213392590718,0.262604625625396,0.0721630791101125,0.0736033331032347,-0.0146115742046411,-0.114771908131687
2781,"heggarty2024",-5.81515228183368,0.163613456488307,-0.0866653312604046,-0.0145044769723472,-0.0148938663918286,-0.108675013440035
2782,"heggarty2024",-5.84635225495719,0.323564303694485,0.14229360957011,0.118368519421603,-0.0265615116079645,-0.060750635289705
2783,"heggarty2024",-5.70954590187865,0.280672427174875,-0.0189124170310541,-0.21236025873174,0.0761269940092596,-0.102983979346875
2784,"heggarty2024",-5.57778995198354,0.118516256204323,0.0211240749982537,0.01555440898576,-0.00663931962541737,0.0220948107050885
2785,"heggarty2024",-5.83849767973439,0.301496941851638,-0.00684689219247902,0.0430783332720107,-0.148845137781954,-0.0670355900848288
2786,"heggarty2024",-5.68770271233268,0.176234312683298,0.101967922403875,-0.0894298074388491,-0.126585014058404,-0.161107346634797
2787,"heggarty2024",-5.84406874143107,0.0472728191561829,-0.133950962393909,-0.114994900399795,0.101844814838555,-0.154685389083659
2788,"heggarty2024",-5.75711417186297,0.332751300624748,0.0496283327288889,-0.122026266236112,-0.0961548346497035,-0.133714068494963
2789,"heggarty2024",-5.67282647570329,0.184339499747131,0.112180952400493,0.0909377514016579,0.0605143610440119,-0.142864736156548
2790,"heggarty2024",-6.05501077764431,0.271282989195396,0.277730771035081,-0.0140592359064102,0.0286039088120285,-0.0727120022396532
2791,"heggarty2024",-5.87289507011182,0.163783920158906,-0.0107497852928818,0.0374393191895619,-0.0181422923132803,-0.180954976116408
2792,"heggarty2024",-5.78422766778127,0.0547077862060313,-0.152483625426653,0.0562600208678111,-0.0595133860907328,-0.129732340592421
2793,"heggarty2024",-5.88940326280461,0.126484754433476,0.113033566443902,-0.104265694063493,0.000458771452983953,-0.190793066177395
2794,"heggarty2024",-5.94132252720941,0.164830016878538,-0.191250146026444,-0.0558400711593808,-0.000706540898737035,-0.194089668664709
2795,"heggarty2024",-5.92298252542881,0.0534358743422444,0.0268153863459313,0.0195772518262819,0.101836166910166,-0.129482862346761
2796,"heggarty2024",-5.78066113139363,0.19271228281257,-0.000537839851607185,-0.0586657404096212,0.063969312220759,-0.0099345110708737
2797,"heggarty2024",-5.84816711362267,-0.232378503625379,-0.0145051511237374,-0.0475953873545904,-0.0417629001730097,-0.135257361346465
2798,"heggarty2024",-5.89455444369635,0.197338139743551,0.0494481508336637,-0.0380688484513925,0.00534452959684704,-0.105587263253438
2799,"heggarty2024",-5.78605522724929,0.10971217556426,-0.0468603069747144,0.058853113035967,-0.0268034936535009,-0.160122861659334
2800,"heggarty2024",-5.90944324204726,0.151602254040678,0.0992166911002669,-0.126149024383177,-0.0591565140756325,-0.16406866256623
2801,"heggarty2024",-5.72274978160508,0.321854241032833,0.0860500996257699,-0.091291045316393,-0.105312526982658,-0.163397891702901
2802,"heggarty2024",-5.77284925418407,0.163974085941271,-0.190412405786271,-0.00423098842409157,0.00551182997356726,-0.206632275400814
2803,"heggarty2024",-5.8717759547211,0.213658258933555,-0.126893276638229,-0.0251879175178045,-0.0734784466658257,-0.0856777090930336
2804,"heggarty2024",-5.77165867443284,-0.0336374462280136,-0.274389575756242,-0.0212158976856801,0.0708213557620515,-0.0677814403289614
2805,"heggarty2024",-6.07224741215402,-0.0515992315793178,0.0024228328261743,-0.0718362012056245,-0.0859606186716943,-0.0771970726484417
2806,"heggarty2024",-5.85099860955479,-0.0982307651800333,-0.234841838228096,-0.0454062429160196,0.165920608235849,-0.113515504816833
2807,"heggarty2024",-5.91533147758919,-0.087185772718071,-0.0886314334648859,-0.0241451684713864,0.0453445182751221,-0.196045755771401
2808,"heggarty2024",-5.81500737406669,0.000920771119011619,-0.0875619577439147,0.0336969680843098,-0.0861910281854345,-0.255710965589847
2809,"heggarty2024",-5.72243956532572,0.173596933736962,0.113633788712939,-0.0748986371842675,0.0912179280113288,-0.226476933357595
2810,"heggarty2024",-5.64642372546186,0.172474795344061,0.18983935139675,0.0754905658650877,0.208500409816848,-0.0323199753393818
2811,"heggarty2024",-5.98014115532149,-0.138291336370391,-0.278611948571885,0.00296616991723097,-0.0673056485976279,-0.115058032650716
2812,"heggarty2024",-5.77289369254245,0.0557255357308069,0.054049197418315,0.127805144541698,-0.0513071556133677,-0.243512352305043
2813,"heggarty2024",-5.8974091295784,0.0395898880788501,-0.0736718313493934,0.0426100202315892,0.0399308795277381,-0.0180390402794496
2814,"heggarty2024",-5.93708158830281,0.13756532008654,-0.0811227691698826,-0.0338063640529896,-0.0191261681384993,-0.158787174565799
2815,"heggarty2024",-5.836344146314,0.25119627951272,-0.152690771559051,-0.0936557842562293,-0.104003385019179,-0.214554180562978
2816,"heggarty2024",-5.80867984057745,-0.0225296195859427,-0.204791116359132,-0.0526641325260064,0.00404533494339841,-0.0786385144340245
2817,"heggarty2024",-5.7392179531938,0.330755091513308,0.116584603649851,-0.0991572340791781,-0.0495270449588788,-0.10119819889028
2818,"heggarty2024",-5.98095015168051,-0.110576757533447,-0.215275738885336,0.0748310894655477,0.105139918114324,-0.0345940543288905
2819,"heggarty2024",-5.75588995248953,0.151311065980676,-0.0362199382367803,0.00519369404521365,0.0859852592087154,-0.127437093250698
2820,"heggarty2024",-5.77151058553187,-0.0207311608515853,-0.0404841516847494,-0.116686863835429,0.00845978577651951,-0.221971241304224
2821,"heggarty2024",-5.8860730515507,0.083581247722484,-0.0884011872144095,-0.0727074502822705,-0.0402848237672183,-0.203444521860966
2822,"heggarty2024",-5.73796447876321,0.147881941755767,-0.0239818419414214,0.0557596058397518,-0.144811660163846,-0.0425823088323872
2823,"heggarty2024",-5.6479649079771,0.171412695254906,0.0849880088488369,-0.0143362828881372,-0.101926787040121,-0.117490732819228
2824,"heggarty2024",-5.82206843052623,0.219095677362407,-0.00177790608511682,-0.0516642394825028,-0.0528703242436903,-0.135068525521664
2825,"heggarty2024",-5.86163438409357,0.138812803613423,-0.134895722613485,0.0671312631585524,-0.235825066086671,-0.311741831104412
2826,"heggarty2024",-5.94965742695365,-0.0216891014185927,-0.0868860616000934,-0.0516336552216768,0.0316998869496504,-0.149769817980583
2827,"heggarty2024",-5.9412032399999,0.0961047431631482,-0.193883209230855,-0.0427190872507129,-0.0532228812658793,-0.0914080969515255
2828,"heggarty2024",-5.69859412513582,0.176235519930301,-0.00949289230672812,-0.027063744337311,-0.150989943614366,-0.0575128703181661
2829,"heggarty2024",-5.94633503101255,0.259726691999004,-0.106701889320911,-0.0706177304205572,-0.220085864711363,-0.335264341176704
2830,"heggarty2024",-5.82584059842589,0.155806824886354,-0.0270037705320955,0.0689323793663802,-0.0663241894803904,-0.0975165115931609
2831,"heggarty2024",-5.98142224282832,0.0910428184425795,-0.196224321604807,-0.00189861944850207,-0.0401482877131605,0.0156489229205871
2832,"heggarty2024",-5.83593418960354,0.138239963716498,-0.231298538849857,-0.0486492659816327,-0.0880152643189618,-0.164506848374026
2833,"heggarty2024",-6.01395736754924,0.252971869915558,0.0680578964280164,-0.0177442304446226,-0.057806329890399,-0.148697464612779
2834,"heggarty2024",-5.87222232770505,0.0714285877197371,0.0686254124838927,0.0689216289967424,0.113662620325239,-0.0565120953376432
2835,"heggarty2024",-5.9097346981673,0.13599424382591,-0.0553920081371974,0.00802280834506658,-0.0718456302297986,-0.082341582318153
2836,"heggarty2024",-5.75569507641077,0.17487935675319,-0.208502840933777,-0.0541733236069065,-0.143620334496676,-0.0832692326381214
2837,"heggarty2024",-5.89931941361249,0.0889407742404872,-0.112274150657648,-0.064230554937037,0.0784791066587552,-0.113096747811101
2838,"heggarty2024",-5.96162575218338,0.00876381882153472,0.136218802422529,0.0648834313495387,-0.0581581811487015,-0.095719172719921
2839,"heggarty2024",-6.02429141766767,0.000683663394712017,-0.0897706715582472,-0.0231653269389769,0.00987821624063219,-0.108858883588487
2840,"heggarty2024",-5.65496448066708,0.450433886344831,0.130111968232925,0.171154576319116,-0.0845528409365275,-0.125087987028514
2841,"heggarty2024",-5.82683259766508,0.10776397224015,-0.138834453369312,0.000466491260028828,-0.0687074557723244,-0.150085690323893
2842,"heggarty2024",-5.79015200124761,0.0215852795902173,-0.161757956997752,-0.0502371520348788,0.0207849155352719,-0.0965844646365546
2843,"heggarty2024",-5.96903993583433,0.287081423451967,0.131342919639292,0.0138126782238564,-0.103310772477208,-0.201172715558298
2844,"heggarty2024",-6.02655220893304,-0.0647457877995019,-0.0959498829105451,0.0240532640132272,0.0624360167762869,-0.0668576904024716
2845,"heggarty2024",-5.77399168064317,-0.0534747553547802,-0.13004619714581,-0.00312478085652471,0.0162905966702521,-0.0448848827046511
2846,"heggarty2024",-5.79929586650043,0.0996405416799575,-0.124307623154742,0.0142003852677624,-0.0608109498721428,-0.0944695345738324
2847,"heggarty2024",-6.01669675957242,-0.0588121304863251,-0.147772126587286,0.00453568657522602,0.058507127812514,-0.13252523707483
2848,"heggarty2024",-5.9635717821469,0.00805830479813179,-0.175688394651552,0.118278346466643,-0.212087622612215,-0.0668837904429444
2849,"heggarty2024",-5.75835622132584,0.0283630328540019,-0.0296918982288003,-0.120304207262125,0.162455423749189,-0.0538268261842942
2850,"heggarty2024",-5.83274613029594,0.135403067300462,0.203527786825904,-0.00763716512981952,-0.100225295017846,-0.22148491872055
2851,"heggarty2024",-6.17597956168829,0.27063181143485,0.134527071624407,-0.16135905151224,-0.102181333072143,-0.16218922083562
2852,"heggarty2024",-5.7009605337047,-0.0297945006516326,-0.252354842790028,0.0718981674303321,-0.0676943587806083,-0.144652895033446
2853,"heggarty2024",-5.83091526351415,-0.0997132516020067,-0.315447188247255,-0.0663221854445951,0.0668135244929296,-0.0347491567269846
2854,"heggarty2024",-5.53599552983651,-0.104447133683786,-0.0623223133424328,-0.0892637759676374,-0.0855455174262616,-0.241914018444814
2855,"heggarty2024",-6.0302737882356,0.148443527851101,-0.000409348047198489,-0.0884075313027557,0.0514257297833932,-0.100986871510798
2856,"heggarty2024",-5.71659654925037,-0.0912324632015671,-0.137716133171241,-0.0130341847303254,0.104779573673999,-0.0121598147228126
2857,"heggarty2024",-5.79368659597255,0.218159334468823,0.0525705844843844,-0.0794988558709564,0.017396923776665,-0.136890530979426
2858,"heggarty2024",-5.94790131990537,-0.0597933212374836,-0.200733033358869,-0.000473388637387561,0.0717654261867466,-0.162869478063091
2859,"heggarty2024",-5.75175258898086,0.283681003772728,0.0530114309128937,-0.0750726910426706,0.0936216734609948,-0.130058811789213
2860,"heggarty2024",-6.04174253801063,-0.0752269761885474,-0.275965712569385,0.00937168718114035,0.0015061179341699,-0.0779083283663902
2861,"heggarty2024",-5.78517207791526,0.0516849267934898,-0.145467616640741,0.0855359313386015,-0.0655754495309894,-0.170013754689367
2862,"heggarty2024",-5.78028013991321,0.270037932809447,0.0965439687963549,0.126849876272385,-0.0702669017665172,-0.156716831818606
2863,"heggarty2024",-5.94416211853813,0.0692950212965127,-0.0920820576137984,0.0625070792829004,0.0483338857923655,0.0661181972671166
2864,"heggarty2024",-5.73403694615795,-0.0504578997957526,-0.113091434462026,-0.132009396440309,0.114602787677524,-0.162407427169979
2865,"heggarty2024",-5.98544918241825,0.311261140495107,0.0244211376764199,-0.100083136187397,0.0566996963704068,-0.127668543304665
2866,"heggarty2024",-5.69326201827257,0.0499708845799925,-0.053046485951764,-0.00299475936785797,0.0287920626324718,-0.0854147680867642
2867,"heggarty2024",-5.79296309606881,0.0454849950787843,-0.153901787489826,-0.0263540949078353,0.00641438665226498,-0.0915537847322467
2868,"heggarty2024",-5.92508209572779,0.187114289763086,-0.153230947791704,-0.0497908239176372,-0.0509249620587651,-0.155764516397528
2869,"heggarty2024",-5.67337404505173,0.205276325901479,0.0255992769532228,-0.0530962592187669,-0.15007421424176,-0.189177333810739
2870,"heggarty2024",-5.94572608482009,0.0501936247081029,-0.150147596791993,0.0883731303862867,-0.0802986970809941,-0.0839435444093332
2871,"heggarty2024",-5.81748652037958,0.143820137444836,-0.121092866626186,-0.0303379970099775,-0.12653487117267,-0.202109699526005
2872,"heggarty2024",-5.77423001792097,0.262402818731267,0.0996126601163934,0.114799807332095,-0.00797834076711782,0.0577215952065395
2873,"heggarty2024",-5.75777497593343,0.33087664239915,0.201799569229609,-0.0277904088693069,-0.100828724680206,-0.175027517762856
2874,"heggarty2024",-5.48050688613688,0.0528256140027188,0.0404823569072914,0.024823704864901,-0.00178310964984455,-0.117223371481945
2875,"heggarty2024",-6.12199424500613,0.348346479149162,0.126873236336524,-0.0452326263244383,-0.0534087097560033,-0.0902988354105882
2876,"heggarty2024",-5.81741983272959,0.0972431013171757,0.145134269413568,-0.112782532883349,0.00576037039313616,-0.251684272482028
2877,"heggarty2024",-6.50571850940346,-0.0837810077332523,0.175453717938768,-0.108656585352296,0.0701362766810693,0.131276483553985
2878,"heggarty2024",-6.06765538615127,0.28581365218573,0.180425913362403,-0.0127771779150213,-0.0164086718764771,-0.0320529689274074
2879,"heggarty2024",-5.88250740096384,0.267605176528097,0.072249030861206,0.0750710929357372,-0.0936486144933761,0.0100036463545609
2880,"heggarty2024",-6.0655503010465,0.158228634119733,-0.0576471537057453,0.0257269841898118,-0.0724149633125596,-0.0715647639053533
2881,"heggarty2024",-5.8472432779264,0.301396140835816,-0.0441199549216866,-0.0111797551913721,-0.0711396349650149,-0.0690936255800964
2882,"heggarty2024",-5.79156043542132,0.213710590512702,-0.0793882367969911,0.0335791441598042,-0.0247563718083605,-0.113012657269968
2883,"heggarty2024",-5.80529182163833,0.0350209946846572,-0.045714741389469,0.0122540858632855,-0.0589935604465877,-0.114268552727168
2884,"heggarty2024",-5.83031396462074,0.358220950966047,0.0593661044383959,-0.0878949925741922,-0.0350803306662544,-0.212089768198533
2885,"heggarty2024",-5.84651380582507,0.0795017313448238,-0.0667658076268364,-0.0341731739689849,0.00371619146909042,-0.0273160654247166
2886,"heggarty2024",-5.89813384421588,0.0299180316279942,-0.256063732836234,-0.00283268376078986,0.0832974947078722,-0.188911013113195
2887,"heggarty2024",-5.77216001107735,0.309957163366583,0.235321502856855,0.0591813073972281,-0.108296601817442,-0.100932530287874
2888,"heggarty2024",-5.96802480716177,0.17431263864755,0.133188513768985,0.0178944053802098,0.0479295319623489,-0.156658172544618
2889,"heggarty2024",-5.99639990257558,0.193900881930938,-0.0557372275768945,-0.0600255749961686,-0.0233698500059267,-0.0328759543432871
2890,"heggarty2024",-5.83845849371393,0.226067006702804,0.108791988811833,0.0834408351843536,0.112054255239694,-0.0719484808060279
2891,"heggarty2024",-6.00268309023576,0.110675528140646,-0.195478880086669,-0.0480935872880973,0.0336483524566614,-0.278804920343693
2892,"heggarty2024",-5.44209267377963,0.104037162183185,0.141874828428828,0.0313673231432397,0.00836354928499213,-0.22234508340894
2893,"heggarty2024",-5.93646215192628,0.0181404417346274,-0.163689249185067,-0.122634827074931,-0.00497050364044511,-0.13129145825295
2894,"heggarty2024",-5.8607678909253,0.0813748791006409,-0.10570972542205,-0.0223179230710822,-0.132871054060291,-0.115035518399371
2895,"heggarty2024",-5.83865795990357,-0.205299688583982,-0.0862104924909865,-0.0113615097632443,-0.0526549080448949,-0.00453003595517969
2896,"heggarty2024",-5.8290711642844,0.0932072471574554,0.0756544666392273,0.0732036602809872,-0.0451596515135073,-0.10562103556326
2897,"heggarty2024",-5.9595250969482,-0.100754501570338,-0.0729488874869521,0.022612475770656,0.0484503903913815,-0.208887895564497
2898,"heggarty2024",-6.00542771296004,0.0953360796514736,-0.131902966150776,0.101212702422177,0.0663582617899634,-0.279669579384914
2899,"heggarty2024",-5.73230857381363,0.0241496702603814,-0.316584060930524,-0.0650444041631831,-0.039788347349197,-0.12923291195904
2900,"heggarty2024",-5.87450728667605,0.0381749294473385,0.0737169265247191,0.000509512317511784,0.112998496624319,-0.135527043974711
2901,"heggarty2024",-5.88489853914938,0.0541057967004549,-0.158851381409725,-0.0509013684079499,-0.0181145591343641,-0.12391968332459
2902,"heggarty2024",-5.99034059204253,0.0994713634540177,0.071067731410315,0.0550272947910251,-0.0501021527436755,-0.112810898607024
2903,"heggarty2024",-5.95310909343568,0.108952511457705,-0.192774170789824,0.0826134967073696,0.0550505102420734,-0.361725283823459
2904,"heggarty2024",-6.02264629790166,0.17152999510052,-0.204544225110921,0.103564619092099,-0.0736693295949656,-0.199399525296364
2905,"heggarty2024",-5.82347705752527,0.113722794849081,-0.0478806158722284,-0.0712883811267814,-0.047830611750169,-0.119566324073676
2906,"heggarty2024",-5.84864539572865,-0.137049815971292,-0.21599580670863,0.0133639011334372,0.0480353748614826,-0.0435745462171184
2907,"heggarty2024",-5.8298851082865,-0.00633215933774626,-0.0635291551733637,0.00643431409031024,-0.0172488825184273,-0.107642183333181
2908,"heggarty2024",-5.8048256289547,0.123028260220111,0.0652562833146607,0.0356826247431677,0.116948262430611,-0.153659628613854
2909,"heggarty2024",-6.32753599548677,0.155935454170747,0.0133038236577221,-0.0568295613145426,0.0968960419921516,0.0291927729995747
2910,"heggarty2024",-6.11155564471438,0.0560376944492777,0.0674394434776429,0.0158333806455878,0.140183388199294,0.0479434052469515
2911,"heggarty2024",-5.863410722457,0.298231102758591,-0.0195449458699387,-0.0423185593865381,-0.0180345768698977,0.0125509632717305
2912,"heggarty2024",-5.87597230779927,0.190809816801357,-0.018602139873352,-0.0411689722768624,-0.0463716469694016,-0.196478056269706
2913,"heggarty2024",-5.78277284604631,0.101334728591856,-0.0805645572020904,0.0419494815124139,-0.0265504006981872,-0.0399211892367315
2914,"heggarty2024",-5.89265671840596,0.22787062113763,-0.0429786653254562,-0.0473145181435666,-0.0772697197950325,-0.142397920838527
2915,"heggarty2024",-5.92343884523431,0.23852355269193,-0.0599557586663,-0.00801636278947713,-0.142987265272831,-0.150725516640407
2916,"heggarty2024",-5.75891455703525,0.199331700663696,0.00478746052196262,-0.0901514821338132,-0.0204199240330884,-0.186819696014771
2917,"heggarty2024",-5.83195295929351,0.103610870122036,-0.105595240514288,0.0661649433627553,0.0372736269344239,-0.0826399173035157
2918,"heggarty2024",-5.75199833697771,0.101950120191875,-0.121136165403437,-0.0515546199315227,0.00820915465067731,-0.227870314634697
2919,"heggarty2024",-5.54986303664232,0.183496745144588,-0.0178732838856281,-0.147365695468036,0.103147342088023,-0.258282236392349
2920,"heggarty2024",-5.63905906099894,0.0483451246102962,-0.0473471424522767,-0.091922476066159,0.0579782408311486,-0.120810602630566
2921,"heggarty2024",-5.69430007852324,0.0690120474318096,0.0464638870415382,-0.0567294142241398,-0.0443126819797363,-0.0134358714966218
2922,"heggarty2024",-6.0932758772246,-0.0521757756055693,-0.0186106686345493,0.0384073666554624,-0.302982667749085,0.0345907053715771
2923,"heggarty2024",-5.88346535683213,0.128266857028448,-0.164872710789371,-0.138900126240259,-0.183367891929446,-0.153951276852128
2924,"heggarty2024",-5.94155479913816,0.0891763585733324,-0.408060253289216,-0.149985152995924,0.128689411532917,-0.159412440366556
2925,"heggarty2024",-5.76749322797964,0.208706130897874,-0.107041998778302,0.0812837644465133,-0.120345563370014,-0.0865312510080938
2926,"heggarty2024",-5.61504206410042,0.206245018093007,0.137045320141401,-0.0374291313162696,-0.00257769740302464,-0.0834322977109159
2927,"heggarty2024",-5.99252429298863,0.134227447411439,-0.228150191719129,0.03006301613951,-0.206843597617275,-0.158227161990086
2928,"heggarty2024",-5.82681662041008,0.069888174385815,-0.0998120823672336,-0.115483651053862,-0.0622735708150284,-0.0848314816432526
2929,"heggarty2024",-5.85221862259326,-0.0539734738391103,-0.064781543620228,0.0292105320991266,0.111170384190618,0.038145832469883
2930,"heggarty2024",-5.8650418474478,-0.0823451614153591,-0.127344050788333,-0.02460606731565,0.107106646628028,-0.130411730455423
2931,"heggarty2024",-5.7840642825761,-0.105367479895531,-0.0726319362287763,-0.054185773362831,-0.0519292104112203,-0.0664047521431119
2932,"heggarty2024",-5.89612524865853,0.138640111746102,0.104231281259976,-0.0815203646054879,0.0388937002986483,-0.145858912823939
2933,"heggarty2024",-5.86397366301415,0.121020410381081,-0.135982364388716,-0.082354654188217,-0.0324346176995388,-0.174186552098865
2934,"heggarty2024",-5.83609843869236,0.115233897155429,-0.102082519285025,0.0123650848384004,0.0285506103959751,-0.104526277708503
2935,"heggarty2024",-5.89180418788996,0.0494198862611456,-0.143137697196818,-0.0803095032563175,-0.0061270285633945,-0.0803687310465194
2936,"heggarty2024",-5.7564720320456,0.220439593667343,-0.022299415763648,-0.0682217170304323,-0.0281949866748487,0.0268786886341101
2937,"heggarty2024",-5.86444134800212,0.101889743263547,-0.0897993691823788,0.0117401881177076,0.0102696787696894,-0.0830225124358785
2938,"heggarty2024",-6.00607637405778,0.0980573452775325,-0.270239436864048,-0.0796665268616714,-0.0764513835721742,-0.083253613585496
2939,"heggarty2024",-5.89523570386883,0.184014060288283,-0.0728742286052268,-0.0482931875664653,0.0174016588514689,-0.124700525662905
2940,"heggarty2024",-5.90363054885055,0.0733369390214507,-0.205739316649795,-0.0235770742030519,-0.00962051312746805,-0.0994294842275028
2941,"heggarty2024",-5.88984368087662,0.0819332132812682,-0.123871420561846,-0.0112624835181712,-0.0345534802112979,-0.0329915875475561
2942,"heggarty2024",-5.86856593772035,0.128427137315273,0.00174423115319377,-0.0022565281665536,-0.0704231641380095,-0.0458536364796457
2943,"heggarty2024",-5.9677192292362,0.38619368682636,0.0532714780338402,0.0528416245233699,-0.00321532908506931,-0.12036055312967
2944,"heggarty2024",-5.92821724101027,0.155253127883461,-0.0801283074574009,-0.0117108566755526,0.021229176912651,-0.0576283639972653
2945,"heggarty2024",-5.80331958590636,0.0254187641297214,-0.163761218294466,-0.0913258604644454,0.0858607549134594,-0.109985446613444
2946,"heggarty2024",-5.82186504621888,0.104679294386277,-0.0807578218578314,-0.00707416033239098,-0.0634633019295224,-0.252500722265351
2947,"heggarty2024",-5.86061804040992,0.0521226708876689,-0.127151671798277,0.0690595659843642,0.0305711801178643,-0.104890664548479
2948,"heggarty2024",-5.48920343704263,0.182604403918532,0.208954978346847,-0.0497009688403894,-0.274755436709239,-0.0981430610581699
2949,"heggarty2024",-5.77781534559439,-0.0414029474993185,-0.0585512420989133,0.00823892754011476,0.0251555184431616,-0.194528514975071
2950,"heggarty2024",-5.79891507781024,0.316561556494363,-0.0280830476612879,0.0169809446868868,-0.0729950955082264,-0.166082884064425
2951,"heggarty2024",-5.81616765130422,-0.0515373693347985,-0.171642029524228,-0.0769831995376338,-0.0186243535284835,-0.119447724278547
2952,"heggarty2024",-5.92329709491651,0.195819368692238,-0.0696504541189422,0.112885757012622,-0.023514679042724,-0.126881320606106
2953,"heggarty2024",-5.88601233846324,0.192105433694833,-0.0810229220079967,0.0230965772599849,-0.00824065735805364,-0.0980347070995402
2954,"heggarty2024",-5.85525431138978,-0.028697201821927,-0.203087149686249,-0.00730174282388471,-0.0548791037025956,0.00015738709194724
2955,"heggarty2024",-5.73864112861612,0.254900369638507,-0.227911160529774,-0.0182539473546424,-0.117392170385044,-0.207266212807326
2956,"heggarty2024",-5.87506426757318,-0.0619877159324176,-0.209410861740273,-0.0715552156959487,0.0730947732268366,-0.0672517195899102
2957,"heggarty2024",-5.88567500533387,0.151011628877563,-0.155926460479658,-0.202285338674033,-0.0463861188823714,-0.169283317632173
2958,"heggarty2024",-5.73883873385332,0.182962243868984,-0.131876881948262,0.0838204451186978,-0.156935001998222,-0.148999128526031
2959,"heggarty2024",-5.89179406941004,0.18240051342589,-0.0418641062805525,0.0309832131426355,-0.11148711722623,-0.0690100302765484
2960,"heggarty2024",-5.83338811744873,0.0395798429070897,-0.0667099731844466,0.0468714480275572,-0.0143877683629619,-0.110187842480489
2961,"heggarty2024",-5.89630455389827,0.168474654473543,-0.111441983894979,-0.0907239948015062,-0.0758177569682973,-0.139673790153911
2962,"heggarty2024",-5.90315215314212,0.0530160459824147,-0.297528284067457,0.0196457750049118,-0.123599032526437,-0.210826300012608
2963,"heggarty2024",-5.61608596642966,-0.100212721623034,-0.13286928126977,0.0269020278241729,0.0296302109397563,-0.106433344798479
2964,"heggarty2024",-5.87835700391496,-0.00894937755936049,-0.0825484329065715,-0.00293377933056382,0.0454840133728375,0.083996781527878
2965,"heggarty2024",-6.01569609494302,0.0818608274157752,0.0718247189721526,-0.0572072021055383,-0.046609391735478,-0.140459353014192
2966,"heggarty2024",-5.90394594042848,0.190630960502839,-0.0906250620110357,0.0815372783434108,-0.213008658308601,-0.186701041342807
2967,"heggarty2024",-5.72363185473943,0.134659541415671,0.0127116803074798,0.00887856274216158,-0.15862944048221,-0.174000026668397
2968,"heggarty2024",-5.75221445727711,0.220291336061728,-0.0372601356550168,-0.129780273942141,-0.0336125446383144,-0.181328069701742
2969,"heggarty2024",-5.78088780459284,0.22733419670523,-0.166995436644073,0.0386934510475541,-0.0510945359265124,-0.177615638420738
2970,"heggarty2024",-5.78075816342485,0.149016629800746,-0.206458468698236,-0.040936621322959,0.000437498982736519,-0.108108258593805
2971,"heggarty2024",-5.80516923519837,0.332983672655607,0.172695910545804,0.112464207251026,-0.143206893084867,-0.0541249625630185
2972,"heggarty2024",-5.80926060283519,0.21764443300563,0.0829027904820988,-0.0348752033465227,-0.00740172894511288,-0.0847599146594449
2973,"heggarty2024",-5.78769381951903,0.126842483320399,-0.0697552393798752,-0.00665182806358375,0.126993548299557,-0.131994500931042
2974,"heggarty2024",-5.82790659877896,0.0666191849303473,0.0344258015463132,0.0123760877246713,-0.0293198958633751,-0.175126712082508
2975,"heggarty2024",-5.7718007623368,0.267870197790104,-0.15964990768139,-0.0720693739769299,-0.0336902499640185,-0.188472067887
2976,"heggarty2024",-5.65514831914634,0.0625843688795011,-0.104739778994107,-0.0283316354765537,-0.0666968839294989,-0.229321770863587
2977,"heggarty2024",-5.79347637203407,0.0929058693696922,-0.112375965450853,-0.0582988704068902,-0.0135221122893575,-0.150144311583686
2978,"heggarty2024",-5.94177495895934,0.320608825850334,0.0590691550923563,-0.189801483106813,0.0234864362182283,-0.370712232647424
2979,"heggarty2024",-5.74327389645443,0.212018911350913,-0.0660191388578442,-0.121994768342916,0.120453688678598,-0.169465720866706
2980,"heggarty2024",-5.8726974367192,0.00225605860521027,-0.0873625861864485,-0.0335304563031066,0.0649254655481493,0.0034471748641367
2981,"heggarty2024",-5.95344059648123,0.153012029738982,-0.131612122423603,0.0276438180778953,0.0367703972231855,-0.127205243938648
2982,"heggarty2024",-5.71587460925767,0.086959829299884,-0.284856996391162,-0.0911888560150599,-0.0473204368932544,-0.0992261548541051
2983,"heggarty2024",-5.75023413067754,-0.0508755954478889,-0.327028343063019,-0.196086248490963,-0.127091497780296,-0.278820149610895
2984,"heggarty2024",-5.9011158291016,0.26415150536263,-0.13423425968806,-0.107695709367763,0.0341780690954354,-0.0986867826984859
2985,"heggarty2024",-5.71494846192225,-0.0203747639734691,-0.187596500392198,-0.0773679999120382,0.0352814088747818,-0.118222680557114
2986,"heggarty2024",-5.95960400580209,-0.0586267139333055,-0.110619670110345,-0.0206078695377355,0.00792222449350666,-0.151272839732631
2987,"heggarty2024",-5.6925769536892,0.0855982938007637,0.144231075356053,0.0849167377720624,-0.0103697050138288,-0.193515399559054
2988,"heggarty2024",-5.80610635448117,0.253016789043485,0.0396471159689022,-0.0598276948306716,-0.140118288906996,-0.149570134748947
2989,"heggarty2024",-5.77129603699413,0.167096601797472,-0.211186334678578,-0.0410196650788974,-0.0836653207369045,-0.200102777377937
2990,"heggarty2024",-5.81937643582088,0.266981104318077,0.0749729198086472,0.0680882757373628,0.04617760348706,-0.114715873503941
2991,"heggarty2024",-5.83214150035968,0.0430069473827403,-0.168221605262458,0.062762037590598,-0.0501598972193983,-0.161633262318843
2992,"heggarty2024",-5.90394192341602,0.14667332539433,-0.154178920470959,-0.0119783248466174,0.0568689964216286,-0.25197020816124
2993,"heggarty2024",-5.86164921958231,0.188427890995913,0.0315736808786919,-0.0475638520197209,-0.0646359218098259,-0.078538527142545
2994,"heggarty2024",-5.84882712562157,0.0664795877641427,-0.209999024538717,-0.0791730271295569,-0.0169243034816439,-0.109077931085436
2995,"heggarty2024",-5.7521697236792,0.119158456970289,-0.0585912163213836,0.00706824038706198,0.0210207944081932,-0.184106874312253
2996,"heggarty2024",-5.89704606043934,-0.0573428877445296,-0.188428207890177,-0.106731570265117,0.0146009715442853,-0.159238139569204
2997,"heggarty2024",-5.96924757299674,0.347940584507716,-0.141792691576525,-0.177351584032416,-0.11536652757967,-0.170782015265375
2998,"heggarty2024",-5.89051617419799,0.23763640109869,0.0642831545699627,-0.00792810804448168,0.102119705382209,-0.121656929334579
2999,"heggarty2024",-5.84169636134324,0.0283959002437763,-0.204395069204108,-0.101734051025187,-0.050163270783248,-0.222463451869933
3000,"heggarty2024",-5.87369865520831,0.11240958570412,-0.0808478873269689,0.0351751258268236,-0.0806106107109315,-0.112138481093855
3001,"heggarty2024",-5.9137130024218,0.105456454706598,-0.122643205752754,-0.0885712872630468,0.0159283752294101,-0.125063818354828
3002,"heggarty2024",-5.8421314868896,0.337178900807978,0.0140618606376209,-0.101963998365933,-0.0172619088447463,-0.229610986185992
3003,"heggarty2024",-5.882158240903,0.154714441980411,0.0543412895495459,-1.1990271610183e-05,-0.0746070433905321,-0.0371161874133236
3004,"heggarty2024",-5.78049225882295,-0.0598026800721994,-0.293372330603322,-0.0368139276561303,-0.0248374788562966,-0.0951722473534449
3005,"heggarty2024",-5.77216610044892,0.0724254175407739,-0.0712785512468264,-0.0122548919112503,0.0774511739399611,-0.209513158801969
3006,"heggarty2024",-5.937620156991,0.102907116025063,-0.000543556914006121,-0.0798661846311363,0.0754261810663283,-0.113511266257348
3007,"heggarty2024",-5.79590316650842,0.225566122747268,-0.105998113160756,-0.0808686640481477,-0.0682166696469794,-0.183059340673043
3008,"heggarty2024",-6.01394204413406,-0.0741434926560609,-0.198858948359727,-0.0963216858180314,-0.0906402991671641,0.0128320622144961
3009,"heggarty2024",-5.99931350666316,0.0902157484738678,-0.24505363140361,-0.128593929264832,0.0638220430958902,-0.0713846905584718
3010,"heggarty2024",-6.15268289178711,0.205420937807686,0.084076122598997,0.0686522032573,-0.105201835377818,-0.0840169649576881
3011,"heggarty2024",-5.77406746476714,0.0924474426624014,-0.0115114878681135,-0.0246547038312717,0.0724141705572388,-0.0550653655913395
3012,"heggarty2024",-5.86119719942976,-0.062949767783595,-0.173317268090034,-0.0863439728709957,-0.00920458838946424,-0.0329237110059498
3013,"heggarty2024",-5.90727165544285,0.137408062949957,0.039234612449788,0.0868023663558167,-0.134862660487903,-0.216349881739809
3014,"heggarty2024",-5.92045150961042,0.0213148440190507,-0.0649376181484225,0.0452772403942427,0.0326695185223672,-0.099547399418361
3015,"heggarty2024",-5.83495898594945,0.0687716845509561,-0.0805610277771813,0.040010603332218,-0.0132042437798676,-0.118659995344677
3016,"heggarty2024",-5.83592562736562,-0.0296906640914252,-0.06765937983716,0.0393282468321849,0.0196456696582031,-0.0786079678492225
3017,"heggarty2024",-5.86150855980815,0.0847639034188632,-0.214438257274493,-0.0945179083737905,-0.0545871902800066,-0.258564987145444
3018,"heggarty2024",-5.8435962225117,-0.00734269989343048,0.0533550792377774,-0.0542973011349562,0.135187473301492,-0.0854587391061144
3019,"heggarty2024",-5.87459065181508,0.329583293257063,0.156730283717108,-0.0229988939820707,-0.131352943318666,-0.180646374936545
3020,"heggarty2024",-5.78765862029218,0.166532200770605,-0.030827649423311,-0.0440557079564754,-0.0621365393540202,-0.105736069916721
3021,"heggarty2024",-5.75502789580599,0.0855287956844743,-0.0704608551392904,-0.113935610965369,0.0765818103197485,-0.117411882039548
3022,"heggarty2024",-5.86734191097731,0.326833575919495,-0.00905117543984003,-0.00197288545379441,-0.137024935382981,-0.172088323053638
3023,"heggarty2024",-5.83163182283722,0.171177211215286,-0.086842428863195,-0.0133686003075176,-0.0470532683331706,-0.142121325790269
3024,"heggarty2024",-5.51028659467864,0.0495889009625188,-0.080105131558696,-0.141560673244495,0.0349758403314152,-0.227338713715445
3025,"heggarty2024",-5.76574110768638,0.0372653156904362,-0.120424082342539,-0.00807557783549478,0.0898939057277107,-0.0852118188165711
3026,"heggarty2024",-5.86082358560114,0.235324965952941,-0.203135910675526,-0.0740437791400868,-0.0855813518962848,-0.2395669736496
3027,"heggarty2024",-5.91856905451299,0.0562185029242912,-0.15240327815396,-0.060025374433954,0.0174185855486985,-0.0774802261382073
3028,"heggarty2024",-5.83869628567775,0.1301035508696,0.0102104942441635,-0.124004173139981,0.0535817874208792,-0.152279661746638
3029,"heggarty2024",-5.91830149050983,0.200021407982612,-0.0101147966881586,0.0163190205815078,-0.0271176358474798,-0.0402451078881724
3030,"heggarty2024",-5.87321346408983,0.152519102064496,0.057458355606389,0.0517785869821785,0.00633466596922749,-0.0580172301534001
3031,"heggarty2024",-5.86469866583891,0.114437071992281,-0.0816256746704297,-0.0225924515779999,0.0644035380564194,-0.139961559922812
3032,"heggarty2024",-5.79378128447394,0.119411397909867,-0.0537489656111446,0.0234467691187992,0.0877142085169116,-0.130129840266393
3033,"heggarty2024",-5.79090670882266,0.228192162360295,0.0206408434006553,-0.0317559300328117,-0.184522248118336,-0.154521239123957
3034,"heggarty2024",-5.74119487984539,0.169696703034092,-0.0322555365631583,0.00222920737628647,0.00437510257760697,-0.19388963214472
3035,"heggarty2024",-6.00784285934225,0.232470469927684,0.0531825605002599,0.0540393476926211,0.107442498072006,-0.184768946900952
3036,"heggarty2024",-6.01494323316873,0.296697901983482,0.0116849866965692,-0.0888330403130802,0.0362554052400952,-0.0910228863481158
3037,"heggarty2024",-5.85674137183565,0.147477501557381,-0.14735060774184,-0.131521413107568,-0.0425229925602209,-0.125243895421251
3038,"heggarty2024",-5.65695357898537,0.24907527048135,-0.08966935924488,-0.131467485662524,-0.0414644162610633,-0.0961105659130532
3039,"heggarty2024",-6.17760623468882,0.0364108350449671,0.131119631547949,-0.127574356453508,0.162079482374018,-0.075179122995606
3040,"heggarty2024",-5.85663428446393,-0.0625821708442844,-0.306991055153049,-0.207371282659665,0.0522699276436633,-0.181082156817898
3041,"heggarty2024",-5.88374773574377,0.127502676170054,-0.0722197146818445,0.019699449721708,0.0749874110986233,-0.104192435461461
3042,"heggarty2024",-5.93065227806299,0.0360298285274074,-0.160267924437567,-0.17273175028824,-0.00569263527539193,-0.162797335083875
3043,"heggarty2024",-5.86301099270872,0.054930749506988,-0.11900657435085,0.0226752752505689,0.0609151911743952,-0.0163781757969983
3044,"heggarty2024",-5.8704567388116,0.140629187924114,-0.0760430153704116,-0.0442352225360426,-0.0572395537746585,-0.157131318519747
3045,"heggarty2024",-5.75273877086225,0.0790252372886493,0.0215937356080389,-0.00832634586391022,-0.0585729525937636,-0.0289781161232172
3046,"heggarty2024",-5.92175513225241,-0.0609438645602954,-0.231254283877425,0.0447782914098943,-0.0172143872938572,-0.0295074898776265
3047,"heggarty2024",-5.71945321098252,0.194206231553983,-0.134996693483178,-0.0417176509439422,0.112039622944062,-0.0365646678734133
3048,"heggarty2024",-6.00824561658133,0.380176772548436,0.110104662317992,0.0387031842545985,-0.246313166012976,-0.143518775199891
3049,"heggarty2024",-5.63278850647709,0.162023518637321,-0.0416360372394135,0.0282362023829489,-0.120667651325426,-0.0745398496025047
3050,"heggarty2024",-5.79830535624367,0.164338422108626,0.0141984898844459,-0.017632963332671,-0.00770023336861086,-0.0709582826952345
3051,"heggarty2024",-5.94455545280941,0.117347622242079,-0.0907743725063038,-0.108690454175209,-0.00978942883217945,-0.196679139473342
3052,"heggarty2024",-5.93307116988738,0.0968220768224443,-0.0153652256143355,0.000911151966657017,-0.0953184205326935,-0.135259839502436
3053,"heggarty2024",-5.94026631650506,0.0993796829860309,-0.0434898838066166,-0.0276430788530537,-0.085461289298292,-0.181432231717156
3054,"heggarty2024",-5.84005677112325,0.362307881670218,0.0430417703132344,-0.0259208373038755,-0.109830808192177,-0.0860756139509337
3055,"heggarty2024",-5.76047452595733,0.217931594482762,0.00480172989333781,0.128685977356995,0.00505285747731319,-0.0648147926908052
3056,"heggarty2024",-5.78466104480792,0.294937264907028,0.000811012182823256,-0.0816802533488483,-0.0311460844136778,-0.152444393038121
3057,"heggarty2024",-5.78432363754936,0.104329398502673,-0.147780509594438,0.0064661176818557,-0.0981880609449203,-0.228586944052434
3058,"heggarty2024",-5.89926570768014,-0.0326095903269064,0.00320721907343904,-0.112412661086478,0.11045973858203,-0.185477668697346
3059,"heggarty2024",-6.01403861910615,0.286995320712833,-0.0178167812397411,0.212060951602258,0.113251718652434,-0.1320010131153
3060,"heggarty2024",-5.71727833982517,-0.0277082827330349,-0.124195617408132,0.0144931570758487,0.0576419580717836,-0.191375568512041
3061,"heggarty2024",-5.91355389968293,0.144795709172601,-0.0294219586948536,-0.000710500350493158,0.0251100580040175,-0.176312234002618
3062,"heggarty2024",-5.64185120187296,-0.0880039233532724,-0.342460466476936,-0.0156297168353191,-0.0351707548284496,-0.0861625949151856
3063,"heggarty2024",-5.73681818093677,0.00285197998991362,-0.117030847044716,-0.111849361659656,0.0497351269772351,-0.0821817066837932
3064,"heggarty2024",-5.89002818691289,0.395751521411576,0.160554429334118,-0.018412083664732,-0.0602461409492203,-0.161712485105318
3065,"heggarty2024",-5.80677438358868,0.255395436319831,-0.0248107954555928,-0.0571218045906586,0.0738922896739656,-0.0852997022601968
3066,"heggarty2024",-5.90949733155948,0.28248575153962,0.0835102753422131,-0.0195972024470048,-0.111310473965719,-0.109509596778286
3067,"heggarty2024",-5.79180448101135,0.0927842038063675,-0.207299823708011,-0.105433406492989,0.112623675437672,0.0410933921569513
3068,"heggarty2024",-5.82676862165269,0.0578652529882467,-0.0180208834604794,-0.026971142296899,-0.0767283378762367,-0.17025161427579
3069,"heggarty2024",-5.88821670610703,-0.0808705551651835,-0.253224993063783,-0.186563166868269,0.0568554564070825,-0.146059835070508
3070,"heggarty2024",-5.75307464773366,0.178521087692804,0.00308398793303835,-0.102382290671311,0.0427589461236322,-0.0662509016027526
3071,"heggarty2024",-5.78896271658832,0.000498083571368457,-0.207176640573456,-0.12488955360717,-0.0634041665478491,-0.120114010433988
3072,"heggarty2024",-5.90506871020791,0.255683432684258,0.0279702600605232,-0.0631175450088461,-0.0567122619262513,-0.129182227976704
3073,"heggarty2024",-5.92576985356797,0.14524217405814,-0.0653588506660749,-0.0356370878386437,0.134476250018517,-0.0630294290090894
3074,"heggarty2024",-5.88176754217928,0.184892203714033,0.0309870202274257,0.116459320269997,-0.123394508256937,-0.035601663376931
3075,"heggarty2024",-6.09469914692082,0.351401848269891,0.19468582524496,-0.0644047937222127,-0.030827900961247,-0.00141723853766375
3076,"heggarty2024",-5.96737418365278,-0.0859953160457212,-0.189992885556478,0.0485860640550221,-0.0372112770845319,-0.177570927389527
3077,"heggarty2024",-5.77073079266138,0.118456617591144,0.0715434360608075,0.0793047752731744,0.0852780947221341,-0.193937864786305
3078,"heggarty2024",-5.71668849773751,0.359740829545015,-0.0140950617302481,0.016637549761456,-0.11793974220426,-0.173755242723646
3079,"heggarty2024",-5.8900357218427,0.119161869784141,-0.00604360163568239,-0.137783695928186,-0.0904500024718904,-0.106017321949602
3080,"heggarty2024",-5.84240682337782,0.136552523987545,0.00557024637406298,0.00154364862460764,-0.0538629656875495,-0.110210562466132
3081,"heggarty2024",-5.8891528302766,0.0841676315956221,-0.246066499478743,-0.117140736612576,0.131532131979534,-0.0913530276052072
3082,"heggarty2024",-5.79384544455401,0.158167512575111,-0.108378631315342,-0.0291697485922303,-0.0731806116277851,-0.173045513378124
3083,"heggarty2024",-5.60160232118748,0.128866041123631,0.0295728230154735,-0.0466569772715129,-0.0587317137510256,-0.296199884702555
3084,"heggarty2024",-5.91331232579357,0.189448968018402,0.0516330495164839,-0.0157597857347084,0.0137852432907487,0.00301591364007078
3085,"heggarty2024",-5.74142204784835,0.176056004231859,-0.0194206347177404,-0.0127114591509638,0.0610208314517837,-0.0653984263538634
3086,"heggarty2024",-5.95038444503048,0.177303516527007,-0.0319331375346769,0.0128644153877491,-0.0635543238444278,-0.125956025727194
3087,"heggarty2024",-5.87589682570231,0.246695681656935,-0.206464953843863,-0.0356176206660551,-0.139252501756715,-0.129801346205512
3088,"heggarty2024",-5.89420213286497,0.145006419745278,-0.241555811930874,-0.0834105476790305,-0.194012843287299,-0.354331942538376
3089,"heggarty2024",-5.91707262310906,0.137478338351742,-0.0655960595131546,0.0497258106449896,-0.0860267578776631,-0.0476769832058378
3090,"heggarty2024",-5.79745546392234,-0.0189971413981414,-0.106164312905731,-0.0602554594732033,0.053625128808654,-0.118339385492044
3091,"heggarty2024",-5.90511350555532,0.184537210744912,-0.0174457526183599,0.063500398413326,-0.035693000010916,-0.127142444735425
3092,"heggarty2024",-5.89897029744503,0.0922400974411425,-0.244957525854796,-0.117193250073109,0.0409583530097509,-0.205361280358445
3093,"heggarty2024",-5.88375060670603,0.160949773995488,-0.201956631895917,-0.0981190242590719,-0.0303252739954023,-0.0793231651585366
3094,"heggarty2024",-5.93474892024458,0.0901495457012858,0.137667422134558,-0.0495392262899498,0.00540909896889361,-0.119347445996499
3095,"heggarty2024",-5.89613647278248,-0.0129268857087827,-0.0156849823946521,0.0419844737058714,-0.0613252624049913,-0.0825648548630866
3096,"heggarty2024",-5.91909355257694,0.0255271129482131,-0.0521639932482161,-0.00963668052792574,-0.0777879545500236,-0.200965094265409
3097,"heggarty2024",-5.76084268053868,0.142711097273949,-0.0235134284871894,-0.0812413373411308,0.0161224151062647,-0.192016442658495
3098,"heggarty2024",-5.79810155175993,0.0602784481780808,-0.0743729149924908,-0.101342497068256,-0.0538142670011012,-0.242107841812334
3099,"heggarty2024",-5.88978018928596,0.0941974551347176,-0.257162593044098,0.0221369638886072,-0.00668112557574446,-0.121275553541641
3100,"heggarty2024",-5.65404495061137,0.0472157384311976,0.0166101394240603,0.0973550486855479,0.00413584570542487,-0.281749636972285
3101,"heggarty2024",-5.78181736959983,0.0179438930802373,-0.141825476818765,0.00162556014388381,0.0232243142230912,-0.167365433231736
3102,"heggarty2024",-5.84685375663833,0.107623092216331,-0.252027833092739,-0.13940553285142,-0.187242767493468,-0.295384777713341
3103,"heggarty2024",-5.80430480782998,0.245914521036158,-0.0284318434137668,-0.020130980836318,-0.15138812549874,-0.230709424926728
3104,"heggarty2024",-5.80237701448247,0.10027655803395,-0.104687180917274,-0.0375461382069037,-0.0379609688843185,-0.17080960896828
3105,"heggarty2024",-5.82083870531846,0.083613540231772,-0.164083628395647,-0.0859967547263262,0.0296304128161413,-0.0944652414896129
3106,"heggarty2024",-5.77193709443145,0.00551001045450241,-0.220257453776212,0.014936229562067,-0.0536881181559218,-0.172400585853698
3107,"heggarty2024",-5.78928019949021,0.102730899080826,0.0142666443610892,-0.0065766545645041,0.0980013526743984,-0.0743487910650323
3108,"heggarty2024",-5.89406733450844,0.108741891977929,0.0354172140385904,0.100147536328615,-0.0364456300322925,-0.089679827970597
3109,"heggarty2024",-5.86896360093475,0.140198946114927,-0.0661356140560397,-0.0398125724299007,0.030551167759236,-0.0129413223646358
3110,"heggarty2024",-5.84441659062353,0.2784090327963,0.0381164722532827,-0.0428956747295264,-0.0268192181491191,-0.0712824708379158
3111,"heggarty2024",-5.73958644379801,0.153366679474548,-0.0870967600270714,-0.013519758092559,-0.0809529224154897,-0.100961780496447
3112,"heggarty2024",-5.63669141791315,0.218572561688556,0.0143740721317572,-0.0610397833146664,-0.0428774449566443,-0.0813375841554824
3113,"heggarty2024",-5.90808923448458,0.000209201107120789,-0.198732709036159,-0.0594916710705003,-0.0588257756887093,-0.121965847437389
3114,"heggarty2024",-5.75310439559615,0.285670406830071,0.0759079617493878,0.129765252091644,-0.0616494231137142,-0.0882028258207973
3115,"heggarty2024",-5.83027625134116,0.234033019878821,-0.0510729152063524,-0.0510893208175582,-0.0847821937016861,-0.125614913326823
3116,"heggarty2024",-5.87836577164489,0.23963542704165,0.0386582973540233,-0.0271651636066312,-0.168023068528265,-0.185367990169755
3117,"heggarty2024",-5.77785527956195,-0.0308067668483951,-0.143561296474786,0.0533766005568767,-0.0606109055750164,-0.159564138702168
3118,"heggarty2024",-5.88776350355483,0.0605049982793153,-0.121025987992743,0.105651026366008,0.0293127104718745,0.0466189574805911
3119,"heggarty2024",-5.83782957943253,0.11946668329994,-0.160367571975619,0.0399358424834883,-0.0257848929329603,-0.233818549892929
3120,"heggarty2024",-5.84290572300812,0.0096177880753439,-0.225817603756647,-0.0178688467503002,0.0855542634117316,0.0857873780635235
3121,"heggarty2024",-5.84813735859056,0.192566859135605,0.00147787173774487,-0.0150023583216709,-0.171756797358055,-0.151408286014703
3122,"heggarty2024",-5.90567111133057,-0.0136657285034252,-0.269181369326124,0.018224109247228,0.0467557632853854,-0.135282944470132
3123,"heggarty2024",-5.80803572395505,0.138797949083065,0.0646763708901132,0.0934916640941392,0.118929499353399,-0.176770764147775
3124,"heggarty2024",-5.8589241664516,-0.0833604086145913,-0.131097983844007,-0.0134107727535687,-0.0137242746707911,-0.102130958400153
3125,"heggarty2024",-5.72411428266076,0.261488745550713,-0.0503181770369056,-0.0605386939953457,-0.0457544896365537,-0.0365868081789116
3126,"heggarty2024",-6.0170323197325,0.164313531015813,0.264223148943302,0.00115638432367867,0.0815358642313385,-0.0291141933416037
3127,"heggarty2024",-5.87069321148818,-0.0809917324867047,-0.102495899713862,-0.146531118339252,0.209477763452287,-0.04599129483344
3128,"heggarty2024",-5.79607299301958,0.142196582629363,-0.0142544827230553,0.0594542998684357,0.00770976505743732,-0.158678706855637
3129,"heggarty2024",-5.80574653167836,-0.0828728072618406,-0.215538203150608,-0.0055237579932532,0.0636735721041224,-0.126482632224145
3130,"heggarty2024",-6.00700802422078,-0.118820371645911,-0.35998063892355,-0.00699691223905713,-0.0113524816121372,-0.188873092423614
3131,"heggarty2024",-5.85743709734543,-0.0387783839950636,-0.201847260558846,-0.0843094530705493,-0.0359245477003204,-0.0889524995062931
3132,"heggarty2024",-5.83354502242674,0.15216743910959,0.02631389836648,-0.0786374990378489,0.133876977382419,0.020990019869984
3133,"heggarty2024",-5.85823809820776,0.0632280925852989,-0.148895345663078,-0.0616238140152125,-0.057370388326178,-0.145078059324299
3134,"heggarty2024",-5.90661905906601,0.232043179353872,0.241680101690614,-0.270432921854982,-0.199309170106655,-0.233161432592479
3135,"heggarty2024",-5.85983535251132,0.124668262742178,-0.00511283910832002,-0.0458905499761011,0.0190789373645155,0.00400968245349862
3136,"heggarty2024",-5.88742764159291,0.323668229861967,0.126990391571472,0.0122875494731969,-0.00265096257207142,-0.133020769683433
3137,"heggarty2024",-5.82026762961301,0.121992846553706,-0.193248400873168,-0.0395267870397368,-0.128870077951993,-0.075621078417519
3138,"heggarty2024",-5.88880627580257,0.0652927523352896,-0.079584982696285,-0.000699612478635066,0.0390606350991516,-0.0613926647102266
3139,"heggarty2024",-5.82772185267164,-0.0256065305875247,-0.14016414694231,-0.115263025156258,0.148892128908531,-0.180194098010685
3140,"heggarty2024",-5.90862685332428,-0.0878111071132791,-0.165563932503064,0.0151861193516692,0.0245295427824261,-0.0897083866188346
3141,"heggarty2024",-5.98216909228386,0.0815299289208343,-0.0886174944425668,-0.134369901312277,0.040794247836975,-0.127519110972323
3142,"heggarty2024",-5.92505780996326,0.0686195554918214,-0.093654635289386,0.0733894244840572,-0.130717261987999,-0.206596745398705
3143,"heggarty2024",-5.9826309103354,0.0907487678697966,-0.0239258416375275,0.0452337940042046,-0.0584275884324626,-0.185494760347232
3144,"heggarty2024",-5.8840161229638,0.108811331983058,-0.0303628729772127,-0.0852749839690159,-0.0272289608541628,-0.0758893072767866
3145,"heggarty2024",-5.94370901370897,0.0856305539699297,0.101570421681107,0.101010963404285,-0.0182900966149293,0.0224908703310515
3146,"heggarty2024",-5.87779365539526,0.282066940732431,0.0644309569097791,0.06545678717755,-0.0705144380974413,-0.117969763622255
3147,"heggarty2024",-5.93125945434799,0.166845571518007,-0.122875074914288,-0.0952627894865413,0.0538258079892783,-0.282531944633364
3148,"heggarty2024",-5.69722323670149,0.112692922913955,0.0112115938805794,0.0276380372754148,0.0698405254274732,-0.110270430595895
3149,"heggarty2024",-5.7759170489881,-0.0197118646924646,-0.110854710947356,0.0539675082489621,0.0956056904901281,-0.072758246587361
3150,"heggarty2024",-5.84646552927023,0.0627063026582849,-0.114626506007789,0.0705345670039499,-0.0329274403138162,-0.192721323997662
3151,"heggarty2024",-5.75935814019738,0.183924465397687,-0.0379776578100476,-0.0863451561091049,-0.0546332467950106,-0.131340239790655
3152,"heggarty2024",-5.8365652078823,0.212224846741068,-0.112470536449865,-0.135734684888212,-0.0635322389498235,-0.0647674874719199
3153,"heggarty2024",-5.84549267480739,0.283202247695145,0.0690557839484929,-0.041865609291857,-0.0946721779818041,-0.231962253962403
3154,"heggarty2024",-5.95226578684673,0.154012798009238,-0.26198413181916,-0.0843627384126935,-0.0417168333452997,-0.204012351187005
3155,"heggarty2024",-5.76087873640678,-0.0525445688896138,-0.052001077446929,0.0405909176751383,0.034999651290939,-0.143746133129771
3156,"heggarty2024",-5.90701963964237,0.0466249343680619,-0.208076476713294,-0.0833641683171732,0.151005425911341,-0.121002079682162
3157,"heggarty2024",-5.72461928159764,0.242706668490704,-0.0524655088514604,-0.0514518065763359,-0.0921022998097858,-0.219020906704243
3158,"heggarty2024",-5.51814779411423,0.11386246665406,-0.0237543327721388,0.0735863566129225,0.0850066536863328,-0.154747615340531
3159,"heggarty2024",-5.91202272957844,0.157643487524623,-0.0532817893586537,-0.057142875968757,-0.111230567282197,-0.0575203452651493
3160,"heggarty2024",-5.85104481070188,-0.0343902964396865,-0.0911391882177729,-0.198350957030321,0.0881984403766386,-0.194025242087657
3161,"heggarty2024",-5.74047718377653,0.159034163724035,0.0776455159076407,-0.0361876114299487,-0.0532533819398924,-0.140021726672134
3162,"heggarty2024",-5.84969648116013,-0.028409752761017,-0.261294682798651,-0.0456895453644974,-0.0188151105860829,-0.0624610644025587
3163,"heggarty2024",-5.78878744795135,0.289131972466915,0.0652479655235116,-0.0233423495149313,-0.138983601322613,-0.123629231017648
3164,"heggarty2024",-5.83690515386498,0.0129568206849505,-0.124844458205995,-0.00906960982335725,0.0546071414859533,-0.181380221558035
3165,"heggarty2024",-5.86512802704904,0.0258241669300993,-0.189799321455851,0.00496308473992951,0.0927937617998855,-0.235707025393614
3166,"heggarty2024",-5.883578641991,0.184367987311025,0.0414012639769735,-0.00932745028970538,0.0331569813823303,-0.127263176555784
3167,"heggarty2024",-5.9583942949946,0.087217001374758,-0.0872510225463096,-0.0432516721171201,-0.0315910235189662,-0.07703977451083
3168,"heggarty2024",-5.82285391905275,0.13620529374768,-0.0939413680578471,-0.00230328278826489,-0.102065673381184,-0.215549227453721
3169,"heggarty2024",-5.91028889272507,0.110830273186275,-0.100163998158031,-0.0225085797623762,-0.000585918150863181,-0.130400664484844
3170,"heggarty2024",-5.8185712576398,0.0786044048292719,-0.153510350618614,-0.0440495129540516,-0.0127671694256046,-0.11245753499781
3171,"heggarty2024",-5.88251217032138,0.0303121543623193,-0.06563407634581,0.0655771685075614,0.0195378389997792,-0.213167207256006
3172,"heggarty2024",-5.95401398849091,0.0953076150331713,-0.0347682503567875,-0.0358262369680356,0.0513542428433086,-0.0835760358398378
3173,"heggarty2024",-5.89090097975131,0.148185789693354,0.0262778140901152,-0.0932320480152571,0.064262004458885,-0.221452401484867
3174,"heggarty2024",-5.9260115074964,-0.0654276688501259,-0.0870955114429063,0.0580651313185948,0.130784226115577,-0.0374020020098807
3175,"heggarty2024",-5.71846789721021,0.247980173303335,0.052329318777809,0.0410748366730322,0.0295199851478426,-0.0808898061579462
3176,"heggarty2024",-5.8620484916971,0.0331758939549955,-0.117669145103916,-0.0106552133089712,0.0877638156287617,-0.135342919508015
3177,"heggarty2024",-5.71597562529132,0.141858487592762,-0.0691999475490459,0.0530773926356251,-0.0933849229241529,-0.0158684118357517
3178,"heggarty2024",-5.72402165791617,0.216343522311617,0.0606217170850745,0.0736632193279346,-0.0391636304650773,-0.0159954639526641
3179,"heggarty2024",-5.88279534894015,0.0172297921428603,-0.243149112889361,-0.0487020469799523,0.0323606411040629,-0.0979172040333048
3180,"heggarty2024",-5.68319897047484,0.199525355392294,-0.01370263437758,0.070281242419557,0.0775384231120181,-0.079229822606713
3181,"heggarty2024",-5.9268087382152,0.189269333200092,-0.0471399827322643,-0.114025556157903,-0.195055275508186,-0.132098945332554
3182,"heggarty2024",-5.80089723249685,0.133577973281226,-0.163171521006855,-0.0620417773613809,-0.0676253440677019,-0.194899836705268
3183,"heggarty2024",-5.80705521809319,0.0168911277099018,-0.294460254801819,-0.00123333434424914,-0.129752180115736,-0.192796268457276
3184,"heggarty2024",-5.63149765106898,0.206019448418687,0.196059882021999,0.0267619502224701,0.0224157083880737,-0.0681438371725445
3185,"heggarty2024",-5.86652378794564,0.0967757307897062,0.0106638109586766,-0.00415652430034231,0.0627925641944933,-0.189192349019997
3186,"heggarty2024",-5.92316640783599,0.0817247683330863,-0.185241617119455,-0.0770749349144154,0.020079492698955,-0.164329673375145
3187,"heggarty2024",-5.80547737494596,0.169852901726362,-0.0738828159421365,-0.134138397252213,-0.0767263535810543,-0.0840276446943556
3188,"heggarty2024",-5.83026199803414,-0.197828519204633,-0.347939516918431,-0.0866269298011165,0.0574071267497984,-0.0318049323550272
3189,"heggarty2024",-5.93704993273779,-0.00423430262223615,-0.210046673608506,-0.107847767341982,0.0697036022796599,-0.14530134800031
3190,"heggarty2024",-6.04639964345467,0.265415134505171,0.132252122268282,-0.0450507474743452,-0.0605828183764493,-0.127581211679477
3191,"heggarty2024",-5.78949752211998,0.0563049071364432,-0.263332576584674,-0.0635195749475301,-0.0846525125863488,-0.0683667174999009
3192,"heggarty2024",-5.83441829831962,0.428922621912742,0.0347739156182238,0.0206613661358789,-0.0177996611268714,-0.0723630280980707
3193,"heggarty2024",-5.83911756920867,0.111645708368978,-0.0464568296613718,0.0822060639472706,0.066316986236115,-0.11105918046523
3194,"heggarty2024",-5.85216413541626,0.239752212178143,-0.0930924022024243,-0.100652707414509,-0.0751234900337153,-0.230826408886414
3195,"heggarty2024",-5.8371821791856,0.165889000196834,0.0644195466281106,-0.0532009822686213,0.093762885860866,-0.0501459561413542
3196,"heggarty2024",-5.86184016699492,0.219612891298581,0.0342886948671003,0.108819374985843,-0.12385816908086,-0.0281623729539064
3197,"heggarty2024",-6.02674249185451,0.227764994121614,-0.0504014381262595,0.107393265256341,-0.0249346898994472,0.0617515754138211
3198,"heggarty2024",-5.76026301315216,0.125545848383076,-0.0501762224668522,-0.0537201017422892,-0.0396132763345606,-0.132843774659831
3199,"heggarty2024",-5.80832614605147,0.035838397044492,-0.0583111453886692,0.0756976710299824,-0.0820356652662101,-0.174831438784388
3200,"heggarty2024",-5.98689734728202,0.0892130363534718,0.0106046093959751,0.0401885277067789,-0.0959386987353191,-0.141335353398866
3201,"heggarty2024",-5.81741943287291,-0.0220275855160293,-0.170440311971266,-0.00579569566631966,-0.038482344132937,-0.108425732985614
3202,"heggarty2024",-5.74468846121885,0.0784616243933343,-0.160626273274148,0.0130918427298978,-0.0481798669522163,-0.123828973084541
3203,"heggarty2024",-5.98507661853229,0.0409282143386656,-0.101400997812491,-0.0805269693337352,0.0580858096338904,-0.219013150353886
3204,"heggarty2024",-5.80928497514572,0.269430406679668,0.0285677236570201,0.0819769514220385,0.0274532966844744,-0.101868519838161
3205,"heggarty2024",-6.0085425621341,0.0417317066096442,-0.00802301253688908,0.0311810766685688,0.120906887982781,-0.0133354852583665
3206,"heggarty2024",-5.74858634496795,-0.0284929138905924,-0.114514965074694,0.030699609464082,0.00937418585776696,-0.055720993960098
3207,"heggarty2024",-5.93031915857584,-0.0425379141655573,-0.249540927290135,-0.0706490760916293,-0.0644442182402419,-0.159826119436273
3208,"heggarty2024",-5.77041432567599,0.157806728282324,-0.164564187898214,-0.10170215182282,-0.000238987727632542,0.00675990878724012
3209,"heggarty2024",-5.75659310147137,0.15137807169855,-0.0891022766739514,-0.0759219293145241,-0.0950631909503473,-0.176519648827854
3210,"heggarty2024",-5.88318603368376,-0.0237840748655235,-0.152525505225491,-0.0252034288683218,-0.085082853545943,-0.121138589156615
3211,"heggarty2024",-5.77388634645255,0.10305941936003,0.00113803225129133,0.0661851453786289,0.128659537625255,-0.152565728853714
3212,"heggarty2024",-5.80814497056473,0.0836699586178662,0.00479638998773197,-0.0344224230162035,-0.0622916086623445,-0.18671820305181
3213,"heggarty2024",-5.82948278902681,0.194012067608497,0.0185377879173072,-0.0671307059173804,0.00787988478553414,-0.0902686052445908
3214,"heggarty2024",-5.7730102988601,0.124474767125615,0.047371420620143,-0.0422607433356982,-0.0709396471157163,0.02895702923081
3215,"heggarty2024",-5.9092203145833,0.0565350716450173,-0.142533422433337,-0.0795190966129795,-0.0422295411684724,-0.184287898118624
3216,"heggarty2024",-5.72604471891311,0.0201068328536558,-0.0852775878084825,0.0799538930508253,0.162099382462551,-0.162984207442412
3217,"heggarty2024",-5.70523822204208,0.19509251271553,-0.0861853015493764,-0.0140900464965952,-0.181542046974125,-0.100097720620619
3218,"heggarty2024",-5.73614725970547,-0.0327002552989577,-0.135562048855237,0.0279486897960833,0.0712856943376802,-0.162038376638767
3219,"heggarty2024",-5.90147501752177,0.106647243180496,-0.122559105515025,0.0316150818839406,-0.183563453039596,-0.250294717990857
3220,"heggarty2024",-5.88661632111954,-0.00956657649258412,-0.153210260158137,0.130799406558491,0.0462852203279066,-0.191594630052347
3221,"heggarty2024",-5.67035303367378,0.0867816583386359,0.00631926545411771,0.109051380508948,-0.0341324919600688,-0.216438798699321
3222,"heggarty2024",-5.85324914151245,0.0321761196218778,-0.317408630844225,0.00584628937962669,-0.169555159555873,-0.254943558039434
3223,"heggarty2024",-5.81187200337313,0.126959038259418,-0.0451019688770323,0.0752320622658843,0.00361973895518453,-0.204195190759663
3224,"heggarty2024",-5.81977593233777,0.0210510682755425,-0.117590640504532,-0.0815668219625714,-0.0948474583844356,-0.0403352095254382
3225,"heggarty2024",-5.86520442693151,0.0763192777319062,0.00713908338006848,-0.058890746899198,0.035442528073663,-0.0919857056822831
3226,"heggarty2024",-5.86702679481724,0.186393463110337,-0.0515038009776469,0.0573164169960766,0.00595040569424639,-0.198706445823222
3227,"heggarty2024",-5.7122694564375,0.0669452780737706,-0.0872990777816925,-0.0604359367890776,-0.0145047020106478,-0.209450314237224
3228,"heggarty2024",-5.84801115506528,0.245641590366371,0.0277598150806153,0.0677835805663231,-0.069666854522038,-0.172141522718983
3229,"heggarty2024",-5.82336583654525,0.265200104896437,-0.0501009762792376,0.0692105919839431,-0.0784741572101998,-0.18291556569219
3230,"heggarty2024",-5.98185718158112,-1.58657111853496e-05,-0.318750018758171,-0.153102329053814,0.0179353857024866,-0.157177075627308
3231,"heggarty2024",-5.82575495268923,0.148778886827389,-0.0323356926061019,-0.0786818861485127,0.0315101002903264,-0.206177496418302
3232,"heggarty2024",-5.91309787957033,0.242973150924769,0.00840542448045105,0.106905466982015,-0.115127630789957,-0.07295586446884
3233,"heggarty2024",-5.97918208463884,0.433103128085635,0.145224144439024,0.129455595544712,-0.0477672494325127,-0.0585528531435491
3234,"heggarty2024",-5.9686327303712,0.263414231657018,0.0891979947792471,-0.0488414417087597,-0.0048149795233806,-0.0266009841555905
3235,"heggarty2024",-5.71818781523341,-0.117101241474241,-0.170806457206681,-0.0791041899682582,0.158193399726832,-0.0914864821379352
3236,"heggarty2024",-5.84789557954545,0.087839634499332,-0.0226442064527636,-0.180091771984828,-0.0141993717545345,-0.0597687284142861
3237,"heggarty2024",-5.73248633589151,0.297879364796091,-0.082467584481506,-0.00208682978715028,-0.12672832548192,-0.0645074109829101
3238,"heggarty2024",-5.86286482586625,-0.046515723086293,-0.149592305491779,-0.157384202235618,0.0298011834512618,-0.250389155954631
3239,"heggarty2024",-5.99229623314129,0.106041088924254,0.0737779724565133,0.00958714967568025,-0.0558159819839795,0.0298255831675856
3240,"heggarty2024",-5.91264804485521,0.141461829659041,0.041107431354554,-0.0128026276849004,-0.122393180750992,-0.205034326321507
3241,"heggarty2024",-5.77049880387042,0.090223999214316,-0.0168425596983778,-0.0340465535916222,0.10824809258573,-0.0853083241094653
3242,"heggarty2024",-5.8896223046564,0.0781520456490575,-0.192875330077855,-0.0592576339100012,-0.0355192346535129,-0.00221291511323402
3243,"heggarty2024",-5.79100071433997,0.0882621842841933,-0.0963738375926051,-0.0533197491830959,0.022424793641561,-0.0898785533800417
3244,"heggarty2024",-5.94773797327005,0.44335372570829,0.233551201289945,0.0613582362253477,-0.105649478626994,-0.187142977074907
3245,"heggarty2024",-5.87194704136417,0.230544124157146,0.0316103144837498,-0.0667943311637208,0.0255224344259457,-0.0854246352241882
3246,"heggarty2024",-6.00645784864166,0.272477438789252,0.0293246037193109,-0.0434653997061761,-0.146828650135116,-0.115841678272422
3247,"heggarty2024",-5.98074500646273,0.359764387840956,-0.189475443022945,-0.16045709808579,-0.211918654697898,-0.257895974302187
3248,"heggarty2024",-5.68097214740501,0.0787360914174136,-0.148440228486521,-0.044026991572682,-0.0605001389626041,-0.145281895399303
3249,"heggarty2024",-5.78851075877489,0.0472393423838531,-0.0806645083783913,0.107847554299027,0.0292071645145218,-0.221604565453259
3250,"heggarty2024",-5.71558537167357,0.0795482659577837,0.0817682461780899,0.0581446398228239,-0.0719525883071101,-0.0750859930776744
3251,"heggarty2024",-5.8965665336392,0.0728890818031859,-0.128934301678112,-0.0116839947126898,-0.0831201124228349,-0.0953550014656026
3252,"heggarty2024",-5.80195258104782,0.257421364648833,0.103101304774639,0.0542475755624817,-0.0576537344173885,-0.251454139569419
3253,"heggarty2024",-5.95129819496402,0.0745559666199402,-0.105989142501554,-0.0132339708562779,-0.0775298685138863,-0.083550759133592
3254,"heggarty2024",-5.66621495549431,0.0868313325422755,-0.00676382807262283,0.0196503949105969,-0.00107402537000905,-0.141913496040936
3255,"heggarty2024",-5.93933027290896,0.119298621826248,-0.161662114210534,-0.0941566518394457,-0.0211727841040356,-0.0903296148492361
3256,"heggarty2024",-5.81716992249377,0.0196525934695343,-0.161875565189553,0.0513132127735246,0.0642019737671504,-0.134311684062597
3257,"heggarty2024",-5.98324042053242,-0.00789604161269385,-0.191044636518184,-0.0650632647313684,0.00612733792039527,-0.0849865436091567
3258,"heggarty2024",-5.96368390339223,0.130751076774738,-0.0948958350751998,-0.132651247613492,0.0560995523995429,0.00776979752634405
3259,"heggarty2024",-5.72673148032195,0.168469609343064,-0.0186661989031187,0.102229424414083,0.131255103434608,-0.0537940033192232
3260,"heggarty2024",-5.84303131621194,-0.352722872320489,-0.0640102672168717,-0.177344120828146,0.233800368316042,-0.0124282501212969
3261,"heggarty2024",-5.82984859112388,0.161831673226661,0.0300346879597308,-0.0186989393571056,-0.074497715296257,-0.13273511420242
3262,"heggarty2024",-5.84809255502266,0.116440299059795,-0.0170322496989228,0.0146787364133939,0.0205163555966773,-0.0654437237019751
3263,"heggarty2024",-5.95927144476881,0.175233917642475,-0.0361576566757432,-0.274943640940027,0.125186785064925,-0.190862842160393
3264,"heggarty2024",-5.84148427833797,0.0639265938118966,-0.0318120978041697,0.100973241170612,0.0571196766168866,-0.0234786114656527
3265,"heggarty2024",-5.78220280859409,0.0158453949675018,-0.349287056651238,-0.1334113352315,-0.0879850814845531,-0.319518737563525
3266,"heggarty2024",-5.80675398357956,0.257152131834078,0.0282103108871442,0.0334454448079078,-0.0752129466799603,-0.145948921142623
3267,"heggarty2024",-5.83847821578134,-0.0182949517866871,0.0307561492236244,-0.0614669289113804,0.0921899358976682,-0.129924032119481
3268,"heggarty2024",-5.78687207637788,0.0707811156781929,-0.0269876011464597,-0.0501645706795259,-0.0654848941712723,-0.106550583619003
3269,"heggarty2024",-5.92088326629312,0.0911169912498004,0.079579265400796,-0.0546316849988565,0.108074517723362,-0.0330282265911343
3270,"heggarty2024",-5.88414255928433,-0.0298580476021887,-0.242481256321823,-0.0958313971614033,0.0508664160246092,-0.0449345141423936
3271,"heggarty2024",-5.87614948385467,0.0324059552846913,-0.0657151221171651,-0.0859642164215807,0.0600353186409682,-0.117217754710565
3272,"heggarty2024",-5.86823163281781,0.330241641488821,-0.0959936496159903,-0.126553532513795,-0.152996978564857,-0.0717238962295603
3273,"heggarty2024",-5.81041639711625,0.386526542618098,0.118357379623624,-0.0482212878740342,-0.0214954411984349,-0.132967574994606
3274,"heggarty2024",-5.77981892631904,0.210973553114188,-0.0528918580967268,-0.169333105249902,-0.0900548651108123,-0.170455135088564
3275,"heggarty2024",-5.85278654716457,0.17891505588564,0.23335955314467,0.108582674104018,0.132808134788058,0.0485534477895763
3276,"heggarty2024",-5.9370201857455,-0.063314729693982,-0.0781692288374386,-0.0964957144953216,0.00736468942116929,-0.16228930905447
3277,"heggarty2024",-5.84619485251362,-0.0215629880736283,-0.30202854351477,-0.0571577223434972,0.019480905883409,-0.1071412735858
3278,"heggarty2024",-5.9453765742404,0.351498869864583,0.114469049570225,-0.0259549454579066,-0.119539827281969,-0.157402062715178
3279,"heggarty2024",-6.07645635000613,-0.160440673361585,-0.255321133552047,-0.0212339343478733,-0.0292726479814442,-0.167674683012284
3280,"heggarty2024",-5.88423623109099,0.21738903858535,0.102485386783755,-0.0478404218715658,-0.093971233914001,-0.171443873895271
3281,"heggarty2024",-5.73965161360306,0.213459652455864,-0.0246083161108131,-0.0943639869896257,0.00394771125347345,-0.0949014263189754
3282,"heggarty2024",-5.75085956576758,0.0338989266659988,-0.0304482760457723,-0.110194862987551,-0.0666159113234948,-0.202662334798876
3283,"heggarty2024",-5.85312635289814,0.0562061406974203,-0.131396457889011,-0.0399122468341123,-0.0228683944695296,0.0320856156068304
3284,"heggarty2024",-5.72655414319875,0.120721948478214,0.0542346890989725,0.142265506333629,0.0454805080223214,-0.0197625965337294
3285,"heggarty2024",-5.77237859983381,0.199359877463394,-0.0945405619583907,0.0363500877813425,-0.0701777274398837,-0.107372380583252
3286,"heggarty2024",-5.92292174050638,0.116058424412964,0.045183084468549,-0.0184056841318971,-0.118166381878576,-0.0702934859080895
3287,"heggarty2024",-5.73312685759455,0.0791303093238451,-0.0453428421161784,-0.0833396071660206,0.0176174658458969,-0.0724387607192698
3288,"heggarty2024",-5.84790625989821,0.0219435189895876,-0.136428497682603,0.0130849162434082,-0.0860877295150491,-0.169149509748102
3289,"heggarty2024",-5.83729336490984,0.100723215258156,-0.0655536715434109,0.0831755221144247,-0.0413973981298968,-0.0666476028603986
3290,"heggarty2024",-5.98138196677526,0.0352384582291737,-0.232532280330652,-0.105111125233028,0.0356945342730997,-0.244709891350601
3291,"heggarty2024",-5.8711909711081,0.0723274479559736,-0.141956672286167,-0.101783006467688,0.00136685880056532,-0.11013617443094
3292,"heggarty2024",-5.88707785639023,0.189646813881906,-0.0208971438661673,-0.116817189137008,0.0102235283130894,-0.142238658338335
3293,"heggarty2024",-5.90094463948396,0.19976720320236,0.039639454613276,0.0327813589900254,0.0194324705384822,-0.114402115548922
3294,"heggarty2024",-5.77293374055189,0.0840391951764537,0.0252536736389391,-0.148475117566211,-0.0148699297109709,-0.105854732234997
3295,"heggarty2024",-5.75104103679095,0.254541462040265,0.00363856083336166,-0.0550526864070271,-0.00385528015597214,-0.317656215609469
3296,"heggarty2024",-5.82211994621918,0.265406046890459,-0.121545391389762,-0.0152148301604719,-0.141399339239741,-0.283231785780238
3297,"heggarty2024",-5.90357729039358,-0.118475013547673,-0.000276189819443093,0.0315482728377972,0.0214033792583911,-0.151859106004362
3298,"heggarty2024",-5.87456852264311,0.270917446162964,0.0772486693856093,0.0786046858706886,-0.0504965189293697,-0.227788911908382
3299,"heggarty2024",-5.54783266414651,0.178347043827455,-0.14374362090942,-0.014644026376265,0.146033527088913,-0.0158678146914154
3300,"heggarty2024",-6.03532625276276,0.21275219526952,-0.148030023831669,-0.0746911809627944,0.0147985802124901,-0.104202212861943
3301,"heggarty2024",-5.85258890789756,0.201313908909367,-0.0724148488991967,-0.128635996947872,0.055736207219184,-0.0351172890359589
3302,"heggarty2024",-5.85341493617297,0.363048593137434,0.0578439348863255,0.0595931048232423,-0.0865383598567768,-0.161459522959893
3303,"heggarty2024",-5.89283565240008,0.117769914949539,-0.0399300321457251,-0.0100595109675882,-0.0643975422196725,-0.0689453512978797
3304,"heggarty2024",-5.78177253538214,0.250396373095263,0.0404251526149685,-0.0425073551268208,-0.0718790653617376,0.0086289569362066
3305,"heggarty2024",-5.85473250525833,0.342944306611305,0.0532783153148028,-0.00633274047560173,-0.126448224496642,-0.0439584837867491
3306,"heggarty2024",-6.05041693026103,-0.00303164769381212,-0.126075866531051,-0.0369992930956148,0.0299134832555685,-0.192887031201419
3307,"heggarty2024",-5.83119933305092,0.195501229953568,-0.00417575523153108,0.0700073020115912,-0.0711774199100059,-0.142711900044638
3308,"heggarty2024",-5.73641414344941,0.0318983125798462,-0.111313914165802,0.126266148316622,-0.0280482189032362,-0.202286900860342
3309,"heggarty2024",-5.78140849523444,-0.0662052227032184,-0.263317088300877,0.0185490129367294,-0.017553880110389,-0.0873861681581237
3310,"heggarty2024",-5.91465489218202,0.262559013637735,0.150486301893383,0.0261815912239094,-0.0857126016595923,-0.138836132376137
3311,"heggarty2024",-5.86947260954094,0.293962677403009,0.139833478988834,-0.0369724028208265,0.116155098481737,0.0532499271705671
3312,"heggarty2024",-5.83792374175583,0.111497178645646,-0.124112109242026,0.0609655750049499,-0.138743194466986,-0.15293169477974
3313,"heggarty2024",-5.81802393603295,0.16374602508615,-0.0471043475200229,-0.0956304508718423,0.0104731659567347,-0.0444625877786571
3314,"heggarty2024",-6.08151683893642,0.170505232517813,0.269785506236684,-0.0131881033290999,-0.0170168686272989,0.00603266746484251
3315,"heggarty2024",-5.8931980391114,0.12336023993498,-0.0761989416549716,-0.158965186459179,0.125881287853211,-0.134956949557856
3316,"heggarty2024",-5.82593269219009,0.062814803232018,-0.138659248860793,-0.0925332797785221,0.0480995620980484,-0.179643864671393
3317,"heggarty2024",-5.84570164731555,0.0142858789466795,0.0559676245934475,0.112759832410059,0.127466310892942,-0.0640067025659828
3318,"heggarty2024",-5.79299667648918,0.0146491767168611,-0.174967710612387,-0.0537206829192113,0.0401268160187412,-0.062941300207007
3319,"heggarty2024",-5.98706662948494,-0.0365629493933224,-0.231039021314755,-0.201205104746936,0.027229482435158,-0.146954983320609
3320,"heggarty2024",-5.89660810747079,0.124633585403001,0.00561132153419023,-0.0226745171819621,0.0215977286044763,-0.0442995726124898
3321,"heggarty2024",-5.92516582079415,0.141744797295327,-0.00607370241725668,0.0282986804665754,0.0647466815788992,-0.0324356484082964
3322,"heggarty2024",-5.74480203468501,0.147427804507721,-0.0944629824793191,-0.1967654711869,-0.0614667049795658,-0.131569657072926
3323,"heggarty2024",-5.88247341458528,0.108843356470993,-0.143808827303278,-0.0818779205811745,-0.0682360697972326,-0.232902978604713
3324,"heggarty2024",-5.96576160904886,0.259847068336142,0.0269057249611068,-0.109508640981579,0.108229354583724,-0.146699396775196
3325,"heggarty2024",-6.02933112101149,0.0220910189092421,-0.0421880126800115,-0.136154784694562,0.0514449503670258,0.0243923609352234
3326,"heggarty2024",-5.63813885621581,0.288917896577285,0.105703361672714,-0.0183711591446679,0.115699059775126,-0.131184351161099
3327,"heggarty2024",-5.67400339806414,0.157981515950141,-0.0388679842983777,0.0206979444774217,0.00801379160046695,-0.184981514446441
3328,"heggarty2024",-6.01697706788948,-0.0860147729981254,-0.331029234775791,-0.0357961992879948,-0.0201585745816366,-0.016718857796514
3329,"heggarty2024",-5.92898980602145,0.446361901652701,0.0666876160032479,-0.0802014586864241,-0.213864619849043,-0.197347546094653
3330,"heggarty2024",-5.75787496821474,0.246224070003743,-0.188007105722156,0.0204716606350106,-0.237822573288479,-0.213066998683241
3331,"heggarty2024",-5.75570613678758,0.195998100359826,-0.0888533526969693,-0.0347010537901237,-0.0506482877354298,-0.178704459776908
3332,"heggarty2024",-5.68142460329145,0.205319320152794,-0.0225615778832778,-0.0262619391619715,-0.0669197539638736,-0.126886020646832
3333,"heggarty2024",-5.77839357122365,0.246778410437909,0.212497620882979,-0.0197181056459372,0.0785401469117008,-0.22191086685868
3334,"heggarty2024",-5.88619529542693,0.194238709943935,0.140579627578101,-0.00321996315516442,0.00881154889733154,-0.180814617005716
3335,"heggarty2024",-5.84633192438222,0.235197685198733,-0.0631427174345961,-0.167800307767167,0.0665169844397877,-0.207370250371203
3336,"heggarty2024",-5.94819307328719,0.0611019193473715,0.038964227723159,0.060080646524879,0.0320873934640581,0.0248495055445627
3337,"heggarty2024",-5.75507227005684,0.147366511240974,-0.0470175547893965,-0.193287098586958,0.0574701371805276,-0.217495627171724
3338,"heggarty2024",-5.81531987532308,0.15864906597738,-0.161421496621908,0.0328845460567798,-0.112628228346354,-0.215450518080242
3339,"heggarty2024",-5.94895035951753,0.197797714694919,-0.0274593289740081,-0.095038275166352,-0.00470840701984551,-0.176805493129448
3340,"heggarty2024",-5.85690007624654,0.0847469313205203,-0.197590868177237,-0.121782270985099,-0.053132243356915,-0.124717830518135
3341,"heggarty2024",-5.72827462260426,-0.0101727837197163,-0.117969066819016,-0.0725330732843689,-0.0287696537132886,-0.208329269746543
3342,"heggarty2024",-5.78234194752907,0.215981405142111,-0.0806295665673357,-0.240953691981563,-0.0714317401745706,-0.103828662545951
3343,"heggarty2024",-5.9889456147353,-0.0975300722200401,0.0596200899975361,0.0317670210287432,0.01418600233985,-0.00157885159025761
3344,"heggarty2024",-5.9585516460431,0.0927987999720725,0.0266367378655487,0.0235728986249043,0.0116300962346732,-0.0238494765045012
3345,"heggarty2024",-5.83717447470754,0.0646602839327279,-0.0847099730898805,0.171746363704348,0.0319880490815913,-0.107281415080548
3346,"heggarty2024",-5.82580438931688,0.128899783192658,-0.0433546169544286,0.0715423930741128,0.0436385727172853,-0.0899764782973467
3347,"heggarty2024",-5.82437303597219,-0.0688956636523762,-0.284142451544421,-0.0184375205229517,-0.00923475679951416,-0.083438464770618
3348,"heggarty2024",-5.88069071801235,0.132424741188905,-0.108805781494898,0.0208389812114822,-0.113598430060938,-0.068777098449522
3349,"heggarty2024",-5.73643254437288,0.130030096390536,-0.0454206198747665,0.0205075580520276,0.00462924383329066,-0.145402695762187
3350,"heggarty2024",-5.91179311715773,0.130696928203044,0.170018159530399,-0.0232437977967948,0.0392329997376523,-0.131616142742499
3351,"heggarty2024",-5.9252831353628,0.0757296854748053,-0.0367602727504238,0.0325312115309454,0.0109938803029762,-0.05006924887983
3352,"heggarty2024",-6.18685890397072,0.182299476721149,0.155081206921361,0.0109189191008894,0.0772223371531839,0.117245778378114
3353,"heggarty2024",-5.93648111873742,0.19029823755012,0.15440984277174,-0.0982702472985135,-0.0200743278365174,0.039631380268546
3354,"heggarty2024",-5.7532887299575,-0.0555435439450163,-0.266781329063029,-0.067274521324158,0.1032812906892,0.0517353553689619
3355,"heggarty2024",-5.83882270793159,0.166561621019752,-0.0111290148377166,-0.138972798265028,0.0505556702471351,-0.0799799769312452
3356,"heggarty2024",-5.78213580116637,0.0526449864943789,-0.067420595323994,-0.123860346829849,0.188094740007914,-0.0745442354682872
3357,"heggarty2024",-5.70085703373484,0.076283384128728,-0.128965018542392,-0.0554726152072349,-0.0240795885079287,-0.151860535388947
3358,"heggarty2024",-5.80965697147296,0.13735806193276,0.0270483870282019,-0.0319244590342531,0.103779411422259,0.0417922991616122
3359,"heggarty2024",-5.81886024941177,0.0818588061367621,-0.115114218864263,-0.0383975109698653,-0.0314775637872249,-0.138039644952726
3360,"heggarty2024",-5.82065825805919,0.135886727297607,0.0435972423466811,-0.0359957815191382,0.0388859979098399,-0.192298697800517
3361,"heggarty2024",-5.89875856875006,0.191389908208415,-0.104683253878211,-0.077262344759177,-0.141937822099167,-0.0982774397900582
3362,"heggarty2024",-5.90409675690345,0.229797056568531,-0.12731355372652,0.0366153455799489,-0.10217928989198,-0.102065383222141
3363,"heggarty2024",-5.87923214587388,0.0484671687118573,-0.207964784784574,-0.0712851518576968,-0.0294007323169622,-0.179777049751423
3364,"heggarty2024",-5.99606811751315,0.298114137614679,0.00603437984027701,0.0427225757576701,-0.174606840128277,-0.248942626020157
3365,"heggarty2024",-6.00459820977107,-0.065102676261907,0.016126370906137,-0.122880804991374,0.0458104525091139,-0.058987981852042
3366,"heggarty2024",-5.82076548362757,0.0053985134012568,-0.120492222629667,-0.0958031723845087,0.0377170960274936,-0.134352289151193
3367,"heggarty2024",-5.91308676437885,0.180370542417726,-0.0961605634606183,-0.0662650900765558,0.0174239895141799,-0.155071087967454
3368,"heggarty2024",-5.8084229552441,0.123242959450573,-0.0476651315157048,-0.0176676240680881,-0.120880431713537,-0.0984722754168015
3369,"heggarty2024",-6.1265500002112,0.128687441233827,-0.120378680688793,0.0747395842493212,-0.0762971661955439,-0.110939499992053
3370,"heggarty2024",-5.61223328264435,0.0724296814193972,0.0546283769543869,0.105486873729498,0.157501081155641,-0.035665731331523
3371,"heggarty2024",-5.92868605401476,0.0669750164330612,-0.0733773579745005,0.0276656679708862,0.0526463503814655,-0.179247602114837
3372,"heggarty2024",-5.51851401974358,-0.0016400492396494,0.250502179698297,0.0649055244473364,0.0263636824697798,-0.162714585000547
3373,"heggarty2024",-5.88482843901848,0.233573059574474,0.00105761092732175,-0.123336276071606,-0.0685462679332899,-0.213640321173492
3374,"heggarty2024",-5.98501488414844,-0.150981623868813,-0.0593158341363658,-0.0964073590175599,-0.023188988631761,-0.0699712674814342
3375,"heggarty2024",-5.81015268854153,0.301969307579952,0.149329554146941,0.0225579938993027,-0.111543457777045,-0.0795149674871227
3376,"heggarty2024",-5.85314583660797,0.173268296403054,-0.152961894650912,0.03030482391222,0.0185535276614673,-0.297359351717905
3377,"heggarty2024",-5.81170114144942,0.22926808038389,0.102335141101982,0.0156707832946004,0.0514300143133345,-0.135243585148036
3378,"heggarty2024",-5.91042637271202,-0.0560152708054534,-0.114592015721955,-0.0358996568099492,-0.0150621462362081,-0.0789346784180253
3379,"heggarty2024",-5.90768776854934,-0.0174026770279626,-0.175055366766445,-0.122165832464639,0.0695857767651828,-0.00942453038404658
3380,"heggarty2024",-5.73536831986983,0.0218726141287686,-0.216910619035719,-0.0842851072816488,-0.192501787338891,-0.206705466409757
3381,"heggarty2024",-5.77757037143383,0.0832450159338776,-0.0718551032554397,-0.00789415942855798,0.0724133897919534,-0.232164726344556
3382,"heggarty2024",-5.84603800951991,0.111134895288062,-0.128885570957959,0.0719073464838063,-0.112640476943833,-0.0805665879608324
3383,"heggarty2024",-5.81967338927008,0.239041218655161,-0.0239062613373905,0.0556772320775316,0.0969895086857268,-0.170883250291349
3384,"heggarty2024",-6.06808882459865,0.10427443887134,0.0149192323230197,-0.0566498628097595,0.0469967565918425,-0.0109973432401801
3385,"heggarty2024",-5.79658752972285,0.287108529421981,0.0908583650357637,-0.18211795081542,0.0245977731495012,-0.166084855367357
3386,"heggarty2024",-6.02619625212589,0.336043323152852,0.0738297347903288,-0.0763653884475739,-0.0177189521670538,-0.0992192682587683
3387,"heggarty2024",-5.80957097790322,0.106141408983912,-0.07927793537644,-0.0788804864196117,0.0192190463580403,-0.214366007617781
3388,"heggarty2024",-5.81257264336144,-0.0728183095275653,-0.172777428756547,-0.00898649512827157,0.100834779594882,-0.15051931060784
3389,"heggarty2024",-5.84304306359989,0.137218207180324,0.0014423032265832,0.0172368517250266,-0.080861116947328,-0.150481739837665
3390,"heggarty2024",-5.82901451523304,-0.0166423839624253,-0.234580015350498,-0.0544869119947934,0.0543519033226705,-0.112170089171479
3391,"heggarty2024",-5.74599713254334,0.0516853808520676,0.0583460153768875,-0.0659500305037597,-0.0463399533117739,-0.118382323547376
3392,"heggarty2024",-5.83162152043607,0.07601557763995,-0.157801385527768,-0.158457393118307,0.00242166897139374,-0.0882168898594686
3393,"heggarty2024",-5.77749434351429,0.319061465940031,-0.11615383986248,0.0233541315546437,-0.135397154791438,-0.11193021167203
3394,"heggarty2024",-5.92246218904435,0.144472115369004,-0.0441430974702352,-0.0396443280578394,-0.12835634747548,-0.0783014456126986
3395,"heggarty2024",-5.75067499212886,0.0934320723510861,-0.0978602374414322,-0.0245722986940323,-0.0397711833678314,-0.106848453900986
3396,"heggarty2024",-5.85101229300336,0.133711141094038,-0.0689019157535283,-0.0270655470916736,-0.0549728819875703,-0.191491266238052
3397,"heggarty2024",-5.81761682873559,0.140189542406052,0.0950747596971245,0.0135175694564402,0.00372567222012145,-0.230430759980359
3398,"heggarty2024",-5.90686987767519,0.117712017838191,0.0359758162968484,0.184057722926002,0.0459983831027355,-0.112548812208995
3399,"heggarty2024",-5.88926962243356,-0.0138944936423792,-0.0296078292915064,0.0622675460235521,0.077451905234139,0.0391884773142991
3400,"heggarty2024",-5.8757190929635,-0.121555076557929,-0.00345288267675399,0.0880511292351204,0.0579901303260238,-0.183815461517089
3401,"heggarty2024",-5.72478213320594,0.191294017899916,0.00124898844550678,-0.075983083578368,-0.0557671192085462,-0.117853340234211
3402,"heggarty2024",-5.86120031407604,0.174831804978593,-0.00550236823447515,-0.0659201736028991,-0.173207788022657,-0.0835537060165014
3403,"heggarty2024",-5.62627624078585,0.0151242270405615,-0.0415076721725823,-0.00715053005057049,-0.00854086671756313,-0.0930901198306247
3404,"heggarty2024",-5.7217576307326,0.182306070464939,-0.0465194541064154,0.0202392184424846,-0.0723837831577656,-0.165410323411694
3405,"heggarty2024",-5.78425235688345,0.208220743543177,-0.0102303074633812,-0.00505084439014986,-0.0367328785319443,-0.19707195354862
3406,"heggarty2024",-5.77869969944879,-0.0201625170389597,-0.256458029734383,-0.210857632504079,-0.137094915662475,-0.166424598945823
3407,"heggarty2024",-5.86630359965014,0.16273466383793,-0.136016998469739,-0.0888247799001699,0.00597476061844799,-0.173600028416117
3408,"heggarty2024",-5.66314879828525,0.0949292055923546,-0.160079131075726,-0.0189809769622328,0.0647001867823531,-0.0279229224327056
3409,"heggarty2024",-5.9843572839149,0.143787463084374,-0.155911837116171,-0.166328980679859,-0.0361919734784948,-0.0619483518358677
3410,"heggarty2024",-5.91764475725703,0.136914094296429,-0.194618250075427,-0.127057068267528,-0.0905121935789354,-0.270681646988643
3411,"heggarty2024",-5.81146317214396,0.350671149846165,0.0854094432475591,-0.0678242839708174,0.0169967009184175,-0.230159449968237
3412,"heggarty2024",-5.71696577772236,-0.0813057149533921,-0.249555905997101,-0.124304393610452,-0.0653770213051373,-0.210954221423383
3413,"heggarty2024",-5.93668049727289,0.177129945448641,0.121359110075423,0.077412259160688,-0.0403167173610973,-0.039974066813141
3414,"heggarty2024",-5.94161099170199,0.185518080788576,-0.151484304924605,-0.0740217316935367,-0.0516936232371551,-0.0376751705972792
3415,"heggarty2024",-5.85570257366207,0.132989956399264,-0.139008573170799,-0.0328107089497818,-0.0590241701486454,-0.185416675106375
3416,"heggarty2024",-5.77355323044427,-0.0543944076678837,-0.290885403160184,-0.0771619035477236,-0.0571623479828928,-0.115832710728698
3417,"heggarty2024",-5.76354804771995,0.155769181731128,-0.0473926618924016,0.0101067099002333,-0.117522239772809,-0.117464510346471
3418,"heggarty2024",-5.92122772630822,0.206322877718124,-0.0136229111061489,0.0128479102232457,-0.0223568197038977,-0.153621429757922
3419,"heggarty2024",-5.99678476016164,-0.160558402375246,-0.321210515526586,-0.225451155585989,-0.0101502634659338,-0.155880091927647
3420,"heggarty2024",-5.90244561104028,0.118042800396559,-0.0926418021673527,-0.0826884405491687,0.0161036983563852,0.0138650264784013
3421,"heggarty2024",-5.78257355678111,-0.0243095629914428,-0.14825001903633,-0.0385509122846488,-0.0928173329947747,-0.18870734978883
3422,"heggarty2024",-5.75537656557039,0.0918354763105219,-0.110314385045076,-0.115934505925101,-0.1289220085531,-0.196748507256248
3423,"heggarty2024",-5.85692996413992,0.332610003399187,0.148779100052005,-0.0633413043887822,-0.129276793400204,-0.00566705663441972
3424,"heggarty2024",-5.81741415048811,0.0430113477794524,-0.168028491906397,-0.0489421467245114,-0.0282797585736257,-0.12688526650261
3425,"heggarty2024",-5.91643678758743,0.0773142160078839,0.0814484301817687,-0.110045687207019,-0.0219829337396209,-0.105422588993705
3426,"heggarty2024",-6.19426173372138,0.0937855918359725,-0.128057280013162,0.0265142768872212,0.101237591602065,-0.10791976537643
3427,"heggarty2024",-6.09815437994193,0.0510581436266303,0.0373622034728693,-0.0822286410628293,0.058595670742407,0.00308586310728089
3428,"heggarty2024",-5.83932607628475,0.24349161905431,0.0170091171524186,0.0192423468127788,-0.179513096462798,-0.159636169371705
3429,"heggarty2024",-5.87589988581869,-0.0070946537873476,-0.123195285521836,0.0675719278673717,0.00833420228695556,-0.13456283798159
3430,"heggarty2024",-5.62477784961088,0.091080187436713,-0.070687866248118,-0.0905765174630946,-0.10875553654213,-0.122757819036353
3431,"heggarty2024",-5.97082423334609,0.0868386634299248,-0.0635996902548939,-0.0400745587931937,-0.114240103314925,-0.255305214458416
3432,"heggarty2024",-6.14090620145427,0.164525583494812,-0.0556674576707876,-0.152830120631311,0.0772974922393105,-0.0491425752398752
3433,"heggarty2024",-5.79905694478726,0.196383623697066,-0.0752358884439525,0.00855278342507988,0.0330936324631875,-0.0332371028494395
3434,"heggarty2024",-5.80987032389085,0.353644859334872,0.035895673156549,0.0556899920613645,-0.153851557042696,-0.146008796522943
3435,"heggarty2024",-5.84283745734867,0.0255939316925009,-0.0438690715656419,0.0433955048099882,0.000652458474269951,-0.274803789781153
3436,"heggarty2024",-5.83845101461305,-0.0340292760365119,-0.123050024763378,-0.0043065458924421,0.0440076790626815,-0.0723816523131621
3437,"heggarty2024",-5.69980126121179,0.0621817756932131,0.187832120253885,0.0896229960883003,0.00719550097438152,-0.091771433861558
3438,"heggarty2024",-5.82735350942843,0.167967731576446,-0.00297890420069312,-0.0264359898311578,-0.0451372748494595,-0.0201730382613006
3439,"heggarty2024",-5.77843453294921,0.249523589457745,0.0566047624068543,0.00695224897432318,0.0104050026952603,-0.154021448361862
3440,"heggarty2024",-5.82471823336289,0.168132627055516,-0.146785072686651,-0.0521482108295052,0.0370153803045397,-0.12747586448172
3441,"heggarty2024",-5.86762538646799,0.221350391441431,-0.0161443739319879,-0.0941302232239358,0.0134827632149111,-0.0614173618951802
3442,"heggarty2024",-5.88132474142989,0.161655228710773,0.038441845046059,0.0766865456962588,-0.0931229665304312,-0.0814397920474855
3443,"heggarty2024",-6.00227904653931,0.17832792184309,0.00669787627461086,-0.0347221748692645,-0.0744490334260375,-0.0714380200711887
3444,"heggarty2024",-5.85026498198207,0.221095486281531,-0.239166006880717,-0.136989030638587,-0.051508675783463,-0.252342956105224
3445,"heggarty2024",-5.72644358350719,0.105316950026056,-0.103023076612062,0.027427944618354,-0.0509036640509515,-0.139029228525666
3446,"heggarty2024",-6.00251343198203,0.0193216972331611,-0.285606822412693,-0.020996205356593,-0.102022600083424,-0.00459968984855878
3447,"heggarty2024",-5.78090304637098,0.168579468546912,-0.0762587499763225,0.00892838384334531,-0.122845120050924,-0.211988217491934
3448,"heggarty2024",-5.77981091333649,0.200661619804555,-0.0308289521635134,0.11430546622231,0.0116898395004062,-0.200749370101693
3449,"heggarty2024",-5.90465282833039,0.295267542810159,0.1867868158513,0.10062654704516,-0.0635993512506142,-0.17263300964841
3450,"heggarty2024",-5.88124836429514,0.317043618002417,0.078476247571677,-0.0483476961447452,-0.0151272934432328,-0.124179092559917
3451,"heggarty2024",-5.76145391891815,0.345167538367789,0.233137549130821,0.00384602253810205,0.0184676205600303,-0.109664514073203
3452,"heggarty2024",-5.90787287888246,0.0526042951192472,-0.103695513342452,-0.0343451155297263,-0.0378084724842387,-0.0673445890689389
3453,"heggarty2024",-5.97966283974547,0.0532008051371114,-0.136389505475516,0.0723614199570129,-0.0661183524586953,-0.120121966237365
3454,"heggarty2024",-5.86186199264751,0.195930795337779,0.00552239278445217,0.0467947750933603,0.0101788830552562,-0.124840768318751
3455,"heggarty2024",-5.8188252960792,0.0817023663630387,-0.152054386043284,-0.00190657711198444,-0.0433102636911024,-0.150649264053062
3456,"heggarty2024",-5.91811417088664,0.0472188859630151,-0.255567435665199,-0.0940547771418252,0.0159489459322133,-0.223718772482535
3457,"heggarty2024",-5.78835047991526,0.211105414209862,0.0801529121816821,0.0907020694428707,-0.0258678648155257,-0.162986270860145
3458,"heggarty2024",-5.70480824812679,0.154027551795005,-0.238408799493605,-0.0812529075665468,0.0407460937993626,-0.0867501414913317
3459,"heggarty2024",-5.72778599261641,-0.00636577271145761,-0.0871666142675098,-0.107410001953155,-0.0211905929445879,-0.125895519322203
3460,"heggarty2024",-5.81807267056543,0.328179668273857,0.0539027751677993,-0.0501084662453007,-0.11079239969072,-0.280056146394762
3461,"heggarty2024",-5.94005315779291,0.0325901359323284,-0.125022214272438,0.00537216122041143,-0.0721700516649087,-0.123941569363025
3462,"heggarty2024",-5.831545636396,0.105152831000792,-0.142941034141516,-0.0361096105726807,-0.0419207839921126,-0.156909587317672
3463,"heggarty2024",-5.88016934466381,-0.0635221202348209,0.120498957541446,-0.00243178197712912,0.100302478481733,0.00516129059342793
3464,"heggarty2024",-5.8655900849469,0.109345821642393,-0.148710056172215,-0.0793509375999855,0.00441793655894542,-0.211616285217527
3465,"heggarty2024",-5.80261335768804,0.134966452179213,0.0120182192862425,-0.0913118835112454,0.0733860516445237,-0.115915193609509
3466,"heggarty2024",-5.89519981495664,0.167902483813212,-0.00351541014794768,0.013364898887898,0.0293645587677207,-0.112844048464509
3467,"heggarty2024",-5.92569213815555,0.220519132126984,0.166956849960608,0.0365011913168432,-0.000558585494511004,-0.0279331361779394
3468,"heggarty2024",-5.90324699437133,0.103337745673169,-0.119360500886388,0.0641503708973632,-0.181167345438701,-0.110230174289348
3469,"heggarty2024",-5.73711490113009,-0.00121656171252094,-0.14308490069066,0.0124133667879755,0.0322272498020384,-0.105227244838412
3470,"heggarty2024",-5.70892841161607,-0.0759806983339285,-0.135620917294068,-0.0469711393350967,-0.00482585422314701,-0.115224911481482
3471,"heggarty2024",-5.87430220095351,0.11157955918993,-0.155838085441989,0.0201837610367684,-0.0125324863310627,-0.183644704025362
3472,"heggarty2024",-5.87745428520593,0.312529232276916,0.046615430415157,-0.0045736146362838,-0.153825133256482,-0.203497232796459
3473,"heggarty2024",-5.9815260688721,0.188867588294622,0.0146132411236992,0.0273427293590397,-0.00394839920029156,-0.0147282550075114
3474,"heggarty2024",-5.61136890473802,0.0378044156812168,-0.148822736700898,0.146570866097705,-0.0919502610247675,-0.14750929465522
3475,"heggarty2024",-5.9454832594252,0.100659882693955,0.236758750952892,-0.151145723319161,0.0240881698862841,0.0306052994592175
3476,"heggarty2024",-5.88472116172166,0.0126683617267802,-0.160789469672385,0.0161097463396863,0.0735467021342028,-0.139331466891502
3477,"heggarty2024",-5.84310554413846,-0.0698787012994192,-0.222703553225451,0.0264798643703665,-0.200105410515113,-0.234433505657191
3478,"heggarty2024",-5.93090958665057,0.121220489367151,-0.0837329769511127,0.0133416597585786,-0.0442031108583927,-0.10471614215226
3479,"heggarty2024",-5.72682498341968,0.134567056588567,-0.138600875553456,-0.0772812870489225,-0.0338928655314413,-0.193576821078159
3480,"heggarty2024",-5.83096244631386,0.133347814506784,-0.0813977717451357,0.0236057733300793,-0.00978945178231105,-0.140580842008428
3481,"heggarty2024",-5.84580061729684,0.400304540191473,0.0248295490492476,-0.0641813181266029,-0.101902452110652,-0.175471971243509
3482,"heggarty2024",-5.82439071551071,0.122781859856575,-0.0224437151427468,-0.0225574448974983,-0.0128192421023709,-0.160201240236208
3483,"heggarty2024",-5.78675488166304,0.465115911742033,0.144397200259198,0.0793303699885673,-0.0295949303236837,-0.0396594002465183
3484,"heggarty2024",-5.87873234092146,0.205574873178411,0.0377855393399216,0.0120626643136355,0.0340087344683237,-0.0860170919325935
3485,"heggarty2024",-5.92510767897326,0.26895159200488,0.168894574145027,0.107944209029339,-0.00142454579167939,-0.101406238512838
3486,"heggarty2024",-5.80273475751812,0.130402920243596,-0.0741276531242613,0.0633631252389601,-0.0350443440409104,-0.166888247726169
3487,"heggarty2024",-5.74315166142063,0.0246219223287393,-0.390521238574348,-0.00961110745549884,-0.12570375154849,-0.0545299027862218
3488,"heggarty2024",-5.7540254940495,0.17970869089316,-0.0325338096898636,0.0316515139410691,0.0516062333074051,-0.0553252989511377
3489,"heggarty2024",-5.78430385918102,0.128844690204998,-0.128755697767751,-0.107788102913627,-0.0561761134413545,-0.186127700055753
3490,"heggarty2024",-5.89721740489111,0.0481824545359789,0.0473776634815268,0.09429997439318,-0.0993361230983384,-0.0511266667109901
3491,"heggarty2024",-5.8267712082915,-0.0359115787712716,-0.17430508949864,0.0132031793468521,0.119439717178184,-0.104635586813093
3492,"heggarty2024",-5.88638263472547,-0.0323515717395327,-0.181333440640011,-0.0865539520576863,-0.023615698035498,-0.277793954625789
3493,"heggarty2024",-5.86963657086555,-0.0693530089789347,-0.148922313888593,-0.0320222846890661,0.0819996014078653,-0.115981758820098
3494,"heggarty2024",-5.77208697390655,0.133831913707129,0.00607410278900691,-0.0587909766713942,0.0542149775487494,-0.193262865190532
3495,"heggarty2024",-5.77130782533776,0.0420351093472169,-0.209936403038927,-0.0448731647544171,0.162970109035902,-0.0224158299726143
3496,"heggarty2024",-5.78033965198516,0.181563191504141,-0.099740227830208,-0.0353021530858394,0.00666669978260563,-0.0424091043954343
3497,"heggarty2024",-5.89632578065149,0.0236694144612489,0.0137144761613481,-0.0196948880715003,0.157389519568736,-0.0475596424085883
3498,"heggarty2024",-5.87809259127137,0.244125112573627,0.110514027705287,0.101527722643711,0.0451584075057026,-0.0935099994494571
3499,"heggarty2024",-5.80013417192806,0.115875154389184,-0.178751641238842,-0.0413351957452854,-0.0383557588665762,-0.129624023658082
3500,"heggarty2024",-5.85323435435639,0.0542719580151368,-0.173968544689721,0.00654444423973647,-0.046669491570847,0.00495377057241394
3501,"heggarty2024",-5.81211704755809,0.345220594968468,-0.0230778720994754,0.065307080473027,-0.128621959314964,-0.200522651889285
3502,"heggarty2024",-5.78368045441771,0.0198455774844666,-0.0796801854555248,-0.14199719966342,-0.141021747615626,-0.175248361483057
3503,"heggarty2024",-5.81961171790472,0.00859981691643331,-0.25791540381045,-0.190385058209478,-0.0341544214304892,-0.154087459530175
3504,"heggarty2024",-5.81636883784645,-0.167745681443248,-0.266057698265919,0.0139422250927645,0.0498363529940533,-0.103443389966136
3505,"heggarty2024",-5.84605450843911,0.18204937784161,-0.184546669762722,-0.0598871438988271,-0.135609896569236,-0.288769805030178
3506,"heggarty2024",-5.81077655641359,0.0651857402051859,-0.14604718411543,-0.0200792061872473,0.0246602707425878,-0.187997244900539
3507,"heggarty2024",-5.82524358299148,-0.0289782199659696,-0.21003068383931,-0.0295397334467952,0.0307518758628899,-0.018458192623531
3508,"heggarty2024",-5.83463548678669,0.0299989538393007,0.00901667381550194,-0.0714698356254576,-0.0303484281889699,-0.107737284263569
3509,"heggarty2024",-5.84722943916676,0.0838930483154569,-0.0493909190142771,0.059212603879631,0.0926424790235375,0.136098072098619
3510,"heggarty2024",-5.90382602279829,-0.0964452374902319,-0.154311791685139,-0.118756780765007,-0.00552543620387164,-0.192839498151841
3511,"heggarty2024",-5.90490332965499,0.176093978408509,-0.160174537025697,0.0130064452133574,-0.100284171113596,-0.187721011047249
3512,"heggarty2024",-5.64267591614882,-0.199469858691795,-0.31677732040967,0.0686769559937987,0.0667623546341889,-0.130178098205341
3513,"heggarty2024",-5.94706187109528,0.0914248284542182,-0.12944087305965,-0.013755856706425,-0.0248308457747641,-0.0898821562224139
3514,"heggarty2024",-5.83638840832509,0.168846524752172,-0.103565500900049,0.0896565355934942,-0.214677932915114,-0.13172754087341
3515,"heggarty2024",-5.69852531646421,-0.0270037275502155,-0.16479805695173,-0.0250444664451199,0.0283540713240824,-0.0804206472861969
3516,"heggarty2024",-5.75766709565741,0.0023584996118944,-0.0564836898722864,0.010678871755015,0.0483916384510754,-0.0890275134585375
3517,"heggarty2024",-5.84374030553862,0.202246336402118,-0.156885257733795,-0.0714272055384711,-0.115675339334178,-0.121997236273533
3518,"heggarty2024",-5.79865034686635,0.156118084603637,-0.0474826651033946,-0.075867851769913,-0.0199824714787305,-0.12011059405845
3519,"heggarty2024",-5.88410841804133,0.187834536280562,-0.122596820373569,0.00720068476253813,0.0495570775857167,-0.0712834860089894
3520,"heggarty2024",-5.85202129503998,-0.00630753218971934,0.00432682653179352,-0.113171642115207,0.10114888448847,-0.123865777402763
3521,"heggarty2024",-5.75516689220516,0.0607649311871027,-0.0857388919508881,-0.0500952237429517,0.0189165996606464,-0.179381084466832
3522,"heggarty2024",-5.90926776051321,0.147206083206399,0.360557719273411,0.102566692822193,0.0817610898987703,-0.0900875607412104
3523,"heggarty2024",-5.90935114649654,0.130214204384679,-0.192867198622843,0.10448684503298,-0.158292715031609,-0.0348033629180667
3524,"heggarty2024",-5.92018965846829,0.0731588074782134,-0.173083949634647,-0.127388879110736,-0.0151770410434021,-0.094822610214051
3525,"heggarty2024",-5.89343251734411,0.115085286001775,-0.122585573373214,-0.0594374678196851,-0.0567067488831337,-0.03703138050965
3526,"heggarty2024",-5.83058417697593,0.175428766170718,0.0386216019483412,-0.0698164515999558,0.12976965626272,-0.177784884259434
3527,"heggarty2024",-5.92750338385637,0.160619485996194,-0.0710478243592996,-0.105253226785179,0.0540556585745035,-0.0341771585248318
3528,"heggarty2024",-5.94059215066107,0.192276248966382,0.0545737126163358,-0.104214477282621,0.0209336476982954,-0.11863813939727
3529,"heggarty2024",-5.81533612825306,0.220274638422522,0.0691183812324052,-0.0746349835285371,0.0420501207108149,-0.052886777055738
3530,"heggarty2024",-6.01635608055716,0.0800548619716347,-0.171279295246731,-0.0799874713650091,0.00314415546492952,-0.236204927373424
3531,"heggarty2024",-5.93839420608136,0.155126999024719,0.0469184604799301,-0.0392053925654759,0.0340229864312684,-0.0899144319797289
3532,"heggarty2024",-5.88943022251934,0.0514778499880037,0.0102634372882324,0.10636358597068,-0.0141189876201375,-0.0526360249798286
3533,"heggarty2024",-5.94079154393485,0.434061434323894,0.0948744304325782,-0.0203682462874672,-0.0187387659984343,-0.10302369302358
3534,"heggarty2024",-5.90543647275752,-0.0208843755963852,-0.126133614676717,-0.0319798640630787,0.0585963935281778,-0.119576923062956
3535,"heggarty2024",-5.83811457154235,0.164519096082087,-0.0107662588209537,0.0187929458860632,-0.0591090356237398,-0.00254816273417532
3536,"heggarty2024",-5.97292234647553,0.0668156635853587,-0.17334244512136,-0.0760055059246086,-0.119100679649439,-0.0707541299112233
3537,"heggarty2024",-5.86650694560148,0.190512547999311,0.0111230355155878,-0.0764484691435195,-0.103022748736758,-0.177643304435134
3538,"heggarty2024",-5.67328106346048,0.172985157413368,0.0312767785186371,0.0375276169145397,-0.106719245931672,-0.172179364217113
3539,"heggarty2024",-5.58879191468015,0.0811425025735676,0.0365609583123435,-0.0307726624843637,0.0663545649825623,-0.147727600790007
3540,"heggarty2024",-5.82700792223095,0.170473253898702,-0.161625201142822,-0.100963624269036,-0.0119902157305325,-0.102416217294587
3541,"heggarty2024",-5.84201056790498,0.0752434341615106,-0.01125116585468,0.085391629999461,-0.021766410303041,-0.106889517336832
3542,"heggarty2024",-5.69112704007207,-0.157091758763405,-0.246155109036283,-0.0902043963028429,-0.017937526285869,-0.0534348884058461
3543,"heggarty2024",-5.95041872344414,-0.114372728484791,-0.315016855799929,0.0866070744911848,0.00531694595441993,-0.115192973767207
3544,"heggarty2024",-5.84366706815981,0.270316163039052,-0.00455144283044456,0.0717645457965747,-0.142198854769485,-0.113574110206444
3545,"heggarty2024",-5.97718334196377,0.140408886899784,-0.0550676332479925,-0.021964677728526,-0.0623582571859881,-0.0473619133273555
3546,"heggarty2024",-5.75600102902852,0.15684814308861,-0.109410668174957,-0.0374084326493213,0.0203077756692085,-0.144982525281893
3547,"heggarty2024",-5.82602869076247,0.130193731917185,-0.140018112540706,-0.124775962330457,0.0704846772415392,-0.00229678625369482
3548,"heggarty2024",-5.82139777921862,-0.055828288109547,-0.137922820985155,0.00299718327570879,0.0105735769473309,-0.0368934988864014
3549,"heggarty2024",-5.75218808517556,0.127229084812317,-0.0532067251073358,0.0300325516945331,-0.0253434136516725,-0.124013356702275
3550,"heggarty2024",-6.00785157214263,0.187437891750067,0.0465692366196231,-0.0486373002264459,0.018478792277117,-0.227812455949659
3551,"heggarty2024",-5.83305789272202,0.203411451047891,0.156233769131573,-0.062542584696493,-0.0539931437364897,-0.202894757140515
3552,"heggarty2024",-5.8285275700364,0.233840231712649,0.0784714563773765,0.0143205290543748,-0.011048992414823,-0.0775979399288571
3553,"heggarty2024",-5.88749065040476,0.153326980909352,0.0209381193568151,0.0565878870538609,-0.00820034904423969,0.00607958496335595
3554,"heggarty2024",-5.85988444908198,0.263644412873631,-0.0710098625317671,0.0236486056050867,-0.0858587184420286,-0.0748311287782469
3555,"heggarty2024",-5.9399761013982,0.26017934637077,0.0261797434754234,-0.041408822025232,-0.137776968038363,-0.141419131973862
3556,"heggarty2024",-5.83705173099742,0.246262712941589,0.0109974479023791,-0.0629281505502361,-0.01724000163341,-0.0624869888085159
3557,"heggarty2024",-5.88993870294446,0.00289615204701624,-0.0258124679839405,0.0439075224996665,-0.151375709525086,-0.0638638562208307
3558,"heggarty2024",-5.83195583014697,0.213425277474484,0.126176680693665,0.056222027500876,-0.0377541410393619,-0.0328020664868475
3559,"heggarty2024",-5.89788589622941,0.149994592325443,-0.134860796158681,0.0920164007825705,-0.0214641859447319,-0.112124391044698
3560,"heggarty2024",-5.71985997994946,0.032180770986785,0.00732772675626567,-0.0368587857479287,-0.0338094524294642,-0.115139484467004
3561,"heggarty2024",-5.97422718366446,0.0388837934649152,0.0199285229065022,-0.00466188760585943,-0.0107998086773999,-0.0510286788950758
3562,"heggarty2024",-5.31576535094102,0.263700089964054,-0.372999833746639,-0.0707498554744087,-0.0282758234104913,-0.1336477500468
3563,"heggarty2024",-5.81906095622244,-0.0130120238639116,-0.162141573589999,0.0159494748958785,0.192656521200692,-0.0083098880557123
3564,"heggarty2024",-5.89598589841884,0.220390660033398,0.0354638248839935,0.138050486319255,-0.0756639198498358,-0.128090373933731
3565,"heggarty2024",-5.81417936095117,0.326758595073076,-0.0326899555278371,0.117123724433299,-0.0234382918304821,-0.0231376093869581
3566,"heggarty2024",-5.79039251867452,0.108646365850263,-0.182081158010259,0.00226790150092802,-0.0675377963433762,-0.205828797953324
3567,"heggarty2024",-5.8209621864891,0.199126676645834,-0.0955955855618332,-0.00365766959293937,-0.0672466341854995,-0.184743510483382
3568,"heggarty2024",-5.84231737154804,0.113860613859863,0.0155189731127409,0.151995508398584,-0.0196949515809248,-0.0313138273662402
3569,"heggarty2024",-5.81910860418271,0.139194620933999,-0.147163314737097,0.0155327536402836,-0.110256392966059,-0.155658404806165
3570,"heggarty2024",-5.85357854777522,0.0999621560992921,-0.0248714174081716,0.058660112655487,0.0141072863202192,-0.142555071773139
3571,"heggarty2024",-5.90050809314631,0.173194671625269,-0.21570823982027,-0.0787015938537454,-0.0778494426688399,-0.174267555602267
3572,"heggarty2024",-5.87468570994247,0.138551849557472,0.080755304646122,-0.00199923181489936,-0.0233669575343091,-0.074159627600464
3573,"heggarty2024",-5.7873464427641,0.410714298421811,0.125838408430107,-0.0184057886879675,-0.151546768382287,-0.19639300965237
3574,"heggarty2024",-5.87657145624369,0.0416172427763342,0.00750776937170923,0.0531915547769728,0.0474116644332055,0.023265253054776
3575,"heggarty2024",-5.7405970760446,0.111892486606384,-0.0753833605609597,0.0244547596335669,0.0318923164303648,-0.101781503070705
3576,"heggarty2024",-5.79262142270903,0.230116523796545,-0.0168612040583017,0.00310797798813968,0.0091746443632275,-0.194703997894691
3577,"heggarty2024",-5.95907351088527,0.432117270710051,0.0772643550507737,-0.040256896238298,-0.0746431512190735,-0.064820792930237
3578,"heggarty2024",-5.96786241959354,-0.0978203824903959,-0.239698364820011,0.0854884521185695,-0.0810268760839696,-0.125615981230311
3579,"heggarty2024",-5.88785577795357,0.204674548565948,-0.0066537477657774,-0.11198036307256,-0.0933855894074785,-0.180283057841896
3580,"heggarty2024",-5.98579608037482,0.229198017289533,-0.0998005335724573,-0.1193179887582,-0.0394622316255234,-0.155411140926743
3581,"heggarty2024",-5.83092511837498,0.122554883019718,0.10738032838299,-0.0527307504563849,0.0422357276770147,0.0223925069637019
3582,"heggarty2024",-5.77210639630936,0.145736136833123,0.0918612896892492,0.0481858138359924,0.0392096820849912,-0.0462974145078996
3583,"heggarty2024",-5.91267956493378,0.0410182975024314,-0.275578473761859,-0.10215020037379,-0.0138330420112294,-0.132255709365834
3584,"heggarty2024",-6.01686292481837,0.112424594716787,-0.113225809224625,0.00449817814942177,0.010512363843449,-0.104855625992254
3585,"heggarty2024",-5.93303812297916,0.0544818955100278,-0.092182573226598,-0.149054074287552,-0.0949562100731596,-0.0343172047924723
3586,"heggarty2024",-5.8358685810481,-0.162002347582613,-0.0996122010763846,-0.0990299718675571,0.124687886499407,-0.0594159618116076
3587,"heggarty2024",-5.92024353079343,0.117963451236485,-0.283364632545663,-0.0821674471191046,0.0475577551637725,-0.0940175741524835
3588,"heggarty2024",-5.86929721994025,0.232433206774686,0.0644748641236266,-0.0249291189758123,-0.0754540196998308,-0.1421319063219
3589,"heggarty2024",-5.92506243850098,0.312292926169263,-0.0351490825750316,0.00148589746571468,0.0236812798807413,0.0045239767131665
3590,"heggarty2024",-5.99406524412183,0.0971940643275175,-0.20304864217673,-0.0793437384742325,0.0110027098676021,-0.301273335817168
3591,"heggarty2024",-5.76238290082399,0.0513249053194364,-0.223334983133431,0.0675618016524514,0.0521960860205025,-0.155097813906195
3592,"heggarty2024",-5.73485537541114,0.0963591203338624,0.0985280458547211,-0.0702042699321043,-0.0324575863096598,-0.0746894644535906
3593,"heggarty2024",-5.80095849725172,0.366430799682314,0.0688392696304153,-0.00884329598545284,-0.0391454143041341,-0.06022008543326
3594,"heggarty2024",-5.88769901299283,0.189689614682196,-0.0484396602288224,-0.0137148040089373,0.0388051809033649,-0.151648175437001
3595,"heggarty2024",-5.87728854758568,-0.131937209605919,-0.216570793801294,0.0533067495964515,0.00276670318601092,-0.0555654067901212
3596,"heggarty2024",-5.87471057814037,0.0604414988585495,-0.134178811157827,-0.0423529076298777,-0.0249686249747277,-0.170534127772458
3597,"heggarty2024",-5.7865803720024,0.328021468311345,0.103003812787582,-0.0596293212529875,-0.0802926418438999,-0.118428190221596
3598,"heggarty2024",-5.74251663055701,0.0536055144591221,0.0190456421756814,-0.154699713250958,0.0312746452025471,-0.114945487672554
3599,"heggarty2024",-6.01101601920626,-0.0426843539803417,-0.416229008528569,-0.0112967525060384,0.021083700266713,-0.0660296373274618
3600,"heggarty2024",-5.79450981186481,0.245900305592433,0.0218112518109463,-0.0967832722749416,0.028708604936811,-0.0749820456573174
3601,"heggarty2024",-5.80449597800112,0.0114740050555186,-0.124942697629673,0.00105967157358184,-0.0964302455634672,-0.093482511327929
3602,"heggarty2024",-5.88526269045409,0.0156591308817679,-0.195487694747862,-0.10880494169454,0.0743543447277617,-0.124463248792912
3603,"heggarty2024",-5.93420093523601,0.292985786974476,0.149852030516709,0.011249940817384,-0.151154253355479,-0.18761595458044
3604,"heggarty2024",-5.68817943434647,0.05975079599884,-0.0371440833885908,-0.056548120416432,0.0771806331820724,-0.0510482324206295
3605,"heggarty2024",-5.89195457636569,-0.100234533491498,-0.116144404353757,-0.145819578289563,0.0347333562985671,-0.174213335023699
3606,"heggarty2024",-5.84152102610535,0.230972371063594,-0.00166237536544733,-0.0406290342317263,0.0928717848567925,-0.169134232773276
3607,"heggarty2024",-5.84962935857345,0.09570467147763,-0.00600299481481368,0.155156290781667,0.0296734604877318,-0.0184473222126633
3608,"heggarty2024",-5.9599891807139,0.0968529744010559,-0.0520252649195903,-0.0646736630522498,-0.0295624362923527,-0.191062479537472
3609,"heggarty2024",-5.89422790889326,0.153178168976219,-0.0541539920618881,-0.0357189562916679,-0.0354594750564299,-0.188072615450529
3610,"heggarty2024",-5.939171327301,0.257417006497635,0.00893018941974622,0.0289888122565543,-0.12888792029446,-0.234693693442658
3611,"heggarty2024",-5.82244280003961,0.167495275851967,0.15421083712867,0.0515010953338886,0.154399809993218,-0.0171759076143928
3612,"heggarty2024",-5.82541179789466,0.307624101766891,0.0765079705547056,-0.0806215982670296,-0.0494675100068667,-0.159517998308537
3613,"heggarty2024",-5.76103418953416,0.43051178891451,0.161232056409584,-0.0819241823394114,-0.126843210187662,-0.112804056107
3614,"heggarty2024",-5.96918155432908,0.178051353975461,-0.0147837683137408,-0.0123123393841854,0.05168666121626,-0.0913142547109444
3615,"heggarty2024",-5.89231029710168,0.148770026546255,-0.0941786226569475,0.0245352342008914,-0.00222853920344635,0.0173233503606589
3616,"heggarty2024",-6.02485417850246,0.134296755237696,-0.0695111652830602,0.0251936702927623,-0.180612572646771,-0.164110671679429
3617,"heggarty2024",-6.003428021987,0.368354702423705,0.0249639904028639,-0.0224300545307714,-0.0284883461285021,-0.11871322118888
3618,"heggarty2024",-5.85237183254694,0.0107326696950782,-0.257344561282555,-0.0570585971823099,0.0407983068072054,-0.241093725777263
3619,"heggarty2024",-5.84297372682435,0.249249423353633,-0.029954862555864,0.00235485397241066,0.0719942186740256,-0.0149588820625753
3620,"heggarty2024",-5.80942247884769,0.108294807296326,-0.0142629384371884,0.000170103292825515,0.0324909962165803,-0.0640191100860002
3621,"heggarty2024",-5.78946565370695,0.234711912399463,-0.11568545962027,-0.0566890105840653,-0.0482062858476607,-0.0608958989174133
3622,"heggarty2024",-5.90815427235004,0.00320798404460732,-0.0406053827918837,-0.0334533013000815,-0.0151323506271309,-0.123938022987686
3623,"heggarty2024",-5.92472772418679,0.0719551236063001,-0.0202113583251478,0.118522642679816,-0.0279694957688815,-0.152516212279499
3624,"heggarty2024",-5.71023212796806,-0.0222244164701791,-0.244952768118319,0.0239100960236631,-0.0409344203218074,-0.0753039772638586
3625,"heggarty2024",-5.70281278451196,0.183707926025917,0.0883491065646963,-0.0990848800581637,-0.0330770186509887,0.0254975497441911
3626,"heggarty2024",-5.86104569091843,0.181042893590393,-0.0633779435193697,0.0295879700818266,-0.233657928078881,-0.11628397005819
3627,"heggarty2024",-5.88719063003771,0.189842012668163,0.100881520158288,0.0122328429775387,-0.122729760852988,-0.173140387243334
3628,"heggarty2024",-5.89531685046101,-0.0447490178819199,-0.206179004949426,-0.055674784199162,0.0583946827565942,-0.223330557205192
3629,"heggarty2024",-5.67802986414263,0.212314811576853,0.0551352169660964,-0.132852321821574,0.0638397409757232,-0.282154871299915
3630,"heggarty2024",-5.74861184541187,0.0352086954597364,0.0907508161033439,-0.0469882985634771,-0.0852336861296515,-0.0245641505567832
3631,"heggarty2024",-5.72004611004018,0.0974694997351681,-0.0808196332469413,-0.125112929697206,-0.00847779333792373,-0.0867802300726914
3632,"heggarty2024",-5.74477481657389,0.177458791269744,-0.177357411312176,-0.0116718346720243,0.0578831486330841,-0.0938198077367218
3633,"heggarty2024",-5.79568560386327,0.159022854551513,-0.141605153614391,0.0214305502945032,-0.0340036667297939,-0.0745216207201303
3634,"heggarty2024",-5.72013489981576,0.173367456661164,0.00345683501481352,0.00265793497839895,0.0336312609995414,-0.0982800890212855
3635,"heggarty2024",-5.94976959668523,0.179751483240034,0.0132711878769029,0.0270653975251397,0.0931743096097735,-0.122422962658091
3636,"heggarty2024",-5.79798138324736,0.0850608317341009,-0.059650070689775,-0.0281996022797505,0.0141408409506035,-0.182540366665897
3637,"heggarty2024",-5.78704494435092,0.0795297347266941,-0.0835652214056174,-0.0207821539863342,-0.0257126969553878,-0.192876442385086
3638,"heggarty2024",-5.92444587351282,0.117196549554596,-0.132597592350381,0.00508148811095431,-0.0395301016845511,-0.0998189473859721
3639,"heggarty2024",-5.71632759400553,0.109468112464971,-0.160776512619958,0.00287735848154647,0.080890285820309,-0.181610001561527
3640,"heggarty2024",-5.84301267817616,0.12088768992466,-0.104138587906929,-0.082242756375108,-0.029603539348058,-0.169842828182986
3641,"heggarty2024",-5.74226262813888,0.127466564434429,-0.0190370079100053,0.132221407905586,-0.0203534634764334,-0.0796262928546509
3642,"heggarty2024",-5.83534844101338,0.108241668965482,-0.110583667082035,0.0397603460047639,0.149590784867672,-0.0150956439048661
3643,"heggarty2024",-5.79609661588892,0.109439735238818,-0.238504883894538,-0.0705249490703049,-0.0813916744027078,-0.202876278864402
3644,"heggarty2024",-5.99825340461583,0.226434632949146,0.0395871143694926,-0.0203256991330643,-0.0353065958536403,-0.106076689228311
3645,"heggarty2024",-5.81833126758307,-0.0183915324423538,-0.302648923872668,-0.102394819149629,-0.0255165404479161,-0.109300234141114
3646,"heggarty2024",-5.85259571395363,0.105524334862571,-0.123765592458014,-0.0496640415557076,-0.0456532331791759,-0.212180006565475
3647,"heggarty2024",-5.81586983044311,0.108861513878633,-0.101199915602904,-0.0376848081367666,-0.0713462409954824,-0.144296635625739
3648,"heggarty2024",-5.81357337337745,0.0424245971184548,-0.085380500567678,-0.21170139287534,0.0334196599921319,-0.235343860387529
3649,"heggarty2024",-5.91732051080085,0.169025316296583,-0.0393643076481044,-0.00386744868179872,-0.0510373540746526,-0.0332150639729203
3650,"heggarty2024",-6.02030651775003,0.340751038394431,0.290028613984141,-0.0738170668121433,-0.0771094640322452,-0.262457778074584
3651,"heggarty2024",-5.86601229981867,0.248427058518004,0.169937924671269,0.0507986751154681,0.020288855664251,-0.0696001667063088
3652,"heggarty2024",-5.86667467560886,0.0685343734521275,-0.0951512464864188,-0.0698428940354154,0.0429357259545265,-0.0616070175949005
3653,"heggarty2024",-5.82566185010094,0.12748842958062,-0.0105745546175528,0.0385337382419206,-0.0547294692334286,-0.148386093333677
3654,"heggarty2024",-5.87190648503467,0.287048295191576,0.0979751329924664,0.0279506753145164,-0.0107422663347118,-0.0892570429064097
3655,"heggarty2024",-5.85068872848968,0.141653970448846,-0.163911167097713,-0.00594716031124352,-0.0554855936471978,-0.0305684349877217
3656,"heggarty2024",-5.8669532521437,0.180063491498651,-0.0429313895452315,0.0609291525615564,-0.111805789712244,-0.0555760761525168
3657,"heggarty2024",-5.94911137237019,-0.0375065211761536,-0.173015773459262,-0.0794030067465585,0.00864102551233885,-0.144861359335516
3658,"heggarty2024",-5.82021967755635,0.374365836735808,-0.131344457387579,-0.0719024042735966,-0.0780923633569496,-0.284746326494795
3659,"heggarty2024",-5.99952863548559,0.0972722685727467,-0.131218395679169,0.124031693950179,0.0366132184827002,0.0258147894299472
3660,"heggarty2024",-5.75672113041924,0.221861158172461,-0.234868190764427,0.0441060246712734,-0.0914850519500303,-0.165096454161784
3661,"heggarty2024",-5.57453247149571,0.100900905274148,-0.0995861240302096,0.0604463001195047,-0.0174404156135923,-0.136536061227493
3662,"heggarty2024",-5.75644559480609,0.251288289148903,0.0857052465521389,0.0423167960917389,-0.0538952278347967,-0.204357506746152
3663,"heggarty2024",-5.90435932446512,0.17246427151826,-0.16341426330372,-0.0237011217206909,-0.0138776341235965,-0.0628336260971837
3664,"heggarty2024",-5.61718617803803,0.308416880172036,0.24895652658332,-0.00780945607963718,-0.0866977058230939,-0.0770783572951207
3665,"heggarty2024",-5.77049442860096,0.300678602997557,0.0463057544720557,-0.0374173689096591,-0.0170987780472061,-0.0495741796613165
3666,"heggarty2024",-5.85574441724595,0.0310319897100008,-0.203909479409242,-0.0572395052704153,-0.0290323748982429,-0.05578327194464
3667,"heggarty2024",-5.87768015187808,-0.155649871633117,-0.262046245313826,-0.0449568850099271,0.0159508490182126,-0.0857234309545478
3668,"heggarty2024",-5.78796563886606,0.304651197951575,0.17405278486607,0.0747710889924198,-0.0206623320776136,-0.0147150882423995
3669,"heggarty2024",-5.84616107540838,0.0947219940325375,-0.141943975735922,-0.0592976842323158,-0.117198881033594,-0.188352919437021
3670,"heggarty2024",-5.74138025957665,-0.0575037726142612,-0.319100852288142,-0.190978837733784,0.128080159945915,-0.13201192328391
3671,"heggarty2024",-5.98231769217928,-0.151210468759361,-0.248423204211812,-0.00704128857312473,0.00673934138662208,-0.105728187023609
3672,"heggarty2024",-5.83229327046962,0.133587004148493,-0.184101434966125,0.0151131435926534,-0.0635037661056867,-0.246371451060015
3673,"heggarty2024",-5.97257912467361,0.223211821788038,0.020240941766501,-0.0582649014283185,-0.0372683687385995,-0.0527889955843803
3674,"heggarty2024",-5.69018905837013,-0.0601822661610044,-0.243921364945108,-0.0469194628909152,-0.0603801843869828,-0.113096544308498
3675,"heggarty2024",-5.92744147800197,0.387010514576104,-0.0441662601964738,0.0261921743214054,-0.145069671622195,-0.191838961805765
3676,"heggarty2024",-5.74637126267194,0.252554217127989,-0.352085898579408,-0.0689754156954629,0.165956816945093,-0.0387886833321363
3677,"heggarty2024",-5.74227874840063,0.164503081117435,-0.0269178853165148,-0.0706045396174321,-0.0518050194076588,-0.0303175362503326
3678,"heggarty2024",-5.87686862077113,0.328464629719474,-0.0349269688299667,-0.0592795615786362,0.0299990741352113,-0.0620975999493759
3679,"heggarty2024",-5.90064331604889,0.210135162566295,-0.143044518845225,-0.0356980177044434,-0.0690433429555542,-0.343882838523267
3680,"heggarty2024",-5.79811076256203,0.297663664738058,-0.0407960070179209,-0.0566498326367818,-0.104426213845342,-0.235434968028137
3681,"heggarty2024",-5.84998003131202,0.188890994565583,-0.0697502509428015,0.0210625429556624,0.0508897593708385,-0.142849755385264
3682,"heggarty2024",-5.82909318816024,0.122984959936646,-0.0535810637523387,-0.072489996291824,0.0649670737875416,-0.0638747953219147
3683,"heggarty2024",-5.85079132866695,0.167504195018981,-0.0266434291306487,-0.0246486100946684,0.0472082050335022,-0.135174983177707
3684,"heggarty2024",-5.8161829794029,-0.0120911334766734,-0.0976131173333859,-0.0822828935237498,0.0511291292343889,-0.174894486951197
3685,"heggarty2024",-5.9225053718324,-0.0128502086516236,-0.13519319226318,-0.129780846834015,0.0369637942224864,-0.101698369823013
3686,"heggarty2024",-5.86235700742134,-0.163390376586806,-0.0723820705546284,0.183777574026626,0.00897638846918304,0.00976239231061701
3687,"heggarty2024",-6.12616396853916,-0.000751170195134132,0.0282502493196919,-0.0724027429253436,0.135194325245652,-0.0999830684555229
3688,"heggarty2024",-5.82979541347899,0.128299829525689,0.112719253423745,0.0359170669049308,-0.0854014787063547,-0.0644353036416709
3689,"heggarty2024",-5.78247544743471,0.269376285250207,0.0625260349483291,-0.110767422407586,0.0522331905658733,0.016064942280507
3690,"heggarty2024",-6.09090404304971,0.13904127367113,-0.00518038283818758,-0.0309770992239721,0.00186385135766444,-0.0738574881681658
3691,"heggarty2024",-5.71355235116761,0.310503843007625,-0.0469364094412246,-0.175356332662563,-0.108446040700839,-0.1776541171466
3692,"heggarty2024",-5.78380190982216,0.0635989891560303,-0.0902196320244952,-0.108272576074745,-0.0642648358893907,-0.265482419414975
3693,"heggarty2024",-5.76879767968475,-0.0077960134816411,-0.119632558065871,-0.0240214963753029,-0.00943277431954332,-0.132268805647369
3694,"heggarty2024",-5.77800949798325,0.031734075875347,-0.142305803352723,0.00333426383130738,-0.0951244582383538,-0.212691537273031
3695,"heggarty2024",-5.74073283303168,0.141675158521313,-0.00477494453549093,-0.0235422441000287,0.0768728116221,-0.022113281743963
3696,"heggarty2024",-5.74686369395757,0.383843337954327,0.144249512892754,-0.0310715374132791,-0.0525602932101009,-0.193142834915867
3697,"heggarty2024",-5.9108652725691,-0.00247274038246538,-0.125528018439852,-0.0817137403773488,0.0118329818206152,-0.0745916546239715
3698,"heggarty2024",-5.71689432482944,0.318429701248288,0.141908632785963,-0.108828882759846,-0.0726836583255784,-0.130169381043506
3699,"heggarty2024",-5.8314423885323,0.0204803313642288,-0.28250850062992,-0.052520146310448,-0.0940835227707586,-0.131618748933463
3700,"heggarty2024",-5.8693179628437,0.0303907821618996,0.0156911222128247,0.070880622496362,0.0102869430827343,-0.0184324954347278
3701,"heggarty2024",-5.93516311173797,0.284737788615147,-0.0216159263362831,-0.184947991539384,0.278050627662907,-0.0520507374221136
3702,"heggarty2024",-5.49759635605843,0.372692670654969,-0.102536163327779,-0.104385727527281,-0.0369363384140659,-0.112428780110795
3703,"heggarty2024",-5.85229648937085,0.0672484114481574,-0.117152455581477,-0.0719460659214435,0.0841211571948942,-0.0594397439178451
3704,"heggarty2024",-5.83224685208839,0.346672624960304,0.0907488981056924,-0.0830881111925428,-0.0686723552935578,-0.182683871652975
3705,"heggarty2024",-5.61089521710458,-0.137667341813528,-0.125928281484554,-0.0876872591494016,0.103268463058902,-0.0415871097610642
3706,"heggarty2024",-5.90876722029659,0.0790639212848751,0.149551125651797,0.0962361012537359,0.0853055878595863,0.0316581257944192
3707,"heggarty2024",-5.88286957301219,0.273243391591767,-0.037149499770254,-0.0474699212130302,-0.0664681071432421,-0.15305813424054
3708,"heggarty2024",-5.76418271809322,-0.193857435617227,-0.0769767395180438,0.00921792965307772,0.0516320529889462,-0.165433229459253
3709,"heggarty2024",-5.67783569009774,-0.0287583096030183,0.237765124080722,0.0641258248729903,0.0925284907397669,-0.0812741629187883
3710,"heggarty2024",-5.89186850584272,0.0792919955169763,0.0906786302981103,0.0339594852316436,0.0131266588480857,-0.12507454709402
3711,"heggarty2024",-5.86510294870207,0.155018691122634,-0.131037407386061,-0.0195257032725048,0.166551161046416,-0.0555505250826019
3712,"heggarty2024",-5.70316544733559,0.103728106906965,-0.0606189467994466,0.0274942221443329,-0.0837441831846449,-0.029420770025474
3713,"heggarty2024",-5.50566748770059,0.089534796314184,-0.0163152406091917,-0.0469031605951085,-0.0770834520580684,-0.0995050728371746
3714,"heggarty2024",-5.94338095657038,0.169345336433947,-0.0155643022418723,-0.0856946117673978,0.0335022325065313,-0.0493433664651462
3715,"heggarty2024",-5.76709968243051,0.119688212962871,-0.0368316395956026,-0.0216925760857562,0.036178512280086,-0.071014687358192
3716,"heggarty2024",-5.78077466555591,0.368261355234509,0.087679648276829,-0.0904634585590064,0.0662868387205016,0.0432606215099587
3717,"heggarty2024",-5.90830696149093,0.0934073152466927,-0.0117732355649948,0.02979191093524,0.00927413623053232,-0.104316015016225
3718,"heggarty2024",-5.71388981363752,0.150840936643485,-0.0906492028477995,-0.0664432130515961,0.0587490960277821,-0.136543904353597
3719,"heggarty2024",-5.81998696971067,-0.0820307965825612,-0.252119899813445,-0.130228374596148,0.0198807460177674,-0.325080085551135
3720,"heggarty2024",-5.85956486201817,0.126202824788594,-0.199845592702551,-0.0277395966962092,-0.129729580844163,-0.0907100065208124
3721,"heggarty2024",-5.88313731851825,0.0442066826686064,-0.145017987815408,0.0170293933192796,0.0265200866789022,0.000261387868937903
3722,"heggarty2024",-5.86711291213313,-0.00287641986445615,-0.169709556144186,-0.0232290846244949,-0.065718224239596,-0.022700018937673
3723,"heggarty2024",-5.87254162400829,0.246993816084359,0.0422749731786862,-0.0796557624386057,0.0920104505504859,-0.0217140904607295
3724,"heggarty2024",-6.00065541580631,-0.0668948715831491,-0.0873367830445742,-0.0293528201482748,-0.0241676604670927,-0.129647092987255
3725,"heggarty2024",-6.27710774596018,-0.00525723445032924,0.0393582009010421,-0.0799621941529863,0.204181408252191,-0.0609222002848542
3726,"heggarty2024",-5.82793343078244,0.112462837767003,-0.12427259617389,0.0188016491989331,-0.134983988716582,-0.192495213387644
3727,"heggarty2024",-5.90660930311462,0.330058700859992,0.220679461886642,0.120086313897018,-0.112472740167156,-0.146394457614963
3728,"heggarty2024",-5.88688793364242,-0.126011973821693,-0.252938807594788,-0.0518486320562701,-0.0631587869801288,-0.220242710369965
3729,"heggarty2024",-5.5676669544066,-0.0350112426793575,0.0285402168433402,0.0972250753001193,-0.0224804637004755,-0.211642993714588
3730,"heggarty2024",-6.00403498722153,0.11186141700848,-0.0896094488062567,-0.153168642833237,0.0121320526082862,-0.098548131672695
3731,"heggarty2024",-5.82441406362296,0.098092107775894,-0.0405405401362256,-0.0611652309668103,0.022088146161324,0.0277234201995227
3732,"heggarty2024",-5.88317909412803,0.173291824128428,-0.0112002415099114,0.0469918837049806,0.0253479588949848,-0.122248731149193
3733,"heggarty2024",-5.92621946860186,0.189591222407129,0.11305618404673,-0.0772724360459436,-0.030475770676594,-0.171312377431125
3734,"heggarty2024",-5.7106805237334,0.0686224595462083,-0.0891108862332691,-0.0382242944244974,0.0187297659641215,-0.035368337848613
3735,"heggarty2024",-5.66321268686364,0.137556316927983,-0.0402780083132979,-0.0728377993062676,0.0306516803368898,-0.165008212367881
3736,"heggarty2024",-5.87766499190498,0.00299899060488006,-0.0378534862953264,0.0265888819431272,-0.0579713698336712,-0.212114236032565
3737,"heggarty2024",-5.91549265170788,0.187928535233994,0.0475402044346482,0.101407272428769,-0.0390757463546351,-0.14756706092298
3738,"heggarty2024",-5.83891914060778,0.17165521096027,-0.030582280751414,0.0617945212684654,-0.0347677218898538,-0.139601198700132
3739,"heggarty2024",-5.83677883521317,0.126375432026088,-0.116704528962084,0.0984902550258355,0.00555480942021613,-0.0508186687368276
3740,"heggarty2024",-5.91181840590195,-0.0287019111210009,-0.0531767003445453,0.0444634301852489,-0.0398691763513859,-0.202955466797689
3741,"heggarty2024",-5.79640983998531,0.191111434551082,-0.116467464576009,0.0198178565044801,-0.0866346337309055,-0.126930759171991
3742,"heggarty2024",-5.69662297429331,-0.23633250528114,-0.248557367257621,-0.110283818759913,0.110127375923789,-0.166320131068834
3743,"heggarty2024",-6.09779354125372,0.107390064124344,-0.30070658059183,-0.0803638614809914,-0.110829559907726,-0.276707758131441
3744,"heggarty2024",-5.75140785099478,0.183723362384327,-0.0460220362145551,-0.106160196981704,-0.00344192481279931,-0.19437190381792
3745,"heggarty2024",-5.74615156833903,0.12527087338134,-0.110548539584813,-0.0297524740782825,-0.0986728678959435,-0.147726513156604
3746,"heggarty2024",-5.77305898034656,0.0866235929967782,-0.0844574259012176,-0.0641463417266626,-0.188628003324209,-0.193588390495856
3747,"heggarty2024",-5.97326878627487,-0.0670452081866837,-0.368539089344137,0.0730864618548403,-0.0461798389694463,-0.216365402670613
3748,"heggarty2024",-5.88615367054404,0.0666145845965849,-0.0693753822893087,-0.103396817326238,0.116525578206385,0.000600539377018764
3749,"heggarty2024",-5.78668429064964,0.0843714124573738,-0.15737119297123,-0.00512033798904156,0.119432678941804,-0.0640648811906746
3750,"heggarty2024",-5.7814504287841,0.118834720941499,0.0372726836332643,-0.0547765461616597,-0.0527606183792946,-0.0870405731400613
3751,"heggarty2024",-5.79126449224929,0.125760109638464,-0.199155251425055,0.00601901305251636,-0.0200736185608529,-0.250365547679947
3752,"heggarty2024",-5.84058169498066,-0.0252575902388986,-0.158361033245778,0.004245186668557,0.0930421713786062,-0.0363407544312999
3753,"heggarty2024",-5.82190734808359,0.246694779483238,-0.00135371545009201,0.0168292120272091,-0.03420759995286,-0.0606002028330834
3754,"heggarty2024",-5.86312533053568,0.267857052422306,0.0521719706612917,0.0488368538121804,0.00510880530753909,-0.10251865769145
3755,"heggarty2024",-5.84989948459988,0.14991433211974,-0.119555226728344,-0.0787175972148142,-0.0621488005982976,-0.0384612070712481
3756,"heggarty2024",-5.84176675126589,0.118157607819155,-0.118126417466842,0.0941186773895303,-0.157267494144837,-0.152432732390343
3757,"heggarty2024",-5.91760730571557,0.16451310705621,0.102035522933773,0.036831635727752,0.0551403317440772,-0.235776444953348
3758,"heggarty2024",-5.70005017273991,0.449214240453243,0.181270392286925,0.0157175143118058,0.0215613059238441,-0.111743440721382
3759,"heggarty2024",-5.84610539136951,-0.035880890977901,-0.093368606486604,0.0659512881387629,-0.128385172666848,-0.170808285955367
3760,"heggarty2024",-5.91094388453999,0.0516836457575219,-0.160452294285943,0.0129431679247726,-0.0919286291889144,-0.193714715291932
3761,"heggarty2024",-5.9232234460389,0.0221906774753372,-0.259525054301051,-0.15861673922848,0.011232859215047,-0.114970472953591
3762,"heggarty2024",-5.66520330871432,0.0599982083967813,-0.136745143640072,-0.0645088412979842,0.00513834460906149,-0.0659419970081947
3763,"heggarty2024",-5.93041911775361,0.0652989105640531,-0.0625951384331168,0.1362449349666,0.0359414129990168,-0.0786542738383898
3764,"heggarty2024",-5.68857351662322,0.308969334732673,-0.0145914066600798,-0.149361246319422,0.000542255519485287,-0.15633391219204
3765,"heggarty2024",-5.87617655238449,-0.00520894900130346,-0.116278756514154,0.0244669981415044,0.108104330918582,-0.0584665644548905
3766,"heggarty2024",-5.54876281751755,0.0804376378815119,0.0606564284131983,0.0726667482866224,0.241344155522555,-0.085634412863594
3767,"heggarty2024",-5.82564338853057,0.0933165268184036,-0.0237758758794252,0.0361426430455301,0.119700563745044,-0.0769360196991859
3768,"heggarty2024",-5.8534463004145,0.153161727689868,-0.0386198959811093,-0.0965853843344956,-0.0605523219077463,-0.169781858829093
3769,"heggarty2024",-5.78011309060124,0.064237861984671,0.00558627336677651,-0.0783312668357631,-0.0381042620735312,-0.0309498800424175
3770,"heggarty2024",-5.87289461544419,0.228378507692243,-0.0131792825245315,0.0443276356119208,-0.195752626966094,-0.117970762994977
3771,"heggarty2024",-6.00199635953273,0.0919308605392775,0.0339281429188964,0.0508777941644325,-0.00831946051941672,0.163571497593761
3772,"heggarty2024",-5.77934663155065,0.279298278393874,-0.0185691910070686,-0.0805079290224389,-0.0448557282508161,-0.147461849564776
3773,"heggarty2024",-5.90275291758516,0.0241111389858201,-0.139643394102047,-0.119083810442598,-0.0759338513874954,-0.104662799538959
3774,"heggarty2024",-5.88172772413533,0.0764203379067394,-0.00853638703303523,-0.1247461057284,0.0825890704088563,-0.100354692731622
3775,"heggarty2024",-5.84106141248886,0.148079983341725,-0.0425937054869471,-0.132505075389811,0.108205903684582,-0.25618560982885
3776,"heggarty2024",-5.79434425345275,0.119142164890664,-0.0339962572443975,0.034232734768182,-0.106940664770484,-0.061445736216915
3777,"heggarty2024",-5.7401146939559,-0.138661747091298,-0.304186157438273,-0.147205167579903,-0.0697886718450221,-0.274992472191659
3778,"heggarty2024",-5.8343459660911,0.298614469643591,-0.192208604897197,-0.102459154555974,0.0236566510423941,-0.295829560154302
3779,"heggarty2024",-6.00353741195217,0.181944742068052,0.0773120215039289,-0.152190006416605,-0.0366488148094194,-0.0588609040086582
3780,"heggarty2024",-5.87778487478348,0.0215702055394802,-0.188239832532252,-0.0828600380374927,-0.0201044272339855,-0.13350300456177
3781,"heggarty2024",-5.78285758275583,0.0703252736729021,-0.197405462943923,0.0460094489148242,-0.14544163783312,-0.104616652268865
3782,"heggarty2024",-5.39614844611938,0.150617773456558,-0.507847522836036,-0.115259431128598,0.0387225938959932,-0.316235462917386
3783,"heggarty2024",-5.79547109630983,-0.0446889122469762,-0.115584469406861,0.0417894137069048,0.168084010311197,-0.00376354710895438
3784,"heggarty2024",-5.71272962073422,0.0935804894236584,-0.0296805924648019,-0.130923069067255,-0.0247676995144476,-0.201168456973204
3785,"heggarty2024",-6.02610906410731,0.0022701543832573,-0.030462088320055,0.146286784430825,0.10574240368157,0.0220467491389111
3786,"heggarty2024",-5.73038744569791,0.235673024467372,0.0642018142151762,-0.0240203670493692,-0.038439047521664,-0.207506258579365
3787,"heggarty2024",-5.70374605008546,0.0493926994110967,-0.114424388038954,-0.02483607563234,-0.0409686931420269,-0.0784968498117508
3788,"heggarty2024",-5.80849649458889,0.0802612893031723,-0.127663893159808,-0.0730573197978936,-0.111076476591951,-0.168581084416397
3789,"heggarty2024",-5.94286516044675,-0.0541157549156239,0.124595278799725,-0.0372287845418891,0.0733452640574226,0.000558745375389478
3790,"heggarty2024",-5.91725356309377,0.0626407685537141,-0.192995994400726,-0.127557869953658,-0.00275531699494782,-0.092543343198943
3791,"heggarty2024",-5.8416527789973,0.160989989202491,-0.176197899784855,0.031552628535564,-0.0672554626802924,-0.0606823091476871
3792,"heggarty2024",-5.69534052761061,0.180547447638976,0.0141134184128917,-0.0384722679359691,-0.0394911384919937,-0.0892188242736114
3793,"heggarty2024",-5.87686549953667,0.060141015086921,-0.0724571349225246,0.0973426460002615,-0.0416634858887134,-0.0721922138081463
3794,"heggarty2024",-5.8131600399149,0.058215061298475,-0.244753691099511,0.0361565899215508,-0.0490115842987552,-0.110619868755421
3795,"heggarty2024",-5.77738647345772,0.0272128990511245,-0.12202842412868,-0.00367052068130591,-0.00812993826827094,-0.0927618213365168
3796,"heggarty2024",-5.48932819179266,-0.259216819146841,-0.0296686022344905,-0.026626089683015,-0.0666220388694553,-0.344031790598861
3797,"heggarty2024",-5.76198153602415,0.151009393825683,0.0329064974843608,-0.0804158098506386,0.0113111970143937,-0.124904729204659
3798,"heggarty2024",-5.84541735666917,0.0480008070675737,0.15114747130497,0.0171688894528793,-0.0240276782765999,-0.0406796440722498
3799,"heggarty2024",-5.82598636991447,0.00442586314568676,0.0930805260323019,-0.00642069282429167,-0.0154747386082658,-0.0121631508645173
3800,"heggarty2024",-5.78044775715707,0.181607433891364,0.0203811989465822,0.0731114138395783,-0.0107709915585893,-0.206377610482498
3801,"heggarty2024",-5.97017649063731,0.0579575758886072,-0.11696391281234,0.004982572990101,0.0649473900404608,-0.121523800211918
3802,"heggarty2024",-5.71402434206082,0.253860363649056,-0.137030381772445,0.0269087008763921,-0.100204611682471,-0.21955146809949
3803,"heggarty2024",-5.87136139425117,0.128452630360849,-0.110772286959595,-0.109420171121467,-0.187351899770507,-0.184564175845899
3804,"heggarty2024",-5.87288016565711,0.259814865094227,-0.0576085026195164,0.0204593873706309,0.0461710188535064,-0.129650589079884
3805,"heggarty2024",-5.8619281665355,0.093042959942986,-0.115717270525134,-0.0344295739665118,0.03907327155608,0.0396522928592123
3806,"heggarty2024",-5.79139588156874,0.188361551600837,0.00169376335607537,-0.020163115912534,-0.0676979007369089,-0.0764158594806433
3807,"heggarty2024",-5.78109668852576,0.0808357846551183,-0.10324267617241,0.100856237537116,-0.0673149392806925,-0.133734798483085
3808,"heggarty2024",-5.9093981429643,0.162734801294027,-0.0233308056096329,-0.0623912089113117,0.0336479636236244,-0.00522279470291299
3809,"heggarty2024",-5.66068244650549,0.232620868298306,-0.104707567497375,-0.0175830580157255,0.0397158863988497,-0.0823951761061523
3810,"heggarty2024",-5.83677129684576,0.307793527263004,0.0316526339195596,-0.0492212408143736,-0.186965459045015,-0.171937872062642
3811,"heggarty2024",-5.79184694231106,0.240089672824776,-0.0844454026546151,0.0340347594268873,-0.087830430249206,-0.183539123301297
3812,"heggarty2024",-5.81570112028907,0.164207667298196,0.00900241275146463,-0.021965987741004,-0.0311917335375161,-0.113190426779183
3813,"heggarty2024",-5.8067221933061,-0.00738120500344735,-0.126963422623934,0.00302433079849657,0.0806112196727023,-0.133103221077925
3814,"heggarty2024",-5.75988018419881,0.00573921529595155,-0.294509623742825,-0.252683832060018,-0.0117882336283667,-0.0895545787536453
3815,"heggarty2024",-5.8730345882043,0.239898038882664,-0.0144347297901417,-0.0870648810642004,-0.0786417983998756,-0.131599011240236
3816,"heggarty2024",-5.69567978558273,0.0989667576522294,-0.0951379630353322,0.0539939734014614,-0.0112859174321269,-0.107892295834949
3817,"heggarty2024",-5.98675520241118,0.12098815327583,-0.0799761294641617,-0.109965814734648,0.0465453947961232,-0.145996930755894
3818,"heggarty2024",-6.27595008316198,0.363807611918544,0.175319687934205,-0.014538069809749,0.00999564612060686,0.0776601262419927
3819,"heggarty2024",-5.77614370518264,0.109096934154098,-0.241923900983291,-0.0854758143522266,-0.159645729252539,-0.307218332207916
3820,"heggarty2024",-5.92431044206508,-0.0013655759349553,0.0501057489011032,0.0221725712944608,0.0404047144956148,-0.0770882065434192
3821,"heggarty2024",-5.89020897876563,0.13557392793124,0.0453323318519639,-0.0306451680760747,-0.0555345300965315,-0.241910729709254
3822,"heggarty2024",-5.81622992020528,0.190666954253934,0.165506542418657,-0.0395952170649027,0.0300455962158226,-0.172497541583461
3823,"heggarty2024",-5.89223278691389,0.0133433854583921,0.146686009994332,0.00298172660162858,0.0550398962948916,0.150194429856751
3824,"heggarty2024",-5.80512866119559,0.00983314595690073,-0.291378018813867,0.0192705969322892,0.00355011967323433,-0.110343929505514
3825,"heggarty2024",-6.0447124488156,-0.124206795626264,-0.177925061093305,0.0866615264340519,0.116742379508064,0.115943546854348
3826,"heggarty2024",-5.86034309381234,0.191798432444808,-0.0148691000171924,0.174881092723292,-0.125453726604241,-0.0476944362646256
3827,"heggarty2024",-6.01940370705236,0.00141454931458841,-0.0864201038943152,-0.0112047734021627,-0.0103198911950681,-0.107515591646053
3828,"heggarty2024",-5.88978429527644,0.0303839654392877,-0.261572356260562,-0.00844218108133921,0.0431376577548925,-0.0808778781448465
3829,"heggarty2024",-5.87600694990094,0.0653994726950858,-0.133012519701728,0.0387409778942225,-0.131324916439049,-0.0987275996740728
3830,"heggarty2024",-5.7298296327117,-0.141410201191239,-0.184568724219917,-0.0808981153272954,0.134051787669907,-0.080906585361098
3831,"heggarty2024",-5.92535483588751,0.169902709168253,0.0892144272190015,0.169834641672521,-0.0683989414950958,-0.154131408900475
3832,"heggarty2024",-5.94859121376803,0.144664875452814,0.00286346725803992,0.215795707324536,-0.0384537121506959,-0.089740277971193
3833,"heggarty2024",-5.88264391690914,0.287574105488775,0.0682291932893528,-0.0270893962281846,0.0360575078404478,-0.0562273210146881
3834,"heggarty2024",-5.65432850801218,0.186053017144481,0.110189775855568,0.0508609065544584,0.000751301335504884,-0.151036601866041
3835,"heggarty2024",-5.81100737312828,0.376854700994054,0.0721539087221975,0.00674318052227907,-0.0759920480010023,-0.145899823718784
3836,"heggarty2024",-5.87404260493912,0.273909216154356,0.036507096244595,0.0530205732036438,-0.122877881037912,-0.12670460003283
3837,"heggarty2024",-5.93055193912866,0.140496078324767,0.0205815232568248,0.0990072541598533,-0.0855696380416456,-0.184223821539516
3838,"heggarty2024",-5.86907159560816,0.0687071444689119,-0.075395517695484,-0.0122703436101007,-0.0509216152173963,-0.0219522225389005
3839,"heggarty2024",-5.94633363436318,0.160696409830156,-0.0539982171368947,-0.132092930508007,-0.0296907814078583,-0.125193519931728
3840,"heggarty2024",-5.80692497117688,0.0829369301721238,-0.124928284734497,-0.0400883378152664,-0.0472232533431631,-0.197494168264353
3841,"heggarty2024",-5.85069223183417,0.207598523017031,-0.000761803973913601,0.012981539979069,-0.0517945883043028,-0.106147133452104
3842,"heggarty2024",-5.73037895954431,0.138764888504029,-0.201696685083274,0.0865166308483837,0.0685194027181159,-0.0894609949398967
3843,"heggarty2024",-5.86406802847528,-0.00750612921538308,-0.0423888506251061,-0.00900271761124355,0.0982410637370523,0.078113237527135
3844,"heggarty2024",-5.77056287652584,-0.000997421935929374,-0.0951626467133161,-0.0464122811376614,0.0932064074731207,-0.0764663552073713
3845,"heggarty2024",-5.946373285101,0.127235828123348,-0.17704724701184,-0.0264089729676603,0.0141393546372881,-0.153863387091448
3846,"heggarty2024",-5.81942030500259,0.230277736052067,0.113290240107504,0.0161346067752196,-0.0377644528077215,-0.0121937170122818
3847,"heggarty2024",-5.79757667281409,0.1388959993574,0.0499722173811181,0.0238558690229954,0.0414885551347556,-0.0221906443596414
3848,"heggarty2024",-5.85538851662725,-0.256393110213009,-0.256814907250774,-0.0444586520270987,0.0301374389191218,-0.094104615577297
3849,"heggarty2024",-5.85361114456179,0.186296880967887,-0.0641795952266628,-0.0697929596729839,-0.0110300068621273,-0.128808803470157
3850,"heggarty2024",-5.89250031867857,0.192468427374533,-0.0733528187934222,0.00134205486051285,-0.0162695567001294,-0.137508087709357
3851,"heggarty2024",-5.87575922683066,0.171137301866515,-0.0465946909320955,-0.00316188136850584,-0.099530543077361,-0.118656629433265
3852,"heggarty2024",-5.82047296991559,0.13975136691636,-0.055330578336465,-0.0249649832423439,-0.00342694353350177,-0.0927011494290933
3853,"heggarty2024",-5.87105004471126,0.170002489706671,-0.0120303026965332,-0.0649390594328085,-0.166540702817594,-0.0469241982490139
3854,"heggarty2024",-5.84961146524166,-0.00157704678659982,0.121171916915976,0.0903955876153635,-0.00375990814650075,-0.0683040081639949
3855,"heggarty2024",-5.93233533109707,0.188424340927224,-0.13533549356521,-0.116567301491544,0.121536747696095,-0.157372711879083
3856,"heggarty2024",-5.99129827976983,-0.134896272943181,-0.130175602769794,-0.0263072551514092,0.210440003628683,0.0749172582320492
3857,"heggarty2024",-5.86678054547202,0.336107166816201,0.00611142820808557,-0.0264119549059934,-0.0483762728097225,-0.0501744094989587
3858,"heggarty2024",-5.80624295968729,0.206958792268189,-0.0114300243562859,0.112060078955742,0.0184597577749327,-0.0619152624696722
3859,"heggarty2024",-5.89413816950646,0.107182070371436,0.0210858895620093,-0.00414268568958146,-0.0849537999310076,-0.0454509052344884
3860,"heggarty2024",-5.89002317860552,0.0855928447097727,-0.182360410219238,-0.077866595821198,-0.0608989966289635,-0.0742632090787374
3861,"heggarty2024",-5.71731748137564,0.149993985269848,-0.14113878148889,-0.0632619991581304,-0.136863332312066,-0.222478114758836
3862,"heggarty2024",-5.83577608374885,0.145080073119019,-0.0493831161210482,0.0174225314785483,0.0396656551779823,-0.0391272932975471
3863,"heggarty2024",-5.94220377159737,0.167638286255145,0.0129593473377315,0.0664069948452048,-0.125873588111815,-0.0900736518065997
3864,"heggarty2024",-5.81579596247253,0.254918997253784,-0.00102361237820283,0.134530839435388,-0.0556019268466955,-0.13152770417769
3865,"heggarty2024",-5.83173454502935,-0.0315244771174992,-0.0644205861767123,0.0676664390127707,0.0887213704591346,-0.0875561623397551
3866,"heggarty2024",-5.86882063908498,0.120147450341869,-0.179822644939851,-0.105443688935176,-0.0426327987081109,-0.230294750665773
3867,"heggarty2024",-5.69843529988225,0.13164831970076,-0.247770599074989,-0.0633802269587924,-0.128150897228551,-0.199863396715346
3868,"heggarty2024",-5.84656941420529,0.245982920564018,-0.0400989092161931,0.0480431066815325,-0.112747805898457,-0.14415118141765
3869,"heggarty2024",-5.69690644555449,0.206113408502628,0.0982675731687999,-0.187779159115102,0.0151916879454797,-0.304422811930876
3870,"heggarty2024",-5.76316945946206,0.0446419583825246,-0.0079131665681105,0.0935578799421828,0.0623373637090098,0.0355532099527617
3871,"heggarty2024",-5.94915946017774,0.269399526067131,0.0836635340861275,0.0406520598561629,-0.0609725555924274,-0.260403636554518
3872,"heggarty2024",-5.70958963708268,0.0944036823242727,-0.0886651444049286,0.0109067540301164,0.105445781175141,-0.0695692072125927
3873,"heggarty2024",-5.76672524062275,0.0738750014868702,-0.0745053701951046,0.0269224742034672,0.0378816490173776,-0.0643967714992018
3874,"heggarty2024",-5.8879986581971,0.113927356440312,-0.00150646815493531,-0.0643909093134895,0.106942627514619,-0.12353163496797
3875,"heggarty2024",-5.91766427661878,0.107433132804068,-0.160736000560803,-0.106919711861377,0.017326766353331,-0.0970144134538355
3876,"heggarty2024",-5.90196722809153,0.212814596368303,-0.240801469892765,-0.0373961968876928,-0.0946116611014728,-0.201230321890869
3877,"heggarty2024",-5.99990701673204,0.197643610712321,0.20470582325006,-0.0634830026355104,-0.0284864609721616,-0.0778613979707261
3878,"heggarty2024",-5.82748684734657,0.0107486639515788,-0.198855303078937,-0.0456871247250811,-0.010406628348682,-0.195380203440288
3879,"heggarty2024",-5.94173173803995,0.124932782818773,-0.180936983479352,-0.118705857557214,0.00287387671315605,-0.0222360256900515
3880,"heggarty2024",-5.85560766628066,0.0273767130783829,-0.107585070004338,0.077691580538127,0.00385608575219766,-0.0583554289351853
3881,"heggarty2024",-5.82765170289236,0.0181895469285642,-0.142601302745231,-0.15477506990016,0.0171991956024565,-0.182834374246136
3882,"heggarty2024",-5.79561593260037,0.0425610832016836,-0.0870072645708145,-0.025421159042102,0.0906250019471864,-0.140112016248409
3883,"heggarty2024",-5.86985809004801,0.189773909423369,0.0905186625642598,-0.0624738570740044,0.0287229718426279,-0.115198187260493
3884,"heggarty2024",-5.73290224418114,0.262418553582086,0.0639826715227651,-0.074134196328409,-0.0188897907990692,-0.0944008786586833
3885,"heggarty2024",-5.84931580706639,0.0813233726952101,-0.0383413693107914,0.0813594531590948,-0.0191837199520083,-0.0902958411942839
3886,"heggarty2024",-5.75441305897967,0.14615119198981,-0.0306051129177818,0.0246724795306205,0.0736062419322536,-0.0442606968637552
3887,"heggarty2024",-5.90141006214729,0.125263064621302,-0.167036173315855,-0.0487610113882616,0.178326295191987,-0.147190486756727
3888,"heggarty2024",-5.86832732906721,0.155547623774817,-0.0800111980447226,-0.0387205426473594,-0.157780705738804,-0.240153924392062
3889,"heggarty2024",-5.79535327864953,0.121970795663268,-0.000851146349118554,-0.0272248695396805,0.0920779978351406,-0.0309485346697915
3890,"heggarty2024",-5.90759887445291,0.106145384520041,-0.221789452369451,-0.0599886886620006,-0.0695737932929453,-0.151234630055726
3891,"heggarty2024",-5.99038734423682,0.0751520366732515,-0.156400551307027,-0.0491238464371789,0.00711487483861975,-0.0275457050619144
3892,"heggarty2024",-5.84290015408992,0.273235408723112,-0.155883618037872,-0.108578085408421,-0.152757399552391,-0.277214549693689
3893,"heggarty2024",-5.91541663541257,0.141013777912479,0.060560889486897,0.0337434211917198,-0.0607264416937699,-0.191929924154754
3894,"heggarty2024",-5.84164940973616,0.0381349527544721,-0.263143857614878,0.0233207211892981,0.0830893526864319,-0.10221928101823
3895,"heggarty2024",-5.83986358518333,0.109985380623962,-0.061371759466102,-0.034370352750508,0.114457737539041,-0.0380264701338749
3896,"heggarty2024",-5.78215108669683,0.0723430222054145,-0.194673217134068,0.008877017243603,0.0355753120367853,-0.0348136852163332
3897,"heggarty2024",-5.78581542223531,0.0968963724711464,-0.0686645645244196,0.0614495523286126,-0.0620707402602406,-0.122728516371283
3898,"heggarty2024",-5.91845198910484,0.385967545894787,-0.184478614747244,-0.00471329270046394,-0.0789309099440797,-0.228668887324824
3899,"heggarty2024",-5.92477665581579,0.141219981430469,-0.129489763552397,0.047414730966822,-0.14208412762452,-0.098378227776836
3900,"heggarty2024",-5.77893262548129,0.00354699244613574,-0.0626932957307223,-0.00227399125172531,-0.0172026385611979,-0.0137039499020946
3901,"heggarty2024",-5.93615215044679,0.312954145977255,0.0215991872502778,-0.049989342943419,0.00252235289857241,-0.0134614119108766
3902,"heggarty2024",-5.80965729456889,0.219161077683877,-0.0779601968972735,0.0751407129354168,-0.108026524648242,-0.090944219345359
3903,"heggarty2024",-5.88252644222105,0.147749430144217,-0.103750405720488,0.0530294067372584,-0.0342992643923242,-0.126063725919662
3904,"heggarty2024",-5.9558481691121,0.227828625901672,-0.0146193170730657,-0.0999739266060386,-0.0699478815944462,-0.0179072879464031
3905,"heggarty2024",-5.84215471810947,0.229462331192196,-0.114281249866193,-0.0231384873477089,-0.140216930684577,-0.109614587996671
3906,"heggarty2024",-5.80108230102447,0.0283148076690713,-0.0949562966357015,-0.0748389495526313,-0.0692774512601217,-0.310253663938686
3907,"heggarty2024",-5.86521818526717,0.102904489598601,0.0249710847183864,0.0993867903401777,0.0145865400455462,0.0276540705266076
3908,"heggarty2024",-5.88912159835071,0.0528147605794724,-0.207886504332511,-0.052021642796713,0.00931694723095507,-0.205049324987895
3909,"heggarty2024",-5.80916986770692,0.16866279477936,-0.0362741904147891,-0.00227361598061786,0.11178249303939,-0.125227059435445
3910,"heggarty2024",-5.67278785715467,0.172809130600287,-0.025059100499084,0.0100093186737744,-0.170561373658457,-0.0965908623961256
3911,"heggarty2024",-5.91860278479929,0.335097285010337,0.129633776527186,0.0191410469158617,-0.0794716924688419,-0.177259397291603
3912,"heggarty2024",-5.72452919935151,0.083400151417502,-0.10671846607592,0.0738061853597404,0.0691600573721017,-0.176760369501815
3913,"heggarty2024",-5.92620634190116,0.047165615316582,-0.0513481955223832,-0.0354553630159409,-0.0114087593451909,-0.0389309040223748
3914,"heggarty2024",-5.63857568223837,0.221486536782048,0.205549121047487,0.00743001962285497,-0.251430773596535,0.0756945182820435
3915,"heggarty2024",-5.97767845100089,0.100312045351715,0.0497810367279555,0.065499542426268,0.0184983052039071,-0.159143699012406
3916,"heggarty2024",-5.77288775094648,0.154597764317352,-0.024565904434654,0.0205285099081655,0.0382176999309651,-0.102371823049408
3917,"heggarty2024",-5.79506519346095,0.150337818712148,-0.0306315428924532,0.00456947366582092,-0.118255069419926,-0.172527032598419
3918,"heggarty2024",-5.87323451420034,0.200064651516214,-0.0353737548440335,-0.0646799388161844,-0.0825665089233239,-0.278890279870273
3919,"heggarty2024",-5.83992117035643,0.0800247535847294,-0.135667518223626,-0.0851547504930514,0.0254560792481303,-0.147553141261011
3920,"heggarty2024",-5.7743462634107,0.0397009636099997,0.0279111894607393,0.0163446539089378,-0.0501593021630848,-0.156181097545371
3921,"heggarty2024",-5.87009414792912,0.22018367831714,0.252790506589083,0.0457121132174469,-0.207570311516275,-0.100698208252287
3922,"heggarty2024",-5.80490287713067,0.00797981067838965,-0.152604843762635,0.00915774136988134,-0.0432373866447467,-0.112539079598424
3923,"heggarty2024",-5.95636251333854,0.191249956614581,0.0176890638491251,-0.128506883405529,0.0059639239106638,-0.212599866732681
3924,"heggarty2024",-5.76370599065053,0.372103897856779,0.140239886846392,0.160850001724671,-0.110417725539282,-0.0473912442156887
3925,"heggarty2024",-5.93439607183248,0.0513152624168561,-0.220256663496549,-0.100218533328403,0.066310524407927,-0.158015275754324
3926,"heggarty2024",-5.83336114247368,0.185489603962997,0.0765692118198456,0.0494516200748474,0.0453837303039089,-0.0831447482257473
3927,"heggarty2024",-5.8619394199136,0.0964534102500052,0.00327084586345332,0.0950646420539296,-0.020201143128437,-0.166096094346752
3928,"heggarty2024",-5.78435853754319,0.144884082043319,-0.150638375923597,-0.13489972234685,-0.0452225931640265,-0.183135095616484
3929,"heggarty2024",-5.90238000614869,0.0562122564578904,-0.0674705441986158,-0.133402597630824,-0.140798919365637,-0.119759337645023
3930,"heggarty2024",-5.99703658989443,0.0106437531744602,-0.105107890056662,0.0192492680671666,0.00241056123530955,0.0530237469819571
3931,"heggarty2024",-5.8781707704404,0.10638153038227,-0.0205549962686802,0.0404807236438353,0.0464811122341582,-0.214847355792129
3932,"heggarty2024",-5.84323337739351,0.111437078137245,-0.16277002502596,-0.0452655456042538,-0.0951235252757083,-0.0815257690851675
3933,"heggarty2024",-5.95818000370231,0.0369530200075626,-0.109506973145753,-0.0220279520795724,-0.0582479787277143,-0.0106135222119329
3934,"heggarty2024",-6.05567787945728,0.143689305770943,-0.0709864576294902,0.0420385991417552,-0.0323945471948188,-0.132039786967759
3935,"heggarty2024",-5.94609956243884,0.215903376570227,0.149709138450028,0.0211861707322609,0.019005488024578,-0.132747277629253
3936,"heggarty2024",-5.8702007107522,0.130456921026304,-0.167622283526711,-0.230862456179435,-0.127060864131233,-0.107891333176344
3937,"heggarty2024",-5.80264976523646,0.100304894137793,-0.0508654383874226,-0.00991501721073994,0.0872195050359961,0.0250056714284217
3938,"heggarty2024",-5.8286337806305,0.151745051510083,-0.20549010048762,-0.214134314532922,0.0740658373601279,-0.126896717513005
3939,"heggarty2024",-5.83283996894358,0.130838048228327,-0.0546710606820656,0.0796376313579207,-0.0583100976053827,-0.0801877122143146
3940,"heggarty2024",-5.88684188411501,0.0764309479871804,-0.0735051403482067,-0.0200529127195141,-0.0613277999649483,-0.116280206693319
3941,"heggarty2024",-5.7212340495252,-0.078228206726343,0.0648497102418214,0.090516684138108,0.0685217866785177,-0.162355074579092
3942,"heggarty2024",-5.86022530717797,0.061599363322696,-0.0392569542707636,-0.125408943396669,0.0599988579163389,-0.0672030269655679
3943,"heggarty2024",-5.85095439417367,0.0665483890536561,-0.217566430552584,-0.0926276974782927,-0.0964659705828522,-0.173547375802601
3944,"heggarty2024",-5.84391933679751,0.236019646806552,0.0953744279975804,-0.0624580882357352,0.0693134721085231,-0.0523262317853293
3945,"heggarty2024",-5.66031249146275,0.273339438641421,-0.0295290969432422,-0.131051126875212,0.113746045668283,-0.0904479043326149
3946,"heggarty2024",-5.83308079472061,-0.0538708200456772,-0.211745884528093,-0.0930394295475997,-0.0223638067010469,-0.266873458569601
3947,"heggarty2024",-5.73646713654226,0.229528905829905,0.0370756320701248,0.0805084746839997,-0.117210406905775,-0.16563236361913
3948,"heggarty2024",-5.82536571690301,0.133264222114119,0.0162487885540458,-0.0295025447074318,-0.063601843297836,-0.156506573666898
3949,"heggarty2024",-5.7820925406874,-0.10160537956681,-0.227037516149859,-0.0392729405627988,-0.0530790596752735,-0.211901887247794
3950,"heggarty2024",-5.96779951968739,0.00862390428101578,-0.195973177126522,-0.0470732206486763,-0.0013662884221959,-0.0801544578985814
3951,"heggarty2024",-5.82892550699614,0.272603489460108,-0.0201825533655091,0.00899918424222375,0.0391049679709403,-0.0850763128106325
3952,"heggarty2024",-5.78669367860321,0.174700064873886,-0.201355253464094,-0.0874368832192831,-0.111718753536818,-0.180547993759844
3953,"heggarty2024",-5.8386733977793,0.0768731271576473,-0.0613623353762774,-0.0161114294488824,0.124398281394675,-0.0147318519620959
3954,"heggarty2024",-5.77767447896706,0.04630090345568,0.0866784522179896,0.0503882852784572,-0.0189406830972701,-0.143575432467716
3955,"heggarty2024",-5.89761047189231,0.228224165433705,-0.111326012604573,-0.0128126369278969,-0.0144333722192503,-0.13194050800737
3956,"heggarty2024",-6.01465516181122,0.168324368124911,0.057169646299144,-0.0567028802463646,0.109480312412488,-0.12287067929872
3957,"heggarty2024",-5.70637810149164,0.277168378507735,-0.148445952897964,-0.0397136936858184,-0.00854596778004023,-0.283707541563852
3958,"heggarty2024",-5.99396527747832,0.350285105548606,0.100076836236325,-0.0714669633206784,0.00289938438604752,-0.111705103557168
3959,"heggarty2024",-5.92190781135726,0.025998143300758,-0.115906976795183,0.0220253346214152,-0.110784271022629,-0.00364766755721229
3960,"heggarty2024",-5.87868387582053,0.0548408982383062,-0.0379306087356846,0.129777317269346,0.0180184052920573,-0.0205225042771572
3961,"heggarty2024",-5.76178365532776,0.0894698794337105,-0.208026017535407,-0.135003244474943,-0.104652963483478,-0.111390437388318
3962,"heggarty2024",-5.84317776315335,0.0198640928486417,-0.158278245412786,-0.122985523362886,-0.010779472956036,-0.171800901333547
3963,"heggarty2024",-5.86965069544137,0.152426018220991,0.0159623663387441,0.0363920104138827,-0.0496343381037429,-0.135816556122852
3964,"heggarty2024",-5.7561651501602,0.240117955267453,0.00414359370933658,0.090839537967686,-0.0879925154008329,-0.11239012977878
3965,"heggarty2024",-5.89139911026465,-0.00296046973948834,-0.0874641748033772,-0.00971214186984821,-0.0132350948388368,-0.0442846524687299
3966,"heggarty2024",-5.88430465822663,0.164100845316295,-0.0651917739912033,-0.0746940899906821,-0.124006527596864,-0.153747814911156
3967,"heggarty2024",-5.88848917620944,0.0400006897948155,-0.212028238484286,0.0349919023346899,0.0278880545135665,-0.142042562647737
3968,"heggarty2024",-5.81727922297992,0.104192307185911,-0.147764305411788,-0.0809354658163979,-0.0666406356276186,-0.165359923938757
3969,"heggarty2024",-5.84482123127558,0.248400285695595,-0.0539169221855105,-0.177999432642667,0.0909986350364808,-0.134663284507078
3970,"heggarty2024",-5.88506665433167,0.0736263402337346,-0.130879321107276,-0.0750967227582838,-0.0547818576931072,-0.221266866307284
3971,"heggarty2024",-5.54205039220347,0.0630766629349958,0.125999805084412,-0.0360502847342104,0.118807031161149,-0.223064801244384
3972,"heggarty2024",-5.82770533907394,0.161384942064186,0.0643536577653887,-0.108358696256326,0.118348166200286,0.080798288382032
3973,"heggarty2024",-5.80212894261474,0.38764348633041,0.139423627937726,-0.224339097017812,0.0344357385607738,-0.17336332698527
3974,"heggarty2024",-5.88562132338895,0.0289380251243245,-0.149485927961154,-0.170546193931914,0.0535497653813499,-0.100229267139805
3975,"heggarty2024",-5.88391254358383,0.161533300639077,0.0398952099833061,0.112686083087587,0.106482478488614,-0.0701818880806936
3976,"heggarty2024",-5.81162710642491,-0.0837485912132342,-0.202064988879604,0.0355757496470166,-0.012585557443114,0.0125772761762998
3977,"heggarty2024",-5.75050199300162,0.315707097226601,0.0969621147256866,-0.0670208343849579,0.0689633660007199,-0.11548195452729
3978,"heggarty2024",-5.90089950987789,0.00324138442062538,-0.0794933438520057,-0.0522724505202188,-0.0293638316960672,-0.079684932623656
3979,"heggarty2024",-5.76942198229231,0.0629868881658853,-0.171205729330539,-0.0565407776070727,-0.0569876472526132,-0.0301342721568722
3980,"heggarty2024",-5.78831320830427,-0.0283040283872925,-0.0520614343688694,0.00632628561589885,0.0239051049273459,-0.0413141976016613
3981,"heggarty2024",-5.8670342369696,0.284291019470729,-0.0986487145745072,0.0253231492232929,-0.0959714399048247,-0.0779798415016436
3982,"heggarty2024",-5.83241311044088,-0.0558179927019936,-0.202678140928119,-0.0173754742504442,-0.0793593417649657,-0.314858860936961
3983,"heggarty2024",-5.88085506600645,-0.0346873627096634,-0.232813384274819,-0.103893611952796,0.0648318486938869,-0.158982418899981
3984,"heggarty2024",-5.90495356423224,0.287530823335452,-0.0243158744669477,0.0166481834889379,-0.084871524268216,-0.134629532353595
3985,"heggarty2024",-5.84647938073492,0.0231532897630802,-0.156864089680804,-0.0327316481731506,-0.158018906017877,-0.133023408513097
3986,"heggarty2024",-5.91761639276419,0.0106399011210964,-0.0759930135357495,-0.136680656370749,0.0670939597253116,0.0102833770167353
3987,"heggarty2024",-5.96785310725343,0.246179739552915,0.0662573901607167,-0.166132049280623,-0.0951054717021027,-0.0592087968268578
3988,"heggarty2024",-5.87543772314815,0.192038989907298,-0.0512284694593439,0.119093146446599,-0.0301333089426775,0.021603221167159
3989,"heggarty2024",-6.01670844499501,0.175462345652801,-0.0708531204733835,-0.0487640225546011,-0.0125762026545298,-0.105297955722119
3990,"heggarty2024",-6.07576011589055,0.225962329158417,0.0667534710291625,-0.0222220590089069,-0.0599494412231672,-0.0598135058019724
3991,"heggarty2024",-5.98242194079738,0.0850642216917018,-0.0558962479663317,-0.0945146294476117,-0.0255615517156839,-0.120500107368207
3992,"heggarty2024",-5.72659234694922,0.121996606757893,0.120589352789424,0.055990001289913,0.0581422933222144,-0.217713810228539
3993,"heggarty2024",-5.67002392305434,0.0131622070204796,-0.141975883819475,-0.0825643627419888,-0.0657537319908896,-0.133484385109464
3994,"heggarty2024",-5.86489175099792,0.124216049886606,-0.166773785725137,-0.0397416244857686,0.0653859401439587,-0.15706957179114
3995,"heggarty2024",-6.08080515113869,-0.223076367438401,-0.308339905209056,0.00309363978953957,0.128557386646238,-0.0420347427714669
3996,"heggarty2024",-5.90393941162174,0.115888645416428,-0.110318895772588,-0.114645944289452,-0.0490545037604004,-0.173828880091257
3997,"heggarty2024",-5.94970851967971,0.152669968967707,-0.0197724092239123,-0.00431762110096831,0.0762391506759941,-0.0984078226547082
3998,"heggarty2024",-5.81651571818675,0.115953372446408,-0.0115065506303817,0.00618076163555757,-0.0866175546343657,-0.165560543908754
3999,"heggarty2024",-5.77028523016133,0.194854344224898,-0.0821219400520949,-0.0277725360525501,-0.142781906269955,-0.112652522949842
4000,"heggarty2024",-5.94369382036816,0.10740151104286,-0.0842785773448846,-0.0654912484419563,-0.0624699854208938,-0.0688087901751739
