"sample_id","tree","Intercept","log_n_speakers_norm","n_segments_norm","delta_norm"
1,"long_v3_CCD0.0.25",1.91517336988251,0.023615409625421,0.103799031440859,-0.0978983697779812
2,"long_v3_CCD0.0.25",1.89386952766481,0.0626513216885999,0.0594931412584383,-0.0749462140527722
3,"long_v3_CCD0.0.25",1.9419876150421,-0.0237616182547241,0.0578173128979216,-0.0630118914150523
4,"long_v3_CCD0.0.25",1.85883806372277,-0.0121420006263079,0.0198658310506705,-0.0433312083085477
5,"long_v3_CCD0.0.25",1.94053175263093,0.0191256368828108,0.0146893989917639,-0.108264714262773
6,"long_v3_CCD0.0.25",1.73899228527316,-0.0138216694739992,-0.0113265909936209,-0.101758458756766
7,"long_v3_CCD0.0.25",1.8446008489544,-0.0172531001296123,-0.0143308054754739,-0.0954806730461518
8,"long_v3_CCD0.0.25",1.79213397354788,0.00911284327528234,-0.0243225479102418,-0.0477497150900428
9,"long_v3_CCD0.0.25",1.87580415079493,0.0237514472476742,0.0308762912776489,-0.0485164107389301
10,"long_v3_CCD0.0.25",2.09524237286987,0.0305232457475571,0.0333326314653573,-0.0298180172028461
11,"long_v3_CCD0.0.25",1.75464409752994,0.0501077403367275,0.0177859260907432,-0.0941069139159243
12,"long_v3_CCD0.0.25",2.31625998471164,0.0739509153241567,0.0749255531069857,-0.0910632178441754
13,"long_v3_CCD0.0.25",1.84323503443175,-0.0110057109200694,0.00858964155783595,-0.0619927477980971
14,"long_v3_CCD0.0.25",1.66739699254071,-0.00735450751820971,0.0139734715047988,-0.057174694065836
15,"long_v3_CCD0.0.25",2.00500064124156,0.0460009726092027,0.0624179927621568,-0.122325157761622
16,"long_v3_CCD0.0.25",2.02822948255778,0.00575913772848828,0.046753519907191,0.036000721042553
17,"long_v3_CCD0.0.25",1.88515822989001,0.0516123021816906,0.11098750167855,-0.035908365935269
18,"long_v3_CCD0.0.25",1.82598415271567,-0.0190592285589988,0.0133140297620119,-0.0965021608028353
19,"long_v3_CCD0.0.25",2.12844938183002,0.0403710284520128,-0.00405900792927202,-0.130007409860679
20,"long_v3_CCD0.0.25",2.10740344269428,-0.00487014816738522,0.0623955063450048,-0.0770272515181225
21,"long_v3_CCD0.0.25",1.70676830972784,0.015969648819912,0.00745540290385896,-0.0762599453615371
22,"long_v3_CCD0.0.25",1.6613355143104,0.000582903821871106,0.00272981208953491,-0.0428089203983191
23,"long_v3_CCD0.0.25",2.00883024003154,-0.0449001305152077,-0.0321303009487519,-0.076914819294156
24,"long_v3_CCD0.0.25",1.61337304921887,-0.0304391423625827,0.0177672315255376,-0.0488017655010181
25,"long_v3_CCD0.0.25",1.92270295005125,0.00369217549084247,0.0087527542417092,-0.0129038360744323
26,"long_v3_CCD0.0.25",2.19008654691569,0.0661608575206835,0.0716014884391969,-0.115019743255155
27,"long_v3_CCD0.0.25",1.70767629103694,-0.0298641149667113,0.0487809355480569,-0.0320283427742584
28,"long_v3_CCD0.0.25",2.04800245749707,-0.023144971892553,0.0133506511554916,-0.0480735040174534
29,"long_v3_CCD0.0.25",1.78211481053008,-0.00933386007355069,0.0510014292298758,-0.136167983152959
30,"long_v3_CCD0.0.25",1.78873096096732,-0.0030146795361969,0.0393854368029018,-0.140780917342153
31,"long_v3_CCD0.0.25",1.8489830172154,-0.026886516493825,0.0321085659261505,-0.0559464828343529
32,"long_v3_CCD0.0.25",1.97903067055138,-0.035234132598817,0.0327300802346745,-0.0306266089356305
33,"long_v3_CCD0.0.25",1.87182208929539,0.0337670236018214,-0.0542749805587328,-0.0940271569263287
34,"long_v3_CCD0.0.25",2.0194676872099,-0.00203377773756695,0.0597014496348112,-0.0949416218833869
35,"long_v3_CCD0.0.25",1.69660865734114,0.00489608516922288,0.017018791240687,-0.0107414804229602
36,"long_v3_CCD0.0.25",1.75723301918516,0.0278467043060614,0.0719376557370026,-0.130117912094635
37,"long_v3_CCD0.0.25",2.22555626353431,0.0700083414542114,0.0450160876700305,-0.101391335832558
38,"long_v3_CCD0.0.25",1.92482300515612,0.0251292775160392,-0.0629432350995182,-0.148728924138856
39,"long_v3_CCD0.0.25",1.73017861706585,0.0160700223406669,0.0792146910869363,-0.0796206460216675
40,"long_v3_CCD0.0.25",1.89334867010859,-0.00567066217044567,0.0212464032672506,-0.0527759894387827
41,"long_v3_CCD0.0.25",1.9843732889629,0.00879863247696151,0.00800806806305774,-0.136204138773195
42,"long_v3_CCD0.0.25",1.80208514331169,0.026954547708259,0.0330031169485131,-0.0784135957199839
43,"long_v3_CCD0.0.25",1.73788527412911,-0.0473739041461642,0.033351093397418,-0.0416136275441083
44,"long_v3_CCD0.0.25",1.93083408236526,0.051749760134921,0.0329731588651628,-0.117214652844363
45,"long_v3_CCD0.0.25",1.6769497167077,0.017199941473851,0.0464598852530618,0.000652370180905403
46,"long_v3_CCD0.0.25",2.13566350749321,0.019380777635925,-0.0216897272588784,-0.126600549736253
47,"long_v3_CCD0.0.25",1.86407498042893,0.0508467457640098,0.01269226866604,0.00811826048259142
48,"long_v3_CCD0.0.25",1.88039791151641,0.0224842695517902,0.0562638645516491,-0.0810228704304414
49,"long_v3_CCD0.0.25",2.0186788590481,-0.0326410544178056,0.0288050996506812,-0.0734310198569437
50,"long_v3_CCD0.0.25",1.83427870281687,0.019019837369868,0.00299902638029063,-0.0634869194040366
51,"long_v3_CCD0.0.25",2.06618218921266,-0.00299803240663038,0.0461545346603115,-0.155505172571049
52,"long_v3_CCD0.0.25",1.84551611704649,0.0297766713428071,0.102207598615173,-0.0508734048520181
53,"long_v3_CCD0.0.25",1.73192487549992,0.0294355226962525,0.0477924290592555,-0.0592563553834578
54,"long_v3_CCD0.0.25",1.98044832760114,0.0671448156600684,0.05251871809292,-0.12828207671154
55,"long_v3_CCD0.0.25",1.76813560474223,0.0191020604816225,0.0794633048482826,-0.0225284263854598
56,"long_v3_CCD0.0.25",1.79295281865222,0.000653246109884689,0.0525220659766525,0.00171665378372347
57,"long_v3_CCD0.0.25",1.71500074882049,-0.028912629571219,0.0538648946864964,-0.0017926888892811
58,"long_v3_CCD0.0.25",2.06099535324242,0.0370574176282532,0.00922239595116051,-0.179332704538677
59,"long_v3_CCD0.0.25",1.75602698501386,0.024591760640011,0.0433427864099772,-0.105617743964729
60,"long_v3_CCD0.0.25",1.7061556498438,-0.00707744007501682,0.0696403143770745,0.0243263925470021
61,"long_v3_CCD0.0.25",1.92665447713435,-0.0169927803301466,0.030219710573985,-0.0454940163454313
62,"long_v3_CCD0.0.25",1.48677141165977,0.0116729011728338,0.115112938753286,-0.0668309861000894
63,"long_v3_CCD0.0.25",1.95299102856914,0.0601483343662168,-0.0294687641506719,-0.142483597919402
64,"long_v3_CCD0.0.25",1.4342218602144,-0.069519560590769,0.0112694875003958,-0.111496153433804
65,"long_v3_CCD0.0.25",1.94800718395175,0.0681499595549699,0.0734842827268351,-0.136844150799653
66,"long_v3_CCD0.0.25",1.94026840349912,0.0264545202095401,-0.0199535956780798,-0.164690476125246
67,"long_v3_CCD0.0.25",2.1235164097689,0.0237829855938614,0.0156546117330595,-0.178143380561036
68,"long_v3_CCD0.0.25",2.10654342546906,-0.0106854036903901,0.0436755329757223,-0.162835268912275
69,"long_v3_CCD0.0.25",1.62672822014836,0.042697798024499,0.00801810316934846,-0.0115624926476044
70,"long_v3_CCD0.0.25",1.98215088766674,0.0244837897569673,0.0571080749275911,-0.165124496069899
71,"long_v3_CCD0.0.25",1.90707597545769,0.00153859375964484,0.0715214839178425,-0.101400532010832
72,"long_v3_CCD0.0.25",1.95691430777073,0.0264952557712372,-0.02999244254997,-0.0468263510564131
73,"long_v3_CCD0.0.25",1.69211446193655,0.0426128174394015,0.0628313384837972,-0.0625492078876742
74,"long_v3_CCD0.0.25",1.98648138139074,0.0817094955208336,-0.0361578525246606,-0.104372937928091
75,"long_v3_CCD0.0.25",2.00279637059944,0.000630128701981819,-0.00412820238642525,-0.000707003034635074
76,"long_v3_CCD0.0.25",1.89735175605375,0.0540044296247024,0.111787836382117,-0.160722222584106
77,"long_v3_CCD0.0.25",1.89841337625472,-0.00286350122645173,0.00350720376456019,-0.0353591957868231
78,"long_v3_CCD0.0.25",2.02325794785582,-0.0331316982742388,0.0411955403881554,-0.0600487203737657
79,"long_v3_CCD0.0.25",2.05140978495009,0.0820765919379425,0.00425056420560466,-0.128302781054337
80,"long_v3_CCD0.0.25",2.0934260897029,0.0226207875521869,0.0697079601606311,-0.0962470681772821
81,"long_v3_CCD0.0.25",2.00275158066548,0.08367395232542,0.073052126210546,-0.0723113042439129
82,"long_v3_CCD0.0.25",2.10536166673985,0.0300923165211725,0.0539021883715526,-0.0695468740225433
83,"long_v3_CCD0.0.25",1.61386512438665,0.0380844880502988,0.0156312234517015,0.004983766949142
84,"long_v3_CCD0.0.25",2.0083118488868,0.0667282980996173,0.0277009862475643,-0.0891208527413086
85,"long_v3_CCD0.0.25",2.0350026272315,0.0119874589735015,0.0332979577037119,-0.0302362372142904
86,"long_v3_CCD0.0.25",1.5921541448829,-0.00587115263669941,0.0364363416797866,-0.0696371996905266
87,"long_v3_CCD0.0.25",2.15809452902625,0.0268194591571093,0.0163995964656733,-0.175315750498791
88,"long_v3_CCD0.0.25",2.13744040669806,0.0424034654625179,-0.00163290179809784,-0.111036707019497
89,"long_v3_CCD0.0.25",2.08037027232926,0.036139484668679,0.0149149052811532,-0.0869497261737396
90,"long_v3_CCD0.0.25",1.92891213046557,0.0153709116847464,0.0388517758536596,-0.0444998461104359
91,"long_v3_CCD0.0.25",1.60111743641075,-0.0132163733232981,-0.00352459963457515,-0.0700086512609147
92,"long_v3_CCD0.0.25",1.97295037049192,-0.0108395383712502,-0.0214192492065481,-0.0989929251803693
93,"long_v3_CCD0.0.25",2.11489267606344,-0.0216456640906911,0.0339245131312442,-0.0267980864283529
94,"long_v3_CCD0.0.25",1.86173935496353,-0.0408668560933887,-0.0157824329010752,-0.089772865523224
95,"long_v3_CCD0.0.25",1.77829887891495,0.0489837868484257,0.0431458803617494,-0.085103943924523
96,"long_v3_CCD0.0.25",2.24074869812385,-0.00240405398855128,0.0544131646699362,-0.107602150966407
97,"long_v3_CCD0.0.25",1.8336135342712,-0.0684240216884892,0.0871820054025956,-0.0878589903257706
98,"long_v3_CCD0.0.25",1.81400279490465,-0.00447842170889744,0.00951659876949456,-0.0924449581559079
99,"long_v3_CCD0.0.25",2.09214989581445,-0.00375707290204333,-0.00690652384784669,-0.144356146202447
100,"long_v3_CCD0.0.25",2.00601174456042,-0.00724835322203047,0.00481873625356191,-0.0487933124711725
101,"long_v3_CCD0.0.25",1.66578573549913,-0.0251650443143792,-0.0459081828726571,-0.0842181879536887
102,"long_v3_CCD0.0.25",2.207494160409,0.0132726259376215,0.0138633718142796,-0.0792306856860113
103,"long_v3_CCD0.0.25",1.73828950250151,0.0124185965479537,-0.0101892568096308,-0.0909501125412992
104,"long_v3_CCD0.0.25",1.95652646594605,-0.0359593634987092,0.067182387598271,-0.04512794629696
105,"long_v3_CCD0.0.25",1.87073114958902,0.021287422997686,0.00492182545584432,-0.0807313725851718
106,"long_v3_CCD0.0.25",1.93601658418185,0.0016506886232248,0.0594193649350511,-0.07556741728579
107,"long_v3_CCD0.0.25",2.10258749360867,0.0761331790571599,0.0433418336390456,-0.146197289188121
108,"long_v3_CCD0.0.25",1.97736407492571,0.00550958651820446,0.072985698707596,-0.0383755935476515
109,"long_v3_CCD0.0.25",1.98099926618884,0.0361903595756812,0.0295101178119576,-0.0281483625773304
110,"long_v3_CCD0.0.25",1.45731309133297,0.0140808231025864,-0.0237059893527253,-0.0590385067239304
111,"long_v3_CCD0.0.25",1.99581558817524,0.103489714339391,-0.0597934217377224,-0.0951748942179444
112,"long_v3_CCD0.0.25",2.14421080909371,0.102489419277235,0.0191352046897408,-0.135990172803918
113,"long_v3_CCD0.0.25",1.83932032955211,-0.000805147017221811,0.0655185415254985,-0.0663642240265345
114,"long_v3_CCD0.0.25",1.70540827924402,0.00730230907824137,0.0944036724749148,-0.0752136565623037
115,"long_v3_CCD0.0.25",1.95896839463284,-0.054725133488851,-0.0170438490056989,-0.0597600540782755
116,"long_v3_CCD0.0.25",1.64704053135551,-0.0131741882028953,0.0127344198759787,-0.0904398509833395
117,"long_v3_CCD0.0.25",2.13169246042764,0.025337379993852,-0.01608155561119,-0.120061600039604
118,"long_v3_CCD0.0.25",1.80739502116904,-0.0767186651165955,0.0415230509165648,-0.0843477740259688
119,"long_v3_CCD0.0.25",1.60113597867016,0.0290562437287916,0.0177565586179924,-0.0415875799882938
120,"long_v3_CCD0.0.25",1.90287300620036,0.00395971222434141,-0.0202713120107348,-0.0965042342056215
121,"long_v3_CCD0.0.25",1.74418959797293,-0.00221508626616023,0.0775476657111944,-0.0598747292099092
122,"long_v3_CCD0.0.25",1.92211607874429,0.0336187362498662,0.0475286782913969,-0.101184533726443
123,"long_v3_CCD0.0.25",1.70197753721786,-0.0157818439492393,0.0131155633739523,-0.143842423296249
124,"long_v3_CCD0.0.25",2.06603015412629,0.0329293865679778,0.10978922607131,-0.1461375513189
125,"long_v3_CCD0.0.25",1.93378742869658,0.0519593979223583,0.0151069568040963,-0.179338259106578
126,"long_v3_CCD0.0.25",2.12480952827405,-0.0269401876159703,0.076732693881803,-0.193845240649726
127,"long_v3_CCD0.0.25",1.82445324687196,-0.0168602184097886,0.0359613627920985,-0.0597505007957599
128,"long_v3_CCD0.0.25",1.93354096016251,-0.085561517730083,-0.0217096463636564,0.0145607590024248
129,"long_v3_CCD0.0.25",1.77117471123563,-0.0354775741979499,-0.0159135309019102,-0.0850509188347768
130,"long_v3_CCD0.0.25",1.90705630049452,0.0600820566467571,0.0333113665427125,-0.105189737738804
131,"long_v3_CCD0.0.25",1.92220506432836,0.0294154702865532,-0.0145881728799269,-0.119696859583566
132,"long_v3_CCD0.0.25",1.82174954906409,0.0645630386431698,0.0325029387130228,-0.0666854142740696
133,"long_v3_CCD0.0.25",1.84413877679439,0.00550038233205407,0.0321346426425926,-0.0351266179152876
134,"long_v3_CCD0.0.25",2.05031302972914,0.0815196725769411,-0.0094564142264198,-0.121291974392444
135,"long_v3_CCD0.0.25",1.89426783051823,-0.0997046887873114,0.106036367431745,-0.122396849776344
136,"long_v3_CCD0.0.25",1.94087795874373,0.0523581376334501,0.0328833016150058,-0.0836758429099243
137,"long_v3_CCD0.0.25",1.78129840806517,-0.00486806017162433,0.0441172295683169,-0.0504148853214986
138,"long_v3_CCD0.0.25",2.09871920774226,0.0735542671067874,-0.0190014894186188,-0.139286795702757
139,"long_v3_CCD0.0.25",2.16678611314854,0.0459882891662018,-0.043683535535531,0.015439781086659
140,"long_v3_CCD0.0.25",1.62422869956167,0.0266957169768027,0.0876444789579844,-0.0969196702568283
141,"long_v3_CCD0.0.25",1.78333777023581,0.00144356766343984,0.0107959426668057,-0.0433872598537313
142,"long_v3_CCD0.0.25",2.22519869910585,-0.0598270069370657,0.00758283827972572,-0.0705367963627409
143,"long_v3_CCD0.0.25",2.00159255493193,0.0348609968661829,-0.00292951786167647,-0.160325751647081
144,"long_v3_CCD0.0.25",1.93225613578742,-0.0433846382563286,-0.00259555289960075,-0.0777442635502322
145,"long_v3_CCD0.0.25",1.90796734236575,0.0215604152610085,-0.0531950447071135,-0.119663847495744
146,"long_v3_CCD0.0.25",2.12943032644604,0.0201953699811106,0.0467060132834546,-0.0904389915433205
147,"long_v3_CCD0.0.25",1.79669226292972,-0.0116311287388324,-0.0270839168026831,-0.0672495132220657
148,"long_v3_CCD0.0.25",1.4060496231883,0.0116326075892799,0.00849899320939787,-0.0238083320981994
149,"long_v3_CCD0.0.25",2.28491511607869,0.024536106148495,-0.0383092286218315,-0.0800097144580922
150,"long_v3_CCD0.0.25",1.94970427526827,0.0162923364208656,-0.00257285678980426,-0.101022048387435
151,"long_v3_CCD0.0.25",1.9224459180463,-0.0423681065719662,0.0515682620082693,-0.0593133914164484
152,"long_v3_CCD0.0.25",2.16422197642988,0.0714680929545289,0.0938594933918185,-0.0701109090546941
153,"long_v3_CCD0.0.25",1.78001022682432,-0.0356881441818304,0.0211113999528436,-0.112909300643884
154,"long_v3_CCD0.0.25",2.0744506429653,0.0312274752110619,0.0595530316203322,-0.0523216268523836
155,"long_v3_CCD0.0.25",1.65151915722512,0.0409505885678,0.0324920168489862,-0.116332570116544
156,"long_v3_CCD0.0.25",1.88041573214857,0.00368888225009103,0.0199217366340663,-0.0577955596421182
157,"long_v3_CCD0.0.25",2.11739889830311,0.000803206318942792,0.00322092997356449,-0.137626595385924
158,"long_v3_CCD0.0.25",1.92646929821791,0.045414085435041,0.0650307924410812,-0.10894945174699
159,"long_v3_CCD0.0.25",1.97456858724009,0.0376885892442996,0.0145778661805154,-0.0543145296919189
160,"long_v3_CCD0.0.25",1.98925627129697,-0.0170933323767606,-0.0211704114471766,-0.136491348898043
161,"long_v3_CCD0.0.25",2.06899138104951,0.0531591196369041,-0.0137900114704838,-0.0821879306489051
162,"long_v3_CCD0.0.25",2.04842963963795,0.04086342971867,-0.018951740320904,-0.0670148034060958
163,"long_v3_CCD0.0.25",2.00596730237122,-0.0102591271165543,0.0267255997285497,-0.0298016695135849
164,"long_v3_CCD0.0.25",2.06667812706199,-0.0108836438778463,-0.0324455463560196,-0.0593757151410694
165,"long_v3_CCD0.0.25",1.86160625298849,0.0251599719466066,0.0198199732808608,-0.138114376869107
166,"long_v3_CCD0.0.25",1.71920195709701,-0.00498364827942811,0.0177918470701672,-0.0329985797960117
167,"long_v3_CCD0.0.25",1.8049577934635,0.0251277829854918,-0.0743801605485827,0.0124438703568263
168,"long_v3_CCD0.0.25",1.96001924130485,0.000233915702762396,0.0419268430462413,-0.156561959648223
169,"long_v3_CCD0.0.25",1.9158633361718,0.00131050705819685,0.00514699329639383,-0.0612202638861978
170,"long_v3_CCD0.0.25",2.03295638152938,-0.010284817999854,0.021536431923865,-0.0950788953330175
171,"long_v3_CCD0.0.25",2.12112661952482,-0.00372528899926139,0.00671970012755302,-0.0756775210914577
172,"long_v3_CCD0.0.25",1.98585996356029,-0.047363161505095,0.0312627161016165,-0.0231091530757732
173,"long_v3_CCD0.0.25",1.8101509569207,0.00233898363093203,-0.00105019903978148,-0.0784776346931436
174,"long_v3_CCD0.0.25",1.90969937973434,-0.00351939252958061,0.0892066071385973,-0.0563537868335047
175,"long_v3_CCD0.0.25",2.17029447625964,0.0304487946222068,0.0274612368892132,-0.103014138298287
176,"long_v3_CCD0.0.25",1.78576678837242,-0.0458941443798762,-0.00430935200599589,-0.0531997496563217
177,"long_v3_CCD0.0.25",1.95711671864808,-0.00374873329184085,0.0948668745880882,-0.127957202472295
178,"long_v3_CCD0.0.25",2.01721300058445,0.014822831430976,-0.0812083248630225,-0.127078328990758
179,"long_v3_CCD0.0.25",1.93477768064121,0.0786827896511753,0.0505860643139756,-0.0468657135598849
180,"long_v3_CCD0.0.25",1.93264336955047,0.0376339565648008,0.0343954165133194,-0.122552610325638
181,"long_v3_CCD0.0.25",1.83201969007021,0.0489538547707925,0.00756195750743721,-0.132582182624535
182,"long_v3_CCD0.0.25",1.91732366115345,0.0453830554796869,-0.030327490188392,-0.0925376273806165
183,"long_v3_CCD0.0.25",1.93530891430829,-0.00177506315825094,0.0958683525543201,-0.0302369768887024
184,"long_v3_CCD0.0.25",1.41243772079437,0.00419567875244391,0.025935399070838,-0.0325237702836211
185,"long_v3_CCD0.0.25",1.80202534710465,-0.0313559412991393,-0.00101268624945173,-0.098988535392786
186,"long_v3_CCD0.0.25",1.73034019458328,-0.0304866416498805,-0.00743361812159559,-0.116499294644431
187,"long_v3_CCD0.0.25",1.8223157460152,0.00446792077930949,0.0707106296254917,-0.110135589427835
188,"long_v3_CCD0.0.25",1.78061955656116,-0.00989733091898078,-0.0324791652797369,-0.110889762197073
189,"long_v3_CCD0.0.25",1.82801850281289,-0.00959306158107841,0.0764208237954788,-0.0774519614903348
190,"long_v3_CCD0.0.25",1.91665944349498,-0.0107067546981716,-0.00325292941246857,-0.105270573895048
191,"long_v3_CCD0.0.25",2.8381859557218,0.0773312142133216,0.049794165276405,-0.0814981107586134
192,"long_v3_CCD0.0.25",2.03500668580935,0.044052596701589,-0.0386679209844215,-0.14769473136512
193,"long_v3_CCD0.0.25",1.34792609531172,-0.0279273885898054,0.0302396894293442,-0.0568633425766949
194,"long_v3_CCD0.0.25",2.09742081809253,-0.0304028737430094,-0.00344166396709273,-0.0561512617848383
195,"long_v3_CCD0.0.25",1.60718336687908,0.051381615881897,0.0262225924739752,-0.0544626391378236
196,"long_v3_CCD0.0.25",2.02007540753782,0.0648099760764652,0.00165608976831225,-0.0636131204675974
197,"long_v3_CCD0.0.25",1.83934507029564,0.0188669891879109,0.0515214413611108,-0.0616817999274807
198,"long_v3_CCD0.0.25",1.88533844896785,0.00535376155246169,0.0649504983630379,0.101319857079199
199,"long_v3_CCD0.0.25",2.08182976999705,0.00660435580175462,0.0529404307980742,-0.0566434176812092
200,"long_v3_CCD0.0.25",1.81611967902354,-0.0107345445214823,-0.0122147439692897,-0.11464505616502
201,"long_v3_CCD0.0.25",1.95080750375008,-0.0154711950452154,0.0372236912127811,-0.146769071726758
202,"long_v3_CCD0.0.25",0.621513517312848,0.0139422985289645,0.0186233503579477,-0.105576746897803
203,"long_v3_CCD0.0.25",2.3423940703812,0.0605137808982893,0.0125587816880096,-0.123592583179415
204,"long_v3_CCD0.0.25",2.03739073966579,0.0732948915910476,0.0249610246606569,-0.139408584432089
205,"long_v3_CCD0.0.25",1.75039197128335,0.0236389861645066,0.0643205187364223,-0.0715240569595079
206,"long_v3_CCD0.0.25",1.64493426646804,0.0407117124972886,0.0564219606293185,-0.11654278650702
207,"long_v3_CCD0.0.25",1.77602602598997,0.0393744312325289,0.0369810261306625,-0.0509278936351814
208,"long_v3_CCD0.0.25",1.84907706372054,-0.039396286091745,0.0531894531860392,-0.0843071350279361
209,"long_v3_CCD0.0.25",2.01640594966613,-0.0123236759957916,0.0601054554134113,-0.0789987421673755
210,"long_v3_CCD0.0.25",2.15513959158674,-0.0218938733940424,0.0087699487417609,-0.0681563424903112
211,"long_v3_CCD0.0.25",1.97443079879251,0.0105044643820139,0.0125642748384789,-0.0763935033346509
212,"long_v3_CCD0.0.25",2.14727296097704,0.00204687342023333,0.0400692068724403,-0.120650137367377
213,"long_v3_CCD0.0.25",2.0176349346678,0.0125780633474516,0.00243909963813531,-0.0759917488849734
214,"long_v3_CCD0.0.25",1.85470977930275,-0.058583189991569,0.0580843719152669,-0.0744389675181335
215,"long_v3_CCD0.0.25",1.78580068446443,-0.0242347321400625,-0.0323139791699873,-0.0650402026048305
216,"long_v3_CCD0.0.25",2.06193527382329,0.0319878270367921,-0.00420198346739649,-0.115006355019986
217,"long_v3_CCD0.0.25",1.8559149450842,-0.0373404844185901,0.057526111747845,-0.0392819866574705
218,"long_v3_CCD0.0.25",1.73852180442303,0.0877770768118527,0.0816987935820181,-0.00224496089026475
219,"long_v3_CCD0.0.25",1.70968587335698,0.0170717521271618,0.0587752349071497,-0.0984300338462643
220,"long_v3_CCD0.0.25",2.00332803281191,0.00427041327540699,0.0109734729030352,-0.161811362208169
221,"long_v3_CCD0.0.25",1.87154828091454,-0.0290400867442472,0.0254025178050022,-0.0583059410674543
222,"long_v3_CCD0.0.25",1.85061536506538,0.0374860875948532,0.0545123925467533,-0.112687387367153
223,"long_v3_CCD0.0.25",2.05452294471179,-0.0492924129233404,0.0611877874824315,-0.112225139706572
224,"long_v3_CCD0.0.25",1.97429656340991,-0.00511663491406922,0.0615338360547117,-0.0894405740390234
225,"long_v3_CCD0.0.25",1.7201364927564,0.0186461148374969,0.0731833466252955,-0.0461054932928573
226,"long_v3_CCD0.0.25",1.74901456404024,0.0596337192978867,0.0122056651487945,-0.123296934748938
227,"long_v3_CCD0.0.25",1.94323872280951,0.0280938412100697,0.025817171578754,-0.0650980499095387
228,"long_v3_CCD0.0.25",1.7521624996159,-0.0147211376679791,0.0675454044039988,-0.0626226687386884
229,"long_v3_CCD0.0.25",1.92658114134428,0.00191953657429147,-0.101565057659002,-0.123906066342417
230,"long_v3_CCD0.0.25",1.68159481875534,0.021122666794282,0.043375485654436,-0.099460802799206
231,"long_v3_CCD0.0.25",2.08604507317821,-0.0659262974419492,-0.00481238688899183,-0.130862690720021
232,"long_v3_CCD0.0.25",1.97868972589707,0.0122992741079538,0.0293569703444115,0.011094279966565
233,"long_v3_CCD0.0.25",1.55084570814346,-0.0516309564386868,0.012622660530506,-0.0665918724005507
234,"long_v3_CCD0.0.25",1.9157706379024,0.00703249878233138,0.0309854689525018,-0.102503912174561
235,"long_v3_CCD0.0.25",2.05890990780269,-0.0117621183440236,-0.00244766305176906,-0.0702752923069617
236,"long_v3_CCD0.0.25",1.88633660776254,0.0285611248003567,0.0305221535112077,-0.13523158442245
237,"long_v3_CCD0.0.25",1.63094629654802,-0.0250765226369464,-0.00911821632032862,-0.0696110537524583
238,"long_v3_CCD0.0.25",1.98767501045609,0.0428632135162995,0.0878676754706455,-0.11283565468534
239,"long_v3_CCD0.0.25",1.49557307743975,-0.0201082580444571,-0.0111977506389896,-0.0600464101623316
240,"long_v3_CCD0.0.25",2.01868852533978,0.0357962370007074,-0.00814641566677998,-0.0779630593639725
241,"long_v3_CCD0.0.25",1.79668765622317,0.0440673514626484,0.0453586350260888,-0.00430955739870252
242,"long_v3_CCD0.0.25",2.2508774146051,0.0560678523078762,0.0198434647096643,-0.117362216691086
243,"long_v3_CCD0.0.25",1.76298017860505,-0.0589519756219802,0.0607139773670808,-0.109824655430127
244,"long_v3_CCD0.0.25",1.7751102363777,-0.0741887582212754,0.0862181018337804,-0.0272259002343447
245,"long_v3_CCD0.0.25",1.75294124796874,-0.0141391400062844,0.0236174887525435,-0.048195023731536
246,"long_v3_CCD0.0.25",2.33870124578197,0.0236468391201093,0.0313308884893674,-0.101539638411386
247,"long_v3_CCD0.0.25",1.95790587909818,0.0766483188868976,0.0150442447891356,-0.151580810381952
248,"long_v3_CCD0.0.25",1.79131320208339,0.0529094452698161,-0.0671806349339051,-0.149298777598439
249,"long_v3_CCD0.0.25",2.32210521260494,-0.0387116583928487,0.0596570674232161,-0.10623127168
250,"long_v3_CCD0.0.25",1.86271632354858,-0.0479156548672529,-0.03684634951799,-0.0935972266330535
251,"long_v3_CCD0.0.25",2.16688013808855,0.0591775635536675,0.0753752152269379,-0.0630205235220224
252,"long_v3_CCD0.0.25",1.96123665580986,-0.00821420841926273,-0.00104371166701566,-0.0628781862121164
253,"long_v3_CCD0.0.25",1.78614727571414,-0.0216313325796947,0.055538565006282,-0.0790918396576164
254,"long_v3_CCD0.0.25",1.8484259699474,0.000815083901350215,-0.00600410207999294,-0.0570657445091146
255,"long_v3_CCD0.0.25",2.38311842427197,0.000820034289490359,0.0319600179194802,-0.122476120519718
256,"long_v3_CCD0.0.25",1.36720624757022,-0.0306930971121425,0.0160790035263059,-0.0925148166050775
257,"long_v3_CCD0.0.25",1.80433979770956,0.0221568800581049,0.0615934822910911,-0.128233502040937
258,"long_v3_CCD0.0.25",1.63186657506278,-0.00410656262224679,0.00479762194893032,0.00738016394337166
259,"long_v3_CCD0.0.25",1.96711946649958,-0.0451131891021639,0.0487539878224387,-0.151813348465119
260,"long_v3_CCD0.0.25",1.85097134842568,0.0109122655684085,0.0394687595441978,-0.105522017132229
261,"long_v3_CCD0.0.25",1.7261193205429,-0.0351706788985084,0.0153396399177297,-0.0209353833098536
262,"long_v3_CCD0.0.25",1.92249042904569,-0.014197438783192,-0.0285509922047068,-0.0716351483455609
263,"long_v3_CCD0.0.25",1.94902947647478,0.0265502925880173,0.00632394105882327,-0.135685681401565
264,"long_v3_CCD0.0.25",1.99677823291041,-0.013130378693365,0.0431528958802367,-0.112879253078525
265,"long_v3_CCD0.0.25",1.4128450788279,-0.0613952964692104,0.0345783250225851,-0.0269007145810706
266,"long_v3_CCD0.0.25",1.94559154368624,-0.043794123220063,0.00697966282517772,-0.0850303846576764
267,"long_v3_CCD0.0.25",2.14225665513618,0.0325156925091897,-0.00857410970493995,-0.112851779588575
268,"long_v3_CCD0.0.25",2.03622529986777,-0.0185126649371279,0.0480569402058648,-0.181536281875199
269,"long_v3_CCD0.0.25",1.98202633038253,-0.0206439971312779,0.0480957982355514,-0.134755878000522
270,"long_v3_CCD0.0.25",1.83561650963138,-0.0224425312619888,0.0129364255357805,-0.04254778605709
271,"long_v3_CCD0.0.25",1.72034560804805,0.037480269232175,0.0413745365550133,-0.0607905715541426
272,"long_v3_CCD0.0.25",1.97976538236247,0.0530330114757203,-0.0111845199026365,-0.0265137188556243
273,"long_v3_CCD0.0.25",2.35862079122612,-0.0272985154742388,0.0240502614941859,-0.081436750314305
274,"long_v3_CCD0.0.25",1.84602116635593,0.0553530036477151,-0.0271290229691576,-0.0975688093855821
275,"long_v3_CCD0.0.25",2.07842330366819,0.0332953222028148,0.0956199142807504,-0.118229673360522
276,"long_v3_CCD0.0.25",2.05447841946131,-0.0320046695315904,-0.0260792185821775,-0.0564136084562529
277,"long_v3_CCD0.0.25",1.8793646652565,-0.00472069966905224,0.0282406329847377,-0.0727422676571235
278,"long_v3_CCD0.0.25",2.03546658855149,0.0207749585789169,0.0501546149177119,-0.0749679137354747
279,"long_v3_CCD0.0.25",2.03555933401413,0.0708626179054497,-0.00401955680929817,-0.087054399680156
280,"long_v3_CCD0.0.25",1.79229089287849,0.0540531019077324,-0.0408717244957539,-0.0705959697763967
281,"long_v3_CCD0.0.25",2.03442160535911,0.0263387040124211,0.0211129025992485,-0.0644662291766456
282,"long_v3_CCD0.0.25",1.95687710136027,0.00612979151437891,0.0584364104322204,-0.0686950297020555
283,"long_v3_CCD0.0.25",2.24130569133106,-0.00383545532477498,-0.0130133870183618,-0.156722032927045
284,"long_v3_CCD0.0.25",1.68386946037813,0.0618626944400911,0.025504103995521,-0.0383621511745951
285,"long_v3_CCD0.0.25",1.83386148703355,0.0485203962624148,0.0273087806408617,-0.0503353444496483
286,"long_v3_CCD0.0.25",1.78643414604427,0.018525973273641,-0.00997282484751253,-0.0541818924979972
287,"long_v3_CCD0.0.25",1.9450018939,0.0304706035055469,-0.0134081806222662,-0.0413107296114084
288,"long_v3_CCD0.0.25",1.88642334911136,0.00666724773392184,-0.0563890796389471,-0.0632305314562597
289,"long_v3_CCD0.0.25",1.90126672804065,-0.0305462574357869,0.0799470077232395,-0.107368841527624
290,"long_v3_CCD0.0.25",2.08428561108031,0.0376525424168309,0.0578034118178687,-0.105329717012861
291,"long_v3_CCD0.0.25",1.9689826962937,-0.0214326637278617,-0.0169305976459568,-0.0478696383480314
292,"long_v3_CCD0.0.25",1.98875331019384,0.0405426064143816,0.00385699848528975,-0.110634439227848
293,"long_v3_CCD0.0.25",2.07982069218782,-0.0239950808497024,0.00196608855253064,-0.211620631440224
294,"long_v3_CCD0.0.25",1.91755359170353,-0.0640804157569104,-0.00990851602825039,-0.0986795577032993
295,"long_v3_CCD0.0.25",2.03074205800102,0.0399918305056449,0.00844683371067151,-0.075104592656601
296,"long_v3_CCD0.0.25",2.04614488428376,0.00989861887127278,0.00690828224634695,-0.0664568055753319
297,"long_v3_CCD0.0.25",1.84616431905788,-0.000342005847586312,-0.0145823569947747,-0.0625339585015583
298,"long_v3_CCD0.0.25",1.97375032434896,-0.00523103778817776,0.0372334434475144,-0.0613496557621509
299,"long_v3_CCD0.0.25",2.13561270319347,-0.0360616234330142,0.0178148080697367,-0.076851506170057
300,"long_v3_CCD0.0.25",1.90683383176625,0.0586954833387514,-0.0517001100190455,-0.0880712934428764
301,"long_v3_CCD0.0.25",1.62535529833547,0.0399250094999437,-0.0142834643876213,-0.0824158769365531
302,"long_v3_CCD0.0.25",2.01136269359957,0.0363591305645676,-0.0212501453851108,-0.0665352865274664
303,"long_v3_CCD0.0.25",1.6045390988008,0.0155898756157626,0.09613636729135,0.00752714855210344
304,"long_v3_CCD0.0.25",2.00510270602032,0.0346466547798839,0.0206879659401326,-0.110545924562617
305,"long_v3_CCD0.0.25",2.19264684538181,-0.0444103209173878,0.00409498247454418,-0.0489847560921746
306,"long_v3_CCD0.0.25",1.76478943706665,0.02720734542687,-0.0223127295637192,-0.0996429304643914
307,"long_v3_CCD0.0.25",2.00054607563021,0.0105134388611547,-0.0157560202561143,-0.140587093469348
308,"long_v3_CCD0.0.25",2.12722248259621,0.023796905817914,-0.019594805515092,-0.166694301072863
309,"long_v3_CCD0.0.25",2.0503805295874,0.00369418211919786,0.0178574165696903,-0.0761683835813918
310,"long_v3_CCD0.0.25",1.86518099903938,-0.0782468524857622,0.0351287978448811,-0.0489707387296674
311,"long_v3_CCD0.0.25",2.06396018739356,0.0365690900947122,-0.0363014791203421,-0.145341949777784
312,"long_v3_CCD0.0.25",1.95074779310024,0.0076274425684153,-0.00843078012409934,-0.0714011790434401
313,"long_v3_CCD0.0.25",2.08110421203253,-0.0393272261919632,-0.0194122890606594,-0.114263114496061
314,"long_v3_CCD0.0.25",2.25744243395474,-0.0228459138087361,-0.0248780094386074,-0.0376683070650286
315,"long_v3_CCD0.0.25",1.68275102980948,-0.0315445463252788,0.000321295536623543,-0.0870674277357781
316,"long_v3_CCD0.0.25",1.91346216375873,-0.0345108774517353,0.101082925026469,-0.0635653676978902
317,"long_v3_CCD0.0.25",1.94448979779351,-0.0192370625026867,0.039185706436515,-0.0812688193219245
318,"long_v3_CCD0.0.25",1.76404794650653,-0.0155477321322249,0.0760338379315257,0.0105617793627438
319,"long_v3_CCD0.0.25",1.93307176491936,-0.0565813188551357,0.0417022947821668,-0.0425122706536133
320,"long_v3_CCD0.0.25",1.77566618122927,-0.0146860468266535,0.0576274193611148,-0.0285931992601922
321,"long_v3_CCD0.0.25",1.83150477126707,0.0554541625767855,-0.0216897634759239,-0.0765389259705064
322,"long_v3_CCD0.0.25",1.8846418191039,0.015219838754009,-0.0058676380621133,-0.190560684111666
323,"long_v3_CCD0.0.25",1.7953914073354,-0.0248767960142918,-0.0248410581937581,-0.0744210194566997
324,"long_v3_CCD0.0.25",2.12605712952455,0.0295941289347671,0.0508122575401113,-0.087331736528527
325,"long_v3_CCD0.0.25",1.42337435864288,-0.00632373034191962,-0.00771148246093577,-0.0214324932510745
326,"long_v3_CCD0.0.25",2.10775160922126,-0.00546127236774479,0.0657259437637675,-0.0488822072434984
327,"long_v3_CCD0.0.25",2.11620183126072,0.01054817824147,-0.0106353168210734,-0.0703613079121411
328,"long_v3_CCD0.0.25",2.00649375011757,-0.00581387569299131,-0.00023408319707844,-0.154115877430697
329,"long_v3_CCD0.0.25",2.00370638711589,0.0370752680483349,0.017514123953059,-0.105341936366125
330,"long_v3_CCD0.0.25",1.95284617172836,0.0315085819930698,-0.00594411791975269,-0.101856888411928
331,"long_v3_CCD0.0.25",1.80197844471976,0.00704503672949905,0.0502585374102181,-0.0582382068722642
332,"long_v3_CCD0.0.25",1.78460043969593,-0.00482764597279475,-0.00455826516479732,-0.0490876472627403
333,"long_v3_CCD0.0.25",1.60502150225613,0.0670731845769077,0.0547702410291183,0.0365869460478343
334,"long_v3_CCD0.0.25",1.73252005309987,-0.0549867614764296,0.0287408396924476,-0.0014361179052697
335,"long_v3_CCD0.0.25",1.98104876716929,0.045359304841967,-0.0197557247604404,-0.086090975781441
336,"long_v3_CCD0.0.25",1.81536111429393,-0.0471352122020479,-0.035804149449895,-0.107062109576751
337,"long_v3_CCD0.0.25",1.93921973693896,-0.00533858023425341,-0.0405612967430728,-0.0437828058097389
338,"long_v3_CCD0.0.25",1.90994218577728,-0.0113935926780163,-0.000733584877637836,-0.0534882508490921
339,"long_v3_CCD0.0.25",1.75956193441863,0.00239882728968861,0.0206423410729479,-0.136973976379008
340,"long_v3_CCD0.0.25",1.91620606659921,0.0345897601844165,0.0185957345071798,-0.133916111253506
341,"long_v3_CCD0.0.25",1.78018096881047,0.00422441090470596,0.0285113195609236,-0.0898198668582277
342,"long_v3_CCD0.0.25",1.65151181118928,0.00434704789940271,0.0676445190137403,-0.0809866091940024
343,"long_v3_CCD0.0.25",1.7795269102323,0.00649368461406079,-0.0577471936994559,-0.0877503417954557
344,"long_v3_CCD0.0.25",1.96900015786509,0.00567197211360524,0.00112234438167567,-0.0923595907098067
345,"long_v3_CCD0.0.25",1.78602030768441,-0.0397462952523069,0.0901683940007366,-0.1303396501885
346,"long_v3_CCD0.0.25",1.7107605107534,-0.0141846332270178,0.0490326618083302,-0.131557036425526
347,"long_v3_CCD0.0.25",1.76037175267155,0.0168444782863583,0.042364886175621,-0.0763292000870069
348,"long_v3_CCD0.0.25",2.20496257336658,-0.00268357907087086,-0.00137999275755545,-0.0464278376204287
349,"long_v3_CCD0.0.25",1.93889584601697,0.0372867429292395,0.0400234381215864,-0.105307217762845
350,"long_v3_CCD0.0.25",1.79274220076486,-0.0149991710402768,-0.0715471647393183,-0.0666048171749161
351,"long_v3_CCD0.0.25",1.41395325256957,0.0471805265716111,0.0357111564662756,-0.120107248813346
352,"long_v3_CCD0.0.25",1.84008808762796,-0.0121613575111396,-0.0003505407593224,-0.0749056444248531
353,"long_v3_CCD0.0.25",1.74248441881243,0.0103366995434468,0.0758871422167335,-0.107462816208972
354,"long_v3_CCD0.0.25",2.04161005424864,-0.032956742205993,0.0416150453791711,-0.0993938400231339
355,"long_v3_CCD0.0.25",0.634054249533577,0.029562762947588,0.0344828812361161,-0.181140899229893
356,"long_v3_CCD0.0.25",2.0214233636471,0.00373583172368499,0.00156587618161658,-0.0740314421167591
357,"long_v3_CCD0.0.25",1.86251295950972,0.00744646293720886,0.0643187505755712,-0.110141640131614
358,"long_v3_CCD0.0.25",1.76084300548719,-0.0295125676204299,0.0476802338984247,-0.0384177127026717
359,"long_v3_CCD0.0.25",1.63555092000772,-0.0316819960018246,0.0244889001707462,-0.0456435818433639
360,"long_v3_CCD0.0.25",1.91624016826851,-0.0633455735106081,-0.00896685785474752,-0.0637511448652859
361,"long_v3_CCD0.0.25",2.17580596417272,-0.00165983471905431,0.0142768400323841,-0.164078061940995
362,"long_v3_CCD0.0.25",1.78850305906121,0.0509536313987084,-0.0291510952336553,-0.0326809536453993
363,"long_v3_CCD0.0.25",1.85652573806502,-0.0282331919793284,0.0202444690362611,-0.084312656542551
364,"long_v3_CCD0.0.25",1.65187559329671,-0.00769780666687801,0.0526105685471545,-0.0476491526425473
365,"long_v3_CCD0.0.25",1.98829080386097,0.000236949360623746,-0.046358570182092,-0.1105314662051
366,"long_v3_CCD0.0.25",2.09989900540168,0.00863164516740224,-0.089877922530807,-0.136317007536036
367,"long_v3_CCD0.0.25",2.12637760216014,0.0709345157513208,0.0529183230563702,-0.10123353314961
368,"long_v3_CCD0.0.25",2.0313811265227,0.080812009032182,0.0251029707974965,-0.0457055660391372
369,"long_v3_CCD0.0.25",1.81109504069867,0.0100981407868112,-0.0119652128238689,-0.0257090865425362
370,"long_v3_CCD0.0.25",2.05214153638725,-0.0206766556867301,0.0576773793573196,-0.0194858680400163
371,"long_v3_CCD0.0.25",1.83119888463973,0.0229124880498759,0.0152630272706419,0.0174762125763109
372,"long_v3_CCD0.0.25",1.95787486340141,-0.0742326193893347,0.0619023526220805,-0.0333007792356788
373,"long_v3_CCD0.0.25",2.01197835425442,0.0512174461035924,0.0689161186931233,-0.0806713742948568
374,"long_v3_CCD0.0.25",1.80200869008322,-0.0321960065850466,0.0189602275348105,0.027789955866588
375,"long_v3_CCD0.0.25",1.99560068450678,0.0201047562982107,-0.0601722564555303,-0.115907581301289
376,"long_v3_CCD0.0.25",2.29182434981467,-0.0532693000742973,0.0478273457215174,-0.0926142109507179
377,"long_v3_CCD0.0.25",1.90673305617812,-0.00555318479235309,0.0632781594354702,-0.119178124289608
378,"long_v3_CCD0.0.25",2.21408549856607,-0.0315553300149595,0.00762227139484066,-0.13090140402705
379,"long_v3_CCD0.0.25",1.95929538718557,0.00897474882944539,-0.0119626626786648,-0.0909124393456926
380,"long_v3_CCD0.0.25",1.44534222055903,0.00124125605059343,-0.0543347358878317,-0.06732811637618
381,"long_v3_CCD0.0.25",1.89246317620376,-0.0196340037339769,0.0482558716877195,-0.0379872857805385
382,"long_v3_CCD0.0.25",1.625385505401,-0.0589660082324731,0.0870893031577679,-0.107243734159873
383,"long_v3_CCD0.0.25",1.83174527679307,-0.0082413046443975,0.0473858047964991,-0.00979060271011167
384,"long_v3_CCD0.0.25",1.80074820062308,0.0392017079075246,-0.00957654860800765,-0.109248309210083
385,"long_v3_CCD0.0.25",2.11007065279,-0.0418001560659172,-0.0217121871418224,-0.0732801031601847
386,"long_v3_CCD0.0.25",1.66156373451452,0.0571187993998273,0.00989902845828384,-0.129544675114327
387,"long_v3_CCD0.0.25",1.65760125461911,0.0249308277497485,0.0426570521661125,-0.0457990541823808
388,"long_v3_CCD0.0.25",2.19334675584961,0.0174443472975719,0.0343426386092565,-0.101577698960728
389,"long_v3_CCD0.0.25",2.00089232349325,0.0473718918818368,-0.0104757876901668,-0.0643389100035644
390,"long_v3_CCD0.0.25",1.91769728683246,0.00353143888288582,0.0712655072533266,-0.125614594015354
391,"long_v3_CCD0.0.25",1.66659844883699,-0.00440744449925258,0.0662445016309863,-0.0116165346885435
392,"long_v3_CCD0.0.25",1.64205090182711,0.0278764282127065,-0.00565539972902861,-0.111719009431148
393,"long_v3_CCD0.0.25",2.07215115094852,-0.00653589230269404,0.000619355278790059,-0.0798219046231098
394,"long_v3_CCD0.0.25",1.75056971791907,-0.008242487141467,0.0749399333309572,-0.0957629470150944
395,"long_v3_CCD0.0.25",1.86584041301019,0.0680370194566059,-0.00506583639344469,-0.0183051342379704
396,"long_v3_CCD0.0.25",1.68537338387914,0.0350408897398902,0.0178359873830515,-0.0499491245393328
397,"long_v3_CCD0.0.25",1.22879446728387,0.0520825163042812,0.0288131108257329,-0.12835181434921
398,"long_v3_CCD0.0.25",1.73017085631576,-0.00574395013226313,0.0486132519757719,0.0294201088773137
399,"long_v3_CCD0.0.25",1.66629962695646,-0.00901391842340395,0.0214500154071685,-0.0791439948156285
400,"long_v3_CCD0.0.25",1.80081792732121,0.0248594878924881,-0.00757596159335774,-0.0916010316027533
401,"long_v3_CCD0.0.25",1.98130469835378,-0.0381095193450867,0.0349681002523293,-0.0862627417157287
402,"long_v3_CCD0.0.25",1.87172706139807,-0.0102689482168503,-0.00497684143395308,-0.0663226770088749
403,"long_v3_CCD0.0.25",1.79873751348215,-0.024800038995067,0.0311338653167687,-0.0706050612111133
404,"long_v3_CCD0.0.25",2.10297998420058,0.0845816740026452,0.081759809668894,-0.06440711663819
405,"long_v3_CCD0.0.25",1.40049515953919,0.0214181303674326,0.0468851395818022,-0.0458511233277933
406,"long_v3_CCD0.0.25",1.72575492641453,-0.0655212082519224,0.00651387765133663,-0.100023841217545
407,"long_v3_CCD0.0.25",1.79661715728473,0.00247264344914515,0.0576473412610349,0.0448489505341903
408,"long_v3_CCD0.0.25",1.79552676489083,-0.00203335670630266,0.0818152317909686,-0.0485487039469739
409,"long_v3_CCD0.0.25",1.65976978311138,-0.0179409639118802,0.0391882546257684,-0.0235768605849998
410,"long_v3_CCD0.0.25",1.985375016041,0.0372957495231856,0.0565042281009093,-0.0822071976185211
411,"long_v3_CCD0.0.25",1.62760573796593,0.0765580862791362,0.0607262295307524,-0.0316199207333841
412,"long_v3_CCD0.0.25",1.4097878914561,-0.00686665635474731,0.0158946256665606,-0.0141521718087033
413,"long_v3_CCD0.0.25",1.8798202967112,0.0244164795938778,0.105840080860711,0.0332887633040931
414,"long_v3_CCD0.0.25",1.95773762263792,0.0554645139401309,0.0161777201264324,-0.038674244143806
415,"long_v3_CCD0.0.25",2.14802023045481,0.0416108277605714,0.0121120758694692,-0.124448400740914
416,"long_v3_CCD0.0.25",2.01827673185524,-0.00129184727462425,0.0543841963584915,-0.0529727831728336
417,"long_v3_CCD0.0.25",1.94502761906711,-0.107822312153376,-0.0125853411957038,0.00156217695030945
418,"long_v3_CCD0.0.25",2.03563113727075,0.0803511850276183,0.0257343742462616,-0.0558262573754342
419,"long_v3_CCD0.0.25",1.89411177277466,-0.0471613449729751,0.00344252594116672,-0.104098985108196
420,"long_v3_CCD0.0.25",1.91776473957054,-0.0432974612506412,-0.037562827494074,-0.11027174059661
421,"long_v3_CCD0.0.25",2.23097506108052,0.00876845806852138,0.0598723004794765,-0.0431411854217036
422,"long_v3_CCD0.0.25",2.12444670725442,-0.015125244259915,-0.0163995184498031,-0.151404052066828
423,"long_v3_CCD0.0.25",1.80066119587544,0.0572952942032914,-0.0596305656278589,-0.0802183005445531
424,"long_v3_CCD0.0.25",1.89279070141895,0.0227980458737421,0.0777106546238591,-0.0364468700468598
425,"long_v3_CCD0.0.25",1.54100243084604,0.0191648092277802,0.0546201906391292,-0.0853477638866421
426,"long_v3_CCD0.0.25",1.9372346468377,0.0173284063277428,0.0810782851431976,-0.12271039700495
427,"long_v3_CCD0.0.25",1.73429969147961,-0.0332203829466125,0.00479116745197296,-0.0847630888388167
428,"long_v3_CCD0.0.25",1.80070801357005,0.0123621428362694,0.00141082271778082,-0.0769050768500462
429,"long_v3_CCD0.0.25",1.3013030399898,0.0915045916937305,0.0212736554940984,-0.098550291040585
430,"long_v3_CCD0.0.25",1.48742606639373,-0.0164478615448557,0.0145314732447702,-0.0854253274756468
431,"long_v3_CCD0.0.25",1.73672504034111,0.024547656578615,0.0310471904054052,-0.0705747788232224
432,"long_v3_CCD0.0.25",2.31086606552788,-0.00501227203564421,-0.0278683776270731,-0.0139302349695782
433,"long_v3_CCD0.0.25",1.92102622647367,0.0352253944390798,0.0537385479440517,-0.108629506533199
434,"long_v3_CCD0.0.25",1.80816404420097,0.00959812987435114,0.0443592235568644,-0.0061980743854261
435,"long_v3_CCD0.0.25",1.89084757887021,0.0151575413799472,0.0544437490529132,-0.0797920727695631
436,"long_v3_CCD0.0.25",1.92715668370304,0.0321748114146957,0.0143555502072411,-0.168083878979356
437,"long_v3_CCD0.0.25",2.03704681714618,0.00815521369462015,0.0403459641192738,-0.0379889821110908
438,"long_v3_CCD0.0.25",1.5055613902325,-0.0202241443347276,0.0144797297147913,-0.0966519282347752
439,"long_v3_CCD0.0.25",1.64413096737091,-0.0227573261807628,0.00236157761041207,-0.103969534254898
440,"long_v3_CCD0.0.25",1.55361610913148,0.00336597376313454,0.0251544675635705,0.0164819874213326
441,"long_v3_CCD0.0.25",1.88046710935152,-0.0229702755774307,0.0402147911830961,-0.0437556250035227
442,"long_v3_CCD0.0.25",2.13598638773602,-0.00269194253802173,0.0252725596959799,-0.114589226264193
443,"long_v3_CCD0.0.25",2.03114218244625,0.0691146204548627,0.00586865622450287,0.00785850047139216
444,"long_v3_CCD0.0.25",1.88917417228774,-0.0313791939513675,-0.000605501196856761,-0.0771877323667713
445,"long_v3_CCD0.0.25",1.96198046954002,-0.0601380537119062,0.0309239636804788,-0.097275892498382
446,"long_v3_CCD0.0.25",2.11496193812603,0.0180149629989703,0.105004027206237,-0.0307147583015472
447,"long_v3_CCD0.0.25",2.09191857953835,0.0160273078984101,0.0073607392147877,-0.107157831701951
448,"long_v3_CCD0.0.25",2.17046719997915,0.00494473192721577,-0.0104215948537656,-0.140275455410183
449,"long_v3_CCD0.0.25",1.97019683514747,0.0247084562632161,-0.0324883548187741,-0.0625034425764789
450,"long_v3_CCD0.0.25",1.56982308635146,0.019325395887126,-0.0228848843227842,-0.0237460446885592
451,"long_v3_CCD0.0.25",2.0931116096019,0.0177901548869858,-0.00633099758917093,-0.0664182503117174
452,"long_v3_CCD0.0.25",1.4555478342942,0.0441867316743712,-0.0398643727623123,-0.106015636127324
453,"long_v3_CCD0.0.25",2.14253943889424,-0.0301647650006975,0.0191828278462103,-0.0215538904861965
454,"long_v3_CCD0.0.25",1.85399684183482,-0.0285306793331087,-0.0171094744441096,-0.0909242488532302
455,"long_v3_CCD0.0.25",1.84834068078749,0.0665910350286997,0.01390196833632,-0.0305109847203999
456,"long_v3_CCD0.0.25",2.21885616789572,0.062571197243239,-0.0371311436835413,-0.203040492408682
457,"long_v3_CCD0.0.25",1.88145760597,-3.78216756989768e-05,0.0947334699330314,-0.0476095734084245
458,"long_v3_CCD0.0.25",1.59970129807406,-0.0086416318555155,-0.00860864156937928,-0.0895799684194686
459,"long_v3_CCD0.0.25",2.02329625036372,0.0303400452242584,0.0316697894057142,-0.0826670780877093
460,"long_v3_CCD0.0.25",2.02913250146272,0.0171220645326818,0.0336732593594649,-0.06392891327013
461,"long_v3_CCD0.0.25",2.19929728167991,-0.0307683580257347,0.0109245014603942,-0.140563942337672
462,"long_v3_CCD0.0.25",1.8829770314783,-0.0542943293688577,0.0444973786433075,-0.0498831403278917
463,"long_v3_CCD0.0.25",1.81414279422506,-0.0415586705570354,0.0639994022607218,-0.00605021216943653
464,"long_v3_CCD0.0.25",1.84639444035206,0.0492235396075066,0.0689095995817766,-0.0790775631051237
465,"long_v3_CCD0.0.25",1.96919709954623,-0.0637625948102215,-0.00780434822358286,-0.0683647704700064
466,"long_v3_CCD0.0.25",2.06829861289996,0.00691550949953416,-0.0218693818360751,-0.103393749808507
467,"long_v3_CCD0.0.25",2.02548257167822,-0.0203528350308265,0.0819405702910121,-0.102465380763278
468,"long_v3_CCD0.0.25",1.70727936076926,0.0872502281197195,0.0275738345253521,-0.118011299364576
469,"long_v3_CCD0.0.25",2.02895390956774,0.0495755434552423,0.0412920570461155,-0.0782526171226679
470,"long_v3_CCD0.0.25",1.97228202182552,-0.00684396554011229,0.0686560143561242,-0.0648878344918841
471,"long_v3_CCD0.0.25",1.85988551103571,-0.0147697202694439,0.0521278395747448,0.0481492444952982
472,"long_v3_CCD0.0.25",1.48103026824228,-0.0167886446010378,0.0176824202975877,-0.0413722495448247
473,"long_v3_CCD0.0.25",2.05039850914828,-0.016310413246684,0.0383393803865608,-0.0933430942856781
474,"long_v3_CCD0.0.25",1.54512223319348,0.0204759904066794,0.066754203517555,-0.0559809196554633
475,"long_v3_CCD0.0.25",1.69247325411973,0.019748734777884,0.0152789112766633,-0.0446670447147606
476,"long_v3_CCD0.0.25",2.37351942455313,-0.0147549015743141,0.0191114980445315,-0.127925449475718
477,"long_v3_CCD0.0.25",1.58212326294783,-0.00358852225154438,0.0218353239495002,-0.132914862328563
478,"long_v3_CCD0.0.25",1.92561977129846,0.0340552836580835,0.0833423533082026,-0.0983872001462877
479,"long_v3_CCD0.0.25",1.8557810816533,-0.0793849728922705,-0.00571444265670216,-0.178469589952578
480,"long_v3_CCD0.0.25",1.85670687731033,-0.000555230476272525,-0.00506583334031847,-0.116400890831681
481,"long_v3_CCD0.0.25",1.93335100507743,-0.00427992494745849,0.0228717997064023,-0.089167382089533
482,"long_v3_CCD0.0.25",2.27390832393066,0.0281992856757007,0.0581411416777682,-0.101496760616669
483,"long_v3_CCD0.0.25",1.73387263588384,-0.0295693038408545,-0.0253201154951462,-0.119466368646467
484,"long_v3_CCD0.0.25",1.89311258118452,0.0121376068120643,0.00513770612383592,-0.0576377556129614
485,"long_v3_CCD0.0.25",2.17126816856967,-0.0384334905662548,0.0106416895988742,-0.102366164116789
486,"long_v3_CCD0.0.25",2.03004552184568,-0.00139853847092757,0.0104235077560885,-0.0591068036215961
487,"long_v3_CCD0.0.25",1.60634857860516,0.0342738895692244,0.00490464499206954,-0.0975913597996043
488,"long_v3_CCD0.0.25",2.03568720979527,0.0237656165259576,0.00976956287528181,-0.110134544750182
489,"long_v3_CCD0.0.25",1.95671088534529,0.0801073996294733,-0.047936174488337,-0.0449911759719749
490,"long_v3_CCD0.0.25",1.69407748079666,0.0360487025358475,0.00687921241230146,-0.0983573128147223
491,"long_v3_CCD0.0.25",1.91322957063994,0.011321456904571,0.0602491242612326,-0.0593988418997067
492,"long_v3_CCD0.0.25",1.64532883971181,-0.0136998485525331,0.0868689734485392,-0.0417302941029225
493,"long_v3_CCD0.0.25",1.75906270792136,0.0514061625984546,0.0280963330385247,-0.0523965023320375
494,"long_v3_CCD0.0.25",1.43775230876106,0.00672013721501297,-0.00143799139164442,-0.114532985050706
495,"long_v3_CCD0.0.25",1.90776003259236,0.0205416521516733,0.0951237853307673,-0.0727804729653375
496,"long_v3_CCD0.0.25",2.12765097422881,0.0116402810941488,0.0326418174754077,-0.0908576010861806
497,"long_v3_CCD0.0.25",1.65694673053314,-0.0147781860367151,-0.00257378942755586,-0.0410754043222559
498,"long_v3_CCD0.0.25",1.73769080267237,-0.00644757093432823,0.0538608190389169,-0.0567844905967104
499,"long_v3_CCD0.0.25",1.69820953084315,0.0425053188220873,0.023721029357417,-0.0630692672122186
500,"long_v3_CCD0.0.25",1.73918456135145,0.00820382009357499,0.014697958113396,-0.0768999881242881
501,"long_v3_CCD0.0.25",1.76012448316273,-0.0129408245826802,-0.039252490593412,-0.0331664045057195
502,"long_v3_CCD0.0.25",2.29877092786653,0.0405138815197987,0.0743608029429597,-0.0804809899375363
503,"long_v3_CCD0.0.25",1.78184844486813,-0.0116851286608147,0.0240024392313392,-0.0904973380780317
504,"long_v3_CCD0.0.25",1.85970158070895,0.000791538362903121,0.0651314052773217,-0.109100227093132
505,"long_v3_CCD0.0.25",2.02962290137245,-0.00350925889037234,0.0067033534562605,-0.18923042766164
506,"long_v3_CCD0.0.25",1.87821390462342,0.0172010683374698,0.0182802361800869,0.0130026278149712
507,"long_v3_CCD0.0.25",1.97688647434946,-0.00400556279355587,-0.0186836139589996,-0.0732315423983293
508,"long_v3_CCD0.0.25",2.1966201676087,0.0144737007549774,-0.0506425173451049,-0.0822985498012116
509,"long_v3_CCD0.0.25",1.94014585852281,-0.0373856247154039,0.00161349115164718,-0.153222460916157
510,"long_v3_CCD0.0.25",2.07572958498469,-0.00803207438588132,0.0473396430104784,-0.0598226625593915
511,"long_v3_CCD0.0.25",1.88215276609918,-0.00819316631128291,-0.00281337252074863,-0.0873970401269402
512,"long_v3_CCD0.0.25",1.8713570394913,0.0206825686329625,0.00655554703708293,-0.0737488813514097
513,"long_v3_CCD0.0.25",1.74642339077553,-0.00566853460509836,0.0306143843947653,-0.0544858485103921
514,"long_v3_CCD0.0.25",1.25067639290906,0.0510964793351311,0.00355495602925023,-0.014158297341924
515,"long_v3_CCD0.0.25",1.932040064538,-0.00557907285911313,0.0304961142208665,-0.102862227644801
516,"long_v3_CCD0.0.25",2.06293799995284,-0.0268415444816742,-0.00103037252158877,-0.154227584292645
517,"long_v3_CCD0.0.25",1.2798638486854,-0.0298753564715741,0.103427554072786,-0.0418212880407246
518,"long_v3_CCD0.0.25",2.15905940912266,-0.0424923037966755,0.0518772042846789,-0.0502918797820713
519,"long_v3_CCD0.0.25",1.61999095283407,0.0305160823825194,-0.011883962952356,-0.0189771785772081
520,"long_v3_CCD0.0.25",1.47074454572472,0.0274462639711096,-0.0203066700641014,-0.062463135095778
521,"long_v3_CCD0.0.25",1.77471615704905,0.0394983502423913,0.00511094481861491,-0.0745108646575265
522,"long_v3_CCD0.0.25",1.79211249741294,-4.6801138069567e-05,-0.0223850867876706,-0.0634343153405174
523,"long_v3_CCD0.0.25",1.9788296323671,0.0255291551971267,0.0384862173092852,-0.114576591948423
524,"long_v3_CCD0.0.25",1.68909544741205,0.0452931055906325,0.00192837341169536,-0.0279366673876116
525,"long_v3_CCD0.0.25",1.85590515457063,0.0486366587010712,-0.0153540484810262,-0.120888344483269
526,"long_v3_CCD0.0.25",2.04434593863731,0.0112476013809847,0.0147779810318004,-0.0947936505920811
527,"long_v3_CCD0.0.25",1.66004368587983,-0.0403796924456805,-0.105576707775399,-0.131534851960309
528,"long_v3_CCD0.0.25",1.54281783204742,0.0989378803147145,0.0538935319357202,-0.110228592287441
529,"long_v3_CCD0.0.25",1.81201129563269,-0.0228615433427941,0.0705094264091921,0.00689485223520681
530,"long_v3_CCD0.0.25",1.97213656264972,-0.0121285044909615,0.00251890854305903,0.0328858948562206
531,"long_v3_CCD0.0.25",1.99014757538903,0.00684615316209917,0.0205061516370617,0.020202334464616
532,"long_v3_CCD0.0.25",1.76295683585528,0.00211739183560408,0.0565149583737091,-0.0937371398816128
533,"long_v3_CCD0.0.25",2.12128509968012,0.0101957176872061,0.0343592904712751,-0.232948851504855
534,"long_v3_CCD0.0.25",1.10051619495294,-0.00625180805209889,0.0240080880265314,-0.0509541443305058
535,"long_v3_CCD0.0.25",2.36841156872401,0.032656104787929,0.0262965612497489,-0.0690551384314937
536,"long_v3_CCD0.0.25",2.0603046452684,0.0181667023326028,-0.00754961554949365,-0.0693318664633872
537,"long_v3_CCD0.0.25",1.69474010449566,-0.00662641934462473,0.0368483966384582,-0.0719016851461518
538,"long_v3_CCD0.0.25",1.80518257954745,0.0221498006584645,0.0564269968692816,-0.026717069433245
539,"long_v3_CCD0.0.25",1.83676283624287,-0.026097703692438,0.000406852960718601,-0.147825998439201
540,"long_v3_CCD0.0.25",1.4014981084763,-0.00892102498784907,0.0746291336044193,-0.0542398799722701
541,"long_v3_CCD0.0.25",1.57446510752957,-0.0782047832004271,-0.0818098815434137,-0.0953664117837568
542,"long_v3_CCD0.0.25",2.06930555282688,0.0223168144867998,0.00595064764427184,-0.192050220856137
543,"long_v3_CCD0.0.25",2.48076750792987,-0.00351476539971732,0.0485820259698209,-0.0165919543955954
544,"long_v3_CCD0.0.25",1.98252245012048,0.015743971021889,0.02078386976188,0.038026048678419
545,"long_v3_CCD0.0.25",1.92715069138196,-0.0199199844917651,0.00381619077299253,0.0248881216197501
546,"long_v3_CCD0.0.25",1.53209410496367,-0.00452102887673396,0.0354954216351383,0.00113051967693515
547,"long_v3_CCD0.0.25",2.22432986777473,0.0288878858596421,0.0379815938570298,-0.0518153893924757
548,"long_v3_CCD0.0.25",1.73203500755576,0.0182751328478377,0.0140033611221628,-0.0584177902645294
549,"long_v3_CCD0.0.25",1.92384655727407,-0.0144244457616433,-0.00474294316138908,-0.120798441668664
550,"long_v3_CCD0.0.25",1.96362980405777,-0.027716380113964,-0.0154239705715576,-0.0930944156776896
551,"long_v3_CCD0.0.25",1.54215254675237,-0.0416109005415423,-0.0428549181213592,-0.0476596359967535
552,"long_v3_CCD0.0.25",2.0583441198302,-0.0111596489910587,0.0482964266684068,-0.111998996226236
553,"long_v3_CCD0.0.25",1.59493005034685,-0.000960129359030068,0.0757177349437595,-0.0725825598025432
554,"long_v3_CCD0.0.25",1.94069863688164,-0.00776613585503844,0.0522476061633187,-0.102469938872237
555,"long_v3_CCD0.0.25",1.88706868430103,0.0719008788893787,-0.0255757583218086,-0.0578144110985641
556,"long_v3_CCD0.0.25",1.78188987957467,0.0584449239118181,-0.0496063146021123,-0.151858464633927
557,"long_v3_CCD0.0.25",2.20847048264391,0.0753049581650334,-0.00601567668724675,0.00622620821388127
558,"long_v3_CCD0.0.25",0.926520151203745,0.0375883412032718,0.0496859903600107,-0.048509353912114
559,"long_v3_CCD0.0.25",2.0221844426295,0.0746442129337652,0.00802508235180596,-0.105966560417461
560,"long_v3_CCD0.0.25",1.74814487584351,0.0270331430838132,0.063571564178079,-0.0950766983211254
561,"long_v3_CCD0.0.25",1.85825942964727,0.0081918633575625,0.00162760071667534,-0.0293960742587091
562,"long_v3_CCD0.0.25",1.5979444235859,0.0523389987864339,0.0322732756933542,-0.0937563083478698
563,"long_v3_CCD0.0.25",1.90338068045644,0.0142244885210406,0.0165952142497082,-0.0923618492486382
564,"long_v3_CCD0.0.25",1.86329945116072,0.0551248879735173,0.00786715531740067,-0.09089350813951
565,"long_v3_CCD0.0.25",1.84447007544166,-0.0307405126147628,0.0057930495560943,-0.0815429911082598
566,"long_v3_CCD0.0.25",1.8945893682466,0.0284276398049223,0.0656405870342234,-0.0755463645052571
567,"long_v3_CCD0.0.25",2.00283387613358,0.0423784343144767,-0.0025591336919542,-0.112808873338475
568,"long_v3_CCD0.0.25",2.10027754425568,0.0235890455947496,-0.0185541090737732,-0.143362048392028
569,"long_v3_CCD0.0.25",1.78958927066016,-0.0219134885880293,0.0173385685693304,0.0270441412243068
570,"long_v3_CCD0.0.25",1.62146644738061,0.0303610863609553,0.0854557398405579,-0.0583554424303173
571,"long_v3_CCD0.0.25",1.94926213243755,0.0131834448851983,0.0330422868470999,-0.15462623592108
572,"long_v3_CCD0.0.25",1.96423835172759,-0.00924412081365517,0.0294786383858449,-0.0465893670049219
573,"long_v3_CCD0.0.25",1.76452116062805,0.0656713005203696,0.011604430244876,-0.0853546299604703
574,"long_v3_CCD0.0.25",1.32860282918232,0.046025660737409,-0.000584134750347555,-0.137672808706333
575,"long_v3_CCD0.0.25",1.89882473374042,-0.0140871693673966,0.0774623747297268,-0.0956463144824484
576,"long_v3_CCD0.0.25",1.81634969525545,0.000978105351931275,0.0162950778014959,-0.0891546266946993
577,"long_v3_CCD0.0.25",2.13026601584303,0.0407544080591117,0.100342661230753,-0.119663810203705
578,"long_v3_CCD0.0.25",1.87356925405912,-0.0282417181534607,0.0364918940226577,-0.0833193161639311
579,"long_v3_CCD0.0.25",1.76838064117741,-0.0305461483146646,-0.0575919871415556,0.00928614077926747
580,"long_v3_CCD0.0.25",1.74384572049366,-0.0301654770462487,0.114453076420152,0.0102699016257415
581,"long_v3_CCD0.0.25",1.54056131124814,-0.00184510233049421,0.0795026074752975,-0.0597116018094801
582,"long_v3_CCD0.0.25",1.73917158852235,-0.0509647776058425,0.0173366457513744,-0.125340939155042
583,"long_v3_CCD0.0.25",1.97449792498199,0.0123783471068073,0.0229588285421049,-0.0921586251011734
584,"long_v3_CCD0.0.25",1.97058730595962,0.0415887000453654,0.0683054542292335,-0.11886537609964
585,"long_v3_CCD0.0.25",1.95315763732545,0.00498824118275232,-0.00273543874640452,-0.179250520427866
586,"long_v3_CCD0.0.25",2.01009050159814,0.0245407307698569,-0.0102081955114917,-0.0546168996307556
587,"long_v3_CCD0.0.25",1.92080098657605,0.0109426091083681,-0.0447753465819442,-0.0912233005941901
588,"long_v3_CCD0.0.25",1.89718099705106,0.00975477896928245,-0.00250008558675514,-0.0168277882335002
589,"long_v3_CCD0.0.25",2.04699212444962,0.00589902172923442,0.00562797709939882,-0.0719961614622806
590,"long_v3_CCD0.0.25",1.97156125317452,-0.089352975124241,0.0684571156367665,-0.033130666944972
591,"long_v3_CCD0.0.25",1.72026404908874,0.0313457350066839,-0.0295605750134861,-0.0498074043609702
592,"long_v3_CCD0.0.25",2.11478709930887,0.0526516506759144,0.0225285026537688,-0.123780517196189
593,"long_v3_CCD0.0.25",1.82481814362683,0.0407985573561723,0.0324863509896444,-0.0258003027217533
594,"long_v3_CCD0.0.25",1.92823718270802,-9.37218800157553e-05,0.0340590423509956,-0.085115491719753
595,"long_v3_CCD0.0.25",2.03423750439314,0.0290431371524801,0.05557961714357,-0.0874468694053426
596,"long_v3_CCD0.0.25",1.76226688306428,0.0522914324555375,0.0576206366757978,-0.0870876396363157
597,"long_v3_CCD0.0.25",1.88997524405871,0.0738882669307813,0.0313543277890919,-0.0744130058800012
598,"long_v3_CCD0.0.25",1.88287399874175,0.0180305614926329,-0.0342480368776972,-0.0819014018045111
599,"long_v3_CCD0.0.25",1.73763303541186,0.0147131929605032,0.0778841797442919,-0.180230249350032
600,"long_v3_CCD0.0.25",1.62840549250934,0.00467274258726339,0.0480350418304448,0.0253362078710446
601,"long_v3_CCD0.0.25",2.06319882878938,0.0265685702673224,0.0202350599847667,-0.0946131568379312
602,"long_v3_CCD0.0.25",1.88068399346031,-0.00804600869850582,-0.0421092865509494,-0.0674899515239849
603,"long_v3_CCD0.0.25",1.87784556756457,0.0490651141716437,0.0259588139499148,-0.0921649632539801
604,"long_v3_CCD0.0.25",1.89520784255575,0.0335954289242293,0.0113769592445363,-0.0789483279349783
605,"long_v3_CCD0.0.25",1.3975170700275,-0.0602751394461106,-0.000646107465420369,-0.0727362064907224
606,"long_v3_CCD0.0.25",1.93688275890917,0.0217648501136467,0.00354917396549886,-0.143956011914448
607,"long_v3_CCD0.0.25",1.83762537649072,0.0349830099380067,0.0466600746768028,-0.0424001687895169
608,"long_v3_CCD0.0.25",2.05232136342965,-0.0113795241236076,-0.0235400115141443,-0.0520363769910108
609,"long_v3_CCD0.0.25",1.84715468900601,0.00716144136081151,0.0315585660477082,-0.0515481698116066
610,"long_v3_CCD0.0.25",2.215693125953,-0.00177682294506309,0.0146537659989223,-0.0147684967853796
611,"long_v3_CCD0.0.25",1.88245280385812,-0.0218408798363099,-0.0109783586197908,-0.0607827484722679
612,"long_v3_CCD0.0.25",1.88182592750641,0.0141753122950127,0.0635708091570879,-0.0357053696869999
613,"long_v3_CCD0.0.25",1.42308620361012,0.0692963228030241,0.0472496471326485,-0.114978976271283
614,"long_v3_CCD0.0.25",2.03932354133952,0.036502587591052,-0.0575572778779327,-0.0912680156074998
615,"long_v3_CCD0.0.25",2.18445827335954,0.0768984230794098,0.0616085788326124,-0.120075794929376
616,"long_v3_CCD0.0.25",1.8251105193922,0.0101397109612308,0.0558824171258994,-0.0156694821013558
617,"long_v3_CCD0.0.25",1.60869642849952,-0.0286317559730532,0.0700818867154469,-0.0715948247831419
618,"long_v3_CCD0.0.25",1.95634475976875,-0.0247556289119269,-0.0545185025634475,-0.0167645722635883
619,"long_v3_CCD0.0.25",1.70882068946961,-0.0184027979168808,0.0494529326576626,-0.0626335140370503
620,"long_v3_CCD0.0.25",1.85852722390919,0.0315065499492742,0.036881753479158,-0.0698035712024745
621,"long_v3_CCD0.0.25",1.7132189897125,-0.04875729965296,0.0348930648395609,-0.0647898996716918
622,"long_v3_CCD0.0.25",1.9359249502042,-0.0556487951873966,0.0229263835897213,-0.117057043542789
623,"long_v3_CCD0.0.25",2.00666593155348,0.00451349548654124,-0.0479963754536765,-0.0610938964155913
624,"long_v3_CCD0.0.25",2.08996164474224,0.0165936665136755,0.0770733099166836,-0.150145213519579
625,"long_v3_CCD0.0.25",2.07242551591531,0.00982669826478864,-0.0353668442753266,-0.127123176679993
626,"long_v3_CCD0.0.25",1.70809285884939,-0.062289601295956,0.0116885535633085,-0.0482807615002722
627,"long_v3_CCD0.0.25",2.25175532221891,0.0161217769333065,0.0289163511298761,-0.0456947014919075
628,"long_v3_CCD0.0.25",1.80757475453435,-0.01746765964304,0.0502337839873391,-0.0923347926302296
629,"long_v3_CCD0.0.25",1.86221201752376,0.0176747340489175,0.0643877360779722,0.0289311715784895
630,"long_v3_CCD0.0.25",1.92684203341433,-0.0252530318792186,-0.00927314438393665,-0.0672517367752721
631,"long_v3_CCD0.0.25",1.78463321891039,0.0327481660862633,-0.0195326870291787,-0.0716097976185792
632,"long_v3_CCD0.0.25",1.8957721534528,-0.02631822567698,-0.00238733398404523,-0.116110312028459
633,"long_v3_CCD0.0.25",2.06048594313905,0.0297476793171209,0.0575763043683542,-0.0884062917092892
634,"long_v3_CCD0.0.25",1.91529456265326,-0.0328320465218395,0.0168005980674175,0.0081563367254116
635,"long_v3_CCD0.0.25",1.46751659042231,-0.0304157896710929,0.0689619990204633,-0.122974837428317
636,"long_v3_CCD0.0.25",2.06697647895938,0.0195078185841791,0.0136439434020707,-0.0746718389546879
637,"long_v3_CCD0.0.25",1.73814858261718,0.0407048423033026,0.0336054875691936,-0.0802193175231687
638,"long_v3_CCD0.0.25",2.25635965162716,0.0547721470586956,-0.0157377802088545,-0.0960986547328569
639,"long_v3_CCD0.0.25",2.00044655489252,0.00271045549275198,0.0116600523421101,-0.070611506940918
640,"long_v3_CCD0.0.25",2.08949768397033,-0.035223735654074,0.0203497022397979,-0.116647541452631
641,"long_v3_CCD0.0.25",1.62467193067663,0.0214531609529002,-0.0447663918522032,-0.0757607601185106
642,"long_v3_CCD0.0.25",2.06121756930936,0.0796751170027974,0.0703442134545304,-0.0924707059729958
643,"long_v3_CCD0.0.25",1.94090136988038,-0.0208138555556724,0.0283510249477754,-0.132064458262031
644,"long_v3_CCD0.0.25",1.99278437926478,0.00903328610499364,0.0191097185187291,-0.0806520923781324
645,"long_v3_CCD0.0.25",2.29410642511604,0.0541044969027818,0.0257479941148465,-0.0988578791050484
646,"long_v3_CCD0.0.25",1.06878970924486,-0.0422364758719699,0.106676470480796,-0.0422350081787406
647,"long_v3_CCD0.0.25",1.79591202909619,-0.0193411062175344,-0.00432002751019015,-0.130912944111689
648,"long_v3_CCD0.0.25",1.9152672400769,0.0331608660109078,0.0229009318566691,-0.133314107637175
649,"long_v3_CCD0.0.25",1.99002817778402,-0.0099085513252237,-0.00349776923928673,-0.03427953473152
650,"long_v3_CCD0.0.25",1.95767808769153,0.0369340351620347,0.000509873458667556,-0.0871209689847939
651,"long_v3_CCD0.0.25",1.76229672744737,0.020323801730684,0.0370128041846149,-0.0729965529213657
652,"long_v3_CCD0.0.25",1.75507283471413,0.0326933986470976,0.0330967206212972,-0.101273085635748
653,"long_v3_CCD0.0.25",1.91925086326315,0.00440647606350615,0.0639640250985702,-0.0766721446589825
654,"long_v3_CCD0.0.25",1.72295323802557,0.0730904625563406,0.0418211155697334,-0.12259900757396
655,"long_v3_CCD0.0.25",1.90009339185565,0.0119655275793343,-0.00959622372193049,-0.112215451279457
656,"long_v3_CCD0.0.25",1.71450818474087,-0.0159995171916624,-0.0460064515929805,-0.0668657188192741
657,"long_v3_CCD0.0.25",1.48305084502472,-0.0495927705497278,-0.031579191520018,-0.000445315205547268
658,"long_v3_CCD0.0.25",1.70626045500515,-0.0352325895644417,-0.012472257129934,-0.0623631634181153
659,"long_v3_CCD0.0.25",1.78197226885902,0.0230699299781038,0.000487938499220436,-0.0312084123149762
660,"long_v3_CCD0.0.25",1.7718373969294,0.0194262008714891,0.00735019438828913,-0.0752351079297877
661,"long_v3_CCD0.0.25",2.06560040309698,0.0220973947217947,-0.0466797416577885,-0.110709948479778
662,"long_v3_CCD0.0.25",2.2094282072328,-0.0314084054775212,0.0248028278526872,-0.146931926385848
663,"long_v3_CCD0.0.25",2.15216336208676,0.0447444443248533,0.0437306154357583,-0.0775493317382413
664,"long_v3_CCD0.0.25",1.90435420469842,0.0147836270490841,-0.0343735950054804,-0.0736125237187851
665,"long_v3_CCD0.0.25",1.66476733421026,0.0271092530167704,0.0303009758006747,-0.101655815443498
666,"long_v3_CCD0.0.25",1.81776773131606,-0.0229668473014608,0.0107317819632493,-0.15650324711259
667,"long_v3_CCD0.0.25",2.17537338571167,0.082246896058825,0.099116848789723,-0.00388389203823562
668,"long_v3_CCD0.0.25",2.03965249697498,0.000235256705307748,0.050822739283684,-0.130840361497865
669,"long_v3_CCD0.0.25",1.8097724205479,0.0199973647598661,0.0475836099628072,-0.0963140017860389
670,"long_v3_CCD0.0.25",1.47985408016363,-0.0233349934602809,-0.0223981201235559,-0.00897925569823172
671,"long_v3_CCD0.0.25",2.18775806696808,-0.0527810857052863,0.0758580338729039,-0.0250778150243255
672,"long_v3_CCD0.0.25",2.21108783580345,0.0547685906592842,0.0955141450905843,-0.059582571577071
673,"long_v3_CCD0.0.25",2.14893359631788,0.00904928642809825,0.00133621498005616,-0.15119838071995
674,"long_v3_CCD0.0.25",1.85793715982841,-0.0443319098809259,0.0215755308828753,-0.0186585651862602
675,"long_v3_CCD0.0.25",1.93274664642034,-0.0123866603625643,0.0337057121736917,-0.082879697818284
676,"long_v3_CCD0.0.25",1.94925170372075,-0.0226834965346676,0.0175473321622431,-0.00574567703054843
677,"long_v3_CCD0.0.25",1.92054635889549,-0.0173699467666324,0.0170193795544049,-0.0631593448354077
678,"long_v3_CCD0.0.25",1.8654704279867,-0.0322883375688136,-0.0234857291542057,-0.112611085216923
679,"long_v3_CCD0.0.25",1.94280713711296,0.0593166657600864,0.0232664722837477,-0.0864956269168118
680,"long_v3_CCD0.0.25",1.66930071647029,0.0561086874133499,0.0635843737601548,-0.0428325180120461
681,"long_v3_CCD0.0.25",1.62140591936117,0.0031046097887248,-0.0163045587060441,-0.0558068157889921
682,"long_v3_CCD0.0.25",1.97426014040611,0.015898353672021,0.0693023486723389,-0.0311401744117013
683,"long_v3_CCD0.0.25",1.74189229685338,0.0218111732702646,0.105112989488816,-0.052414113881099
684,"long_v3_CCD0.0.25",2.18761245676353,0.0466342907151876,0.0432407567670427,-0.0321725386601077
685,"long_v3_CCD0.0.25",1.94348273214237,0.0314080882084478,0.0493106146969594,-0.08907471281421
686,"long_v3_CCD0.0.25",2.11455228078957,0.0647151458967074,0.0515019198405825,-0.0238560267881828
687,"long_v3_CCD0.0.25",1.78649149264759,0.00317509861794718,0.0326250212506185,-0.0930093721525735
688,"long_v3_CCD0.0.25",1.78804239174642,0.0410339169768523,-0.00881938438996306,-0.0711936357613984
689,"long_v3_CCD0.0.25",1.80064750247794,-0.00558157299710925,-0.0199855425363416,-0.0329239042987992
690,"long_v3_CCD0.0.25",2.16846031114281,-0.00207104178296804,0.0684115227593387,-0.0705708988862533
691,"long_v3_CCD0.0.25",1.8080389224281,-0.0372127470003315,-0.0298990034910801,-0.0372613119181538
692,"long_v3_CCD0.0.25",1.82332612314831,-0.0168559929728763,-0.0172787545812873,-0.0776296166037733
693,"long_v3_CCD0.0.25",1.23912178436373,0.0285348705803398,0.0136536838527214,-0.0927364678326396
694,"long_v3_CCD0.0.25",1.57489385600772,0.00837675856216364,0.135174291073762,-0.0421994846203898
695,"long_v3_CCD0.0.25",1.75507502909617,-0.0109232451316824,0.0361252099290281,-0.158734388779148
696,"long_v3_CCD0.0.25",1.62084335164828,0.0172399283952241,-0.00179825087540222,-0.0806977572181549
697,"long_v3_CCD0.0.25",2.07113545733129,-0.0290914907723696,0.0459481432237879,-0.0847441225395213
698,"long_v3_CCD0.0.25",2.05594387143891,-0.00768621478963438,0.082426864946278,-0.0846689471002973
699,"long_v3_CCD0.0.25",1.90554534128996,0.000163088615663335,0.0872608467691983,-0.125340199374343
700,"long_v3_CCD0.0.25",1.8395485521239,-0.0272516419602442,0.0249624368073842,-0.0586139808747207
701,"long_v3_CCD0.0.25",2.01419413502162,0.0114943819205033,0.0269172521625401,-0.131686254112212
702,"long_v3_CCD0.0.25",1.7695797593607,-0.0237910916636703,-0.0023348785195266,-0.0854738823453514
703,"long_v3_CCD0.0.25",1.93706535970075,0.00619177784937971,0.0323461015949152,-0.0721725741058569
704,"long_v3_CCD0.0.25",1.77159080615448,-0.0539368165232153,0.0237748819043786,-0.0430078299076604
705,"long_v3_CCD0.0.25",1.53451831449449,-0.0418212839318554,-0.0293806938182045,0.00543722617924058
706,"long_v3_CCD0.0.25",1.95094491059665,-0.0302812639546577,0.0676259661996557,-0.131948833946719
707,"long_v3_CCD0.0.25",1.95328798978087,-0.0303804086052763,0.0677470071393948,-0.132136134306544
708,"long_v3_CCD0.0.25",1.9521311673775,-0.0309541567518424,0.0679167361798716,-0.132294301389552
709,"long_v3_CCD0.0.25",1.95228490402892,-0.0324520445235583,0.0688742029196415,-0.132546468664342
710,"long_v3_CCD0.0.25",1.95316476106994,-0.0325745998943502,0.0687610224885553,-0.132307728370867
711,"long_v3_CCD0.0.25",1.95456945816402,-0.0324813229441255,0.0693706223680137,-0.132054490346019
712,"long_v3_CCD0.0.25",1.95126423082566,-0.0323677125151892,0.0695581902343401,-0.132444186322071
713,"long_v3_CCD0.0.25",1.95371890843236,-0.0327306813623574,0.0694782066019356,-0.131476897573024
714,"long_v3_CCD0.0.25",2.19160350365707,-0.0539091335552173,0.113791004123833,-0.0677500891415721
715,"long_v3_CCD0.0.25",1.94103524295223,-0.0299236004279154,-0.0793279913951887,-0.0481531323733417
716,"long_v3_CCD0.0.25",1.77083126959849,0.00766121942457813,0.00875923835578687,-0.181714121644133
717,"long_v3_CCD0.0.25",1.65426779110075,0.0167363239608829,0.0404546066779104,-0.0464964490592216
718,"long_v3_CCD0.0.25",1.72364408504285,0.0511195830974732,0.0587130623833097,-0.0231519412146688
719,"long_v3_CCD0.0.25",1.89320370266051,0.0240102360819122,0.0419159022960865,-0.0578083582500926
720,"long_v3_CCD0.0.25",1.91390125816039,-0.00940537183210723,-0.0334791436607658,-0.141891860667537
721,"long_v3_CCD0.0.25",1.63239404817993,0.0850610263255789,0.0173569444724275,-0.0992430588085584
722,"long_v3_CCD0.0.25",1.85276423996514,-0.00575188886516312,0.0502885341526457,-0.0952836823559835
723,"long_v3_CCD0.0.25",1.98410034683013,0.00509356242049347,-0.00800997980801872,-0.0141117962475336
724,"long_v3_CCD0.0.25",1.39457068432965,0.0338797239970112,-0.0257234362217904,-0.194829136391733
725,"long_v3_CCD0.0.25",1.95981863505725,-0.0182017243840928,0.00498771047694523,-0.0737118581930464
726,"long_v3_CCD0.0.25",1.71464152709702,-0.024424339437181,-0.0406438295682477,-0.111447401390573
727,"long_v3_CCD0.0.25",1.61527259468016,-0.0646071671108117,0.0246057281711844,-0.0420759049714241
728,"long_v3_CCD0.0.25",1.72177128906339,0.0633413603535413,0.0380902322393809,-0.0971453194946623
729,"long_v3_CCD0.0.25",1.80945980741806,0.0432462495162649,0.0491126754259371,-0.0630422940959335
730,"long_v3_CCD0.0.25",2.06476491792859,-0.00746428047529041,0.031847745396424,-0.0647568946180449
731,"long_v3_CCD0.0.25",1.52189028248234,0.00848432349078694,-0.025078991246108,-0.069749736480209
732,"long_v3_CCD0.0.25",2.12394317377949,0.0548168030134144,0.0321139804846755,-0.11855599328569
733,"long_v3_CCD0.0.25",1.76153411533026,-0.00646256985595283,-0.00315570346017653,-0.185748694586426
734,"long_v3_CCD0.0.25",1.95949533758672,0.0331967112251636,-0.0219842069797025,-0.210799877879671
735,"long_v3_CCD0.0.25",2.21318674177047,0.0306325179082866,-0.0133528116143432,-0.138154210819323
736,"long_v3_CCD0.0.25",1.95916133071171,-0.0242382462882035,0.121483120471427,-0.0864383325079069
737,"long_v3_CCD0.0.25",1.75861401832841,0.0494332500722684,0.00566133889699065,-0.133028423726675
738,"long_v3_CCD0.0.25",1.9511908527024,-0.0269297499883342,-0.0115323900144292,-0.0525466620646578
739,"long_v3_CCD0.0.25",2.07612530354812,0.00265420536368519,-0.00414594457637899,-0.0991842895639922
740,"long_v3_CCD0.0.25",1.61844747741821,-0.0304158401874828,0.0388636682660457,-0.0314766142209748
741,"long_v3_CCD0.0.25",2.13403801537033,-0.0530673735851444,0.0653556269484287,-0.0691263438155607
742,"long_v3_CCD0.0.25",1.96224179521646,-0.00393553233668377,0.00601253041818386,-0.125039827185963
743,"long_v3_CCD0.0.25",1.76864751377452,-0.0152619396550747,0.0359451897188057,-0.0949889745209896
744,"long_v3_CCD0.0.25",2.09234430942344,0.0338843547107385,0.0427688702227842,-0.0790833010799947
745,"long_v3_CCD0.0.25",1.86042022089835,-0.0158933357729785,0.0027234850646467,-0.0141561939928891
746,"long_v3_CCD0.0.25",1.81332634601745,0.0397982587046904,0.00666403350510247,-0.0850353473906831
747,"long_v3_CCD0.0.25",1.80612206822342,0.0155070811674308,-0.0344197767966258,-0.0405264039410623
748,"long_v3_CCD0.0.25",1.93875733746226,0.0405864560042211,0.0632453732090338,-0.138452432474679
749,"long_v3_CCD0.0.25",1.64508943013472,0.0331997434364993,0.00477634581645381,-0.0844008412225225
750,"long_v3_CCD0.0.25",1.9144484436925,0.00151013257512216,-0.0729225274789005,-0.121933844034145
751,"long_v3_CCD0.0.25",1.80871016791823,-0.0821285140664149,0.0552619968174534,-0.048443697100672
752,"long_v3_CCD0.0.25",2.15307286838519,0.0110820828376,0.0841177190525955,-0.164560066162654
753,"long_v3_CCD0.0.25",1.54437608159086,-0.0532770323904706,0.0291888520940436,-0.0732937384936822
754,"long_v3_CCD0.0.25",1.89566228740946,0.033564467706709,0.0599647326618975,0.0206406848441481
755,"long_v3_CCD0.0.25",2.38065134276206,0.0140684906299212,0.0157115487084754,-0.10232467787998
756,"long_v3_CCD0.0.25",2.2798892239168,0.0617271412934404,0.0361399856461224,-0.158408909625328
757,"long_v3_CCD0.0.25",2.14911820364424,-0.0124287138075835,-0.029106043985222,-0.115268693177906
758,"long_v3_CCD0.0.25",2.07665990039783,0.0459894398542403,0.0502365807145449,-0.120633889203007
759,"long_v3_CCD0.0.25",2.11252340770746,0.00412395661465226,-0.0355345984408073,-0.0868063508066225
760,"long_v3_CCD0.0.25",1.36637132240902,-0.108895591947067,0.036262510922455,-0.172647018412872
761,"long_v3_CCD0.0.25",2.05738485863341,-0.0271597128325032,-0.00526066733989457,-0.101733164623975
762,"long_v3_CCD0.0.25",1.92225668652398,-0.00663435463192053,0.0374046791186338,-0.00865962655890473
763,"long_v3_CCD0.0.25",1.60536871541427,-0.0086906279138574,0.00770794589805513,0.007325198412005
764,"long_v3_CCD0.0.25",1.96485117346448,0.0145236876738736,0.0288271275932255,-0.080024935283245
765,"long_v3_CCD0.0.25",1.96442517079726,0.00233459663408855,-0.0602159495868077,-0.142308959258686
766,"long_v3_CCD0.0.25",2.03422627322635,0.0712639954469651,-0.00797994563511491,-0.112240583015533
767,"long_v3_CCD0.0.25",1.73838623314928,-0.0387507509244249,-0.0676151658736558,-0.104650714813285
768,"long_v3_CCD0.0.25",2.09315233075899,0.0573979744031305,0.0397175690250107,-0.0330016116301122
769,"long_v3_CCD0.0.25",1.59663834693259,0.10701177327302,0.0560668507989891,-0.0776278710644715
770,"long_v3_CCD0.0.25",1.94410612793761,-0.0397821909620739,0.0195656321221772,-0.101127799500166
771,"long_v3_CCD0.0.25",0.833651687937748,0.0248517008288549,-0.0171850545450633,-0.132727641562957
772,"long_v3_CCD0.0.25",1.88896145792891,0.0295176301006443,-0.0493983629464932,-0.089568961653145
773,"long_v3_CCD0.0.25",1.57721244811737,-0.0313983901098606,0.0365568218733686,-0.0257976435472259
774,"long_v3_CCD0.0.25",1.88975739763012,0.0115146841424818,-0.0634791705942614,-0.0377896791642334
775,"long_v3_CCD0.0.25",1.87838127039238,-0.0435575138498178,0.0428898801056893,-0.061106847208966
776,"long_v3_CCD0.0.25",1.92736025662179,0.0295091960451589,-0.0220766534718818,-0.129057430363783
777,"long_v3_CCD0.0.25",1.79915754530437,0.0240337849944173,0.00761644963482313,-0.0866740156981686
778,"long_v3_CCD0.0.25",1.94844480305936,-0.0130247788757365,-0.00108898746731544,-0.0889066644131542
779,"long_v3_CCD0.0.25",2.2608267047948,0.100784869290285,0.0340884671133298,-0.0988128845350546
780,"long_v3_CCD0.0.25",2.07405285143883,0.023998747329757,0.00847369902448007,-0.11746024893561
781,"long_v3_CCD0.0.25",1.94572382873901,-0.00103426784411606,0.0634655400469098,-0.109715735927239
782,"long_v3_CCD0.0.25",1.83204565130388,0.0209509091276126,-0.0234773081073559,-0.108391138380927
783,"long_v3_CCD0.0.25",1.78533378624292,0.0390382322462182,-0.0350491981441818,-0.0794176690286452
784,"long_v3_CCD0.0.25",1.94621180689636,0.0149807732108667,0.0608091587446115,-0.0480804571387753
785,"long_v3_CCD0.0.25",1.78968935237134,-0.0169407358461953,0.0367049332313243,-0.0984314806415032
786,"long_v3_CCD0.0.25",1.81610884593374,-0.0394822520054399,0.0270539772975999,-0.044038444743221
787,"long_v3_CCD0.0.25",1.93686705039667,0.0606317769049147,-0.00480486351613192,-0.137289809134383
788,"long_v3_CCD0.0.25",1.54760414129109,0.0363383112351071,0.037355288864862,-0.108399787087396
789,"long_v3_CCD0.0.25",1.78434004063106,-0.0121466897631801,-0.0287734617450652,-0.041671906355585
790,"long_v3_CCD0.0.25",1.92749727907705,0.0398892113470083,0.00975879349463561,-0.126048042094583
791,"long_v3_CCD0.0.25",1.99336025149941,0.0381957035462298,-0.02396429187972,-0.0660516572016401
792,"long_v3_CCD0.0.25",2.03516250706007,0.109185696189713,-0.00551338693748397,-0.146233502277583
793,"long_v3_CCD0.0.25",1.79764640984681,0.0306840035863857,0.0442945162953081,-0.0482775408142866
794,"long_v3_CCD0.0.25",1.95400646821044,0.0438993669795089,0.0310946720730767,-0.0679865666073379
795,"long_v3_CCD0.0.25",1.80311483891268,-0.00340791384602909,0.0189360877286569,-0.156303916691934
796,"long_v3_CCD0.0.25",2.08898787365583,0.0200908083366859,0.0532746812392937,-0.146943148823428
797,"long_v3_CCD0.0.25",1.81643434851413,-0.0494290066944249,0.0163271661462105,-0.0396920619896018
798,"long_v3_CCD0.0.25",2.10186894544676,-0.00784858016897912,0.0500258185481404,0.0080943708692684
799,"long_v3_CCD0.0.25",1.86022805914793,0.0810662484132708,0.0414817240400929,-0.0677528101449905
800,"long_v3_CCD0.0.25",2.10999939552813,0.0217322015411751,0.0516850663072554,-0.114932275553472
801,"long_v3_CCD0.0.25",1.7951587728052,0.00109247333315274,0.049137424874608,-0.0768024972734294
802,"long_v3_CCD0.0.25",1.29316553340938,-0.0643050137468504,-0.00472879362311295,-0.082312974345306
803,"long_v3_CCD0.0.25",2.14169565949008,-0.112081127916597,0.0521360959523991,-0.120170670680875
804,"long_v3_CCD0.0.25",1.83986198928726,-0.0101046287497611,0.0580749681890934,-0.0576946073589046
805,"long_v3_CCD0.0.25",1.84710486783618,0.0623472436294824,0.0840410169186495,-0.199954808795783
806,"long_v3_CCD0.0.25",2.05439745533767,0.00837662920846267,-0.020760828597821,-0.176537198102436
807,"long_v3_CCD0.0.25",2.2696137728472,0.022285609269402,0.0560139528605126,-0.107157203761742
808,"long_v3_CCD0.0.25",1.72257747378113,-0.0429080072315213,0.0176299261004817,-0.063907001482672
809,"long_v3_CCD0.0.25",2.08296368881404,0.0069496947972333,0.0117668083088146,-0.0485121826002174
810,"long_v3_CCD0.0.25",1.66272778663798,0.00215806987393068,0.0517329465861905,-0.0890493407806118
811,"long_v3_CCD0.0.25",1.84610390190552,-0.0552606219348394,0.0552879237062762,-0.0547782434064148
812,"long_v3_CCD0.0.25",2.02171405221978,0.0196363794289102,0.044628813951938,-0.0765971995115725
813,"long_v3_CCD0.0.25",1.91555845574758,0.0673275384665796,-0.0277552970330084,-0.126621360880536
814,"long_v3_CCD0.0.25",2.13777237501365,0.0558144950594848,0.0521305656764176,-0.144456792175416
815,"long_v3_CCD0.0.25",1.96204504287964,-0.00025086711685496,0.035596260453078,-0.118390615442429
816,"long_v3_CCD0.0.25",2.17926954980638,0.00354937526461682,0.0769187685138455,-0.0366106885975755
817,"long_v3_CCD0.0.25",2.25464630622118,0.0454690351788773,0.0832597966265702,-0.0259886683689111
818,"long_v3_CCD0.0.25",1.80030049504902,0.0898055040025812,0.0292057162417002,-0.0459019254011504
819,"long_v3_CCD0.0.25",1.88470182834706,-0.0154421649071905,0.0316405777212894,-0.0756245789512063
820,"long_v3_CCD0.0.25",1.52003908224389,-0.0222469834859046,0.0444488881783886,-0.0855856789960803
821,"long_v3_CCD0.0.25",1.72500068234327,-0.01379734193675,0.113432609409092,-0.0515370736577271
822,"long_v3_CCD0.0.25",1.66952362178776,-0.0390895908622327,-0.0583158893809269,-0.107553697270152
823,"long_v3_CCD0.0.25",1.99901467657034,0.0321944055173574,-0.000531559689730569,-0.0711032518845143
824,"long_v3_CCD0.0.25",1.93003515073151,-0.0110755603370802,0.0202672832139784,-0.155703945361968
825,"long_v3_CCD0.0.25",1.895602550342,-0.0511973624262859,-0.0148831382670345,-0.00714237008071587
826,"long_v3_CCD0.0.25",1.80116826874722,-0.0338396098543247,0.0952331774892215,-0.108495803818638
827,"long_v3_CCD0.0.25",1.92975615616348,0.0210114248749636,0.0583928369712511,-0.0347357553362177
828,"long_v3_CCD0.0.25",1.80709390137554,-0.0285242915323417,-0.0198495832261186,-0.0847027519252333
829,"long_v3_CCD0.0.25",2.14775685001608,0.0265408106626821,-0.0182932438621392,-0.125437490602648
830,"long_v3_CCD0.0.25",1.83745012054856,0.025475695715526,0.0538219580093494,-0.13327655796129
831,"long_v3_CCD0.0.25",1.92086169060059,0.00313364301514745,-0.0103308806737105,-0.101035921832064
832,"long_v3_CCD0.0.25",1.70077384101862,0.0623812595855609,0.0580261747595577,-0.0713185966828245
833,"long_v3_CCD0.0.25",1.61441551295175,0.00652926567706194,-0.0122519199070647,-0.105902769043776
834,"long_v3_CCD0.0.25",1.43514363923688,0.0762828930830243,-0.0584302183307724,-0.108519596624091
835,"long_v3_CCD0.0.25",2.01344166134587,0.0315301397746468,0.0721261300745099,-0.128968679261315
836,"long_v3_CCD0.0.25",1.87257241009221,0.0176981651246245,0.059949960352226,-0.126090376671998
837,"long_v3_CCD0.0.25",1.85486643536017,0.0439172648978706,-0.0473287128118001,-0.0559745010266365
838,"long_v3_CCD0.0.25",1.84896941327404,0.0105772210564799,-0.00812039846082729,-0.00601127391447244
839,"long_v3_CCD0.0.25",1.60491586842187,0.0287091777416392,0.0683542194343846,-0.0994398418649639
840,"long_v3_CCD0.0.25",1.51960480376214,0.126596293272715,0.0849422089782404,-0.0124890688713592
841,"long_v3_CCD0.0.25",1.94753530303182,0.0211974531918521,0.0887986226976813,-0.0838975817721055
842,"long_v3_CCD0.0.25",2.18617995170023,0.0934846279603591,-0.108020272914554,-0.12623126517749
843,"long_v3_CCD0.0.25",1.88681835816077,0.000715405446558378,0.005876370047967,-0.100428273440657
844,"long_v3_CCD0.0.25",1.49973586384979,-0.0385849136157194,-0.0091327422993295,-0.172721607781944
845,"long_v3_CCD0.0.25",2.16690758518274,0.0157955287094396,0.054779640277303,-0.102049529700545
846,"long_v3_CCD0.0.25",1.99383129245259,-0.00633512746938687,0.00573528841789639,-0.0916932531637111
847,"long_v3_CCD0.0.25",1.81364116053358,0.0493911321089118,-0.082887292880743,-0.112707995943982
848,"long_v3_CCD0.0.25",1.99988210867174,-0.0260456950356289,0.0328175809215275,-0.0683331255502276
849,"long_v3_CCD0.0.25",1.86996475392716,0.0200485025034744,-0.0484277194671049,-0.164225421770447
850,"long_v3_CCD0.0.25",1.92989383275504,0.0331684975520113,-0.0107261638204385,-0.113139216225943
851,"long_v3_CCD0.0.25",1.95893847655501,0.0111129598719202,0.0288239438721915,-0.134050322130799
852,"long_v3_CCD0.0.25",1.8355246802616,0.00263499290660133,0.022270302352088,-0.0348941627490901
853,"long_v3_CCD0.0.25",1.99427446320567,0.0051911312622209,0.0188311499035811,-0.0788972958459132
854,"long_v3_CCD0.0.25",1.98514602823448,0.0498953712613166,0.0358778614853284,-0.195723376822138
855,"long_v3_CCD0.0.25",1.55675564339808,-0.0167091458410327,0.0567062123624748,-0.0839623809800948
856,"long_v3_CCD0.0.25",1.75713550333257,0.0328237083819208,0.0227533964231628,-0.0740297316721742
857,"long_v3_CCD0.0.25",1.639708507769,-0.00746847650626991,-0.0108794003168772,-0.00964795635199855
858,"long_v3_CCD0.0.25",1.94538677052855,0.0800064875379427,-0.0563639793561767,-0.120180024228458
859,"long_v3_CCD0.0.25",1.82956159420333,0.0232799240797346,0.0312912516337498,-0.009686309307873
860,"long_v3_CCD0.0.25",1.85634207234588,0.0401328554692592,0.0695998168332491,-0.137745209695503
861,"long_v3_CCD0.0.25",2.22457621279524,0.00264889164984459,0.0136416537747162,-0.0296668582604798
862,"long_v3_CCD0.0.25",1.82951356952598,0.024894785693316,-0.0112064463541779,-0.141911609126732
863,"long_v3_CCD0.0.25",2.17374766994937,0.0281978172844272,0.0472564485939863,-0.142917045254613
864,"long_v3_CCD0.0.25",1.85498048120357,-0.0266791182924002,-0.0339580431720412,-0.0917466393945009
865,"long_v3_CCD0.0.25",1.51073657363666,0.0251690535207903,0.0465585855026947,-0.0493190006695284
866,"long_v3_CCD0.0.25",1.84124655247163,0.0279630869331881,0.0472520952958138,-0.0958095342761843
867,"long_v3_CCD0.0.25",1.83099873896828,-0.0142377687046169,0.0499737561253234,-0.0320957774596835
868,"long_v3_CCD0.0.25",2.01591170482213,-0.0439291335609046,0.0307069550822707,-0.116265021274862
869,"long_v3_CCD0.0.25",1.90705792734571,-0.0207632999586724,0.0358647759672129,-0.0942776510731619
870,"long_v3_CCD0.0.25",1.55082411219835,-0.0282191630464727,0.119932521090743,-0.0592809734059953
871,"long_v3_CCD0.0.25",1.68942113864202,0.0281523760136522,-0.0206527393186715,-0.0685996212554326
872,"long_v3_CCD0.0.25",1.84114280407198,-0.019856882334016,-0.0109463048864061,-0.0569557740919882
873,"long_v3_CCD0.0.25",2.04054500728563,0.0621911334075124,0.0593191810922066,-0.0907907579097288
874,"long_v3_CCD0.0.25",1.90250514461274,-0.0300400491784898,-0.00460446599080623,-0.11571392068776
875,"long_v3_CCD0.0.25",1.89035970258268,0.0726190099569131,0.0621421957034978,-0.131073373706231
876,"long_v3_CCD0.0.25",1.69220753662687,-0.036935000220847,0.0438734426717463,-0.0212018039257953
877,"long_v3_CCD0.0.25",1.93387730630846,0.0166552242955233,-0.0276213245248347,-0.119337463916219
878,"long_v3_CCD0.0.25",2.01042966353552,-0.0446643631468969,0.0527836164435982,-0.105758761514877
879,"long_v3_CCD0.0.25",1.58459940136661,-0.000636586736103977,0.031988706596956,-0.14029276549867
880,"long_v3_CCD0.0.25",1.86466374364742,0.00650340923448689,-0.0619337901443183,-0.0790626857230475
881,"long_v3_CCD0.0.25",2.01592714961349,-0.0475817423538639,0.0523137379393858,-0.0820471430784016
882,"long_v3_CCD0.0.25",1.87782244204769,0.038196586685935,0.0444598184180872,-0.0955635671584955
883,"long_v3_CCD0.0.25",1.67578020095919,-0.0193729957248954,0.0736488216229049,-0.0499738938210163
884,"long_v3_CCD0.0.25",1.90182294359011,0.025517118086472,0.0165834742501815,-0.0657979971201407
885,"long_v3_CCD0.0.25",1.94161653428883,0.0152985125446513,0.0177990070340986,-0.068864234541749
886,"long_v3_CCD0.0.25",1.37748657198523,-0.10978628462589,-0.00274928964605587,-0.0598101487856984
887,"long_v3_CCD0.0.25",1.78572049499724,-0.0232703844095866,-0.018262913518312,-0.126452292221325
888,"long_v3_CCD0.0.25",1.95544968690679,-0.0106434767829664,0.0736269172380132,-0.110261717200527
889,"long_v3_CCD0.0.25",1.92908327495244,-0.00176870705179894,0.0446689801081967,-0.0464706929233429
890,"long_v3_CCD0.0.25",2.00128143630157,-0.0138232278951908,0.0652244693988663,-0.105746192059178
891,"long_v3_CCD0.0.25",1.76135842894305,-0.0342764351743359,0.0180939051908574,-0.035812839391627
892,"long_v3_CCD0.0.25",1.95022261483041,0.00394769977994311,0.0039486928160265,-0.102346647684427
893,"long_v3_CCD0.0.25",1.81517051041674,0.0350877619432977,0.0267335796598499,-0.122703585812606
894,"long_v3_CCD0.0.25",1.79064167256092,-0.0158094943331078,-0.125980471510321,-0.0245153674411729
895,"long_v3_CCD0.0.25",1.9029445225539,0.0412529555549171,0.0275658765437747,-0.117975766082212
896,"long_v3_CCD0.0.25",1.85517193868654,-0.00148392298110297,0.0662791094140849,-0.0676079235911035
897,"long_v3_CCD0.0.25",2.1176762444419,0.0287199710847407,0.0164564890637857,-0.132215638852557
898,"long_v3_CCD0.0.25",1.68685868829748,0.0264432642277097,0.058870453339446,-0.134459539096474
899,"long_v3_CCD0.0.25",1.87035600314025,0.0203598866152014,0.0519039164569062,-0.115990185582232
900,"long_v3_CCD0.0.25",2.0396758996837,0.0184470741865198,-0.04615555839192,-0.0711971019072719
901,"long_v3_CCD0.0.25",2.04092674761402,-0.0129908172918361,0.011204720198493,-0.150624303355513
902,"long_v3_CCD0.0.25",1.76601346738141,0.0282074584897297,0.0628420332012769,-0.120747556990506
903,"long_v3_CCD0.0.25",1.74411921475645,0.031221410214859,0.0237978551652434,-0.0631041719489043
904,"long_v3_CCD0.0.25",1.94580404943676,0.0432197179377981,-0.00551248643378055,-0.074934936050066
905,"long_v3_CCD0.0.25",1.83664793613643,-0.0189597446592846,0.00971424142036407,-0.0763141915086464
906,"long_v3_CCD0.0.25",2.06920285179405,-0.0377857449490844,0.0183223388118735,-0.0029673177070326
907,"long_v3_CCD0.0.25",2.05378039098822,-0.00921052551067582,-0.0035295492971113,-0.059488151779434
908,"long_v3_CCD0.0.25",1.56704110465702,-0.0932239524668832,0.0639375363273538,-0.161881021615682
909,"long_v3_CCD0.0.25",1.80802689440462,0.0525288386552958,0.0195809461775323,-0.111713922762048
910,"long_v3_CCD0.0.25",1.81218133611237,0.00628733702600227,0.0713165173164001,-0.0274319968712061
911,"long_v3_CCD0.0.25",1.77673894210366,-0.0111247606543575,-0.0186558652960072,-0.0587934157664121
912,"long_v3_CCD0.0.25",1.91449583480757,-0.00362468913550163,0.0280415512052958,-0.101998927710636
913,"long_v3_CCD0.0.25",2.2018196909381,-0.0176394527173487,0.0903494206844819,-0.069802646244809
914,"long_v3_CCD0.0.25",2.27217797384036,-0.0156548655988115,-0.00320543983381694,-0.163609549307492
915,"long_v3_CCD0.0.25",2.08043091768255,0.0576741444484103,0.0647077666584447,-0.116729114338802
916,"long_v3_CCD0.0.25",1.38929715891783,-0.0125355457806196,0.0201225317804265,-0.0402270302501354
917,"long_v3_CCD0.0.25",1.74905165572887,0.00232791841971922,0.00342007839481204,-0.115276540624374
918,"long_v3_CCD0.0.25",1.77469141908529,-0.0368130636709901,0.00722949469118163,-0.160117279564981
919,"long_v3_CCD0.0.25",1.79628513423548,0.0706659442364533,-0.0506015459576078,-0.104461870915781
920,"long_v3_CCD0.0.25",2.14253781148969,0.036635285914449,-0.0155888435140851,-0.0203760472665912
921,"long_v3_CCD0.0.25",1.78446694962986,-0.00609181760107728,0.00149139397165443,-0.0732077482964212
922,"long_v3_CCD0.0.25",1.78733980328653,-0.0152284453947251,0.012526289708011,0.00187050620271889
923,"long_v3_CCD0.0.25",2.24820714139657,-0.0789103032703041,0.0125864365534466,-0.0808410993287377
924,"long_v3_CCD0.0.25",2.0150941851676,-0.000400571758328758,0.0558371004215182,-0.101457231623284
925,"long_v3_CCD0.0.25",1.63308162393935,0.000801103603991857,0.0563478216418649,-0.0470614253865592
926,"long_v3_CCD0.0.25",1.86847342913311,-0.00816023895595697,0.00446427982545194,-0.0901443841355339
927,"long_v3_CCD0.0.25",2.073400313695,-0.00758977887445005,-0.0116276813830835,-0.106866849323887
928,"long_v3_CCD0.0.25",1.93481887184728,-0.0397309347867714,0.0134840628937675,-0.154229884196163
929,"long_v3_CCD0.0.25",2.01789869237986,0.0323430993776217,0.0202888048804648,-0.0818801406112285
930,"long_v3_CCD0.0.25",1.51324551398232,-0.0222740034719911,0.00292784521875395,-0.0632533432119598
931,"long_v3_CCD0.0.25",1.82598602722348,-0.018580980701114,-0.0465009142586607,-0.0715516890773243
932,"long_v3_CCD0.0.25",1.49874881820162,-0.0157996619895847,-0.0316158496643992,-0.062785948867929
933,"long_v3_CCD0.0.25",1.42714267949215,-0.0407336436014382,0.0135043657671722,-0.0863389106382317
934,"long_v3_CCD0.0.25",2.20160940765339,-0.0477556170389473,0.0415752927459707,-0.0468524843565091
935,"long_v3_CCD0.0.25",1.54095786359042,0.00235104621102392,0.00989230402920471,-0.02821009896161
936,"long_v3_CCD0.0.25",1.88126411854729,0.0417134892859996,-0.0101308982585947,-0.0745916513463953
937,"long_v3_CCD0.0.25",2.01949710047638,0.0628504285053927,0.0662188294815977,-0.0898213756566832
938,"long_v3_CCD0.0.25",1.89461048075365,-0.0270082170333369,0.0501348015260285,-0.122425862011208
939,"long_v3_CCD0.0.25",1.82995614952358,0.0521866431371391,-0.0112497200577702,-0.0409360245918647
940,"long_v3_CCD0.0.25",2.0235842243544,0.0109837644754075,0.0156235226345516,-0.0791288431914311
941,"long_v3_CCD0.0.25",1.90237090537788,0.0168438180835464,-0.024343903353072,-0.134084639278186
942,"long_v3_CCD0.0.25",1.5474843591431,-0.0273332767523191,-0.00199511353297463,-0.101428179262969
943,"long_v3_CCD0.0.25",2.04018322953266,0.0165734043491646,0.0177952896040562,-0.0733740858853911
944,"long_v3_CCD0.0.25",1.81688276171324,-0.0296626870738729,-0.0375179418120465,0.0710936668470214
945,"long_v3_CCD0.0.25",1.78877094907856,-0.00811019401692813,-0.0212197722860584,-0.0971696924763295
946,"long_v3_CCD0.0.25",1.94773753528863,-0.0176908117271732,0.0431166438035944,-0.0650695885645811
947,"long_v3_CCD0.0.25",2.09038512185813,0.0119978759529777,0.0625483869146784,-0.0620137428714687
948,"long_v3_CCD0.0.25",1.81242038288539,0.0124443246623288,0.028415071626539,-0.162705377150795
949,"long_v3_CCD0.0.25",1.73844685730073,0.00308850990097001,0.0356974861984289,-0.0711125047864542
950,"long_v3_CCD0.0.25",2.05649522159242,0.0421633422836491,-0.0764460438806965,-0.102278033525454
951,"long_v3_CCD0.0.25",2.03617193378698,-0.0262382312228202,0.0730212436073031,-0.0967857301590949
952,"long_v3_CCD0.0.25",1.81133890007155,0.0149738026293921,0.0281069358488686,-0.0527343462267765
953,"long_v3_CCD0.0.25",1.79950126373717,-0.0156331167318579,-0.0628072417011505,-0.0742237494864303
954,"long_v3_CCD0.0.25",1.82602565289388,-0.0559147933622613,0.00127697690197999,-0.151090780758372
955,"long_v3_CCD0.0.25",1.80202156163233,-0.057533580493846,0.058228614323719,-0.072657557066029
956,"long_v3_CCD0.0.25",1.70776738101134,0.007261473153456,0.010158916743907,-0.0385031332166982
957,"long_v3_CCD0.0.25",2.01961519933071,0.00683923299301658,-0.0494143194107428,-0.032067743805327
958,"long_v3_CCD0.0.25",2.06168084547425,0.0129953064368069,-0.00979299945997344,-0.066093888878894
959,"long_v3_CCD0.0.25",1.92791900607496,-0.0114223776288135,-0.084296674367949,-0.0582604706247266
960,"long_v3_CCD0.0.25",1.70648711303807,-0.0339720108771031,0.000111031679994704,-0.0601250420884136
961,"long_v3_CCD0.0.25",1.97632776328705,0.0837804516285386,-0.0291464381572167,-0.0860957866608284
962,"long_v3_CCD0.0.25",1.74050382424785,0.00519494601683004,0.0825429795563725,-0.113547767045101
963,"long_v3_CCD0.0.25",2.11333336051706,0.0368251117308588,0.180080434468808,0.0572516065057612
964,"long_v3_CCD0.0.25",1.91374155369529,0.0406469711862656,0.0794500594022412,-0.0888406094798891
965,"long_v3_CCD0.0.25",2.03606609139476,0.0291799707017046,0.092592065765756,-0.0367505544978013
966,"long_v3_CCD0.0.25",1.97324923450327,-0.0106603016704151,0.0441175808366998,-0.043687065011893
967,"long_v3_CCD0.0.25",1.97936401908381,0.00110381002150499,0.015662700079479,-0.072954024404087
968,"long_v3_CCD0.0.25",1.92399757926593,0.0185115275613839,-0.0309218571865738,-0.130307709504949
969,"long_v3_CCD0.0.25",1.84131128207809,0.00599347168123467,0.0528699216482517,-0.0828067669976465
970,"long_v3_CCD0.0.25",1.80402773486265,0.00167252035676962,-0.0521997766569564,-0.0509892583285874
971,"long_v3_CCD0.0.25",1.69979702318776,-0.0695965521463562,-0.0120659353508497,0.00459249830500227
972,"long_v3_CCD0.0.25",2.03388982922019,0.0487805924578821,-0.0144893602463093,-0.117323441256073
973,"long_v3_CCD0.0.25",2.1061561131387,-0.0147715031012453,0.0454718965580572,-0.0870276980699244
974,"long_v3_CCD0.0.25",2.03812963854364,-0.0580393770763144,0.074927503313578,-0.0991390554669813
975,"long_v3_CCD0.0.25",1.98872953700817,0.0645894782513373,0.0527967806475523,-0.0818292581937168
976,"long_v3_CCD0.0.25",1.99236333790126,0.0294039941240601,0.00633631690849464,-0.0535106625401499
977,"long_v3_CCD0.0.25",1.88007308484147,0.0425972229543804,0.0528776038937385,-0.128289070189745
978,"long_v3_CCD0.0.25",1.78205483060308,0.035732237024525,0.0162811962237358,-0.0813458153339299
979,"long_v3_CCD0.0.25",1.70416288416551,0.0763390351015343,0.0247165525455019,-0.138099319600413
980,"long_v3_CCD0.0.25",1.89138337321938,-0.0205846278186437,-0.0355457468070816,-0.151955032991041
981,"long_v3_CCD0.0.25",2.03537634737757,0.0054083685387446,-0.0162438092706059,-0.0522396262850033
982,"long_v3_CCD0.0.25",2.31219797094972,0.014650159855602,-0.0867895220077067,-0.157188433153866
983,"long_v3_CCD0.0.25",1.96572867547084,0.00932078465197727,-0.043886344913258,-0.155923878950437
984,"long_v3_CCD0.0.25",1.76590855813361,0.0260295793929273,0.0333098948933082,-0.113703644682002
985,"long_v3_CCD0.0.25",2.03318712986098,-0.0377710413522225,-0.00895932781229647,-0.121676380078419
986,"long_v3_CCD0.0.25",1.65543299513405,0.00081107816317211,-0.0252966698836606,-0.0442997824593243
987,"long_v3_CCD0.0.25",1.87403250481636,-0.00968993191515197,-0.016479681309549,-0.0696996088786771
988,"long_v3_CCD0.0.25",1.93686539393758,0.0386969082477067,-0.000368600839718805,-0.123261442581972
989,"long_v3_CCD0.0.25",1.80129614614105,0.0584026653993755,0.0194960908413041,-0.0270986013531743
990,"long_v3_CCD0.0.25",2.07538544980828,0.0783104012143851,0.0297283364961683,-0.0994520344019565
991,"long_v3_CCD0.0.25",2.19191806726667,0.124925681437565,0.0361662208321153,-0.154044790571462
992,"long_v3_CCD0.0.25",1.57579368551927,0.00898780157268704,-0.0166368807462032,-0.0184769608293743
993,"long_v3_CCD0.0.25",1.95236314330778,0.0687735431512704,-0.0307346475827844,-0.0489025516503197
994,"long_v3_CCD0.0.25",1.81278510485125,0.091053542664486,0.00675805727380561,-0.0503005160660464
995,"long_v3_CCD0.0.25",1.82541449451149,-0.0043197978945075,-0.0113537906216469,-0.0975817706504049
996,"long_v3_CCD0.0.25",1.86320903619144,0.0194557689215505,0.000282816039339648,-0.150281103561857
997,"long_v3_CCD0.0.25",1.88593451414074,0.0443458114225498,0.0195855423097028,-0.111384355620758
998,"long_v3_CCD0.0.25",1.64810406121151,-0.0225940125841336,0.0677197274381502,0.00560050410606529
999,"long_v3_CCD0.0.25",1.73393706124874,0.0287445595395688,0.00251651026418197,-0.0758410329687824
1000,"long_v3_CCD0.0.25",1.99278414904108,-0.0189650433683074,0.0156371218507852,-0.0996915958242277
1001,"long_v3_CCD0.0.25",1.73105532925403,-0.0226968999809827,0.0339103393752001,-0.0231476200824113
1002,"long_v3_CCD0.0.25",1.73735702227094,-0.0173063660291647,0.0622952485096591,-0.0425242751106286
1003,"long_v3_CCD0.0.25",2.28644900439203,0.0211675319147244,0.0865412502143034,-0.0295790929224736
1004,"long_v3_CCD0.0.25",1.7842112103961,0.0447452555625885,0.0285357034579009,0.0108224313264444
1005,"long_v3_CCD0.0.25",1.75160023498564,0.0156945693589087,-0.0568462664851938,-0.124224146530459
1006,"long_v3_CCD0.0.25",1.54421746916704,-0.0173856593083698,0.0716213090642644,-0.0235811698721748
1007,"long_v3_CCD0.0.25",1.3545902105248,-0.0223709469439005,0.117739224872414,-0.0431777671304048
1008,"long_v3_CCD0.0.25",1.90971571770636,-0.053941508923084,-0.0438963549261502,-0.0913759523269611
1009,"long_v3_CCD0.0.25",1.62930074064565,0.0682969686707638,0.0710627384303017,-0.0828161615654562
1010,"long_v3_CCD0.0.25",1.83509861557282,-0.0418388898284534,0.0296331478649016,-0.145017187353684
1011,"long_v3_CCD0.0.25",2.05226533585565,-0.0756461532786633,-0.0353384585894955,-0.0435251909270709
1012,"long_v3_CCD0.0.25",1.84452948566186,0.00409604263574,0.0653272715001825,0.027832721793681
1013,"long_v3_CCD0.0.25",1.6626774304113,-0.044041774516774,0.0229140757004822,-0.0934233670875392
1014,"long_v3_CCD0.0.25",2.07345380735691,-0.0210841735852478,0.0491862576243172,-0.0786314334587232
1015,"long_v3_CCD0.0.25",2.11214629511913,0.0442917240759142,0.0170250549087027,-0.168006586397546
1016,"long_v3_CCD0.0.25",1.91968089154332,0.0621331925446594,-0.000395845621674232,-0.155526089236819
1017,"long_v3_CCD0.0.25",1.56081934130926,-0.0190152008469698,-0.0561580842325249,-0.0066939773189077
1018,"long_v3_CCD0.0.25",2.32552432548021,0.107381484840302,0.0980376939065948,-0.0799197822299311
1019,"long_v3_CCD0.0.25",1.73638074103106,0.00947538747700818,-0.0109357051644392,-0.0805993341088
1020,"long_v3_CCD0.0.25",2.0215794080345,0.0105108093695987,0.0351149836121982,-0.144832594110075
1021,"long_v3_CCD0.0.25",1.8734322159068,0.0813954328259567,-0.0538528027692477,-0.155167861385129
1022,"long_v3_CCD0.0.25",1.86879264600292,-0.00817830658093853,0.0605036824893814,-0.111774087580976
1023,"long_v3_CCD0.0.25",1.89734484871488,0.0347775202055972,0.0383952934244617,-0.0463667982486577
1024,"long_v3_CCD0.0.25",2.07355191953768,-0.0333939250761689,0.0594250335216648,-0.0718228064100081
1025,"long_v3_CCD0.0.25",1.94321259833024,-0.0164360299369385,-0.0184177952321483,-0.108478038293821
1026,"long_v3_CCD0.0.25",1.45005773195139,0.00702607331246371,0.0307761561009519,-0.0169575318200077
1027,"long_v3_CCD0.0.25",1.88313369842241,0.024383945014634,0.0253418692753872,-0.143478554939331
1028,"long_v3_CCD0.0.25",1.99981437610492,0.0145639610089118,-0.0161380673003971,-0.087236832412611
1029,"long_v3_CCD0.0.25",1.85747485676412,-0.00284012750389159,-0.00874405153521067,-0.0526075744731517
1030,"long_v3_CCD0.0.25",2.22497647431949,0.0200721167690147,0.0578802957631092,-0.147556371653588
1031,"long_v3_CCD0.0.25",1.8975259892015,-0.0441095103412064,0.0661422380679803,-0.0777365139841925
1032,"long_v3_CCD0.0.25",1.65319489174382,0.00451030331518204,-0.00605150254056779,-0.0849294461321183
1033,"long_v3_CCD0.0.25",1.89523341013705,-0.0395647390189111,-0.00964754619194275,-0.0912681245185844
1034,"long_v3_CCD0.0.25",1.85624386810762,0.00462823297085444,0.0177169685025935,-0.0517823677747254
1035,"long_v3_CCD0.0.25",1.75953524699339,-0.00235819613189508,-0.0166341821959228,-0.0871845613011128
1036,"long_v3_CCD0.0.25",2.12224809173125,-0.0161274787173286,-0.00554232021990346,0.0236089398531888
1037,"long_v3_CCD0.0.25",1.53872334387882,-0.0310154810045538,-0.0193549841899938,-0.0357613590298078
1038,"long_v3_CCD0.0.25",1.85444487829386,0.0405468037759505,0.010591887762445,-0.177210680374244
1039,"long_v3_CCD0.0.25",2.06936401605818,0.0339161162552853,0.0944212026070583,-0.12762831505387
1040,"long_v3_CCD0.0.25",1.68575834597676,-0.00587865104664689,-0.0403921533007652,0.0593413332972727
1041,"long_v3_CCD0.0.25",2.15809793429162,0.0537820472480308,0.0128935125642142,-0.129833717945412
1042,"long_v3_CCD0.0.25",1.85909901316083,-0.00846484558865489,-0.0166365103668035,-0.128520445852787
1043,"long_v3_CCD0.0.25",1.99129308016489,0.0356916465871854,0.0477869383037949,-0.11023975334535
1044,"long_v3_CCD0.0.25",1.74381847907909,0.0129770397070971,-0.00823644304324169,-0.10817573691166
1045,"long_v3_CCD0.0.25",1.72135313731934,0.0135280049631417,0.0431223223533801,-0.0579362497625201
1046,"long_v3_CCD0.0.25",2.14292210679526,0.0468146988721393,0.115885615335779,-0.0237907198122091
1047,"long_v3_CCD0.0.25",1.84775777288093,-0.0545523507518216,0.0463365802112145,-0.103096752854278
1048,"long_v3_CCD0.0.25",1.76259421322107,-0.0195715355074436,0.0383996220390304,-0.0112282664740959
1049,"long_v3_CCD0.0.25",1.93410607912568,0.0314432560973213,-0.00750368119897049,-0.109523100041008
1050,"long_v3_CCD0.0.25",2.07712315539864,-0.0649750665025694,-0.0450125685784959,-0.179685159983219
1051,"long_v3_CCD0.0.25",2.10860471853991,-0.0149410371680293,0.0174441288665938,-0.140153354401043
1052,"long_v3_CCD0.0.25",1.78220868983528,0.121010732993597,-0.0427983676210858,-0.0962400115914095
1053,"long_v3_CCD0.0.25",1.90675198695378,-0.00261620546172094,0.0609763906227555,-0.0327888726460478
1054,"long_v3_CCD0.0.25",2.09124001116027,0.010207194520427,0.0415934826068009,-0.0496418761992228
1055,"long_v3_CCD0.0.25",1.25020717782507,0.00628656315780409,0.0696604570215634,-0.089668532750922
1056,"long_v3_CCD0.0.25",1.83897704418016,0.0536680118686644,0.0593042911687651,0.0135774120511056
1057,"long_v3_CCD0.0.25",1.80883922914304,0.0315294018954032,0.0409763642495625,-0.106596548626703
1058,"long_v3_CCD0.0.25",1.83893206739245,-0.0152951730494709,0.0607934467249799,-0.092301176799512
1059,"long_v3_CCD0.0.25",1.75677598354895,0.00588414340401441,0.0359995801200047,-0.0397673408694541
1060,"long_v3_CCD0.0.25",1.78154366749763,-0.00193880103666185,0.0723389489767564,-0.122707870142743
1061,"long_v3_CCD0.0.25",1.98305542788728,0.0386842265739017,0.0538376267094857,-0.195544842373804
1062,"long_v3_CCD0.0.25",1.94343527989778,-0.00265135505455247,0.0125916858173913,-0.060896183811094
1063,"long_v3_CCD0.0.25",2.15851321614152,0.0576150918524338,0.00678942392276005,-0.142740745882528
1064,"long_v3_CCD0.0.25",2.01522468187133,-0.0306316376686838,0.027573965014865,-0.0802128371102369
1065,"long_v3_CCD0.0.25",1.79807853172099,0.0230840470399677,0.0307029984528737,-0.0425034572620221
1066,"long_v3_CCD0.0.25",1.74379888088874,0.00496178644827159,0.0185483989698991,-0.0446293252356057
1067,"long_v3_CCD0.0.25",2.01064705270358,-0.0394731897603017,0.0684464229323289,-0.115959474958627
1068,"long_v3_CCD0.0.25",1.88124704569156,-0.0356884990690445,-0.0252844880840024,-0.0649920881394875
1069,"long_v3_CCD0.0.25",2.03098038833065,-0.0396754075156338,-0.0112410384724512,-0.142046692807184
1070,"long_v3_CCD0.0.25",2.20308218997573,-0.00465474184695975,0.0241982499786848,-0.112555544732126
1071,"long_v3_CCD0.0.25",2.07309675020276,-0.0130244553343469,0.0031438125917078,-0.0507142103780854
1072,"long_v3_CCD0.0.25",2.01369062484515,-0.0200647028052024,0.0546607465582777,-0.0250069777045897
1073,"long_v3_CCD0.0.25",1.29394058883126,0.0184911021906825,-0.0728405878982461,-0.0876887175492619
1074,"long_v3_CCD0.0.25",1.60861746827984,0.00424460909193539,-0.044376463114064,-0.0656730983955313
1075,"long_v3_CCD0.0.25",1.59379003477219,-0.0235219634988827,0.0407400018681936,0.00242619356008443
1076,"long_v3_CCD0.0.25",1.86909184176309,-0.0210998443392846,-0.0152583144429834,-0.101583601628494
1077,"long_v3_CCD0.0.25",1.73708213450255,0.0128652489309256,0.0610638354193096,-0.0474493078588752
1078,"long_v3_CCD0.0.25",1.80943236214855,-0.0329365605221777,0.011000032540526,-0.0590232410181007
1079,"long_v3_CCD0.0.25",1.96769002833861,0.0347520634085165,-0.0733350919912443,-0.164750758704055
1080,"long_v3_CCD0.0.25",1.59587453329368,-0.0207150719681476,-0.0378397566023851,-0.0595268126915224
1081,"long_v3_CCD0.0.25",1.69745213642734,0.111807839656385,0.0497006911176818,-0.0995586214018207
1082,"long_v3_CCD0.0.25",1.64787643113793,-0.0108631278437834,0.0662830474046744,-0.0181549819858393
1083,"long_v3_CCD0.0.25",1.41392039607611,0.000794206265633589,0.0197610784297116,-0.0509520900014611
1084,"long_v3_CCD0.0.25",1.74797951745901,0.0296666677302012,0.0639439251187443,-0.0274626741998512
1085,"long_v3_CCD0.0.25",1.86375382598788,0.0960037838072183,-0.0203897221136083,-0.0819463448497333
1086,"long_v3_CCD0.0.25",2.1271825848665,0.0388103390131352,-0.0660997272634935,-0.116407094087233
1087,"long_v3_CCD0.0.25",1.96430384679141,0.0431520517504913,0.114724456379356,-0.0551140453605591
1088,"long_v3_CCD0.0.25",1.77884131061633,-0.0064511875391442,-0.0457503566571051,-0.0576101129922515
1089,"long_v3_CCD0.0.25",2.00190153433096,0.0151104509653507,-0.0208129369346105,-0.0829133457408494
1090,"long_v3_CCD0.0.25",2.16574780341729,-0.03019050734074,0.00456032614681331,-0.124434986768722
1091,"long_v3_CCD0.0.25",1.84740669901894,-0.0505463952953162,0.105094857517767,-0.0158020847310672
1092,"long_v3_CCD0.0.25",1.79404464267464,0.0156665020322748,-0.0334376646260219,-0.0663339430172118
1093,"long_v3_CCD0.0.25",1.78747536502111,-0.0250486658551084,0.071311800636507,-0.126204519357867
1094,"long_v3_CCD0.0.25",1.84384960854853,0.0261068125673592,-0.0733114345490324,-0.0849366712561647
1095,"long_v3_CCD0.0.25",1.71945498309686,0.0192480781100853,0.0537011013777667,-0.0429503601849954
1096,"long_v3_CCD0.0.25",1.97969310349044,0.0388750743109369,-0.00389523270776457,-0.105964004427625
1097,"long_v3_CCD0.0.25",2.05961229798813,0.00810105993235998,0.123930603289634,-0.0675876220547789
1098,"long_v3_CCD0.0.25",1.86154842419418,-0.000542187848317056,0.0760166788937754,-0.0691886631185737
1099,"long_v3_CCD0.0.25",1.85589253782288,0.0200611318103614,0.058802583455025,0.0389859690483606
1100,"long_v3_CCD0.0.25",1.5500954457372,-0.0472065552535122,0.0614814520879744,-0.0655328940070122
1101,"long_v3_CCD0.0.25",1.56542965961011,0.00245792247521921,0.00368249136091735,-0.0343592752552859
1102,"long_v3_CCD0.0.25",2.1213083491787,0.0394511940359691,0.0323545645083117,-0.0477990600747353
1103,"long_v3_CCD0.0.25",2.05033811618643,-0.0551118957622063,-0.0123453375990548,-0.110842555852271
1104,"long_v3_CCD0.0.25",1.82345275801368,0.0122343546043388,0.0345945383077205,0.00439205150522591
1105,"long_v3_CCD0.0.25",2.05780160457309,-0.0197176394518063,0.00526131699446989,-0.0814718647969525
1106,"long_v3_CCD0.0.25",2.18653501421458,0.0336838924741799,0.0421442884831178,-0.106319866501834
1107,"long_v3_CCD0.0.25",1.9732367518043,0.00392671749589702,0.0260751997328375,-0.0572843957155458
1108,"long_v3_CCD0.0.25",2.1668111178034,-0.0230331350646992,0.000699863087730635,0.0140834939972602
1109,"long_v3_CCD0.0.25",1.75911160129922,-0.0476682720749007,0.0109878653271867,-0.0456443720557455
1110,"long_v3_CCD0.0.25",1.84677892527327,-0.0233650090307069,0.0220949502834781,-0.0785749422914369
1111,"long_v3_CCD0.0.25",2.19009528311838,-0.0464161398567328,0.0142808853590458,-0.0274829570919867
1112,"long_v3_CCD0.0.25",1.96291580364171,-0.00284740289834918,0.00790274232523738,-0.0787424787566432
1113,"long_v3_CCD0.0.25",1.92240469074878,-0.00386532864229865,-0.00283389571059465,0.0461132681875912
1114,"long_v3_CCD0.0.25",2.16082090264225,0.02967043017147,0.0863049546272227,2.85530444213995e-05
1115,"long_v3_CCD0.0.25",1.91930380571436,-0.0152812975546179,0.0578364408109734,-0.0846631580691144
1116,"long_v3_CCD0.0.25",1.70896649811432,0.0177810774728364,0.0442642865257099,-0.0535772629527795
1117,"long_v3_CCD0.0.25",1.83670363293762,-0.0147840771468997,0.0159157010566679,-0.0478541988274721
1118,"long_v3_CCD0.0.25",2.0967656906808,-0.00111968925612041,-0.0161054747874239,-0.0968306525783004
1119,"long_v3_CCD0.0.25",1.8119455521255,0.017686477800909,0.0146929174821908,-0.0519291359375766
1120,"long_v3_CCD0.0.25",1.73318656515945,-0.015824663073925,0.0489231260242794,-0.117793557460922
1121,"long_v3_CCD0.0.25",1.70931019901568,0.056385443419012,-0.0105410720382865,-0.107658625119285
1122,"long_v3_CCD0.0.25",1.8815976090331,-0.00821593874541407,0.0157195384527109,-0.0896857020389606
1123,"long_v3_CCD0.0.25",1.69403131981438,4.44397359637915e-05,-0.0169238896655019,-0.0528667802651585
1124,"long_v3_CCD0.0.25",1.59174582850685,-0.0208481355075688,0.068531738514764,-0.122345514405546
1125,"long_v3_CCD0.0.25",1.90669661206183,-0.0375497099162129,0.0626862575280591,-0.0468031845746897
1126,"long_v3_CCD0.0.25",1.94997693239462,0.010349075428758,0.0285626507929091,-0.0488708305686605
1127,"long_v3_CCD0.0.25",2.10675079610199,0.033135707945471,-0.0137138433340568,-0.102872138368749
1128,"long_v3_CCD0.0.25",1.99699540776938,-0.0604434055013218,-0.0576017318520312,-0.118269481647104
1129,"long_v3_CCD0.0.25",1.55519337460589,0.0416650866363052,0.0616516753866563,-0.0545507398810832
1130,"long_v3_CCD0.0.25",1.7309842289168,0.0327268887383764,0.0700729077016741,-0.0782165617780188
1131,"long_v3_CCD0.0.25",1.92912861479435,0.0478792439181087,0.0443901614542237,-0.128207707374361
1132,"long_v3_CCD0.0.25",1.99202269409526,0.00983083288888639,0.0931635522472372,-0.0673469136313739
1133,"long_v3_CCD0.0.25",1.93186483343533,0.0370552030539081,-0.0230469131378402,-0.0943506146091272
1134,"long_v3_CCD0.0.25",1.80598337627864,-0.0328616960418855,0.0809128191348233,-0.0463926464505437
1135,"long_v3_CCD0.0.25",1.97574945884929,0.0984564846714347,-0.0374050870961253,-0.1107026724149
1136,"long_v3_CCD0.0.25",1.71205931562121,-0.0192040317764384,-0.053222978282018,-0.047587881244538
1137,"long_v3_CCD0.0.25",1.60791264340447,-0.0202548328661925,0.0313150005854385,-0.0199773373275713
1138,"long_v3_CCD0.0.25",2.04645361313796,-0.0104006967003926,0.0673412681980615,-0.132701309255915
1139,"long_v3_CCD0.0.25",1.59402160311924,-0.0686134972755328,0.0605797917591257,-0.0447128201558098
1140,"long_v3_CCD0.0.25",1.90770168948854,0.0484811932450375,0.0876735466619227,-0.110518965328337
1141,"long_v3_CCD0.0.25",2.06407377764902,-0.00672929642011844,0.0410710333976698,-0.185367954409644
1142,"long_v3_CCD0.0.25",1.78948678926975,-0.00596615650935516,0.0380939833188961,-0.0728603214939868
1143,"long_v3_CCD0.0.25",1.48604159751673,-0.0394275243780341,0.0533094971241902,-0.11641534409046
1144,"long_v3_CCD0.0.25",1.95742253387029,0.0167539576110475,0.0179253881478727,-0.0652265750327857
1145,"long_v3_CCD0.0.25",2.00419112414673,0.00533431223287901,0.0534633886751272,-0.112918837151759
1146,"long_v3_CCD0.0.25",1.87893987088718,0.0490596815225265,0.0426223545801043,-0.0840183603648272
1147,"long_v3_CCD0.0.25",1.9625122787009,0.0337799827543956,-0.0382849026908657,-0.0483663073872218
1148,"long_v3_CCD0.0.25",2.07678431907426,0.0426587020173244,-0.000194569101108761,-0.0468659060082971
1149,"long_v3_CCD0.0.25",1.91550932930883,-0.0267162023800375,0.00748997939609062,-0.130268830569136
1150,"long_v3_CCD0.0.25",2.13446100094735,-0.0161318938884544,-0.0409465581364115,-0.165261068794423
1151,"long_v3_CCD0.0.25",2.22495497206462,0.00609603825911281,0.0691568725902154,-0.0942011896203514
1152,"long_v3_CCD0.0.25",1.58678517395328,0.0216455189443895,0.0311688259415622,-0.0753099014324198
1153,"long_v3_CCD0.0.25",2.05244892837751,0.0430416938520641,0.041891715984475,-0.00485766243433569
1154,"long_v3_CCD0.0.25",2.21023841196723,-0.0025328358795143,0.00426341340562007,-0.0918809319929437
1155,"long_v3_CCD0.0.25",2.03996349333667,-0.0352261735676082,-0.0222325873176472,-0.102344466181753
1156,"long_v3_CCD0.0.25",1.82222123828479,0.0194710472940872,-0.00691486824770324,-0.0979309506456052
1157,"long_v3_CCD0.0.25",1.62574322517205,-0.0209805013673999,0.0747706828800635,-0.0488410295141069
1158,"long_v3_CCD0.0.25",1.8628229555616,-0.0214026389081612,0.0355296724891662,-0.0896666182881348
1159,"long_v3_CCD0.0.25",1.52927745269028,0.0569263644163966,0.0253946339719402,-0.0760452355587382
1160,"long_v3_CCD0.0.25",1.78435299178214,-0.00999556204393989,0.0317690148334364,-0.0859609504551856
1161,"long_v3_CCD0.0.25",1.47497354783058,-0.00945721684809183,-0.0291094977323286,-0.0368660510629315
1162,"long_v3_CCD0.0.25",1.62047782773022,-0.0472226167618044,-0.0301904075747066,-0.090845377531246
1163,"long_v3_CCD0.0.25",2.31277757499318,-0.0598948073774772,0.00184148530298759,-0.180304272181992
1164,"long_v3_CCD0.0.25",1.95225052463169,-0.0231940480866233,0.074920397407553,-0.122369124703045
1165,"long_v3_CCD0.0.25",1.89382516586371,0.029698955327584,0.0680066481072313,-0.132409754886459
1166,"long_v3_CCD0.0.25",1.94689782503334,-0.00250567325046192,0.0575874259531254,-0.10160132241714
1167,"long_v3_CCD0.0.25",1.9629252886975,0.0184941470098287,0.0188140842660888,-0.126434917338003
1168,"long_v3_CCD0.0.25",1.66383210686442,0.0358788378401099,0.116705892298019,-0.0216907810219694
1169,"long_v3_CCD0.0.25",1.55122398189491,0.0334931656806805,0.0184877684260015,-0.049956194973475
1170,"long_v3_CCD0.0.25",1.60547902179493,0.0395936173965286,0.0669779999985765,-0.0773568683888799
1171,"long_v3_CCD0.0.25",1.73014491975896,-0.0126686555016754,-0.0111552797866933,-0.0497320097284514
1172,"long_v3_CCD0.0.25",2.04600460284097,0.0360015481691217,0.0424351726742512,-0.119428494266377
1173,"long_v3_CCD0.0.25",2.04932804427347,0.00766196802395959,0.0696049106961349,-0.0259525754201161
1174,"long_v3_CCD0.0.25",1.85806608896735,-0.00532068635926966,-0.0719187621287431,-0.155507977409803
1175,"long_v3_CCD0.0.25",1.97478704075731,-0.0272435492591312,0.0318764281885998,-0.0643287773793692
1176,"long_v3_CCD0.0.25",1.86507266145031,0.0715265539619621,0.0582871710340766,-0.0952285324686614
1177,"long_v3_CCD0.0.25",1.89573026330722,-0.0378242577007527,0.00847229385269554,-0.091930626719015
1178,"long_v3_CCD0.0.25",2.11513985781718,0.078677612383981,0.00824161287749645,-0.0689641071123037
1179,"long_v3_CCD0.0.25",1.66555692116088,0.0211890628094962,0.0445840822950548,-0.107090539365793
1180,"long_v3_CCD0.0.25",2.08125502044459,0.0551245098823585,-0.104532150214774,-0.101550630179221
1181,"long_v3_CCD0.0.25",1.91709162073996,-0.00596015697672745,-0.0231573433835345,-0.0507129275009524
1182,"long_v3_CCD0.0.25",2.23861630654687,0.0374734023419821,-0.0286947699128019,-0.112055914212948
1183,"long_v3_CCD0.0.25",1.7664835311907,-0.0509019006253133,0.016286624798928,-0.0976844182460679
1184,"long_v3_CCD0.0.25",2.08720529835987,0.0559282160285478,0.0428408305536594,-0.122852310686011
1185,"long_v3_CCD0.0.25",2.09750051378379,-0.00764331990720529,-0.0156388992929749,-0.174632233467582
1186,"long_v3_CCD0.0.25",1.36476496037274,0.0504216743467658,0.0987540379102604,-0.090905230673141
1187,"long_v3_CCD0.0.25",1.80093863606194,0.0484970399692435,-0.00810097607943382,-0.060910080286471
1188,"long_v3_CCD0.0.25",2.13514473748172,0.093358467759659,-0.00371770866537802,-0.105566340627537
1189,"long_v3_CCD0.0.25",1.88523415413963,0.0285657810859856,-0.00330759228015287,-0.127381467920611
1190,"long_v3_CCD0.0.25",1.55396994632469,0.00395473134846134,0.0140609806450472,-0.0225703766193044
1191,"long_v3_CCD0.0.25",1.82288440418459,-0.0210056960372832,0.0376677718177493,-0.0565896682879039
1192,"long_v3_CCD0.0.25",1.90996764548519,0.0283626049534982,0.0432855598702607,-0.0909190380573656
1193,"long_v3_CCD0.0.25",1.89973420142936,-0.0167718517202688,0.00861215057553666,-0.0639935167246084
1194,"long_v3_CCD0.0.25",2.82645304435052,-0.00842314302981799,0.0965090217505367,-0.0855210622046118
1195,"long_v3_CCD0.0.25",1.90708819993797,-0.00115561475224083,0.020106847088434,-0.107217323519518
1196,"long_v3_CCD0.0.25",1.84873425540068,0.0242209244538208,0.0309497641713705,-0.121823311271888
1197,"long_v3_CCD0.0.25",1.94741662088928,0.0276067897235729,0.00713401984741729,-0.12434097266258
1198,"long_v3_CCD0.0.25",2.11169364323743,0.0681119415764988,0.0273107272107824,-0.123901115287724
1199,"long_v3_CCD0.0.25",1.62761780814474,0.0435165740117412,-0.04698579294267,-0.0337032615077316
1200,"long_v3_CCD0.0.25",1.86712501165002,-0.0208726614034781,-0.00127334716895398,-0.116078722229849
1201,"long_v3_CCD0.0.25",2.20790840128396,0.0360662494276379,-0.0641482740113418,-0.0207932127115501
1202,"long_v3_CCD0.0.25",2.05043008470732,0.0310336090071523,0.0557682687010462,-0.0709611569433523
1203,"long_v3_CCD0.0.25",2.12220086140416,0.0370817679486115,0.0475108192277296,-0.132724807324936
1204,"long_v3_CCD0.0.25",1.37928694333311,0.00966784505401014,0.00564032504568885,-0.110590958956677
1205,"long_v3_CCD0.0.25",2.07449540879525,0.0537571896601533,0.04780522533974,-0.134197773596599
1206,"long_v3_CCD0.0.25",2.04952562876097,-0.012303551632007,0.0139773424541464,-0.120258902489615
1207,"long_v3_CCD0.0.25",1.79802647245745,-0.0684058277559814,-0.00698522504786468,-0.0619269454963405
1208,"long_v3_CCD0.0.25",1.9940831764557,-0.0753987063349135,0.052987604829801,-0.0721358841185189
1209,"long_v3_CCD0.0.25",1.86259852531809,-0.0253619186608743,0.044117362702027,-0.145611232634366
1210,"long_v3_CCD0.0.25",2.09403706370145,-0.023742669092124,0.0581297770329396,-0.128945375163357
1211,"long_v3_CCD0.0.25",1.95443533973755,0.007675807937214,0.0725706631118444,-0.0553882913342999
1212,"long_v3_CCD0.0.25",1.64096118435984,-0.0242667131216009,-0.0192131445863616,-0.0947127351229496
1213,"long_v3_CCD0.0.25",1.89153192655026,0.0179068713943668,0.0838579341309024,-0.0664440844012022
1214,"long_v3_CCD0.0.25",2.41187674842318,0.0366838338076948,-0.022634975326079,-0.14043796402945
1215,"long_v3_CCD0.0.25",1.71342214950244,-0.0449852296945123,0.0456639049291168,-0.0624372226594449
1216,"long_v3_CCD0.0.25",1.7097771461701,0.0370150377703773,0.0144775906618704,-0.0620019668261296
1217,"long_v3_CCD0.0.25",2.10442702354088,0.0713603655039252,0.0725643215853837,-0.0923945923139728
1218,"long_v3_CCD0.0.25",1.99625307962988,-0.0443793240517886,0.0520504985124583,-0.0630671093516842
1219,"long_v3_CCD0.0.25",1.89103550231561,0.039503725449476,-0.0501126003718043,-0.0627299046339834
1220,"long_v3_CCD0.0.25",2.07797084802199,0.072173975033546,0.0111165357219323,-0.164924654515018
1221,"long_v3_CCD0.0.25",1.59931705946882,-0.0307199499104919,0.0610079917729997,-0.0643115620067253
1222,"long_v3_CCD0.0.25",2.14869929032791,-0.0389474175326496,0.0432302251486385,-0.10692253876531
1223,"long_v3_CCD0.0.25",2.08974662476666,-0.00877116393432413,0.0365100353881867,-0.0724254196674979
1224,"long_v3_CCD0.0.25",1.80170557722729,0.0624067347597096,0.102623990940141,-0.0225297665529128
1225,"long_v3_CCD0.0.25",1.8848888331733,-0.0117787855195296,0.0168999476154995,0.00370967381531446
1226,"long_v3_CCD0.0.25",1.99739891420844,-0.0184619142389342,0.0200136237098592,-0.0821857205452332
1227,"long_v3_CCD0.0.25",2.01577398471236,0.00318013551392179,0.0608707126624495,-0.101878015162041
1228,"long_v3_CCD0.0.25",2.24738983827541,0.00845390696632044,-0.0108392108896431,-0.103660035941905
1229,"long_v3_CCD0.0.25",1.85633485855202,-0.0570392897231602,0.0268690527127938,0.0451581912610031
1230,"long_v3_CCD0.0.25",1.93848981594253,0.0283855386422396,0.0510007599943471,-0.0244854614215735
1231,"long_v3_CCD0.0.25",2.00773653637732,0.00407171875140486,0.0489168097932996,-0.0761191371526224
1232,"long_v3_CCD0.0.25",1.7300877650688,0.0255176933779941,0.00542093838730424,-0.0942126206067117
1233,"long_v3_CCD0.0.25",1.90383598930366,0.0361592637814244,0.0291650658451029,-0.112862071123219
1234,"long_v3_CCD0.0.25",1.70501053331789,-0.04147483675246,0.0470803361071017,-0.0698551563434385
1235,"long_v3_CCD0.0.25",1.99810416244409,0.0387474299017147,-0.0044265681438565,-0.184420095940384
1236,"long_v3_CCD0.0.25",2.07484579109094,-0.0288210126632218,0.0118822022535494,-0.124152950546537
1237,"long_v3_CCD0.0.25",1.94532017359209,0.0156017963042751,0.00906503656624711,-0.15309897308305
1238,"long_v3_CCD0.0.25",1.83998027812807,-0.0246339127355528,0.0379201112008021,-0.0622459248725074
1239,"long_v3_CCD0.0.25",1.82922648061732,-0.0026301133151788,-0.0347919342067644,-0.080189767426842
1240,"long_v3_CCD0.0.25",1.96464617794894,0.0105942662311383,0.0256677235301822,-0.00345019584317244
1241,"long_v3_CCD0.0.25",2.01376015950219,-0.0365501594350672,0.068109292854475,-0.100211292436354
1242,"long_v3_CCD0.0.25",2.01096049711554,-0.0474710573889314,0.0547933410310741,-0.0508010934804607
1243,"long_v3_CCD0.0.25",2.01092320328354,0.0488968527384639,-0.0883685234721202,-0.113300807373548
1244,"long_v3_CCD0.0.25",2.08602338068144,0.0647639877875524,0.0777411356406363,-0.0793136780388689
1245,"long_v3_CCD0.0.25",2.01892259240996,0.0370333588023102,-0.0103961797208261,-0.0617248157246131
1246,"long_v3_CCD0.0.25",2.05154741053651,0.00279150839928792,-0.0727208007839541,-0.193399997308959
1247,"long_v3_CCD0.0.25",2.00023381694194,0.0281533320683334,-0.00247169551937837,-0.0935919871431841
1248,"long_v3_CCD0.0.25",1.63934182984202,0.0273753558017561,-0.0244394128398105,-0.00681495626397474
1249,"long_v3_CCD0.0.25",1.75869277542715,0.0179369091439284,-0.00592541266259406,-0.0275826428022117
1250,"long_v3_CCD0.0.25",1.82319684151805,-0.0257746089486863,0.0647846366255568,-0.0537703346180411
1251,"long_v3_CCD0.0.25",1.56443099330318,-0.0271306740175283,0.0110015791117906,-0.0614106625661954
1252,"long_v3_CCD0.0.25",2.01061189127385,-0.00136342240598994,0.0483225164009384,0.018981895321708
1253,"long_v3_CCD0.0.25",1.18493519092971,-0.0328952876029686,0.00593335695696525,-0.0360227565166598
1254,"long_v3_CCD0.0.25",1.96099432771895,-0.0147900825486459,0.0808104445245824,-0.0721249343060152
1255,"long_v3_CCD0.0.25",1.89891166681266,0.0150074256992824,0.108127687560041,-0.103302643782145
1256,"long_v3_CCD0.0.25",1.98860807202449,0.0142206920199768,0.00587263817114161,-0.0277123956179647
1257,"long_v3_CCD0.0.25",1.97212778994158,-0.0166736702768483,0.0132189864275865,-0.0971946286539509
1258,"long_v3_CCD0.0.25",2.28922944602704,0.07573597650528,0.00569439715617057,-0.0727667944594168
1259,"long_v3_CCD0.0.25",1.68731787571693,0.0211850971689439,-0.00962072313486735,-0.0788272414901717
1260,"long_v3_CCD0.0.25",1.78038277443527,-0.0428098225221987,0.0508715370588196,-0.0283568101695363
1261,"long_v3_CCD0.0.25",1.93024529594331,-0.0770247235342302,0.0242899891316677,-0.0522870373725808
1262,"long_v3_CCD0.0.25",2.08391532300936,0.0338300012838904,-0.0345894882101791,0.0261867890577726
1263,"long_v3_CCD0.0.25",1.84592239625545,0.0593543429564217,-0.0220245166144261,-0.177618259644917
1264,"long_v3_CCD0.0.25",1.9209956806942,-0.0160215103911982,0.0693081611514692,-0.0337128834724041
1265,"long_v3_CCD0.0.25",1.95513929861626,-0.0249765004827773,0.022158601886134,-0.00359155849236184
1266,"long_v3_CCD0.0.25",1.80616924570366,0.0324124282396145,-0.0600728263004771,-0.067901550150122
1267,"long_v3_CCD0.0.25",2.01490066677081,0.0196432811247497,0.0177437149531393,-0.0694622630700063
1268,"long_v3_CCD0.0.25",1.91325584250503,-0.0299674174993135,-0.0248978772525658,-0.0405617013497889
1269,"long_v3_CCD0.0.25",1.90545399250653,-0.00820938813283884,0.0286507626796927,-0.152823532907163
1270,"long_v3_CCD0.0.25",1.97888092567783,-0.00743112160399404,0.0100663061900035,-0.102222497639446
1271,"long_v3_CCD0.0.25",2.27105501601712,0.0949344293806855,0.0262011358765269,-0.0169347404383287
1272,"long_v3_CCD0.0.25",1.5832496928593,-0.00454165898478668,0.00554778357441819,-0.0782950761723802
1273,"long_v3_CCD0.0.25",1.97423008760944,0.0162418778549863,0.00513200898221717,-0.110257080882158
1274,"long_v3_CCD0.0.25",1.84068471121932,0.011305629851217,0.0447450695798883,-0.0368672151057767
1275,"long_v3_CCD0.0.25",1.99062687286577,0.0424053134725084,0.0237370273193417,-0.196045685730435
1276,"long_v3_CCD0.0.25",2.00076702849029,0.00823927393517901,0.010265884423876,-0.103946447803022
1277,"long_v3_CCD0.0.25",1.72362385023617,-0.0692722662829649,0.0185188573021795,-0.0409420338831957
1278,"long_v3_CCD0.0.25",1.94518961470308,0.0550592063188603,0.0107410011910684,-0.149659316773109
1279,"long_v3_CCD0.0.25",1.62550409337044,0.0724801814319405,-0.111045140802642,-0.0642811155703926
1280,"long_v3_CCD0.0.25",1.71083333009515,-0.00316147718099874,0.0455995791790972,-0.0319482339879601
1281,"long_v3_CCD0.0.25",2.13523084527105,0.0374997316191321,0.00199589163025225,-0.140106251731988
1282,"long_v3_CCD0.0.25",1.91427387254752,0.0167502022732199,0.0138528046686644,-0.149409788075251
1283,"long_v3_CCD0.0.25",1.59924557674464,-0.0598104820954828,-0.0990467762220529,-0.0224690249578023
1284,"long_v3_CCD0.0.25",1.86324553542823,-0.0563342841801191,-0.0141694439386814,-0.115211342905286
1285,"long_v3_CCD0.0.25",1.98272547267117,0.0167364410524753,-0.0325327174789856,-0.0903407362431673
1286,"long_v3_CCD0.0.25",1.94681840536281,0.0277537455937231,-0.0168264649281221,-0.114283940117964
1287,"long_v3_CCD0.0.25",1.79681536056294,-0.0428294384640763,0.0310881196982718,-0.106269351100408
1288,"long_v3_CCD0.0.25",1.95771012678394,0.0104298142163228,-0.0010810081375289,-0.109794081981834
1289,"long_v3_CCD0.0.25",1.66871799936468,-0.0294761601832574,0.0367950942371192,-0.108642913084424
1290,"long_v3_CCD0.0.25",1.88127080423994,-0.00923512811600495,0.0023571342056293,-0.068405204796061
1291,"long_v3_CCD0.0.25",1.99627592631351,0.0310259375823932,-0.00356118789913423,-0.116730153554481
1292,"long_v3_CCD0.0.25",2.08478427471651,0.0778494117019855,-0.00395239857587128,-0.132213554312732
1293,"long_v3_CCD0.0.25",2.057338539414,0.0192328889921913,0.0119055940509525,-0.0800272805101871
1294,"long_v3_CCD0.0.25",2.19491068667809,0.0512867360028256,0.102058556988516,-0.126043353194097
1295,"long_v3_CCD0.0.25",2.09750562316154,0.0220952648382198,-0.0225083036367503,-0.0995466556751909
1296,"long_v3_CCD0.0.25",1.86147657565132,-0.0210486575313548,0.0295229282049579,-0.128450670200551
1297,"long_v3_CCD0.0.25",2.07080163756205,0.0105894351632353,0.0107327775039367,-0.202555215631865
1298,"long_v3_CCD0.0.25",1.35420604429124,0.0133768874503484,-0.00274730683023329,-0.0767616206584252
1299,"long_v3_CCD0.0.25",1.91079151603757,-0.0410554338254696,-0.00110183158093515,-0.108427124188106
1300,"long_v3_CCD0.0.25",1.60450071823962,-0.011784712774915,0.0827176345057758,-0.0835388016625812
1301,"long_v3_CCD0.0.25",1.84258115940789,-0.0141258524535242,0.0199507565084668,-0.0604287831243408
1302,"long_v3_CCD0.0.25",1.92193097610062,-0.000727373365395572,-0.0191866594344108,-0.11935998674399
1303,"long_v3_CCD0.0.25",1.99091999154491,-0.0205115644314066,0.0918826860012415,-0.0900028295188553
1304,"long_v3_CCD0.0.25",1.82251454077139,-0.0105796857819813,0.0395068412905118,-0.0918698392809724
1305,"long_v3_CCD0.0.25",1.69678057786863,-0.0200881269875636,0.0284666974669082,-0.0610293080650615
1306,"long_v3_CCD0.0.25",1.7469234898069,0.0256925030199287,0.0370318741757087,-0.0850957340820178
1307,"long_v3_CCD0.0.25",2.0345276902161,0.00786604316302723,-0.00132229534563197,-0.125788954501246
1308,"long_v3_CCD0.0.25",1.73628365315545,0.0178404922118904,0.0262152268998609,-0.054054912522199
1309,"long_v3_CCD0.0.25",2.05950538747079,0.00144762435280773,0.0634310603789791,-0.0940167468043268
1310,"long_v3_CCD0.0.25",1.72961723193799,0.0105438864874987,0.0707812240738852,-0.0224390493352713
1311,"long_v3_CCD0.0.25",1.49839641870153,-0.042864830191846,0.0710548681342962,-0.0963949108338668
1312,"long_v3_CCD0.0.25",2.02220738609087,0.0608726923723672,0.0959499150005768,-0.0722313059961679
1313,"long_v3_CCD0.0.25",2.08467026842211,-0.0856426144670664,-0.00648311488568906,-0.146495422461658
1314,"long_v3_CCD0.0.25",1.74681981980045,-0.0329735515455526,0.0181292127668583,-0.0938525515888772
1315,"long_v3_CCD0.0.25",1.85928573493924,0.028514545718805,0.0685260382962414,-0.0609158988628849
1316,"long_v3_CCD0.0.25",1.46632349770207,0.0606492171109509,0.0105466879446565,-0.0148930629681924
1317,"long_v3_CCD0.0.25",1.7945546653558,-0.0215355455691456,0.0396928544142345,-0.131037089801746
1318,"long_v3_CCD0.0.25",2.27715764401104,-0.0387499255139791,0.000889569404618011,-0.0452905707881371
1319,"long_v3_CCD0.0.25",2.09399261819304,-0.0281364451229481,-0.0845493091002939,-0.124601704792149
1320,"long_v3_CCD0.0.25",1.77511409211404,-0.0500241656080302,0.0197733020248723,-0.0977310972618031
1321,"long_v3_CCD0.0.25",2.12506530238872,0.0518613362259664,0.0380527590189332,-0.115446218140808
1322,"long_v3_CCD0.0.25",1.50322195749863,0.0164876713899255,-0.0238462898731738,-0.0695256795263407
1323,"long_v3_CCD0.0.25",2.08327369763734,0.0621736523121787,0.059409470120577,-0.123563655827104
1324,"long_v3_CCD0.0.25",1.69589733744001,-0.0186116259080861,0.016182255160554,-0.0346774956027334
1325,"long_v3_CCD0.0.25",1.61252008008447,-0.0258152928033352,-0.00263185503290876,-0.0448199826572621
1326,"long_v3_CCD0.0.25",1.72485122847763,0.0209270559610328,0.0183977273826726,-0.0905228426232923
1327,"long_v3_CCD0.0.25",1.86531674597159,0.0226236401491972,-0.0129469072488444,-0.0472878941382163
1328,"long_v3_CCD0.0.25",1.37844765630183,0.0173638978528203,0.00514992030104959,-0.0697719426781995
1329,"long_v3_CCD0.0.25",1.62839585989593,-0.068783334778806,-0.0422497438195246,-0.0665542902667673
1330,"long_v3_CCD0.0.25",1.87614859996683,0.0458880765039315,0.0110074435607026,-0.0642299052412189
1331,"long_v3_CCD0.0.25",1.98887174047982,0.0564475030552064,0.0353032643307548,-0.104449056573513
1332,"long_v3_CCD0.0.25",2.31400474245143,-0.000764536059807434,0.0486061684026947,-0.0926840761996028
1333,"long_v3_CCD0.0.25",1.97076355860101,0.0124157956964861,0.0204533329823912,0.00815674250890169
1334,"long_v3_CCD0.0.25",2.23814853052376,0.0156274282362277,0.0342171919186781,-0.112088604289678
1335,"long_v3_CCD0.0.25",1.99425835822082,-0.00300311528992133,-0.0203493379672121,-0.140476325758665
1336,"long_v3_CCD0.0.25",2.12826352071202,0.000206462957406779,0.0582956544676335,-0.0518120707764293
1337,"long_v3_CCD0.0.25",2.0745653299604,0.0191342334689809,0.072926902136552,-0.0890469185358421
1338,"long_v3_CCD0.0.25",1.96797525576718,-0.0142488796701572,-0.0393827133450389,-0.142467346231135
1339,"long_v3_CCD0.0.25",1.82140680049977,-0.0459425669268339,0.0081403220695104,-0.00857754638223967
1340,"long_v3_CCD0.0.25",1.80004075268005,0.098758835769231,0.00152818585670723,-0.0554739441566474
1341,"long_v3_CCD0.0.25",1.99986203242334,0.0264417899083059,0.0161891173267898,-0.123931967663461
1342,"long_v3_CCD0.0.25",1.77918656681432,0.0355338093073967,0.0325260994467026,-0.0992264742999366
1343,"long_v3_CCD0.0.25",2.10722802232743,0.00602936521072767,-0.0312879026199762,-0.0443221740377158
1344,"long_v3_CCD0.0.25",1.62213195405937,-0.00820072788252558,0.0252630442297589,-0.0886508441672143
1345,"long_v3_CCD0.0.25",1.90064327263888,0.0342054359170929,0.033767345692913,-0.0678414903390551
1346,"long_v3_CCD0.0.25",1.67131465142796,-0.0778256241822066,-0.0136741399926962,-0.0805931897015023
1347,"long_v3_CCD0.0.25",2.08636559317079,0.00293365568663708,0.0247338557843391,-0.0704708363941607
1348,"long_v3_CCD0.0.25",1.64627317407969,0.00910956908408696,0.0771637791087744,0.0325944323111541
1349,"long_v3_CCD0.0.25",1.75463073032192,-0.0113717790492751,0.0793711754732869,-0.0883987298558751
1350,"long_v3_CCD0.0.25",1.92639867597087,0.00483477685726096,0.0504648112664712,0.0148137150132984
1351,"long_v3_CCD0.0.25",1.73350623768887,0.0138393394171613,-0.0176579188001562,-0.061297634692138
1352,"long_v3_CCD0.0.25",1.59665674918286,-0.025700581918806,-0.0253923296993937,-0.0690711558058998
1353,"long_v3_CCD0.0.25",1.8488785678766,-0.0139541799844174,0.0382870883193811,-0.0839354628156298
1354,"long_v3_CCD0.0.25",1.95824887783446,-0.00109379206995645,0.0577347440583058,-0.115871067217736
1355,"long_v3_CCD0.0.25",1.78005330812315,-0.0116065144400658,-0.00448042696517757,-0.0741728775952406
1356,"long_v3_CCD0.0.25",2.22857345952785,0.0177689099568049,-0.0396505647736356,0.0370027844593749
1357,"long_v3_CCD0.0.25",2.25433448671505,-0.0111882861779396,-0.00160248121469223,-0.15569749157761
1358,"long_v3_CCD0.0.25",1.59816836773781,0.0546128382799488,0.0182890237689424,-0.0596810910010219
1359,"long_v3_CCD0.0.25",1.59772353672308,-0.0429371521272734,0.0896700801036828,-0.106484851076505
1360,"long_v3_CCD0.0.25",1.78719759717808,0.00443466100717402,0.00449255235230962,-0.113777628192721
1361,"long_v3_CCD0.0.25",2.2669782536701,-0.0238661648072595,0.0655904930702573,-0.108670224230241
1362,"long_v3_CCD0.0.25",1.92457277769706,-0.0745288699994964,-0.0441288710586053,-0.120570222007726
1363,"long_v3_CCD0.0.25",2.0687702525117,0.0018762339460072,0.0809934089916561,-0.0425491701010904
1364,"long_v3_CCD0.0.25",1.89791743857874,0.037322366439133,0.00426560079171847,-0.0649512977292529
1365,"long_v3_CCD0.0.25",1.94235485073316,0.0945259943006523,-0.00808102176997533,-0.0297453738426963
1366,"long_v3_CCD0.0.25",1.97086410905844,0.0289912521400352,0.0823178018914608,-0.127624574228216
1367,"long_v3_CCD0.0.25",1.77300361806853,-0.0315099094893686,-0.0333430931911691,-0.101700794476739
1368,"long_v3_CCD0.0.25",2.2370892584365,0.0453963338983347,0.0251709592555508,-0.115589016828286
1369,"long_v3_CCD0.0.25",2.1541328647088,0.038834869883976,-0.0246969717213333,-0.0981018090966127
1370,"long_v3_CCD0.0.25",1.59205196828975,-0.0263005987817819,0.0244635497358295,-0.0827307209910156
1371,"long_v3_CCD0.0.25",1.78058698887964,-0.0262491043117608,0.000927912621303387,-0.0488952576394424
1372,"long_v3_CCD0.0.25",1.69127255083637,-0.00662928233170398,0.0429742285761393,-0.0357182993637986
1373,"long_v3_CCD0.0.25",1.96431263874871,0.0334985169289656,0.0719023084546876,-0.111876300578129
1374,"long_v3_CCD0.0.25",1.96113542181575,-0.0239376328996013,-0.00888875625325459,-0.0934146360161083
1375,"long_v3_CCD0.0.25",2.42228221371813,0.019687962152227,0.023022986276762,-0.173129239963445
1376,"long_v3_CCD0.0.25",1.72632601949787,-0.0434098790767625,0.0598487860167912,-0.0216107544326808
1377,"long_v3_CCD0.0.25",1.79944017319052,0.000452977322861333,0.060030041300496,-0.0730954843845525
1378,"long_v3_CCD0.0.25",1.87038193209477,0.0113231663217466,0.0526948866220919,-0.105351491002948
1379,"long_v3_CCD0.0.25",1.88213761814171,-0.0391708615616058,0.0184684848229758,-0.0106038603790918
1380,"long_v3_CCD0.0.25",1.58620728411908,-0.0454769233187784,0.000310408674474596,-0.0566685391583124
1381,"long_v3_CCD0.0.25",1.97808408961902,-0.0159695803293628,-0.00231466299851668,-0.0539323931153174
1382,"long_v3_CCD0.0.25",1.93612078728424,0.0505335526645764,0.0277982534150879,-0.0924465410071632
1383,"long_v3_CCD0.0.25",1.89798872801296,0.0121208892201197,-0.0534228369353832,-0.0592668236571513
1384,"long_v3_CCD0.0.25",2.1230670226861,0.0943673043796156,0.0782703859144903,-0.0531325997687715
1385,"long_v3_CCD0.0.25",1.6178122732487,0.00357053347696948,0.110079101063487,-0.0807860148893837
1386,"long_v3_CCD0.0.25",1.70961936031725,0.0288897248323868,-0.00957881495676118,-0.0353980687402275
1387,"long_v3_CCD0.0.25",1.83112523724156,-0.0358167405861739,0.0396256651558809,-0.0504837165529977
1388,"long_v3_CCD0.0.25",1.99357326354628,0.0524091476106146,-0.0138649056952783,-0.163397645106994
1389,"long_v3_CCD0.0.25",1.66125638779386,0.0333852800339248,0.0687648404276645,-0.133715507615228
1390,"long_v3_CCD0.0.25",1.91663747027644,0.00923011426179342,-0.00167279979443735,0.0240961182265225
1391,"long_v3_CCD0.0.25",1.79481317284972,-0.0119663025139412,0.0452349238623702,0.0353600749449569
1392,"long_v3_CCD0.0.25",2.16319823894652,-0.0109513265428039,0.00797568577002876,-0.148607014145659
1393,"long_v3_CCD0.0.25",1.63058925423851,0.0507767105290527,-0.0226470604208094,-0.0799630688462387
1394,"long_v3_CCD0.0.25",1.92552107564885,0.0133372710918606,-0.0228656773055839,-0.0516557122246142
1395,"long_v3_CCD0.0.25",1.59645142962463,0.0104334865628831,0.0438774340106144,-0.0984805673587306
1396,"long_v3_CCD0.0.25",1.64436869846905,-0.00138550228044847,0.0141558403887359,-0.0848324996017959
1397,"long_v3_CCD0.0.25",1.68507516951991,0.00730463035185742,0.0464204315504318,-0.0863595592567603
1398,"long_v3_CCD0.0.25",1.96346821696065,0.0724279129662671,-0.0171984383955064,-0.16615400205649
1399,"long_v3_CCD0.0.25",2.03085973506967,-0.00151492878953376,0.0130781322248152,-0.0628411985179881
1400,"long_v3_CCD0.0.25",1.92950927944791,0.0276020449849536,0.039496882609229,-0.104982492350488
1401,"long_v3_CCD0.0.25",2.13671435739397,0.00745271072340912,0.111257304511759,-0.091425884388987
1402,"long_v3_CCD0.0.25",1.8866429143582,0.0174299005169452,0.0334457331620744,-0.0254969844593769
1403,"long_v3_CCD0.0.25",1.6614983405685,-0.0184880337837646,-0.0247769620696509,-0.0823744740183488
1404,"long_v3_CCD0.0.25",1.98816814306995,0.00668641895263509,-0.0219190735224928,-0.087247511035994
1405,"long_v3_CCD0.0.25",1.75584703833505,-0.00488924277079585,0.0185947065506057,-0.0463444824135426
1406,"long_v3_CCD0.0.25",1.82917785473748,-0.0186265932556545,-0.00525723407878339,-0.0696782830624669
1407,"long_v3_CCD0.0.25",1.61603157933373,-0.0457887243826927,0.147966202679408,-0.0573089289663248
1408,"long_v3_CCD0.0.25",1.86833877581756,0.0203415843836189,0.00603296225126928,-0.0975389543421011
1409,"long_v3_CCD0.0.25",1.9090340790737,0.00326653854646826,0.121761530244026,-0.1229999488449
1410,"long_v3_CCD0.0.25",2.13125270114512,0.0336201708268034,0.0418513042654716,-0.119531625193509
1411,"long_v3_CCD0.0.25",2.02723219550733,0.0173643716578279,0.0274364973264681,-0.0474587064270119
1412,"long_v3_CCD0.0.25",1.57725765722449,-0.000689381555143402,0.00491648566212159,-0.0925220152667799
1413,"long_v3_CCD0.0.25",1.36626960847322,0.0183601971785649,0.00185209037217648,-0.0369040323687831
1414,"long_v3_CCD0.0.25",1.95710921991365,-0.0267284392882994,0.0684640300073896,-0.0623963239967984
1415,"long_v3_CCD0.0.25",1.94246564216008,0.0057714376543722,0.0708938955490276,-0.164098814693623
1416,"long_v3_CCD0.0.25",1.82669692311387,-0.0531216153419126,0.000439032320046242,-0.0727212519036028
1417,"long_v3_CCD0.0.25",1.47734469165046,0.0498096145082182,-0.00176482360950557,-0.0368277331793787
1418,"long_v3_CCD0.0.25",1.82606592536034,-0.0213134017469181,0.0535170936897473,-0.048000343007032
1419,"long_v3_CCD0.0.25",2.92422520973374,0.0130789569442228,0.00561454720938811,-0.050017193633619
1420,"long_v3_CCD0.0.25",1.8091328310726,0.0694364730143801,-0.0085417693561831,-0.104196787159893
1421,"long_v3_CCD0.0.25",1.88096641500661,0.0277232110772208,-0.015966533102346,0.0096579204369308
1422,"long_v3_CCD0.0.25",2.03093343222377,-0.0549253194234671,0.0388411990419403,-0.0992451512363037
1423,"long_v3_CCD0.0.25",1.84519639704488,0.0469728000356147,0.0512089849668336,0.0126174390155652
1424,"long_v3_CCD0.0.25",2.14863977884704,-0.0190652456572943,0.055823658503627,-0.148042498151091
1425,"long_v3_CCD0.0.25",1.71767071332601,-0.0365872004787201,0.077081761564544,-0.130453030047598
1426,"long_v3_CCD0.0.25",1.40417486969129,-0.0168621992951252,0.0426777089226306,-0.0864124223069991
1427,"long_v3_CCD0.0.25",1.81506032670187,0.0463489057273091,0.0117342878876015,-0.0412106495974903
1428,"long_v3_CCD0.0.25",1.94217354215902,0.0299367703942639,0.0798641769068831,-0.0505335913014233
1429,"long_v3_CCD0.0.25",2.32025670014225,0.0602450150244135,0.0135495678191736,-0.0494791111895761
1430,"long_v3_CCD0.0.25",2.12589591119655,-0.0600241788745397,0.0342729139117684,-0.108716482448164
1431,"long_v3_CCD0.0.25",1.79716722928532,0.0449787911206902,0.0453075041311352,-0.157246864747467
1432,"long_v3_CCD0.0.25",1.73223845760415,0.00520044418848375,-0.00425367047053729,-0.0767098109232635
1433,"long_v3_CCD0.0.25",2.20947504515831,0.018772662915352,0.0706510382034344,-0.101169821495167
1434,"long_v3_CCD0.0.25",2.01159946929008,0.0281959183924312,0.0545559919650913,-0.0878322051477295
1435,"long_v3_CCD0.0.25",1.95268179972865,-0.033573696343533,0.054735391906402,-0.0917210738055583
1436,"long_v3_CCD0.0.25",1.9725008722646,-0.0538079392157758,-0.0928008353460802,-0.151474224325263
1437,"long_v3_CCD0.0.25",1.72385887293137,0.0446934269691742,0.00945839686131557,-0.0864394079681687
1438,"long_v3_CCD0.0.25",2.03627790626493,-0.0649346134220113,0.0446223072991451,-0.0780589762370017
1439,"long_v3_CCD0.0.25",1.86634698120377,0.0425755537379771,-0.0546458960343787,-0.00390970774061204
1440,"long_v3_CCD0.0.25",2.07589749395649,-0.00349361334477753,0.00133116910400637,-0.105618706235987
1441,"long_v3_CCD0.0.25",1.60230061877825,-0.0108504978809229,-0.0349695921643948,-0.13849864181228
1442,"long_v3_CCD0.0.25",1.79823780870231,0.0843807140582922,0.0170128875991267,-0.13853798135275
1443,"long_v3_CCD0.0.25",2.07771998910293,0.00777054861960681,0.149039314408584,-0.13511723256651
1444,"long_v3_CCD0.0.25",2.02534337598474,-0.0101384186243092,0.0107514638524591,-0.0533903181857199
1445,"long_v3_CCD0.0.25",1.91504988998409,0.0528863058475516,0.0247430216716397,-0.0933567536655201
1446,"long_v3_CCD0.0.25",1.89800652051667,0.0709802325831078,0.0348268098809297,-0.106934228636869
1447,"long_v3_CCD0.0.25",1.60324805760389,0.0289736796138674,0.100454151640258,-0.0208512194098964
1448,"long_v3_CCD0.0.25",1.78088846746517,-0.0114692355909739,0.0151063121539998,-0.0883746838483535
1449,"long_v3_CCD0.0.25",1.92927031247044,0.0110873215968068,0.0197920309123216,-0.134942031739012
1450,"long_v3_CCD0.0.25",1.98734723566794,-0.0484618170795923,-0.0341288527008691,-0.154311413582831
1451,"long_v3_CCD0.0.25",1.92952425050446,-0.0365628064178658,-0.00591660487170989,-0.12435676025783
1452,"long_v3_CCD0.0.25",1.92805613135359,0.016541191398272,0.0220001993307441,-0.0779932921551166
1453,"long_v3_CCD0.0.25",1.27312346545591,-0.00109880544512045,0.0804755200851969,-0.0224150492052953
1454,"long_v3_CCD0.0.25",1.85669688922542,0.0378116836715626,0.0912935528323802,-0.0492114924958873
1455,"long_v3_CCD0.0.25",1.55217836373706,-0.00754511121424131,0.0279825711713891,-0.217507672047376
1456,"long_v3_CCD0.0.25",1.68370689164727,0.0795423682160855,0.0612873923729739,-0.0492270723965634
1457,"long_v3_CCD0.0.25",2.05162702829284,-0.0336007818257997,0.0554841735195465,0.0337846432712522
1458,"long_v3_CCD0.0.25",1.66538876178758,-0.0374783390038241,0.0830757817921967,-0.101326722997398
1459,"long_v3_CCD0.0.25",1.87056239388853,-0.0271143257405779,0.0165288759082874,-0.0578134704118475
1460,"long_v3_CCD0.0.25",1.6654216777265,0.0210633391466083,0.0182953667154487,-0.0480536693352548
1461,"long_v3_CCD0.0.25",1.89930104815199,-0.0021126215827369,0.00816006026873949,-0.0171370921350708
1462,"long_v3_CCD0.0.25",1.91742097503663,0.0357342544925574,-0.0786432960318143,-0.150553833859552
1463,"long_v3_CCD0.0.25",1.8405778003897,-0.0400097273281349,0.0855698780844983,-0.0143300766660156
1464,"long_v3_CCD0.0.25",1.5715004296909,0.0147897910157152,0.0592073536328755,-0.0278167696516377
1465,"long_v3_CCD0.0.25",2.00288734506169,0.0479328164581638,0.0349533612320346,-0.0947321917877061
1466,"long_v3_CCD0.0.25",1.70166123338524,0.0232952835829417,0.0811381405808657,-0.0516933615203214
1467,"long_v3_CCD0.0.25",2.05731407936359,0.0172720407268626,0.0467952377358717,-0.0989234313422077
1468,"long_v3_CCD0.0.25",1.40422666299801,-0.0717716722650501,0.0418110912844936,-0.0499542832201338
1469,"long_v3_CCD0.0.25",2.07773909102074,-0.00038599787179487,0.0191379802884717,-0.063033098821057
1470,"long_v3_CCD0.0.25",2.22664716097359,0.0769664705665209,0.0968355035244582,-0.100539419778553
1471,"long_v3_CCD0.0.25",1.9321429528403,0.00180392888235491,0.0621392371740327,0.0582089137385872
1472,"long_v3_CCD0.0.25",1.93010773251291,0.000599035938907038,0.061904983499004,0.0567576709017953
1473,"long_v3_CCD0.0.25",1.9270865972168,0.00109309813791507,0.062789513771348,0.0573963070743776
1474,"long_v3_CCD0.0.25",1.92874663312697,0.00149521577536612,0.0615978395756833,0.0564391109099607
1475,"long_v3_CCD0.0.25",1.92905215288763,0.00168629951380074,0.0605004817937099,0.0580278098115712
1476,"long_v3_CCD0.0.25",1.92966029831285,0.00212163342776809,0.0602618978217414,0.0575909544549702
1477,"long_v3_CCD0.0.25",1.92659965774812,0.00325185355237244,0.0605107666659419,0.0574964266602046
1478,"long_v3_CCD0.0.25",1.92847613176397,0.00438542585954584,0.0599796175715281,0.0571990167927292
1479,"long_v3_CCD0.0.25",1.93015720168791,0.00482578585649882,0.0599075341647096,0.0559484203922521
1480,"long_v3_CCD0.0.25",1.92890603451352,0.00495301771666712,0.0600266831957494,0.0559611786371408
1481,"long_v3_CCD0.0.25",1.92684670701976,0.00437008279177733,0.0621345224528199,0.0574586809867807
1482,"long_v3_CCD0.0.25",1.92304362214958,0.00413271474875445,0.0627320737536752,0.0572068523938913
1483,"long_v3_CCD0.0.25",1.91035060580024,0.00330149577583673,0.0625319309603492,0.0535571478872268
1484,"long_v3_CCD0.0.25",1.9069805064468,0.00362676775463023,0.0629590286393299,0.0546613899905629
1485,"long_v3_CCD0.0.25",1.90671255467674,0.00371707096263891,0.0628078838992215,0.0551672336263706
1486,"long_v3_CCD0.0.25",1.9046696520676,0.00279731131107075,0.0619363351310972,0.0549046221179153
1487,"long_v3_CCD0.0.25",1.90126372199646,0.00294073121765248,0.062639798529481,0.0577401821379103
1488,"long_v3_CCD0.0.25",1.90198760145299,0.00238179933880169,0.0622642935370957,0.0573129469820245
1489,"long_v3_CCD0.0.25",1.89794266048698,0.00147866905854316,0.0619729012075426,0.0573224744796929
1490,"long_v3_CCD0.0.25",1.89043034815686,0.00174722680856276,0.0625386099930347,0.0594030214853523
1491,"long_v3_CCD0.0.25",1.88806068833311,0.000510639522459088,0.0612183729637489,0.0597554468667435
1492,"long_v3_CCD0.0.25",1.88583231896689,-8.5877173757199e-05,0.0612946911137228,0.0599287010867105
1493,"long_v3_CCD0.0.25",1.89116779794298,0.000824984058296236,0.0594680513993263,0.0600278873132838
1494,"long_v3_CCD0.0.25",1.89004887794312,0.000627666988434463,0.0589108974111309,0.0599002970287941
1495,"long_v3_CCD0.0.25",1.88609239294694,-0.000905534366453114,0.0588724007064447,0.060039944871168
1496,"long_v3_CCD0.0.25",1.88868003433931,-0.00138804072369691,0.059788244539318,0.0605121235166511
1497,"long_v3_CCD0.0.25",1.89127930127321,0.000254894003708875,0.0595655236966875,0.0611287617256885
1498,"long_v3_CCD0.0.25",1.8837181361823,-0.00264201970764059,0.0582773305544891,0.0616252948330869
1499,"long_v3_CCD0.0.25",1.94021408431175,-0.0528758573245934,0.0513261567351101,-0.138118502934337
1500,"long_v3_CCD0.0.25",1.84070716415767,0.0355597839588306,0.00160236600626102,-0.0383160059961613
1501,"long_v3_CCD0.0.25",1.86758649286815,0.0249328727425891,0.0424419535791128,-0.027480383888221
1502,"long_v3_CCD0.0.25",1.77387810380877,-0.00238596970034363,0.0170155070216403,-0.027532201529493
1503,"long_v3_CCD0.0.25",1.89394349920997,-0.000274667201481854,-0.0136316411274079,-0.021245770980096
1504,"long_v3_CCD0.0.25",1.97413391124603,0.0323314740674932,0.0742137278066407,-0.0295147610764189
1505,"long_v3_CCD0.0.25",1.88576358332911,0.0688958773441747,0.00437640636740514,-0.0481830292195109
1506,"long_v3_CCD0.0.25",2.07455298060996,-0.0317564012781869,0.0318850495849818,-0.0350705843555516
1507,"long_v3_CCD0.0.25",2.0341162081657,0.0224258100383934,0.0019545981266402,-0.0814230261934824
1508,"long_v3_CCD0.0.25",1.61948438250264,-0.0431209573765586,0.112565123822128,-0.10150004774192
1509,"long_v3_CCD0.0.25",1.72319744794028,0.0084434978709269,0.0308024742469482,-0.091999313473687
1510,"long_v3_CCD0.0.25",1.94861263484362,0.0346600970983915,-0.00862149483977263,-0.0586862210791183
1511,"long_v3_CCD0.0.25",1.86802024581178,-0.0115269367715069,-0.00479206564343398,-0.0996806242835406
1512,"long_v3_CCD0.0.25",1.8786671385205,-0.0410727297692676,0.104481824538389,-0.098245512697453
1513,"long_v3_CCD0.0.25",2.0830758066157,0.0398412727343832,0.0445928053370523,-0.0468758218983862
1514,"long_v3_CCD0.0.25",1.90722813087919,0.0173606904890124,0.0751508396556647,-0.0811255019653669
1515,"long_v3_CCD0.0.25",1.5029282395403,-0.0468335016172148,0.0127475641942001,-0.0177970434526813
1516,"long_v3_CCD0.0.25",1.6278894143078,0.0511030302560625,0.0105009146897387,-0.0819998042853679
1517,"long_v3_CCD0.0.25",1.634636016179,0.0558215586406394,-0.037878569226081,-0.0503139657329741
1518,"long_v3_CCD0.0.25",1.9686972923422,0.022279836531056,0.0220552686171228,-0.105135158485587
1519,"long_v3_CCD0.0.25",1.82452311246615,0.00837890999896882,-0.0112396285433981,-0.0984455838392071
1520,"long_v3_CCD0.0.25",1.92117045687668,-0.0890672930095293,-0.0177562273524195,0.0457367516095052
1521,"long_v3_CCD0.0.25",2.39845461580911,-0.0483288159446161,0.0587717627264165,-0.145195184735698
1522,"long_v3_CCD0.0.25",1.95131368696182,0.0388567041023485,-0.0572683486356644,-0.0806248505507894
1523,"long_v3_CCD0.0.25",2.01483073673722,-0.0141591603262203,0.0175892237370874,-0.070079273014888
1524,"long_v3_CCD0.0.25",1.92324047110985,0.120770444267816,-0.00433783612644852,-0.100019676003445
1525,"long_v3_CCD0.0.25",1.67667659779602,0.000918077085187066,0.0593480181791649,-0.0332676466709837
1526,"long_v3_CCD0.0.25",1.94889166328022,0.0136669459377731,0.0316157503493572,-0.0851845552650989
1527,"long_v3_CCD0.0.25",1.87037250480355,-0.049804792575251,0.0266089436998548,-0.0406606783446289
1528,"long_v3_CCD0.0.25",1.85883928062177,-0.0339420294240046,-0.00853469719289239,-0.0636224909755963
1529,"long_v3_CCD0.0.25",2.22972438251318,0.00522049505193649,-0.0125358109017801,-0.104879780419875
1530,"long_v3_CCD0.0.25",1.94915779706534,0.00300510512258271,-0.00213172796355818,-0.101781323190512
1531,"long_v3_CCD0.0.25",1.85192530852002,-0.0127878493305139,0.0031693146470457,-0.0377022303916269
1532,"long_v3_CCD0.0.25",1.75064699529938,-7.56803695902506e-05,0.0145519918716092,-0.048637664101373
1533,"long_v3_CCD0.0.25",2.08532217143193,-0.0102671044798386,-0.0431688436058534,-0.0846294615548061
1534,"long_v3_CCD0.0.25",1.90331008753649,0.0428580363875524,0.0134121189374567,-0.117106816942984
1535,"long_v3_CCD0.0.25",2.02544092594307,0.0271615385368543,0.0618764155095593,-0.15054740110949
1536,"long_v3_CCD0.0.25",1.94469305560556,0.0392023194818643,0.0937115728203093,-0.164962265391984
1537,"long_v3_CCD0.0.25",1.32178966367152,0.00966530518044852,-0.0599731648505362,-0.0947563501369416
1538,"long_v3_CCD0.0.25",2.05175936433211,-0.0116291691273757,0.0614431348475397,-0.10136310559349
1539,"long_v3_CCD0.0.25",2.08143121013544,-0.0203118577169652,0.0548032228876251,-0.0786600800438802
1540,"long_v3_CCD0.0.25",1.49302432554926,0.0444919710554968,-0.000483752736812778,-0.0643939207833644
1541,"long_v3_CCD0.0.25",1.88310246368564,0.00849958125720897,0.0155497542072719,-0.0616679121649713
1542,"long_v3_CCD0.0.25",1.62052712092713,-0.0132784503775932,0.027358599547262,-0.0762578959128233
1543,"long_v3_CCD0.0.25",1.91986580117521,-0.0270464404897674,-0.00872071953858658,-0.0747389091968298
1544,"long_v3_CCD0.0.25",1.6467213948896,0.00905748174214075,0.0346094981934408,-0.00949861169110364
1545,"long_v3_CCD0.0.25",2.41888232142699,0.0621422785656776,0.0113313954358168,-0.14974525479267
1546,"long_v3_CCD0.0.25",2.14756994517128,-0.0166185365521152,0.0374229542358592,-0.0685854305633086
1547,"long_v3_CCD0.0.25",1.69845928517572,0.0117548142444079,-0.0107806935328845,-0.0549176571708479
1548,"long_v3_CCD0.0.25",1.94731611030719,0.0255008317440989,0.0244475407901433,-0.117116041461409
1549,"long_v3_CCD0.0.25",1.76258789657305,0.0123972039580391,0.0212685111285175,-0.0579655174246381
1550,"long_v3_CCD0.0.25",1.81176530068909,0.0266374166313288,0.0289122087624342,-0.0323882238020873
1551,"long_v3_CCD0.0.25",1.93536636103702,0.0521026372471582,0.0721821301928687,-0.105793217148457
1552,"long_v3_CCD0.0.25",1.70187357154424,-0.0379518326215659,0.0499892613149437,0.024001910124077
1553,"long_v3_CCD0.0.25",1.85229877389104,-0.00652630558664838,0.00635733751468674,-0.0277005590262901
1554,"long_v3_CCD0.0.25",1.10143847251575,0.0470513909146838,0.0478288629089289,-0.0168834592884072
1555,"long_v3_CCD0.0.25",1.88748809148602,-0.0515243852778787,0.0623336239254371,-0.0267625244172997
1556,"long_v3_CCD0.0.25",2.09236770486838,0.0598303123047131,0.0165539301142197,-0.0511034745331591
1557,"long_v3_CCD0.0.25",1.91700624014842,0.0224508413613265,-0.0123869109963449,-0.0554850685011053
1558,"long_v3_CCD0.0.25",2.02415973741964,-0.0209103300172365,0.0204621664448375,-0.0450780807864385
1559,"long_v3_CCD0.0.25",2.09142025542837,0.0384085857953204,0.0403246262687046,-0.106489523683096
1560,"long_v3_CCD0.0.25",1.80816695085574,0.00253100829688912,-0.00591124641262829,-0.0830698705756057
1561,"long_v3_CCD0.0.25",2.1509604758298,0.0117495740266687,0.0428357728797443,-0.0448372468448099
1562,"long_v3_CCD0.0.25",2.13059900675306,-0.0242499558749387,0.0780584293618409,-0.0429129885487377
1563,"long_v3_CCD0.0.25",1.85544901429691,-0.0649030369440771,-0.0157216892252223,-0.0666984905790938
1564,"long_v3_CCD0.0.25",2.09731659931972,0.00579896885037474,0.00216642059173144,-0.115594730203354
1565,"long_v3_CCD0.0.25",1.87937207359087,0.0482863417572399,-0.0144590022452759,-0.112613528169385
1566,"long_v3_CCD0.0.25",1.8958703613745,-0.0423529880538069,0.0514822128675006,-0.13286134500883
1567,"long_v3_CCD0.0.25",2.17873356075976,0.0882316176020702,0.0513816383851304,-0.127743947694523
1568,"long_v3_CCD0.0.25",2.02390819844031,0.0207296367681637,0.0113253037458506,-0.121931699713636
1569,"long_v3_CCD0.0.25",1.78749065445981,0.0574005049076014,-0.0470629282390313,-0.0707923948342841
1570,"long_v3_CCD0.0.25",1.750507864435,0.0232055004516124,-0.044385919385739,-0.0758885825188035
1571,"long_v3_CCD0.0.25",2.04764589718446,-0.00184103804725995,0.00323484355877451,-0.108490184114812
1572,"long_v3_CCD0.0.25",1.81649015670539,0.00385799597889006,-0.00948707623344305,-0.0982579415659537
1573,"long_v3_CCD0.0.25",1.73591395942134,0.00911718539510396,-0.0070489337805869,-0.133701549169395
1574,"long_v3_CCD0.0.25",1.91311663065208,0.0135654376276922,0.0407853281484036,-0.0293014940433939
1575,"long_v3_CCD0.0.25",1.98023167681643,0.0574165402910514,-0.0349560134273575,-0.147843145939397
1576,"long_v3_CCD0.0.25",1.73079488209501,-0.0757855637112391,-0.00858890780212964,-0.0350702735318569
1577,"long_v3_CCD0.0.25",1.81665781131985,0.00176392061461928,0.0152007807983771,-0.0402203771775046
1578,"long_v3_CCD0.0.25",1.97804606159793,-0.0437965251032718,0.0128951362654944,-0.1091708448815
1579,"long_v3_CCD0.0.25",1.90513414437597,-0.0169053161316013,0.0356252071537018,-0.0565143248152901
1580,"long_v3_CCD0.0.25",1.73867317601859,0.000900030065749385,0.0517678027849205,-0.0870087409735864
1581,"long_v3_CCD0.0.25",1.96697257721428,-0.0505518502786383,0.0466194964748694,-0.0570672785253099
1582,"long_v3_CCD0.0.25",1.67773566565508,-0.0144039830969727,-0.0607732789236006,-0.06266907574653
1583,"long_v3_CCD0.0.25",1.37759309048806,0.102202880501108,0.0259410784070004,-0.161432474257209
1584,"long_v3_CCD0.0.25",2.02052450158192,0.0317248872158908,-0.000838451185282293,-0.135539827907891
1585,"long_v3_CCD0.0.25",1.80631496095856,0.0188067580654246,0.0427781329393724,-0.124830653323754
1586,"long_v3_CCD0.0.25",1.90870116433105,-0.00289364795777092,0.0150225406781621,-0.0798614579030159
1587,"long_v3_CCD0.0.25",2.13871768353029,0.0257663037722858,-0.0142543298686351,-0.0763171643039651
1588,"long_v3_CCD0.0.25",2.11705655472449,0.0686100644903965,-0.0697960325392115,-0.113743977766499
1589,"long_v3_CCD0.0.25",1.93462880515026,-0.0543867860124265,0.0459732744595504,-0.166892632521996
1590,"long_v3_CCD0.0.25",1.69432806349731,-0.0834006291967096,0.0115824940242243,-0.0311938832163358
1591,"long_v3_CCD0.0.25",1.90979305415311,-0.0158415240848664,0.0680929816137858,-0.059610817297253
1592,"long_v3_CCD0.0.25",1.29948175568333,0.0399941289451606,0.0298815364444404,-0.0724602342737665
1593,"long_v3_CCD0.0.25",1.48837487777825,-0.0214764765081072,0.0340823416576812,-0.063504550988264
1594,"long_v3_CCD0.0.25",1.8775059381917,0.0543619261972828,-0.0127778575650501,-0.0369629176075553
1595,"long_v3_CCD0.0.25",1.89879991466366,-0.00353993995260979,-0.0355479753135898,-0.143078006684265
1596,"long_v3_CCD0.0.25",1.69355480465322,0.0657573072458715,-0.0196519856415327,-0.0890319726383349
1597,"long_v3_CCD0.0.25",1.48836341064862,0.00742216904023341,0.0103129344794262,-0.0644544269253488
1598,"long_v3_CCD0.0.25",1.6728072575713,0.0226887425401508,0.102643281806495,-0.0404349085208811
1599,"long_v3_CCD0.0.25",2.09108653911503,0.0269847886676913,0.0575118133735983,-0.163509547742545
1600,"long_v3_CCD0.0.25",1.57173445882388,0.0260288003798833,0.0687457818798908,-0.125156869521254
1601,"long_v3_CCD0.0.25",1.84139541940627,0.0127523079631273,0.017938627441322,-0.0821790411690913
1602,"long_v3_CCD0.0.25",1.74007359887371,-0.00722621402943662,0.0499535582721699,-0.0703300308076208
1603,"long_v3_CCD0.0.25",1.35712717001854,-0.0338224037456621,0.0348383786705396,-0.00208721054967529
1604,"long_v3_CCD0.0.25",2.01322008967678,0.049076669971784,0.0328543870700289,-0.0751629358158351
1605,"long_v3_CCD0.0.25",1.87847525864318,-0.0156418806163917,0.0638737214234918,-0.0802489506964647
1606,"long_v3_CCD0.0.25",1.76790143792192,-0.0434608332076502,-0.0448681448831125,-0.0592950401975305
1607,"long_v3_CCD0.0.25",1.92500760483256,-0.0216518860911322,0.0371794545994793,-0.0268237298569619
1608,"long_v3_CCD0.0.25",1.86421709801727,-0.0203304040182351,0.00536335051846239,-0.109214465544078
1609,"long_v3_CCD0.0.25",2.1257488383857,0.0686977908867765,-0.0332959744537809,-0.169019458733399
1610,"long_v3_CCD0.0.25",2.0279869928227,0.0776589426873582,-0.0185662323037444,-0.106169714431817
1611,"long_v3_CCD0.0.25",1.81322182664129,-0.0308479893567213,-0.030606492027568,-0.0485690074681761
1612,"long_v3_CCD0.0.25",1.88935534347154,-0.0258373509409363,0.044807339418477,-0.169584182815756
1613,"long_v3_CCD0.0.25",2.16543143093292,0.00222840424995522,0.0390413567035278,-0.122317493830547
1614,"long_v3_CCD0.0.25",1.94826459012042,0.0342711660809961,0.00687680210865166,-0.127719930240279
1615,"long_v3_CCD0.0.25",2.0268601942845,0.0202443392635736,0.00992242840594149,-0.0758864743159577
1616,"long_v3_CCD0.0.25",2.03461208201284,0.0160314841298821,-0.035098234489222,-0.125811129196824
1617,"long_v3_CCD0.0.25",2.04571919495232,0.00707345338697292,0.0394406744799645,-0.0712159260020163
1618,"long_v3_CCD0.0.25",2.0237331981591,0.028816441523373,0.0867623078767158,-0.125951629438745
1619,"long_v3_CCD0.0.25",2.18503103687829,0.00169043981382889,0.0455846587402708,-0.069877921339533
1620,"long_v3_CCD0.0.25",2.21656477474335,0.00854275221703777,0.0151340931574236,-0.0503165545594411
1621,"long_v3_CCD0.0.25",1.76356195028774,0.0442654596313188,-0.0795178164697613,-0.118200672496382
1622,"long_v3_CCD0.0.25",2.15644626103673,0.0229784211622371,-0.0064197692197586,-0.0877155437644051
1623,"long_v3_CCD0.0.25",1.81496123961674,0.0558549318744483,0.0342648168769166,-0.0722183287023346
1624,"long_v3_CCD0.0.25",2.09474268045739,-0.0270157195210557,0.00945902507576795,-0.0714593418275895
1625,"long_v3_CCD0.0.25",1.75305075172246,0.0581016277125945,0.0332121754660158,-0.138799829020791
1626,"long_v3_CCD0.0.25",1.88973275750977,-0.021447144132449,0.0770928252019817,-0.0928559481606109
1627,"long_v3_CCD0.0.25",1.97587007240859,-0.00386195635499453,0.00268501417570991,-0.0602937627474698
1628,"long_v3_CCD0.0.25",1.84071182258941,-0.0119271511901349,-0.00498355810121259,0.00398629586995434
1629,"long_v3_CCD0.0.25",2.09693276606393,-0.015015670448639,-0.0188643403831681,-0.140216167569546
1630,"long_v3_CCD0.0.25",1.85935452400949,-0.00888645714902529,0.0539623469276056,-0.0925979506717024
1631,"long_v3_CCD0.0.25",1.79196261011452,0.0318667896313671,0.0220118399694042,-0.0940967856301593
1632,"long_v3_CCD0.0.25",1.56927197368376,0.0210677776898639,-0.0445757675939859,-0.0492872734327124
1633,"long_v3_CCD0.0.25",1.85899699107143,0.00806290647489777,0.049432934340613,-0.0138801476484566
1634,"long_v3_CCD0.0.25",1.86887945485403,-0.041443907926576,-0.0337050711626468,-0.0691126184517971
1635,"long_v3_CCD0.0.25",2.27492865125411,0.0385092886622758,0.0698048184488149,-0.0945178916645491
1636,"long_v3_CCD0.0.25",1.64310356480406,-0.120227515449527,-0.100758574109893,-0.100799146427653
1637,"long_v3_CCD0.0.25",2.0224231157705,0.0449326191546056,0.0990588489860045,-0.0684113897021841
1638,"long_v3_CCD0.0.25",1.56284493301689,0.0175729781043473,0.0344668137388567,-0.0753721019037877
1639,"long_v3_CCD0.0.25",2.10222071434653,0.0416863288632967,0.0195867617615734,-0.128474625309922
1640,"long_v3_CCD0.0.25",1.78835124734216,0.0575852559418186,0.0698771841549312,-0.0144895651070821
1641,"long_v3_CCD0.0.25",1.8988327374114,-0.0264563954011219,0.0737699250738589,0.00522434278912542
1642,"long_v3_CCD0.0.25",1.86331681432645,-0.0427408497978393,0.0496695570825792,-0.11522387557339
1643,"long_v3_CCD0.0.25",1.87373500341067,0.0259750840939041,0.0543961097108285,-0.0755134756399304
1644,"long_v3_CCD0.0.25",1.8111256075639,0.00833254889380119,0.00171124388139009,-0.130057706459216
1645,"long_v3_CCD0.0.25",1.98615463924768,-0.0102661941564705,-0.0321792223538348,-0.0445863652972026
1646,"long_v3_CCD0.0.25",1.80155256352569,-0.0293408990662096,-0.032772222283542,-0.185155021433306
1647,"long_v3_CCD0.0.25",1.57551891613704,-0.00402095784069396,-0.00753531932193269,-0.104140623555669
1648,"long_v3_CCD0.0.25",1.8628884288476,0.0109407757222983,-0.00924731925018287,-0.112764472155936
1649,"long_v3_CCD0.0.25",1.96162120050399,-0.0526555269550335,0.08524634368381,-0.0631354690932767
1650,"long_v3_CCD0.0.25",1.56467047945415,0.0436185783310696,0.0963804298633942,-0.142643886408961
1651,"long_v3_CCD0.0.25",2.00929739703954,0.00915568127150394,-0.0179577920194415,-0.0780123935481392
1652,"long_v3_CCD0.0.25",1.96149398823278,-0.00267274791111751,-0.0119629137068175,-0.0906898959474666
1653,"long_v3_CCD0.0.25",1.668992469459,0.0258808069776015,0.119311322307566,0.0954217743929506
1654,"long_v3_CCD0.0.25",1.96014849432594,-0.00339316255523367,0.0190466626397046,-0.143638229055014
1655,"long_v3_CCD0.0.25",1.63430891234798,0.0116447157482206,0.00271056627248026,-0.148383265169497
1656,"long_v3_CCD0.0.25",1.95475765137697,0.0153821973777537,0.079200173220965,-0.0147989934325626
1657,"long_v3_CCD0.0.25",2.11353991328746,0.00981755079699682,-0.0120634429325064,-0.085324047266672
1658,"long_v3_CCD0.0.25",1.835968882369,-0.0349899328011254,-0.0646987598791938,-0.0956552059871267
1659,"long_v3_CCD0.0.25",1.90129113905763,0.0164579416807208,0.00895484101670059,-0.0832749656376569
1660,"long_v3_CCD0.0.25",1.69356756737263,0.131697188736538,0.0260591458186093,-0.166680232646604
1661,"long_v3_CCD0.0.25",2.11963263705855,0.00712807538872996,0.0522161731963946,-0.126799058687511
1662,"long_v3_CCD0.0.25",2.64117954744965,0.0627704591132907,0.0405166885468024,-0.135131294610755
1663,"long_v3_CCD0.0.25",1.88006044674048,-0.000246747284749645,0.0755532686051786,-0.0531176133428438
1664,"long_v3_CCD0.0.25",1.79454759496606,-0.0404971956081468,0.00453108621911485,-0.11559660859277
1665,"long_v3_CCD0.0.25",2.29557053896954,0.106445968903791,-0.0110851843599669,-0.100032585736106
1666,"long_v3_CCD0.0.25",1.92905940904684,0.0612412584055765,0.00138341031325791,-0.11600349717649
1667,"long_v3_CCD0.0.25",1.80991749845102,0.0133277009717775,0.013779616008332,-0.0725687285388803
1668,"long_v3_CCD0.0.25",1.97943792893861,0.0425571482287889,0.0590774481746693,-0.0971077928834626
1669,"long_v3_CCD0.0.25",2.01896248340903,0.00504842234984647,0.0795286948630488,-0.00526299125754213
1670,"long_v3_CCD0.0.25",2.00085316483289,-0.0487305681822852,-0.00124972370907245,-0.0889971440865551
1671,"long_v3_CCD0.0.25",1.93638456346744,0.0141770803614511,-0.0180452304092073,-0.0211832912319883
1672,"long_v3_CCD0.0.25",1.92661429883785,0.0100703355090796,0.0139157744357766,-0.0336387942513412
1673,"long_v3_CCD0.0.25",1.95136723300383,0.0177680136147753,0.0556293218331911,-0.114677201651427
1674,"long_v3_CCD0.0.25",1.6305142027572,0.00219934265470573,0.0245937039224927,-0.105832973686206
1675,"long_v3_CCD0.0.25",1.88800107788015,-0.0603640454271999,0.0393904148506684,-0.138435480181381
1676,"long_v3_CCD0.0.25",1.92859050173007,0.0307950497523387,0.0180635424314696,-0.0610040460569587
1677,"long_v3_CCD0.0.25",1.61723416859669,0.0105324256148057,0.00192941477306362,-0.107500864465498
1678,"long_v3_CCD0.0.25",1.97935600152027,0.0357267967347027,0.120264674089838,-0.129354559537567
1679,"long_v3_CCD0.0.25",1.62414321680132,-0.0090012087483858,-0.0536989587288442,-0.0180648744055008
1680,"long_v3_CCD0.0.25",1.91611638135261,0.0163514090450858,0.0045154897115937,-0.107451682187142
1681,"long_v3_CCD0.0.25",2.02556945677031,0.0119278958047104,0.0634906823061151,-0.151968393448875
1682,"long_v3_CCD0.0.25",1.9018476297411,0.0833143897549684,0.0136011391661259,-0.103740802042306
1683,"long_v3_CCD0.0.25",1.78502196842472,-0.00730475217718143,0.0477911716522584,-0.0199994849356602
1684,"long_v3_CCD0.0.25",1.91933239739998,0.0146371880797571,-0.00162092504795232,-0.0861598586187772
1685,"long_v3_CCD0.0.25",1.85842780565682,-0.0747466256564756,0.0461945484383564,-0.0763142691660651
1686,"long_v3_CCD0.0.25",1.81567990087981,-0.00857028274263343,0.082575098140647,-0.0953117498005044
1687,"long_v3_CCD0.0.25",2.14931317540538,-0.00202728721007266,0.114017021692408,-0.114908913228706
1688,"long_v3_CCD0.0.25",1.92620188523139,0.0318258959691417,-0.0647096749452098,-0.0662267389114343
1689,"long_v3_CCD0.0.25",1.78632830801397,-0.0221286684431554,-0.0123534684086933,-0.196703553323814
1690,"long_v3_CCD0.0.25",1.88544776521867,-0.0511898092092121,0.0558162210139947,-0.118847891179407
1691,"long_v3_CCD0.0.25",1.88341868173723,0.0576594438197109,0.0148845731935295,-0.0408829404715917
1692,"long_v3_CCD0.0.25",2.41077362053766,0.0333399986770848,0.0250012979530701,-0.0930487807432046
1693,"long_v3_CCD0.0.25",1.76970546412856,0.0227023167390067,-0.0257204102051168,-0.0580172783364301
1694,"long_v3_CCD0.0.25",1.7302738350955,0.0192043115937836,0.032909689419262,-0.061830695401587
1695,"long_v3_CCD0.0.25",1.52680319638148,-0.0265563560842728,0.0223638976368155,9.41937422944521e-05
1696,"long_v3_CCD0.0.25",1.45200176761309,0.021357050058325,0.0428193845858321,-0.0447765921136228
1697,"long_v3_CCD0.0.25",1.79233685968937,0.024342021772775,0.000179089564443131,-0.111970394026044
1698,"long_v3_CCD0.0.25",2.1284327547445,-0.0255924436192115,0.0396857542189178,-0.128724543685266
1699,"long_v3_CCD0.0.25",2.1347608192046,-0.0527268817105674,0.0266583815081135,-0.0488302320286228
1700,"long_v3_CCD0.0.25",2.0292463341525,-0.000275245429576293,0.0221748717119574,-0.170565143864321
1701,"long_v3_CCD0.0.25",2.0702668373763,0.06891698394868,-0.0342405724783795,-0.117545484327471
1702,"long_v3_CCD0.0.25",1.83396164129108,-0.0458754093687763,0.103871356570719,-0.120751273467013
1703,"long_v3_CCD0.0.25",1.58772490743304,0.0259303519210205,0.0823126616432479,-0.0385777518216049
1704,"long_v3_CCD0.0.25",1.77008178768951,-0.0301528566768935,0.064155723604353,-0.107890910308915
1705,"long_v3_CCD0.0.25",1.77264319486131,-0.0299071591250302,0.0507980895719763,0.0257784579503251
1706,"long_v3_CCD0.0.25",2.09252002357503,0.0811816698109932,-0.0783938175012312,-0.0203873364752457
1707,"long_v3_CCD0.0.25",1.79135937290275,-0.025463339809652,0.0753480934082981,-0.057261032974563
1708,"long_v3_CCD0.0.25",1.99963073957378,0.0477506991121855,0.0890172012607105,-0.0499428264538679
1709,"long_v3_CCD0.0.25",2.04051031311733,0.0422788570592896,0.0426614300529707,-0.116598232117708
1710,"long_v3_CCD0.0.25",1.73860109543341,0.00537941587713623,0.0489163727529207,-0.0389892170968647
1711,"long_v3_CCD0.0.25",1.73244004443036,0.000535075453738442,-0.0144044039401559,-0.0355954748941073
1712,"long_v3_CCD0.0.25",1.857329305173,-0.0375477844915291,0.0870368331999083,-0.0658189002119972
1713,"long_v3_CCD0.0.25",1.86307652190803,-0.0088424854428835,0.0951634073764365,-0.12776862337831
1714,"long_v3_CCD0.0.25",1.96326078279079,0.00761837495561534,0.0501974945353704,-0.0711347433016759
1715,"long_v3_CCD0.0.25",2.2214012547701,0.0578779839948856,0.131650015122182,-0.167603546202301
1716,"long_v3_CCD0.0.25",2.13642698473597,-0.0136669724048007,0.0494339921143467,-0.12907041621237
1717,"long_v3_CCD0.0.25",1.80375355246666,0.00184722571784387,-0.00336686743443506,-0.0130332768887201
1718,"long_v3_CCD0.0.25",1.52971320319116,-0.00571749498069822,-0.00975334695080615,-0.0636256840513303
1719,"long_v3_CCD0.0.25",2.19749924254257,0.0207945377485087,0.00269677044215128,-0.150676598603849
1720,"long_v3_CCD0.0.25",1.93055000885383,-0.00727223856250694,0.0539360907501846,-0.0580321955506872
1721,"long_v3_CCD0.0.25",1.93051209179989,-0.0324554993399876,-0.000533533200522756,-0.02449516893522
1722,"long_v3_CCD0.0.25",2.06901904562671,-0.0184769020156233,0.0339896838830931,-0.119844131355363
1723,"long_v3_CCD0.0.25",1.90703744734535,0.0578773854980915,-0.00821087118534973,-0.0477504208738309
1724,"long_v3_CCD0.0.25",2.00494281996573,-0.0175867246378394,0.0173691584731016,-0.190957638440219
1725,"long_v3_CCD0.0.25",1.77671199832162,0.0031512830202018,-0.00340340395767407,-0.060795208741378
1726,"long_v3_CCD0.0.25",1.57780512006239,-0.0333077201236851,0.0797448529958897,-0.0420820763445249
1727,"long_v3_CCD0.0.25",2.03908165855278,0.00121783231689346,0.0926530193594038,-0.026345787372987
1728,"long_v3_CCD0.0.25",2.07940490686352,0.0530039158443848,0.0188435567140618,-0.0934106480023236
1729,"long_v3_CCD0.0.25",1.9411478282477,0.0519648681424924,0.0423868120458816,-0.0577516647271544
1730,"long_v3_CCD0.0.25",1.8818855219327,0.0832453503773156,0.0541913692033542,-0.077236405185893
1731,"long_v3_CCD0.0.25",1.77795273301978,-0.00136242846363068,0.0228278486926079,-0.0649367619451725
1732,"long_v3_CCD0.0.25",1.97828876894447,-0.0183485309407184,0.080129639274712,-0.10175362656219
1733,"long_v3_CCD0.0.25",1.86719066892814,-0.0227378537881451,0.0626093687715641,-0.030378048514476
1734,"long_v3_CCD0.0.25",2.11071260632401,0.0540675316694095,0.0111754632933596,-0.0657675830700175
1735,"long_v3_CCD0.0.25",1.69097032839492,0.0379015097209388,0.00390172776599005,0.00227172713925013
1736,"long_v3_CCD0.0.25",1.71271338600315,0.0850186466036433,0.00881639044136281,-0.0921283197058449
1737,"long_v3_CCD0.0.25",1.57840185940016,0.0466880173685628,0.0267507275948312,0.00702363073083413
1738,"long_v3_CCD0.0.25",1.20457671040877,-0.0742851873258155,-0.0189851637704556,-0.0108469485680335
1739,"long_v3_CCD0.0.25",1.75828176405266,0.0170743520367987,0.0335146530028957,-0.0734435844738457
1740,"long_v3_CCD0.0.25",1.91843761990968,-0.00869886137333294,0.0871600372745579,-0.0205075208710235
1741,"long_v3_CCD0.0.25",1.86469463110774,0.0148600890618846,0.0905735519793585,-0.139765405443751
1742,"long_v3_CCD0.0.25",1.95663764505702,-0.0463985335499302,-0.00486032629924952,-0.0800279730558512
1743,"long_v3_CCD0.0.25",2.04484122195745,0.00749596579061867,-0.0240750449577054,-0.0927186856483534
1744,"long_v3_CCD0.0.25",1.73810159500181,0.0516087927601769,-0.00579992078612507,-0.103923021824667
1745,"long_v3_CCD0.0.25",1.95189429485691,0.0180840054055693,0.0412989813412082,-0.082389789801955
1746,"long_v3_CCD0.0.25",1.60147436764506,0.0195029309120582,0.0192907725176294,-0.0926902410491527
1747,"long_v3_CCD0.0.25",1.81714042047612,0.100198787712693,-0.0222053155806697,0.00225501920383855
1748,"long_v3_CCD0.0.25",1.90639470642071,0.00309318510236697,0.0260830159083211,-0.0706736712361568
1749,"long_v3_CCD0.0.25",1.90085458090823,0.0933412881056715,0.0733130942272596,-0.0400025090063952
1750,"long_v3_CCD0.0.25",1.46446762889479,0.0506929485790276,-0.00596542043163809,-0.0645001495564225
1751,"long_v3_CCD0.0.25",1.68753467358838,-0.0148375811047732,0.0550885188670641,-0.0777537154997128
1752,"long_v3_CCD0.0.25",1.243246217772,-0.0309007565612287,-0.0226003195256218,-0.0331441211268808
1753,"long_v3_CCD0.0.25",1.51584877236486,0.0337888658728118,0.0820312023538668,0.0250730485856804
1754,"long_v3_CCD0.0.25",1.95922315260468,0.027996683893042,0.063776730132407,-0.148657299386448
1755,"long_v3_CCD0.0.25",2.84729841376893,0.00770624310485524,-0.00690929643259992,-0.120492705143359
1756,"long_v3_CCD0.0.25",1.38404873105055,0.0569313908980457,0.0182945717521219,-0.190625519396053
1757,"long_v3_CCD0.0.25",2.04433353834548,-0.023050115472115,0.0463139921229621,-0.0381607782553917
1758,"long_v3_CCD0.0.25",1.91717588227364,0.053950486696799,0.0312807435289369,-0.036182832909304
1759,"long_v3_CCD0.0.25",2.14432290199084,0.0631978071399766,-0.0120674281774198,-0.08212266817997
1760,"long_v3_CCD0.0.25",1.66456540669427,-0.0240294373843913,0.0730250987053292,0.00823178750670292
1761,"long_v3_CCD0.0.25",2.29416165098424,0.000184329670879319,-0.0363392103017286,-0.046884704167372
1762,"long_v3_CCD0.0.25",1.52171483047101,0.0539008812008277,-0.0134746731418352,-0.0335521075447122
1763,"long_v3_CCD0.0.25",1.91897372263274,0.0180361972232584,-0.0166021482035725,-0.127828183826893
1764,"long_v3_CCD0.0.25",1.82107996205872,-0.00874494068065778,0.0862695663811728,-0.12302980588571
1765,"long_v3_CCD0.0.25",1.88369953421696,-0.0398450394684807,0.0188491317622243,-0.102717867530855
1766,"long_v3_CCD0.0.25",1.78793279646053,0.0284529945324503,0.0462503028667695,-0.110640833797031
1767,"long_v3_CCD0.0.25",1.99235064024215,-0.0460519085308841,0.0446890783387653,-0.0533443085331296
1768,"long_v3_CCD0.0.25",1.77810158837489,-0.0472572368460482,0.0104376921295144,-0.024594370225746
1769,"long_v3_CCD0.0.25",2.02016960166895,0.034420951726953,0.0798978431782388,-0.155033174226115
1770,"long_v3_CCD0.0.25",1.90866533370258,0.00332244495297807,-0.0365891491704935,-0.131023681579407
1771,"long_v3_CCD0.0.25",1.80304470772459,0.000687979167999593,0.068926356630193,-0.118547027773812
1772,"long_v3_CCD0.0.25",1.66875597979751,0.00183009145609516,0.0206575104129958,-0.087262384761624
1773,"long_v3_CCD0.0.25",1.69527366657553,0.0289031178017732,0.0428736923287898,-0.026106171690921
1774,"long_v3_CCD0.0.25",1.79434514424238,-0.0287780589480077,-0.00182192850202724,-0.0698507251063498
1775,"long_v3_CCD0.0.25",1.48356273157415,-0.0228994821962491,0.0833095745457319,-0.0386903888123773
1776,"long_v3_CCD0.0.25",1.82075426931963,-0.00706463711818721,0.010798335486636,-0.0795038090603198
1777,"long_v3_CCD0.0.25",1.86736643622515,-0.056513622958787,0.0854047984721295,-0.0607143131951974
1778,"long_v3_CCD0.0.25",1.75529065678983,-0.044189910972172,0.025839034782011,-0.069049584416223
1779,"long_v3_CCD0.0.25",1.99421381434785,0.0677601894820764,-0.0523426972084097,-0.0932535357787779
1780,"long_v3_CCD0.0.25",1.95144056676652,0.0308327957188005,0.0882729279071595,-0.106635350204359
1781,"long_v3_CCD0.0.25",1.80288740431681,0.0143013616537684,0.00547840756324021,-0.0942278978999009
1782,"long_v3_CCD0.0.25",1.68146916439891,-0.0161348341992191,0.0117125236352838,-0.0403993964698159
1783,"long_v3_CCD0.0.25",2.00109683515372,0.0131313443951563,0.0401901030455761,-0.0695819325097089
1784,"long_v3_CCD0.0.25",2.23855319769005,-0.0106038713765424,0.0525953591360218,-0.128859539968829
1785,"long_v3_CCD0.0.25",1.94932251214782,0.0629026164682574,0.0448877917026851,-0.12041150941194
1786,"long_v3_CCD0.0.25",1.855422128258,-0.0121334454956355,-0.0117922668862734,-0.0786130145689626
1787,"long_v3_CCD0.0.25",1.96968948573065,-0.0293824188046521,0.0727317264271514,-0.0994355330704917
1788,"long_v3_CCD0.0.25",2.02635924351524,-0.00184891690078631,-0.0507970989852502,-0.111953183185827
1789,"long_v3_CCD0.0.25",1.89619259118382,-0.098194353036146,0.062717021767973,-0.0528361879017163
1790,"long_v3_CCD0.0.25",1.67763028314189,0.0121947036075812,-0.0312805935290188,-0.118889322060697
1791,"long_v3_CCD0.0.25",1.93395122272082,0.0262844589623035,-0.0300933171137043,-0.130368484217874
1792,"long_v3_CCD0.0.25",1.83147934008564,0.0149224188897315,0.0340659980891456,-0.0824221984147004
1793,"long_v3_CCD0.0.25",1.79482888970719,0.0220794638647986,0.0605848382169602,-0.0777745868038177
1794,"long_v3_CCD0.0.25",1.47998533454388,0.0158952490323526,0.0820820347830543,-0.0528956269018873
1795,"long_v3_CCD0.0.25",2.1357391831879,0.00958621750934122,-0.0278725742110754,-0.0818707683607212
1796,"long_v3_CCD0.0.25",1.42506464887535,-0.0193471319286368,0.0414802142705818,-0.133225518342703
1797,"long_v3_CCD0.0.25",1.82390600945296,-0.0139526145114419,0.0274004059773674,-0.0749261111240476
1798,"long_v3_CCD0.0.25",1.73344147491044,0.0491931494077508,0.0238555321780605,-0.056882459595388
1799,"long_v3_CCD0.0.25",1.9923153311856,0.0440341820846161,-0.0220635002575444,0.00947192703791798
1800,"long_v3_CCD0.0.25",1.85275352064116,0.0436746824329731,0.0272219058108065,-0.0857313253054359
1801,"long_v3_CCD0.0.25",1.89944851027624,-0.0371876302414941,0.0601758562440248,-0.0722281861527466
1802,"long_v3_CCD0.0.25",2.3609598678497,0.0505810195134693,0.0350790905420964,-0.165322225824468
1803,"long_v3_CCD0.0.25",1.85530328928499,0.0616771710262434,0.0114967921939304,-0.0587279084187898
1804,"long_v3_CCD0.0.25",1.82833371706013,0.0739067845243449,0.0752529856523426,-0.11562629852405
1805,"long_v3_CCD0.0.25",1.77047935352571,0.0325663077933639,0.0257148472581987,-0.0890045996238276
1806,"long_v3_CCD0.0.25",2.1355568259973,-0.00702317196045155,0.0282922702415112,-0.0620834731583653
1807,"long_v3_CCD0.0.25",1.74780658795101,0.00798231870589257,0.0334594362275978,-0.0818325405362712
1808,"long_v3_CCD0.0.25",1.88933897653476,-0.0111601995960648,0.0335623623126752,-0.0836962867833729
1809,"long_v3_CCD0.0.25",1.64204581647384,0.079063783735529,0.00428424343574364,0.00985701496207374
1810,"long_v3_CCD0.0.25",1.94819002614823,0.0312560302038998,0.0227728103026536,-0.0384972621339651
1811,"long_v3_CCD0.0.25",1.5571180894949,0.0318058987868328,-0.0180388676867836,-0.104254315880086
1812,"long_v3_CCD0.0.25",2.08284982042105,0.0747536268980501,0.0318258648235077,-0.0850473077853572
1813,"long_v3_CCD0.0.25",1.11178728276946,-0.0277396302518884,0.0321223979184361,-0.172468269506566
1814,"long_v3_CCD0.0.25",2.02494747334032,-0.0360519758082814,0.0163162945194646,-0.0765373326638746
1815,"long_v3_CCD0.0.25",1.79603563712143,0.0552221730626881,0.0630619756922454,-0.0457723733560271
1816,"long_v3_CCD0.0.25",1.86945477361314,0.0422029881862042,-0.00761555717920468,-0.0572814463899181
1817,"long_v3_CCD0.0.25",1.87697300701096,0.00856671941618849,-0.0357377427529188,-0.10206022306007
1818,"long_v3_CCD0.0.25",1.85806019024518,0.0175140773228908,0.0219088810346425,-0.0536890521707538
1819,"long_v3_CCD0.0.25",1.8438509130896,0.013113206972099,0.00737373511088483,-0.073607983507483
1820,"long_v3_CCD0.0.25",1.91894401636352,0.0694252266922755,0.0160534790671145,-0.0755881175923443
1821,"long_v3_CCD0.0.25",2.05820114589868,0.0352868304917294,0.0211565884062328,-0.122855505162733
1822,"long_v3_CCD0.0.25",2.14827178914104,-0.00517561117542666,0.0210165224292584,-0.0668015269751719
1823,"long_v3_CCD0.0.25",1.88255504891267,0.0243443580763233,0.0180386608241659,-0.078949090080735
1824,"long_v3_CCD0.0.25",1.71919043502691,0.0194304763357894,-0.00583099222601648,-0.128516828778241
1825,"long_v3_CCD0.0.25",1.67423194781873,0.0465907796785792,0.0642477386187486,-0.0956131090228105
1826,"long_v3_CCD0.0.25",1.93641749810684,0.0332529108322552,-0.0176302056718521,-0.144758279209342
1827,"long_v3_CCD0.0.25",2.11252229846661,0.0376312654610689,0.105375909741069,-0.156902489929352
1828,"long_v3_CCD0.0.25",1.88359048693385,-0.00483942050960705,0.0357650416441328,-0.0957402781567659
1829,"long_v3_CCD0.0.25",2.2163102592478,-0.0169249233946821,0.0158498153458141,-0.0986647156995643
1830,"long_v3_CCD0.0.25",1.91110600674511,-0.00766250666646057,-0.0109507247359366,-0.0771551519372288
1831,"long_v3_CCD0.0.25",1.95197553307088,0.0623636881694005,-0.0114911101576535,-0.121029601002315
1832,"long_v3_CCD0.0.25",2.02365161359007,-0.0350741879400509,0.0310117260351381,-0.0537989378425993
1833,"long_v3_CCD0.0.25",2.00532706437753,0.0210928344193463,-0.00389540656282859,-0.110249844299298
1834,"long_v3_CCD0.0.25",1.88247125718104,0.0430985139452932,0.0137296277389652,-0.198686662764084
1835,"long_v3_CCD0.0.25",1.79721025446801,-0.0481162285317559,0.0352229729715643,-0.0350780381106384
1836,"long_v3_CCD0.0.25",2.37202228088602,0.0674461468496968,0.0321909617448592,-0.174327861129269
1837,"long_v3_CCD0.0.25",1.82993503418795,0.0263187944421289,0.00301856312351654,-0.0995887747692669
1838,"long_v3_CCD0.0.25",1.71701843276451,-0.0262662032948227,0.0523710868459766,0.0174657970479154
1839,"long_v3_CCD0.0.25",1.77029252560894,-0.00210402969527801,0.0691619357166533,-0.0535145276071441
1840,"long_v3_CCD0.0.25",1.90766786398116,0.0157821449425474,0.00374329763,-0.0879523469693887
1841,"long_v3_CCD0.0.25",1.81491170769591,-0.0680823691773049,0.0922980360217099,-0.196226635160225
1842,"long_v3_CCD0.0.25",2.01330605074116,0.062419256335741,0.0302238194606296,-0.125843002582461
1843,"long_v3_CCD0.0.25",1.68553852918519,-0.0170661718274909,0.0973580440051224,-0.0661056833569106
1844,"long_v3_CCD0.0.25",1.97161518293058,0.0270728109535679,0.0512774822533189,-0.129514279702121
1845,"long_v3_CCD0.0.25",1.73425572690587,-0.00264216784640478,0.00640866490995388,0.0250622725785187
1846,"long_v3_CCD0.0.25",1.9352741682031,-0.0279598469945118,-0.0370442649508135,0.0533855465467725
1847,"long_v3_CCD0.0.25",1.87653264741659,0.0126473596363502,0.0851242325471022,0.0305789765126759
1848,"long_v3_CCD0.0.25",1.79198895149538,-0.0152714478714161,-0.0232037377957838,-0.104809254448376
1849,"long_v3_CCD0.0.25",1.90774420561053,0.0402034261599228,0.0214561568771178,-0.105087400502039
1850,"long_v3_CCD0.0.25",1.97722682307297,0.0130347452371541,0.072927011462037,-0.14531708007686
1851,"long_v3_CCD0.0.25",1.68897291853934,0.0112878040527536,-0.0184245729092938,-0.166338839389994
1852,"long_v3_CCD0.0.25",1.92236802248881,0.0402333091139905,0.0366959315125769,-0.109674886748412
1853,"long_v3_CCD0.0.25",1.98837917933373,0.00319598757187145,0.00715470538076529,-0.118371322834336
1854,"long_v3_CCD0.0.25",2.02720434139264,-0.0154649843635555,0.0568577495999344,-0.00787056512537269
1855,"long_v3_CCD0.0.25",1.8723934328748,-0.042404714949555,-0.0189443251363954,-0.110246661353583
1856,"long_v3_CCD0.0.25",1.85715556520071,-0.00819298671238934,-0.00565122280048796,-0.112149577339412
1857,"long_v3_CCD0.0.25",1.99803696487481,0.0899469320903063,0.064506025832154,-0.102753323378816
1858,"long_v3_CCD0.0.25",1.86715305219366,0.0630245064326829,0.0415137373879165,-0.091641281569464
1859,"long_v3_CCD0.0.25",1.92371902077091,0.0114398941311296,-0.00225146931934853,-0.149349631955265
1860,"long_v3_CCD0.0.25",2.16642154704468,0.0964673541127054,-0.0230616207991879,-0.0693579493196572
1861,"long_v3_CCD0.0.25",2.03815715225728,0.0842044562817068,-0.0255529800402297,-0.0939529643568317
1862,"long_v3_CCD0.0.25",1.634362542522,0.0411293252459337,-0.0122538546221673,-0.121123902926053
1863,"long_v3_CCD0.0.25",1.97372195401484,0.0422857426977945,-0.0318352988975574,-0.0934885093398435
1864,"long_v3_CCD0.0.25",1.98249505839682,-0.0183399611929731,0.0555931158071601,-0.038431381806276
1865,"long_v3_CCD0.0.25",1.52930739553259,0.0513315464881796,0.0872126624236023,-0.0489781799849515
1866,"long_v3_CCD0.0.25",1.70515707827198,0.0501838775297111,-0.0415194957725338,-0.0851224145736252
1867,"long_v3_CCD0.0.25",1.84366108814007,0.0641037820516314,0.0332738034480394,-0.0330982431282027
1868,"long_v3_CCD0.0.25",2.02081144122493,-0.027991838678981,0.0174880678918108,-0.0895182477293735
1869,"long_v3_CCD0.0.25",1.66482074699416,0.00298750437727327,0.0336924841722755,-0.0705575942708435
1870,"long_v3_CCD0.0.25",1.89605871227587,-0.000995226563315708,0.0353676789763408,-0.105145632450057
1871,"long_v3_CCD0.0.25",1.66954570023471,-0.0382149304682553,0.0486957974537684,0.085150032915085
1872,"long_v3_CCD0.0.25",1.84384132331385,-0.01796762176084,0.0267920762157716,-0.132684731266568
1873,"long_v3_CCD0.0.25",1.71210681988236,-0.0164833812710964,0.0532570398250934,-0.066357587539804
1874,"long_v3_CCD0.0.25",2.06576709882254,-0.0521848873863006,0.0516365340142469,-0.0500019372526387
1875,"long_v3_CCD0.0.25",1.96384168788121,-0.0999560655650756,-0.00950217799354116,-0.103402616757862
1876,"long_v3_CCD0.0.25",1.99931797152244,0.0424032342547941,-0.0162100994284957,-0.00667501808904648
1877,"long_v3_CCD0.0.25",1.78655525166719,-0.00501955450839875,0.0241058487629869,-0.0188382531661684
1878,"long_v3_CCD0.0.25",1.54322346220734,-0.0146091902542943,-0.0597557429566893,-0.104278630365157
1879,"long_v3_CCD0.0.25",1.99840356406018,0.0258066908564196,0.0161696292808158,-0.151961819893552
1880,"long_v3_CCD0.0.25",2.06680808312427,0.0383619163705084,0.0322717294873585,-0.048853721598593
1881,"long_v3_CCD0.0.25",2.06161986894672,-0.00717028710617687,-0.0323274499340809,-0.0911588928218093
1882,"long_v3_CCD0.0.25",2.19610481701228,0.0505049947558425,0.0425739611079278,-0.0564796761811249
1883,"long_v3_CCD0.0.25",1.6589119202552,0.00408151174866399,0.0951139313004907,0.0122293958787091
1884,"long_v3_CCD0.0.25",1.64319011044219,-0.0321683153655822,0.0153598296891946,-0.0754514229342804
1885,"long_v3_CCD0.0.25",1.74689936497807,0.00877773472620236,0.0342242831155574,-0.043734195427424
1886,"long_v3_CCD0.0.25",1.76228037347783,0.0639012162448716,0.02188969810568,-0.0189195360869411
1887,"long_v3_CCD0.0.25",1.57331755852582,0.0332473053734346,0.0500759990550739,-0.0802405168513122
1888,"long_v3_CCD0.0.25",1.90620786669963,0.0480918292581607,0.0472039378602903,-0.0110194810086681
1889,"long_v3_CCD0.0.25",1.85776918922974,0.0279680273117965,0.0055418707378032,0.00244673736828808
1890,"long_v3_CCD0.0.25",2.01749287427986,0.139173476724538,0.0258034280419428,-0.0183119646400551
1891,"long_v3_CCD0.0.25",1.86749086614006,0.0180347521278654,-0.040272328201972,-0.0606063065809859
1892,"long_v3_CCD0.0.25",1.9424882799093,-0.0340006763637663,-0.058363334761656,-0.196429622734294
1893,"long_v3_CCD0.0.25",1.9649766407754,-0.0145837114937648,-0.0322793893446524,-0.182714676763273
1894,"long_v3_CCD0.0.25",1.74817708062794,0.0207260609000104,0.0101365784716134,-0.0875544773363301
1895,"long_v3_CCD0.0.25",1.91517021262406,0.00809532378048945,0.00171802752263426,-0.0582933353358111
1896,"long_v3_CCD0.0.25",1.88748046164491,-0.00867911983176045,0.0444859892526651,-0.079144372337309
1897,"long_v3_CCD0.0.25",1.69853241101104,0.00312805860489115,0.0470804210201445,-0.0191729307183608
1898,"long_v3_CCD0.0.25",1.9803404423428,0.0267378518125685,0.0317862088032441,-0.0729615178773581
1899,"long_v3_CCD0.0.25",1.59283713986715,0.0228208808744243,-0.023737506374303,-0.133239012209356
1900,"long_v3_CCD0.0.25",1.84915251798578,0.0289908208400683,0.0226464096371325,-0.0839761991314826
1901,"long_v3_CCD0.0.25",1.99595844685881,-0.0149457234000788,0.0124161951302059,-0.0443900104033806
1902,"long_v3_CCD0.0.25",2.14927947284024,-0.0119846774605635,0.0777845710837944,-0.010830747884442
1903,"long_v3_CCD0.0.25",1.97956016133572,0.129041615197358,0.0239763475351071,-0.058913309656977
1904,"long_v3_CCD0.0.25",2.29862142475046,0.0837059838932657,-0.00885059882937224,-0.033029918171732
1905,"long_v3_CCD0.0.25",1.95250296228329,0.0346074752282244,0.0568568092105066,-0.0478631372627851
1906,"long_v3_CCD0.0.25",1.79669944581589,0.0219739585897563,-0.00310625109220389,-0.0855245151173008
1907,"long_v3_CCD0.0.25",2.09013957962748,-0.00354559511916448,-0.0121711913939879,-0.120821448819762
1908,"long_v3_CCD0.0.25",1.83091761142233,0.0215905093453193,-0.0477960459534322,-0.184546307679951
1909,"long_v3_CCD0.0.25",2.09405199696943,-0.0350756738898377,0.025249528519853,-0.0370568445352971
1910,"long_v3_CCD0.0.25",1.62418499473997,0.0759375339536506,0.0434319957359592,-0.0499443022158108
1911,"long_v3_CCD0.0.25",1.94501391419716,0.0264379816026353,0.0571850043581318,-0.0290882876243507
1912,"long_v3_CCD0.0.25",1.8641140700252,0.0313442211894511,0.100024416164405,-0.104125105715416
1913,"long_v3_CCD0.0.25",1.92056446923793,0.0452529489138175,0.0651733520577135,-0.120589582171889
1914,"long_v3_CCD0.0.25",1.82271929329126,-0.00801760649739365,0.0316836920543533,-0.0734060106796025
1915,"long_v3_CCD0.0.25",1.66395793150427,0.0525166923100781,0.0740107067031656,-0.00679121011823543
1916,"long_v3_CCD0.0.25",1.72608672165524,-0.0140752646042793,0.000728645576312584,-0.0739622928211915
1917,"long_v3_CCD0.0.25",1.78066782190167,-0.0146281715810936,-0.0223913943860096,-0.142092088866203
1918,"long_v3_CCD0.0.25",2.16322881390026,0.0659907142682904,-0.00814995775832178,-0.083970611334476
1919,"long_v3_CCD0.0.25",1.9561362167998,0.035476866602758,0.0694028449631292,-0.105914361723399
1920,"long_v3_CCD0.0.25",2.01799722006653,0.0281483443448303,-0.0327612931009431,-0.109096973411107
1921,"long_v3_CCD0.0.25",1.70607390318927,-0.0074896933570105,0.0552354372152154,0.00711430000311175
1922,"long_v3_CCD0.0.25",1.94197109903306,-0.0262561684577899,0.0135847848385116,-0.15236476974123
1923,"long_v3_CCD0.0.25",1.90538997464107,0.0131540151700431,-0.0337751678340008,-0.0961737525947898
1924,"long_v3_CCD0.0.25",1.80469433083094,0.0405708879660834,0.0227878668564494,-0.153198279822892
1925,"long_v3_CCD0.0.25",2.03188934838962,0.0173009971100385,0.0322176462521215,-0.0390099694495106
1926,"long_v3_CCD0.0.25",2.23764838409405,-0.0487492731763604,0.0520677655226563,-0.099112469963782
1927,"long_v3_CCD0.0.25",2.01811268125709,-0.0405999713017966,0.0273656858595442,-0.0981181447298106
1928,"long_v3_CCD0.0.25",2.06215558749941,0.0343371007996386,0.0172202874432711,-0.153765690866256
1929,"long_v3_CCD0.0.25",1.98960041894175,0.0788948629285044,0.0720119735630491,-0.0970509928412204
1930,"long_v3_CCD0.0.25",1.76784234516062,0.0294878709515886,0.0586247333913868,-0.0468451817933326
1931,"long_v3_CCD0.0.25",1.77668403627393,0.0406242958409712,0.0828082703834107,-0.0828887114752098
1932,"long_v3_CCD0.0.25",2.00002282856978,0.0336855298314184,0.0438080767896922,-0.0659683053948471
1933,"long_v3_CCD0.0.25",1.83880134128116,0.00237831679436551,0.0372888711914886,-0.0909937437899957
1934,"long_v3_CCD0.0.25",1.87064697012982,-0.0176738675118466,0.0688625897561421,-0.0825168108607056
1935,"long_v3_CCD0.0.25",2.0009196176355,0.00779123771677888,-0.00325220486956891,-0.0295473978946527
1936,"long_v3_CCD0.0.25",2.29593224498423,0.0764377250513047,0.0176602100155367,-0.127017283411413
1937,"long_v3_CCD0.0.25",1.56672268109307,-0.0574601518442979,-0.0658310093659361,-0.016377169928609
1938,"long_v3_CCD0.0.25",1.60064007065254,0.0227376078064546,-0.000284658604980829,-0.0805731595464117
1939,"long_v3_CCD0.0.25",2.15355821591848,-0.00375554084512394,0.00132984383996386,-0.0865795528038973
1940,"long_v3_CCD0.0.25",2.03078730555444,-0.0317091652895721,0.0580885134720927,-0.0839138874014492
1941,"long_v3_CCD0.0.25",1.92273087886465,0.062645100842015,-0.0328979060112476,-0.116463930950527
1942,"long_v3_CCD0.0.25",2.05779747779262,-0.00726390374588129,0.0354871605820448,-0.0397986596831634
1943,"long_v3_CCD0.0.25",1.94038044774088,0.00711371666129814,0.0210311092293299,-0.133026762633892
1944,"long_v3_CCD0.0.25",2.10997651290329,0.0253615129494812,0.0240496407693986,-0.0784602400481743
1945,"long_v3_CCD0.0.25",1.69583766741088,-0.0458459557500595,0.0319808732096594,0.0134692694563917
1946,"long_v3_CCD0.0.25",1.78736892089511,-0.0139857143719315,0.0128883654979666,-0.0852687402180489
1947,"long_v3_CCD0.0.25",2.03483515902205,0.0435011491712457,0.090064640954204,-0.0685925083038004
1948,"long_v3_CCD0.0.25",1.9444414021805,-0.00834927241442884,0.0207600149927931,-0.104543774646831
1949,"long_v3_CCD0.0.25",2.06271383256523,0.096309928820138,0.0878354904601149,-0.0751879354665255
1950,"long_v3_CCD0.0.25",1.99360641021592,0.0109470246037868,0.0436740719920739,-0.130751301922648
1951,"long_v3_CCD0.0.25",1.78115362254604,-0.0169588386598928,-0.0130924025316776,-0.0461151461977715
1952,"long_v3_CCD0.0.25",1.71861049393973,0.0814225483610523,0.00214318907309364,-0.0937733699466417
1953,"long_v3_CCD0.0.25",2.01489750308602,0.0279822761918595,0.00362010175113558,-0.128112385949428
1954,"long_v3_CCD0.0.25",1.83893551176078,0.00730025036160221,0.000334705418287425,-0.0464828918900524
1955,"long_v3_CCD0.0.25",1.76524522055644,0.0128011133283525,-0.0760955424437238,-0.090323366897294
1956,"long_v3_CCD0.0.25",1.84116492614931,0.0153857765703174,-0.0947804923350868,-0.115628570830141
1957,"long_v3_CCD0.0.25",1.97198227576959,0.018909344218734,0.0357460127965446,-0.0990351945792139
1958,"long_v3_CCD0.0.25",2.27290827426035,0.0423686611594137,-0.0143950020661946,-0.11701310873966
1959,"long_v3_CCD0.0.25",1.90343428908278,0.0273191977183344,-0.0565925273533062,-0.130259185889184
1960,"long_v3_CCD0.0.25",1.85776041000151,-0.0185787081825123,0.03757871829888,-0.118866006218035
1961,"long_v3_CCD0.0.25",2.02443468164314,0.0804360553028381,-0.0602116075316806,-0.0756268997705212
1962,"long_v3_CCD0.0.25",1.94623064954703,0.0783886521670164,-0.00722759941074515,-0.0498573557644517
1963,"long_v3_CCD0.0.25",1.95687243970235,-0.0603145258731575,0.0676080735950258,-0.0977275979038603
1964,"long_v3_CCD0.0.25",2.08456903299472,-0.035589437461737,0.00943738788726036,-0.107334790383158
1965,"long_v3_CCD0.0.25",1.77826002697647,0.00719536084824148,-0.029460030574399,-0.0893624839358984
1966,"long_v3_CCD0.0.25",1.71762923474438,-0.0290237880172208,0.0383849186713857,-0.0420297414545045
1967,"long_v3_CCD0.0.25",2.03640313732785,-0.00099834095577376,0.0151583801735527,-0.0994254113051228
1968,"long_v3_CCD0.0.25",1.79904445492681,0.0237061714303603,0.00509153684475154,-0.108873273533578
1969,"long_v3_CCD0.0.25",2.0049212018786,0.078607704962625,0.0249645062883842,-0.0790836426107475
1970,"long_v3_CCD0.0.25",1.81999577195147,-0.00359547453427759,0.0831818256856419,-0.0787867977793812
1971,"long_v3_CCD0.0.25",2.01580302572435,0.0306390212895718,0.00209304849635558,-0.134094096562455
1972,"long_v3_CCD0.0.25",1.94912869405181,0.012640631605909,0.0118163941644707,-0.128098964245834
1973,"long_v3_CCD0.0.25",1.94186923021783,0.0760073672204098,0.0273880105592844,-0.0461384607487083
1974,"long_v3_CCD0.0.25",1.76640556693166,-0.00318538229301851,0.0570851593355646,-0.0875749111330534
1975,"long_v3_CCD0.0.25",1.75387293332887,0.00871601644969549,-0.0020805082267021,-0.0500772687109347
1976,"long_v3_CCD0.0.25",1.63030558323943,-0.00662440097365872,0.059700090385669,-0.0410846707759132
1977,"long_v3_CCD0.0.25",1.56982812622026,-0.0254384141905937,0.0572638836425689,-0.02733487746951
1978,"long_v3_CCD0.0.25",1.8862779949826,-0.0410077702192565,0.00477891538818845,-0.0632455303414769
1979,"long_v3_CCD0.0.25",2.434810447248,0.0259178090929828,-0.0207862993241133,-0.200549942529543
1980,"long_v3_CCD0.0.25",1.88901734490507,-0.00693364243936043,0.0584306891788352,-0.0821674203640275
1981,"long_v3_CCD0.0.25",1.93705920692479,-0.0950813398129241,0.0523913865847622,-0.0930194340984687
1982,"long_v3_CCD0.0.25",1.75530622521356,-0.034232484002462,0.0156069348860409,-0.044937657659239
1983,"long_v3_CCD0.0.25",1.96259725402549,-0.00912939295754931,-0.0209563291637268,-0.0710110140857283
1984,"long_v3_CCD0.0.25",2.0740645475374,0.0270602989864731,0.0599425252206053,-0.13079511213993
1985,"long_v3_CCD0.0.25",1.62362208069943,-0.00057340530865688,0.0070612467840424,-0.063758653635606
1986,"long_v3_CCD0.0.25",1.74778523602211,-0.0440738934761792,-0.000783296796203588,-0.098426952356764
1987,"long_v3_CCD0.0.25",1.96383925948907,0.0944049011427227,-0.00427778362007798,-0.0483669972085036
1988,"long_v3_CCD0.0.25",1.88706643165111,-0.0306374239604993,0.0541537982537898,-0.106998771569112
1989,"long_v3_CCD0.0.25",1.82227332010801,-0.0418436213084546,-0.0542873611717506,-0.146515335309212
1990,"long_v3_CCD0.0.25",1.96839832050703,0.0539722333894367,0.0269316663352912,-0.132062323694125
1991,"long_v3_CCD0.0.25",1.86099815429468,-0.0165788193248519,0.0487297728753337,-0.0646924330646387
1992,"long_v3_CCD0.0.25",1.75794216548619,-0.0396095141071956,0.0411031796862696,-0.128425524569729
1993,"long_v3_CCD0.0.25",1.60357122583742,0.0601542980962953,0.042185062207216,-0.107712105184432
1994,"long_v3_CCD0.0.25",2.18348647603976,0.0418817961269208,0.0408095455481679,-0.0618663942702415
1995,"long_v3_CCD0.0.25",1.83619333059212,-0.0199541017091471,0.0137838552931533,-0.169652753415902
1996,"long_v3_CCD0.0.25",1.7273643335199,-0.0279257289422109,0.0852368113236071,-0.0910563068790644
1997,"long_v3_CCD0.0.25",1.89456110293275,0.0499227290081948,0.0713507654828155,-0.094081004611902
1998,"long_v3_CCD0.0.25",1.60662263424708,-0.0256612589484312,-0.0625281263113493,-0.0876329160981556
1999,"long_v3_CCD0.0.25",1.26365754943296,0.0618356024261078,0.0435354619764275,-0.0724099036112854
2000,"long_v3_CCD0.0.25",1.58384211803178,0.0498657574600633,-0.0465958240868486,-0.096918722141609
2001,"long_v3_CCD0.0.25",-0.165758566081658,0.0188057976407411,0.029561655463732,-0.0591570868847175
2002,"long_v3_CCD0.0.25",1.94918519399199,-0.0101816890233615,0.0646343469843959,-0.0645188626423939
2003,"long_v3_CCD0.0.25",2.0376010040207,0.00284047805764604,-0.0233547128332501,-0.0317244182490673
2004,"long_v3_CCD0.0.25",1.89255137775649,0.0199425323285105,0.0431001929578691,-0.0793084427713144
2005,"long_v3_CCD0.0.25",1.88872815669216,0.00459219323179651,0.00738835891245294,-0.0858540251271545
2006,"long_v3_CCD0.0.25",1.82187533406179,0.0268919809329009,0.0589847207921519,-0.0943629789817357
2007,"long_v3_CCD0.0.25",1.80907820821077,0.0219657342765309,0.0231324231537908,-0.0999780286151735
2008,"long_v3_CCD0.0.25",2.13006511450797,-0.0090508125948989,-0.021219428323953,-0.109856938957943
2009,"long_v3_CCD0.0.25",1.87387468234836,0.0529600175020962,0.00678849555337344,-0.0756076980452925
2010,"long_v3_CCD0.0.25",1.60017312007126,0.0296505732047102,0.0169969105929509,0.00370520378810163
2011,"long_v3_CCD0.0.25",1.64075688834641,-0.00922977034029739,0.0171016930999833,-0.0204234566302679
2012,"long_v3_CCD0.0.25",1.95227941241813,0.0395585641254286,-0.0126354736226488,-0.0838823384289567
2013,"long_v3_CCD0.0.25",2.2998975886145,-0.00903629131622311,0.00462234629819559,-0.153446073956156
2014,"long_v3_CCD0.0.25",1.84240566486834,-0.049915306473811,-0.0481293288737637,-0.111448771384531
2015,"long_v3_CCD0.0.25",1.72683856263353,0.0215352047917181,-0.0104480780061799,-0.111573889800806
2016,"long_v3_CCD0.0.25",2.14000439424034,0.0457811882242272,0.0463705702568062,-0.109293618567126
2017,"long_v3_CCD0.0.25",1.94182041838147,0.0213421975274293,-0.00998117326817065,-0.0728537835749546
2018,"long_v3_CCD0.0.25",2.05936967726013,-0.000661953851240306,0.00755108605137657,-0.12362484137415
2019,"long_v3_CCD0.0.25",1.86080379133633,-0.0198327757550615,0.00992083933596018,-0.0673139953077844
2020,"long_v3_CCD0.0.25",1.90406038421132,-0.0124974369355524,0.0187145705233167,-0.061355932095606
2021,"long_v3_CCD0.0.25",1.92567436333199,0.0765842232060201,0.0451015319693674,-0.169434668024791
2022,"long_v3_CCD0.0.25",1.96155503251759,0.00824239336493231,0.0526496900218539,-0.0315468889452679
2023,"long_v3_CCD0.0.25",1.81395995103398,0.000174659316626871,0.0260829224680226,-0.111941671841603
2024,"long_v3_CCD0.0.25",2.26055727691758,3.76292220579614e-05,0.0249268910723515,-0.0730662971524505
2025,"long_v3_CCD0.0.25",1.84394847459468,-0.0103552903313837,0.1001963019666,-0.0954646626051232
2026,"long_v3_CCD0.0.25",2.06321688876355,-0.00315554891240771,0.0468969835604377,-0.0849973983876746
2027,"long_v3_CCD0.0.25",1.62606454296698,-0.0266200994716316,0.00619047746502745,-0.100210170896306
2028,"long_v3_CCD0.0.25",2.00177359747279,0.0225609088195495,0.0378687141050079,-0.0590166369156033
2029,"long_v3_CCD0.0.25",1.92893290397098,-0.0230262474507492,0.0260105605502864,-0.0245006856336488
2030,"long_v3_CCD0.0.25",1.97021369471256,0.0274088877320862,0.0905056820992979,-0.0500299760825755
2031,"long_v3_CCD0.0.25",1.79210550825617,0.00695646666415385,-0.000992728690961266,-0.164990335579644
2032,"long_v3_CCD0.0.25",2.01087551901885,-0.0170881327487588,0.0414061418240695,-0.13786042590626
2033,"long_v3_CCD0.0.25",1.76452207569305,0.0257520080527369,0.0183298602943065,-0.0745898795495534
2034,"long_v3_CCD0.0.25",1.78701472128018,0.00981162910899872,0.0785230582016034,-0.0597977628718764
2035,"long_v3_CCD0.0.25",1.83819027731437,-0.0223527811735368,0.0493831426940052,-0.0941523014884671
2036,"long_v3_CCD0.0.25",1.98975542042881,0.014862777047941,-0.00353918495119011,-0.14828484670284
2037,"long_v3_CCD0.0.25",1.99000821202875,-0.00404075147424198,-0.0542100335520733,-0.086997081907019
2038,"long_v3_CCD0.0.25",1.88687177522058,0.0376482914655386,0.0344551108253977,-0.0249954226370549
2039,"long_v3_CCD0.0.25",1.89269454672558,-0.0221052025925525,0.0724797921927154,-0.0179292153573132
2040,"long_v3_CCD0.0.25",1.78666441705859,-0.0429162873813061,0.0166112967746174,-0.109050065950488
2041,"long_v3_CCD0.0.25",2.05050060801659,-0.0189057685382472,0.00521049313962256,-0.046026757851217
2042,"long_v3_CCD0.0.25",2.11167900477672,-0.0382646826711075,0.00524715820747097,-0.124544744716164
2043,"long_v3_CCD0.0.25",2.07422887451253,0.0402660849075753,0.0412849311024808,-0.0740070411799297
2044,"long_v3_CCD0.0.25",1.79045788424571,0.0630555119044015,0.0636525413356723,-0.0678313683479138
2045,"long_v3_CCD0.0.25",1.97632846273977,-0.015968544168752,0.0413025100845664,-0.0209757712666389
2046,"long_v3_CCD0.0.25",1.90193777825487,0.0610335324359899,0.0564786623808014,-0.070411523147817
2047,"long_v3_CCD0.0.25",1.80963959430168,0.0791542384062343,-0.00113475782944451,-0.165249307430245
2048,"long_v3_CCD0.0.25",2.20918980843593,0.0208929052674289,0.0359655518788969,-0.0287258392463396
2049,"long_v3_CCD0.0.25",1.84646400619209,0.0421252029991892,0.00256363320690889,-0.0991282911545206
2050,"long_v3_CCD0.0.25",1.85390736499513,0.00183918431532373,0.0178228266381317,-0.163332012486349
2051,"long_v3_CCD0.0.25",1.83604447822642,-0.0122519278807781,0.0460927557692032,-0.112413381144925
2052,"long_v3_CCD0.0.25",2.40323255707419,0.0188310069720241,0.0410568726564071,-0.0418427375009184
2053,"long_v3_CCD0.0.25",1.2174040600347,0.0106434538520985,-0.000734879441092514,-0.083640783034328
2054,"long_v3_CCD0.0.25",1.99299328068212,0.0150977485593614,0.0281507197600964,-0.0754835400128668
2055,"long_v3_CCD0.0.25",1.76472538678844,-0.0454968161030961,-0.00311303300501475,0.00559835603344351
2056,"long_v3_CCD0.0.25",1.78173144348819,-0.000911679473257353,0.0918056503346282,-0.0066477376088855
2057,"long_v3_CCD0.0.25",1.98311100681541,0.0645577376282196,-0.0101558488240791,-0.159396279382409
2058,"long_v3_CCD0.0.25",1.78750521653642,-0.0241438615259201,0.0790060449152087,-0.0917310297253422
2059,"long_v3_CCD0.0.25",2.06745012712207,0.0131415370331656,-0.00786246249049329,-0.0933330711207183
2060,"long_v3_CCD0.0.25",1.99531976301317,0.00934689072289339,0.0762476933206445,-0.110731760359484
2061,"long_v3_CCD0.0.25",1.66703643042105,0.0881959003553751,0.11765604649319,-0.0301103390239713
2062,"long_v3_CCD0.0.25",1.49949969360317,-0.0524074500682568,0.0426956006882687,-0.127689014996993
2063,"long_v3_CCD0.0.25",1.9584704678831,0.0313127708801784,-0.03395033186709,-0.2000898966826
2064,"long_v3_CCD0.0.25",1.8543156183321,-0.015225421368169,0.00252521963150696,-0.0980047767889415
2065,"long_v3_CCD0.0.25",2.08459038812229,0.0576716868663123,-0.00580249694754844,-0.0976162752579642
2066,"long_v3_CCD0.0.25",2.17346781784704,0.0802792813952992,0.012531509863276,-0.0883822038986214
2067,"long_v3_CCD0.0.25",2.01852266497839,0.0396525244625425,0.0144441758451316,-0.0834304770503022
2068,"long_v3_CCD0.0.25",2.13638834952104,0.0268072483791113,-0.0040941162445329,-0.129275633837204
2069,"long_v3_CCD0.0.25",1.96353748387045,-0.00196264368526368,0.0316469690307639,-0.0864776880444657
2070,"long_v3_CCD0.0.25",2.11630250587053,0.0118270161568749,-0.0368804984340872,-0.0541147459983051
2071,"long_v3_CCD0.0.25",1.96316720648836,0.0279752603406218,-0.0129969881911512,-0.110483729896035
2072,"long_v3_CCD0.0.25",1.76174334055968,0.067208182809637,-0.0182614247783121,-0.098860718402442
2073,"long_v3_CCD0.0.25",1.76320577162279,-0.00521819412583985,-0.0283342070852613,-0.116097400856974
2074,"long_v3_CCD0.0.25",1.88118414674883,0.0259255573120653,0.0173565215025413,-0.0718957532060407
2075,"long_v3_CCD0.0.25",1.73070966793659,-0.0456502058007155,0.0932564719235479,-0.0320863897061219
2076,"long_v3_CCD0.0.25",2.00026983474152,0.0350178363938937,-0.0251711683812763,-0.105968202333361
2077,"long_v3_CCD0.0.25",1.63054314848197,0.0209315919181284,-0.0291542043877203,-0.0573924879066368
2078,"long_v3_CCD0.0.25",1.67397213073811,0.0565626726250919,0.0809151019003543,-0.119389116637687
2079,"long_v3_CCD0.0.25",1.60568087018695,0.0242458465756722,-0.0536582139357095,-0.0740843481908685
2080,"long_v3_CCD0.0.25",2.0205692813453,0.0628945338172479,-0.011486693652756,-0.132619158606609
2081,"long_v3_CCD0.0.25",1.68459741101105,-0.0135445090275868,0.0311099140942983,-0.0786539742912832
2082,"long_v3_CCD0.0.25",1.67808909367222,-0.042163050754053,-0.0145966814174219,-0.0236591937171107
2083,"long_v3_CCD0.0.25",1.60078989607988,-0.0185624795173913,0.0295637486065458,-0.0459029057198363
2084,"long_v3_CCD0.0.25",1.87949074203806,0.0342669524868494,0.0667906265096078,-0.0190562264307048
2085,"long_v3_CCD0.0.25",1.92115339418297,0.0197873120464942,-0.00895855486747974,-0.110855592010979
2086,"long_v3_CCD0.0.25",1.89847041516975,0.0269135324966541,0.0534716020526287,-0.109223326203219
2087,"long_v3_CCD0.0.25",1.93463363511606,0.0041825085216757,0.0346279265603084,-0.0256321691710816
2088,"long_v3_CCD0.0.25",1.64042227210757,0.00169229868454771,-0.0155119164743481,-0.0930412214700983
2089,"long_v3_CCD0.0.25",1.95152400702216,-0.01521429866347,0.0050916564796448,-0.0991309471397107
2090,"long_v3_CCD0.0.25",1.99164992588689,0.0231077435513076,0.0500099867627102,0.0225701633446275
2091,"long_v3_CCD0.0.25",1.91938229109025,0.045497971925884,0.0120819926183427,-0.0492778716985019
2092,"long_v3_CCD0.0.25",1.90740356683727,0.0379208247048056,-0.0361019961506826,-0.0373891779803135
2093,"long_v3_CCD0.0.25",1.67719828276259,-3.99160989667819e-05,-0.0411162897183584,-0.138608297638602
2094,"long_v3_CCD0.0.25",1.66122323565824,-0.055083924332317,-0.0137692493202168,-0.072186597415942
2095,"long_v3_CCD0.0.25",1.6483711346786,0.00416994385064329,0.0194670794494399,-0.115524449048581
2096,"long_v3_CCD0.0.25",1.89084499234561,-0.0213235736622206,0.00178134291763137,-0.172813971887277
2097,"long_v3_CCD0.0.25",1.63808308098991,0.00479417964879282,0.0229831038389581,-0.071440259520358
2098,"long_v3_CCD0.0.25",2.14104821340437,-0.0195610793017398,0.0826953740286392,-0.0907709720849052
2099,"long_v3_CCD0.0.25",1.97816224472573,0.0352000255413248,-0.0286812583717904,-0.14000388878098
2100,"long_v3_CCD0.0.25",2.31000926589569,0.0486660578468744,0.0428934083475395,-0.0711628484069207
2101,"long_v3_CCD0.0.25",1.92662011702364,-0.0550366637438505,-0.0259681172845615,-0.121877531490345
2102,"long_v3_CCD0.0.25",1.83648902556434,-0.044079282468284,0.0472922564087854,-0.0737402337983059
2103,"long_v3_CCD0.0.25",1.83511996748929,-0.0111633061662842,-0.00588889899909771,-0.00987938381199336
2104,"long_v3_CCD0.0.25",2.14385495559073,-0.000896319916707895,-0.0212308208191984,-0.16107644616443
2105,"long_v3_CCD0.0.25",1.84307524371232,-0.0337062018726066,0.103580053630643,-0.0590046439082268
2106,"long_v3_CCD0.0.25",1.96107182675824,0.00685642560524981,-0.0202759116573174,-0.0915228223904843
2107,"long_v3_CCD0.0.25",2.0087603360597,-0.0438148607022771,0.0958856953189573,-0.0833208785466671
2108,"long_v3_CCD0.0.25",1.88290375871019,0.00937135051365413,0.0187019258109594,-0.0971082756732118
2109,"long_v3_CCD0.0.25",2.0107434120112,0.00729602145172735,-0.0301533231124643,-0.161261967936144
2110,"long_v3_CCD0.0.25",2.16681939033113,-0.0455796624779065,0.0801808023906621,-0.114796025665174
2111,"long_v3_CCD0.0.25",1.82043290860044,0.0278164402894672,-0.0445580699080594,-0.0664651831582319
2112,"long_v3_CCD0.0.25",2.11838583582015,0.0700392837336338,0.0368126066629765,-0.130732946937127
2113,"long_v3_CCD0.0.25",1.87478709590248,-0.00672193224069507,-0.0111930212306713,-0.0598515296823122
2114,"long_v3_CCD0.0.25",1.57089006135571,0.0463075221624135,0.00297244051176193,-0.0774215740271707
2115,"long_v3_CCD0.0.25",2.26035722560531,-0.0306943070363141,0.0352978726675486,-0.0924039239685594
2116,"long_v3_CCD0.0.25",2.00692800377182,0.00778364596529782,0.0702881837624559,-0.0608689351403972
2117,"long_v3_CCD0.0.25",1.82609712032633,0.0721200537143641,0.0127190506142621,-0.0872068636798613
2118,"long_v3_CCD0.0.25",1.91142499970497,0.00886952891866653,0.0322193227551101,-0.0814762214308989
2119,"long_v3_CCD0.0.25",1.90575910803089,0.0618571505897138,-0.0299160386363716,-0.0647253922337982
2120,"long_v3_CCD0.0.25",1.81721568888942,-0.0624940780325352,0.0295008537740097,-0.1582441849893
2121,"long_v3_CCD0.0.25",2.01724389624629,0.00878376864298689,0.0325337741218148,-0.183502050696834
2122,"long_v3_CCD0.0.25",1.79040409884495,0.00649191401141624,-0.0170544056015424,-0.0705862519258696
2123,"long_v3_CCD0.0.25",1.69205574392811,0.0208622942151706,0.00107943708721178,-0.031018722054103
2124,"long_v3_CCD0.0.25",1.74284272514142,-0.0535392350675771,0.0024189759002793,-0.0850470041682341
2125,"long_v3_CCD0.0.25",1.8961480112874,-0.0021749462020033,0.0175955627171455,-0.084539906280114
2126,"long_v3_CCD0.0.25",1.97113044374539,0.0545620955931178,0.0124537047841278,-0.0619973165366019
2127,"long_v3_CCD0.0.25",2.28560754938545,0.0771208426961249,0.063667630211604,-0.124391899524802
2128,"long_v3_CCD0.0.25",1.65095945604957,-0.0082913840807369,0.0504884182198898,-0.117860911444328
2129,"long_v3_CCD0.0.25",2.46592924143507,0.0458624955818966,0.0337980455511777,-0.0678416057999805
2130,"long_v3_CCD0.0.25",1.55191428064663,0.00522847874681317,0.0372728712668432,-0.115233886898549
2131,"long_v3_CCD0.0.25",2.03569914257221,0.0486858677339942,0.0539855243551938,-0.0938386772398714
2132,"long_v3_CCD0.0.25",1.81432029572655,0.0123684614283242,0.0849738245836524,-0.0587199245049832
2133,"long_v3_CCD0.0.25",1.8424818703138,-0.0272426425993533,0.0159083017730916,-0.0543273382451002
2134,"long_v3_CCD0.0.25",1.92948915496742,0.0116839116591126,0.0172119379904731,-0.0216567770534124
2135,"long_v3_CCD0.0.25",2.11633710615902,0.0107922631854996,-0.00341709496149121,-0.0480749668392737
2136,"long_v3_CCD0.0.25",1.65572734115375,-0.00881641829895043,-0.00151325048060401,-0.117162140752463
2137,"long_v3_CCD0.0.25",1.91471533726929,-0.0495512519440636,0.102201773108501,-0.0295412418684004
2138,"long_v3_CCD0.0.25",2.06238846997214,0.031795613754834,0.0444384105174888,-0.0717361514792377
2139,"long_v3_CCD0.0.25",1.59839014311125,-0.00183424987711149,0.0684319397004443,0.0433042062966879
2140,"long_v3_CCD0.0.25",2.28965853614971,-0.0410729785381453,0.00336907667802281,-0.0352232310182626
2141,"long_v3_CCD0.0.25",1.66857247512852,0.0305096764320058,0.0519356038050449,-0.134469662523482
2142,"long_v3_CCD0.0.25",1.73570970932654,0.0340194888344502,-0.0301486489577724,-0.0929833787229749
2143,"long_v3_CCD0.0.25",1.86091292504026,-0.019638032811734,0.018003787988169,-0.122557814059285
2144,"long_v3_CCD0.0.25",2.12806616628507,0.013881996737181,0.006696664168847,-0.179923932692138
2145,"long_v3_CCD0.0.25",2.25882944989318,0.0303448537700657,0.0973722647401206,-0.146925641661352
2146,"long_v3_CCD0.0.25",1.82983478183734,-0.0116420064048513,0.0380519048408755,0.0191617490700514
2147,"long_v3_CCD0.0.25",1.79733712796559,0.0188347932153011,0.0699741371653681,-0.107817180478588
2148,"long_v3_CCD0.0.25",2.05877819626518,0.00568381076498122,0.0753589989123796,-0.0592464526004201
2149,"long_v3_CCD0.0.25",1.68828163240085,0.0422744975247322,0.00631693507085652,0.106615208433032
2150,"long_v3_CCD0.0.25",1.65658781414538,0.0341096185429777,0.0661558748021135,-0.0600046307398995
2151,"long_v3_CCD0.0.25",1.77487293230462,0.00191338593101519,-0.00710436512188923,-0.0818846468482454
2152,"long_v3_CCD0.0.25",1.59572386973977,0.0337047919873508,0.0393003597389649,-0.118969396052246
2153,"long_v3_CCD0.0.25",2.05145931402844,0.02724118241964,0.00908361173619536,-0.0852724206996213
2154,"long_v3_CCD0.0.25",1.67605258849341,-0.0523255081338528,0.0568162451088622,-0.0906212381094131
2155,"long_v3_CCD0.0.25",1.89108727192465,0.0328631749823799,0.0442206761516568,-0.0707076699497308
2156,"long_v3_CCD0.0.25",1.91839701914639,-0.00137349184361418,-0.0115155995851317,-0.0618800778360157
2157,"long_v3_CCD0.0.25",1.75996907785282,0.0153765360810642,-0.0067387643714418,0.022536763362193
2158,"long_v3_CCD0.0.25",1.79518947224436,-0.00358879900693402,-0.0501889217623391,-0.0840151564341333
2159,"long_v3_CCD0.0.25",1.87328236396885,-0.0363233172089981,0.062157464031921,-0.0596401876703817
2160,"long_v3_CCD0.0.25",2.15284143748545,-0.0364321880504989,0.0292386316959199,-0.0798374823900207
2161,"long_v3_CCD0.0.25",1.70525744489166,0.0272084212877992,0.0172139931766919,-0.0655472244649598
2162,"long_v3_CCD0.0.25",1.54485345471889,-0.0209751577645389,0.0683933429019788,0.0027574358610074
2163,"long_v3_CCD0.0.25",1.60662247553599,0.0366979260642775,0.0708315673554387,0.000180838811643707
2164,"long_v3_CCD0.0.25",1.64811588430573,0.032257556476209,0.0140080614994813,-0.0492461937714413
2165,"long_v3_CCD0.0.25",1.85694022452121,0.0113139051135674,-0.00537759809773321,-0.0474069166722288
2166,"long_v3_CCD0.0.25",1.79538541450464,-0.00630339353677703,0.0096635147304934,-0.0962678577578568
2167,"long_v3_CCD0.0.25",1.81009530877438,-0.0606827026914484,0.0776084358079405,-0.0250230346170022
2168,"long_v3_CCD0.0.25",1.98746568984517,0.0349392237280871,-0.032689703395302,-0.043084671325442
2169,"long_v3_CCD0.0.25",1.6331179173559,0.0325288406359575,0.0512006894821556,-0.139305526132369
2170,"long_v3_CCD0.0.25",1.71587021182629,0.0459072617615137,-0.000238940562506056,-0.0811537264353986
2171,"long_v3_CCD0.0.25",1.69960315625419,0.00757307342463277,0.0230215583060987,-0.0672535135744547
2172,"long_v3_CCD0.0.25",2.06077439955092,-0.0021800483880375,0.0190897675208943,-0.125284242957432
2173,"long_v3_CCD0.0.25",1.89111955273305,-0.0246597381020829,-0.0226164729884356,-0.0174547067648383
2174,"long_v3_CCD0.0.25",1.6551365658195,0.0398639274641665,0.0483841420956348,-0.0768867654884201
2175,"long_v3_CCD0.0.25",1.8287183016707,-0.0312728681438247,0.0279486811201663,-0.139017675217946
2176,"long_v3_CCD0.0.25",1.93827678751333,-0.0105927927440816,-0.0135652265487539,-0.0570958265448172
2177,"long_v3_CCD0.0.25",1.8919707403996,0.0179364777869033,0.0612544249371097,-0.0973801802129028
2178,"long_v3_CCD0.0.25",1.66369548932423,0.0218326209915354,0.0302821270909053,-0.0242532087817222
2179,"long_v3_CCD0.0.25",1.71656331933141,-0.0427367803254501,0.076305581641838,-0.0845690021823176
2180,"long_v3_CCD0.0.25",2.10072114711559,-0.0382906404890812,-0.0528905323754596,-0.0930255729144067
2181,"long_v3_CCD0.0.25",1.93544602885432,-0.00639417572720021,-0.0390578910770799,-0.0870824342849334
2182,"long_v3_CCD0.0.25",1.9178495048429,-0.0441953455462575,0.0400323820656425,-0.0950017745574218
2183,"long_v3_CCD0.0.25",2.05908416661893,-0.0396384841602909,-0.0117856805460312,-0.121378286661907
2184,"long_v3_CCD0.0.25",1.88965411412953,0.0554002968430376,-0.00619125830522164,-0.0454371619202336
2185,"long_v3_CCD0.0.25",2.03937730557824,0.0480844842486731,0.0688634000388489,-0.130454867275875
2186,"long_v3_CCD0.0.25",1.73495757252656,-0.0139689324131695,-0.00237514693162983,-0.0373465160132829
2187,"long_v3_CCD0.0.25",1.82912016281196,-0.0528728609083503,0.0193365907175341,-0.0894311191326116
2188,"long_v3_CCD0.0.25",1.58055243127695,-0.0262534741164667,0.0582387142446676,-0.11231381201809
2189,"long_v3_CCD0.0.25",1.70570100573948,0.0044285922920701,0.0140402669931951,-0.0775076595317855
2190,"long_v3_CCD0.0.25",2.06647060765331,0.0106094030320869,0.00833859801497897,-0.133410957502556
2191,"long_v3_CCD0.0.25",1.82779495624302,0.0058239936940093,0.0198057323749443,-0.158533807681206
2192,"long_v3_CCD0.0.25",1.65450123374276,-0.00957023747413559,0.0522849791616079,-0.0370901947863516
2193,"long_v3_CCD0.0.25",1.94379430858398,0.0960851506403703,0.0147747172728913,-0.160013988287193
2194,"long_v3_CCD0.0.25",1.71203982422164,0.0103179103309047,0.0101382395752311,-0.039320852267392
2195,"long_v3_CCD0.0.25",1.68360137977243,0.0372764978776872,0.076568759756379,-0.058976703021314
2196,"long_v3_CCD0.0.25",1.96369916371957,0.00685741065480779,0.0758150962887476,-0.0665249973557057
2197,"long_v3_CCD0.0.25",1.7476173446042,0.0358245675905796,0.0504721241198788,-0.121849348696537
2198,"long_v3_CCD0.0.25",2.29262770809519,-0.0507687851712903,-0.0547647468491788,-0.18979704768136
2199,"long_v3_CCD0.0.25",1.65399170409665,0.0613487721204066,-0.0023628873391532,-0.100737576673269
2200,"long_v3_CCD0.0.25",1.97670503615988,0.0108189347680232,0.0337666731653521,-0.0543356766387376
2201,"long_v3_CCD0.0.25",1.7654552759936,-0.0282114308331474,0.0462495053891044,-0.146993549207093
2202,"long_v3_CCD0.0.25",1.77967055242677,0.0281021596356969,0.0621791190987779,-0.0644799214842621
2203,"long_v3_CCD0.0.25",2.12558013480718,0.0807951218968081,0.00592907553209227,-0.0958246607957343
2204,"long_v3_CCD0.0.25",1.52033195991,-0.0246756439781646,0.0305763842386471,-0.0776351939899605
2205,"long_v3_CCD0.0.25",1.89348188013341,-0.0263410015512688,0.0128269172907935,-0.0629127772122404
2206,"long_v3_CCD0.0.25",1.92395641560225,0.0338481671031145,0.021607002241197,-0.066482310782224
2207,"long_v3_CCD0.0.25",1.94830634578881,-0.0283100189575739,-0.0415510398226208,-0.144333379229895
2208,"long_v3_CCD0.0.25",1.72547679480695,-0.032634761663898,0.0711574069267962,-0.0105266851291419
2209,"long_v3_CCD0.0.25",1.85872890019669,0.0728398245525204,-0.0204014287474185,-0.116872893756956
2210,"long_v3_CCD0.0.25",1.86389554286241,0.000354611965071284,0.111587009004512,-0.141261258220388
2211,"long_v3_CCD0.0.25",1.97654903250325,0.0616223155556593,-0.0183738461790016,-0.073314152741509
2212,"long_v3_CCD0.0.25",1.94167855239598,0.0299110386998414,0.00156918301590267,-0.0426151599434809
2213,"long_v3_CCD0.0.25",1.5059231190421,-0.0525492444045044,-0.0784197528011784,-0.0666589629634664
2214,"long_v3_CCD0.0.25",1.85768452981863,0.00483968080661475,0.0136085424285746,-0.0665178927171316
2215,"long_v3_CCD0.0.25",1.88952238116012,0.0620099016682632,0.0428424301099753,-0.0992898967016698
2216,"long_v3_CCD0.0.25",2.15394050449429,0.0543246483596823,0.0199959547758147,-0.162934171013258
2217,"long_v3_CCD0.0.25",1.71388784151868,-0.110046083101906,0.016046637420749,0.00366882584859065
2218,"long_v3_CCD0.0.25",1.73407292926944,0.0561699048931679,0.0616162934743255,-0.0625279458031195
2219,"long_v3_CCD0.0.25",1.81871233700869,-0.0264546645956097,0.0361803200422306,-0.0529203681076087
2220,"long_v3_CCD0.0.25",2.06043469968108,-0.0254873998655284,0.027264382084487,-0.0280550666014499
2221,"long_v3_CCD0.0.25",1.6367675823527,-0.00166601103942853,-0.00891855988207559,-0.0904849072584985
2222,"long_v3_CCD0.0.25",1.74947013190611,-0.0361958770786051,0.0550065232499482,-0.00503961708505472
2223,"long_v3_CCD0.0.25",1.51399026451692,0.0463992604314622,0.0535135678565567,-0.137691667054651
2224,"long_v3_CCD0.0.25",1.98894798898073,0.0466656252442645,-0.028964613568953,-0.094185506140901
2225,"long_v3_CCD0.0.25",1.89013744290245,0.0156558044600447,0.0330484773508244,-0.16251278260207
2226,"long_v3_CCD0.0.25",1.85851876908105,0.0058938841328685,0.0583018532613233,-0.0681876805895215
2227,"long_v3_CCD0.0.25",1.79898555565904,0.0835255784188856,0.0288412131990018,-0.0243869301863408
2228,"long_v3_CCD0.0.25",2.52134272951628,-0.0163175797381957,-0.0414997978724283,-0.101211923609565
2229,"long_v3_CCD0.0.25",1.87983389403783,-0.0326308467704129,0.105220253869756,-0.0852242529909761
2230,"long_v3_CCD0.0.25",1.58906653334214,-0.020086753801095,0.0317729422764722,-0.0351388115285936
2231,"long_v3_CCD0.0.25",1.89692318460131,-0.00824987187558433,-0.0201653010887414,-0.0348785474043488
2232,"long_v3_CCD0.0.25",1.81769132337724,-0.0107360041669201,0.025743146529868,-0.0416127379526843
2233,"long_v3_CCD0.0.25",1.79750341894114,-0.0375018184264548,-0.039443896961255,-0.0317602628460576
2234,"long_v3_CCD0.0.25",2.04039939088842,0.0992883865988889,-0.0163098053494399,-0.110549847036755
2235,"long_v3_CCD0.0.25",1.59125635101949,0.00562526364420667,0.0433863107219308,-0.126269241720822
2236,"long_v3_CCD0.0.25",2.00214553310178,-0.0138213931402813,0.0223221197095926,-0.0126366216108527
2237,"long_v3_CCD0.0.25",1.33952359965337,-0.0006778069379737,0.0184699767030065,-0.0326706553145974
2238,"long_v3_CCD0.0.25",1.89941617437417,0.00218869390112832,0.0798293510549426,-0.0248844057357309
2239,"long_v3_CCD0.0.25",1.73268359661802,-0.0395048803929683,-0.0223171578988468,-0.0820037497605095
2240,"long_v3_CCD0.0.25",2.17597439195226,-0.101355429078015,0.0715868653823095,-0.142271188141152
2241,"long_v3_CCD0.0.25",1.79956022385297,-0.0129117168641539,0.017131616180338,-0.0796895822889834
2242,"long_v3_CCD0.0.25",1.85377561850756,-0.0407949255128899,-0.00532038764738074,-0.130356115223017
2243,"long_v3_CCD0.0.25",1.86039453861507,0.0105668436784178,-0.00318507586952324,-0.0683257901227251
2244,"long_v3_CCD0.0.25",1.85003195193695,0.0122160221799432,-0.0771999159290273,-0.0785490760125365
2245,"long_v3_CCD0.0.25",2.36951742496215,0.0550258442902694,0.0224994029014449,-0.0499012995100109
2246,"long_v3_CCD0.0.25",1.67928830782699,-0.0226208694450114,0.040533109828027,-0.0232509711885481
2247,"long_v3_CCD0.0.25",1.78654524814905,0.0599686654883836,-0.0590052344161776,0.030043834064139
2248,"long_v3_CCD0.0.25",1.89181979263323,-0.0144825221994594,-0.00536810310310696,-0.0750544150982423
2249,"long_v3_CCD0.0.25",0.838081687605746,-0.000216305777546004,-0.0152986935378737,-0.116775866220147
2250,"long_v3_CCD0.0.25",1.67893016459894,0.00885866150998517,0.0796560021429647,-0.0539256961460902
2251,"long_v3_CCD0.0.25",1.98755801583713,-0.0305926619022344,-0.0311052729609465,-0.0895354323328075
2252,"long_v3_CCD0.0.25",1.94629634527272,0.0137969894081712,0.0461086655384246,-0.0934318162603588
2253,"long_v3_CCD0.0.25",1.73692205694038,0.0590155094245506,0.0732981249374788,-0.15141878697797
2254,"long_v3_CCD0.0.25",1.66896543059647,0.0492537317504581,-0.0424907276007922,-0.0579946011279193
2255,"long_v3_CCD0.0.25",2.10279085812992,-0.016076690674819,0.0136914183580703,-0.0464873018291631
2256,"long_v3_CCD0.0.25",2.34521044758151,-0.00358474190809443,0.0568313266494495,-0.0483994038417692
2257,"long_v3_CCD0.0.25",2.06478472469648,0.0310679805612793,-0.00305451741101254,-0.0813302444314382
2258,"long_v3_CCD0.0.25",1.74330518415038,-0.00804074338810419,0.0500655184540388,-0.0899298964752256
2259,"long_v3_CCD0.0.25",1.96776156834887,-0.0111483204849028,0.0719073015333784,-0.0237807197241673
2260,"long_v3_CCD0.0.25",2.04687956664958,-0.0329520756820958,0.0315970984910569,-0.094637957266263
2261,"long_v3_CCD0.0.25",2.18232361705895,-0.0545415615593266,-0.0248074558466373,-0.073921132641586
2262,"long_v3_CCD0.0.25",2.4091501847821,-0.0246836646129884,-0.0285854593466274,-0.123793494734358
2263,"long_v3_CCD0.0.25",1.98383977629058,0.0048963399027515,0.0133015540789797,-0.129610333537586
2264,"long_v3_CCD0.0.25",1.86889852712083,-0.0168118132029303,-0.0196682623613661,-0.0697358005963079
2265,"long_v3_CCD0.0.25",1.71516795790366,0.0353418310582208,0.0352235408455761,-0.114630526840957
2266,"long_v3_CCD0.0.25",1.79133141892494,0.0218333604525031,0.0192432252749107,-0.044020801718223
2267,"long_v3_CCD0.0.25",2.00359109400976,0.040268915876514,-0.0220073321649044,-0.0594612025364011
2268,"long_v3_CCD0.0.25",1.83968232456091,0.0562578394650229,-0.0254862758242351,-0.110953002104342
2269,"long_v3_CCD0.0.25",1.88214842864583,-0.0017749414495607,0.0131300221187751,-0.0933033360668466
2270,"long_v3_CCD0.0.25",2.24630857976851,-0.0155726861503369,0.0589699882985737,-0.0905510873676826
2271,"long_v3_CCD0.0.25",1.73867655120401,0.0103062052454657,0.0544370894318446,0.00924224082792104
2272,"long_v3_CCD0.0.25",1.9058934792294,-0.0343158245262409,0.0496105891763724,-0.068639894059452
2273,"long_v3_CCD0.0.25",1.98591244989668,0.00975748416753898,0.0697162819063958,-0.13095621698185
2274,"long_v3_CCD0.0.25",1.65099062623192,0.0339393539746856,0.0581540899928256,0.022114558312585
2275,"long_v3_CCD0.0.25",1.93066409672854,0.00193986954477931,-0.00551624286659158,-0.105519760465064
2276,"long_v3_CCD0.0.25",2.20278458606434,0.067888878834384,-0.0149480675771361,-0.148738860360003
2277,"long_v3_CCD0.0.25",1.91397165133548,0.0844956158425777,0.000561462650616587,-0.193661139532566
2278,"long_v3_CCD0.0.25",1.87292691651866,0.0522948735598348,0.0150939206130799,-0.147621153635926
2279,"long_v3_CCD0.0.25",2.10775067480055,0.00812467716210117,-0.0149566551980449,-0.103594147319243
2280,"long_v3_CCD0.0.25",2.01564056978675,0.030435642303004,0.0487157269435494,-0.0885465801071117
2281,"long_v3_CCD0.0.25",1.76543458381442,-0.0140200856271971,0.0514781712524254,-0.0864371910840884
2282,"long_v3_CCD0.0.25",1.80712190489506,-0.0368822928546577,0.030680019358197,-0.0682897261903483
2283,"long_v3_CCD0.0.25",1.79852764078703,-0.0441662153524567,0.0466926489049648,-0.0668969254605415
2284,"long_v3_CCD0.0.25",1.95564824499269,0.0294757675547507,0.0612415977884845,-0.0859595644761747
2285,"long_v3_CCD0.0.25",1.92189402116575,0.0177589529573901,-0.0660626767193769,-0.144063928155893
2286,"long_v3_CCD0.0.25",1.91654644773497,0.00521201338772963,0.0419040536337764,-0.0369160291683194
2287,"long_v3_CCD0.0.25",1.857937919182,-0.0235375940653483,0.0995040601128029,-0.0178338263001414
2288,"long_v3_CCD0.0.25",1.86879195577487,-0.0087972541702048,0.00714342414528665,-0.0678332174596609
2289,"long_v3_CCD0.0.25",2.05339578522185,-0.00938509766831139,-0.0251421324569251,-0.0669907707706247
2290,"long_v3_CCD0.0.25",2.06567849794346,0.00105698785986743,0.0475420667754939,-0.139815175678927
2291,"long_v3_CCD0.0.25",2.0285078921686,0.00265794988225779,0.0360830235622875,-0.0909489216258918
2292,"long_v3_CCD0.0.25",1.85375686725334,0.031265019836128,-0.0165489677750033,-0.0921049882844441
2293,"long_v3_CCD0.0.25",1.96712387780719,-0.0611742219758789,0.0125625060546419,-0.140154383608029
2294,"long_v3_CCD0.0.25",1.74889776947772,0.020668150817123,0.0015731131381784,-0.0675105046069966
2295,"long_v3_CCD0.0.25",1.91537460322923,0.0494448019459831,0.0533003773507623,-0.160206290312775
2296,"long_v3_CCD0.0.25",1.7489476341809,0.0646581246612005,0.00970920476120197,-0.0676373709282474
2297,"long_v3_CCD0.0.25",2.2143254817376,0.0219942087181768,-0.0606327809998604,-0.0857415353397108
2298,"long_v3_CCD0.0.25",2.56525112422703,0.125857402982515,0.064379925413342,-0.120311690380534
2299,"long_v3_CCD0.0.25",1.74316429759599,0.0196842727882193,0.0478084203095862,-0.0902124686823356
2300,"long_v3_CCD0.0.25",1.9788811240524,0.00805925244863843,0.0384659353280971,-0.0957590124443823
2301,"long_v3_CCD0.0.25",1.64573496351244,0.0278936120751738,0.0399454827187502,-0.171422380783815
2302,"long_v3_CCD0.0.25",1.8292339027838,-0.00247641593507747,-0.0272635907687701,-0.140434687092693
2303,"long_v3_CCD0.0.25",2.12749306103041,0.0292345278161143,0.0278325613737842,-0.0635725937327815
2304,"long_v3_CCD0.0.25",1.89918090836189,0.0349217448975334,0.0301681952507883,-0.0634343878409226
2305,"long_v3_CCD0.0.25",2.02229848987923,-0.049370533833219,0.0810405187438935,-0.0395089564576037
2306,"long_v3_CCD0.0.25",2.51257014112602,0.0398827666092193,0.0173490664273662,-0.0426885322954422
2307,"long_v3_CCD0.0.25",1.99621294337188,-0.0591274872832419,0.057236045287799,-0.0604644495097302
2308,"long_v3_CCD0.0.25",1.69560430988873,-0.0119089869794973,0.0912078880891109,-0.0613822581863429
2309,"long_v3_CCD0.0.25",1.96412667567792,-0.0125115835611017,0.0598660322190265,0.00343518121104106
2310,"long_v3_CCD0.0.25",1.87585161617373,-0.0229284845623181,0.0220531810312816,-0.12323068654705
2311,"long_v3_CCD0.0.25",1.94949049105792,0.0111678028187677,0.0386596174520464,-0.0866103298512857
2312,"long_v3_CCD0.0.25",2.11881447251728,0.0197336983346734,0.0284578085990013,-0.102691902922528
2313,"long_v3_CCD0.0.25",1.93051031499823,0.0487390628972167,-0.0415939250752683,-0.15364525119862
2314,"long_v3_CCD0.0.25",2.11415079228386,0.00355987241152149,0.0781548571558092,-0.0426613114020779
2315,"long_v3_CCD0.0.25",1.92661405170377,-0.014473478147473,0.0337966873208286,-0.102425135500487
2316,"long_v3_CCD0.0.25",2.05894793853023,0.0541034790143066,0.0337601749073191,-0.0762360777488126
2317,"long_v3_CCD0.0.25",1.96117899039183,-0.0343869061553718,0.114898413814784,-0.106076806745601
2318,"long_v3_CCD0.0.25",1.93275397477187,-0.0206019674731881,0.00545153494823936,-0.0920858601324693
2319,"long_v3_CCD0.0.25",1.755639165398,-0.0110438534505927,0.0573750423220146,-0.0896177322937869
2320,"long_v3_CCD0.0.25",1.81023838205646,-0.00616838165153511,0.0096735921724137,-0.0712402498437225
2321,"long_v3_CCD0.0.25",2.03783173237175,0.0366089757906651,0.0304854765868148,-0.0815307203172094
2322,"long_v3_CCD0.0.25",2.07164114330081,0.0228582167289838,0.068376912182237,-0.0459950412923509
2323,"long_v3_CCD0.0.25",1.94726603685851,0.0676111846633688,-0.00667445701181509,-0.0715591304854644
2324,"long_v3_CCD0.0.25",2.09341632900632,0.0452849604862757,-0.0265227977237749,-0.127078421238275
2325,"long_v3_CCD0.0.25",1.57930723622514,-0.019684960570282,0.0235051048609032,-0.0461579405342244
2326,"long_v3_CCD0.0.25",1.96052888577494,0.0241381848271041,0.0399983790933192,-0.0658932175531195
2327,"long_v3_CCD0.0.25",2.053862103513,-0.00105649989286643,0.0314943369422565,-0.151271164804182
2328,"long_v3_CCD0.0.25",1.68422308869786,-0.0479227022716115,0.0606411118219559,-0.0481222617779897
2329,"long_v3_CCD0.0.25",1.85697534756038,0.0002616180033124,0.0281078045067385,-0.0686567867575305
2330,"long_v3_CCD0.0.25",2.04548710483012,-0.0398980926584412,0.0755448015752431,0.00676356304256351
2331,"long_v3_CCD0.0.25",2.00113164514749,0.0280620706746039,0.00454500720771439,-0.084788581780811
2332,"long_v3_CCD0.0.25",1.61472270669154,-0.00782924227449224,-0.0376908628851086,-0.0216384463746042
2333,"long_v3_CCD0.0.25",1.67305494616251,-0.0066793119324413,0.143070327707618,0.0414565418734683
2334,"long_v3_CCD0.0.25",1.87791794447846,0.0249869759978763,0.00178845967262738,-0.0340931929016976
2335,"long_v3_CCD0.0.25",2.01352383934854,0.00298534656430151,0.040005094708635,-0.0940811958210849
2336,"long_v3_CCD0.0.25",1.88551758414269,-0.00214840065203656,0.00687357315575216,-0.142516095749673
2337,"long_v3_CCD0.0.25",1.84397745580287,-0.0181747839487221,0.0465065447756605,-0.0313863619025536
2338,"long_v3_CCD0.0.25",1.74836050123897,-0.0325164102363747,0.0181768945364913,-0.0796666668396464
2339,"long_v3_CCD0.0.25",2.00879087523721,-0.0437946088572122,0.00966102446511193,-0.0144261268656886
2340,"long_v3_CCD0.0.25",1.9491385334352,-0.0264874656335773,0.0164845768036682,-0.19931443094369
2341,"long_v3_CCD0.0.25",1.55664032570618,-0.0432541939203099,0.0520074151483093,-0.15263986651156
2342,"long_v3_CCD0.0.25",1.64877819902226,0.0327711270234132,0.0271621605184644,-0.0830144954754333
2343,"long_v3_CCD0.0.25",1.52992120175049,0.0330971204535024,0.0149474195347591,-0.0217930225692695
2344,"long_v3_CCD0.0.25",1.62302603058187,-0.0355292450437082,0.0486137589241534,-0.0719026231183531
2345,"long_v3_CCD0.0.25",1.95383550720013,0.00669372049340385,0.031668710113359,-0.0831396489740586
2346,"long_v3_CCD0.0.25",1.84061828793948,-0.032939812562422,0.0155432521857952,-0.0770022742143499
2347,"long_v3_CCD0.0.25",1.80715392034636,0.115607500027804,0.0313048894436565,-0.0596503924610788
2348,"long_v3_CCD0.0.25",1.60973837340732,0.00166471551584384,0.118695277230641,-0.161864832904597
2349,"long_v3_CCD0.0.25",1.73825926781286,-0.00889667861825886,-0.0213270621372883,-0.0436590881232987
2350,"long_v3_CCD0.0.25",1.35366752551579,0.0288019324694543,0.121492313196175,-0.0648685103180048
2351,"long_v3_CCD0.0.25",1.95287992666033,0.027373855416304,0.0170309812822943,-0.100396460664757
2352,"long_v3_CCD0.0.25",1.76605385164649,0.0137626437666913,0.0188453930515059,-0.0157808095680519
2353,"long_v3_CCD0.0.25",2.01015385672142,0.0342377287933169,-0.0263058966919065,-0.0586673533116249
2354,"long_v3_CCD0.0.25",1.99786053827037,0.0368797042640292,0.0068376568112916,-0.0361904398014307
2355,"long_v3_CCD0.0.25",1.7823690563678,0.0368920482417932,-0.0388419053566888,-0.126240227621994
2356,"long_v3_CCD0.0.25",1.70259637975685,0.0350248882535852,0.00845124843874068,-0.0254408599839499
2357,"long_v3_CCD0.0.25",1.60544209349168,0.0252702673142646,0.0490237898321832,-0.0797358784078204
2358,"long_v3_CCD0.0.25",2.05497304565643,0.0530060168578303,0.0255234927071471,-0.107712539094798
2359,"long_v3_CCD0.0.25",1.82926141366999,-0.000824561933015022,-0.0130459333605323,-0.117561171335609
2360,"long_v3_CCD0.0.25",1.99585356041876,0.0240796781365937,-0.00191957346363046,-0.0742454971310313
2361,"long_v3_CCD0.0.25",1.85568355888129,0.0139086270697172,-0.0136792831285197,-0.104655291752071
2362,"long_v3_CCD0.0.25",2.07442260231491,0.0240785642599028,0.0446374722744346,-0.0737493518279099
2363,"long_v3_CCD0.0.25",1.66336543566688,0.00522847121582156,0.0167991165503097,-0.034810969730875
2364,"long_v3_CCD0.0.25",2.02573653307375,0.016145655284176,0.100860601815499,-0.0539130249021012
2365,"long_v3_CCD0.0.25",1.73678075982107,-0.0322476799155192,0.0366776649354165,-0.0680788149633909
2366,"long_v3_CCD0.0.25",2.26583612153558,0.0087482835062403,0.0291342868949175,-0.125651506993781
2367,"long_v3_CCD0.0.25",1.97100028901434,0.0533096110434008,0.0759321505690782,-0.0724607557429625
2368,"long_v3_CCD0.0.25",1.86271059091755,0.029103248379559,-0.00934943824167077,-0.105277825148274
2369,"long_v3_CCD0.0.25",2.08619544539106,0.0506018786972173,0.0457382660124158,-0.0587350984241715
2370,"long_v3_CCD0.0.25",2.01144490891065,-0.011238751851456,0.0262950685770773,-0.12162379787666
2371,"long_v3_CCD0.0.25",1.65689573799741,-0.0571343005065872,-0.0022369787249697,-0.062462089632857
2372,"long_v3_CCD0.0.25",1.87285491110369,-0.000337817398404467,0.0814784105302879,-0.0771237396254428
2373,"long_v3_CCD0.0.25",1.98670184000024,-0.00385070443866389,-0.00591196837327228,-0.144324452332094
2374,"long_v3_CCD0.0.25",1.80926882736882,0.0511729263838512,0.133540372178673,-0.00564003738914265
2375,"long_v3_CCD0.0.25",2.2603862609031,0.0442575797121693,0.0507503022049112,-0.0948140877252191
2376,"long_v3_CCD0.0.25",1.70194401261814,0.0155527220438054,0.0243976866290999,-0.0579499213514657
2377,"long_v3_CCD0.0.25",1.88867391335393,0.0114420082273351,0.00211500972049506,-0.0512051265269436
2378,"long_v3_CCD0.0.25",2.33856423132489,-0.00079004128112975,0.0304654716344073,-0.128279543333847
2379,"long_v3_CCD0.0.25",2.03811922253553,0.0164863796160388,0.0478293955408037,-0.174337777216163
2380,"long_v3_CCD0.0.25",1.79667730243699,-0.0413877713201382,0.00970931360158381,-0.101253792617239
2381,"long_v3_CCD0.0.25",1.83421166463053,0.00759526377582335,-0.0132039177247975,-0.0139751288390207
2382,"long_v3_CCD0.0.25",1.6608414769091,-0.00519037059447369,-0.0251313819756913,-0.0367788745851813
2383,"long_v3_CCD0.0.25",1.83998269360924,-0.00605352277085637,0.0665971888757502,-0.110713425881661
2384,"long_v3_CCD0.0.25",1.91642334568441,0.0287666462177512,-0.02668760278545,0.0314277726848223
2385,"long_v3_CCD0.0.25",1.84068067004213,0.0281399205089851,0.0222570063928325,-0.0497424781502584
2386,"long_v3_CCD0.0.25",1.97506451491736,-0.02968393942358,0.00718910679185263,-0.0289477867043642
2387,"long_v3_CCD0.0.25",1.83562480917398,-0.030283183562814,-0.0636114488004924,-0.0118944099070647
2388,"long_v3_CCD0.0.25",2.10002043647352,0.00933136184684841,0.0352769142187047,-0.115683588288334
2389,"long_v3_CCD0.0.25",2.00020636477412,-0.0155145009257372,0.00557483950767016,-0.105302534150975
2390,"long_v3_CCD0.0.25",1.99205704525535,0.0113023314638429,-0.0178326853792271,-0.0599578034625457
2391,"long_v3_CCD0.0.25",1.37414761457006,0.00626155331705473,0.0782235635486136,-0.0541764821475897
2392,"long_v3_CCD0.0.25",1.71591434105559,-0.0396832377559267,0.0501184127366317,-0.0956258415722311
2393,"long_v3_CCD0.0.25",2.03963951216165,-0.0193830848202695,0.00505606936600444,-0.0925181729575728
2394,"long_v3_CCD0.0.25",2.25074452520783,0.0581358001647232,-0.0019251564894973,-0.167902704958966
2395,"long_v3_CCD0.0.25",1.6492630793199,-0.0584376012265294,-0.0514201277198089,-0.0672882008774859
2396,"long_v3_CCD0.0.25",1.94753875646923,-0.0450960130568073,0.0358391210689447,-0.0960312642324724
2397,"long_v3_CCD0.0.25",1.79672701525436,0.00491168082097291,0.000391596491515784,-0.0775055608569876
2398,"long_v3_CCD0.0.25",1.85747462465047,0.0159291120464367,-0.0107202185367905,-0.069196803449588
2399,"long_v3_CCD0.0.25",1.96881085842407,0.0655663259129556,-0.00757603740699874,-0.124570779717795
2400,"long_v3_CCD0.0.25",1.81296195379402,-0.0256291829850796,0.0286354876803261,-0.107540855321177
2401,"long_v3_CCD0.0.25",1.75862388146647,0.0393309707085733,0.0512431195295624,-0.0701927612675724
2402,"long_v3_CCD0.0.25",1.81621077986942,0.0477235268388103,0.0536532928907592,-0.121288386274532
2403,"long_v3_CCD0.0.25",2.0108759351474,0.0222237384169246,0.0232551218077464,-0.110250292300501
2404,"long_v3_CCD0.0.25",1.69891110191696,0.014247352322192,-0.0104983388661916,-0.11904971426606
2405,"long_v3_CCD0.0.25",1.75454354832548,-0.0114507844639587,0.0387286449893609,-0.0691941115698695
2406,"long_v3_CCD0.0.25",1.90276236514373,-0.0478582307349436,0.019863226063738,-0.0525668754830873
2407,"long_v3_CCD0.0.25",2.1423002079787,0.0846017898361223,-0.0122374824893093,-0.0358453626946176
2408,"long_v3_CCD0.0.25",1.98492604587893,0.0438771358434516,0.0168152787310416,-0.0883476440830032
2409,"long_v3_CCD0.0.25",2.00035497602982,0.0122711924425344,0.0733370040192866,0.0544213715560755
2410,"long_v3_CCD0.0.25",1.84149037837693,0.0238997476545114,0.0261465832530146,-0.0836482696519326
2411,"long_v3_CCD0.0.25",1.8370426314094,-0.0234931187954821,0.051979141329797,-0.0593501514671457
2412,"long_v3_CCD0.0.25",1.78792192346188,-0.0310307724299464,0.0225604406677876,-0.179536611929842
2413,"long_v3_CCD0.0.25",1.77924660771553,-0.0220983553547463,0.0624846967528131,-0.0338878546773318
2414,"long_v3_CCD0.0.25",1.80572665683155,-0.00840291999014741,-0.0773144159646101,-0.146684748550596
2415,"long_v3_CCD0.0.25",1.53706484286288,0.0236829809251709,0.0382003242083319,-0.103852614609803
2416,"long_v3_CCD0.0.25",1.91945354721339,0.0463287847978436,0.00568287635602499,-0.0594844314471682
2417,"long_v3_CCD0.0.25",1.80027881047557,0.0570772932371124,0.0448331539473871,-0.0899447684664226
2418,"long_v3_CCD0.0.25",1.86844626907128,0.0712769856555012,0.0206151407725796,-0.0315125376233592
2419,"long_v3_CCD0.0.25",1.84693802213234,0.0166324253482741,-0.033938588700285,-0.107266817211963
2420,"long_v3_CCD0.0.25",1.66999376340904,0.0189220038195703,0.0149973299438098,-0.123739654595004
2421,"long_v3_CCD0.0.25",1.96880923605033,-0.031352741484504,0.0026382227838199,-0.100173228524274
2422,"long_v3_CCD0.0.25",2.02252666036224,0.0123343406947113,0.0487428635792622,-0.114924284534714
2423,"long_v3_CCD0.0.25",2.38557377889477,0.0601765293429739,-0.00764341939195417,-0.0694108407712427
2424,"long_v3_CCD0.0.25",1.70522551425123,0.0516487929024377,0.0485986279829096,-0.132453380647809
2425,"long_v3_CCD0.0.25",2.01066420930907,-0.00161809659860655,0.00883879434189945,-0.11584399175063
2426,"long_v3_CCD0.0.25",1.5842039422565,-0.0298551120482645,0.0188626535074658,-0.0474136301159423
2427,"long_v3_CCD0.0.25",2.04196091890664,-0.0164851753704447,0.0141192823843827,-0.090096842893492
2428,"long_v3_CCD0.0.25",2.14723197008801,0.0645795359179831,0.0877539774799386,-0.219221681496613
2429,"long_v3_CCD0.0.25",2.07874420235083,0.000639266090694583,0.00488482827579625,-0.0961811601066043
2430,"long_v3_CCD0.0.25",2.08224752868742,-0.0118442341127687,0.0547512420678915,-0.124795815236844
2431,"long_v3_CCD0.0.25",2.04361276884603,0.00871571330506662,-0.00597872072696334,-0.0976327284629137
2432,"long_v3_CCD0.0.25",2.19598771589918,0.0503316432842954,0.0753338750727562,-0.100904741975479
2433,"long_v3_CCD0.0.25",1.71656856727709,0.0177497098635267,0.0415057164194764,-0.100695453414112
2434,"long_v3_CCD0.0.25",1.54849111388197,0.0557717405991326,-0.0404391091829625,-0.150187392549983
2435,"long_v3_CCD0.0.25",2.266976702131,0.0284715533588403,0.00121819879751104,-0.0642411848338274
2436,"long_v3_CCD0.0.25",2.05259725663399,-0.0141490059783155,0.0280379419739837,-0.140542242430547
2437,"long_v3_CCD0.0.25",1.558166538934,-0.0372474209327633,0.0810457368133714,0.0105786953717373
2438,"long_v3_CCD0.0.25",1.8969105144135,-0.0125240181328981,0.0371160644030596,-0.0775871740819323
2439,"long_v3_CCD0.0.25",1.45618965954821,0.0220656676881026,0.0323198850758678,-0.0734811153361437
2440,"long_v3_CCD0.0.25",1.97544787114531,0.0173713298262586,0.0592641251529309,-0.150008279929479
2441,"long_v3_CCD0.0.25",1.9354265232827,0.121967606749685,-0.0345229787589973,-0.0580105130299893
2442,"long_v3_CCD0.0.25",2.09240351772385,0.0925278950229377,-0.0109456319068813,-0.162030836440775
2443,"long_v3_CCD0.0.25",2.03864101525314,-0.02631603516153,0.0497885240247894,-0.183216956699923
2444,"long_v3_CCD0.0.25",1.75177703436386,-0.00417986983513947,-0.0598826713542897,-0.111032721377934
2445,"long_v3_CCD0.0.25",1.7511360631802,-0.0199287469757442,-0.0145962508082248,-0.0324244716050222
2446,"long_v3_CCD0.0.25",1.88263590928314,0.0128158296492007,0.0734601358267574,-0.0987607308086767
2447,"long_v3_CCD0.0.25",2.12282622248604,0.00925400241152001,-0.0704215779293908,-0.0703275319359664
2448,"long_v3_CCD0.0.25",1.94607456198143,0.0107923860664583,-0.0179773472571475,-0.0794467967149787
2449,"long_v3_CCD0.0.25",1.97557532252481,0.0218678288305443,0.116658275301451,-0.0491269243250186
2450,"long_v3_CCD0.0.25",1.9542770432352,-0.0399229599794912,0.0619263382835213,-0.0840748002558118
2451,"long_v3_CCD0.0.25",1.64344220128349,0.0300926621408663,0.00341211638041523,-0.00394013512186965
2452,"long_v3_CCD0.0.25",1.96392342853306,-0.00718991784813492,0.027092772259844,-0.0809731374378587
2453,"long_v3_CCD0.0.25",1.88219717593928,-0.0192691689228229,0.0769332716778454,-0.0596715127355027
2454,"long_v3_CCD0.0.25",1.9054279013963,0.016256260121012,0.0525978049851695,-0.115889851526095
2455,"long_v3_CCD0.0.25",1.83022583993866,0.0542571795138104,0.0297873859641292,-0.0945201017862769
2456,"long_v3_CCD0.0.25",1.77374875679854,0.017524102210874,0.0152894653876109,-0.107584870735872
2457,"long_v3_CCD0.0.25",2.06917871090996,-0.00479813895498974,0.0113540610298871,-0.159397954615333
2458,"long_v3_CCD0.0.25",2.20600732570367,0.0445404923189916,0.0331240106103289,-0.160914317233235
2459,"long_v3_CCD0.0.25",1.83017931954953,-0.0784091117761335,0.052953200273242,-0.0581129807272067
2460,"long_v3_CCD0.0.25",1.87895900770896,0.026212982967125,0.0043380253956134,-0.113689258428506
2461,"long_v3_CCD0.0.25",1.85026138990787,0.0457235510123003,0.0565214486769648,-0.0922627040186962
2462,"long_v3_CCD0.0.25",1.87614186122788,0.0366165744166177,-0.0401128972999619,-0.0958716556965423
2463,"long_v3_CCD0.0.25",1.70063907436035,0.00129038996341066,0.0159841942436345,-0.0840479767651819
2464,"long_v3_CCD0.0.25",1.79982856535075,0.0219281022934788,0.0302987622437784,-0.0073762535903112
2465,"long_v3_CCD0.0.25",1.6001281932738,-0.0522345587981344,0.0364772737330319,-0.110731335741488
2466,"long_v3_CCD0.0.25",1.96336173598831,0.0485617780471028,0.0188929328146383,-0.165792644030432
2467,"long_v3_CCD0.0.25",1.86644921915378,-0.0081881841458038,0.0232267473023186,-0.0813829291579212
2468,"long_v3_CCD0.0.25",1.77158809494717,0.0537405900987005,0.0394407350674496,-0.12151327458209
2469,"long_v3_CCD0.0.25",1.68482607443703,-0.0103493913019701,0.0302442819514667,-0.0888982204099087
2470,"long_v3_CCD0.0.25",2.12867736217653,0.0509046530055407,0.027154903613038,-0.178434505960334
2471,"long_v3_CCD0.0.25",1.7403063009864,0.0277962062415474,0.0439345831174764,-0.0840458791341338
2472,"long_v3_CCD0.0.25",1.81342232772586,0.0919303106225874,-0.0054789561603603,-0.105012682371765
2473,"long_v3_CCD0.0.25",1.79190086300184,0.0401395338123565,0.0303004118449013,-0.036339812082958
2474,"long_v3_CCD0.0.25",1.8588883788281,0.0111415775030081,0.10758845848557,-0.080768073004564
2475,"long_v3_CCD0.0.25",1.2595624788668,0.082669723662936,0.0240234834014061,-0.0908085817039787
2476,"long_v3_CCD0.0.25",1.6317735626408,0.0307979751337811,0.00131372993079428,-0.100717969624297
2477,"long_v3_CCD0.0.25",1.90709667683369,0.0288219006996151,0.0654915467575587,-0.0850278577039846
2478,"long_v3_CCD0.0.25",1.97108606036586,0.0669407197421118,0.0370017440801065,-0.0299852011417909
2479,"long_v3_CCD0.0.25",2.05586920120947,-0.0123381828632591,0.0151622209936614,-0.0923201111723713
2480,"long_v3_CCD0.0.25",1.61527432263999,-0.00840355004985261,0.0227076079386703,-0.0825419654248826
2481,"long_v3_CCD0.0.25",1.96721633752728,0.0148873324527044,-0.00432196266351968,-0.185132932084415
2482,"long_v3_CCD0.0.25",1.51987048739656,-0.00589416407304832,0.0616293156907567,-0.0449212953596488
2483,"long_v3_CCD0.0.25",1.9882260273433,0.0350728428771362,-0.0451867167787103,-0.135105679096946
2484,"long_v3_CCD0.0.25",1.96797403448048,0.0201263614763094,-0.0192977585950432,-0.138053754098808
2485,"long_v3_CCD0.0.25",1.85615150587567,-0.0271941969623367,0.025474289117638,-0.0843992562173777
2486,"long_v3_CCD0.0.25",2.00241262062058,-0.023592852229165,0.0290301760313805,-0.0762857892603931
2487,"long_v3_CCD0.0.25",1.99499571648268,-0.0108157764090604,-0.0617946824917407,-0.0804949533100174
2488,"long_v3_CCD0.0.25",1.60763713837934,-0.0158400697440273,0.0277329349341971,-0.0848667137550983
2489,"long_v3_CCD0.0.25",2.24018826386224,0.028772106933169,-0.00583296886822435,-0.0595488486304049
2490,"long_v3_CCD0.0.25",1.79729756564131,0.0406947654054295,-0.0118827060870682,-0.0472267873068452
2491,"long_v3_CCD0.0.25",2.03758971489353,0.0470450057484612,0.0125070325052723,-0.0957163195351401
2492,"long_v3_CCD0.0.25",1.95658171565788,-0.0342294204774859,-0.0160714289850851,-0.102648526683501
2493,"long_v3_CCD0.0.25",1.91611245197973,-0.0441921008841962,-0.0532297136099944,-0.0418531166078542
2494,"long_v3_CCD0.0.25",1.86960016475938,0.00889402878743895,-0.0123594199568229,-0.166970163198639
2495,"long_v3_CCD0.0.25",2.04927856535577,-0.00854946634697125,0.0780942427010027,-0.0421789182335212
2496,"long_v3_CCD0.0.25",1.86892201793114,0.0073001977153084,0.0174719356096629,-0.0732374813037274
2497,"long_v3_CCD0.0.25",2.01557992618636,0.0519040493879712,0.0272930738066453,-0.0311924153825312
2498,"long_v3_CCD0.0.25",2.00730100213436,0.0542350962922518,0.010135725246169,-0.135365067242642
2499,"long_v3_CCD0.0.25",1.80506737161051,-0.00780988739384114,-0.0503554008026502,-0.00553701387918308
2500,"long_v3_CCD0.0.25",1.82844630258431,0.022852547890215,0.0352713099020579,-0.0976728621843845
2501,"long_v3_CCD0.0.25",1.85130345642209,0.0163438738144475,0.0140161534759202,-0.0864190311236428
2502,"long_v3_CCD0.0.25",1.9479360539858,-0.0178330786761767,-0.0131588103178815,-0.0779496688368361
2503,"long_v3_CCD0.0.25",2.27650355981847,-0.00859794341579554,-0.0168744832337087,-0.195391862283275
2504,"long_v3_CCD0.0.25",1.80824790550352,-0.00801118529953278,-0.0024920130453506,-0.003344152184302
2505,"long_v3_CCD0.0.25",1.99717376571861,0.0548335499700339,-0.0444407959435776,-0.114941108446232
2506,"long_v3_CCD0.0.25",1.93593865647421,0.0697419959497606,-0.017286651704428,-0.109687695197317
2507,"long_v3_CCD0.0.25",1.9401527959517,0.0576879236618916,-0.00278947041455721,-0.10023889212201
2508,"long_v3_CCD0.0.25",1.74042563667251,0.0503633924016651,0.0749023154855807,-0.143467178039233
2509,"long_v3_CCD0.0.25",2.18351593329439,0.0695649214577415,-0.0118723747179263,-0.0687546126677313
2510,"long_v3_CCD0.0.25",1.63740355513737,0.0172452627704573,0.0439454607224188,-0.0502525976519245
2511,"long_v3_CCD0.0.25",1.77257722961949,0.00371349687908263,0.0235021156241642,-0.0810815347795307
2512,"long_v3_CCD0.0.25",1.93004268367092,0.00666944939815604,0.0132044048852777,-0.120239051573234
2513,"long_v3_CCD0.0.25",1.70474850499446,0.0139683092426679,0.0130361639409107,-0.0697281585818558
2514,"long_v3_CCD0.0.25",2.12822632344582,-0.021198495281806,-0.0385949937143857,-0.164866135227645
2515,"long_v3_CCD0.0.25",1.97552088722157,-0.0155799162286787,0.0484037164498954,-0.0807948897644991
2516,"long_v3_CCD0.0.25",1.78361140571364,-0.0117936477731944,-0.00563232029598992,-0.0908697979046716
2517,"long_v3_CCD0.0.25",2.04193665411121,0.00585734147146073,0.0363738020453952,-0.0634958509228373
2518,"long_v3_CCD0.0.25",2.03137081688363,0.00500758008038901,0.0131554594084085,-0.144897795358818
2519,"long_v3_CCD0.0.25",1.90339965231597,0.0191768529694637,-0.051344490064753,-0.0558397619712137
2520,"long_v3_CCD0.0.25",1.9674327925468,-0.100315978639124,0.0648004693074096,-0.17359238333432
2521,"long_v3_CCD0.0.25",2.14065822575941,-0.00472631599344201,0.00829061339638444,-0.145950950102922
2522,"long_v3_CCD0.0.25",1.56319552417995,-0.0314258877440398,-0.0138282226127386,-0.128513077695422
2523,"long_v3_CCD0.0.25",1.91014873937965,0.0689286839985022,-0.0258300498831134,-0.176964861102883
2524,"long_v3_CCD0.0.25",1.81533708318898,0.017369301482018,-0.0480287060331965,-0.134229639702354
2525,"long_v3_CCD0.0.25",1.97445678735555,-0.0193350876146293,0.0279784898310045,-0.0898857929744676
2526,"long_v3_CCD0.0.25",1.70302829561173,0.00958404653612304,0.0955834815460504,-0.161077141696683
2527,"long_v3_CCD0.0.25",1.92426439838524,-0.0123110366002249,0.0193127425824752,-0.0970019251757478
2528,"long_v3_CCD0.0.25",1.79767873768087,-0.0140776433879167,-0.0806872551738236,-0.109749449760793
2529,"long_v3_CCD0.0.25",1.76045003624987,0.0811138607597627,0.0212743018157012,-0.0820784191257633
2530,"long_v3_CCD0.0.25",1.98229831139544,-0.0115457215163044,-0.0688796336991784,-0.0485390583613415
2531,"long_v3_CCD0.0.25",1.84879989118393,-0.0430689651265996,-0.0576980452491573,-0.0769484682640451
2532,"long_v3_CCD0.0.25",2.01216178258328,0.0602057348282031,0.0350066196900329,-0.126298103405607
2533,"long_v3_CCD0.0.25",1.48040509371447,-0.0166435534380056,0.0363125136862584,-0.0818363708810905
2534,"long_v3_CCD0.0.25",1.73986661872615,-0.00183067994237745,-0.0248968723555838,-0.115856791725908
2535,"long_v3_CCD0.0.25",1.11450113210331,0.0383325770982254,0.0776249151996382,-0.146097878901853
2536,"long_v3_CCD0.0.25",2.43952414275058,0.031110896373976,0.100494562115384,-0.130243191151171
2537,"long_v3_CCD0.0.25",1.9525833349236,0.029851284913692,0.0530945378728676,-0.0746087257400886
2538,"long_v3_CCD0.0.25",1.29904294554384,-0.0268623202761633,0.0113061498636288,-0.036256108835309
2539,"long_v3_CCD0.0.25",1.97966920109683,0.0318456931995814,0.0194594814927195,-0.0301373206614264
2540,"long_v3_CCD0.0.25",1.85580091358301,-0.014200933712392,0.0176450672268659,-0.0825789865492595
2541,"long_v3_CCD0.0.25",2.10028017747561,-0.00539015695134053,-0.0292971826905133,-0.130306400314578
2542,"long_v3_CCD0.0.25",2.35877718247124,-0.0175388148786967,-0.0571389717786151,-0.0827762144156409
2543,"long_v3_CCD0.0.25",2.09232861800884,0.0680940078226365,0.0808014579619456,-0.0191030041620698
2544,"long_v3_CCD0.0.25",1.8757213704617,-0.00495957132507614,0.0610329922281991,-0.123456122653424
2545,"long_v3_CCD0.0.25",1.83899178154869,0.0434180243562044,-0.0102850983471643,-0.177571808614215
2546,"long_v3_CCD0.0.25",2.04570919732739,0.00531989303078532,0.0886240455408702,-0.128191416865129
2547,"long_v3_CCD0.0.25",1.75427709012516,0.0197361139822348,0.0072987567067426,-0.110346245143723
2548,"long_v3_CCD0.0.25",1.9302152408969,0.0132661380346602,-0.0423856285167524,-0.0683227979857305
2549,"long_v3_CCD0.0.25",2.01890591095826,0.0745051403487855,-0.0142408042919124,-0.0922431190221656
2550,"long_v3_CCD0.0.25",1.7168725439518,0.0485244986876683,0.0232888746329884,-0.0797414166261901
2551,"long_v3_CCD0.0.25",1.95147029604799,0.00813715893429678,0.0183767009383613,0.00387857443853303
2552,"long_v3_CCD0.0.25",1.81120201939826,0.0155029984242597,-0.00752744495360297,-0.0591459245046893
2553,"long_v3_CCD0.0.25",1.73730009042386,-0.0241416437203024,-0.0310627865909626,-0.0943917080005972
2554,"long_v3_CCD0.0.25",1.95602095550527,0.0772258322756599,0.0522055381900108,-0.107226558715173
2555,"long_v3_CCD0.0.25",1.9915346127574,-0.03957218898829,0.055618261803142,-0.0385234591483574
2556,"long_v3_CCD0.0.25",2.00032390112262,0.00420795753668342,0.0227698403821799,-0.0421214898499916
2557,"long_v3_CCD0.0.25",1.98356477078589,0.00472229754333449,-0.023651381658529,-0.041408703902119
2558,"long_v3_CCD0.0.25",1.73528883531163,-0.0193456253144674,0.0622901360130346,-0.0637438257931824
2559,"long_v3_CCD0.0.25",1.92907320684054,0.0206270574701013,0.0226755605274233,-0.125611514341252
2560,"long_v3_CCD0.0.25",1.99864383385339,0.00218526918169464,0.027040856489889,-0.140794575474313
2561,"long_v3_CCD0.0.25",1.93749784159557,-0.0151603661166691,-0.00500852436040881,-0.0268902510730815
2562,"long_v3_CCD0.0.25",2.18908744646366,0.00475132873817488,0.0164329003646003,-0.16487122789985
2563,"long_v3_CCD0.0.25",2.21699211224724,0.0556699343611271,0.0451489231453755,-0.00387825224578225
2564,"long_v3_CCD0.0.25",2.03854008466982,-0.0263152927887125,0.0262181204311346,-0.0702782687760544
2565,"long_v3_CCD0.0.25",1.90309643546174,-0.00871666094574016,-0.0268736022946356,-0.142298367511134
2566,"long_v3_CCD0.0.25",2.05886650456258,-0.00589534452619377,0.0993592928788969,-0.0758201943484412
2567,"long_v3_CCD0.0.25",1.63816592808077,-0.0149131049487273,0.00830799778113656,-0.109627414218096
2568,"long_v3_CCD0.0.25",1.86695629209586,0.0155812813675875,0.112489102914293,-0.0942235924716994
2569,"long_v3_CCD0.0.25",1.79630990266137,-0.0304971869457334,-0.0315258757356756,-0.0721206507634911
2570,"long_v3_CCD0.0.25",1.65589768543917,0.0366152856095137,-0.0190959102121702,-0.0680667687299026
2571,"long_v3_CCD0.0.25",2.64780297511894,0.0103557488872656,0.113572596090822,-0.000941646350675374
2572,"long_v3_CCD0.0.25",1.82761924878668,0.00262937766632088,-0.0218354801866266,-0.021833366131323
2573,"long_v3_CCD0.0.25",1.94302248803088,-0.031618082550065,0.0069837973853183,-0.0414473309437627
2574,"long_v3_CCD0.0.25",2.3362227201525,0.0454760557759615,-0.00227544998404914,-0.0913698624971956
2575,"long_v3_CCD0.0.25",1.54260538112869,0.000375334322715417,0.0626047258517837,-0.0672125510259486
2576,"long_v3_CCD0.0.25",1.53961732111076,0.0627094928765959,-0.052395902612117,-0.0704250936737175
2577,"long_v3_CCD0.0.25",2.04617540669431,0.0734951660952031,0.0149598916409169,-0.0994269886437521
2578,"long_v3_CCD0.0.25",1.86637263173187,0.0135447888096247,0.0173230509130836,-0.0710143752539397
2579,"long_v3_CCD0.0.25",1.99706078250153,-0.0384786165075049,0.00674146659779035,-0.219892286474045
2580,"long_v3_CCD0.0.25",2.06821868469678,0.0158945953246997,0.070435005882408,-0.117020710856376
2581,"long_v3_CCD0.0.25",1.51432461179573,0.0612160476849847,-0.0327457857625633,-0.0594719736914975
2582,"long_v3_CCD0.0.25",1.77974331568492,0.0420982017288576,0.00768402784582688,-0.103266787661444
2583,"long_v3_CCD0.0.25",1.87230408011472,0.0204329065872233,0.0335362822640745,-0.122464094721301
2584,"long_v3_CCD0.0.25",1.86908263943844,-0.0116531739663075,0.0608133788650465,-0.115100863045829
2585,"long_v3_CCD0.0.25",1.90206185863024,-0.0529642595958156,0.0178730927975543,-0.11489141812372
2586,"long_v3_CCD0.0.25",1.50534925876115,0.0142155822052143,0.0637748791695558,-0.0489086714344413
2587,"long_v3_CCD0.0.25",1.76878114680369,0.0147832086868747,0.00200548412899774,-0.140777406279714
2588,"long_v3_CCD0.0.25",1.9426240520166,-0.0387398730773605,0.0541696197462648,-0.0566126598892504
2589,"long_v3_CCD0.0.25",1.77278941413853,-0.00285145558989277,-0.109774270175305,-0.0798603676275837
2590,"long_v3_CCD0.0.25",1.59341136827212,0.00830232388668197,0.112635583143092,-0.173651383252978
2591,"long_v3_CCD0.0.25",1.58557588182835,0.0532970242924756,-0.0332468963606768,-0.0642761504721392
2592,"long_v3_CCD0.0.25",1.94938707189387,0.0314167695478962,0.0958051764458516,-0.127722785269278
2593,"long_v3_CCD0.0.25",2.07008183360322,0.0374814293424468,0.0359514188127016,-0.161723826174638
2594,"long_v3_CCD0.0.25",1.75207236413999,0.00566908983161001,-0.000113952134235484,-0.0770083727477359
2595,"long_v3_CCD0.0.25",2.01081269097363,-0.011433928574465,0.00519710067268854,-0.05945299864647
2596,"long_v3_CCD0.0.25",1.63423013118523,0.0223088229818522,-0.0308083679264614,0.00573605861088937
2597,"long_v3_CCD0.0.25",1.87019839067071,0.0362461545288861,-0.0288105170068667,-0.132344983799937
2598,"long_v3_CCD0.0.25",1.90418715163325,-0.00921283283819851,0.0679150309600635,-0.173304749502984
2599,"long_v3_CCD0.0.25",2.14767512383431,0.0135815357607431,0.0211494151193751,-0.00549928865070779
2600,"long_v3_CCD0.0.25",1.87429429714161,0.04330783906675,-0.0076718094730417,-0.120865328604673
2601,"long_v3_CCD0.0.25",1.70377364618877,-0.0527042389062065,-0.0146704900385776,-0.0709974102300066
2602,"long_v3_CCD0.0.25",1.52614715338715,0.0170648377520111,-0.0423714980058229,-0.0566499451434716
2603,"long_v3_CCD0.0.25",2.04910265233642,-0.0062277315003187,0.0780510480860556,-0.0435856587971299
2604,"long_v3_CCD0.0.25",1.95828204764707,0.0779660371142236,0.0237228391596352,-0.130418762467279
2605,"long_v3_CCD0.0.25",2.1055460478199,-0.00753377577288861,0.0434780403755595,-0.0457844477559265
2606,"long_v3_CCD0.0.25",2.04599192802457,-0.00886342594034598,0.0677529362021196,-0.00299484325007055
2607,"long_v3_CCD0.0.25",1.63321988690726,0.00762274044595043,0.0444108091792775,-0.109621991408129
2608,"long_v3_CCD0.0.25",2.37858572235562,0.0846150323202982,0.0476007054625938,-0.182996057232766
2609,"long_v3_CCD0.0.25",1.86213314112928,-0.0393856555966494,0.0307059795865772,-0.154413150939814
2610,"long_v3_CCD0.0.25",1.97006080471824,0.0174970860100253,0.0280533196208802,-0.0912666212644056
2611,"long_v3_CCD0.0.25",1.75399254027237,0.0211374254624191,0.0206453538116935,-0.111733958618147
2612,"long_v3_CCD0.0.25",2.36427431531082,0.0208817376740592,0.022579468165787,-0.0217190818542022
2613,"long_v3_CCD0.0.25",1.95650977337901,0.0415953257187275,-0.00931515730280647,-0.0975044762610432
2614,"long_v3_CCD0.0.25",1.93728312550437,0.0366350196184132,-0.0246610802668696,-0.0277460158617599
2615,"long_v3_CCD0.0.25",2.3521552196605,0.0109398531140505,0.0676495085073011,-0.0850759298810576
2616,"long_v3_CCD0.0.25",2.01832326697274,0.00100251542671106,0.0240937775752251,-0.11082284463917
2617,"long_v3_CCD0.0.25",1.89806537596245,0.0406961671640102,0.0158075891238928,-0.0310838255940458
2618,"long_v3_CCD0.0.25",1.43052521343089,0.000485096781637766,0.0385993603015522,-0.113871357164726
2619,"long_v3_CCD0.0.25",1.73761815511879,0.0143212001060919,0.0923641963208066,-0.0261113165836327
2620,"long_v3_CCD0.0.25",1.80911676853693,-0.0567616462918827,0.109420959788422,-0.0436271180864683
2621,"long_v3_CCD0.0.25",2.0209862318559,0.0225542834058744,0.0993152064047523,-0.0555765375849449
2622,"long_v3_CCD0.0.25",2.15160552015426,0.0181452241258767,0.0533357101282799,-0.0509838929165328
2623,"long_v3_CCD0.0.25",1.9798497813732,0.0589832669801335,-0.0320728930321556,-0.116519316095379
2624,"long_v3_CCD0.0.25",2.10960992274483,-0.0265875109589422,0.0252458925327659,-0.00869302636872857
2625,"long_v3_CCD0.0.25",1.89878034263164,-0.0232289619084412,0.092321436711982,-0.0350375271046693
2626,"long_v3_CCD0.0.25",1.62482543311545,-0.000499389486435412,0.0245423741954357,-0.132019483688484
2627,"long_v3_CCD0.0.25",1.63480092161469,-0.0358528370574425,-0.0197832546122554,-0.0674236127986614
2628,"long_v3_CCD0.0.25",1.90278074274051,0.0212262326683234,-0.0503620383096798,-0.170459034614511
2629,"long_v3_CCD0.0.25",1.95798920666876,-0.0268557183576387,0.0266938872053606,-0.115838059356056
2630,"long_v3_CCD0.0.25",1.8679715637844,0.0331115045555676,0.0351141162819123,-0.0317314082558296
2631,"long_v3_CCD0.0.25",1.8453748014726,0.0904243328232602,0.0190375833020071,-0.0557939877138246
2632,"long_v3_CCD0.0.25",1.71990567730396,0.0233801844292926,0.00679751488372242,-0.0432887440638288
2633,"long_v3_CCD0.0.25",1.80593130808169,-0.0108012100036908,-0.019748277294881,-0.0981797639071544
2634,"long_v3_CCD0.0.25",2.00904531203598,-0.0244108841196504,0.0226791677462389,-0.183234851584165
2635,"long_v3_CCD0.0.25",1.91898417343331,0.0200127808689888,0.0325051311066664,-0.0624334051927131
2636,"long_v3_CCD0.0.25",2.00725004528425,-0.00338260567228031,0.0136919517478,-0.12134104232436
2637,"long_v3_CCD0.0.25",2.05107512604081,0.0800261461772046,0.0718884554312673,-0.0907594086860258
2638,"long_v3_CCD0.0.25",1.96209045052835,-0.00754711495476682,0.0298618632755231,-0.118120199217982
2639,"long_v3_CCD0.0.25",1.60659748052309,0.0469687618573438,0.0368152041133867,-0.0204502945641305
2640,"long_v3_CCD0.0.25",2.01393755820583,0.0166507815646872,0.0092594329202054,-0.0758176935064493
2641,"long_v3_CCD0.0.25",1.57436513759333,0.0980415615455828,0.0367228017658699,-0.0412530236503884
2642,"long_v3_CCD0.0.25",1.90329944013408,-0.0269360567223388,0.0225722776798331,-0.117762864634764
2643,"long_v3_CCD0.0.25",1.73975898365405,0.0457345792319619,0.0440987277912994,-0.0861672634655774
2644,"long_v3_CCD0.0.25",1.72238339542783,0.00295262202709281,-0.102069120964504,-0.124277602210304
2645,"long_v3_CCD0.0.25",1.66306090011479,0.0440780775506026,0.0220401554308671,-0.150544788474955
2646,"long_v3_CCD0.0.25",2.08990268371549,0.000893294422640185,0.00224983163609745,-0.0420802971249006
2647,"long_v3_CCD0.0.25",1.85649313675253,0.00283642556767834,0.00721612717939172,-0.0648588815396058
2648,"long_v3_CCD0.0.25",1.60313037177663,0.00705545901989505,-0.0272186757679288,-0.0960003697177599
2649,"long_v3_CCD0.0.25",1.78187688985084,0.0466744383983312,0.0345624416993663,-0.104369385947774
2650,"long_v3_CCD0.0.25",1.50913996039625,-0.0399055166010346,0.0153433203842061,-0.0713810936272614
2651,"long_v3_CCD0.0.25",2.00441390178624,0.0218549559238887,0.0283867789413713,-0.106025549640509
2652,"long_v3_CCD0.0.25",1.78832651118569,-0.0190838901076622,0.0581412215585085,-0.0349980712114905
2653,"long_v3_CCD0.0.25",2.00407098268215,0.00757080055905636,0.0908711784821307,-0.114081713037286
2654,"long_v3_CCD0.0.25",1.87125330744552,0.00220945550271399,0.0408945431322543,-0.0442897323571835
2655,"long_v3_CCD0.0.25",1.92767145350309,0.0254066315148508,-0.0270840391106153,-0.0728534548019734
2656,"long_v3_CCD0.0.25",1.72925992325705,0.00242095590451038,-0.0403629867064675,-0.0481457848655133
2657,"long_v3_CCD0.0.25",2.13511871195781,0.061452629761414,0.0180251901611948,0.0159535744909586
2658,"long_v3_CCD0.0.25",2.06617410607958,-0.0527936514585172,0.0659704620845888,-0.128501343500364
2659,"long_v3_CCD0.0.25",1.57415536643748,0.0728563475510977,0.0320283833044911,-0.0667375194599641
2660,"long_v3_CCD0.0.25",1.72683908258247,-0.0197794542712206,-0.024132948286776,-0.0969268431815563
2661,"long_v3_CCD0.0.25",1.84903442508589,0.0746028659336853,0.0394995817033103,-0.141759282517369
2662,"long_v3_CCD0.0.25",2.06553907126635,0.00971847473761098,0.0989068247702483,-0.112230643254188
2663,"long_v3_CCD0.0.25",1.43403316998426,0.0302647790014481,0.069492309118757,-0.0774502210555041
2664,"long_v3_CCD0.0.25",1.64646830266582,0.0596377858257732,0.0253396385603251,-0.0641241484574158
2665,"long_v3_CCD0.0.25",1.79764932806997,0.0400100997345713,-0.0319939769016821,-0.115849844555839
2666,"long_v3_CCD0.0.25",1.4774289308593,0.0455994631140619,0.0242759400091494,-0.0419094827050737
2667,"long_v3_CCD0.0.25",1.83093125259825,0.071850563217624,0.0162843377600285,-0.041029542911135
2668,"long_v3_CCD0.0.25",1.941398055382,0.0611435000312946,0.0662584009526437,-0.0645157639490821
2669,"long_v3_CCD0.0.25",1.91643271697602,-0.0168314169716666,-0.000265404412640571,-0.120732117720727
2670,"long_v3_CCD0.0.25",2.07905538335814,-0.00170792576083205,0.0197723270661602,-0.100052613484093
2671,"long_v3_CCD0.0.25",1.75331302800187,-0.0170573446683395,-0.0150363161979544,-0.121428281977155
2672,"long_v3_CCD0.0.25",1.89769778067773,-0.0125628799284357,0.0581680145316923,-0.132652475835452
2673,"long_v3_CCD0.0.25",1.76925452452017,-0.0378381991512782,0.0100048122457203,-0.10248354849506
2674,"long_v3_CCD0.0.25",1.53200032341086,0.0308735173153462,0.00834521816849446,-0.0935921040218856
2675,"long_v3_CCD0.0.25",1.84666537954721,-0.00773564331221397,0.065690325746935,-0.104053071380037
2676,"long_v3_CCD0.0.25",1.7895629990145,-0.0176774981622711,0.0936442377822754,-0.0748841939434081
2677,"long_v3_CCD0.0.25",1.97364952676283,-0.00730815262848447,0.00670029180719854,-0.112670926311358
2678,"long_v3_CCD0.0.25",2.26246288158922,0.020322420751951,0.0279556960950777,-0.0578685772554794
2679,"long_v3_CCD0.0.25",1.91850105416102,-0.0283929844441548,0.0157439339906021,-0.0861110888924143
2680,"long_v3_CCD0.0.25",1.78923380909611,-0.0279202088700728,0.0577929783698087,-0.120005569343329
2681,"long_v3_CCD0.0.25",1.93176058032679,-0.0387331611073717,0.0409367605947928,-0.0869056330366035
2682,"long_v3_CCD0.0.25",1.76348965211117,-0.0426211219129468,0.0450642270197411,-0.0560817042892938
2683,"long_v3_CCD0.0.25",1.67358107668291,0.0256665396625476,0.0164844509805956,-0.119588623430115
2684,"long_v3_CCD0.0.25",1.55397094738881,-0.0134444736660194,0.0788512938238595,-0.0658921980695763
2685,"long_v3_CCD0.0.25",2.09369934794422,-0.00770166379780521,-0.0295878265011581,-0.125672689810117
2686,"long_v3_CCD0.0.25",1.82389315041524,-0.0402889952875208,0.0496076971434024,-0.100060915849779
2687,"long_v3_CCD0.0.25",2.0444684925417,0.0644852609217022,0.102501873986812,-0.00859452768443561
2688,"long_v3_CCD0.0.25",1.73221053014295,-0.00273715781134606,0.0494298236497065,-0.114767199844227
2689,"long_v3_CCD0.0.25",1.74220299587896,-0.014958940781413,0.0311649954366668,-0.119087240880823
2690,"long_v3_CCD0.0.25",1.75114962335953,0.00326838880262901,-0.0352181320720556,-0.0887662318156653
2691,"long_v3_CCD0.0.25",1.98197913073717,0.00562503709797015,0.107564367534954,-0.0669532878509351
2692,"long_v3_CCD0.0.25",1.04193540274013,0.0152774954861247,0.0509433613996384,-0.0500618730497394
2693,"long_v3_CCD0.0.25",1.80353272974871,0.0514588395431028,0.0600209617014195,-0.207375451555776
2694,"long_v3_CCD0.0.25",2.25884537593057,-0.0284565672667042,0.0193023414709555,-0.0750459435573983
2695,"long_v3_CCD0.0.25",1.63128547432543,0.0198194962779696,0.0394721544338616,-0.00431228349703554
2696,"long_v3_CCD0.0.25",2.00511220744659,-0.0093094144178884,-0.0155510541222682,-0.0956441882622945
2697,"long_v3_CCD0.0.25",2.03704136464183,0.084153922825911,-0.0330591381124574,-0.160953674791763
2698,"long_v3_CCD0.0.25",2.21650489140738,0.0409943974441898,0.0194276282605142,-0.115722288237758
2699,"long_v3_CCD0.0.25",2.41778154985629,0.0940594623567926,0.0926055891270185,-0.190321035701843
2700,"long_v3_CCD0.0.25",1.90426887919018,-0.0102101109275661,0.0694442666474448,-0.0870629365978242
2701,"long_v3_CCD0.0.25",2.11160059667078,-0.00190140145722028,-0.00522947913443668,-0.127146034936971
2702,"long_v3_CCD0.0.25",1.82543189056993,-0.0932841538059128,0.0429003634093855,-0.0899953946887263
2703,"long_v3_CCD0.0.25",2.06527175482309,-0.00967502894771509,0.00604746384210776,-0.152582892722877
2704,"long_v3_CCD0.0.25",2.29043832689413,0.0384215295799104,0.0202403118895958,-0.0851339738344429
2705,"long_v3_CCD0.0.25",1.83038458261766,0.00302435184563722,0.0495403206193,-0.0184028459400248
2706,"long_v3_CCD0.0.25",1.70171879926637,-0.0240160951630983,0.0489729659537392,-0.0757202140529289
2707,"long_v3_CCD0.0.25",1.88036506254915,-0.00811882540812485,0.0323964874720471,-0.0934553960291281
2708,"long_v3_CCD0.0.25",1.98237785071288,-0.00423691656496965,0.0168432630897792,-0.0878673852410721
2709,"long_v3_CCD0.0.25",1.63743714512641,-0.0358372460526659,0.0193411485563974,-0.0737468486575508
2710,"long_v3_CCD0.0.25",1.69098301449945,0.0277618005245862,-0.0812330038331605,-0.0903074765444539
2711,"long_v3_CCD0.0.25",2.14469725261625,0.0725319027198154,0.0624152413392025,-0.084804235152675
2712,"long_v3_CCD0.0.25",1.65308873996829,-0.0284631663443214,0.0234522108121838,-0.0312387098501755
2713,"long_v3_CCD0.0.25",1.88946157964999,0.0270154236520295,-0.0138747847155093,-0.023617067369935
2714,"long_v3_CCD0.0.25",1.57278915609501,0.034467800393007,-0.00472887101495527,-0.125590667830353
2715,"long_v3_CCD0.0.25",1.14824539790754,0.0460801392365311,0.0400059603999484,-0.102634936105566
2716,"long_v3_CCD0.0.25",1.86255177926699,-0.0053987399523954,0.0153608919467916,-0.0100477089934776
2717,"long_v3_CCD0.0.25",1.61461289448757,0.0798254632067798,0.0314874540905976,-0.0584742221814028
2718,"long_v3_CCD0.0.25",2.01134472717354,-0.00348124022894576,-0.0373976394066,-0.107522669629949
2719,"long_v3_CCD0.0.25",2.10897784359129,0.0348916129029061,-0.0364570212870543,-0.0267408519902984
2720,"long_v3_CCD0.0.25",1.82621384817277,-0.0282354017815847,-0.00398091764761626,-0.0787107841035417
2721,"long_v3_CCD0.0.25",1.97768658542287,0.0169173780924746,0.0724788113208066,-0.0493229354188622
2722,"long_v3_CCD0.0.25",1.6260165116081,0.0453486283882554,0.0800814073045511,-0.0977369683280707
2723,"long_v3_CCD0.0.25",2.15517275633796,-0.00219194504468641,0.00537353374788978,-0.132430197361457
2724,"long_v3_CCD0.0.25",1.67120783956697,-0.00286972201420132,0.0258762314608329,-0.0515383004103095
2725,"long_v3_CCD0.0.25",1.78843430308915,0.0106211305838893,-0.0189371877740517,-0.0555090647318865
2726,"long_v3_CCD0.0.25",2.02368658532661,-0.014198530252374,-0.0105073975667957,-0.140865688193678
2727,"long_v3_CCD0.0.25",1.24616141705914,0.0257280780379608,-0.00726858273297542,-0.0893596550445408
2728,"long_v3_CCD0.0.25",2.14470208801682,-0.0163374654952622,0.0502229419233949,-0.0897764362636592
2729,"long_v3_CCD0.0.25",1.74881180908479,0.00400807625055567,0.050243887588925,-0.0735401143159553
2730,"long_v3_CCD0.0.25",1.89819614822436,-0.00923046287318205,0.0445722550361003,-0.138864616585017
2731,"long_v3_CCD0.0.25",1.88105172273563,-0.0847268664001859,-0.0196307794203008,-0.117329952346514
2732,"long_v3_CCD0.0.25",1.91367956673476,0.0297663108674073,-0.00151297514730526,-0.0676593409331709
2733,"long_v3_CCD0.0.25",1.93106707301407,0.0811793201736352,0.0525800881107078,-0.150561625064399
2734,"long_v3_CCD0.0.25",1.89226474142896,0.0490380952557961,-0.0307600129708532,-0.101097944915168
2735,"long_v3_CCD0.0.25",1.76638017153482,0.0186323466039435,0.0295898611370632,-0.0929032695879284
2736,"long_v3_CCD0.0.25",2.13339402217954,0.00593261617476787,0.0438043865835526,-0.0711162422707179
2737,"long_v3_CCD0.0.25",2.03384899489022,-0.0083510145318778,0.0297981992457569,-0.0508411318291195
2738,"long_v3_CCD0.0.25",1.81785965277146,-0.00552876690549365,0.00206524473234418,-0.0485836415022036
2739,"long_v3_CCD0.0.25",1.46744892264251,-0.0140478512906959,-0.0104820662768738,-0.128706323506354
2740,"long_v3_CCD0.0.25",2.05582019322954,0.0267158725853757,0.0529076035642203,-0.0437722498530081
2741,"long_v3_CCD0.0.25",1.95132743003475,-0.0227080575544499,-0.00679915420120352,-0.0735264126069866
2742,"long_v3_CCD0.0.25",1.77093418627559,-0.0269766946686741,-0.0203156900053062,-0.126788353867567
2743,"long_v3_CCD0.0.25",2.00555781596233,-0.0444001886666164,-0.0209301124912995,-0.0588718042904566
2744,"long_v3_CCD0.0.25",1.70848582852863,-0.0333940367997166,0.0432521024146522,-0.0664167419253546
2745,"long_v3_CCD0.0.25",1.992511579833,0.0521382211230414,-0.045258857677463,-0.101740833209514
2746,"long_v3_CCD0.0.25",1.46123076031739,-0.0254458134199173,-0.0109317555838778,-0.0288353652874911
2747,"long_v3_CCD0.0.25",1.90809882518051,-0.0473907563310248,0.0468891624138813,-0.0896805406808254
2748,"long_v3_CCD0.0.25",1.72204233072194,-0.0239629736479494,-0.0274518312902285,-0.098439026070202
2749,"long_v3_CCD0.0.25",1.8961079213469,0.0188547008080219,-0.00655374408637507,-0.126865172147616
2750,"long_v3_CCD0.0.25",1.86125827145075,0.010515457875907,-0.0120731965196826,-0.10070183055537
2751,"long_v3_CCD0.0.25",2.0054256184792,0.00161233237800451,0.00210444459392241,-0.101389505711823
2752,"long_v3_CCD0.0.25",1.71295517241618,-0.00837571427231816,-0.0365479851815792,0.00965886229113794
2753,"long_v3_CCD0.0.25",1.82535664931124,0.0224204794643917,-0.0307443705709963,-0.136511683929922
2754,"long_v3_CCD0.0.25",1.91335316467151,-0.031337829107144,0.0106345409338122,-0.0532801803263629
2755,"long_v3_CCD0.0.25",1.86710588120646,-0.0215361876485843,-0.0144931417523094,-0.151905628242768
2756,"long_v3_CCD0.0.25",1.9428822392657,0.0426324244520103,-0.0379232925662329,-0.172837081365012
2757,"long_v3_CCD0.0.25",1.81633660385172,0.0519193022682625,0.0538587749451662,-0.08497458192573
2758,"long_v3_CCD0.0.25",1.95272892238128,0.0100725997634363,0.0460074050007252,-0.105112073169491
2759,"long_v3_CCD0.0.25",2.02001308930585,0.0499721540112367,0.0476171375481164,-0.100404062280017
2760,"long_v3_CCD0.0.25",1.90619520594322,0.0559977950242087,0.0159924030755036,-0.066626642472973
2761,"long_v3_CCD0.0.25",1.97002757259174,0.00797975502996158,-0.0726478924309585,-0.0833506527325504
2762,"long_v3_CCD0.0.25",2.46450502798904,-0.0257917880977886,0.0594893851537955,-0.0925578299804944
2763,"long_v3_CCD0.0.25",2.00519163804274,-0.0179086205907095,0.00400681576052768,-0.115401120768611
2764,"long_v3_CCD0.0.25",1.74214983332836,-0.0355645030152006,-0.0165067364437146,-0.0117466425969049
2765,"long_v3_CCD0.0.25",1.92994315218379,-0.00965653170424762,-0.0219036504396133,-0.107824247125899
2766,"long_v3_CCD0.0.25",1.31910466665165,0.0230947689752542,0.04239874283352,-0.0274164829353457
2767,"long_v3_CCD0.0.25",1.94384942451658,0.0553903072747285,-0.0168832143517399,-0.0866328268335124
2768,"long_v3_CCD0.0.25",2.20671139638764,-0.0319773341490349,-0.00880603208602232,-0.0804395433528377
2769,"long_v3_CCD0.0.25",1.85267259045099,-0.0785242262296289,0.00921101270762852,-0.116901546853239
2770,"long_v3_CCD0.0.25",1.82676141298062,0.000435578929020658,0.0599766851853846,-0.0458892529064718
2771,"long_v3_CCD0.0.25",1.88471497930129,-0.0119524382454359,-0.0147236652797293,-0.046590767934012
2772,"long_v3_CCD0.0.25",1.78454862744589,0.0370345649959137,0.00752824093855986,-0.0386729745986026
2773,"long_v3_CCD0.0.25",1.91037919013466,0.0102739492102219,0.0452903203237081,-0.0178678488954281
2774,"long_v3_CCD0.0.25",1.98100216127716,-0.0355124616143393,0.00996497563965296,-0.123497109769188
2775,"long_v3_CCD0.0.25",1.98397902886024,0.0461085008682221,0.0182655436027313,-0.0764202128548737
2776,"long_v3_CCD0.0.25",2.04362653497471,0.0182790520018897,0.0189294462238776,-0.0800214718340168
2777,"long_v3_CCD0.0.25",1.38671639695589,0.0335944601093039,-0.0306240294100574,-0.00574640225565536
2778,"long_v3_CCD0.0.25",1.59578036556716,0.0293599326929607,0.0709179849921338,-0.118195240791891
2779,"long_v3_CCD0.0.25",1.81968762709818,0.0780782286231033,0.0742003540454002,0.00902192336873889
2780,"long_v3_CCD0.0.25",1.88746274722819,0.0476592567121312,0.00150744980890472,-0.187507057535145
2781,"long_v3_CCD0.0.25",1.95557767711487,0.0733941941209444,0.00634644406726537,-0.0836910915639482
2782,"long_v3_CCD0.0.25",1.499981610467,-0.000645436822616368,-0.0341535682896165,-0.115870529476366
2783,"long_v3_CCD0.0.25",1.80427264297598,0.0200303376915021,-0.026196157779228,-0.0680693369257077
2784,"long_v3_CCD0.0.25",1.92712018232912,0.0288058173779438,0.0535323068192049,0.0172614579268953
2785,"long_v3_CCD0.0.25",2.17313352748363,0.0129273767725996,-0.0173513752766745,-0.105526371409967
2786,"long_v3_CCD0.0.25",2.12244151010279,-0.0527337523132524,-0.0245496568647397,-0.0930985338576763
2787,"long_v3_CCD0.0.25",1.89169855967348,0.00496196465345828,0.11822177523844,-0.0695944681348647
2788,"long_v3_CCD0.0.25",1.81822164380905,0.0105614155009818,0.00752843043491032,-0.0658987179792158
2789,"long_v3_CCD0.0.25",1.83647706576606,0.0161677331837187,0.0210517532769017,-0.144017109473569
2790,"long_v3_CCD0.0.25",1.87499090180676,0.0317402733727211,0.0798676842770106,-0.166101191725995
2791,"long_v3_CCD0.0.25",2.08214017188975,0.0632762852445542,-0.00747241274248555,-0.0828702757520047
2792,"long_v3_CCD0.0.25",2.00429206014226,0.018388392033347,0.0863102629479127,-0.112611595065542
2793,"long_v3_CCD0.0.25",1.64899919900819,-0.056855479579179,0.00106780146703415,-0.0348363303875363
2794,"long_v3_CCD0.0.25",1.46537657144935,0.0437969430940172,-0.0638062420094514,-0.0150306901336893
2795,"long_v3_CCD0.0.25",1.65358116799274,0.0014921697936396,0.0502459040080295,-0.0386223475719989
2796,"long_v3_CCD0.0.25",1.62047657713186,0.00470072820287751,-0.0141639894615505,-0.101749254188112
2797,"long_v3_CCD0.0.25",2.03722873009013,-0.0175912513751303,0.0316936414619789,0.0246698891203638
2798,"long_v3_CCD0.0.25",1.73630842054149,0.0504784491512216,0.0119742214804916,-0.0206081083360558
2799,"long_v3_CCD0.0.25",1.81898045324746,-0.027456447994573,-0.00548964331059891,-0.0387703671108903
2800,"long_v3_CCD0.0.25",1.87909792572868,-0.0152347910995017,0.0158243551576354,-0.138034242081979
2801,"long_v3_CCD0.0.25",1.81424414354286,0.031116450688099,0.0520936264613273,-0.111857253103957
2802,"long_v3_CCD0.0.25",1.77845862289773,0.0297298193911957,0.0216748477008424,-0.0655866595020146
2803,"long_v3_CCD0.0.25",1.76319100950251,-0.0345879269348055,0.0172663992045559,-0.0503546940498877
2804,"long_v3_CCD0.0.25",1.88323016469625,-0.0235826507152206,0.0516870192221218,-0.067159165746171
2805,"long_v3_CCD0.0.25",2.15913930044858,-0.0725880283346149,0.0182705685530613,-0.0921286576813273
2806,"long_v3_CCD0.0.25",2.13320552602576,0.0355517517796564,0.0550139393276372,-0.0670779899822561
2807,"long_v3_CCD0.0.25",1.74512223389624,0.00312299452218161,0.0116258027467049,-0.119792637449499
2808,"long_v3_CCD0.0.25",2.09771108732808,0.0622025060261208,0.0316655411630011,-0.0614597902649864
2809,"long_v3_CCD0.0.25",1.51447322484313,-0.00675903569058002,0.0259106231739635,-0.03298105546224
2810,"long_v3_CCD0.0.25",1.87805851514135,-0.00327938569780426,0.00995264575165941,-0.0238107612301191
2811,"long_v3_CCD0.0.25",1.74941047340891,0.0138215190356338,0.00486629071540405,-0.0693141078225039
2812,"long_v3_CCD0.0.25",1.90042090522461,0.00817631516213689,0.0215512549718402,-0.0863485212046076
2813,"long_v3_CCD0.0.25",1.83315989194687,-0.0234044857935921,-0.00765467472575301,-0.0716840702900172
2814,"long_v3_CCD0.0.25",1.5932485315156,-0.0117749859821118,-0.0193447482246914,-0.103793014434208
2815,"long_v3_CCD0.0.25",2.10615032900454,-0.0584389964111149,0.103087473604606,-0.0406310291968917
2816,"long_v3_CCD0.0.25",1.45284167824976,-0.0244811810833586,0.0367326897772768,0.0172367651322166
2817,"long_v3_CCD0.0.25",1.69462405403897,-0.0359702245302545,0.0571321003222844,-0.161632434648108
2818,"long_v3_CCD0.0.25",2.09326603351471,0.0743098483871705,0.000804549841701897,-0.0599395831053394
2819,"long_v3_CCD0.0.25",1.82869299622809,0.0438605719326172,0.0651952136928223,-0.106616900474649
2820,"long_v3_CCD0.0.25",2.03941119188908,-0.0226726921356217,0.0174441979465338,-0.0432735660250616
2821,"long_v3_CCD0.0.25",1.57567383965024,0.0446757135900844,-0.0290696061933731,-0.00884797096189123
2822,"long_v3_CCD0.0.25",2.2150102422319,0.0195595813951667,0.0949878427522362,-0.0943436259266621
2823,"long_v3_CCD0.0.25",2.06838818095527,-0.0077128293184332,0.0166025944003175,-0.0176658155590771
2824,"long_v3_CCD0.0.25",2.10617567681519,0.0214928863684614,0.00525500324128148,-0.0831955838534481
2825,"long_v3_CCD0.0.25",2.22866457120997,-0.0100162525582275,0.0399348899978704,-0.0981597143071094
2826,"long_v3_CCD0.0.25",1.82683366719074,-0.041994413902792,-0.0296653133333103,-0.0790259040117452
2827,"long_v3_CCD0.0.25",1.80819487368201,0.00376242958773641,0.0126504094943129,-0.126829002602808
2828,"long_v3_CCD0.0.25",1.616998954579,0.0278240468646414,0.0896981128502,-0.0743294157188456
2829,"long_v3_CCD0.0.25",2.18852916005096,-0.0298726690218643,0.0629725835653618,-0.132663419728327
2830,"long_v3_CCD0.0.25",1.90017635963421,0.058598465356582,-0.00376613791440555,-0.133957922263849
2831,"long_v3_CCD0.0.25",1.88280527319728,0.040994622255203,0.0908689209501185,-0.0865030536338315
2832,"long_v3_CCD0.0.25",2.1102667552272,0.0172771080278736,0.0513741877353767,-0.0969414453193032
2833,"long_v3_CCD0.0.25",1.87432438209591,0.0591517584061758,0.00189848506051829,-0.143912597022624
2834,"long_v3_CCD0.0.25",1.86329992430967,0.0260620177902179,0.0126853585298058,-0.0614127194020967
2835,"long_v3_CCD0.0.25",1.33469660037871,-0.00980795772969176,0.00481716623877592,-0.0101430560963692
2836,"long_v3_CCD0.0.25",1.84851741735699,0.0626252783815019,0.0304754282208163,0.0517272669843817
2837,"long_v3_CCD0.0.25",1.64622106150911,-0.0409443830315984,0.00610574714484281,-0.0408782900077098
2838,"long_v3_CCD0.0.25",2.02017006072537,-0.0199523335320798,0.0481339595602273,-0.0956695173509265
2839,"long_v3_CCD0.0.25",1.84613166902837,0.0233106255308947,0.00534945503339821,-0.0346927953558537
2840,"long_v3_CCD0.0.25",2.10173396740536,-0.0387066493275497,-0.00054275048718835,-0.0854988249009346
2841,"long_v3_CCD0.0.25",1.74493009740891,0.0176124878691852,0.0107362643834846,-0.0523195565829832
2842,"long_v3_CCD0.0.25",1.87794638633729,0.0239168681310261,0.000864132380778752,-0.142401286889516
2843,"long_v3_CCD0.0.25",2.22509067359643,0.0610703849204754,0.0660630701971565,-0.156101607648988
2844,"long_v3_CCD0.0.25",1.97238527411931,-0.0305987575831474,0.0115268181280153,-0.105013893488961
2845,"long_v3_CCD0.0.25",1.62216904617877,-0.0100047633763302,0.0395093825884051,-0.0652117196149578
2846,"long_v3_CCD0.0.25",1.91255654194986,0.0272126080018726,-0.0142552644618017,-0.12944198911831
2847,"long_v3_CCD0.0.25",1.83788545357557,0.0717536927916122,0.00547803709327525,-0.144165059064266
2848,"long_v3_CCD0.0.25",1.84696205727521,0.000555082461567985,0.00385420057325455,-0.059521949010953
2849,"long_v3_CCD0.0.25",2.21659737959926,0.0595528199710289,-0.004225840707063,-0.0629901148251652
2850,"long_v3_CCD0.0.25",1.80902067175798,-0.00668460642343712,0.0305998656472467,-0.0301500428167854
2851,"long_v3_CCD0.0.25",1.8493754485734,0.0327974300974286,0.0560525464117804,-0.10489304614366
2852,"long_v3_CCD0.0.25",1.60063968098941,0.0192474746676318,0.0956779846849851,-0.0728103940156696
2853,"long_v3_CCD0.0.25",1.74705125434316,-0.0267595982096644,0.0460061155482534,-0.0912942009532363
2854,"long_v3_CCD0.0.25",1.56340323462668,-0.00281029745611286,0.0141197399790257,-0.0503851748491695
2855,"long_v3_CCD0.0.25",1.83503119823878,0.0497254863160441,-0.0146461816709041,-0.000710721759384459
2856,"long_v3_CCD0.0.25",1.13267258065244,-0.0024118285967324,0.0631418681057678,-0.0620585397230888
2857,"long_v3_CCD0.0.25",1.86433674618018,0.0518383491480446,0.0465166591061428,-0.0490048520895298
2858,"long_v3_CCD0.0.25",1.69078803365991,-0.0350389184195153,0.101755682801331,-0.0417937235600804
2859,"long_v3_CCD0.0.25",1.96066812754645,-0.000537279033871286,-0.0189062141167604,-0.0837375346465402
2860,"long_v3_CCD0.0.25",1.90653743068778,0.0785168478507963,0.0306767914919881,-0.0877294487722504
2861,"long_v3_CCD0.0.25",1.74300094225826,-0.031165711681755,0.039821920033873,-0.115629702802342
2862,"long_v3_CCD0.0.25",2.05765586753494,-0.00469696976419923,-0.00318168158435333,-0.146876608515337
2863,"long_v3_CCD0.0.25",1.80940388052497,0.0148259103055879,-0.0205117002062349,-0.0139364035250063
2864,"long_v3_CCD0.0.25",1.40332718187424,-0.0370794651962559,0.0020703602219526,-0.186024476613779
2865,"long_v3_CCD0.0.25",1.8644916858972,-0.0121961832870731,-0.0260521562558451,-0.0778316820127901
2866,"long_v3_CCD0.0.25",1.79062968221662,0.0099004913954032,0.028229685494747,-0.049722924635667
2867,"long_v3_CCD0.0.25",1.92822390650957,0.0397191455823772,-0.0476938884222844,-0.0290768777131573
2868,"long_v3_CCD0.0.25",2.1031747242219,0.0626884387331444,-0.0194091959488097,-0.213130899697585
2869,"long_v3_CCD0.0.25",2.06381172833859,0.0159575536083447,0.0625481247579879,-0.0559064407450554
2870,"long_v3_CCD0.0.25",2.00877410048483,-0.0176727583923824,0.0768857656672578,-0.0725870377100711
2871,"long_v3_CCD0.0.25",1.87355968741098,-0.0106485119520964,0.0316098661455601,-0.0626247590127529
2872,"long_v3_CCD0.0.25",1.65263094457007,0.0391242132744221,0.042738990237169,-0.0827666126188747
2873,"long_v3_CCD0.0.25",2.00508300796721,0.0385137927118084,0.00507922069689391,-0.0707322125892961
2874,"long_v3_CCD0.0.25",2.23674434809187,0.0551268991850506,0.0229546590824234,-0.12262952625819
2875,"long_v3_CCD0.0.25",1.47584449260001,-0.0206468173266005,0.0395982320954294,-0.069911323361602
2876,"long_v3_CCD0.0.25",2.04938293700804,0.0255237686101425,0.0172180804831564,-0.0291976787090387
2877,"long_v3_CCD0.0.25",1.75904316383802,-0.0224757575645326,0.0151693939732345,-0.101417303662723
2878,"long_v3_CCD0.0.25",1.85224736408922,0.0135742980043722,0.0159040054353531,-0.0596532485473149
2879,"long_v3_CCD0.0.25",1.83295917462842,0.0557346170232401,0.0356056818821284,-0.0105338184832804
2880,"long_v3_CCD0.0.25",1.95113919751661,0.0439755340409272,0.00423776783098703,-0.0594925961803059
2881,"long_v3_CCD0.0.25",2.05362333154482,0.00961885449451689,0.0591099671847455,-0.13056368910437
2882,"long_v3_CCD0.0.25",1.82091067957214,0.0107701076822309,0.0608501033183483,-0.0897895330677752
2883,"long_v3_CCD0.0.25",1.81284669865577,0.00851442405585419,-0.00537919367005274,-0.0669442519405787
2884,"long_v3_CCD0.0.25",1.94063706143434,-0.00939462576149437,0.0795895168209655,-0.132366297191733
2885,"long_v3_CCD0.0.25",2.04340249955432,0.0196471311009729,0.00121108850599033,-0.118899498735604
2886,"long_v3_CCD0.0.25",1.66428761443109,0.0060623887078898,0.00218544397665003,0.00774224475455566
2887,"long_v3_CCD0.0.25",1.97298438290358,0.0460931898732321,0.027100629533856,-0.125501936416059
2888,"long_v3_CCD0.0.25",2.16278772815011,0.0140382052564159,-0.0382664589865816,-0.12878777868951
2889,"long_v3_CCD0.0.25",1.92025997955417,0.030416130516919,-0.0574432998447543,0.0123128747870927
2890,"long_v3_CCD0.0.25",1.12903817668038,0.00273575500055066,0.0834144400935536,-0.0824913305143045
2891,"long_v3_CCD0.0.25",1.85772164659133,-0.0185750445955504,0.0446129415692397,-0.0314484205694548
2892,"long_v3_CCD0.0.25",1.91431644283244,-0.00360101762437146,0.0403886828774417,-0.135588495495799
2893,"long_v3_CCD0.0.25",2.01221506869618,-0.0244032595525541,0.0169456092654641,-0.125216358743809
2894,"long_v3_CCD0.0.25",1.62731575700867,-0.0187706398227807,0.0593518426654459,-0.0896435634152796
2895,"long_v3_CCD0.0.25",2.27291324480852,-0.0133696283017416,0.0160354797145676,-0.151110019505522
2896,"long_v3_CCD0.0.25",1.7830964942381,-0.0191100666445303,0.0295044902417381,-0.059773840020149
2897,"long_v3_CCD0.0.25",1.90690853147309,0.0263305179199034,-0.0618698616415597,-0.129171844864121
2898,"long_v3_CCD0.0.25",2.01302139878934,0.0224159034570364,0.0157276354792341,-0.0512881074481155
2899,"long_v3_CCD0.0.25",2.23643708057803,-0.0192809694949377,-0.0179647031304085,-0.177931285615288
2900,"long_v3_CCD0.0.25",2.10483594762066,-0.0191935876930905,-0.0203600737182704,-0.0766705184586656
2901,"long_v3_CCD0.0.25",2.0208621769256,0.0235428898137766,0.00840059522238948,-0.151855799206309
2902,"long_v3_CCD0.0.25",1.75554374748526,0.0213946888000022,-0.00395171431329988,0.0213559940637769
2903,"long_v3_CCD0.0.25",2.20850218667741,-0.0432049663801372,0.0331754369017009,-0.026450471746562
2904,"long_v3_CCD0.0.25",1.94399619943421,0.00541841914809572,-0.00616463747539989,0.00382388053751618
2905,"long_v3_CCD0.0.25",2.14464534849758,0.0306850028923958,0.0319227373418202,-0.0890389669905413
2906,"long_v3_CCD0.0.25",2.08961886100472,-0.013650362805438,0.0310632940386145,-0.100706356095844
2907,"long_v3_CCD0.0.25",1.83275151207172,0.0420448833378761,0.0364678412686651,-0.110464211698095
2908,"long_v3_CCD0.0.25",2.06977747018031,-0.0056709541737663,0.0195524566937361,-0.0318514480146815
2909,"long_v3_CCD0.0.25",1.59661889194426,0.0697479392751613,0.074833467528006,0.00977957798556993
2910,"long_v3_CCD0.0.25",2.21373077599166,0.0520547484339762,-0.0123262974851955,-0.173936640851845
2911,"long_v3_CCD0.0.25",1.74006691598547,-0.00279453906359631,0.0476653394989944,-0.0911428619389464
2912,"long_v3_CCD0.0.25",1.80020033969381,0.034070266222308,0.015589322198343,-0.0763362426465917
2913,"long_v3_CCD0.0.25",1.66109032187648,-0.0315319137059866,0.0531595441044422,-0.0614875673860209
2914,"long_v3_CCD0.0.25",2.17266175319728,0.00858585421056767,0.0458134611821815,-0.124278784879534
2915,"long_v3_CCD0.0.25",1.94825132248964,0.00424362805903921,-0.0244185808807387,-0.0907173804913735
2916,"long_v3_CCD0.0.25",1.87982671637257,-0.0385592529566404,0.0460152177058863,-0.147838523580515
2917,"long_v3_CCD0.0.25",1.66769867217586,0.00567501152525421,-4.26412141761034e-05,-0.118943141198311
2918,"long_v3_CCD0.0.25",2.09293539635708,0.016848595241802,-0.0339084093649668,-0.0734984964576717
2919,"long_v3_CCD0.0.25",2.4832985810143,0.0611954374666208,0.00791517330900168,-0.112240892047683
2920,"long_v3_CCD0.0.25",1.87217024695266,0.00637305572491526,-0.0290578103976876,-0.0452603182888088
2921,"long_v3_CCD0.0.25",1.61122873916335,0.0471250104849881,-0.0360954026684888,0.0436643070181712
2922,"long_v3_CCD0.0.25",1.97022942834332,0.0881084483261869,-0.127150119218492,-0.00993965912693453
2923,"long_v3_CCD0.0.25",0.821522750667067,-0.001013351489601,0.0224224922226893,-0.0902565109452374
2924,"long_v3_CCD0.0.25",1.66481005857106,0.0836524288676571,0.0520302547155989,-0.0802180726428041
2925,"long_v3_CCD0.0.25",2.05211141986288,-0.0200475189012215,0.00933089017516821,-0.0100804219991722
2926,"long_v3_CCD0.0.25",1.79425112365522,0.0434095688129602,0.00600191489519152,-0.065246144322372
2927,"long_v3_CCD0.0.25",1.87808139797858,0.0361305026471039,0.0357452701621179,-0.0529766574531837
2928,"long_v3_CCD0.0.25",2.07045274930009,0.039546528100735,-0.0397706050161118,-0.037907139955223
2929,"long_v3_CCD0.0.25",1.81226860178806,-0.000520086147851942,-0.0220324653578294,-0.00934390738764876
2930,"long_v3_CCD0.0.25",1.7023790821163,0.103217440008379,-0.070711469730333,-0.0595417701075524
2931,"long_v3_CCD0.0.25",2.21867272288629,-0.0188685191589514,0.0677959267267358,-0.0642191294960719
2932,"long_v3_CCD0.0.25",1.90690217205184,0.0674876980804484,0.0129307877380229,-0.10730697922587
2933,"long_v3_CCD0.0.25",2.48639367122032,0.00195123509212896,0.00874872401485578,-0.0168143929425652
2934,"long_v3_CCD0.0.25",1.86373579062264,0.0619637558761624,0.00114118814558349,-0.100994741957696
2935,"long_v3_CCD0.0.25",1.93097867064912,0.0323301286841942,-0.039682154474873,-0.0306230816975321
2936,"long_v3_CCD0.0.25",2.1958902867906,0.0215603767025652,-0.00798829547190942,-0.0956321846733407
2937,"long_v3_CCD0.0.25",2.09401143759976,0.013139547907313,0.0408287947826147,-0.168431953858792
2938,"long_v3_CCD0.0.25",1.76918042380256,0.0161781435484567,0.0245047740145633,-0.0669702946884345
2939,"long_v3_CCD0.0.25",1.92345865553782,-0.0039553542406686,0.0373330298547203,-0.157409079351783
2940,"long_v3_CCD0.0.25",1.87803130114112,-0.0675594603573926,0.0314611327867024,-0.0241185618799811
2941,"long_v3_CCD0.0.25",2.1233315487222,0.062250974306231,0.0712387833564376,-0.0111471426654888
2942,"long_v3_CCD0.0.25",1.20475119148862,-0.0412176365048735,-0.0329133222720277,-0.000920098756926041
2943,"long_v3_CCD0.0.25",2.03731171985596,0.0319975280431572,0.0310695044130684,-0.0647445382373328
2944,"long_v3_CCD0.0.25",1.99172404928,0.0609940499574945,-0.0120365123909857,0.000359315649366522
2945,"long_v3_CCD0.0.25",2.00844840322372,0.0247807732990178,0.0528641118882188,-0.0390598558228686
2946,"long_v3_CCD0.0.25",1.09482313054072,-0.0279759865582677,0.0218014564122,-0.00219942558651724
2947,"long_v3_CCD0.0.25",1.8146429453934,0.0451806385488346,-0.0188446683647143,-0.0933006354711663
2948,"long_v3_CCD0.0.25",1.67988066379328,-0.0194452441801447,-0.00291510414254779,-0.0560997870051705
2949,"long_v3_CCD0.0.25",1.99094208988761,0.115903712414517,0.0205738920594356,-0.206287787488225
2950,"long_v3_CCD0.0.25",2.01001319885732,-0.0302100318211662,0.011189524285257,-0.120460742782685
2951,"long_v3_CCD0.0.25",1.72806888948763,0.0454282169140423,0.0327606591993649,-0.0589212400290182
2952,"long_v3_CCD0.0.25",1.85789888579309,-0.0163861432292115,0.0169964509297121,-0.0867395057283644
2953,"long_v3_CCD0.0.25",2.15336138024305,-0.0441560212103636,0.044557344573776,-0.0534930726120966
2954,"long_v3_CCD0.0.25",1.88949301771506,0.0263211871400619,0.0672136170124595,-0.131951831872858
2955,"long_v3_CCD0.0.25",2.17530954205536,0.0973722813007947,0.0672625301026668,-0.100982495079697
2956,"long_v3_CCD0.0.25",1.84111232593743,0.025089002564531,0.100838381044951,-0.0253988237786524
2957,"long_v3_CCD0.0.25",1.88594028785181,0.00273855220147509,0.0187330114873846,-0.055428973452331
2958,"long_v3_CCD0.0.25",1.83043898033755,0.0344219010579674,0.0497475959104802,-0.067987764454762
2959,"long_v3_CCD0.0.25",1.98101074888626,-0.0210495305782147,0.0349835212463318,-0.0625790220926153
2960,"long_v3_CCD0.0.25",1.98733982461866,-0.0300408226969461,0.0852700719507883,-0.102227761381187
2961,"long_v3_CCD0.0.25",1.82713638404255,-0.109484939450478,0.0219584015410289,-0.0832097852033757
2962,"long_v3_CCD0.0.25",2.13840313839735,0.0536863690175199,0.0472538855235964,-0.135004705979486
2963,"long_v3_CCD0.0.25",1.68278859445126,-0.0210983220773586,0.0566878890663426,-0.105987441419626
2964,"long_v3_CCD0.0.25",1.20075532063109,-0.0666048632902028,0.124024936229116,-0.053523697055708
2965,"long_v3_CCD0.0.25",1.52032023552296,0.00149397274307816,-0.0120259917106368,-0.0390862481914051
2966,"long_v3_CCD0.0.25",1.78619277689885,0.0246361316003192,0.0229465757336918,-0.0241751979046651
2967,"long_v3_CCD0.0.25",1.96940424643982,0.0300767751089864,-0.0102007976876919,-0.0890318714758643
2968,"long_v3_CCD0.0.25",1.91120832624551,0.0112250536411361,0.0251842613548579,-0.0908321370422732
2969,"long_v3_CCD0.0.25",2.26093927003631,-0.0227708343714324,0.0613045113960655,-0.0918113828315783
2970,"long_v3_CCD0.0.25",1.69964365846769,-0.0153069254810757,-0.000531607095588544,-0.0482890043463016
2971,"long_v3_CCD0.0.25",1.72676982726914,-0.00192884494993247,-0.0182651976842113,-0.116770883696581
2972,"long_v3_CCD0.0.25",1.96387385787553,0.0182022295434636,-0.0162784824078387,-0.0830101491649655
2973,"long_v3_CCD0.0.25",2.28244503888498,0.0162606327324563,-0.0146134043175465,-0.11586439886947
2974,"long_v3_CCD0.0.25",1.72089661647105,0.037213292954884,0.0414562896510216,-0.0686204572507172
2975,"long_v3_CCD0.0.25",1.72592992121558,0.0344140119558297,0.110396609834516,-0.0764305241024322
2976,"long_v3_CCD0.0.25",1.77426070666266,0.0494973089755019,0.0882645796140737,0.0113354449858613
2977,"long_v3_CCD0.0.25",1.85846149483817,-0.0384511937317613,0.024427156082307,-0.138159670538712
2978,"long_v3_CCD0.0.25",2.03856179969645,0.0416520458259102,0.0840252538205596,-0.0714313133408733
2979,"long_v3_CCD0.0.25",1.87531341500587,0.00602613592348653,0.00614235996772952,-0.115148416529508
2980,"long_v3_CCD0.0.25",1.85500813991994,0.0629982135395608,0.0160943775448089,-0.128659905252179
2981,"long_v3_CCD0.0.25",1.68954665548354,0.0266652239336648,-0.028540175859219,-0.0949708942866334
2982,"long_v3_CCD0.0.25",1.82313578681447,0.0431154664062507,0.0349697237142346,-0.0636537677084164
2983,"long_v3_CCD0.0.25",2.08922462737539,0.0336753357515996,0.0443536495566357,-0.0762320693717079
2984,"long_v3_CCD0.0.25",1.99653693382193,0.0121845597062694,0.00520476604110942,-0.133223534653496
2985,"long_v3_CCD0.0.25",1.77144306183485,-0.0130649562984297,-0.0167727891352725,-0.116277902306203
2986,"long_v3_CCD0.0.25",1.84413780935026,-0.0135214170010099,0.0290499428835393,-0.0958850983846311
2987,"long_v3_CCD0.0.25",2.10923082148572,0.0223067941730103,0.0276338827706673,-0.151810379948709
2988,"long_v3_CCD0.0.25",2.25152136261217,0.00423084296317106,0.033554796588572,-0.0998935389467875
2989,"long_v3_CCD0.0.25",1.88913965384071,-0.0172724307453272,-0.0545710236416262,-0.0790861997489217
2990,"long_v3_CCD0.0.25",1.43489733556614,0.0291140225322658,-0.00568731326669291,-0.00471796862374491
2991,"long_v3_CCD0.0.25",2.02350393652338,0.0109363325496011,0.000307505688674384,-0.0577427338002507
2992,"long_v3_CCD0.0.25",1.93748798178433,0.00106667378864663,0.0213175045650224,-0.107488441078676
2993,"long_v3_CCD0.0.25",1.93257122552703,-0.00909215269650426,-0.0013338685468249,-0.0950023559096018
2994,"long_v3_CCD0.0.25",2.06604258397398,0.0439910866973897,0.0674766291245609,-0.136202701594137
2995,"long_v3_CCD0.0.25",1.63738369241508,0.0123254180670607,0.0208723516172271,-0.0895328204125661
2996,"long_v3_CCD0.0.25",1.88258873250018,-0.0640427567586754,0.0827754607118381,-0.122335926919117
2997,"long_v3_CCD0.0.25",2.07098452142941,0.0439543064174234,-0.00546180612722727,-0.0347639929136849
2998,"long_v3_CCD0.0.25",1.99397939491944,0.0441047562843263,0.0261540090723229,-0.11085467441104
2999,"long_v3_CCD0.0.25",1.78456139718463,-0.017422581193937,0.0519120783862633,-0.0850136508606261
3000,"long_v3_CCD0.0.25",1.70695674412052,0.000936935470318748,-0.0190824521076273,-0.0116588116939181
3001,"long_v3_CCD0.0.25",1.85921305299856,-0.0316725223802091,0.0315538033605818,-0.153159349368346
3002,"long_v3_CCD0.0.25",1.7418209323992,0.00718803786604349,-0.0400905603424919,-0.0275059926790148
3003,"long_v3_CCD0.0.25",1.33754799438938,0.0403412109902492,0.0424956705947474,-0.114046123696062
3004,"long_v3_CCD0.0.25",1.87312274692683,0.014997027405205,0.0268830485194641,-0.108903435589826
3005,"long_v3_CCD0.0.25",1.64652057557726,-0.0243930368217448,0.0650833671592451,-0.197963147980861
3006,"long_v3_CCD0.0.25",2.18097421985927,-0.0193098182798546,-0.0114877773025797,-0.0657616668986866
3007,"long_v3_CCD0.0.25",1.92292007733138,0.0536975259727804,0.0475038293370394,-0.123583008646273
3008,"long_v3_CCD0.0.25",1.91338814787691,0.0380157381913481,-0.0296704948424091,-0.16777932171298
3009,"long_v3_CCD0.0.25",1.84396258151939,0.0034853222320735,0.0127080300865978,-0.124426512912896
3010,"long_v3_CCD0.0.25",1.20278377919031,-0.0173712038490985,0.0496975088615917,-0.123785666953861
3011,"long_v3_CCD0.0.25",2.13375140128226,-0.00394674005113241,0.0414140349507362,-0.104638877172864
3012,"long_v3_CCD0.0.25",1.98771777702222,0.0543300098080839,0.0721265810918546,-0.133205159458821
3013,"long_v3_CCD0.0.25",1.9095565896232,-0.00441708021234849,0.0534133553860902,-0.0976987192190205
3014,"long_v3_CCD0.0.25",1.86372907347795,0.00139457000810997,0.0159538495253659,-0.049329151092722
3015,"long_v3_CCD0.0.25",1.98255086195736,-0.0176221143784035,0.0218622689653954,-0.160913058920078
3016,"long_v3_CCD0.0.25",1.84946722401674,0.0304246620731694,0.0255796659988904,-0.0670649611626396
3017,"long_v3_CCD0.0.25",2.12449646573403,0.0162912009990067,0.00768216528305356,-0.0353096560236385
3018,"long_v3_CCD0.0.25",1.84910973282246,0.0311230119875841,0.0411570524266031,-0.0153807260952678
3019,"long_v3_CCD0.0.25",1.94102565703596,-0.0017707974557015,0.059087962746788,-0.115060327004125
3020,"long_v3_CCD0.0.25",1.60751660793687,0.0160525784777463,0.0302664890268304,-0.0447917675954537
3021,"long_v3_CCD0.0.25",1.94945282828434,0.0217670779848328,0.0114254885908493,-0.0885711182365243
3022,"long_v3_CCD0.0.25",1.8288413350518,0.0322265463751778,0.0432836426826477,-0.0778148973239474
3023,"long_v3_CCD0.0.25",1.12477704912878,0.0215153288051545,0.0661043916954014,-0.0715248452950787
3024,"long_v3_CCD0.0.25",1.8049555821546,0.0309386830604075,0.0208991298917485,-0.024385419581398
3025,"long_v3_CCD0.0.25",1.56662465874526,-0.101646270019608,0.041904920381244,-0.121147878410307
3026,"long_v3_CCD0.0.25",1.80028635946518,0.0664947217348172,-0.0018504034153793,-0.247678218636363
3027,"long_v3_CCD0.0.25",1.99039873775214,0.0393054454849084,-0.010841147272337,-0.0569496787479056
3028,"long_v3_CCD0.0.25",1.62532725908242,-0.0710237314642435,0.039009494397653,-0.0156736352453365
3029,"long_v3_CCD0.0.25",1.5863895911004,0.0141970217943765,-0.0050782172552514,-0.0708109777145438
3030,"long_v3_CCD0.0.25",1.84532257035773,-0.0180681675118296,-0.00401679919349865,-0.0435823592166812
3031,"long_v3_CCD0.0.25",2.15391236023509,0.0264293951057859,0.0790689306372462,-0.0387516965464421
3032,"long_v3_CCD0.0.25",1.88737145605978,0.000403191662599801,0.020123990433844,-0.0433434703299667
3033,"long_v3_CCD0.0.25",2.18575155754416,0.0294907804880109,-0.0399376904943668,-0.0831046033378784
3034,"long_v3_CCD0.0.25",1.78471632184046,-0.0372525602303584,0.0395903813640663,-0.0935567981054943
3035,"long_v3_CCD0.0.25",1.77387705395516,-0.00203665069289982,-0.00185025959388752,-0.0115529446647467
3036,"long_v3_CCD0.0.25",2.04892950685198,0.0461768730615015,0.0833877259236296,-0.0424992976325146
3037,"long_v3_CCD0.0.25",1.62544048586595,0.00764227207407446,0.0398333622636688,-0.0423602708341098
3038,"long_v3_CCD0.0.25",2.37466733381369,0.0795904542201785,0.0295995308752105,-0.109500486657158
3039,"long_v3_CCD0.0.25",2.10675104993503,0.0267071294834303,0.0355857085258502,-0.121596890955968
3040,"long_v3_CCD0.0.25",1.95797594489646,-8.06302883501226e-05,0.0654518205348768,-0.017418947043107
3041,"long_v3_CCD0.0.25",1.72851526434997,0.0503661279661506,0.0374034906795263,0.00793159837869218
3042,"long_v3_CCD0.0.25",1.53957122821231,0.0117914867401511,0.0335714300602861,-0.068342480690771
3043,"long_v3_CCD0.0.25",2.0238407826703,0.0320265464516188,0.0274259393064807,-0.149690115927959
3044,"long_v3_CCD0.0.25",1.95075826734847,0.042330254678623,0.0125156896250389,-0.00887537892260252
3045,"long_v3_CCD0.0.25",1.90834063454453,-0.00191671392759755,0.023217688227456,-0.103888762622352
3046,"long_v3_CCD0.0.25",2.14990973063758,0.00698989882053194,0.0928352031260371,-0.162307442068909
3047,"long_v3_CCD0.0.25",1.81939912460297,0.0311492853145905,-0.0456764120727571,-0.118451249306342
3048,"long_v3_CCD0.0.25",1.66971929311871,-0.0350258456949475,0.0386341414352522,-0.0238315894032759
3049,"long_v3_CCD0.0.25",1.77150925304565,0.00545017328049303,0.0281271179297015,-0.0126602129266259
3050,"long_v3_CCD0.0.25",2.04485130979335,-0.00107752740116798,-0.0152847214255586,-0.0501653667849959
3051,"long_v3_CCD0.0.25",1.65128237017399,-0.0160759757868971,0.0376911445838879,-0.0792511362554563
3052,"long_v3_CCD0.0.25",2.16452277772774,-0.0244385768768074,0.00317418324822327,-0.211552061502984
3053,"long_v3_CCD0.0.25",1.97086433874221,0.0895528587484674,0.00480861648996488,0.0507837582009815
3054,"long_v3_CCD0.0.25",1.91504942323012,0.0287027068042281,0.0894260994046096,-0.0377361557382043
3055,"long_v3_CCD0.0.25",2.10124889445247,-0.015889372927711,-0.00306733102494824,-0.135754568626464
3056,"long_v3_CCD0.0.25",2.07944772859101,-0.00626663617766801,0.00574885659030796,-0.107417009811628
3057,"long_v3_CCD0.0.25",1.73416851546699,-0.087505151100871,0.0512412492476612,-0.0268383473875164
3058,"long_v3_CCD0.0.25",1.96065028536962,0.0272122281547873,-0.00789799100750077,-0.0959760503424369
3059,"long_v3_CCD0.0.25",2.13810875076086,0.0140489271733668,0.0234529192099154,-0.0892373453553957
3060,"long_v3_CCD0.0.25",2.07077522729157,0.116057834221236,0.0612216734931406,-0.0697271144504266
3061,"long_v3_CCD0.0.25",1.81981364444979,-0.0565332417475315,0.0260611126946061,-0.0755586063859957
3062,"long_v3_CCD0.0.25",1.83499674427671,-0.0191816217570742,-0.0423014454996994,0.0201233024897514
3063,"long_v3_CCD0.0.25",1.87644134791316,0.0120191890412748,0.0151795225707933,-0.0941185430911461
3064,"long_v3_CCD0.0.25",1.80971011858459,-0.0123805646402333,-0.00413486448728518,0.00320555722349661
3065,"long_v3_CCD0.0.25",2.11477008441905,0.0158724098106565,0.0222332210340925,-0.0615499195020924
3066,"long_v3_CCD0.0.25",1.97141515815886,-0.0462465459447782,0.0802827827879791,-0.101172082872835
3067,"long_v3_CCD0.0.25",2.08061000619354,0.0190613974627146,-0.0017610676063594,-0.165630086907773
3068,"long_v3_CCD0.0.25",1.8993940312408,0.0411069774359331,0.0730026567228673,-0.133065429941803
3069,"long_v3_CCD0.0.25",1.64909159258923,0.0111401793675062,0.0348375437466691,-0.108524958501735
3070,"long_v3_CCD0.0.25",2.0104218361836,0.0171034618052483,0.0310634245451202,-0.0907394538436075
3071,"long_v3_CCD0.0.25",1.94722104084543,0.0110719340695547,-0.00174270224801478,-0.0472184475094795
3072,"long_v3_CCD0.0.25",1.83325417988864,0.0109983812939965,0.09051587729401,-0.00527088086603001
3073,"long_v3_CCD0.0.25",1.71354472670478,0.0405343345997055,-0.0382958980550265,0.0344909085972171
3074,"long_v3_CCD0.0.25",1.12644503230792,-0.0297287825303263,-0.0891860505652641,-0.109567828677095
3075,"long_v3_CCD0.0.25",1.81976054540796,0.0556886646729768,0.0361338039482575,-0.0343961994143899
3076,"long_v3_CCD0.0.25",1.89527417385052,0.00498165004832047,-0.00873184620567122,-0.0807570414054597
3077,"long_v3_CCD0.0.25",1.86137076283753,-0.00943983372749593,0.0319070877756791,-0.0963395946503462
3078,"long_v3_CCD0.0.25",1.84639916588193,0.0181685796580791,0.0180077571749474,-0.0331481870559402
3079,"long_v3_CCD0.0.25",1.68593874697521,0.0707792434229388,0.0537567479323754,-0.0960676056614263
3080,"long_v3_CCD0.0.25",1.94532080867763,-0.0196679951751104,0.0643872639820683,-0.0857961609997339
3081,"long_v3_CCD0.0.25",1.89095108447541,-0.0210433714840017,0.00426107085733452,-0.0574381033720861
3082,"long_v3_CCD0.0.25",1.82685551895137,0.0464988115972919,0.0157256462537355,-0.128674699123388
3083,"long_v3_CCD0.0.25",1.77760326466402,-0.0574952867021995,0.00200282876996737,-0.154098640917655
3084,"long_v3_CCD0.0.25",1.97645951003117,0.010617981115163,0.0494971823443514,-0.070061170059553
3085,"long_v3_CCD0.0.25",1.98452651029112,0.00103018937046451,0.0260090715255398,-0.145715243408716
3086,"long_v3_CCD0.0.25",1.75752795480268,0.0328222015861292,0.0370408482389419,-0.0932621705903659
3087,"long_v3_CCD0.0.25",1.99877131790642,0.0194762823730886,0.0290401925412308,-0.0853939048458779
3088,"long_v3_CCD0.0.25",1.95583210102654,0.0168986572285039,0.0667176831511685,-0.132152065089295
3089,"long_v3_CCD0.0.25",2.04403260361329,-0.1035474605417,-0.0411340184976089,-0.0448123010169875
3090,"long_v3_CCD0.0.25",1.84619879647074,0.0313477708672692,0.0381608572650452,-0.0531615268711383
3091,"long_v3_CCD0.0.25",2.07968447385325,-0.00376733655970513,-0.00979207655458519,-0.128295573497321
3092,"long_v3_CCD0.0.25",1.96829803349151,0.0260571585260069,0.0775715503820755,-0.115012729916118
3093,"long_v3_CCD0.0.25",1.82502995022846,0.0276194207317608,0.0202311386570848,-0.103019694013906
3094,"long_v3_CCD0.0.25",2.11595298287766,-0.0285077718354695,0.0833270766798861,-0.0414465289711194
3095,"long_v3_CCD0.0.25",1.65641093015709,-0.0101830101367328,0.088911454450342,-0.00607809783725679
3096,"long_v3_CCD0.0.25",1.96919075548058,0.0604750570212646,-0.0245715802249784,-0.0870728353288793
3097,"long_v3_CCD0.0.25",1.83378329055251,-0.00436444136624296,-0.00239844512091724,-0.020257560255914
3098,"long_v3_CCD0.0.25",2.04625877665859,0.0944880740332174,-0.0197527342389282,-0.206046178317938
3099,"long_v3_CCD0.0.25",2.04728432823489,-0.0217097784111615,0.0987107313749823,-0.102520005047522
3100,"long_v3_CCD0.0.25",1.9720435204476,-0.0235921154895827,-0.0183946191452917,-0.0876618874191921
3101,"long_v3_CCD0.0.25",1.67663702974527,0.0201884233501393,-0.0159666416495216,-0.0214268113126839
3102,"long_v3_CCD0.0.25",1.95830452246966,0.0145655007182005,-0.0277294957305118,-0.0769254845584706
3103,"long_v3_CCD0.0.25",1.70321670912486,-0.0295254782521626,0.00231011582938025,-0.15688854709449
3104,"long_v3_CCD0.0.25",1.6255788055039,0.0215689672049124,0.0532780045648926,-0.0711075196543708
3105,"long_v3_CCD0.0.25",2.4589517128254,-0.0217505340479025,0.0368101708771678,-0.129491723969528
3106,"long_v3_CCD0.0.25",2.07533893406781,-0.0193458561128229,0.0354572427240964,-0.0455770822827771
3107,"long_v3_CCD0.0.25",1.67785847695343,-0.0957592370611934,0.0265230569999324,-0.0779466342274706
3108,"long_v3_CCD0.0.25",2.04021349113324,0.0296371585301332,0.0963410914559352,-0.107198837222248
3109,"long_v3_CCD0.0.25",1.88574195537991,0.0180301870032637,0.0265442256644939,-0.157853292458874
3110,"long_v3_CCD0.0.25",1.98098891504159,-0.035533064736211,0.0605438946047482,-0.0568313147684711
3111,"long_v3_CCD0.0.25",1.95714544158247,-0.0016735858119969,0.029716039366618,-0.110777401532231
3112,"long_v3_CCD0.0.25",1.86956031059377,0.013111259436098,0.0308530212416927,-0.0311777069398645
3113,"long_v3_CCD0.0.25",1.88950678610986,0.0503051656798416,0.0310276924676612,-0.144786216450172
3114,"long_v3_CCD0.0.25",1.69349214807886,0.0475805313808744,-0.00232227435107809,-0.0568080357792611
3115,"long_v3_CCD0.0.25",2.00042097655761,0.00292913917177008,0.0148243439162104,-0.0535929575312718
3116,"long_v3_CCD0.0.25",1.94267739572719,0.0627634768379065,-0.0752014581444527,-0.114708141644391
3117,"long_v3_CCD0.0.25",1.8496116911187,0.0248323027886748,0.0671969224625084,-0.0839551170128799
3118,"long_v3_CCD0.0.25",1.75158003464808,-0.00883371723259882,-0.0257905712980028,-0.0694874035201861
3119,"long_v3_CCD0.0.25",1.78114859497046,0.00286436031257019,-0.00910743972326293,-0.0250084368933934
3120,"long_v3_CCD0.0.25",1.67599840573162,0.00244805410467056,-0.0111871178639603,-0.0658178176439937
3121,"long_v3_CCD0.0.25",2.06119679779499,-0.00849613282576638,0.0155026432517595,-0.075770149563606
3122,"long_v3_CCD0.0.25",1.97015496113776,0.0223700170455425,0.00234448532329542,-0.0943541515123961
3123,"long_v3_CCD0.0.25",1.7848485244901,-0.0386932274967841,0.00577967749906623,-0.0357663228602147
3124,"long_v3_CCD0.0.25",1.98923318021295,-0.00942501339327706,0.0920369468301636,-0.0688368432602131
3125,"long_v3_CCD0.0.25",1.96153941998847,0.00235552807590384,0.030969439501547,-0.118876254659292
3126,"long_v3_CCD0.0.25",2.11396400476208,0.0248616819557461,0.0615288582874198,-0.121098669704263
3127,"long_v3_CCD0.0.25",2.01980950325385,-0.0080876968601176,0.0919084028085912,-0.0253904223100155
3128,"long_v3_CCD0.0.25",2.00458943012845,0.0232145083741718,0.0284901583562258,-0.103455560415322
3129,"long_v3_CCD0.0.25",1.92063008036975,0.0299846638066137,0.00794245965716179,-0.0999808984863572
3130,"long_v3_CCD0.0.25",1.76618314447054,0.0199187167552015,0.0172499263744674,-0.110956131912017
3131,"long_v3_CCD0.0.25",2.20180628221047,-0.0260520872232624,0.0947619302521434,-0.177210667892437
3132,"long_v3_CCD0.0.25",2.03699172887081,0.0421211792359228,0.0377862153897424,-0.0986568110190286
3133,"long_v3_CCD0.0.25",1.76423558531232,0.00262513452602852,-0.0289492262215903,-0.131080132439604
3134,"long_v3_CCD0.0.25",1.88404349907197,-0.00725965449742287,0.0638619533596345,-0.117601451469115
3135,"long_v3_CCD0.0.25",2.02289441390765,-0.0124583599453843,0.0511150559907386,-0.101088044424912
3136,"long_v3_CCD0.0.25",1.93163883509231,-0.020283869500375,0.00263061028956265,-0.125392729582694
3137,"long_v3_CCD0.0.25",1.36591273724051,-0.0886106920480142,-0.0109797873823224,-0.0934539780120433
3138,"long_v3_CCD0.0.25",1.95993473786066,-0.0051478785813649,-0.0464782388683225,-0.0361451508556135
3139,"long_v3_CCD0.0.25",1.86921505657215,-0.00815098033287365,0.0735097854120212,-0.115687871211268
3140,"long_v3_CCD0.0.25",1.79763182137236,-0.0210396777941816,-0.00105774404626241,0.0160769356252895
3141,"long_v3_CCD0.0.25",2.13407156332837,0.0197072962006364,0.00524241914194366,-0.0813087396574657
3142,"long_v3_CCD0.0.25",1.66449445718258,-0.00485338467012363,0.0108627544225842,-0.0860751652694932
3143,"long_v3_CCD0.0.25",1.77362612609675,0.00803671785817905,0.0223431537586893,-0.027155802267423
3144,"long_v3_CCD0.0.25",2.04007927898789,-0.0369314050136445,-0.0505988240966289,-0.0572588608515238
3145,"long_v3_CCD0.0.25",1.5571473523787,-0.0152997067042356,0.00949508254519897,-0.0787320186012616
3146,"long_v3_CCD0.0.25",2.0861818260078,-0.019463033601155,-0.00186923177678193,-0.0111117744559979
3147,"long_v3_CCD0.0.25",2.02770492269205,0.0326737446027957,-0.0298633512699481,-0.0371301827464134
3148,"long_v3_CCD0.0.25",1.82976934142724,-0.00178426621317436,-0.0105149685248938,-0.14065169080769
3149,"long_v3_CCD0.0.25",1.96340695894657,0.0241556678414313,-0.0112677268399129,-0.0230848273364336
3150,"long_v3_CCD0.0.25",1.84684393594937,-0.0417910810980143,0.0396048984979957,-0.109799727532059
3151,"long_v3_CCD0.0.25",1.91902828210639,0.0352679585828134,0.0038846963883445,-0.115639050491693
3152,"long_v3_CCD0.0.25",1.6495205892302,-0.00914482390503198,0.0437649994383052,-0.0442476274517807
3153,"long_v3_CCD0.0.25",1.75973304422202,-0.0382500036649317,-0.000578871698812378,-0.151166438231909
3154,"long_v3_CCD0.0.25",1.91018094300065,0.0630101900087159,0.0274195159755642,-0.000120369902429811
3155,"long_v3_CCD0.0.25",1.78955835490802,0.00213160266056246,0.0284361411420329,-0.0202473092314246
3156,"long_v3_CCD0.0.25",1.74969518237158,0.00194157959642885,0.037877217982022,-0.0967066173004551
3157,"long_v3_CCD0.0.25",1.87078271544133,-0.0796290664885255,0.0211595914965929,-0.0193175314369636
3158,"long_v3_CCD0.0.25",1.50696522819338,0.0301396677224321,-0.0248197069972641,-0.151901327071259
3159,"long_v3_CCD0.0.25",2.6379549147906,0.016838078707867,0.0398105565928407,-0.15895376051033
3160,"long_v3_CCD0.0.25",2.2586894398361,0.0341557549284646,0.0794765201721597,-0.0802815273110063
3161,"long_v3_CCD0.0.25",1.60434782264851,0.0569421816376446,0.0819495065133502,-0.0279572113913839
3162,"long_v3_CCD0.0.25",1.68503341432392,0.0213415472640678,-0.0133602564879354,-0.132753053444338
3163,"long_v3_CCD0.0.25",1.30802562252312,0.0359800352577539,0.0241911355075397,-0.0670386676789476
3164,"long_v3_CCD0.0.25",1.95273923620598,-0.000275883807697382,0.0220162570286007,-0.0939282533102976
3165,"long_v3_CCD0.0.25",1.94622993820796,0.0150134493116495,-0.054568690089137,-0.0867414035883972
3166,"long_v3_CCD0.0.25",1.7108756489467,0.0528315723338002,0.0478692056792073,-0.0876244922331087
3167,"long_v3_CCD0.0.25",1.41674222958221,0.061696976430264,0.0959211876536728,-0.0435939528432756
3168,"long_v3_CCD0.0.25",1.92518640015318,0.0235745861287485,0.0287692623243206,-0.0890713918927639
3169,"long_v3_CCD0.0.25",1.94996525920551,-0.00153544695257302,0.0429010196967571,-0.0982523769096292
3170,"long_v3_CCD0.0.25",1.45194127770479,0.016336783082184,0.0438535222980874,-0.0404270014560439
3171,"long_v3_CCD0.0.25",1.75296108025232,0.0297897015669296,0.0625893703000153,-0.130333151030987
3172,"long_v3_CCD0.0.25",1.92661050847963,0.0738481047149491,0.0736177501510779,-0.140123153671485
3173,"long_v3_CCD0.0.25",1.77466846570666,-0.0652180156925135,0.0571252226558751,-0.00353019335617341
3174,"long_v3_CCD0.0.25",1.64986926169436,0.0878116791515973,-0.0144213141585154,-0.0533274801248782
3175,"long_v3_CCD0.0.25",1.89289968880626,0.0163471539117839,0.0105959737543616,-0.043281067729601
3176,"long_v3_CCD0.0.25",1.80284598748107,0.038137740788327,-0.000581375492945013,-0.0745049804081795
3177,"long_v3_CCD0.0.25",1.8135422068698,-0.00638002418431707,0.00426847679071266,-0.0823362229061831
3178,"long_v3_CCD0.0.25",1.80739998137422,0.0425553416392098,0.0286890661456727,-0.126878745186363
3179,"long_v3_CCD0.0.25",1.64641032893044,-0.0381371647877711,0.00163792376364187,-0.0278235931225145
3180,"long_v3_CCD0.0.25",1.77498377663787,-0.000123446253018567,0.00363807504957346,-0.10114288377129
3181,"long_v3_CCD0.0.25",1.96460264446666,-0.00237528953645436,-0.0294366799824959,-0.0225991742808967
3182,"long_v3_CCD0.0.25",1.85264966680281,0.00160330737487454,-0.0565576944044667,-0.143891273790058
3183,"long_v3_CCD0.0.25",2.00645726355129,-0.000778964615616162,0.0282677090532331,-0.0765404074264484
3184,"long_v3_CCD0.0.25",2.04503200159695,0.0232232453821267,0.0163918504284236,-0.100161765612039
3185,"long_v3_CCD0.0.25",1.88808033748689,0.100604279447358,0.01531433670566,-0.0341341264189223
3186,"long_v3_CCD0.0.25",1.80998616892774,-0.0244599472494184,0.0163603412178095,-0.129394654083814
3187,"long_v3_CCD0.0.25",1.75541045808023,-0.0276169935156016,0.0318965109408795,-0.0847015486629956
3188,"long_v3_CCD0.0.25",1.98854384950452,0.119243412834799,-0.0387394618727986,-0.114153997209527
3189,"long_v3_CCD0.0.25",2.14552773037399,0.0465994360563158,0.0260447249033313,-0.117401671864453
3190,"long_v3_CCD0.0.25",1.81646722522231,0.044998316009429,0.0567893858265794,-0.113709408577636
3191,"long_v3_CCD0.0.25",1.89653280885898,-0.0797336196352894,0.00277956316369121,-0.0124747966600826
3192,"long_v3_CCD0.0.25",2.09378025297224,0.0181852592067861,0.0368130810276412,-0.0821644055423373
3193,"long_v3_CCD0.0.25",2.12398437606635,0.0466747430060141,-0.0378765128903623,-0.0624492926742114
3194,"long_v3_CCD0.0.25",1.46498995388082,0.0123468262815795,0.05163604747792,-0.0843632343656914
3195,"long_v3_CCD0.0.25",2.05699841335306,-0.0334351159891526,0.00723218970089061,-0.0595887040954466
3196,"long_v3_CCD0.0.25",2.14828123110963,-0.00215795451700624,0.0500449055357167,-0.0948219957256307
3197,"long_v3_CCD0.0.25",1.85196182405193,-0.0255427027050855,0.0277186747523887,0.0106383831287277
3198,"long_v3_CCD0.0.25",2.02538588531376,-0.00185982590704931,0.0202273276830653,-0.177521670300607
3199,"long_v3_CCD0.0.25",1.62748785170599,-0.044145097852981,0.0755195569288624,-0.125869932281153
3200,"long_v3_CCD0.0.25",1.88773148172842,0.021638726251692,-0.0262268896574924,-0.072782731789478
3201,"long_v3_CCD0.0.25",1.86291488772831,0.0116513265501833,-0.022084685951348,-0.0239735161489328
3202,"long_v3_CCD0.0.25",1.90826709613023,-0.0154092053834235,0.0411810898295658,-0.112149138822265
3203,"long_v3_CCD0.0.25",1.86966329757033,0.00044795104583135,0.0608366583639153,-0.101325837510144
3204,"long_v3_CCD0.0.25",2.1121579623888,-0.0155964790273578,-0.0748567237611188,-0.0453695717686658
3205,"long_v3_CCD0.0.25",2.24595739752085,0.00480706411446717,0.0188202635508377,-0.117422055744936
3206,"long_v3_CCD0.0.25",2.05865307172816,0.0100616422242196,0.020473943264945,-0.0595194226803484
3207,"long_v3_CCD0.0.25",1.83242611215994,-0.0307321998222626,0.083458188360617,-0.0840299888926062
3208,"long_v3_CCD0.0.25",2.2092823896717,0.0478794704518959,0.0470030857711374,-0.0891131024223521
3209,"long_v3_CCD0.0.25",1.83064204203031,-0.0126490297461259,0.0381637772769104,-0.0516925276671421
3210,"long_v3_CCD0.0.25",1.5390711704991,-0.019129290368158,0.0756535206186845,-0.182578060629069
3211,"long_v3_CCD0.0.25",1.9903360756792,0.0449701621923545,-0.0393473487998977,-0.112121439728578
3212,"long_v3_CCD0.0.25",1.7825781722077,0.0245924566065955,-0.00919478749917917,-0.165479022192035
3213,"long_v3_CCD0.0.25",1.98220871096749,0.015351453187544,-0.0167439865909341,-0.0307377426921268
3214,"long_v3_CCD0.0.25",1.96094040630049,0.0408810944285792,0.0542998347465026,-0.0207636420218247
3215,"long_v3_CCD0.0.25",1.64666895804327,0.0451114622212362,0.0700891430745555,-0.0875624740115379
3216,"long_v3_CCD0.0.25",1.88240060070793,-0.035098275698661,-0.00790863329990675,-0.0498775068358709
3217,"long_v3_CCD0.0.25",1.87607082681841,0.0306459621075323,0.00609756251164438,-0.0498138094216263
3218,"long_v3_CCD0.0.25",2.14649133629184,-0.00988694749613031,-0.022681579374912,-0.208638326448459
3219,"long_v3_CCD0.0.25",1.77641304479054,-0.0245365481049497,0.0208065618168025,-0.07876210935387
3220,"long_v3_CCD0.0.25",2.02013384134303,-0.0226634247727361,0.00119641286509157,-0.0489971983932605
3221,"long_v3_CCD0.0.25",1.72621789354181,0.0233735732861237,0.0212497853881405,-0.113120759177694
3222,"long_v3_CCD0.0.25",1.7949559436853,-0.0431426085165996,-0.0120558193125299,0.0086322434188605
3223,"long_v3_CCD0.0.25",1.80018568389911,0.0485399803806454,0.0371989930861047,-0.0424578182283834
3224,"long_v3_CCD0.0.25",1.91252194284893,0.0171943128324347,-0.0324305146821162,-0.0349278431782602
3225,"long_v3_CCD0.0.25",1.98604648859598,-0.0235568602805857,0.00988068117637851,0.0110604922410077
3226,"long_v3_CCD0.0.25",1.8676268269392,0.0538977298659768,0.0420284388741854,-0.138784296097766
3227,"long_v3_CCD0.0.25",1.87277621377762,0.000591104019583349,0.045517782918065,-0.128677203594627
3228,"long_v3_CCD0.0.25",1.92808810090438,0.051309305904592,-0.037089519052351,-0.146333395495606
3229,"long_v3_CCD0.0.25",2.04132631964182,0.00292830708042063,-0.00427526498684014,-0.114850013916257
3230,"long_v3_CCD0.0.25",1.68402861450855,-0.0740108111410071,-0.0248996145358379,-0.071212985733149
3231,"long_v3_CCD0.0.25",1.88712494069984,0.03402566608354,0.103055640208919,-0.116297105577784
3232,"long_v3_CCD0.0.25",2.36458441851788,0.0480836356037357,-0.0135301210817887,-0.193537152377463
3233,"long_v3_CCD0.0.25",1.95422130851638,0.0235274573089481,0.0307422033539273,-0.0996433941145079
3234,"long_v3_CCD0.0.25",1.8727792236648,-0.00697057092423538,-0.0274815918687009,-0.0888091748730473
3235,"long_v3_CCD0.0.25",1.94160983933466,-0.0722203764180419,0.0329423336489869,-0.0767622973072781
3236,"long_v3_CCD0.0.25",1.58814632817043,0.0322612027387782,0.0925737425213487,-0.0464679169024777
3237,"long_v3_CCD0.0.25",2.00814849214396,0.0202501406849772,0.0518951230806329,-0.0801269724619972
3238,"long_v3_CCD0.0.25",2.18226071869447,0.0469083524066232,0.0448338798373493,-0.102615594959982
3239,"long_v3_CCD0.0.25",1.76805443144031,0.0202971759157384,0.0273461147993347,-0.0593993992283087
3240,"long_v3_CCD0.0.25",1.58288699272681,0.0103450174877615,0.0644597074337075,-0.161075778213073
3241,"long_v3_CCD0.0.25",1.70880983555427,-0.0140446234846463,-0.0390103680198481,-0.0821603157509852
3242,"long_v3_CCD0.0.25",1.70147538904142,0.0241232016550058,0.0447361153763404,-0.0208781286605406
3243,"long_v3_CCD0.0.25",1.92938530095017,0.021066197855398,0.0294690032583103,-0.113000758230076
3244,"long_v3_CCD0.0.25",1.8572362824033,0.0480355520825581,0.0100906057075861,-0.0465342744921718
3245,"long_v3_CCD0.0.25",1.90598873899259,-0.00815093236430793,0.0939287833259498,-0.10605235124454
3246,"long_v3_CCD0.0.25",1.98316740232334,0.0089228708422996,0.0824859963311372,-0.0638135121442257
3247,"long_v3_CCD0.0.25",2.16626114196277,0.0209045703074339,-0.00142099748981388,-0.101905661247799
3248,"long_v3_CCD0.0.25",2.16487287430835,-0.0226076231865054,0.0787997389694409,-0.100249058577147
3249,"long_v3_CCD0.0.25",1.97301506510738,-0.0129376135927795,-0.0465577117603684,-0.158654668782567
3250,"long_v3_CCD0.0.25",1.8912951741119,0.00366540901220524,0.03998771666143,-0.0330321935104144
3251,"long_v3_CCD0.0.25",2.10918006179796,-0.0250962406790273,0.0914658115244758,-0.0764655214543005
3252,"long_v3_CCD0.0.25",2.06617235221743,0.0779585930758889,-0.0193623006155689,-0.18594804636484
3253,"long_v3_CCD0.0.25",1.35861953048057,0.00745167786103163,0.0557380601814459,0.00252155437370427
3254,"long_v3_CCD0.0.25",1.97430530935679,0.0881532166699965,0.0751054540663152,-0.0977416538789407
3255,"long_v3_CCD0.0.25",1.85663363687956,0.0153210582002503,-0.00404132137620778,-0.0684464601079963
3256,"long_v3_CCD0.0.25",1.87906956684283,-0.0438229014364031,0.000723072321625821,-0.0894384036403804
3257,"long_v3_CCD0.0.25",1.88971696589577,-0.0108539744578448,0.0182430951013225,-0.0968052522678907
3258,"long_v3_CCD0.0.25",2.04686280376703,-0.0117626790207366,-0.00950868652088722,-0.106553514156231
3259,"long_v3_CCD0.0.25",1.65629517564915,0.0359675148765137,-0.0123273835493499,-0.0705259128422643
3260,"long_v3_CCD0.0.25",1.76516180551159,-0.0184684650014152,0.0215903825787074,-0.032661798400374
3261,"long_v3_CCD0.0.25",1.89156050923808,0.0353052744389423,0.0131131660753348,-0.0413952845329209
3262,"long_v3_CCD0.0.25",2.04185209942533,0.0749225138018542,0.0125036892601039,-0.0424772274120875
3263,"long_v3_CCD0.0.25",1.98461677884596,0.000915963304489545,0.00279630571139463,-0.0550522709077675
3264,"long_v3_CCD0.0.25",1.32976865979,0.0520189523035251,0.00202804676212453,-0.0814827554701928
3265,"long_v3_CCD0.0.25",2.204675846356,0.0497460789593146,-0.0538151714186059,-0.0253625639823884
3266,"long_v3_CCD0.0.25",1.80413242198672,0.0220106990722431,0.0280017052248624,-0.112587513461174
3267,"long_v3_CCD0.0.25",1.81255339864832,0.00698151826496761,0.0124202929826648,-0.0617808258368617
3268,"long_v3_CCD0.0.25",1.86226605238855,0.0395307566474057,0.00565717955264967,-0.129898490252705
3269,"long_v3_CCD0.0.25",2.19242775139896,0.0584420415137229,0.0206372133147679,-0.0870243319288791
3270,"long_v3_CCD0.0.25",1.95339880804963,0.0333471005805234,0.0723547316026631,-0.148139503741994
3271,"long_v3_CCD0.0.25",1.90898433306065,-0.0189484393989683,-0.0543925935748834,-0.0804584960829069
3272,"long_v3_CCD0.0.25",1.9104671287091,0.033249239644366,0.000723404210906692,-0.096410226373964
3273,"long_v3_CCD0.0.25",1.66178813049058,0.0401523704328985,0.0189310969399657,-0.0683284973466573
3274,"long_v3_CCD0.0.25",2.43893024054825,-0.0597138620935682,0.0155810942399012,-0.0578214547615419
3275,"long_v3_CCD0.0.25",1.49672033182296,0.0599370412694789,0.0257398063013961,-0.0757206822283358
3276,"long_v3_CCD0.0.25",2.18202558193307,-0.0218687822345748,0.0167228482270447,-0.0175541979792289
3277,"long_v3_CCD0.0.25",1.81697526590462,-0.00637449421113789,0.0527865605358936,-0.171529155417062
3278,"long_v3_CCD0.0.25",1.84732392855072,-0.0283859364808853,0.0466273788048938,-0.0861488786895285
3279,"long_v3_CCD0.0.25",2.02824193225606,0.0107073860858402,0.0880145561816747,-0.120238702148348
3280,"long_v3_CCD0.0.25",2.0817502252408,0.0226072107688013,-0.00666925013140111,-0.135649152390643
3281,"long_v3_CCD0.0.25",1.55341686012275,0.016997784988544,-0.0192963624749358,-0.0538717179168936
3282,"long_v3_CCD0.0.25",1.91834897558627,-0.0149685480520932,-0.0569169056415368,-0.180104073882893
3283,"long_v3_CCD0.0.25",1.54139462460948,0.0474396388750778,0.0153792397741159,-0.105213678028977
3284,"long_v3_CCD0.0.25",1.75375949345823,0.00269137358608041,0.0718569812958429,0.0357548256473973
3285,"long_v3_CCD0.0.25",2.07321852659422,0.00378442739631348,0.0380079672089704,-0.0790305997444404
3286,"long_v3_CCD0.0.25",1.57902385967073,0.0535791440710223,-0.00935770249158029,-0.116392598265486
3287,"long_v3_CCD0.0.25",1.94457111995267,-0.0426966908935507,0.0344760675497148,-0.101713567043249
3288,"long_v3_CCD0.0.25",1.98270444696279,0.0267882730622061,0.033103385304135,-0.113490807986106
3289,"long_v3_CCD0.0.25",1.59275424946738,0.00491261586469367,-0.0133470052809048,-0.0489505795861633
3290,"long_v3_CCD0.0.25",1.77797082514686,0.035349715998332,0.05530188182573,0.0155669690124243
3291,"long_v3_CCD0.0.25",1.7947028969892,-0.0635524811203433,0.056878762322675,-0.0648167981432039
3292,"long_v3_CCD0.0.25",1.66419012960511,0.0101664067634011,0.0394259579742225,-0.0417042659416064
3293,"long_v3_CCD0.0.25",1.69624407688434,-0.026740494642625,-0.01380990330232,-0.1006415678343
3294,"long_v3_CCD0.0.25",2.27127332629392,0.0156731966104902,0.0488594999680503,-0.128807620683618
3295,"long_v3_CCD0.0.25",1.75532355765356,0.0766824862477101,0.0391396515569186,-0.0355339658033108
3296,"long_v3_CCD0.0.25",1.34276150908303,-0.0325686247053039,0.0309260605904155,-0.0274570074099141
3297,"long_v3_CCD0.0.25",2.05608766618086,0.0950328844880695,-0.0708789300917792,-0.0516582487469905
3298,"long_v3_CCD0.0.25",1.73828416787389,0.0574803448366711,0.0314926895660871,-0.130885987807586
3299,"long_v3_CCD0.0.25",1.97860609930924,0.0228651013377308,-0.0237243442998901,-0.0957276151237761
3300,"long_v3_CCD0.0.25",1.99084375770831,0.0216432400555619,0.0940907326347755,-0.0433206925493932
3301,"long_v3_CCD0.0.25",1.65394143927033,-0.00455127592880821,-0.00789550356779362,-0.121222208726794
3302,"long_v3_CCD0.0.25",1.89278093125037,0.0230233015633555,-0.00128571017313557,-0.0949085308207697
3303,"long_v3_CCD0.0.25",2.14636854738041,0.00730342906806653,-0.00921282593285803,-0.0760912069196854
3304,"long_v3_CCD0.0.25",2.22241022537298,0.103757851157049,0.00689046640234843,-0.0575999781780329
3305,"long_v3_CCD0.0.25",1.64615810611012,-0.0507494190020641,0.0220696417597152,-0.0686205421265616
3306,"long_v3_CCD0.0.25",1.56874025594521,0.0262924875736635,0.0325434655084943,-0.0620638530360899
3307,"long_v3_CCD0.0.25",2.19524509129905,0.0480553701130158,0.00917441282192039,-0.125977751634752
3308,"long_v3_CCD0.0.25",2.02930447181593,-0.00944783349775564,0.0245954037707704,-0.0330357311818074
3309,"long_v3_CCD0.0.25",1.63362717600165,0.00578082498687765,0.0532628901231705,-0.0788112596975856
3310,"long_v3_CCD0.0.25",1.74322269623267,-0.010745425159688,0.0592047931606493,-0.064962478589726
3311,"long_v3_CCD0.0.25",1.77860810737302,-0.022721733773519,-0.0734657346823996,-0.115103873777908
3312,"long_v3_CCD0.0.25",1.81407999461338,-0.02887978435767,0.0193732074141229,-0.159339687049816
3313,"long_v3_CCD0.0.25",2.19527517039779,-0.0251967874373701,-0.0211372495362225,-0.183086936226822
3314,"long_v3_CCD0.0.25",1.64655561044487,-0.0051702697698619,0.0209075121835118,-0.160919675967835
3315,"long_v3_CCD0.0.25",1.71953896738179,-0.0300990466393168,0.0339612116470008,-0.0328007296826494
3316,"long_v3_CCD0.0.25",1.9211806063157,-0.0287459202626793,0.00328833147740003,-0.0941308304552937
3317,"long_v3_CCD0.0.25",1.77311680647651,0.019584785048377,0.0853611494650056,-0.0455273276290058
3318,"long_v3_CCD0.0.25",1.56197987675382,0.00167184180428194,-0.00545804482389334,-0.097537789886268
3319,"long_v3_CCD0.0.25",1.82347731986217,-0.0208449875535391,0.0187382809998859,-0.152028956501833
3320,"long_v3_CCD0.0.25",2.10846330066443,0.0359847905701679,0.0409069248586904,-0.125004253367541
3321,"long_v3_CCD0.0.25",1.83136730202886,-0.0411619422422373,0.0261154250794805,0.031109848408393
3322,"long_v3_CCD0.0.25",1.81181193990885,0.0172824404536254,0.0540073287277873,-0.14278426955641
3323,"long_v3_CCD0.0.25",2.13999886557974,0.00386480837441819,-0.00765582092567982,-0.140551841683539
3324,"long_v3_CCD0.0.25",2.11056140853529,0.034840414092818,0.0334461364793304,-0.105365112774612
3325,"long_v3_CCD0.0.25",2.04466682102727,0.0563919484048948,0.0141236735147982,-0.109140367783174
3326,"long_v3_CCD0.0.25",1.94157301137938,-0.00481909042117454,0.114335286724259,-0.18978731374817
3327,"long_v3_CCD0.0.25",1.66389918169966,-0.00219148133461417,0.056319707707744,-0.0368928170146502
3328,"long_v3_CCD0.0.25",2.05650792156531,0.0825413572505199,0.0216399172289665,-0.0684434444379459
3329,"long_v3_CCD0.0.25",1.72943078243264,0.00805623291851133,0.0645898582487912,-0.0955577894515651
3330,"long_v3_CCD0.0.25",2.07397757825922,0.0328317080870153,0.0954564396942416,-0.0907692014436151
3331,"long_v3_CCD0.0.25",1.82970588203405,0.0764322785918074,-0.0339358167241404,-0.013235687496795
3332,"long_v3_CCD0.0.25",1.88035087596801,0.0254532540997732,0.0379325638995247,-0.0915140164098229
3333,"long_v3_CCD0.0.25",2.1139781394078,0.0469050678315977,0.0335154852423569,-0.0116489263857607
3334,"long_v3_CCD0.0.25",2.04321794398982,-0.037044545937486,-0.00862490132588803,-0.0250255186132373
3335,"long_v3_CCD0.0.25",1.8608819037919,-0.0421447456723003,0.00421515796176625,-0.118438138970629
3336,"long_v3_CCD0.0.25",1.97885042892142,0.0198735694662343,0.0496698835020485,-0.0781935241914251
3337,"long_v3_CCD0.0.25",1.96435737652871,-0.0128166662462976,0.057116032356084,-0.0743606849254083
3338,"long_v3_CCD0.0.25",1.93528080748476,0.0352690192241416,-0.0239558281695254,-0.109178034792831
3339,"long_v3_CCD0.0.25",1.61611462365122,-0.00670863416382655,-0.0372328393738888,0.00329262300676051
3340,"long_v3_CCD0.0.25",1.89407655335441,-0.0294002527326052,0.0188236585261422,-0.0738590674701674
3341,"long_v3_CCD0.0.25",1.94665809715189,0.0148698291717876,0.0185504726744661,-0.171384717070396
3342,"long_v3_CCD0.0.25",2.16549247067,0.0237503472466724,0.0224735873024536,-0.140082791172243
3343,"long_v3_CCD0.0.25",1.5653730227949,-0.0301839305517352,0.0627024399805568,-0.109106125894793
3344,"long_v3_CCD0.0.25",2.13423554339713,-0.0561331375423324,0.0204716744828611,-0.0830550248312074
3345,"long_v3_CCD0.0.25",1.98000378886618,0.0258512931500353,-0.0428778468114254,-0.147508771007574
3346,"long_v3_CCD0.0.25",1.79070113603802,0.0220664348204399,-0.0172005830657503,-0.0598106866232579
3347,"long_v3_CCD0.0.25",1.88453604107583,-0.0448869357253272,0.0642195958811712,-0.0556066068855657
3348,"long_v3_CCD0.0.25",1.89804104910894,0.0180833146784067,-0.0335660917878561,-0.073981422453483
3349,"long_v3_CCD0.0.25",1.30204288628009,-0.0222154226734957,-0.0132233979927703,-0.0974694606244087
3350,"long_v3_CCD0.0.25",1.78204559505193,0.0641383566350571,0.0472181013739187,-0.14982927120747
3351,"long_v3_CCD0.0.25",1.89233494441667,-0.0346214184298891,0.00836815157896048,-0.111959439907218
3352,"long_v3_CCD0.0.25",2.107541074366,0.0151019787438355,0.0266620669245086,-0.129695713206036
3353,"long_v3_CCD0.0.25",2.13135440668406,0.058477442375767,0.0675948272355142,-0.0757849829006412
3354,"long_v3_CCD0.0.25",1.83578796931346,0.0119786861205112,0.0681748137105565,-0.116713192133823
3355,"long_v3_CCD0.0.25",1.92790930142517,-0.0182018478219215,0.025904233656123,-0.0641364213882819
3356,"long_v3_CCD0.0.25",1.83310964904449,-0.0241969679630054,0.0466334254546046,-0.0651648997556437
3357,"long_v3_CCD0.0.25",2.02302184052521,0.0118276944290701,0.0121996809275542,-0.048006877894848
3358,"long_v3_CCD0.0.25",0.912597934962886,-0.0165704913321473,0.0498744602680247,-0.0597949389493094
3359,"long_v3_CCD0.0.25",1.53874366131489,-0.0190400882155796,0.109852053961583,-0.0100632424125935
3360,"long_v3_CCD0.0.25",1.0549560599416,-0.00586311124978807,0.0407800985634086,-0.0458956730964089
3361,"long_v3_CCD0.0.25",1.83730869480543,0.0342585342595322,0.0246849254040713,-0.0719901478413313
3362,"long_v3_CCD0.0.25",1.8480909730731,-0.0368528420928768,0.0611078451590217,-0.0791833554925618
3363,"long_v3_CCD0.0.25",1.36851720675192,-0.00370441288943312,0.00465094517506208,-0.08393145558426
3364,"long_v3_CCD0.0.25",1.66561284937494,-0.0270035016362536,0.00477256015341423,-0.0969976357577277
3365,"long_v3_CCD0.0.25",1.88607215260538,0.0106639161719128,0.0452816674582905,-0.0575869026083235
3366,"long_v3_CCD0.0.25",1.38321295236699,0.0178025140586961,0.0274407987862325,-0.0949022600881752
3367,"long_v3_CCD0.0.25",1.97847437671783,-0.054635787379452,0.0837526198030584,-0.0941866915519521
3368,"long_v3_CCD0.0.25",1.98990000987141,-0.0119542304620574,-0.0607408393597951,-0.093208477652097
3369,"long_v3_CCD0.0.25",1.96660078002281,0.0375616613186084,-0.0141964250353985,-0.130514373324072
3370,"long_v3_CCD0.0.25",1.95086025526811,0.000298961654575092,-0.0592718288685509,-0.0778632072441614
3371,"long_v3_CCD0.0.25",2.30586710733545,0.0381936159240652,0.0695893066512342,-0.0818209334996887
3372,"long_v3_CCD0.0.25",1.77195719195633,-0.0469696230016425,0.0401101305159591,-0.0384638611545657
3373,"long_v3_CCD0.0.25",1.90179633437647,-0.040988472868769,0.0285794882148365,-0.0515592915211293
3374,"long_v3_CCD0.0.25",1.81615617064159,0.0350525876915769,0.0162683510140152,-0.0621121770330254
3375,"long_v3_CCD0.0.25",1.79748593487567,0.00933053267244964,0.0698791817223665,-0.157668835969397
3376,"long_v3_CCD0.0.25",1.86969701296737,-0.0171395225105945,0.0458971809502344,-0.123502237440834
3377,"long_v3_CCD0.0.25",1.88506062399576,0.0698707105145818,-0.0364237198337134,-0.0833101769081252
3378,"long_v3_CCD0.0.25",1.95209148511964,0.00902496235680715,-0.0107822470122457,-0.0614127182274468
3379,"long_v3_CCD0.0.25",2.16218702961258,0.0203615920982299,-0.0281659109087368,-0.165514991001612
3380,"long_v3_CCD0.0.25",1.87677716308392,-0.0427690973714388,-0.0519509280254614,-0.105840996532945
3381,"long_v3_CCD0.0.25",2.01942318044017,-0.00126680920092358,0.011283131035651,-0.0399148259301791
3382,"long_v3_CCD0.0.25",2.01444556368921,0.0500200028506018,-0.0290585755713242,-0.0633901001650572
3383,"long_v3_CCD0.0.25",1.87740979459637,-0.0051720042509737,0.075379912759771,-0.0950435120289271
3384,"long_v3_CCD0.0.25",1.47445781483722,-0.0288923014925197,0.0491661676859771,0.0062909933772906
3385,"long_v3_CCD0.0.25",2.20001920078874,0.0102833688219661,-0.0103519114326824,-0.0677247835481567
3386,"long_v3_CCD0.0.25",1.89419949777446,0.00533241568646793,0.0260354155724725,-0.0709142070919885
3387,"long_v3_CCD0.0.25",1.71640948744602,-0.0359119551113793,0.0273768313024304,-0.116421755922703
3388,"long_v3_CCD0.0.25",1.99799121775358,0.043603333644454,0.0645173205116368,-0.113064538000907
3389,"long_v3_CCD0.0.25",1.85009565814165,0.0388762378327288,0.0139400957925764,0.000722802168883781
3390,"long_v3_CCD0.0.25",1.85802575100652,0.0665404065881247,0.0459357269210916,-0.0879063342066598
3391,"long_v3_CCD0.0.25",1.95589749972202,0.0355320850468422,0.0324287036424281,-0.146441255744361
3392,"long_v3_CCD0.0.25",1.81430782400628,0.0340801883308756,0.00629761604586752,-0.068353122793717
3393,"long_v3_CCD0.0.25",1.93969839314856,0.0358573369392025,-0.0404290715986374,-0.0778674878766375
3394,"long_v3_CCD0.0.25",1.8979568257154,-0.00618246607368766,-0.0035030025298615,-0.0716770135906997
3395,"long_v3_CCD0.0.25",1.80684814921695,-0.00918030259868561,-0.00274053578366521,-0.0952089494669045
3396,"long_v3_CCD0.0.25",2.06532395616,0.0203637094212382,0.0211946113635342,-0.154495123501218
3397,"long_v3_CCD0.0.25",1.80608636318207,-0.0750037926355801,0.00770392038541159,-0.0336510882254501
3398,"long_v3_CCD0.0.25",1.60949212476498,-0.0384063097607788,0.0258318746569223,-0.10116141284709
3399,"long_v3_CCD0.0.25",1.64290019846621,-0.00959139386026147,-0.00973161113726934,-0.0663104736632233
3400,"long_v3_CCD0.0.25",1.91562437007109,-0.0179585996329789,0.0141027246852312,-0.0925702832398746
3401,"long_v3_CCD0.0.25",1.83516616096951,0.0474691171758188,-0.0242493138499209,-0.122361592296362
3402,"long_v3_CCD0.0.25",1.95126330640174,-0.0231743908572769,0.0606412073380889,-0.0739466278676193
3403,"long_v3_CCD0.0.25",1.72273424967831,0.0437718051373467,0.0259858315063678,-0.0759318386030448
3404,"long_v3_CCD0.0.25",1.74804658992136,0.0652421117540741,-0.00473670482348306,-0.0819262128508772
3405,"long_v3_CCD0.0.25",1.75599845021714,0.0365060985902117,0.0554852338300169,-0.149618802200348
3406,"long_v3_CCD0.0.25",2.0861148286094,0.0296128499961741,0.0556647111252078,-0.0314463351543656
3407,"long_v3_CCD0.0.25",1.35817226126995,-0.0853321238480264,0.0163242404464619,-0.116633105634604
3408,"long_v3_CCD0.0.25",1.98047071971859,0.0241561267903632,0.036009412966432,-0.126231107536306
3409,"long_v3_CCD0.0.25",1.78768120290076,-0.0390502202503855,0.00972201354952405,-0.084172365959322
3410,"long_v3_CCD0.0.25",1.90656064948576,0.000394858457215406,-0.049617933502543,-0.0804335390577058
3411,"long_v3_CCD0.0.25",2.03379980172609,-0.0356180658840256,0.0465247725753273,0.0123012480345739
3412,"long_v3_CCD0.0.25",2.16104132087024,-0.0202213300275567,0.0317854170854498,-0.0349510353590115
3413,"long_v3_CCD0.0.25",2.24952348219796,-0.0108915443981042,0.0176100254253706,-0.045726179668938
3414,"long_v3_CCD0.0.25",2.10366328537701,-0.0881129046435726,-0.0122187081542317,0.000296151793648442
3415,"long_v3_CCD0.0.25",2.11391031984323,0.0243495001284987,0.0352740155373608,-0.0717850870945989
3416,"long_v3_CCD0.0.25",1.67305449134292,0.0426807073338287,-0.0153743057500091,0.0172645151481871
3417,"long_v3_CCD0.0.25",1.92542082924955,-0.0215937929499347,-0.0164941514422728,-0.16234169420622
3418,"long_v3_CCD0.0.25",1.83139920150215,-0.0123806702302162,-0.0610134784590398,-0.0369786399857005
3419,"long_v3_CCD0.0.25",1.92250180081709,0.0534383165496407,0.00378400028901821,-0.142685208941104
3420,"long_v3_CCD0.0.25",1.95120571933961,-0.0115093987391777,0.0342741190943068,-0.175496261595428
3421,"long_v3_CCD0.0.25",2.03542947649978,-0.0125951932579119,0.02973924225316,0.00440791322337507
3422,"long_v3_CCD0.0.25",1.47977829781782,-0.030609074414965,-0.0297155407578007,0.0110797515099394
3423,"long_v3_CCD0.0.25",1.6753537239542,0.00232828594593007,0.058360085376038,-0.0652585644521893
3424,"long_v3_CCD0.0.25",2.1273225582624,0.00262212522558707,0.0078741699093937,-0.0933716839165282
3425,"long_v3_CCD0.0.25",1.61697356424079,0.0471488983386729,0.000298239012793274,0.0266437510221983
3426,"long_v3_CCD0.0.25",2.15518336426398,-0.025953758769758,0.011173139511399,-0.118324522433214
3427,"long_v3_CCD0.0.25",2.00574769735093,-0.0305820923777,-0.0252432324554412,-0.147639429485693
3428,"long_v3_CCD0.0.25",1.93623452455932,0.00359490421244808,0.0210393619788787,-0.0480057122306273
3429,"long_v3_CCD0.0.25",1.84178927067325,0.0868999521756896,0.0387563100276034,-0.0670116957578562
3430,"long_v3_CCD0.0.25",2.41329111917688,0.0125489508109528,0.0193227873851293,-0.177321920790013
3431,"long_v3_CCD0.0.25",1.75104886122282,0.078050487734046,0.050049948900839,-0.107708300534203
3432,"long_v3_CCD0.0.25",1.70089597384672,-0.0208079235688827,-0.00657054802964642,-0.0144959917003984
3433,"long_v3_CCD0.0.25",1.72896248891002,-0.107679815502865,0.0377477699955579,-0.0395538795985651
3434,"long_v3_CCD0.0.25",1.92124252998843,-0.0215384972764187,0.0784532999933245,-0.0315755936643126
3435,"long_v3_CCD0.0.25",1.43740297947777,0.111865698162676,0.00819288045196969,-0.0425092030232845
3436,"long_v3_CCD0.0.25",1.79881636982688,-0.0290603356490193,0.0993416053120289,-0.054595958439392
3437,"long_v3_CCD0.0.25",1.96614531527453,-0.0385028444937638,0.0376240698105728,-0.100571262465093
3438,"long_v3_CCD0.0.25",2.13814697002303,0.0155564979006302,0.051416152953537,-0.0581528084700458
3439,"long_v3_CCD0.0.25",2.19441950611357,0.00693977807849431,0.0622941613518997,-0.056809026734475
3440,"long_v3_CCD0.0.25",1.83358930995756,0.015165015492062,0.0430862680279646,-0.0423469428493263
3441,"long_v3_CCD0.0.25",2.04277761838471,0.0809297123082269,0.0362043201965301,-0.0649331999315779
3442,"long_v3_CCD0.0.25",1.75057667798804,0.015628233786733,0.105097784120859,-0.0240554958299919
3443,"long_v3_CCD0.0.25",1.97403687007781,0.0222359601483623,0.0305496789867373,-0.0612326740341022
3444,"long_v3_CCD0.0.25",1.50869306804563,0.0816871567837478,0.0574755541255154,-0.0495145282478363
3445,"long_v3_CCD0.0.25",1.9052315014532,-0.0050597075482268,0.0498541641982523,-0.0888082772556685
3446,"long_v3_CCD0.0.25",1.81370338838706,-0.00710301388334078,0.0841640271432401,-0.00504510351965259
3447,"long_v3_CCD0.0.25",1.8069977068037,-0.0694008039996093,-0.0352059951081302,-0.0624038862135998
3448,"long_v3_CCD0.0.25",1.81140414366697,0.0590063855416134,0.0135111194567865,-0.107725647901423
3449,"long_v3_CCD0.0.25",1.68644255308381,0.0442735903783052,-0.0404531592000312,-0.088653101961351
3450,"long_v3_CCD0.0.25",2.12237431182908,0.0113988588584711,-0.00157207712033511,-0.0907173020140212
3451,"long_v3_CCD0.0.25",2.09202583807402,0.0195871952714636,0.0944220284659632,-0.0610140690204585
3452,"long_v3_CCD0.0.25",1.91676687819624,0.0427315792730628,0.0310478501472239,-0.0865939010493566
3453,"long_v3_CCD0.0.25",2.02365276584989,0.0433723357030377,-0.0197359336387347,-0.124297321474759
3454,"long_v3_CCD0.0.25",2.10076673273064,0.0136821793087187,0.0357978533390047,-0.10576962155142
3455,"long_v3_CCD0.0.25",2.05689892224192,0.0182431837900571,-0.00482283839490001,-0.164901613607179
3456,"long_v3_CCD0.0.25",1.79294670327185,-0.030272542073943,-0.0344100886846971,-0.107963490584246
3457,"long_v3_CCD0.0.25",1.94455879503983,0.000246539091035933,0.0148844346361951,-0.156788092259909
3458,"long_v3_CCD0.0.25",1.52921741165457,0.0331106210043107,-0.017693370199194,-0.0531937601447672
3459,"long_v3_CCD0.0.25",2.19722269735456,0.0408752557426037,-0.00185776367937692,-0.0431540949683815
3460,"long_v3_CCD0.0.25",2.37172317441292,-0.0286495317469052,0.0581241373029086,-0.182181343289369
3461,"long_v3_CCD0.0.25",1.53290398073102,-0.000243633117968942,0.0128465607849103,-0.0437233085664031
3462,"long_v3_CCD0.0.25",1.70616516346516,0.0260862798125072,-0.039360338118668,-0.0219254291083937
3463,"long_v3_CCD0.0.25",2.09724898129464,-0.00394507179427627,0.0625825905117861,-0.096865107262218
3464,"long_v3_CCD0.0.25",1.90979903563886,0.0134584672799851,0.015490943869,-0.0440083985061506
3465,"long_v3_CCD0.0.25",2.29417677699426,0.00398706130206487,-0.0113853618434896,-0.113434467485842
3466,"long_v3_CCD0.0.25",1.81954981447228,0.0262603271320344,-0.0266829947069993,-0.00525676734389221
3467,"long_v3_CCD0.0.25",1.86186452086797,0.0362580815051554,0.00277077840648021,-0.0714294719568785
3468,"long_v3_CCD0.0.25",1.9788938026937,0.0655765570945705,-0.0174408769107025,-0.147088678485897
3469,"long_v3_CCD0.0.25",2.06819576246704,-0.0204970921811393,0.0297893559505542,-0.099927342772129
3470,"long_v3_CCD0.0.25",1.90885176020424,0.0970694095095223,0.0422498518751211,-0.131976145521531
3471,"long_v3_CCD0.0.25",1.89942065992446,-0.00149412034699225,0.0439551844314752,-0.0764945476455096
3472,"long_v3_CCD0.0.25",2.14227296763927,0.00226100143197883,-0.0436572874427748,-0.0410423750718656
3473,"long_v3_CCD0.0.25",1.98455790772311,-0.0251922093496599,0.0359465737454311,-0.0673717231088318
3474,"long_v3_CCD0.0.25",1.76220905454412,-0.0354043965485644,0.0201097552859876,-0.0896938233115534
3475,"long_v3_CCD0.0.25",2.02221501540277,-0.000538955782042969,-0.0291368310709206,-0.0640785546047327
3476,"long_v3_CCD0.0.25",1.73127440937066,0.0125856695883317,0.0353483251412061,-0.0450703412441032
3477,"long_v3_CCD0.0.25",1.87291210633507,-0.0103499321919976,-0.0358186026353528,-0.120019447725792
3478,"long_v3_CCD0.0.25",2.16782196146233,0.0414351503407093,0.00718282609906995,-0.161266476702859
3479,"long_v3_CCD0.0.25",1.80796075827775,-0.0337868837183007,-0.00413171664668727,-0.114946587753165
3480,"long_v3_CCD0.0.25",1.98121126285838,0.0467788192202251,0.00327279814762836,-0.132054835987263
3481,"long_v3_CCD0.0.25",1.62548719982678,-0.034593773097974,0.0298274215736058,-0.173846971415908
3482,"long_v3_CCD0.0.25",1.93443069930913,0.0193469664728945,0.0995125518023652,-0.0884271767812171
3483,"long_v3_CCD0.0.25",1.77620845330079,0.00931437174727816,0.0179954860070973,-0.123444933811547
3484,"long_v3_CCD0.0.25",1.9818458604672,0.0168900763763975,0.0147429697289651,-0.0678277623547664
3485,"long_v3_CCD0.0.25",1.89041917133062,-0.0272864809919331,0.0658813533981609,-0.0693844618348238
3486,"long_v3_CCD0.0.25",1.84973812283867,0.0359841162696963,-0.045267969895022,-0.0867726910066914
3487,"long_v3_CCD0.0.25",2.03448814257467,-0.00564988790198739,0.0594663797191303,-0.0887636094850749
3488,"long_v3_CCD0.0.25",2.02485358128184,-0.0180897674825061,0.0596157417778591,-0.0649251657818837
3489,"long_v3_CCD0.0.25",2.24923602732698,-0.0328564388144777,0.0143760616339644,-0.0113589258529322
3490,"long_v3_CCD0.0.25",2.09954650612067,0.0240515171674638,0.0471633544927379,-0.10511698625326
3491,"long_v3_CCD0.0.25",1.93062319398009,-0.0563080924501514,0.0229081973321214,-0.122694480820141
3492,"long_v3_CCD0.0.25",1.77493398386091,-0.005022954156126,0.0347695959940674,0.0569501867298064
3493,"long_v3_CCD0.0.25",1.86394777279397,-0.0258038656524678,0.0191047904028226,-0.0809971151784685
3494,"long_v3_CCD0.0.25",2.00964851016659,0.00657707098144803,0.024896564597463,-0.137737423420819
3495,"long_v3_CCD0.0.25",1.81452738168381,0.0254137282936109,-0.0381856208994494,-0.0819296884326424
3496,"long_v3_CCD0.0.25",1.48592809775777,-0.0199735970611646,0.0876778719113858,-0.0970313117854858
3497,"long_v3_CCD0.0.25",1.9785591566167,0.0445011646346424,0.0243689371868038,-0.109890427090444
3498,"long_v3_CCD0.0.25",2.28704979064098,-0.00255366918893602,0.0281801949301506,-0.14553701176267
3499,"long_v3_CCD0.0.25",1.89831773277546,0.0139459771300425,0.110580186151444,-0.0794165147251395
3500,"long_v3_CCD0.0.25",1.50025210739161,0.0261726889052444,-0.0264720682661114,-0.0679281256951628
3501,"long_v3_CCD0.0.25",1.88128334797144,0.0416348028608917,0.00741311162160936,-0.0828217247318373
3502,"long_v3_CCD0.0.25",1.76102743427916,0.0335408248203913,0.0143226648100999,-0.10175053114834
3503,"long_v3_CCD0.0.25",1.83470370332469,0.00490850049209676,0.0540246000626989,-0.0216197245136113
3504,"long_v3_CCD0.0.25",1.87524607082848,0.00796071579130609,0.0495789843965185,-0.0509881995337809
3505,"long_v3_CCD0.0.25",1.59198022769294,0.0300101405762203,-0.0160723884027367,-0.126948316236646
3506,"long_v3_CCD0.0.25",1.95728399087115,-0.00667118825431923,0.0578224268557128,-0.0385037759127169
3507,"long_v3_CCD0.0.25",1.51432918704161,0.0466070676733395,-0.0165264124297817,-0.101507793589326
3508,"long_v3_CCD0.0.25",2.00637735740465,-0.0376723870503784,0.0148290341743652,-0.171775344436911
3509,"long_v3_CCD0.0.25",1.98933194091674,-0.0109128090308716,-0.00792757931411692,-0.0791529172624997
3510,"long_v3_CCD0.0.25",1.74045724432832,-0.0323754300078353,-0.0197138982956124,-0.054541025428627
3511,"long_v3_CCD0.0.25",1.92192579179782,-0.00258302567382165,0.0217467280570446,-0.00267043815825843
3512,"long_v3_CCD0.0.25",1.91529517030615,-0.01575633809574,-0.0324261717854565,-0.0577719680610037
3513,"long_v3_CCD0.0.25",2.14383061076389,-0.0111821607651894,0.107190595914508,-0.0892159868797444
3514,"long_v3_CCD0.0.25",1.77765896036222,0.00689684418612031,0.0551492507584369,-0.0844370727020951
3515,"long_v3_CCD0.0.25",1.75306659059492,0.0383585378031272,0.00630798793970902,-0.164180000852646
3516,"long_v3_CCD0.0.25",1.69047576455449,-0.0162356108474934,0.00513438592594333,-0.0622440390953139
3517,"long_v3_CCD0.0.25",2.02842530931709,-0.0465218190640109,-0.0265418237303797,-0.053507094753813
3518,"long_v3_CCD0.0.25",1.77425265522672,-0.0402128509197632,0.0245025578617634,0.0251075204318143
3519,"long_v3_CCD0.0.25",1.99936122449411,0.00598631106029021,0.00552820333618638,-0.110866821025616
3520,"long_v3_CCD0.0.25",1.89176031671672,-0.0359895063174281,-0.0877206549962257,-0.0603170659974559
3521,"long_v3_CCD0.0.25",1.91937514890644,0.0341138391674054,0.0694661782030713,-0.00985784201999593
3522,"long_v3_CCD0.0.25",1.95048843461857,0.040376170686659,0.031307018080247,0.00914010364793016
3523,"long_v3_CCD0.0.25",2.12549138582329,-0.00165606149268783,0.0469882956288409,-0.0159564837466248
3524,"long_v3_CCD0.0.25",1.99328638547583,-0.0230713027956715,0.00320019681209514,0.0103218680608331
3525,"long_v3_CCD0.0.25",2.06952756164293,0.0432278211532826,0.0359703624302103,-0.139521498937515
3526,"long_v3_CCD0.0.25",1.96368667161756,0.0231730080627077,0.00535521234771675,-0.0870214930585808
3527,"long_v3_CCD0.0.25",1.71900458782388,0.00689837148261265,-0.0301845902737944,-0.105879911821109
3528,"long_v3_CCD0.0.25",1.99356015697404,0.0333685987705595,0.0400580249795792,-0.143536426164767
3529,"long_v3_CCD0.0.25",2.11833298655075,0.0152570706773483,0.00734841905398799,-0.197908866063861
3530,"long_v3_CCD0.0.25",1.89133499481081,-0.0375448967086065,0.0312868542825384,-0.0555490315993177
3531,"long_v3_CCD0.0.25",1.92428845607526,0.0297022650551478,0.0225155313480533,-0.13028546934035
3532,"long_v3_CCD0.0.25",1.69119299423341,-0.0319742798355078,0.0435544892861972,-0.0770378065882441
3533,"long_v3_CCD0.0.25",1.36763127846736,0.0356776705236701,0.0753423949241363,-0.108022320518337
3534,"long_v3_CCD0.0.25",1.93114105063616,-0.0141103025591533,0.0649070352531509,-0.102879950483041
3535,"long_v3_CCD0.0.25",2.03999371503917,0.00509874191246138,-0.0485084587510482,0.00210000051721842
3536,"long_v3_CCD0.0.25",0.969836282921584,0.044637135473942,0.0461414732839818,-0.0664777960029122
3537,"long_v3_CCD0.0.25",2.02257304909675,0.0261721275943693,-0.026251363523907,-0.123620210581888
3538,"long_v3_CCD0.0.25",2.03225770613382,0.0503629854475034,-0.0324036235903967,-0.16639707818608
3539,"long_v3_CCD0.0.25",2.05298479113258,0.0236256590504113,0.0337781691512919,-0.110390247645346
3540,"long_v3_CCD0.0.25",1.68311116837471,0.0131301335172181,-0.0116348440608485,-0.0822131558563045
3541,"long_v3_CCD0.0.25",2.02608266277092,0.0145446805608547,-0.0222891850448138,-0.0169585709903037
3542,"long_v3_CCD0.0.25",1.60712047381327,0.0306561428842059,0.0722832637473483,-0.0886246622875062
3543,"long_v3_CCD0.0.25",1.91359515926784,-0.038931507683928,-0.00874894117052138,-0.0424253358465684
3544,"long_v3_CCD0.0.25",1.99476100455882,0.0119823144234967,-0.0223433301101464,-0.0886236037568685
3545,"long_v3_CCD0.0.25",1.83922216516431,0.013195859626326,0.0277615338747577,-0.135177646595409
3546,"long_v3_CCD0.0.25",1.89411677152211,-0.00868670071809288,0.012165586731783,-0.0794532823111934
3547,"long_v3_CCD0.0.25",2.11910219406518,0.0711695932450793,0.0133808852920067,-0.152568343536259
3548,"long_v3_CCD0.0.25",1.94325747455366,0.0450613804511595,-0.0203415604590497,-0.110440451961572
3549,"long_v3_CCD0.0.25",1.9933819685789,-0.0654682570135827,-0.0925032635567414,0.0105662300276861
3550,"long_v3_CCD0.0.25",1.93769306336885,0.0191402445283506,0.047382327918979,-0.0408148240899905
3551,"long_v3_CCD0.0.25",2.03746543149984,0.0288587323983844,0.0979889771310617,-0.0707338773345828
3552,"long_v3_CCD0.0.25",1.60338978478379,-0.0650504879212708,0.01653890326438,-0.0861575319949629
3553,"long_v3_CCD0.0.25",1.65518632119158,0.0202818607364753,-0.00944219918692433,-0.0777022559097455
3554,"long_v3_CCD0.0.25",2.06370268345582,0.00138409586124606,0.0161046736335619,-0.0906938081783745
3555,"long_v3_CCD0.0.25",1.84251224190014,-0.0656263918621379,-0.00788189880219169,0.00910047757692047
3556,"long_v3_CCD0.0.25",2.22167673910779,-0.0164027599626085,0.0502082638061691,-0.117403400953056
3557,"long_v3_CCD0.0.25",1.63075387968218,0.0212014731393056,-0.0287535593674887,-0.0598517439757528
3558,"long_v3_CCD0.0.25",1.94876256146214,-0.0432757029126113,0.0834341756941898,-0.033603104956002
3559,"long_v3_CCD0.0.25",2.02412683545877,-0.0101169330065972,0.156061932938479,-0.0567996202169489
3560,"long_v3_CCD0.0.25",1.78667109439044,-0.0330910793880085,0.0409682422299457,-0.0730172233043416
3561,"long_v3_CCD0.0.25",2.27666361042768,-0.00233053093924598,-0.0390957282093395,-0.109839788705903
3562,"long_v3_CCD0.0.25",1.7354284781786,0.0196747966529324,0.0647812717331116,-0.0452110203031982
3563,"long_v3_CCD0.0.25",1.61833404558894,0.0291432162500323,-0.020182488140659,-0.108335684943988
3564,"long_v3_CCD0.0.25",2.19534697728597,0.00898236387653853,-0.0270569471806086,-0.132478527573278
3565,"long_v3_CCD0.0.25",2.06271871904248,-0.0509949807931876,0.0886788005297642,-0.0519046248137568
3566,"long_v3_CCD0.0.25",2.00264680444935,0.00983309980393891,0.0210098458735431,-0.0299629547893894
3567,"long_v3_CCD0.0.25",1.86181520917763,0.0174246814332919,0.0685773828629739,-0.155649729850214
3568,"long_v3_CCD0.0.25",2.28863197730849,0.010551556924921,0.0457659058339163,-0.0774875380682812
3569,"long_v3_CCD0.0.25",1.89906123302472,-0.068737570415042,0.0878208080645045,-0.0361177670712551
3570,"long_v3_CCD0.0.25",1.67723923152156,0.0241482314362561,0.0447698084231242,-0.0482242103037517
3571,"long_v3_CCD0.0.25",1.97172130106804,-0.017168036461616,0.00850021584716735,-0.0627683972459013
3572,"long_v3_CCD0.0.25",1.58403911774921,-0.00491762831303729,-0.00280277613281825,-0.0559376081670981
3573,"long_v3_CCD0.0.25",1.92606214787009,0.00775886861150419,0.0170336031494159,-0.0944109062721046
3574,"long_v3_CCD0.0.25",1.93049176850664,-0.0358076242370305,0.0791082376416126,-0.0517275214768885
3575,"long_v3_CCD0.0.25",1.78007998422464,0.0208703435382639,-0.0453821248725162,-0.0575663743398086
3576,"long_v3_CCD0.0.25",1.9743768709189,0.0559288697538674,-0.0445436428613845,-0.0162417164429721
3577,"long_v3_CCD0.0.25",1.7146437821543,-0.0228770881054146,0.0314429620748457,-0.107251493121786
3578,"long_v3_CCD0.0.25",1.82209776882402,0.0147418431904275,0.0256999716794274,-0.0500537016760566
3579,"long_v3_CCD0.0.25",1.99292111902915,-0.00395593414187728,0.0924739570429251,-0.0802150302182736
3580,"long_v3_CCD0.0.25",1.90145304993905,0.0306374571419195,0.0134256535259214,-0.0532764162184351
3581,"long_v3_CCD0.0.25",1.72149019203709,-0.0369664626622525,0.0202128485480253,-0.0426804976921234
3582,"long_v3_CCD0.0.25",1.6994397543401,-0.0110767168425357,-0.0187057823732082,-0.0493057451979836
3583,"long_v3_CCD0.0.25",1.92468714619446,-0.0296811131429307,0.0103826117321677,-0.0870584732132483
3584,"long_v3_CCD0.0.25",1.6036883446328,0.0156310729328932,-0.0326294726005955,-0.102034768528948
3585,"long_v3_CCD0.0.25",1.95103423572433,0.0271788204825294,0.0960357436701229,-0.00799269827035433
3586,"long_v3_CCD0.0.25",1.78852170910494,0.0234035858630801,-0.00620276410258494,-0.0707818717215042
3587,"long_v3_CCD0.0.25",1.92379525810086,0.0105805583767476,0.0164487585277474,-0.147839139382362
3588,"long_v3_CCD0.0.25",2.09508298063967,0.0467407282492544,-0.00336112343199615,-0.0977720222973865
3589,"long_v3_CCD0.0.25",1.83983625397285,-0.0210906490276118,0.0233225429711777,-0.0340893830419878
3590,"long_v3_CCD0.0.25",1.83568298704437,-0.0613944673693418,0.0129989934750473,-0.0975831685196059
3591,"long_v3_CCD0.0.25",1.90509645781294,-0.0275971183382912,0.0298911128136087,-0.0680222891703175
3592,"long_v3_CCD0.0.25",1.65389440197132,-0.00618967297660148,0.0298075645538708,-0.0791917345732148
3593,"long_v3_CCD0.0.25",1.56091409126254,0.0522734764901895,0.00590369717388713,-0.0923365669199254
3594,"long_v3_CCD0.0.25",1.79406786717166,0.0274900061142318,0.0155099361294717,-0.0362053278695963
3595,"long_v3_CCD0.0.25",1.86603707997639,0.0113590639216196,-0.000460177884361411,0.00258344168109578
3596,"long_v3_CCD0.0.25",2.00272243216577,0.0116853296384471,0.0809813032700931,-0.0778129019000261
3597,"long_v3_CCD0.0.25",1.82130864176136,-0.0212008957852647,0.00175097822735969,-0.105181676643405
3598,"long_v3_CCD0.0.25",2.08546351060116,0.0101877195056369,0.114061940000728,-0.0992892365770332
3599,"long_v3_CCD0.0.25",2.03175971566332,-0.0407784030143757,-0.0404821203989405,-0.138717075866076
3600,"long_v3_CCD0.0.25",1.89833946913361,0.0207296428981431,0.0376479037138691,-0.065901988520553
3601,"long_v3_CCD0.0.25",2.05237228464859,0.0177831419081449,0.0378560525756721,-0.117277687873629
3602,"long_v3_CCD0.0.25",1.93181999315494,0.0544657384657561,-0.000564324321140397,-0.0881631054397463
3603,"long_v3_CCD0.0.25",2.10839329527433,0.0281984051970732,-0.0251038333311473,-0.145881982720981
3604,"long_v3_CCD0.0.25",2.07264876726189,0.0979301485211342,0.0342508760305247,-0.13161768006528
3605,"long_v3_CCD0.0.25",1.67429715508877,0.0423963637845995,-0.0189525363976059,-0.0134975232576947
3606,"long_v3_CCD0.0.25",1.76824967367823,0.0751867912730751,-0.0111294529950311,-0.0932879593329169
3607,"long_v3_CCD0.0.25",1.92304659069284,-0.0540222786722132,0.0793782403067602,-0.0290976887386501
3608,"long_v3_CCD0.0.25",1.75432768205021,-0.00339346075984506,0.0273782651090513,-0.053358489684777
3609,"long_v3_CCD0.0.25",1.96190453173088,-0.0193823920231713,0.00643814024783708,-0.0764235121575974
3610,"long_v3_CCD0.0.25",1.62824177593291,0.069328135836495,0.0451714718229522,-0.0709818970555476
3611,"long_v3_CCD0.0.25",1.49375439163126,-0.00185498401670967,0.0374700201694212,-0.0624987825788335
3612,"long_v3_CCD0.0.25",1.64846053206894,-0.0372594516511943,0.036030140296048,-0.0423681397470405
3613,"long_v3_CCD0.0.25",1.68943091852759,0.0235955304746466,0.0210512818293414,-0.102347133788199
3614,"long_v3_CCD0.0.25",1.72942134040969,-0.0062807297578019,0.0150401431704187,-0.0495973915268186
3615,"long_v3_CCD0.0.25",1.8365958467388,0.00483999132508419,0.114121319811168,-0.0466265609932127
3616,"long_v3_CCD0.0.25",1.78759876453503,-0.0133970953975574,0.00879527941850876,-0.0950668685626645
3617,"long_v3_CCD0.0.25",2.00233694220918,0.0347271425472786,0.0737080528637785,-0.0648968845464784
3618,"long_v3_CCD0.0.25",2.02178235620932,0.0346099073358568,0.0706739190054629,-0.0582393256842892
3619,"long_v3_CCD0.0.25",1.95741558898728,0.0155680565434249,0.0585209792258934,-0.0555804712498363
3620,"long_v3_CCD0.0.25",1.78721748740625,0.0775788051933124,0.0698356224325689,-0.0654602801513755
3621,"long_v3_CCD0.0.25",1.85393895244727,-0.0117675466084478,0.0808220239933131,-0.0715144623663804
3622,"long_v3_CCD0.0.25",1.67526237547604,0.0273352832304517,0.0184652261250993,-0.0348346741918628
3623,"long_v3_CCD0.0.25",1.92982602911529,0.0646564721052016,-0.0622123168792336,-0.0449444692218596
3624,"long_v3_CCD0.0.25",1.87852839158632,-0.000720435462673231,-0.017579108101737,-0.152021854014968
3625,"long_v3_CCD0.0.25",1.77449127810298,0.0369419485405246,0.10382644213228,-0.1845980689692
3626,"long_v3_CCD0.0.25",2.08022476086736,-0.0026087625785476,-0.051775092402859,-0.112409538712314
3627,"long_v3_CCD0.0.25",1.90035963031329,0.0445221948799366,-0.023905017071409,-0.0710159344517798
3628,"long_v3_CCD0.0.25",2.13630130531893,0.0278811289176405,0.0208685897748524,-0.0748226793919782
3629,"long_v3_CCD0.0.25",1.75841836228216,0.0428313358913135,0.0798854586293488,-0.074948977032159
3630,"long_v3_CCD0.0.25",1.8217089697989,0.0442957002707816,-0.0442862860155967,-0.0846392472531199
3631,"long_v3_CCD0.0.25",1.99974842830579,0.0366301004533257,-0.0102126191145078,-0.12207736758171
3632,"long_v3_CCD0.0.25",2.00295672422137,0.00352708393331053,0.0364410987927522,-0.0203787475424569
3633,"long_v3_CCD0.0.25",1.95349028401753,0.0205647157884933,0.030112098442635,-0.0849039121960103
3634,"long_v3_CCD0.0.25",1.42469915088694,0.0317900810820218,-0.02893032603946,-0.0615661652462364
3635,"long_v3_CCD0.0.25",1.91382695006801,-0.0361463276118517,0.0717251092859182,-0.0686529921059677
3636,"long_v3_CCD0.0.25",1.86671558329836,0.086660585954115,0.0193987077720005,-0.133620732486913
3637,"long_v3_CCD0.0.25",2.08413676785294,-0.0221956441784363,-0.0208466582489168,-0.0184261239895721
3638,"long_v3_CCD0.0.25",2.09066419542073,0.0783838076726044,0.0454414100179876,-0.101281125577819
3639,"long_v3_CCD0.0.25",1.72617233448739,0.02521932694633,0.00386200617311934,-0.0842421153383094
3640,"long_v3_CCD0.0.25",1.63829750753126,0.0436586783774345,-0.016260564856606,-0.0844901672656704
3641,"long_v3_CCD0.0.25",1.44822844486774,0.0521894854109608,0.0788182165586267,-0.0145839986118509
3642,"long_v3_CCD0.0.25",2.15768130340276,0.00646069896371818,0.0405540447660514,-0.0900323186915617
3643,"long_v3_CCD0.0.25",1.36571369692207,-0.0572095074255538,-0.0329503800897292,-0.00629799799502294
3644,"long_v3_CCD0.0.25",1.79350704976584,0.00660486451419902,0.0396477481327136,-0.0842726509129398
3645,"long_v3_CCD0.0.25",1.4814512621624,-0.0400672238010373,-0.0039118287840125,-0.106587419537294
3646,"long_v3_CCD0.0.25",1.81095811458236,-0.0358604093383688,0.012664283098381,-0.0353322650903137
3647,"long_v3_CCD0.0.25",2.4474808146568,0.010050580191703,-0.0489078572497331,-0.0883006216444347
3648,"long_v3_CCD0.0.25",1.69767432253616,-0.0264032502474994,0.0244750165555436,-0.0839614399743189
3649,"long_v3_CCD0.0.25",2.02845750536173,0.0142443595479155,0.0515542525223188,-0.00854880640664813
3650,"long_v3_CCD0.0.25",1.87114025305857,0.0398651838510978,-0.0283160462573881,-0.124844956880764
3651,"long_v3_CCD0.0.25",2.08078488464686,0.0211047018843534,0.0241116127852481,-0.0830943003973625
3652,"long_v3_CCD0.0.25",1.70231781982156,0.010659586446493,0.0564231076465529,-0.0683291767869621
3653,"long_v3_CCD0.0.25",1.95671103252749,0.0159174944568285,0.0480209927011836,-0.098605005030245
3654,"long_v3_CCD0.0.25",1.73531509671716,-0.014610179617387,0.0292916579884075,0.0262156201586776
3655,"long_v3_CCD0.0.25",1.89997379347384,-0.0317112338083636,0.0232302947969682,-0.102623679081213
3656,"long_v3_CCD0.0.25",2.21061332356619,-0.00790549812699212,-0.000697631106377064,-0.211985326012429
3657,"long_v3_CCD0.0.25",2.03291165738789,-0.0517535136141397,0.0436576766607911,-0.0321277399447339
3658,"long_v3_CCD0.0.25",1.67123652285258,0.0106688174290644,0.0384704277441398,-0.113328157299308
3659,"long_v3_CCD0.0.25",1.8458500248286,0.0404175908928937,0.0175602945078194,-0.058239716587911
3660,"long_v3_CCD0.0.25",1.82229423534451,0.013487260630215,0.0420973040762735,-0.110469303035536
3661,"long_v3_CCD0.0.25",1.90491284967815,0.0285978468142341,0.000520404719697339,-0.0552718088587728
3662,"long_v3_CCD0.0.25",2.14902414055668,-0.00437185999105196,0.0654977987794309,-0.128837352122968
3663,"long_v3_CCD0.0.25",1.87057973700117,-0.00588241618250739,0.0322597008656693,-0.15537680019503
3664,"long_v3_CCD0.0.25",1.46868545972099,0.0188829311205075,0.0445025641957386,-0.0276789364238274
3665,"long_v3_CCD0.0.25",1.84321549110765,0.0124253438143867,-0.00803014924469924,-0.0982474068556845
3666,"long_v3_CCD0.0.25",1.44939153146288,0.0345213595585566,-0.0274709336772953,-0.116195849753302
3667,"long_v3_CCD0.0.25",1.93359624739406,0.0412433734607379,-0.0140816553757577,-0.1087380184682
3668,"long_v3_CCD0.0.25",1.60571344232845,0.00270404395865311,-0.00895410488733926,-0.0782840945439774
3669,"long_v3_CCD0.0.25",1.88418547803799,0.0583150927313342,0.0320195350762454,-0.119624053974835
3670,"long_v3_CCD0.0.25",2.37293541190118,0.041482841136861,-0.0291560799528065,-0.127875470263151
3671,"long_v3_CCD0.0.25",1.99667863292447,-0.0149026721495336,0.00793308983288509,-0.0893749509834737
3672,"long_v3_CCD0.0.25",1.8432899281901,0.0258686821236557,0.0314982974217766,-0.0623926505313004
3673,"long_v3_CCD0.0.25",2.16203718554885,-0.0782163949263479,0.0387995747307061,-0.0680490035894603
3674,"long_v3_CCD0.0.25",1.87149376421117,-0.0245430654913903,0.0311907727296854,-0.0386085219971003
3675,"long_v3_CCD0.0.25",1.61691757640601,0.012133554023291,0.0772404214844753,-0.0811318262884401
3676,"long_v3_CCD0.0.25",2.0817525690121,0.0494695586388476,0.0522177837029239,-0.0152076930806616
3677,"long_v3_CCD0.0.25",2.32939734239267,0.0275130062792027,0.0345494379113539,0.0161213073053608
3678,"long_v3_CCD0.0.25",2.00779518088407,-0.0109347131261447,-0.00366264177804532,-0.110184259522589
3679,"long_v3_CCD0.0.25",1.93329408994515,-0.0286503007621983,0.04121949061577,-0.0816421167708564
3680,"long_v3_CCD0.0.25",0.982381622786644,-0.0782075849927603,0.0216731004826852,-0.0782452022738034
3681,"long_v3_CCD0.0.25",1.69823876582867,0.0475557694041465,0.0178240629315864,0.0170372641762668
3682,"long_v3_CCD0.0.25",1.72413492466159,-0.0064973642554077,0.060492468284178,-0.0968605972979227
3683,"long_v3_CCD0.0.25",1.94924053233356,-0.0547888044090722,0.0383280412084106,0.00125152410533
3684,"long_v3_CCD0.0.25",1.94787314348979,0.00228115703939984,0.00891049592845762,-0.057021998337691
3685,"long_v3_CCD0.0.25",2.21309818582359,0.00431577359714498,-0.0600390796213135,-0.187509856933205
3686,"long_v3_CCD0.0.25",1.77376361127631,0.0253894102314811,0.0455337203078464,-0.170680051913319
3687,"long_v3_CCD0.0.25",1.84791972361322,0.0639751961183586,0.0405688195496074,-0.173397656800588
3688,"long_v3_CCD0.0.25",1.9244127666437,0.00908960486935325,0.0331249871795996,-0.105269192543499
3689,"long_v3_CCD0.0.25",1.88961710242157,-0.0571352478208682,-0.00864416444956418,-0.0680555820991007
3690,"long_v3_CCD0.0.25",1.43699619918637,0.0133793817720156,-0.00014061422591231,-0.0533327317004178
3691,"long_v3_CCD0.0.25",1.62024158759804,0.0118609845009329,0.0387758853746042,-0.0968179459776473
3692,"long_v3_CCD0.0.25",1.84731559617881,-0.0391042576615456,0.00341065757299661,-0.0918428634761284
3693,"long_v3_CCD0.0.25",1.94887580006802,-0.00067783097714114,-0.0101937075127522,-0.0981384834396637
3694,"long_v3_CCD0.0.25",2.17231158244891,-0.00978634194019138,0.0245330754742617,-0.131993242898704
3695,"long_v3_CCD0.0.25",1.92061178059567,-0.0648569220123321,0.0523228735668987,-0.0630094088025024
3696,"long_v3_CCD0.0.25",2.10857959621465,0.0271043346412682,0.0234381179295039,-0.155678768575806
3697,"long_v3_CCD0.0.25",1.69593462098583,-0.0303009385686094,0.0282152800649328,-0.131125603198154
3698,"long_v3_CCD0.0.25",1.69934385375613,0.0129715576842599,0.0171275160497713,-0.105892328191754
3699,"long_v3_CCD0.0.25",1.75003136987004,0.0410675778800971,0.0555579135750803,-0.109900687292996
3700,"long_v3_CCD0.0.25",1.81396114169248,-0.0439897313778415,0.00305206808717578,-0.0481642283022875
3701,"long_v3_CCD0.0.25",1.86314003252808,-0.0323940306713001,0.0126870790420904,-0.140141884578922
3702,"long_v3_CCD0.0.25",1.59847549764144,0.0506776697530464,-0.0101258167268027,-0.084995890952836
3703,"long_v3_CCD0.0.25",2.23554304463592,0.0476595308908724,0.0369983369968419,-0.116789153620815
3704,"long_v3_CCD0.0.25",1.45040706031884,0.0358288563004765,0.0425710651470069,-0.0411383579460775
3705,"long_v3_CCD0.0.25",1.89035550871893,0.0158908597506188,0.00435164009635098,-0.0874228426112346
3706,"long_v3_CCD0.0.25",2.02548761740555,-0.0667468715545918,-0.0204919607910492,-0.0930633097853437
3707,"long_v3_CCD0.0.25",1.88074214010435,0.00379864692048732,-0.00704375337726894,-0.167296793053524
3708,"long_v3_CCD0.0.25",2.01687498128855,-0.00285167586151996,-0.00358373503080123,-0.0677144623020009
3709,"long_v3_CCD0.0.25",2.05051969064154,-0.00127319667457694,0.0435925524688925,-0.0718544875905466
3710,"long_v3_CCD0.0.25",2.02528845235664,0.00549322012628599,-0.00245538312194403,-0.0897033608805358
3711,"long_v3_CCD0.0.25",2.14437987308383,0.0615395783867147,0.0230867276945848,-0.141797836658202
3712,"long_v3_CCD0.0.25",1.39035375763842,-0.00131751431350072,-0.0203189658869365,0.0107952013484309
3713,"long_v3_CCD0.0.25",1.69859386839274,0.0571630669183373,0.0839285809873219,-0.00669265872939289
3714,"long_v3_CCD0.0.25",1.58840931078775,0.0296225941801438,-0.00424540518884741,-0.0875278836385935
3715,"long_v3_CCD0.0.25",2.09455048357507,0.00499284659846137,0.0591748200576795,-0.156790192650284
3716,"long_v3_CCD0.0.25",1.88275161449757,-0.0379539948707931,0.066188546309023,0.0287784267448005
3717,"long_v3_CCD0.0.25",2.3260401204477,0.0304725952777138,-0.0313745781931714,-0.152171714690382
3718,"long_v3_CCD0.0.25",1.843824554973,-0.00425267865903787,-0.0105816142952915,-0.1254399525593
3719,"long_v3_CCD0.0.25",1.99343122899653,0.00447767494664905,0.0811579639228696,-0.0722445133245189
3720,"long_v3_CCD0.0.25",2.04942018021001,0.0276911670107429,-0.0383767923050098,-0.0528947902830653
3721,"long_v3_CCD0.0.25",1.9047518597538,0.0193403523571363,-0.00842711645889921,-0.0444513735034812
3722,"long_v3_CCD0.0.25",1.98932940707337,0.0218504024308357,0.0891569241615058,-0.152069434956664
3723,"long_v3_CCD0.0.25",2.19830243153377,0.057992065895416,-0.027649219535172,-0.0816334352634028
3724,"long_v3_CCD0.0.25",1.76213806034291,-0.0147047012435936,-0.0463019007694224,-0.136589086256873
3725,"long_v3_CCD0.0.25",1.66479335716292,-0.0592497071709098,0.0310344608043733,-0.0724264908427544
3726,"long_v3_CCD0.0.25",2.11931735219276,0.0306510866281295,-0.0170244664475063,-0.0965370044725413
3727,"long_v3_CCD0.0.25",1.81244371141268,-0.0839292999637711,-0.0304569418221613,-0.183739364665348
3728,"long_v3_CCD0.0.25",2.02085937435234,0.0773357771139551,-0.0130270891909184,-0.0789139510005496
3729,"long_v3_CCD0.0.25",1.93606094210822,0.027937052221167,0.0551055435852473,-0.113683091524401
3730,"long_v3_CCD0.0.25",1.9107815815399,-0.00737766090579586,-0.00972831055090598,-0.137311839104665
3731,"long_v3_CCD0.0.25",1.86529934862563,-0.0193749053202178,0.019830736079656,-0.0799062169575992
3732,"long_v3_CCD0.0.25",1.553545322893,0.147861848827856,-0.0211540491801153,-0.0330255509595309
3733,"long_v3_CCD0.0.25",2.25106187995896,0.0904190086447449,0.038233997822381,-0.0852721821216608
3734,"long_v3_CCD0.0.25",1.77357359266379,0.0454152555106799,0.0484459466697486,-0.114160504344365
3735,"long_v3_CCD0.0.25",1.6721321837472,0.0395245147763118,0.045255176597245,-0.135188067339203
3736,"long_v3_CCD0.0.25",1.80336967568239,0.0751057236273036,0.0560704355612682,-0.0400199607271513
3737,"long_v3_CCD0.0.25",1.89671917515123,-0.057508467953109,0.0297492161429389,-0.089838143226441
3738,"long_v3_CCD0.0.25",1.94736531721436,0.0443597207597018,0.0735968643667875,-0.0424080053860208
3739,"long_v3_CCD0.0.25",1.87936943123864,0.00354260093936074,0.0866533243514863,-0.147557174485794
3740,"long_v3_CCD0.0.25",1.70256223711328,-0.0224592033558001,-0.0556438109799553,-0.0920239184594317
3741,"long_v3_CCD0.0.25",1.92594933149711,-0.00916996783399141,0.085170199273702,-0.0436604562109753
3742,"long_v3_CCD0.0.25",1.92796758641309,-0.0262278023410743,0.0645723958657662,-0.096558738246456
3743,"long_v3_CCD0.0.25",1.99451753308301,0.0565180147032774,0.0453759623650259,-0.137675574335734
3744,"long_v3_CCD0.0.25",2.09141131701606,0.0461067978363555,-0.0191534029940404,-0.120644928438364
3745,"long_v3_CCD0.0.25",1.89112020694783,0.032132381141749,-0.041446340396735,-0.0407161372024985
3746,"long_v3_CCD0.0.25",1.81733399519109,0.0359615200670382,-0.0587308340603221,-0.0108927659848194
3747,"long_v3_CCD0.0.25",2.05978746356322,-0.047058957238533,0.0215163191528963,0.026183407724055
3748,"long_v3_CCD0.0.25",1.84315168023107,-0.035653778838262,0.035075649493605,-0.0787493277383124
3749,"long_v3_CCD0.0.25",1.75157564643661,0.0592731471723201,0.0661967688042349,-0.0846897224453625
3750,"long_v3_CCD0.0.25",1.93327813561994,0.0342089128866411,-0.0832407695309375,-0.00329448531220442
3751,"long_v3_CCD0.0.25",1.83313357896979,-0.0384666840364337,-0.00575035194482138,-0.0776826831197864
3752,"long_v3_CCD0.0.25",1.86036808474909,0.0398555923026378,0.0419452766675665,-0.112891053049739
3753,"long_v3_CCD0.0.25",1.87138202569324,0.024294755484392,0.0369320930173699,-0.0920470013727701
3754,"long_v3_CCD0.0.25",2.22859847431182,0.0208373972960648,0.0401385910668787,-0.152847804473328
3755,"long_v3_CCD0.0.25",1.96373781457752,0.0650712123955175,0.0124365625298318,-0.191094387667554
3756,"long_v3_CCD0.0.25",1.79843567945197,-0.0198335360742494,0.0145372483584319,-0.138109838812005
3757,"long_v3_CCD0.0.25",2.43149564419076,0.0351087910410355,0.0100428280240257,-0.124361289373325
3758,"long_v3_CCD0.0.25",2.032155823069,-0.000384800347004647,-0.00412788929916458,-0.131639792430105
3759,"long_v3_CCD0.0.25",1.67809988010416,0.0148488534142897,0.00198769697265909,-0.0813557987892634
3760,"long_v3_CCD0.0.25",1.85938968100374,-0.0203209253060962,0.00769161098128568,-0.0642246172963953
3761,"long_v3_CCD0.0.25",1.93892736250083,-0.0624430599721906,0.0247501506593732,-0.0220951241695885
3762,"long_v3_CCD0.0.25",1.33077719087054,0.00846521829137621,-0.0356218273217322,-0.0486053498734698
3763,"long_v3_CCD0.0.25",2.11407078791264,-0.0495973151387216,0.0572208770703172,-0.0139696995297908
3764,"long_v3_CCD0.0.25",1.83944904095284,0.0139873715142844,0.0278696391585272,0.01057259868572
3765,"long_v3_CCD0.0.25",1.95258407958983,-0.0106492980689151,-0.0121753743308184,-0.0996753774405859
3766,"long_v3_CCD0.0.25",1.95970543049183,-0.0260022053984763,-0.000966841882343313,0.00275373238534256
3767,"long_v3_CCD0.0.25",1.80805658471745,0.0263836176075627,-0.0160445083891511,-0.173736665818849
3768,"long_v3_CCD0.0.25",1.78161785558653,0.0221944144122589,-0.00589642413807563,-0.15453588279142
3769,"long_v3_CCD0.0.25",1.87094256072373,0.0390898451776089,0.0599207678500844,-0.0882870936839168
3770,"long_v3_CCD0.0.25",1.57703208683294,0.0509833245796339,0.0359755928050899,-0.136021470886679
3771,"long_v3_CCD0.0.25",2.20752195905299,0.0370008677632809,0.00966622040185757,-0.0530454458470531
3772,"long_v3_CCD0.0.25",2.00170139611119,0.00778488474398451,-0.00121811227862448,-0.09373383903372
3773,"long_v3_CCD0.0.25",1.75842817216521,-0.030874407722213,-0.00506440802240695,-0.069297538003333
3774,"long_v3_CCD0.0.25",2.15763363913304,0.00678659813052979,-0.00505900400756151,-0.0900084161595977
3775,"long_v3_CCD0.0.25",1.90494314674216,-0.0393091126588811,0.0242830681688525,-0.108049859641535
3776,"long_v3_CCD0.0.25",1.82076773681919,0.0296958802198295,0.0178266485465312,-0.0891350233580717
3777,"long_v3_CCD0.0.25",1.91859155706263,-0.0307570747137919,-0.0511707493264297,-0.112983949492726
3778,"long_v3_CCD0.0.25",1.92649692800354,-0.0138354883933084,0.0630196949571117,-0.131924656589078
3779,"long_v3_CCD0.0.25",2.02374534950973,0.0286198250334898,0.0255483611364383,-0.0763545531672779
3780,"long_v3_CCD0.0.25",2.04546078685855,-0.0514047764903632,0.0455167751359551,-0.169934763237118
3781,"long_v3_CCD0.0.25",1.87886567311076,0.00972617793783686,0.00966354480087142,-0.0160595913432496
3782,"long_v3_CCD0.0.25",1.72730083473194,0.0374173332798569,-0.0467138999122517,-0.0843582378081039
3783,"long_v3_CCD0.0.25",1.84162804193324,-0.0313829782956707,-0.0983576896152115,-0.0717078250278589
3784,"long_v3_CCD0.0.25",2.07465587644951,-0.0180068217433052,0.0567193428488916,-0.0446456445928091
3785,"long_v3_CCD0.0.25",2.05465450615301,0.034595070957968,0.052757594668157,-0.10407878253163
3786,"long_v3_CCD0.0.25",1.7234517622357,0.0751753405580851,-0.0187379460409908,-0.103980908185653
3787,"long_v3_CCD0.0.25",1.99192805896516,0.0523084505300955,0.0330469853947982,-0.0960655579775467
3788,"long_v3_CCD0.0.25",1.75515157785993,-0.0104198841938153,-0.0376527321581082,-0.0305139577433775
3789,"long_v3_CCD0.0.25",1.95518670952021,0.0905442315688343,0.0016641917762702,-0.150692021900216
3790,"long_v3_CCD0.0.25",1.71653885342,-0.0202051986257444,0.047245873573672,-0.130457504241345
3791,"long_v3_CCD0.0.25",1.84241817421889,-0.0658966122967205,0.116512974819592,-0.0730465709217045
3792,"long_v3_CCD0.0.25",1.98160428992505,0.0529615539811221,0.0344362027146557,-0.103540527801051
3793,"long_v3_CCD0.0.25",1.73243017079732,0.0279109417731887,0.0737306407069451,-0.0376935775538182
3794,"long_v3_CCD0.0.25",1.90288296864373,0.0359573856777536,-0.0317446898805147,-0.105397633934855
3795,"long_v3_CCD0.0.25",1.94449506762779,0.0517954660910773,0.0484771145349731,-0.100202575416478
3796,"long_v3_CCD0.0.25",1.71830562544762,-0.0110899580980547,0.109653888192949,0.00317192582564257
3797,"long_v3_CCD0.0.25",2.20267817652085,0.0511222330326736,-0.0524141392892743,-0.111758292755386
3798,"long_v3_CCD0.0.25",1.51684519970871,0.00209868016092684,-0.032015126931829,-0.146091904824776
3799,"long_v3_CCD0.0.25",2.0082286578922,-0.0218931825071306,0.0359134327164695,-0.150313252403785
3800,"long_v3_CCD0.0.25",2.03655392950491,0.0606052100365913,0.0271817276793638,-0.0151278299798268
3801,"long_v3_CCD0.0.25",1.85310512944188,0.05755065957152,0.0773972087875078,-0.103979855096196
3802,"long_v3_CCD0.0.25",1.86082050751064,0.0241215834964954,0.0479211394167979,-0.0388363770186358
3803,"long_v3_CCD0.0.25",2.08646300797988,0.0194755821323101,0.116476767675679,-0.116518705700077
3804,"long_v3_CCD0.0.25",1.90855649112843,0.0771055474426612,-0.0311904835689757,-0.123245437233305
3805,"long_v3_CCD0.0.25",1.95741783552328,-0.0234614310846795,0.0551948479818359,-0.120821145338899
3806,"long_v3_CCD0.0.25",2.22524088731461,-0.0102840227819798,0.046833756510802,-0.135104700151191
3807,"long_v3_CCD0.0.25",2.40866146788162,0.0977189720034379,0.0270401091168767,-0.0635578662646087
3808,"long_v3_CCD0.0.25",1.77010831368505,-0.0244959644529051,0.0316394830535835,-0.0713372955996057
3809,"long_v3_CCD0.0.25",2.1092294436105,0.0112850204572956,-0.0186651792326203,-0.0993059994658313
3810,"long_v3_CCD0.0.25",2.09507142809854,0.0186697139765466,0.0474004110329817,-0.134487092553443
3811,"long_v3_CCD0.0.25",1.96418062264343,0.0229712237288782,0.0122965432656888,-0.116916614851007
3812,"long_v3_CCD0.0.25",2.13514933031659,0.0299058163139863,-0.0216739850876182,-0.146652881241137
3813,"long_v3_CCD0.0.25",1.61537313878447,-0.0154619072425466,-0.00994001451621694,0.0295648642320829
3814,"long_v3_CCD0.0.25",1.93980801310783,0.0115164300621919,-0.0153657847334942,-0.0738531857327831
3815,"long_v3_CCD0.0.25",2.05538028569621,0.0630430938139813,0.00840314471578856,-0.0714388720893815
3816,"long_v3_CCD0.0.25",1.98770669972926,-0.0210210017628092,-0.0468491917936708,-0.0749927246328295
3817,"long_v3_CCD0.0.25",1.90306122392618,0.0309194587443786,0.0490628983908344,-0.0473469993356502
3818,"long_v3_CCD0.0.25",1.84237397956583,-0.0043169582716924,0.0247170443517892,-0.0809089604514877
3819,"long_v3_CCD0.0.25",1.83314546757531,0.00919911716920297,0.0348513503367784,-0.0670622421828329
3820,"long_v3_CCD0.0.25",1.94381115662728,0.0807268675366513,-0.0385925380787615,-0.0793622623628181
3821,"long_v3_CCD0.0.25",2.11088271789607,-0.0211552547662094,-0.0584156739878142,-0.136788005339075
3822,"long_v3_CCD0.0.25",1.86387214945753,0.0952051254454615,0.0903623850333064,-0.0441170097582807
3823,"long_v3_CCD0.0.25",1.911417954124,-0.0101299668996239,-0.0406811483144589,-0.0684591161274718
3824,"long_v3_CCD0.0.25",1.84493754985319,-0.000922317940250561,0.00777198569702692,-0.0883076292066951
3825,"long_v3_CCD0.0.25",1.77982289598046,0.0737189379485872,0.0165364444680509,-0.133774321640691
3826,"long_v3_CCD0.0.25",1.79287879071469,-0.0128228607352436,0.0154163605175998,0.00898920070921896
3827,"long_v3_CCD0.0.25",1.95651718138295,0.0239492008277471,0.0415048610770654,-0.116223956290236
3828,"long_v3_CCD0.0.25",1.49514528843984,0.0419310123495651,0.044988554048549,-0.00203390613598194
3829,"long_v3_CCD0.0.25",1.83665042733303,0.014658537182349,0.0807981204259311,-0.0511815923704771
3830,"long_v3_CCD0.0.25",1.82099969609463,-0.0246043661818378,-0.0150374731996036,-0.0946082360659179
3831,"long_v3_CCD0.0.25",1.94378912305601,-0.00468229005837945,-0.00726029434277224,-0.0446262703109051
3832,"long_v3_CCD0.0.25",2.17388980241923,0.0171906748308544,0.0897813290887926,-0.035438680424226
3833,"long_v3_CCD0.0.25",1.89897924557257,0.0279420380654637,0.0766326360437656,-0.055621561442124
3834,"long_v3_CCD0.0.25",1.92805685753137,0.0135806241980868,-0.0210203942349481,-0.0497612854066509
3835,"long_v3_CCD0.0.25",1.9843057843223,0.00377889452430607,-0.0285716449453337,-0.0542720089495974
3836,"long_v3_CCD0.0.25",2.07166574980452,0.0608076400623398,-0.0312878298070366,-0.134230410090795
3837,"long_v3_CCD0.0.25",1.88491121697749,-0.0152087941268608,0.0694076959477526,-0.110339493178395
3838,"long_v3_CCD0.0.25",1.81962557376076,0.000720641755795183,0.0407658904040122,-0.0505404257757288
3839,"long_v3_CCD0.0.25",1.75858788249233,0.0549042495495844,0.0606250195067301,-0.0884878340232055
3840,"long_v3_CCD0.0.25",1.79012198836354,0.00679918766231123,0.0415796167561026,-0.114871052138124
3841,"long_v3_CCD0.0.25",1.75823283663074,0.0163539826729574,0.00916362089997435,-0.172349704749802
3842,"long_v3_CCD0.0.25",2.02212050788333,0.0641217097485648,0.0240780183779412,-0.0744211057780189
3843,"long_v3_CCD0.0.25",1.89121728463831,-0.0429006661098518,0.03320359684793,-0.134362470717822
3844,"long_v3_CCD0.0.25",1.62113418557185,-0.0216602499621098,0.110564824843361,-0.0884390597075766
3845,"long_v3_CCD0.0.25",2.09323034653933,0.0332925085657283,0.00270172716063999,-0.095965297754263
3846,"long_v3_CCD0.0.25",2.02402710600464,-0.0399155584891898,-0.0339787408264886,-0.133703318321589
3847,"long_v3_CCD0.0.25",1.79871185871013,0.0171972068155653,-0.0152544944053138,-0.0974409009022734
3848,"long_v3_CCD0.0.25",1.98712040583444,0.0251991536510453,0.00470643324121878,-0.0983897027274678
3849,"long_v3_CCD0.0.25",1.48014283188588,-0.00417199452251506,0.00920502059255438,-0.113317030706188
3850,"long_v3_CCD0.0.25",1.68200921072171,-0.0590906545753951,0.035854814648144,-0.0709012802429741
3851,"long_v3_CCD0.0.25",1.85875056870215,0.0338118335698966,0.0463114464226048,-0.116468292566602
3852,"long_v3_CCD0.0.25",1.80488558675042,-0.00215666547722412,0.0123643931748287,-0.00546156834586073
3853,"long_v3_CCD0.0.25",1.92927747289589,0.0596566428329563,-0.068008099315004,-0.109906092670012
3854,"long_v3_CCD0.0.25",1.92042680865957,0.0268089876811777,-0.0590027501113906,-0.0690245338504899
3855,"long_v3_CCD0.0.25",1.86863101913583,0.0136872980003672,-0.064605057352761,-0.0975643043414864
3856,"long_v3_CCD0.0.25",1.50793486485435,0.0816865550420349,-0.0274845407748817,-0.0686336214510707
3857,"long_v3_CCD0.0.25",2.05844340864704,-0.0521195548910179,0.031358800600705,-0.074899599054541
3858,"long_v3_CCD0.0.25",1.90962948267923,0.0258814444699495,-0.0623059346642239,-0.142680369801053
3859,"long_v3_CCD0.0.25",1.87248679259043,0.0324779195023773,-0.0106199586883723,-0.0329221128727378
3860,"long_v3_CCD0.0.25",1.91557861268339,0.0378549044661832,0.109658405013676,-0.0279433437912803
3861,"long_v3_CCD0.0.25",1.57565409775546,-0.0305815314797703,0.138878084131447,-0.0126543034845654
3862,"long_v3_CCD0.0.25",1.8342012468188,-0.00820837039219835,0.0224179762024593,-0.0881047332976047
3863,"long_v3_CCD0.0.25",2.03303089227888,0.042130975546531,-0.0303444415598249,-0.139423077932272
3864,"long_v3_CCD0.0.25",1.95407718694241,-0.0161530958788298,-0.032676233945492,-0.0635727754670644
3865,"long_v3_CCD0.0.25",2.13420475894503,0.0553820844373702,0.0381210094727172,-0.142289136151011
3866,"long_v3_CCD0.0.25",1.89597275611832,-0.0366136472019453,0.0308571826403821,-0.0633376266537406
3867,"long_v3_CCD0.0.25",1.65193038769149,-0.0218918163429642,-0.0259666060333954,-0.0536996109129136
3868,"long_v3_CCD0.0.25",1.85026385397461,0.0571169730985968,0.0239775192758383,-0.0243456891204867
3869,"long_v3_CCD0.0.25",1.92452708985064,-0.0245346216112199,0.0127538816473334,-0.0486978207256775
3870,"long_v3_CCD0.0.25",2.27197714509426,0.0829427646968279,0.0198656761601611,-0.0676952062279329
3871,"long_v3_CCD0.0.25",1.55500389199025,-0.0159670231752884,0.0679288804289831,-0.0301958812627575
3872,"long_v3_CCD0.0.25",1.83417186734169,0.00584382691595348,0.01672373384118,-0.0454749058060575
3873,"long_v3_CCD0.0.25",1.79184034615747,-0.0217903238698028,0.0482224968900183,-0.0680005959347221
3874,"long_v3_CCD0.0.25",1.91183080109276,0.047597791937256,0.0463266317780909,-0.138217301176976
3875,"long_v3_CCD0.0.25",1.92303774616188,0.0519505003808603,-0.00856666927809528,-0.124419884557291
3876,"long_v3_CCD0.0.25",2.12029359896929,0.0258459659476067,-0.0186897292733498,-0.185339136261134
3877,"long_v3_CCD0.0.25",1.40189657041608,-0.0233270981110953,-0.0318461611337841,-0.118198639141849
3878,"long_v3_CCD0.0.25",1.89359019158815,0.0293174786069664,0.0244696626925633,-0.0595978620936071
3879,"long_v3_CCD0.0.25",1.74395411414174,0.0146634872116395,0.0613435769510851,-0.0334614857906461
3880,"long_v3_CCD0.0.25",1.39698732682015,-0.00125925216816543,0.0302740137614207,-0.114577030632128
3881,"long_v3_CCD0.0.25",2.00597631071428,-0.000487260673088499,0.0615778137646848,0.000469982641687274
3882,"long_v3_CCD0.0.25",2.04001941919736,0.0239929094753814,0.0661111645312333,-0.0777300434937201
3883,"long_v3_CCD0.0.25",2.18005724430843,0.0130475738379489,-0.00890561075232594,-0.217825885371553
3884,"long_v3_CCD0.0.25",1.84065538824484,0.0130318361847116,0.0339284394409943,-0.0492294687778853
3885,"long_v3_CCD0.0.25",1.78524361583342,-0.00629365580984287,0.0375327368121797,-0.085188227756347
3886,"long_v3_CCD0.0.25",1.94965590623777,0.0369002369068148,0.0618871532573233,-0.118045503345864
3887,"long_v3_CCD0.0.25",0.909642990792347,-0.0181150557394506,0.00918325338211166,-0.092639742552184
3888,"long_v3_CCD0.0.25",2.04291520621124,-0.00548982542098185,0.0470092249238662,-0.0727923063070363
3889,"long_v3_CCD0.0.25",1.81495622189213,0.0108232095157188,0.03671527894319,-0.0209262248560921
3890,"long_v3_CCD0.0.25",1.83768489182102,0.00960347749557048,0.0343654308633384,-0.0597274136710154
3891,"long_v3_CCD0.0.25",1.99558140920059,0.0703342901263764,0.0094999968739583,-0.146156241071072
3892,"long_v3_CCD0.0.25",1.84309593511592,-0.051703347011386,0.0282124620614163,-0.0548809300037483
3893,"long_v3_CCD0.0.25",1.97633216407072,-0.0675995674422161,0.113222344484023,0.041315519924618
3894,"long_v3_CCD0.0.25",2.02310103049518,-0.0335161969482662,-0.0354171822418817,-0.148295856368183
3895,"long_v3_CCD0.0.25",1.23051930508968,-0.0085014959747689,0.099544568295463,-0.0605453972394916
3896,"long_v3_CCD0.0.25",2.10627924736411,0.0323780793175033,-0.000101782402244829,-0.110430522716962
3897,"long_v3_CCD0.0.25",1.99035287419635,-0.0414407884625393,0.0590184138260584,0.0234309696548057
3898,"long_v3_CCD0.0.25",1.94980022236776,-0.0108086815487185,-0.0333758837976671,-0.0355962169286353
3899,"long_v3_CCD0.0.25",2.0841073193007,0.0767147110427556,-0.00189445867320651,-0.175402716783463
3900,"long_v3_CCD0.0.25",2.08950438095486,0.0314700667330895,0.0268436724985201,-0.146630449107495
3901,"long_v3_CCD0.0.25",1.81135522056836,-0.0198325098859604,0.0879192125070637,-0.0990536356889738
3902,"long_v3_CCD0.0.25",1.85752392737309,-0.040042437209526,-0.0142362139344114,-0.106731495356128
3903,"long_v3_CCD0.0.25",2.04315581690238,0.0262373713257743,0.0416508284470694,-0.115873422709784
3904,"long_v3_CCD0.0.25",1.94057586158424,0.00754429909734279,0.0398444555699076,-0.0735874604554956
3905,"long_v3_CCD0.0.25",1.76683609668695,-0.0524459748610629,-0.00253265733028846,-0.151380626508338
3906,"long_v3_CCD0.0.25",1.78788205258802,0.0297255494972798,0.015398416899784,-0.078218317383857
3907,"long_v3_CCD0.0.25",1.85549197964945,0.0589506054378301,0.0303325862743509,-0.122539316195649
3908,"long_v3_CCD0.0.25",1.91468603427877,0.0183644012611491,-0.0154105003807048,-0.0755273377586369
3909,"long_v3_CCD0.0.25",1.91458490457646,0.0187902839745399,0.087128544191178,-0.166774776839207
3910,"long_v3_CCD0.0.25",2.11659989784801,0.0154444206573044,0.0433319064024405,-0.165369513863279
3911,"long_v3_CCD0.0.25",2.04102413960878,0.0868560058697694,0.0130775224857969,-0.0969458118696151
3912,"long_v3_CCD0.0.25",1.79773768290466,-0.0407032348557698,0.0212594349626439,-0.0804205900674592
3913,"long_v3_CCD0.0.25",1.99428153412832,0.0559961059305551,-0.0277865280775782,-0.102130424952255
3914,"long_v3_CCD0.0.25",1.83602840070745,0.0476280595552096,0.0538406693488984,-0.152650994429639
3915,"long_v3_CCD0.0.25",1.47158532826332,-0.00917280414041881,-0.0254177840380303,-0.16472027820141
3916,"long_v3_CCD0.0.25",1.60638754002889,0.0422497036455984,-0.0339732346591278,-0.0565312130687035
3917,"long_v3_CCD0.0.25",2.02482949256402,-0.00148558830088982,-0.0051063774691548,-0.200687824504906
3918,"long_v3_CCD0.0.25",1.90296879694133,0.00533057193426711,0.0566022625792751,-0.0918693663461065
3919,"long_v3_CCD0.0.25",1.83926459195669,-0.0260878713585671,0.0243176997671102,-0.0959844425675412
3920,"long_v3_CCD0.0.25",1.80933979226789,0.00190110291686118,0.0216021526737002,-0.116604944305038
3921,"long_v3_CCD0.0.25",2.08140443368694,0.0538589684991796,0.0739427657434023,-0.101015891703301
3922,"long_v3_CCD0.0.25",1.76021627901963,0.0477600519140533,0.0450712782340082,-0.0435587914826223
3923,"long_v3_CCD0.0.25",2.13610204628532,0.0553985826249728,0.0287265426449559,-0.121388109436114
3924,"long_v3_CCD0.0.25",1.69011887228301,0.0418699925584917,0.0472385723975516,-0.0374300344959192
3925,"long_v3_CCD0.0.25",2.07579979821116,0.0030286370487788,0.0211981357499913,-0.0868514358874727
3926,"long_v3_CCD0.0.25",1.99281499968773,0.116400505684079,-0.0193745063958262,-0.0820359379753007
3927,"long_v3_CCD0.0.25",1.84349400986499,0.0999269739682164,0.0426481030552526,-0.0985031258932118
3928,"long_v3_CCD0.0.25",1.78149380842047,0.0250608180221454,0.0962767321667439,-0.147568316332497
3929,"long_v3_CCD0.0.25",1.88939951594992,0.0604506284550457,0.00351096364911579,-0.0537336937127717
3930,"long_v3_CCD0.0.25",2.18159697811571,-0.00289025833619579,0.076409784997844,-0.0694006034074617
3931,"long_v3_CCD0.0.25",1.87713369886191,0.0556768027538732,0.00623308097921391,-0.128593354947968
3932,"long_v3_CCD0.0.25",1.94203441701483,-0.0405279314131142,-0.000820069844158645,-0.0669117893927996
3933,"long_v3_CCD0.0.25",2.00597533360328,0.0434728117679473,0.0439809575670656,-0.116343771706856
3934,"long_v3_CCD0.0.25",1.99362068273527,0.0309410604370193,0.131650416572815,-0.122684192382955
3935,"long_v3_CCD0.0.25",1.88859379831979,0.0218561914325937,0.0255131925091459,-0.0258631362820217
3936,"long_v3_CCD0.0.25",2.29554452292285,0.0456150740610402,0.00412390065196228,-0.044241413028703
3937,"long_v3_CCD0.0.25",2.0346279243496,0.0250337566098953,0.0402977633925517,-0.0794605940646867
3938,"long_v3_CCD0.0.25",2.12577796786129,-0.0443468355829824,0.0449546904855362,-0.11035876771823
3939,"long_v3_CCD0.0.25",1.81745723261185,0.0202450835849988,-0.0481305489818867,-0.0312420373684718
3940,"long_v3_CCD0.0.25",2.37244045101178,-0.0316629615249683,-0.00596751144821626,-0.0450140827380951
3941,"long_v3_CCD0.0.25",1.81953716714938,-0.0437386914626467,-0.0198676620142222,-0.0401538367785547
3942,"long_v3_CCD0.0.25",1.72200727734181,0.0112705225016213,0.0632930745991326,-0.131247057980708
3943,"long_v3_CCD0.0.25",1.79954094660131,0.0229171736033779,0.0110848300862248,-0.120049777048967
3944,"long_v3_CCD0.0.25",1.84836128318741,0.0691574817362576,-0.00912658407357275,-0.126988340239112
3945,"long_v3_CCD0.0.25",1.85889977116202,0.0073988361944965,0.0321079198515928,-0.0801256668581092
3946,"long_v3_CCD0.0.25",2.06429220240168,0.0213676723606261,0.0113834537125373,-0.0639997322026771
3947,"long_v3_CCD0.0.25",1.72240989122868,-0.0539027611293122,0.041834692308947,-0.104860595091196
3948,"long_v3_CCD0.0.25",1.66277016739735,0.030664477563263,0.0895101310574022,-0.0290389928508643
3949,"long_v3_CCD0.0.25",1.67792752066071,0.0393241600734466,-0.0107846153096883,-0.0504711913850617
3950,"long_v3_CCD0.0.25",2.05866590209427,-0.0262323942635495,0.0237129769141896,-0.119252803790902
3951,"long_v3_CCD0.0.25",1.55628224395042,-0.0157182172916166,0.0151201523437658,-0.0889589597223955
3952,"long_v3_CCD0.0.25",2.01601346229125,0.0155532128510174,-0.0451008682204113,-0.0532948307514588
3953,"long_v3_CCD0.0.25",1.68278341139328,0.0340272987645383,-0.0341537399129822,-0.207141985317274
3954,"long_v3_CCD0.0.25",1.79148679209934,0.0185825601586564,0.00501293093648529,-0.0648568223550805
3955,"long_v3_CCD0.0.25",1.70274045207874,-0.00136871868065743,0.0243099352798441,-0.0807008021376814
3956,"long_v3_CCD0.0.25",1.77968357557038,-0.0506840838914313,0.0328056661077071,-0.0663872073650929
3957,"long_v3_CCD0.0.25",1.83584132353789,-0.0190858886273912,0.0113139418985572,-0.0893294266018841
3958,"long_v3_CCD0.0.25",1.75424236785092,-0.0219905690107369,0.021423148108852,-0.0270454480199821
3959,"long_v3_CCD0.0.25",2.18346776153978,0.00820074121096814,-0.00960350680262123,-0.0851095162732463
3960,"long_v3_CCD0.0.25",2.11297841153149,-0.0226914822483093,0.0597617430257347,-0.0482527308714553
3961,"long_v3_CCD0.0.25",2.02491195531385,-0.00354424639306427,0.0296278570404748,-0.0916557296787331
3962,"long_v3_CCD0.0.25",2.1512055716494,0.035823720126109,-0.0118436803926155,-0.114761228526295
3963,"long_v3_CCD0.0.25",1.82135636070161,0.00203498284635731,-0.0458709826529486,-0.0863080837470313
3964,"long_v3_CCD0.0.25",2.08458939042987,0.0282788887948967,0.0351357506251788,-0.139990369343425
3965,"long_v3_CCD0.0.25",1.83758074245976,0.0256179645617836,-0.00866627533759664,-0.0996514806307923
3966,"long_v3_CCD0.0.25",2.10897301826639,0.0876439802385692,0.0465091691333389,-0.134735085312449
3967,"long_v3_CCD0.0.25",1.69239542842322,0.0133517293668043,0.0329202995653702,-0.0991135256659268
3968,"long_v3_CCD0.0.25",1.62606118634415,0.0238964742434942,0.0569761209646191,-0.0983802254455955
3969,"long_v3_CCD0.0.25",1.94944616310882,0.0118549846328054,0.0545524330641387,-0.104053511986189
3970,"long_v3_CCD0.0.25",1.81723492762806,0.00757231170316903,0.0142553277558585,-0.101098462313185
3971,"long_v3_CCD0.0.25",1.77458971105311,0.021615454396238,0.0795120461299587,-0.0787638812838131
3972,"long_v3_CCD0.0.25",1.93989056250717,-0.0380576119957234,0.0383943850188784,-0.0435467441477227
3973,"long_v3_CCD0.0.25",2.0321147840056,0.0545493651979276,-0.0167302355634651,-0.0943154729004778
3974,"long_v3_CCD0.0.25",1.95021005336445,-0.0119060370847692,-0.0113605198022131,-0.0431335676090961
3975,"long_v3_CCD0.0.25",1.96014357122499,0.0661131574325394,-0.0108775930109028,-0.0922381278592203
3976,"long_v3_CCD0.0.25",1.68189624820228,-0.0268385558471495,0.0810098942624191,-0.110827339993584
3977,"long_v3_CCD0.0.25",2.13162401869902,0.0226109939046269,-0.00249483237961364,-0.0810025612823183
3978,"long_v3_CCD0.0.25",1.89282534495305,0.0115373802516411,0.00472812801688885,-0.0600192532074173
3979,"long_v3_CCD0.0.25",2.04665053426191,-0.00265653458246261,0.071576687426652,-0.14710432840451
3980,"long_v3_CCD0.0.25",1.99708194027543,0.00918900655420421,0.00275154929672225,-0.0309705566485777
3981,"long_v3_CCD0.0.25",1.87170614217151,-0.022671692795064,0.0028275917785065,-0.0681397223682908
3982,"long_v3_CCD0.0.25",1.68001854055651,-0.00609858633208817,0.0175550783885886,-0.0206163406667452
3983,"long_v3_CCD0.0.25",1.8282811968877,0.0403098118473607,0.0583996526367061,-0.118999727116542
3984,"long_v3_CCD0.0.25",1.55264704370702,0.0042850014245148,0.0851338303565004,-0.108289278847949
3985,"long_v3_CCD0.0.25",1.51247452838359,-0.00427990496282219,0.0790640507490702,-0.0454171760270124
3986,"long_v3_CCD0.0.25",1.82956759378061,-0.0212720888217762,0.0373132653663201,-0.109728515099591
3987,"long_v3_CCD0.0.25",1.90517456109745,0.0409522514372219,0.0293833738942893,-0.0752445577059687
3988,"long_v3_CCD0.0.25",1.76447898572065,-0.0110508809011068,0.103362175505239,-0.120215135507397
3989,"long_v3_CCD0.0.25",1.58852897590572,-0.111916874918525,0.0241986424653589,0.0474185256891841
3990,"long_v3_CCD0.0.25",2.09997865134079,0.0227421924327254,-0.000339262416519374,-0.0568359240376782
3991,"long_v3_CCD0.0.25",1.71012076486591,-0.0359952961234076,0.0308947691279857,-0.0802623166728395
3992,"long_v3_CCD0.0.25",1.666863334589,0.00628748976745478,0.0255360336553178,-0.0566893115468481
3993,"long_v3_CCD0.0.25",2.05355185354929,0.0154913112311616,-0.0136647959331717,-0.0995305961983978
3994,"long_v3_CCD0.0.25",1.85556101521438,0.00716711942350665,0.0557296366598802,0.0571659095071332
3995,"long_v3_CCD0.0.25",1.95093651687464,0.0387720394243938,0.0168390502133517,-0.0947746146743314
3996,"long_v3_CCD0.0.25",1.52317617263565,0.0815654973509845,0.0399446359730582,-0.151325185117596
3997,"long_v3_CCD0.0.25",1.82931520735034,0.0210943576277732,0.00596134453380927,-0.14328817402984
3998,"long_v3_CCD0.0.25",1.9318173353485,-0.000502263556699347,0.0444844661770281,-0.12396546283972
3999,"long_v3_CCD0.0.25",2.05061864055098,0.00309045292893954,-0.0154071927266851,-0.118108342505335
4000,"long_v3_CCD0.0.25",1.57679520495658,0.0448115841481807,0.06082962658244,-0.0445419876803008
4001,"long_v3_CCD0.0.25",1.84605553140367,-0.00158424466195118,0.0605734120943061,-0.0799637645646626
4002,"long_v3_CCD0.0.25",1.81599210710231,0.0517469301646752,-0.0716647485088576,-0.165123073758214
4003,"long_v3_CCD0.0.25",1.92622718825203,0.00848646815775184,0.0408371294979727,-0.0541106381909307
4004,"long_v3_CCD0.0.25",1.43509826166652,-0.0312215669883053,0.0337855190395172,-0.0214338044200174
4005,"long_v3_CCD0.0.25",1.714602490324,-0.0536743362113181,0.0543915227846039,-0.0644076996766113
4006,"long_v3_CCD0.0.25",1.7162865693792,-0.03726603722157,0.0440503040792978,-0.0235111093953874
4007,"long_v3_CCD0.0.25",1.68711198263339,0.0392487370298205,0.0491322568290613,-0.104034517425555
4008,"long_v3_CCD0.0.25",1.93635354773848,0.103987647833248,0.0891748658518456,-0.111020492326562
4009,"long_v3_CCD0.0.25",1.96145013039946,-0.00604565085026957,0.0904242262583039,-0.150754366653006
4010,"long_v3_CCD0.0.25",1.73470194863274,-0.010955875268624,-0.00518636420769317,-0.116471604678012
4011,"long_v3_CCD0.0.25",1.73955838454129,-0.0460250578224329,0.024706267178547,-0.146919470615683
4012,"long_v3_CCD0.0.25",1.86224028142188,0.0262638182337483,0.0043015352551381,-0.0927376193147199
4013,"long_v3_CCD0.0.25",1.84800624087401,-0.021134221625815,0.00721166590806368,-0.0897104833850686
4014,"long_v3_CCD0.0.25",1.72146687158577,-0.0262459825738625,-0.0322353787927587,-0.104678069943628
4015,"long_v3_CCD0.0.25",1.94350553411613,0.0634906406129615,-0.026315349204226,-0.0950928515690966
4016,"long_v3_CCD0.0.25",1.7224365409251,-0.0403272900989742,0.0894186948452672,-0.0357507309483346
4017,"long_v3_CCD0.0.25",1.9589508471687,0.0381038620986575,0.0289882292993162,-0.0506545854160066
4018,"long_v3_CCD0.0.25",2.01642845216648,-0.00489334278675541,-0.00968899269058774,-0.166699385023019
4019,"long_v3_CCD0.0.25",1.77275681210265,0.00216451228927454,0.0208589515107602,-0.0778295504975338
4020,"long_v3_CCD0.0.25",1.87902709597341,0.019351769798918,-0.00287896227141134,-0.168354248252909
4021,"long_v3_CCD0.0.25",2.05187105952911,0.0161760134305887,0.0562355065698006,-0.0510856364782977
4022,"long_v3_CCD0.0.25",2.04697590072761,0.0386405509898901,0.0326929699464277,-0.0619475503400681
4023,"long_v3_CCD0.0.25",1.97308120792135,-0.045867769423581,-0.032013594211868,-0.107520652329357
4024,"long_v3_CCD0.0.25",1.46370492204444,-0.0477892302266069,0.0124307113393545,-0.097967083790112
4025,"long_v3_CCD0.0.25",1.89861835287755,-0.0305061743924216,-0.0602558370400046,-0.0514240434393679
4026,"long_v3_CCD0.0.25",1.62491830337302,0.00277723029967938,0.028356973291606,-0.0444366164814682
4027,"long_v3_CCD0.0.25",1.87556932536072,0.0351721982679295,0.0236857429583357,-0.0715767537369225
4028,"long_v3_CCD0.0.25",1.61695828679584,-0.0285562151021264,-0.00230015882998436,-0.116846172234238
4029,"long_v3_CCD0.0.25",1.83279412718225,-0.0733384554660576,0.0722281966130435,-0.0826256062764579
4030,"long_v3_CCD0.0.25",1.98208347853441,0.00903190727068652,-0.0159279844335979,-0.173755875315285
4031,"long_v3_CCD0.0.25",2.12040008707382,-0.00485887256995289,0.0110779450356111,-0.109849612515837
4032,"long_v3_CCD0.0.25",2.1839490719007,0.0722270538325747,0.0442708790058955,-0.115794953180617
4033,"long_v3_CCD0.0.25",1.88338404475189,-0.0112106748160687,-0.0197346502046199,-0.0638942941457304
4034,"long_v3_CCD0.0.25",1.95291630817435,0.0256085704091835,0.0198183659683986,-0.180384967867855
4035,"long_v3_CCD0.0.25",1.76750617351009,0.0690181590963361,0.033667484783427,-0.0568516570802539
4036,"long_v3_CCD0.0.25",2.25512607965686,-0.0820955870047886,0.0836206130527967,-0.0476720106449215
4037,"long_v3_CCD0.0.25",1.85277576770486,0.00391537855221281,0.0132479896907318,-0.0407370954581076
4038,"long_v3_CCD0.0.25",1.91008212631304,0.0542439389069547,-0.0111316709070612,-0.167108012131037
4039,"long_v3_CCD0.0.25",1.88566802570524,-0.0186715757325613,-0.0380526347815559,-0.133870244900735
4040,"long_v3_CCD0.0.25",1.74567911678711,-0.0142986629706322,-0.0337741906186521,-0.0164066490911917
4041,"long_v3_CCD0.0.25",2.2093906782258,-0.0267738026480534,0.0379201618373404,-0.104164059736146
4042,"long_v3_CCD0.0.25",1.85147123579884,0.000814282457150245,0.0193258421198464,-0.0673896944221323
4043,"long_v3_CCD0.0.25",1.86873272466707,0.0270962072322243,-0.0347481949769524,-0.0910804666866736
4044,"long_v3_CCD0.0.25",1.93817007865306,-0.0480955929207792,-0.051630554107471,-0.0301379141963163
4045,"long_v3_CCD0.0.25",1.93204395157016,-0.00545286190801828,0.00294054404054634,-0.0772756736360555
4046,"long_v3_CCD0.0.25",1.75107347547013,0.0217131108011998,0.0510602687893114,-0.0916824062500837
4047,"long_v3_CCD0.0.25",1.70691030985665,0.0267475633496753,0.0637079219206175,-0.0289878845017827
4048,"long_v3_CCD0.0.25",1.72129900338754,0.0235100092754742,-0.0247582286900278,-0.0740712711376227
4049,"long_v3_CCD0.0.25",1.57904255072174,0.0956100982724339,-0.0367301396431273,-0.0601310723916014
4050,"long_v3_CCD0.0.25",1.76459927973938,-0.00526299459313623,-0.102742786271198,-0.0365756420900692
4051,"long_v3_CCD0.0.25",1.98833327125966,0.013347892493747,-0.0270633996792492,-0.110513322605566
4052,"long_v3_CCD0.0.25",1.97859555558759,-0.0119553832344859,0.00859331631510206,-0.0794201902181479
4053,"long_v3_CCD0.0.25",1.9915102809325,0.0404427039875443,0.0580706623754823,-0.0842468771782336
4054,"long_v3_CCD0.0.25",1.85405836261537,0.0121924043768981,0.0523462891197363,-0.0427153151352769
4055,"long_v3_CCD0.0.25",1.83695781506028,-0.00198057239721404,0.0550450046753781,-0.0962131391978841
4056,"long_v3_CCD0.0.25",1.86017195843832,-0.028420082085496,0.0768503508444296,-0.0765912267932809
4057,"long_v3_CCD0.0.25",2.07637396585057,0.00712143950331624,-0.0237011584547991,-0.0986421923649014
4058,"long_v3_CCD0.0.25",1.94856813009696,-0.0289813721031728,0.00954623016075143,-0.0870284832949457
4059,"long_v3_CCD0.0.25",2.16707617946195,0.0109636085348903,0.032671360293513,-0.156918057643836
4060,"long_v3_CCD0.0.25",2.14198197999239,0.0521734154370833,0.00884927329726052,-0.129666024464574
4061,"long_v3_CCD0.0.25",1.67589983711587,-0.0339923234457744,0.0338711701432413,-0.0489345449652638
4062,"long_v3_CCD0.0.25",1.8210931028302,0.0298452919704471,0.00495375084131017,-0.110188802252333
4063,"long_v3_CCD0.0.25",2.155859895321,0.00885090019877117,0.00803332393163131,-0.0685452288071145
4064,"long_v3_CCD0.0.25",1.72899811407475,-0.0355807066638237,0.0593999503045097,-0.0839652895150914
4065,"long_v3_CCD0.0.25",1.76135763771163,-0.00284648832683329,0.0310411554013752,-0.0955405783973878
4066,"long_v3_CCD0.0.25",2.27885527497987,0.0606258752336252,0.00358158019010098,-0.155259891825813
4067,"long_v3_CCD0.0.25",2.03613242601795,0.0323014431702129,0.0288744687382105,-0.117181829765651
4068,"long_v3_CCD0.0.25",1.63786505555718,0.0255527528382108,-0.00960805142100011,-0.114900620588894
4069,"long_v3_CCD0.0.25",1.8979145149279,-0.040430273275859,0.0567628613848764,-0.0916295016746384
4070,"long_v3_CCD0.0.25",1.91147240446723,-0.00376596214598404,0.00691967495489466,-0.056947583509041
4071,"long_v3_CCD0.0.25",2.11097174728155,-0.0327557955807713,0.0131827540904512,-0.0821408960084611
4072,"long_v3_CCD0.0.25",1.87299073802958,0.0407736214408563,-0.00260475585171221,-0.112597078058151
4073,"long_v3_CCD0.0.25",2.186085562582,-0.0247821157995113,0.00818961730788123,-0.0932491158094429
4074,"long_v3_CCD0.0.25",1.97158228069941,-0.0365436595845503,-0.0120030176893992,-0.0866753501838158
4075,"long_v3_CCD0.0.25",1.81445508880525,0.0121059404012272,0.117602264709689,-0.0166323493879386
4076,"long_v3_CCD0.0.25",2.13066302184557,-0.0136385458029357,0.0261015032598244,-0.0573165471552908
4077,"long_v3_CCD0.0.25",1.75563909493548,0.0346620439152468,-0.00455479667917735,-0.099867400008534
4078,"long_v3_CCD0.0.25",1.89286849239364,0.0512761050633454,0.00119500253589517,-0.0632685730690053
4079,"long_v3_CCD0.0.25",1.79992956315351,0.101569393968434,0.0253658801429594,-0.10689094629779
4080,"long_v3_CCD0.0.25",1.77381111768917,0.0121513384319107,-0.0460988480404993,-0.103466377329289
4081,"long_v3_CCD0.0.25",2.04288856479178,0.0510434073680894,0.0147227541535156,-0.119185991804198
4082,"long_v3_CCD0.0.25",1.9789903236123,-0.0102680759618317,0.0492660890583803,-0.164697675675478
4083,"long_v3_CCD0.0.25",1.81170784897208,-0.0482337927603251,0.0478041540302178,-0.0823740355588036
4084,"long_v3_CCD0.0.25",1.85264156771167,0.000398207668320419,0.0895689590657719,-0.05789773127603
4085,"long_v3_CCD0.0.25",1.761327018521,0.00840194478902917,-0.0187433222504041,-0.0928457945728634
4086,"long_v3_CCD0.0.25",1.8446428788223,0.00153588308941605,0.0297728450301656,0.0250789747226054
4087,"long_v3_CCD0.0.25",1.88998836689688,-0.017325822542424,-0.0133278506001961,-0.0458020692582958
4088,"long_v3_CCD0.0.25",1.85949243023837,-0.0208364177959596,0.0195519629578807,-0.0955217906708848
4089,"long_v3_CCD0.0.25",1.97968349007332,0.00817826974213039,0.00310172911929439,-0.0886590164879027
4090,"long_v3_CCD0.0.25",2.08444104342526,0.0466118503475193,0.0345002058144912,-0.174080447960615
4091,"long_v3_CCD0.0.25",2.19034980980773,0.0675221979406038,-0.0676451954257036,-0.07577764848146
4092,"long_v3_CCD0.0.25",1.92712709557889,0.0742638910998579,0.0215609615326245,-0.0384653183837287
4093,"long_v3_CCD0.0.25",1.64267699115401,-0.00951402528376138,0.116395658704301,0.0204981912819578
4094,"long_v3_CCD0.0.25",1.81188878897151,-0.0202163097054858,-0.0432039152354939,-0.104217328626056
4095,"long_v3_CCD0.0.25",1.8448624957107,-0.00247613200326128,0.0263770635407244,-0.101567073681276
4096,"long_v3_CCD0.0.25",1.84983682001274,-0.058641601156427,0.00505267610787736,-0.0327664061101904
4097,"long_v3_CCD0.0.25",1.69552012225518,0.0104913987612005,0.00897618239515214,-0.0930540885376589
4098,"long_v3_CCD0.0.25",1.90670963370874,0.00288727658063025,0.0254783311223086,-0.0421583272914186
4099,"long_v3_CCD0.0.25",2.42170321340417,0.11211653906289,0.00581564604470909,-0.131683784872801
4100,"long_v3_CCD0.0.25",1.95530769228759,-0.0201350471222316,0.0555266988578217,-0.0515464423360677
4101,"long_v3_CCD0.0.25",2.09115325199227,0.012549569243688,0.0155786025166664,-0.188133260399899
4102,"long_v3_CCD0.0.25",1.85767650279263,-0.0110225622745986,0.037808532519278,-0.0675487549138782
4103,"long_v3_CCD0.0.25",1.8192340741767,-0.0262384754141896,0.0246243599659173,-0.0784501844912164
4104,"long_v3_CCD0.0.25",1.81164559022627,-0.0282097544526515,0.0154308054097524,-0.114456492088441
4105,"long_v3_CCD0.0.25",1.99819612835569,-0.00194612381749685,-0.0337529374441799,-0.131565590215737
4106,"long_v3_CCD0.0.25",1.58721608454298,-0.0485415108381401,0.0470446597914909,-0.0779692810898746
4107,"long_v3_CCD0.0.25",1.68258657607305,0.0295315529178414,0.030012899290253,-0.109708106949148
4108,"long_v3_CCD0.0.25",2.07737420551174,0.022026714640994,-0.00562845229046004,-0.118457047102362
4109,"long_v3_CCD0.0.25",1.98034973453742,-0.0232252648889244,0.0121921722978277,-0.112552821598225
4110,"long_v3_CCD0.0.25",1.49997513422424,-0.0349696953802572,-0.00330995406216448,-0.106096677934661
4111,"long_v3_CCD0.0.25",1.9117776437256,-0.000383902595378825,0.0668290936787816,-0.0636777257693871
4112,"long_v3_CCD0.0.25",1.96099412166257,0.0330337947599175,0.0271016803043781,-0.0881116719536409
4113,"long_v3_CCD0.0.25",1.92286611620208,0.0580004961973839,0.0127989038955398,-0.114136947574704
4114,"long_v3_CCD0.0.25",1.80382268046144,0.0170768633620442,-0.025132786091742,-0.0868988466554639
4115,"long_v3_CCD0.0.25",1.53270601555193,-0.0515103157029186,0.023827832456028,0.0436129289224306
4116,"long_v3_CCD0.0.25",1.68627534401432,-0.0181393909617702,0.0149813118389861,-0.0607792141079327
4117,"long_v3_CCD0.0.25",2.57949274697408,0.0828699197900027,0.0265924312308037,-0.102459303148296
4118,"long_v3_CCD0.0.25",1.8066124153056,0.0125281667534246,-0.0116008844146421,-0.0641706246050574
4119,"long_v3_CCD0.0.25",2.15044514013682,-0.0265733989734616,0.0560207860724228,-0.0705790050058755
4120,"long_v3_CCD0.0.25",2.08436059969277,-0.00744903847353465,0.0557600962421887,-0.0687155303050231
4121,"long_v3_CCD0.0.25",1.86616060030261,0.0215298095900796,0.0267787414642572,-0.0593731791716796
4122,"long_v3_CCD0.0.25",1.81581389269796,-0.02420119171295,0.0269177864515719,-0.0572158384587559
4123,"long_v3_CCD0.0.25",2.15463833763571,0.0522035872824348,0.0890048702130218,0.0262096794194169
4124,"long_v3_CCD0.0.25",2.28182117345539,-0.0576097777953262,-0.132919808584427,-0.175113578713106
4125,"long_v3_CCD0.0.25",1.66675784050068,0.0129946248999291,-0.0100355664819162,-0.0469493604270129
4126,"long_v3_CCD0.0.25",1.95134770510959,0.0306883880567915,0.0307731592927211,0.00271240967582926
4127,"long_v3_CCD0.0.25",1.71442769274534,-0.00443010063506383,-0.00948950451789848,-0.107507925976135
4128,"long_v3_CCD0.0.25",1.7703709759063,-0.0138027138423242,-0.0055220304924675,-0.123248123080177
4129,"long_v3_CCD0.0.25",2.22149493245138,0.0712351091755558,0.00751799830519791,-0.114560920050209
4130,"long_v3_CCD0.0.25",1.91823623033348,0.052126466739789,0.0221506319234816,-0.155895493426227
4131,"long_v3_CCD0.0.25",2.06643348546463,-0.0340306131353823,0.0472224112088228,-0.0701542321723664
4132,"long_v3_CCD0.0.25",1.67616713541963,0.0243110103765868,0.0550801555286721,-0.0399889038563967
4133,"long_v3_CCD0.0.25",1.95827655285654,0.0317212975693377,0.0115504165157131,-0.0913714175166197
4134,"long_v3_CCD0.0.25",1.89215361049068,0.0646971030815862,-0.039741591611889,-0.00882416420066965
4135,"long_v3_CCD0.0.25",1.75982450129148,-0.0836161495635297,0.0328421722461585,-0.12461952250965
4136,"long_v3_CCD0.0.25",2.12855469656625,-0.016182260281664,0.0472190777416122,-0.168314486257876
4137,"long_v3_CCD0.0.25",1.79745292660404,0.0665596680015481,0.0188283119786095,-0.111522954732476
4138,"long_v3_CCD0.0.25",1.83602679190539,-0.0149941079120342,0.0215782920810577,-0.10304456772757
4139,"long_v3_CCD0.0.25",2.08046252148729,0.0136423444402729,-0.0114422635167532,-0.0890386785281584
4140,"long_v3_CCD0.0.25",1.69457026942851,-0.0602066965715716,-0.0141366913319955,-0.0774668237540147
4141,"long_v3_CCD0.0.25",1.72051280198064,0.00986453127018078,0.0271456454175526,-0.0615938610116737
4142,"long_v3_CCD0.0.25",2.1486524593216,-0.0314079122736233,0.040846912380647,-0.123412751107412
4143,"long_v3_CCD0.0.25",1.61105716760303,0.0281940278306906,-0.00105729706188784,-0.0685137584686742
4144,"long_v3_CCD0.0.25",2.07680037764534,0.0305714069447348,0.00123884749635137,-0.0760825191171735
4145,"long_v3_CCD0.0.25",1.79161547305264,0.022396778175031,0.104747980872656,-0.140919936415736
4146,"long_v3_CCD0.0.25",1.96502634805338,-0.0300852177991029,-0.0160384730160096,-0.129056306757551
4147,"long_v3_CCD0.0.25",1.98265005529142,0.0112112304392061,-0.0374928762650784,-0.00829013565021678
4148,"long_v3_CCD0.0.25",2.1400103121997,-0.0416156945766268,0.0561062419986484,-0.0292200585903543
4149,"long_v3_CCD0.0.25",1.97427685643143,0.0212926208966366,-0.00429191483142598,-0.0801341859126611
4150,"long_v3_CCD0.0.25",2.03000797944171,0.028998809533212,-0.0212334458957844,-0.151697978972069
4151,"long_v3_CCD0.0.25",1.85634917575583,0.00838875955621815,0.0206285876334191,-0.0570560993103152
4152,"long_v3_CCD0.0.25",1.55178746978375,0.00129636713671107,-0.00891338090356412,-0.176714232655675
4153,"long_v3_CCD0.0.25",2.14113678924103,0.053801188228894,0.0329309799343369,-0.132732553632937
4154,"long_v3_CCD0.0.25",1.87182210038659,0.0390228088658625,0.05272275024907,-0.109399746499246
4155,"long_v3_CCD0.0.25",1.98638391273956,0.022159132013978,-0.0178756569882899,-0.0330929469841702
4156,"long_v3_CCD0.0.25",1.81895544842361,0.0124374820308636,0.0557220922274233,-0.150178470708083
4157,"long_v3_CCD0.0.25",1.80396311294654,0.0357733332011453,-0.0368932014619173,-0.0461978105918826
4158,"long_v3_CCD0.0.25",1.93738513281858,0.00566275579338692,0.0120064283812033,-0.0682021401819849
4159,"long_v3_CCD0.0.25",1.62543955876791,0.0399335046173931,0.00602144736230638,-0.123007938116856
4160,"long_v3_CCD0.0.25",1.62816888630305,-0.0415687692140216,0.00382136551718455,-0.00923814212623291
4161,"long_v3_CCD0.0.25",1.92666272724318,0.0419643717760156,0.0224698477450876,-0.0179474852321806
4162,"long_v3_CCD0.0.25",1.83615074584915,-0.0177114169882215,0.0445021831355951,-0.0185908273114572
4163,"long_v3_CCD0.0.25",1.85434568006763,0.0388717171343943,0.00369619991524403,-0.100052262205686
4164,"long_v3_CCD0.0.25",1.64388107712538,0.0145701551898771,0.00166725144066531,-0.0561739361774952
4165,"long_v3_CCD0.0.25",1.93762048398948,0.0078041108963519,0.00794616705688708,-0.102955936665784
4166,"long_v3_CCD0.0.25",2.04254283153124,-0.0105450700659578,0.0579524294727856,-0.0682763121978481
4167,"long_v3_CCD0.0.25",1.98257038613297,-0.023208369945298,0.010941417633992,-0.143478268567553
4168,"long_v3_CCD0.0.25",1.65313328539304,0.00419841243196563,0.0318920951926712,-0.0437144169197232
4169,"long_v3_CCD0.0.25",1.62777375844002,-0.0171671444310198,0.0134780029298698,-0.102413211608578
4170,"long_v3_CCD0.0.25",2.09240910495029,-0.00615562159227296,0.0514832962661981,-0.128312311916246
4171,"long_v3_CCD0.0.25",2.15747515027842,0.049765550038879,0.0281357509633894,-0.0490869737965577
4172,"long_v3_CCD0.0.25",2.08354876907686,0.0184568330752909,-0.0406601969537712,-0.130782690509636
4173,"long_v3_CCD0.0.25",1.93169151365609,0.0253794826653599,-0.020229087383563,-0.0345324575203442
4174,"long_v3_CCD0.0.25",1.62167802117411,-0.0588838844461192,0.0600023919545377,-0.113291875070859
4175,"long_v3_CCD0.0.25",1.87479351602757,0.0719690261499517,-0.0143575426771484,-0.0959967662518492
4176,"long_v3_CCD0.0.25",1.64736563365551,-0.0548846205221481,-0.00154845919494316,-0.0896884447669689
4177,"long_v3_CCD0.0.25",1.86649115020832,-0.0636800516610859,0.0482738612788234,-0.0397698311415039
4178,"long_v3_CCD0.0.25",1.90415581962528,-0.00252875592060978,0.0157657659273302,-0.0628578359742809
4179,"long_v3_CCD0.0.25",1.93155397877552,-0.00929468601639832,0.0849817404182243,-0.0782308528185544
4180,"long_v3_CCD0.0.25",1.72711340907155,0.00289737133507859,0.0525709849489245,-0.0959372557614451
4181,"long_v3_CCD0.0.25",1.85729354172863,0.0338726206641371,0.0481677538125091,-0.0389495024461555
4182,"long_v3_CCD0.0.25",1.84039623072701,0.0187665312614802,0.0202200773868599,-0.0592146498116035
4183,"long_v3_CCD0.0.25",2.13232680777991,-0.0121743567498954,-0.0604529804038688,-0.0561609035388486
4184,"long_v3_CCD0.0.25",2.16288986728434,0.0199993743752024,0.0509309722679365,-0.0806587922103976
4185,"long_v3_CCD0.0.25",1.84110052827943,-0.00304761358344102,0.0427082726587421,-0.0316669938029918
4186,"long_v3_CCD0.0.25",1.79547008578538,0.0117756845019911,0.0466096851155481,-0.0811270403074137
4187,"long_v3_CCD0.0.25",1.89471430515748,-0.0397847631391757,-0.0138469361147847,-0.097333725160987
4188,"long_v3_CCD0.0.25",2.08548613263011,0.0283321479839261,0.0746492681581465,-0.0832129035768624
4189,"long_v3_CCD0.0.25",1.87032807610967,-0.032434021398709,0.00263402888477134,-0.048848759306732
4190,"long_v3_CCD0.0.25",1.49124819866976,0.080418160204372,0.0545792571336625,-0.119006037837804
4191,"long_v3_CCD0.0.25",2.18581127835086,0.0389263704721898,-0.029657810208552,-0.107951283628873
4192,"long_v3_CCD0.0.25",1.85437182412747,-0.0108784383356819,0.024934344763304,-0.0760398166950911
4193,"long_v3_CCD0.0.25",2.06656512948915,-0.0114118409645116,-0.0340064212410249,-0.107644310612188
4194,"long_v3_CCD0.0.25",2.00773624162005,-0.0379228199172289,0.000706432901196749,-0.0867560682916673
4195,"long_v3_CCD0.0.25",1.66833129613002,0.0398255011535723,-0.00308887409406732,-0.0912784275867441
4196,"long_v3_CCD0.0.25",1.95015363238738,-0.0108709485577364,-0.0522136610616257,-0.0551783935160323
4197,"long_v3_CCD0.0.25",2.0107910191869,-0.0039359066174742,0.0469715192928857,-0.088286734187394
4198,"long_v3_CCD0.0.25",1.83663119166314,-0.0315837128773672,0.00728721240417136,-0.127039431541644
4199,"long_v3_CCD0.0.25",2.16425159927962,0.0309156946977801,-0.00457480007336891,-0.157038118766868
4200,"long_v3_CCD0.0.25",1.63240298731816,-0.00841995524064818,-0.00804201199682398,-0.0484412830673214
4201,"long_v3_CCD0.0.25",1.95906883678986,0.0210915517321598,-0.000210080201564572,-0.187511525026161
4202,"long_v3_CCD0.0.25",1.82705224248298,0.00811281182860846,0.011966657233244,-0.0926451731629066
4203,"long_v3_CCD0.0.25",1.86205216217038,0.0518304962077338,0.0712515227668728,0.00238961016668415
4204,"long_v3_CCD0.0.25",1.78535512041628,0.0420279798453101,0.0437386629317998,-0.0823711979678518
4205,"long_v3_CCD0.0.25",1.68412544563655,0.0115155767981492,0.0408489794625253,-0.0360391290434372
4206,"long_v3_CCD0.0.25",1.87847510518937,-0.0669603205084762,0.0922496367182351,-0.0731952986093589
4207,"long_v3_CCD0.0.25",1.76397241349679,0.00562167573257568,0.0414966599182697,-0.0936834950235477
4208,"long_v3_CCD0.0.25",1.96378105245572,-0.0132219056742213,0.00671308451074105,-0.135656342916152
4209,"long_v3_CCD0.0.25",1.91490726135539,0.00379177068219925,0.00132263696920887,-0.0605443232377854
4210,"long_v3_CCD0.0.25",1.97655673387008,0.0599398158489628,-0.0182655689407448,-0.135843155722908
4211,"long_v3_CCD0.0.25",1.8289799179774,0.0380326031952632,0.0562950868165583,-0.137747649435761
4212,"long_v3_CCD0.0.25",1.19447407496591,-0.0327931700971613,-0.00922397688546699,-0.109387562871945
4213,"long_v3_CCD0.0.25",1.65246807240329,-0.0527293612113226,0.00795699073864281,-0.0380938483357953
4214,"long_v3_CCD0.0.25",1.95577581242915,0.000816914915921424,0.0594638902364461,-0.162641598642468
4215,"long_v3_CCD0.0.25",1.94330060809769,0.0478494047048847,0.0200162308774451,-0.0953018332841581
4216,"long_v3_CCD0.0.25",2.0651455878065,-0.00387327723237909,0.0775997514709162,-0.10382616582321
4217,"long_v3_CCD0.0.25",1.87862801848313,0.0787730629533734,-0.0177051777739797,-0.0972977083942123
4218,"long_v3_CCD0.0.25",1.71152773781918,-0.0282412289799602,0.041012850500595,-0.0196551481587537
4219,"long_v3_CCD0.0.25",1.56983038824498,0.0215547887081531,-0.00969850507454092,-0.0428734262330738
4220,"long_v3_CCD0.0.25",2.16431369751398,-0.0399609739140172,0.0327971874895337,-0.0845241113117405
4221,"long_v3_CCD0.0.25",2.04207229039425,0.0418820506845309,-0.00954066344340972,-0.110583755425157
4222,"long_v3_CCD0.0.25",1.45464134045767,0.0750389013089104,-0.0216055562634744,-0.0809580858653407
4223,"long_v3_CCD0.0.25",1.46258105918325,0.0444073663193998,0.0375211043257325,-0.0745085173701094
4224,"long_v3_CCD0.0.25",2.01973814441121,-0.00678748004110411,-0.00722007449385523,-0.118751554672176
4225,"long_v3_CCD0.0.25",1.87217445805947,-0.0412306570808368,0.0368088303361066,-0.0952109880776591
4226,"long_v3_CCD0.0.25",2.06491653088626,0.0305683941956264,0.0336048394486059,-0.116753105228364
4227,"long_v3_CCD0.0.25",1.92496906393361,-0.00765804706589183,0.0254873332727321,-0.0272716140834328
4228,"long_v3_CCD0.0.25",1.8844671979363,0.123086203070913,0.000261107135208431,-0.0768631979972978
4229,"long_v3_CCD0.0.25",1.80033013772738,-0.0336850931920203,-0.0348094258098416,-0.0599489512322899
4230,"long_v3_CCD0.0.25",1.92176396474527,-0.0703289182394714,0.0170787225068459,-0.0921162721078477
4231,"long_v3_CCD0.0.25",1.66938206292965,0.0571621230742541,0.0417810120138731,-0.0583015160264585
4232,"long_v3_CCD0.0.25",2.03508435640445,0.0101100654287696,0.0369241913865537,-0.118643301473185
4233,"long_v3_CCD0.0.25",1.88428383937336,-0.00876653090911532,0.0220356014697862,-0.110320503489395
4234,"long_v3_CCD0.0.25",2.02102575610524,0.0388547974511316,0.00475990583330311,-0.0952896323251238
4235,"long_v3_CCD0.0.25",1.63448545580758,0.00382540523032308,-0.00342213740694047,-0.151519635241256
4236,"long_v3_CCD0.0.25",1.69239419481326,-0.064059021042006,-0.0150433981681912,-0.0402749318828164
4237,"long_v3_CCD0.0.25",1.94396995510134,0.0460788228591858,0.0209644407335667,-0.13760737517985
4238,"long_v3_CCD0.0.25",1.83472548934032,0.0478271831005806,-0.0430712865599177,-0.134712843932708
4239,"long_v3_CCD0.0.25",1.6715574163693,0.0814847982473562,-0.0170708402557423,-0.108025219568058
4240,"long_v3_CCD0.0.25",1.95127661005681,0.0715202696893044,0.0421680129003847,-0.0381127416305761
4241,"long_v3_CCD0.0.25",1.50257465038458,-0.0432575587087466,-0.013580277696266,-0.0337471167544355
4242,"long_v3_CCD0.0.25",1.63256571286256,-0.0296080387646185,0.0348941648886966,-0.0992784291910334
4243,"long_v3_CCD0.0.25",1.44578796549098,0.0162370629151952,-0.0190711660925517,-0.0858421758532934
4244,"long_v3_CCD0.0.25",1.89569144517854,-0.0571078453478896,-0.0501684481852296,-0.0820513967884709
4245,"long_v3_CCD0.0.25",2.32197190034459,0.0346805363630798,0.00566487078080447,-0.136270795473842
4246,"long_v3_CCD0.0.25",1.60435421117574,-0.0785722193881993,-0.0173747175314451,-0.119966470490115
4247,"long_v3_CCD0.0.25",2.34177165889806,-0.0205709220253777,-0.0368694922892422,-0.111378722472318
4248,"long_v3_CCD0.0.25",1.45958464540539,0.000285046239821323,-0.02111220816412,-0.0757793376308044
4249,"long_v3_CCD0.0.25",1.9691612699823,-0.0167279136984923,0.0159542808917752,-0.144857495632916
4250,"long_v3_CCD0.0.25",2.1810453731633,0.0515898142457715,-0.00310364245307627,-0.0815034200889467
4251,"long_v3_CCD0.0.25",1.83410855350394,-0.0390072269159713,-0.0227060403831718,-0.0618037933170337
4252,"long_v3_CCD0.0.25",1.77191773366813,0.0351590890754985,0.0940275514602542,-0.080980570854752
4253,"long_v3_CCD0.0.25",2.08205521932059,0.0445445421858766,-0.071014471167256,-0.0537029060116326
4254,"long_v3_CCD0.0.25",1.92495222707695,-0.0380630427660843,-0.0135830907570455,-0.0875960346154941
4255,"long_v3_CCD0.0.25",1.87715967372451,-0.00755990126481005,-0.00159780467158555,-0.139602884196587
4256,"long_v3_CCD0.0.25",1.84088077372698,0.0186720829023814,0.000908640708268051,-0.0799361463456487
4257,"long_v3_CCD0.0.25",1.621797480513,0.0349123080919229,0.020557923373236,-0.07675689596435
4258,"long_v3_CCD0.0.25",1.82510955707191,-0.0549178517948115,0.10582724398678,-0.0769440699639812
4259,"long_v3_CCD0.0.25",2.00283557275571,0.0553657661779909,-0.0471874171554049,-0.146013375088471
4260,"long_v3_CCD0.0.25",1.71889096506006,0.0137535403074542,0.00068418416064573,-0.152752824538514
4261,"long_v3_CCD0.0.25",1.89092271211529,0.0139454656594304,-0.028010956572321,-0.113065005024792
4262,"long_v3_CCD0.0.25",1.87024423630707,-0.000480230739464811,0.0455519341546833,-0.102081601905411
4263,"long_v3_CCD0.0.25",1.94917419590108,-0.0441443666598737,-0.0462534420327427,-0.127887183186208
4264,"long_v3_CCD0.0.25",1.44334601565362,-0.0387470745984647,0.01841977627265,-0.153050307026817
4265,"long_v3_CCD0.0.25",2.1057194237171,0.00431785948017575,0.0391709631290309,-0.108954640301265
4266,"long_v3_CCD0.0.25",1.97483127170401,0.0160309620057266,0.0689482860893587,-0.155679949258197
4267,"long_v3_CCD0.0.25",2.33700057646204,0.0316603535499718,-0.00640457274246461,-0.18439403431739
4268,"long_v3_CCD0.0.25",1.52610944994791,0.0221312258984779,-0.0297026074406278,-0.092557607330582
4269,"long_v3_CCD0.0.25",1.84966618869464,0.0741777770382539,0.0762670701748267,-0.127672633294449
4270,"long_v3_CCD0.0.25",1.70132503957994,0.0257969781787865,0.0386753569097128,0.00919062832427668
4271,"long_v3_CCD0.0.25",2.09440410489661,0.00697643753566594,0.00712106651617911,-0.0859556738192888
4272,"long_v3_CCD0.0.25",1.51905653500431,-0.00951758779825709,0.0619146945523856,-0.0611860746078342
4273,"long_v3_CCD0.0.25",1.84322300860373,0.104094620871991,-0.0020347853972071,-0.137030166633755
4274,"long_v3_CCD0.0.25",2.01327265358956,0.0578703355290122,-0.0232217526286916,-0.0962118005115731
4275,"long_v3_CCD0.0.25",1.97940891210096,0.0399438815965997,0.0264813933057921,-0.117458324161447
4276,"long_v3_CCD0.0.25",2.01424644746647,0.0563194161515179,0.0520422006220528,-0.137662830257864
4277,"long_v3_CCD0.0.25",2.05425147910271,0.0378805685266396,0.0439895641621431,-0.144377701227756
4278,"long_v3_CCD0.0.25",2.032627377293,0.041322542321475,0.0303431327525136,-0.0260430277093166
4279,"long_v3_CCD0.0.25",1.76271160866863,-0.0176839254039205,0.00604654474096348,-0.0901504730887807
4280,"long_v3_CCD0.0.25",1.92372551338512,0.0874501861592925,0.0542834027057859,-0.0627144835321709
4281,"long_v3_CCD0.0.25",1.96986431865616,-0.0230273199957855,0.00868321296981371,-0.0356030753360462
4282,"long_v3_CCD0.0.25",2.01044611880319,0.000406227939402818,-0.0163050193250986,-0.100017804337742
4283,"long_v3_CCD0.0.25",1.61594611010861,0.00760270822260798,-0.00576569548915145,-0.124566074623468
4284,"long_v3_CCD0.0.25",1.87418367582855,-0.000360855587538461,-0.00771209031051535,-0.0798268341293226
4285,"long_v3_CCD0.0.25",2.28311666497153,-0.0390819420752726,0.0706980475212303,-0.100620741160788
4286,"long_v3_CCD0.0.25",1.75903948329687,-0.0770775234053379,0.0458777795847975,-0.00476463065952628
4287,"long_v3_CCD0.0.25",1.93548820633577,0.0521807844663272,-0.026990127720476,-0.0230068779753874
4288,"long_v3_CCD0.0.25",1.66585055841196,-0.0182593246197517,0.0087609270104543,-0.0720037127720331
4289,"long_v3_CCD0.0.25",2.20137399842956,0.019739506708018,0.0391300650751898,-0.0617429326893499
4290,"long_v3_CCD0.0.25",1.64836988920097,-0.030142712532211,0.0155916810264052,-0.0402621460485015
4291,"long_v3_CCD0.0.25",1.93014060259894,0.0429355076900772,0.0643645902181208,-0.137549399979311
4292,"long_v3_CCD0.0.25",1.85413424064051,-0.0191060974907164,0.0349280531372425,-0.0802434933309943
4293,"long_v3_CCD0.0.25",1.94478813002486,-0.0312879463313533,0.0380504170791311,-0.0664842181147181
4294,"long_v3_CCD0.0.25",1.81851909572921,-0.0108402671182924,0.0329481688053754,-0.0161653338704552
4295,"long_v3_CCD0.0.25",2.25395349734298,-0.0215131708083956,0.0319838732019897,-0.148613508456847
4296,"long_v3_CCD0.0.25",1.89995260860496,0.0234941434839058,0.0379751892629853,-0.093244224896781
4297,"long_v3_CCD0.0.25",2.09864406492743,0.0362505680696315,0.0834854704324248,-0.0750228557865188
4298,"long_v3_CCD0.0.25",2.17966904354714,0.0196455289317685,0.0506539805713144,-0.080032021222247
4299,"long_v3_CCD0.0.25",1.57004646666122,0.0147652012945479,0.018038757477509,-0.0908034021134303
4300,"long_v3_CCD0.0.25",1.85968992680899,0.0189187957808383,0.00209309575904151,-0.0836322497767158
4301,"long_v3_CCD0.0.25",1.8862197732634,0.0991206540330864,0.0656946795313589,-0.0641406337752988
4302,"long_v3_CCD0.0.25",1.96585975133878,0.0505258864276337,0.0578885955064454,-0.113772284101308
4303,"long_v3_CCD0.0.25",1.8356680173579,-0.0704575378001455,0.0326326969499795,-0.0906325673245968
4304,"long_v3_CCD0.0.25",1.88989742655686,0.0136362738722257,-0.0289621076392654,-0.0351010407185683
4305,"long_v3_CCD0.0.25",1.92466185720822,-0.0138390607274725,-0.0141939307084638,-0.140043107590565
4306,"long_v3_CCD0.0.25",2.09717019420281,0.0251113155688272,0.0621704899520147,-0.0811858448565077
4307,"long_v3_CCD0.0.25",2.39596467655909,0.00208534774511968,0.0880325282456392,-0.0245181355541181
4308,"long_v3_CCD0.0.25",1.82150219119019,0.0466049837352869,0.0270029660356457,-0.108419389651369
4309,"long_v3_CCD0.0.25",1.91511753800914,0.0307440606043497,0.0072922527091137,-0.0391401413448981
4310,"long_v3_CCD0.0.25",1.97095385916809,-0.0242971659608691,0.0297557278727601,-0.0914641836898725
4311,"long_v3_CCD0.0.25",1.95074499152543,0.0219350793991641,-0.0387318305997208,-0.0820539350296584
4312,"long_v3_CCD0.0.25",1.68741979831772,-0.0130329701843408,0.0374920589542089,0.0510749567228911
4313,"long_v3_CCD0.0.25",1.8782100677519,-0.0529901636081822,0.0590091714716934,-0.0619278942705496
4314,"long_v3_CCD0.0.25",2.11162316913132,0.0044490561507515,0.047205505441889,-0.061757991149377
4315,"long_v3_CCD0.0.25",2.24850023172335,-0.0147234346366253,0.0592578657641841,-0.0185110285159691
4316,"long_v3_CCD0.0.25",1.96909515351564,-0.00263266986720681,0.0574039770541208,-0.113749743070627
4317,"long_v3_CCD0.0.25",1.92844383290112,0.0367241629799821,0.0525272130130832,-0.122614085366848
4318,"long_v3_CCD0.0.25",1.79371270258949,0.0444056089048975,-0.00636839744098522,-0.153359938585339
4319,"long_v3_CCD0.0.25",2.01484469541486,0.0469244583446283,-0.0318456731443775,-0.0923632049906853
4320,"long_v3_CCD0.0.25",1.9967307148854,0.00329968894686262,0.0490245140978201,-0.0997946666556147
4321,"long_v3_CCD0.0.25",2.35382390614756,-0.0230361781773753,0.051865551831479,-0.121029546022391
4322,"long_v3_CCD0.0.25",1.91245808158518,-0.0259639776556871,0.0181273822870424,-0.0511594321137812
4323,"long_v3_CCD0.0.25",2.02950902041136,0.0612621122675103,-0.0204199230535864,-0.205755821306435
4324,"long_v3_CCD0.0.25",1.90613562863252,-0.00363285580471778,0.104427214428704,-0.0253993757420049
4325,"long_v3_CCD0.0.25",1.63702239221824,0.0133274884048926,-0.0129272656013216,-0.195235845923948
4326,"long_v3_CCD0.0.25",1.91043019687997,0.000779152978121679,0.0282313364778501,-0.087099146226694
4327,"long_v3_CCD0.0.25",1.90175823377791,0.0717515868147862,0.0604113456489009,-0.0641472689976633
4328,"long_v3_CCD0.0.25",1.83081208770965,0.0012322176589033,0.00915814681174918,-0.0699978200647561
4329,"long_v3_CCD0.0.25",1.57545035868142,-0.00454502822367418,0.026266279365347,-0.0421390608073442
4330,"long_v3_CCD0.0.25",1.90415327555275,0.00637410056939762,0.0906359042430832,-0.0895592879483405
4331,"long_v3_CCD0.0.25",2.14649761117702,0.00355052413289727,0.010448236585862,-0.142435378015873
4332,"long_v3_CCD0.0.25",1.67727576218069,-0.0103401663799607,0.022337498048061,-0.112656751927285
4333,"long_v3_CCD0.0.25",1.81154848741652,-0.00620491304801286,0.0126352991061672,-0.0566118511182859
4334,"long_v3_CCD0.0.25",1.68255617700678,0.0190773522372539,0.0143758766004698,-0.0468972965063701
4335,"long_v3_CCD0.0.25",1.64674780060367,-0.0230360378705577,0.0780809983887786,-0.069114281669196
4336,"long_v3_CCD0.0.25",2.2067771968782,0.0135004124259404,0.0335461421294771,-0.112682357116152
4337,"long_v3_CCD0.0.25",1.90487186081994,0.00872513140902463,-0.0389023995303783,-0.025346922922774
4338,"long_v3_CCD0.0.25",1.56514452188329,-0.00360993138768788,0.0197747791108604,-0.0182527992409374
4339,"long_v3_CCD0.0.25",2.13515179799564,-0.00777548259142592,0.00875070476909708,-0.147285285937181
4340,"long_v3_CCD0.0.25",1.96875752642512,-0.0370711691253283,0.0143266440785434,-0.105431631886644
4341,"long_v3_CCD0.0.25",1.83121712333913,-0.0102270034657608,0.0922756166134341,-0.0820416370791029
4342,"long_v3_CCD0.0.25",1.70353043711177,0.023517652970713,0.0360593509862311,-0.116692176956677
4343,"long_v3_CCD0.0.25",1.77465922176844,-0.0023958766889305,0.0200245239068093,-0.0490464761007336
4344,"long_v3_CCD0.0.25",1.71494992706666,0.0229227876287836,0.0402786032364536,-0.0344920450049987
4345,"long_v3_CCD0.0.25",1.87562969603047,-0.0223398327201106,0.110321927729949,-0.0554663891944885
4346,"long_v3_CCD0.0.25",1.69884663152285,-0.0721910767382707,-0.0486824529239626,-0.0428418200530257
4347,"long_v3_CCD0.0.25",1.75806682773182,-0.010454272266708,0.0298110444345285,-0.0623284270531365
4348,"long_v3_CCD0.0.25",2.13062383414875,-0.00265878203039653,0.0310661032207047,-0.143535013947543
4349,"long_v3_CCD0.0.25",1.52384843285479,-0.0114614391936002,-0.000878100318001685,-0.0465609441460172
4350,"long_v3_CCD0.0.25",1.7839409038608,-0.0124516819830109,0.0617239226542489,-0.177691446248502
4351,"long_v3_CCD0.0.25",1.50099534490786,0.0117731109211712,0.082707617654594,-0.0292347890265981
4352,"long_v3_CCD0.0.25",1.92460615802562,0.000539502823641432,0.0242869678010032,-0.0317534171261849
4353,"long_v3_CCD0.0.25",1.77484682373837,-0.0213294978450226,0.00423462377359187,-0.135515177164831
4354,"long_v3_CCD0.0.25",1.51896328400967,0.0331218514622023,-0.0498929005792409,-0.0944292312483052
4355,"long_v3_CCD0.0.25",1.79376156025896,-0.0131865351448733,-0.0178295915028076,-0.0448367788443735
4356,"long_v3_CCD0.0.25",1.7716873137127,0.0111232858600731,0.0453110977130817,-0.110498447689372
4357,"long_v3_CCD0.0.25",1.96177584543983,0.0391629879660757,0.0265283000180013,-0.0539609528342254
4358,"long_v3_CCD0.0.25",1.85430469148682,0.0218415432830012,0.0217707633679574,-0.113812539564643
4359,"long_v3_CCD0.0.25",2.09599071734588,-0.0519890500892478,0.0238148229089792,-0.0422662883676304
4360,"long_v3_CCD0.0.25",1.96863844399677,0.0137984808110275,0.0442433220202538,-0.17071441452131
4361,"long_v3_CCD0.0.25",2.11227057661591,0.00403065223567256,0.0952882297388765,-0.124394101361338
4362,"long_v3_CCD0.0.25",2.01470360830765,-0.0309890973237114,0.03131816993101,-0.0834375477072762
4363,"long_v3_CCD0.0.25",1.76635667731246,0.0209218690279419,0.0301924137878774,-0.0692834184025526
4364,"long_v3_CCD0.0.25",1.96881029481297,0.0271791165257384,0.0305628766165057,-0.0806911616419295
4365,"long_v3_CCD0.0.25",1.98507827271789,-0.0152664593593064,-0.0263050848258035,-0.0966157151443081
4366,"long_v3_CCD0.0.25",1.59894172162736,0.0257384428738058,0.0443303573714706,-0.0869172754729849
4367,"long_v3_CCD0.0.25",1.40890623183952,-0.010717239742819,0.0590336303293398,-0.0664242084114265
4368,"long_v3_CCD0.0.25",2.09205134010495,0.0160605872704946,0.0264445922388068,-0.0294326363377641
4369,"long_v3_CCD0.0.25",1.99158279665543,-0.00601440797054229,0.0285988876666666,-0.09371444090063
4370,"long_v3_CCD0.0.25",1.84381498580762,-0.00461967150979376,0.0103749422958592,-0.087189271177756
4371,"long_v3_CCD0.0.25",1.91524444174565,-0.00386222625658749,0.00749414324941983,-0.13639729382634
4372,"long_v3_CCD0.0.25",1.96907239060164,-0.0390300439923052,0.0402627845689451,-0.0764202706410084
4373,"long_v3_CCD0.0.25",1.95542648697081,0.00286885003925846,0.0289531643021012,-0.113117880269395
4374,"long_v3_CCD0.0.25",1.91604169614547,0.000537343891197088,0.0615220889552264,-0.136146510450091
4375,"long_v3_CCD0.0.25",1.83132180558425,0.0470411954764515,0.033707981264036,-0.104438212031893
4376,"long_v3_CCD0.0.25",1.8717027207153,0.0210453764440756,0.076510592034652,-0.135981481499437
4377,"long_v3_CCD0.0.25",2.0658374885951,-0.007548588431385,0.0257002034764859,-0.0246961504110855
4378,"long_v3_CCD0.0.25",2.11768582981735,0.0185761442940775,0.062839189640723,-0.138858230418328
4379,"long_v3_CCD0.0.25",1.92961857188653,0.00815103535045134,0.0085299980003201,-0.0699760373547286
4380,"long_v3_CCD0.0.25",1.82377569496551,-0.0418149533511236,-0.0419833259283249,-0.0603135403863597
4381,"long_v3_CCD0.0.25",2.03868369904922,-0.0155538829030121,0.0565507403284027,-0.139328329438508
4382,"long_v3_CCD0.0.25",2.04706254362055,0.0036975176350435,0.0300413869468166,-0.132904374629522
4383,"long_v3_CCD0.0.25",1.93424970371473,0.000137645380479692,0.0174871896996979,-0.080772950464118
4384,"long_v3_CCD0.0.25",1.94557447356598,0.062163031903872,0.0523173933004944,-0.152347256012315
4385,"long_v3_CCD0.0.25",1.89065584477437,0.0104368473731631,0.0684744309435922,-0.0528282103520504
4386,"long_v3_CCD0.0.25",1.67708451981027,-0.0205908943844932,0.048435157090512,-0.140063719229714
4387,"long_v3_CCD0.0.25",1.99401350601303,0.012372558425257,-0.0206846007054347,-0.0512371160872045
4388,"long_v3_CCD0.0.25",2.20273012998254,0.0816069209199128,-0.00317146780060573,-0.0724761279283916
4389,"long_v3_CCD0.0.25",1.93768308459702,0.0435756145786082,-0.0081125973200693,-0.147375001840013
4390,"long_v3_CCD0.0.25",2.10984785508112,-0.0345699006553484,0.0183869210083533,-0.0978469288048332
4391,"long_v3_CCD0.0.25",2.05896474562172,0.0231880013329317,0.0500288923467343,-0.136964725312321
4392,"long_v3_CCD0.0.25",2.47748109992031,0.0423580685943258,0.0201069112019373,-0.0996464037698201
4393,"long_v3_CCD0.0.25",2.15402029685729,0.00812126726905421,-0.010014312028766,-0.130025457915931
4394,"long_v3_CCD0.0.25",1.76596388816342,0.0240947671959536,0.00494514948816212,-0.16117848209982
4395,"long_v3_CCD0.0.25",2.06141434063746,0.00195942734772461,-0.0243858714405245,-0.156901281997427
4396,"long_v3_CCD0.0.25",1.93043897568196,-0.00492051638879009,0.0407833048065225,-0.108707640561
4397,"long_v3_CCD0.0.25",1.82189239800102,-0.0481170424465818,0.0333347501704266,-0.0217564560036981
4398,"long_v3_CCD0.0.25",2.05342790556501,-0.00292264098168702,0.0750318477065672,-0.0669459077699471
4399,"long_v3_CCD0.0.25",1.93341594044696,0.00500262776834994,0.0185688575258351,-0.0774832450131982
4400,"long_v3_CCD0.0.25",1.93919814052377,0.0166824652093164,0.0244353077965522,-0.0691187281001431
4401,"long_v3_CCD0.0.25",2.47874409932913,0.0108881372777252,0.0344348943961834,-0.135630580304535
4402,"long_v3_CCD0.0.25",1.59542037303367,0.0720117133942529,-0.0403608858088787,-0.0699044685656506
4403,"long_v3_CCD0.0.25",1.86491298861445,0.0230110808034738,0.0213396619669384,-0.0327592523245325
4404,"long_v3_CCD0.0.25",1.96979880215655,0.0297021775466156,0.0170393665483135,-0.138265802636009
4405,"long_v3_CCD0.0.25",1.96336938763622,-0.0238627578762472,0.118522423993767,-0.110931785768426
4406,"long_v3_CCD0.0.25",2.04003865255839,0.0163781415866435,0.0425238825063202,-0.130604666039475
4407,"long_v3_CCD0.0.25",1.74468061791781,-0.0379564748076358,0.130751145759656,-0.0272189861769269
4408,"long_v3_CCD0.0.25",1.70199705185362,-0.01409079538114,-0.0394922797075419,-0.0775240862995589
4409,"long_v3_CCD0.0.25",1.69696635396693,-0.0893631657491171,0.0373137524124367,-0.017853461985843
4410,"long_v3_CCD0.0.25",1.54842745966691,-0.0137081211003282,0.0261392915092144,-0.0264128977213359
4411,"long_v3_CCD0.0.25",2.25341541498201,0.00574937707352826,0.0912558229403439,-0.102408320885674
4412,"long_v3_CCD0.0.25",2.13360440467426,0.0931641137709832,0.0093254806793133,-0.119016653511971
4413,"long_v3_CCD0.0.25",2.22316476188794,-0.00832810099415159,0.0231135809552847,-0.0271530703881759
4414,"long_v3_CCD0.0.25",1.94347983019807,-0.0121279811341899,0.0323843436137341,-0.0470982373683023
4415,"long_v3_CCD0.0.25",1.90423858995518,-0.0119002205490691,0.0518428431283175,-0.0511194831496051
4416,"long_v3_CCD0.0.25",1.59718084439622,-0.0529184838937376,0.0209737388933844,-0.0302919258376264
4417,"long_v3_CCD0.0.25",1.82586257134798,0.0423874650288547,0.050870349504743,-0.0982561649994427
4418,"long_v3_CCD0.0.25",1.80378550778047,0.0137652593939484,0.0555539630580918,-0.0614552317705582
4419,"long_v3_CCD0.0.25",1.72695521651219,-0.0224356171840896,0.0285273764202958,-0.111962631944961
4420,"long_v3_CCD0.0.25",1.35833229854281,-0.0732923554812514,0.1126464833553,-0.0547027641413199
4421,"long_v3_CCD0.0.25",1.93195068458124,-0.011045480108973,-0.00699511053100724,-0.0484647599365758
4422,"long_v3_CCD0.0.25",1.68259065667073,0.0609796453826881,-0.0200000940864911,-0.123755436003508
4423,"long_v3_CCD0.0.25",1.6545819631012,0.050317033018685,0.0370762728692852,-0.144359291666155
4424,"long_v3_CCD0.0.25",1.58831367578858,0.0108442683187436,0.000839863151489595,-0.0668365855247545
4425,"long_v3_CCD0.0.25",1.76203273348869,-0.0424138137065832,0.0602902772800625,-0.0702411222160865
4426,"long_v3_CCD0.0.25",1.79473735837472,0.00496453792231896,0.0994622544159245,-0.0110954461864145
4427,"long_v3_CCD0.0.25",2.01136388802104,-0.00529651948111416,0.0160533899610512,-0.0573675238262706
4428,"long_v3_CCD0.0.25",2.06482154868173,-0.00528746471409011,-0.0223508610775761,-0.158764102153958
4429,"long_v3_CCD0.0.25",1.84852024893432,0.0279279253909619,0.0528885940378797,-0.0720667991649068
4430,"long_v3_CCD0.0.25",1.93620884282831,0.0150740792203336,0.00618446288657628,-0.128077638306725
4431,"long_v3_CCD0.0.25",2.08603872136107,0.0144603986298625,0.0259800252848861,-0.121878267868101
4432,"long_v3_CCD0.0.25",1.85311729630859,0.0124099334079036,0.0744363959406757,-0.115975827325138
4433,"long_v3_CCD0.0.25",1.74758924957093,0.0543219737638308,0.0212456620268754,-0.0831633233970609
4434,"long_v3_CCD0.0.25",1.79272808245103,-0.0645957469929144,0.067959013823167,-0.0997961885183742
4435,"long_v3_CCD0.0.25",1.8153791364749,0.0146036211658507,0.0342561472632312,-0.169079563913669
4436,"long_v3_CCD0.0.25",2.06963559872099,0.04619879667387,0.0405626394572365,-0.0515703844346198
4437,"long_v3_CCD0.0.25",1.85722813645364,-0.00048468627531408,0.0396097878869466,-0.11071693874619
4438,"long_v3_CCD0.0.25",1.80773634053828,-0.0758431966724009,-0.063682084701818,-0.121798290002264
4439,"long_v3_CCD0.0.25",1.76510501981753,-0.0295727321936949,0.0778769466021152,-0.086924291959241
4440,"long_v3_CCD0.0.25",1.82400895731283,0.0229778785161077,0.00640880658647769,-0.0511853400333033
4441,"long_v3_CCD0.0.25",1.82733568303777,0.000131402603950491,0.00107699312729505,-0.0787319923568171
4442,"long_v3_CCD0.0.25",1.90443288307495,0.0063433874934535,0.000301913264342355,-0.00793991689652334
4443,"long_v3_CCD0.0.25",1.61105609839385,-0.0211544456355687,-0.00385799312358953,-0.0666010905568435
4444,"long_v3_CCD0.0.25",1.73593297861224,0.0214159576084381,-0.0301477650255843,-0.14233801031999
4445,"long_v3_CCD0.0.25",1.94017851641283,-0.00202108271027619,0.0269747292679573,-0.0630586448833386
4446,"long_v3_CCD0.0.25",1.61287181737297,0.034725171912202,0.0268677599410751,-0.094564453099358
4447,"long_v3_CCD0.0.25",1.96340410036706,0.0326937490325852,0.0800471886474289,-0.0525896760548299
4448,"long_v3_CCD0.0.25",1.69417045150707,0.0180409588111632,0.0228870871126379,-0.0657082687776933
4449,"long_v3_CCD0.0.25",1.75604986003212,-0.0525468667107229,-0.0155087461229656,-0.103858272245543
4450,"long_v3_CCD0.0.25",1.57209217407611,-0.0239597347803375,-0.00352491508140052,-0.00948835286740116
4451,"long_v3_CCD0.0.25",1.79046100004791,0.0449381851708931,0.0702390196604515,-0.136041761741471
4452,"long_v3_CCD0.0.25",2.22480130267238,0.00662033730036627,0.063213916546857,-0.160646420395748
4453,"long_v3_CCD0.0.25",2.13028932065893,-0.0108020183125416,0.00378003296807655,-0.255179526347803
4454,"long_v3_CCD0.0.25",1.98794184120674,-0.00148959885524173,0.0162284427176014,-0.0611220597362744
4455,"long_v3_CCD0.0.25",1.93316518201578,0.0208236049718065,0.0148569793868059,-0.0567705071110775
4456,"long_v3_CCD0.0.25",1.88816294973781,-1.03620669682893e-05,0.0535260565349308,-0.122892812821137
4457,"long_v3_CCD0.0.25",1.80210995457905,0.0219277456419573,0.0162057863813075,-0.0853662055319019
4458,"long_v3_CCD0.0.25",2.15096942830735,0.0182386047433089,-0.0258958599417521,-0.116789918486143
4459,"long_v3_CCD0.0.25",2.0134017629802,0.112861334886406,0.0252533481143965,-0.100426305131007
4460,"long_v3_CCD0.0.25",1.67504588730419,-0.0161539614710287,0.0290892240486574,0.00814530190956846
4461,"long_v3_CCD0.0.25",2.03136060101467,0.0715323836216017,0.0487662347964939,-0.113243190007729
4462,"long_v3_CCD0.0.25",2.0822922470703,0.0642055547635623,-0.0247600680015206,-0.043152820588078
4463,"long_v3_CCD0.0.25",1.54379198244967,0.0841943866560842,0.0639208873104472,-0.0500773164121317
4464,"long_v3_CCD0.0.25",1.89747365347835,0.00534223609611062,-0.0019621854136956,-0.047277346351737
4465,"long_v3_CCD0.0.25",1.90511880502896,0.0397670943628834,0.00793095261163094,-0.0964065660427312
4466,"long_v3_CCD0.0.25",1.77639196763243,-0.0295197584807182,0.053828858842772,-0.076367878509899
4467,"long_v3_CCD0.0.25",1.82486500131218,0.0125783248193191,-0.00560689630549929,-0.126347233243344
4468,"long_v3_CCD0.0.25",1.74872704127498,-0.071547340222555,-0.0335276168945121,-0.0697337446813692
4469,"long_v3_CCD0.0.25",1.67145541898865,0.0382725289729162,0.0752241009445341,-0.111684361963738
4470,"long_v3_CCD0.0.25",1.82306969563277,0.0483757290252801,0.0590593945796313,-0.0813322580335872
4471,"long_v3_CCD0.0.25",1.3580607453962,-0.0896609515647062,0.00703620521608105,-0.0189536353522399
4472,"long_v3_CCD0.0.25",1.93760004970955,0.00632366732964453,0.0938750245567251,-0.103359452638306
4473,"long_v3_CCD0.0.25",1.56204275397556,-0.0290176154515935,-0.032008169807755,-0.186653299626552
4474,"long_v3_CCD0.0.25",1.75704492368101,0.0111390701107697,0.0131843149706917,-0.066498698727619
4475,"long_v3_CCD0.0.25",1.77322587506127,0.0889490438329351,0.00468336640057366,-0.111604649165429
4476,"long_v3_CCD0.0.25",1.81456862872748,-0.0110394784383159,0.0827218973856408,-0.0776210986060325
4477,"long_v3_CCD0.0.25",2.04296748011365,-0.0399574740514308,0.0250381145730608,-0.0575668348075154
4478,"long_v3_CCD0.0.25",1.99043050808085,-0.00368409312132371,0.0865065449174847,-0.043037274430455
4479,"long_v3_CCD0.0.25",1.96648988025145,0.026098175563638,0.0339573621496613,-0.154536056426517
4480,"long_v3_CCD0.0.25",1.98077296488392,0.0219268384646728,0.0321272138731958,-0.0786196299011431
4481,"long_v3_CCD0.0.25",2.03432048684502,0.0122251671754748,0.0186991503720698,-0.154689739701923
4482,"long_v3_CCD0.0.25",1.97503644489059,-0.0212139361629457,-0.0652361082796583,-0.205619317276085
4483,"long_v3_CCD0.0.25",1.79614847542213,-0.0190009149236748,-0.0157331680047265,-0.0459442749749267
4484,"long_v3_CCD0.0.25",1.9469001799478,0.0313729288480551,0.0677363807652161,-0.0954326766454216
4485,"long_v3_CCD0.0.25",1.84702888327824,0.0401187051906389,0.0623744242756907,0.00687726068574892
4486,"long_v3_CCD0.0.25",1.93812941273043,-0.0133637758028232,0.140140957849059,-0.0370323732232039
4487,"long_v3_CCD0.0.25",1.87358581922322,-0.0716335163259703,0.0210271537690626,-0.0482196894766458
4488,"long_v3_CCD0.0.25",1.53815559446626,0.0381468481318173,-0.00740905918306659,0.0287249679781973
4489,"long_v3_CCD0.0.25",2.02912092546655,-0.0409107590413266,-0.0124467712072835,-0.0715593699857017
4490,"long_v3_CCD0.0.25",2.15767368521294,0.0213667557024586,0.0181483172734753,-0.134912774453129
4491,"long_v3_CCD0.0.25",1.88586628946323,-0.0535238007259614,-0.0137205925425122,-0.0886413679689535
4492,"long_v3_CCD0.0.25",2.20594382613359,0.093021266013869,0.0940661888093044,-0.151494060059081
4493,"long_v3_CCD0.0.25",2.05130458509132,0.019254572520613,0.0407581276497564,-0.0682978625973363
4494,"long_v3_CCD0.0.25",1.95728078956136,-0.0216940590017739,-0.0226588288290797,-0.0909096663486219
4495,"long_v3_CCD0.0.25",1.78234899919588,0.000397180308079217,-0.0144096523438349,-0.151101254547219
4496,"long_v3_CCD0.0.25",1.90403107262953,-0.0312622688227932,0.0347568528406667,-0.0862477902104876
4497,"long_v3_CCD0.0.25",1.81864200145662,-0.0224129044777403,0.0103971697295544,-0.0729210485681297
4498,"long_v3_CCD0.0.25",1.69786841994965,0.0103510537806546,0.0634974658401382,-0.0366120666215949
4499,"long_v3_CCD0.0.25",1.5985882508125,0.0482894475215149,-0.0228046257116043,-0.0195850383461434
4500,"long_v3_CCD0.0.25",2.18545292622547,0.0483881719773575,0.017329752221518,-0.10139995532418
4501,"long_v3_CCD0.0.25",1.81971534791679,0.0572837993365123,0.0391339613002256,-0.091460531314239
4502,"long_v3_CCD0.0.25",1.89718868916008,-0.0337286911233928,0.0397126650015779,-0.0854594463663846
4503,"long_v3_CCD0.0.25",2.16234788627065,0.00243086096521518,-0.0357878175677354,-0.0142963389491995
4504,"long_v3_CCD0.0.25",1.54653977848204,0.0161320839866006,-0.0290993795110555,-0.116753212652487
4505,"long_v3_CCD0.0.25",1.92185305860839,-0.0108990157087282,0.00234695262331996,-0.0114683844787491
4506,"long_v3_CCD0.0.25",2.03609615651869,-0.0300185606789704,0.0626459955727558,-0.0702749185215352
4507,"long_v3_CCD0.0.25",1.95454141692996,-0.0220398188229204,-0.0481716004030032,-0.0146643965990007
4508,"long_v3_CCD0.0.25",1.83773313928108,-0.0916679483028475,0.048559874016239,0.0116547876131713
4509,"long_v3_CCD0.0.25",1.70493774925503,0.0424937348481499,-0.0586857375677833,-0.0712402299286784
4510,"long_v3_CCD0.0.25",1.83232621120071,0.0322103011860786,0.0339008128156361,-0.0701217273117088
4511,"long_v3_CCD0.0.25",1.93010092297271,0.0429677770563588,0.028321544727925,-0.14259203698154
4512,"long_v3_CCD0.0.25",2.27430390466487,0.0392924127209388,-0.0539548587074958,-0.088083456046686
4513,"long_v3_CCD0.0.25",1.87309913414141,-0.0233378500085026,-0.000814058525340861,-0.143573611219023
4514,"long_v3_CCD0.0.25",1.89427121915997,-0.0492311058803779,0.0565673263851858,-0.122527252472035
4515,"long_v3_CCD0.0.25",2.09740722134189,0.0169170731419284,0.0692143787993227,-0.105035977515131
4516,"long_v3_CCD0.0.25",1.6959011253521,0.022090460948372,-0.00141017955998223,-0.0217713683263215
4517,"long_v3_CCD0.0.25",1.96350313427475,0.0278037465562879,0.100917346635446,-0.0843243778628314
4518,"long_v3_CCD0.0.25",1.83385213930434,-0.0339663899216922,-0.0239207244411678,-0.0970711204087641
4519,"long_v3_CCD0.0.25",1.96856607134292,-0.00152613721530385,0.00461212926306115,-0.128539667002759
4520,"long_v3_CCD0.0.25",2.13681567515967,-0.000692055458995043,-0.0113221211617617,-0.0339724372243383
4521,"long_v3_CCD0.0.25",1.99433413002497,-0.0278843036637897,0.0234734493678777,-0.0321897764986665
4522,"long_v3_CCD0.0.25",1.767927043756,0.020165089580711,-0.0146018166695201,-0.039332684242117
4523,"long_v3_CCD0.0.25",1.71549843848316,-0.0851365292207372,-0.0175174264279244,-0.0841149097803152
4524,"long_v3_CCD0.0.25",1.96390193606063,0.111999542560535,-0.0486378753231539,-0.180232339283631
4525,"long_v3_CCD0.0.25",1.73839180567731,0.00514999617389168,-0.0463383492790294,-0.125407790882737
4526,"long_v3_CCD0.0.25",2.1079802662286,0.0496678113276908,0.0555697301894992,-0.109382481143637
4527,"long_v3_CCD0.0.25",1.86130744400731,-0.00520081557836198,0.081357331574033,-0.10923336385988
4528,"long_v3_CCD0.0.25",1.88147725354657,0.00878237400420333,0.00206343490786975,-0.0481588325699228
4529,"long_v3_CCD0.0.25",1.91809804295598,0.043490802378162,0.0235862956091208,-0.132284797625019
4530,"long_v3_CCD0.0.25",2.10408214356683,-0.0699375711508175,0.145400246717054,-0.136106254432884
4531,"long_v3_CCD0.0.25",1.90276788308405,-0.0442032862419655,0.0614166361739453,-0.0604423001665783
4532,"long_v3_CCD0.0.25",1.50682137770131,-0.0691066150403135,0.0820916925579404,-0.0214500909235211
4533,"long_v3_CCD0.0.25",1.96805913065664,-0.0384747792367625,0.0144061570667159,-0.108625029232526
4534,"long_v3_CCD0.0.25",2.05313284932228,0.0571943776378652,-0.00882469130853602,-0.0936725553855765
4535,"long_v3_CCD0.0.25",1.84514456060672,0.043347285937603,0.0170259614515202,-0.114896422239975
4536,"long_v3_CCD0.0.25",1.67323424218372,0.00397118871595436,0.0155430420327729,-0.0635827339480091
4537,"long_v3_CCD0.0.25",1.75100100369775,0.0751421532423589,0.0363473029164228,-0.155836112402236
4538,"long_v3_CCD0.0.25",1.49177584525746,-0.0438800612485197,0.0496820297689035,-0.0634247785566319
4539,"long_v3_CCD0.0.25",2.02635117343546,0.00182747615420854,0.00164751522114799,-0.0451156890335998
4540,"long_v3_CCD0.0.25",2.0631394279523,0.0160984820283008,0.00500055883953824,-0.0844365415082823
4541,"long_v3_CCD0.0.25",2.11156698059404,0.097762293359777,-0.00207993532379066,-0.096545566011781
4542,"long_v3_CCD0.0.25",2.00368085730376,-0.0112820606633073,0.0412247855785776,-0.165818653776324
4543,"long_v3_CCD0.0.25",1.82675362741392,0.028020237132563,0.0902266890221971,-0.0418520223626828
4544,"long_v3_CCD0.0.25",1.9463482598574,-0.0130667321709787,0.0912452103835762,-0.085740738971588
4545,"long_v3_CCD0.0.25",1.44446409708149,-0.024747727571943,-0.0297886712299186,-0.0825504327001786
4546,"long_v3_CCD0.0.25",2.00572665876133,-0.0230018436039686,-0.0635211603929059,-0.156913269026307
4547,"long_v3_CCD0.0.25",1.95122231068745,-0.00256211502932976,0.0256951552492234,-0.0488028065413113
4548,"long_v3_CCD0.0.25",1.90400193372999,-0.0195847107545562,0.0993380834933408,-0.0585566614371564
4549,"long_v3_CCD0.0.25",1.77431288375097,-0.00129472596951322,0.07425120715248,-0.133813933091441
4550,"long_v3_CCD0.0.25",1.59285600421833,0.00602612469757055,-0.0441188978578279,-0.0954188951930587
4551,"long_v3_CCD0.0.25",1.6233591264005,0.0154819533062897,0.00391414655219554,-0.0637678485928618
4552,"long_v3_CCD0.0.25",2.12597874625842,-0.0187544449052109,0.0144011288439971,-0.143069915402642
4553,"long_v3_CCD0.0.25",1.92673456508845,0.023614651562725,0.00137249275103739,-0.0504634230018774
4554,"long_v3_CCD0.0.25",1.51204774990176,-0.020398399867563,0.0428405734563379,-0.0774507917522531
4555,"long_v3_CCD0.0.25",1.6534360136694,-0.00524682330921214,0.0249110703538075,0.00167776865915625
4556,"long_v3_CCD0.0.25",2.1418328123843,-0.0311071403660719,-0.0585427490321688,-0.147897547715608
4557,"long_v3_CCD0.0.25",1.88231059925751,-0.00730065119419639,-0.0235348646073066,-0.133676330449987
4558,"long_v3_CCD0.0.25",2.34671252727934,0.0698933271487449,0.0287116344479516,-0.059058804992574
4559,"long_v3_CCD0.0.25",1.82214930927627,0.0575994252562177,0.0441838224154239,-0.100000448356215
4560,"long_v3_CCD0.0.25",1.9389287312685,0.0701090641329853,-0.0424820278943952,-0.0689375888288142
4561,"long_v3_CCD0.0.25",1.72077844416968,0.0241986519235533,0.0536553756862668,-0.192587897573728
4562,"long_v3_CCD0.0.25",1.73270104740847,0.0187578343371634,-0.0542805258124199,-0.0272644315647447
4563,"long_v3_CCD0.0.25",1.75861123212753,-0.00718376069610539,0.0328154271618635,-0.0283088021605792
4564,"long_v3_CCD0.0.25",2.06978377075897,0.0657171509070742,0.0440463668865874,-0.120463958272024
4565,"long_v3_CCD0.0.25",1.89221371990398,-0.00990567597929655,0.108596465739875,0.012555415381452
4566,"long_v3_CCD0.0.25",2.08492134256483,-0.0197919207643647,0.0729140875279121,-0.0788049913913011
4567,"long_v3_CCD0.0.25",2.05525837611133,0.0103309769884388,0.0506437850022898,-0.0428300125768917
4568,"long_v3_CCD0.0.25",1.96709788605371,0.00806231000525157,0.0359357285931336,-0.0894572079949345
4569,"long_v3_CCD0.0.25",2.11015153684156,-0.00090615673058159,0.0167214549135175,0.0192136028595578
4570,"long_v3_CCD0.0.25",1.86005956265508,0.0638982257151264,0.0214380593662644,-0.0291549440511585
4571,"long_v3_CCD0.0.25",1.4169121378512,0.0364484308109806,-0.0391172497727981,-0.0585599424093924
4572,"long_v3_CCD0.0.25",1.97387390128365,0.0107663061765289,-0.00653369160100641,-0.0794830359336688
4573,"long_v3_CCD0.0.25",1.85263371099059,-0.0268153939874321,0.0700096638873411,-0.0521350487534845
4574,"long_v3_CCD0.0.25",1.51685518760092,-0.036783417440055,0.0480180704597601,-0.0434680902772804
4575,"long_v3_CCD0.0.25",2.06217447317016,0.0125312080280282,-0.0634827503687508,-0.0835376794256824
4576,"long_v3_CCD0.0.25",2.03521904776133,0.0362103649470656,-0.0210365217274562,-0.0930630294037367
4577,"long_v3_CCD0.0.25",1.88258865549614,0.0252400351017625,-0.0240827741692346,-0.123809183544214
4578,"long_v3_CCD0.0.25",1.20314112804376,-0.0573242270876381,0.0208422851796406,-0.0995883256274368
4579,"long_v3_CCD0.0.25",1.52233451205185,-0.131452325120909,0.0113024839113071,-0.0128422863738582
4580,"long_v3_CCD0.0.25",2.11031780280417,0.115106085438981,0.100354217456506,-0.177754493728074
4581,"long_v3_CCD0.0.25",2.02605906907174,-0.0660807297506139,0.050326752800983,-0.114584612853948
4582,"long_v3_CCD0.0.25",1.96365321238351,0.0333752112257264,0.0186475233393366,-0.172843687196911
4583,"long_v3_CCD0.0.25",2.01196662360852,-0.036200706245441,0.0864255340696651,-0.0848317028121148
4584,"long_v3_CCD0.0.25",1.89264356239312,-0.0282689809515404,0.0158569528909254,-0.0383250293920673
4585,"long_v3_CCD0.0.25",1.77832281707751,0.018714040756628,0.00634676367954904,-0.0330474098233391
4586,"long_v3_CCD0.0.25",2.06791957118784,0.053332774719787,0.0405161966561053,-0.0673890718684853
4587,"long_v3_CCD0.0.25",2.04477161751774,-0.0182731395941808,0.114122395234974,-0.144056175017451
4588,"long_v3_CCD0.0.25",1.90785216938981,0.0155681107714151,-0.0232033582257066,-0.0397759561678514
4589,"long_v3_CCD0.0.25",2.07396872518783,0.016022729682192,0.0736630804180034,-0.0794413273789696
4590,"long_v3_CCD0.0.25",1.81556366845686,0.0479582982249345,0.0091588799736716,-0.138667697250061
4591,"long_v3_CCD0.0.25",1.84945071018587,-0.0174591481283732,0.0690877182161771,-0.0493110064797936
4592,"long_v3_CCD0.0.25",1.91452995467227,0.0470016584874703,0.0366890190057899,-0.117443256375338
4593,"long_v3_CCD0.0.25",1.99216127460503,0.0160421140949828,0.00248726904416022,-0.116576329808151
4594,"long_v3_CCD0.0.25",2.21154101084458,-0.113684980169315,0.058870220904553,-0.109155232694567
4595,"long_v3_CCD0.0.25",2.03408616476494,-0.0455223149373614,0.0033063550128784,-0.0365753941430077
4596,"long_v3_CCD0.0.25",1.97359402907632,-0.0401770476649346,0.0675714575471582,-0.0897927011998392
4597,"long_v3_CCD0.0.25",1.94226059988448,-0.0532555290901476,-0.0484877379388625,-0.0517657573721692
4598,"long_v3_CCD0.0.25",2.51053159230691,-0.0073188798847137,0.0165425279203858,-0.0806992218012837
4599,"long_v3_CCD0.0.25",1.95816982058932,0.0123498148694561,0.00508023700701407,-0.000637655210694109
4600,"long_v3_CCD0.0.25",1.86420956095811,-0.00238641149195024,0.00106662117240556,-0.0519179498156549
4601,"long_v3_CCD0.0.25",2.03827377216995,0.0231490520142411,0.0357436396274758,-0.0589423594229768
4602,"long_v3_CCD0.0.25",1.78235277246091,0.0177686776990555,0.050077843262713,-0.0566741906457777
4603,"long_v3_CCD0.0.25",1.92715798462702,-0.032517469206854,0.028265373307666,-0.0822298548199234
4604,"long_v3_CCD0.0.25",1.96551776890364,0.0053814866633495,-0.0396496207334081,-0.061841165353717
4605,"long_v3_CCD0.0.25",2.20487495856407,-0.0220705995831407,0.0138865819771088,-0.0676307709133607
4606,"long_v3_CCD0.0.25",1.67239037121598,-0.0430143623050962,-0.0227633388732034,-0.0871567016853972
4607,"long_v3_CCD0.0.25",1.39121119367686,-0.0120505165300161,-0.0127542163539093,-0.066404429206761
4608,"long_v3_CCD0.0.25",1.83871266115505,0.0433044398127195,0.0068058848929894,-0.0721166629268281
4609,"long_v3_CCD0.0.25",1.49737246056499,-0.0446872559501814,0.01713456369196,-0.106002508023905
4610,"long_v3_CCD0.0.25",1.9371577202569,0.0237342490104006,0.0417989373302971,-0.066295040271097
4611,"long_v3_CCD0.0.25",1.98155589181654,-0.00950829639113836,0.0551586493774658,-0.106879100914018
4612,"long_v3_CCD0.0.25",1.55514871647813,0.057478881613134,0.0136012821534593,-0.0758785508127351
4613,"long_v3_CCD0.0.25",1.65624545503441,0.0414424357289158,0.0198473548828174,-0.12451649987346
4614,"long_v3_CCD0.0.25",1.63850154636794,-0.0149892001744432,0.0437260834291243,-0.0167535884153381
4615,"long_v3_CCD0.0.25",1.82984677420027,0.116524781800132,0.0763230202556397,-0.114769648161483
4616,"long_v3_CCD0.0.25",1.84720110880017,0.0531017773961409,-0.00424105029423584,-0.0988456951754923
4617,"long_v3_CCD0.0.25",1.94911407149942,0.0520508314824193,-0.0150253672358035,-0.12342735855954
4618,"long_v3_CCD0.0.25",1.35365748381896,-0.043270958109605,0.0197588422530835,-0.00173262106693728
4619,"long_v3_CCD0.0.25",1.77430054348346,0.0244121979294462,-0.0850711486361398,-0.15530905859036
4620,"long_v3_CCD0.0.25",1.81418762176967,-0.0467948287336132,0.078472204295878,-0.0567344505244541
4621,"long_v3_CCD0.0.25",1.87080900352451,0.00273720673538476,0.0294883148031769,-0.0348804872525102
4622,"long_v3_CCD0.0.25",1.93773242756776,-0.00889723531510871,0.0504224310670347,-0.0695151369230289
4623,"long_v3_CCD0.0.25",1.86921860118557,0.0328721563674148,-0.0331967414022494,-0.0119675144670966
4624,"long_v3_CCD0.0.25",1.83261214361478,0.0877711838112337,-0.0519699270637539,-0.114625393343021
4625,"long_v3_CCD0.0.25",2.04175955414249,0.0332740930202933,0.114891337676624,-0.152874807428615
4626,"long_v3_CCD0.0.25",1.83597112835094,0.0233373265566632,0.0377932229434157,-0.0549502760434811
4627,"long_v3_CCD0.0.25",1.74908215492174,-0.00728573295685202,0.0064673870005614,-0.0778294749704619
4628,"long_v3_CCD0.0.25",2.15365383200454,-0.0130054695391033,0.0200557753669374,-0.133706552242609
4629,"long_v3_CCD0.0.25",1.86113744667017,0.0967528340351275,0.0233744878595054,-0.135396250060137
4630,"long_v3_CCD0.0.25",2.00851371441449,0.0399215117546843,-0.105853225981876,-0.079809242248789
4631,"long_v3_CCD0.0.25",1.66847760940187,-0.0423276983935912,0.000428989576152013,-0.122047113107936
4632,"long_v3_CCD0.0.25",1.86979980354464,-0.00673317869145061,-0.00463856420400063,-0.00238965134943573
4633,"long_v3_CCD0.0.25",2.15920773014444,-0.0213056164919599,-0.0444269679502047,-0.0352707514811408
4634,"long_v3_CCD0.0.25",2.27390487428554,-0.0476930327040223,0.0426768380664281,-0.030896760474097
4635,"long_v3_CCD0.0.25",1.6560783193902,-0.0383617323034854,0.0109817614322885,-0.0350180386247135
4636,"long_v3_CCD0.0.25",1.88953996018525,0.011299055876079,-0.0118785927089535,-0.108836494241186
4637,"long_v3_CCD0.0.25",2.21865374536961,0.00503749323278274,0.015602896002661,-0.124918730470682
4638,"long_v3_CCD0.0.25",2.09066595820867,0.0289419629027032,0.026263890806768,-0.107616250724667
4639,"long_v3_CCD0.0.25",2.49128082792813,0.0199040631945819,0.03587150208641,-0.0793299140498639
4640,"long_v3_CCD0.0.25",1.8818824772237,0.110788478327437,-0.00983130363472666,-0.0925393154616452
4641,"long_v3_CCD0.0.25",1.82670698025787,-0.0375794282341935,0.0322655840537919,-0.0830706584196809
4642,"long_v3_CCD0.0.25",1.93831448325539,-0.0023222479174899,-0.0254411614299829,-0.138025277188579
4643,"long_v3_CCD0.0.25",2.0611672135855,0.000773644316023781,0.0502916561604469,-0.0398316177918627
4644,"long_v3_CCD0.0.25",1.85264448160007,0.0233923201180608,0.0061305373831397,-0.0528997757069693
4645,"long_v3_CCD0.0.25",1.74838387831317,0.0362584541706013,0.0535909437179947,-0.174629279534312
4646,"long_v3_CCD0.0.25",1.6563543738028,-0.00282588470876953,0.0185023094929758,-0.051641141122982
4647,"long_v3_CCD0.0.25",1.84511571906543,0.0381386751006002,0.061338586622221,-0.115411858330683
4648,"long_v3_CCD0.0.25",2.04999829291233,-0.0146758570530244,-0.0310389299157555,-0.0741351555698444
4649,"long_v3_CCD0.0.25",1.94074468041445,0.074739945759579,-0.0320855670136639,-0.0873872521243048
4650,"long_v3_CCD0.0.25",2.23615347083408,-0.0440589322250715,0.00252858375308584,-0.077211199892536
4651,"long_v3_CCD0.0.25",1.49724761790827,-0.11174849127132,0.0389754647514346,0.012775246584874
4652,"long_v3_CCD0.0.25",1.9908663241085,-0.0202122595939409,0.0206742107444696,-0.0428379927712337
4653,"long_v3_CCD0.0.25",2.04477386163432,-0.0237346856411365,0.0420562953190958,-0.0618365415655429
4654,"long_v3_CCD0.0.25",1.83826088817227,0.0350774023151707,0.0194113875788641,-0.0696326054226916
4655,"long_v3_CCD0.0.25",1.6450869383362,-0.0269856290053424,-0.0187329688402837,0.00700707464058041
4656,"long_v3_CCD0.0.25",1.51535031591538,-0.0520059366215366,-0.0878913289473439,-0.0289687878311061
4657,"long_v3_CCD0.0.25",1.82482116991241,-0.00763895313955618,0.00832656651883575,-0.0705072666110766
4658,"long_v3_CCD0.0.25",1.89900163300257,0.0436613425902003,0.0119474769545089,-0.0857637766572509
4659,"long_v3_CCD0.0.25",1.99621616923329,-0.0122229360937176,0.0133558741078596,-0.0241010944081483
4660,"long_v3_CCD0.0.25",1.51889941417014,0.0271725234839407,-0.0230433370865262,-0.0548851917129797
4661,"long_v3_CCD0.0.25",1.94262772504339,-0.0323985984663189,0.00995230664295779,-0.099320334949875
4662,"long_v3_CCD0.0.25",1.97991830861165,0.0259183814647519,-0.0127957233889137,-0.0505158821368445
4663,"long_v3_CCD0.0.25",1.59155737981702,0.00249497598762655,0.0459893381484214,-0.0715121839500116
4664,"long_v3_CCD0.0.25",2.05879050986118,0.0018223896086674,-0.000920482150513244,-0.0338903332934299
4665,"long_v3_CCD0.0.25",2.04703584219726,-0.00406558579337788,0.04347120237292,-0.0803351954955935
4666,"long_v3_CCD0.0.25",1.73946054853764,0.0328738073800433,0.0601414971337745,-0.12908109576769
4667,"long_v3_CCD0.0.25",1.81371500559504,-0.00227714840456891,-0.0239644295774749,-0.0361263665319994
4668,"long_v3_CCD0.0.25",2.12199271343168,0.105983047849568,0.037656602507265,-0.130970897419301
4669,"long_v3_CCD0.0.25",2.11200087125199,0.0349720320310396,0.0379997255536696,-0.0549537704698693
4670,"long_v3_CCD0.0.25",1.86921099551681,-0.0131422869806738,-0.0411012530829972,-0.13849930713728
4671,"long_v3_CCD0.0.25",1.42836337455713,0.0300647242893814,0.0257574647174085,-0.0854596456300409
4672,"long_v3_CCD0.0.25",2.03920716834411,0.0171885661648799,0.00656565232655754,-0.123095214758491
4673,"long_v3_CCD0.0.25",1.9406367107591,-0.0325619204976622,0.069990417182667,-0.144065768847914
4674,"long_v3_CCD0.0.25",1.92403456637291,-0.00529757444505195,0.0510993361767677,-0.0846779663343689
4675,"long_v3_CCD0.0.25",1.54406038571228,0.000338199254347412,0.00643181641385174,-0.0790239004871653
4676,"long_v3_CCD0.0.25",1.98203510952421,-0.0505979228001637,-0.0602920665847824,-0.114735046556444
4677,"long_v3_CCD0.0.25",1.78885606512109,0.0375479885810439,0.0260097331435087,-0.0698099308565139
4678,"long_v3_CCD0.0.25",2.18612255552274,-0.000632188984386173,0.0262853693232303,-0.0786365258399111
4679,"long_v3_CCD0.0.25",1.66714280369618,-0.00310177271700458,0.033946372307305,-0.0947366315234958
4680,"long_v3_CCD0.0.25",1.8656770778276,0.0384717325382246,0.0393223574153737,-0.106325266044159
4681,"long_v3_CCD0.0.25",1.79037105133931,0.0521423253631927,-0.00387926119883814,0.0137007543754351
4682,"long_v3_CCD0.0.25",1.95431348396984,0.0742853176021016,0.0205616018234137,0.0170940920767827
4683,"long_v3_CCD0.0.25",1.83312646318031,0.0740034277203151,0.0216329384170744,-0.114481242149278
4684,"long_v3_CCD0.0.25",1.76042382421385,-0.041470682028408,-0.000222157948937984,-0.093217171388331
4685,"long_v3_CCD0.0.25",1.85477003318565,-0.0145934215970923,0.0837885644027281,-0.0997264896842068
4686,"long_v3_CCD0.0.25",1.98033478663557,-0.0496834012785187,0.0407625907179758,-0.122485298658262
4687,"long_v3_CCD0.0.25",1.73027681874793,0.00862518063311693,0.0755874617258511,0.0223157456042055
4688,"long_v3_CCD0.0.25",1.52766148432021,-0.0305061433298222,0.0355839826239283,-0.0707532530869233
4689,"long_v3_CCD0.0.25",2.08455515103437,-0.0437519012083418,0.0704372829280425,-0.0557523589450767
4690,"long_v3_CCD0.0.25",2.09398506710391,0.0302365417895002,0.00717654257775838,-0.109181291875722
4691,"long_v3_CCD0.0.25",1.40310048593162,0.0341367000290365,0.0313598094325129,-0.0931511971430602
4692,"long_v3_CCD0.0.25",2.26246108897521,-0.0024994173812468,0.0348084416777638,-0.103513155966284
4693,"long_v3_CCD0.0.25",2.03140531008024,0.0430512485202864,-0.00897041123534076,-0.184097711669813
4694,"long_v3_CCD0.0.25",2.0399314037116,0.0295190480846,-0.0716755852913894,-0.0342044145609501
4695,"long_v3_CCD0.0.25",1.96012620732111,0.0436803137531627,-0.0131818957057834,-0.0991835171063327
4696,"long_v3_CCD0.0.25",1.91980447320254,0.0472399480405395,0.039656171550666,-0.0993817605206125
4697,"long_v3_CCD0.0.25",1.51766896869632,0.0359566797379973,0.0721142060248471,-0.0767629188702308
4698,"long_v3_CCD0.0.25",1.77519778246814,0.0148486937749304,0.0128489882972865,-0.171720071717009
4699,"long_v3_CCD0.0.25",1.74185811246238,0.0358867437635638,0.0332576187176033,-0.0562224586874185
4700,"long_v3_CCD0.0.25",1.71625520361858,-0.0549174167210173,0.01779974878556,-0.07564225136179
4701,"long_v3_CCD0.0.25",1.90710605207934,0.037159981943843,0.0197716359111109,-0.0656072843856808
4702,"long_v3_CCD0.0.25",1.85272780884928,-0.00146674096890356,0.0727118512037114,-0.156313405701484
4703,"long_v3_CCD0.0.25",1.74208879111194,0.0197047411828248,0.0156290987114409,0.00704143585412878
4704,"long_v3_CCD0.0.25",1.88851942905013,0.0132667881107152,-0.0311054893889967,-0.00988851154908028
4705,"long_v3_CCD0.0.25",1.66145016702496,0.0385155469579517,-0.0142851647415087,-0.0451767952376916
4706,"long_v3_CCD0.0.25",1.94030345591222,-0.015008191567127,0.0503454477138948,-0.020734512685937
4707,"long_v3_CCD0.0.25",2.14137818278648,-0.00301787724785552,0.0675675077006848,-0.143973495984219
4708,"long_v3_CCD0.0.25",1.24229967796887,0.0045617918798247,0.0468926202216978,-0.0807887166896763
4709,"long_v3_CCD0.0.25",1.35913403019117,0.067713740147943,0.0447085459140091,-0.0650998669864205
4710,"long_v3_CCD0.0.25",1.77145670729784,-0.0257677076220059,0.0233664752374847,-0.0356371524835936
4711,"long_v3_CCD0.0.25",1.91735213898756,0.018729342767121,-0.0199074721916082,-0.123622796317326
4712,"long_v3_CCD0.0.25",1.89507869115553,0.00835044575206535,-0.0326027791151755,-0.0697580618850121
4713,"long_v3_CCD0.0.25",1.75571902791833,0.00124362169262173,0.0676972856370849,-0.107036987502538
4714,"long_v3_CCD0.0.25",1.83470711430957,0.00475591384868851,0.0617079439855879,-0.0248586323432637
4715,"long_v3_CCD0.0.25",1.56749231867839,-0.0828341377485613,0.0220810819621643,-0.0829459123380141
4716,"long_v3_CCD0.0.25",1.80814969782468,0.0858098178801661,0.0118467525880183,-0.079602241280198
4717,"long_v3_CCD0.0.25",1.89109127188188,-0.00883525930936829,-0.00903556838891746,-0.0580235023607994
4718,"long_v3_CCD0.0.25",2.00277653175166,0.053380536524915,-0.0327758841492442,-0.149731577497893
4719,"long_v3_CCD0.0.25",2.03852321255151,0.0337353494023155,0.0656383929480863,-0.0240681494858811
4720,"long_v3_CCD0.0.25",2.0147250263265,0.0140771640260675,0.0579504256753827,-0.13125236391484
4721,"long_v3_CCD0.0.25",1.85044889792275,-0.0193883356129039,0.0568436449691328,-0.0874048475560455
4722,"long_v3_CCD0.0.25",1.91561082586913,0.0814207794412683,0.0128458616612773,-0.0539738547855806
4723,"long_v3_CCD0.0.25",1.77607357469073,-0.00917304025875522,0.0256236992360937,-0.0482806797208569
4724,"long_v3_CCD0.0.25",1.82557311348759,-0.00830497427575724,0.031373886285216,-0.0720888503811163
4725,"long_v3_CCD0.0.25",1.9479963333276,-0.00382288979288721,0.0639307795208811,-0.0543146543804647
4726,"long_v3_CCD0.0.25",1.73540118178309,0.0544122760170964,0.0235554577271112,-0.0774233757923513
4727,"long_v3_CCD0.0.25",1.89634389897886,-0.0246899426401503,0.0889079820425022,-0.0830537817832435
4728,"long_v3_CCD0.0.25",1.77897628504683,0.0759218653242585,0.0458366273709713,-0.0831619744921884
4729,"long_v3_CCD0.0.25",2.00131309693461,-0.00657437526710387,0.0390423065294793,-0.0709152538972128
4730,"long_v3_CCD0.0.25",1.89471905050413,-0.00607466179257165,0.0104241947234296,-0.140831234926915
4731,"long_v3_CCD0.0.25",1.58018867738282,0.00762459637472694,-0.0386615562995877,-0.0279448148041995
4732,"long_v3_CCD0.0.25",1.78488097905299,0.0104279189165105,0.0779841706839114,-0.132525224174882
4733,"long_v3_CCD0.0.25",1.90455280244427,0.000696557047945006,0.0665073598042082,-0.0743456995355365
4734,"long_v3_CCD0.0.25",2.16670482786112,0.0542929810604663,0.0694281365728089,-0.0490352408319756
4735,"long_v3_CCD0.0.25",2.06269119725732,0.00774032940109112,0.0140299296230421,-0.147823516593407
4736,"long_v3_CCD0.0.25",1.67782892564823,-0.0391706450310239,0.000414984215233673,-0.0325343658874716
4737,"long_v3_CCD0.0.25",2.0822231521317,0.0509552915527672,0.0573163538930898,-0.068807353641345
4738,"long_v3_CCD0.0.25",1.87446376510374,0.0340929286790209,-0.00771671643478291,-0.145648913497703
4739,"long_v3_CCD0.0.25",1.92710914888751,0.0349703269036045,0.0769388662755169,0.0205612497919941
4740,"long_v3_CCD0.0.25",2.10642528637944,-0.0309382379966546,0.0534513513219829,-0.108363110525633
4741,"long_v3_CCD0.0.25",2.08652442302695,0.035369999460481,0.0122182952765667,-0.0932333641042041
4742,"long_v3_CCD0.0.25",2.02822523439146,0.0711252063108398,0.049333929408904,-0.0923321253402131
4743,"long_v3_CCD0.0.25",1.91278219450412,-0.00735470440169637,-0.0114500253308103,-0.0928406170493718
4744,"long_v3_CCD0.0.25",2.04623695476937,0.0517473863385827,0.0234821926722501,-0.170567416300828
4745,"long_v3_CCD0.0.25",1.77168560010501,0.0522686266546587,0.0236480765983352,-0.106256749527727
4746,"long_v3_CCD0.0.25",2.19856766268071,0.0273556639460352,0.0510744476032615,-0.24783292034457
4747,"long_v3_CCD0.0.25",2.17028266787228,0.0156995940128011,0.0320346666487219,-0.0645711073310934
4748,"long_v3_CCD0.0.25",1.7326251822962,0.0504067817004119,0.0382108262666046,-0.0459417751157575
4749,"long_v3_CCD0.0.25",2.00389915221511,-0.030447821655638,0.01356083491157,-0.0525314145030213
4750,"long_v3_CCD0.0.25",1.9178904845951,-0.00107634863361607,0.0668360616228799,-0.0463155844860893
4751,"long_v3_CCD0.0.25",2.09262510125414,0.030042329879681,-0.00542499021007966,-0.170910913321222
4752,"long_v3_CCD0.0.25",2.23624168231393,-0.00268036312706522,0.0719997084889849,-0.120561660967014
4753,"long_v3_CCD0.0.25",2.1817728115488,0.00263790955224649,0.005514609900426,-0.0637473101766618
4754,"long_v3_CCD0.0.25",1.90574595805682,-0.0326704946534514,0.0419219150740719,0.0396939073097079
4755,"long_v3_CCD0.0.25",1.84937007521846,0.0330149322871352,0.0248911537249976,-0.130410793449621
4756,"long_v3_CCD0.0.25",1.87371170462252,-0.00946977431981569,-0.0126799083476806,-0.0567606221094375
4757,"long_v3_CCD0.0.25",1.8131038811628,-0.00371345335834233,0.0532056699030196,-0.110546673670616
4758,"long_v3_CCD0.0.25",1.60618898583928,0.0530656066415946,-0.00622898703559097,-0.0658608319570688
4759,"long_v3_CCD0.0.25",1.99641763957291,-0.0193667336619752,0.0220005704617296,-0.0641448783748089
4760,"long_v3_CCD0.0.25",2.07828505352938,0.0494437382670833,-0.0853111176648985,-0.0772045593744489
4761,"long_v3_CCD0.0.25",1.8524306102071,0.0550707470778582,0.0380065502945079,-0.0868686577296081
4762,"long_v3_CCD0.0.25",1.95254284885265,-0.013551640753024,0.0993311286134217,-0.0533869529561948
4763,"long_v3_CCD0.0.25",1.83125350149309,0.00375467973294574,-0.00979704157172465,-0.0539030505228098
4764,"long_v3_CCD0.0.25",2.02055297768261,0.0291779785629569,0.0333239530450055,-0.0235201733641893
4765,"long_v3_CCD0.0.25",1.69474789643081,-0.075867968945833,-0.0333186036462713,-0.0308911341736239
4766,"long_v3_CCD0.0.25",2.0922772659508,0.0313855910668097,0.0266850009138332,-0.0794888561619083
4767,"long_v3_CCD0.0.25",2.24295442910097,0.0504342553862872,0.00972983997520567,-0.219573959973605
4768,"long_v3_CCD0.0.25",1.92444055761252,0.0110210522707048,-0.0172252392657554,-0.117691945775174
4769,"long_v3_CCD0.0.25",1.90309242182877,0.0533181767748422,0.00258174358289047,-0.0856538367647418
4770,"long_v3_CCD0.0.25",1.78982135819558,-0.00408230583096855,-0.0383512585407605,-0.0768648419787905
4771,"long_v3_CCD0.0.25",1.78956715233296,0.0144290045969417,0.0218946936583315,-0.0966710267573167
4772,"long_v3_CCD0.0.25",1.3989247379723,-0.0104613272944377,0.0789514715868403,-0.0946825411640263
4773,"long_v3_CCD0.0.25",1.62728042096387,0.0468999005635083,0.014280656168158,-0.0476631448522316
4774,"long_v3_CCD0.0.25",1.78140668424611,0.0269804705555761,-0.0107638536114437,-0.123011193569385
4775,"long_v3_CCD0.0.25",1.64073344365774,0.0594214113055192,0.0870328298951771,-0.0289404924766225
4776,"long_v3_CCD0.0.25",1.72582018955999,-0.000827061805310977,-0.0118701749331347,-0.0334353003103084
4777,"long_v3_CCD0.0.25",1.65218384392713,0.00118342224778435,0.064722607680545,-0.0684014869864442
4778,"long_v3_CCD0.0.25",1.85158002076012,0.00358362368482695,0.0556672136956672,-0.0398568293010793
4779,"long_v3_CCD0.0.25",1.65508313366011,-0.00927314444772356,-0.0252489867050969,0.0163129902976217
4780,"long_v3_CCD0.0.25",2.07817575238458,0.0119516276893427,0.119794273210145,-0.0837442971312657
4781,"long_v3_CCD0.0.25",1.57594997210549,-0.0698361803112077,0.0538986858852568,-0.0927652868751561
4782,"long_v3_CCD0.0.25",1.72060763850786,0.0293275507277904,0.0452578128688804,-0.0872236821820293
4783,"long_v3_CCD0.0.25",1.51344022289714,0.0143584435509672,-0.004254911780137,-0.0181537098856415
4784,"long_v3_CCD0.0.25",1.7977740627558,0.0160780942036313,0.0105535899278835,-0.155872340652539
4785,"long_v3_CCD0.0.25",1.88551811703919,-0.00108615193142596,0.0169369733384074,-0.102798533024795
4786,"long_v3_CCD0.0.25",1.59839924216764,0.0284830772290844,0.0149357999687269,-0.0731540370916059
4787,"long_v3_CCD0.0.25",1.87579773589305,0.00737256714179028,-0.035307209661136,-0.0435699023970922
4788,"long_v3_CCD0.0.25",1.95785483613363,0.0213561959430307,0.0752684751973322,-0.163089154088538
4789,"long_v3_CCD0.0.25",2.00092568715925,-0.0300283332315424,0.0631671365029533,-0.105252979120729
4790,"long_v3_CCD0.0.25",1.76007936933614,0.0779230067766937,-0.00475783661100186,-0.0733539948193307
4791,"long_v3_CCD0.0.25",2.1438675256133,0.00497678017065502,0.0253031625925797,-0.0433793160243984
4792,"long_v3_CCD0.0.25",1.9910749169848,0.0481008496964784,0.0579579173010456,-0.113026133533252
4793,"long_v3_CCD0.0.25",2.13282368515531,-0.0223167290034775,0.0454107961213481,-0.0622746508229905
4794,"long_v3_CCD0.0.25",1.56287724911157,0.0226736386870655,0.0135477369683433,-0.0932853490694384
4795,"long_v3_CCD0.0.25",1.69419994722645,0.0838268980501121,0.0612444301903942,-0.177583003625873
4796,"long_v3_CCD0.0.25",1.99859823953793,0.045544968794076,0.0653896288216557,-0.0444397587616116
4797,"long_v3_CCD0.0.25",2.29300684678469,0.0368973258277447,0.135434279647527,-0.0236514204116546
4798,"long_v3_CCD0.0.25",1.74868910943655,-0.0130849368561228,0.0743097056016869,-0.0722031023544195
4799,"long_v3_CCD0.0.25",1.94740750405502,-0.0039719656950031,-9.5807522352765e-05,-0.0448153232902618
4800,"long_v3_CCD0.0.25",1.63646044971446,-0.0307207750382468,0.0732236355208723,-0.157082518338405
4801,"long_v3_CCD0.0.25",1.82342513314834,0.00571229184518959,0.0397107342775519,-0.0661149069190696
4802,"long_v3_CCD0.0.25",1.89004589827594,-0.00457922989589557,-0.00302331529764427,-0.00625221839458277
4803,"long_v3_CCD0.0.25",2.01093503039971,0.0605777307509485,0.0527366708764696,-0.0730780105236715
4804,"long_v3_CCD0.0.25",1.90431828898328,0.030772894921143,0.0444448362030407,-0.0439240769969457
4805,"long_v3_CCD0.0.25",2.22750755687611,0.0546690900384301,0.0361821083537833,-0.106687091217184
4806,"long_v3_CCD0.0.25",1.71446612250138,0.0217334038591167,0.022589903942398,-0.0788524549034173
4807,"long_v3_CCD0.0.25",2.10460345432854,0.0919503549360843,-0.00928673695494694,-0.181864461719866
4808,"long_v3_CCD0.0.25",2.10910846687488,0.000985687170497636,0.0588390190607862,-0.0994277288032681
4809,"long_v3_CCD0.0.25",1.72473932982283,0.0155088649179289,-0.00534439146499591,-0.1035588365968
4810,"long_v3_CCD0.0.25",2.0189285495799,-0.059523267856375,0.0240263989528461,-0.0749350967250068
4811,"long_v3_CCD0.0.25",1.9846730388496,0.0303027550032432,0.0379100985151801,-0.0769672303719584
4812,"long_v3_CCD0.0.25",1.88355024018373,0.00260672831434915,-0.0212750229542965,-0.0873194710013985
4813,"long_v3_CCD0.0.25",2.1579904200656,-0.00215968648172388,0.0599827496521934,-0.0641382141621227
4814,"long_v3_CCD0.0.25",1.80654868126983,0.0316350397986903,0.0237022238460566,-0.107649023644434
4815,"long_v3_CCD0.0.25",1.98350056498772,-0.0592229894523575,-0.0226738990131633,-0.079819083571326
4816,"long_v3_CCD0.0.25",1.84416066853034,-0.0213754830471522,0.0181394250550462,-0.0476470280234918
4817,"long_v3_CCD0.0.25",1.81102134610319,-0.00241431173475646,0.0755112882034296,-0.0943721699712569
4818,"long_v3_CCD0.0.25",1.8446485760749,0.0153998191448056,0.0160496907070602,-0.006269867221762
4819,"long_v3_CCD0.0.25",1.89675292615513,0.0237988619547904,-0.0147699593042487,-0.0686575936130476
4820,"long_v3_CCD0.0.25",1.8107529543328,-0.0486692257292301,-0.0225879319744154,-0.13688153849529
4821,"long_v3_CCD0.0.25",1.90714859962496,-0.0150914643834286,0.0170806507789127,-0.0839577014369671
4822,"long_v3_CCD0.0.25",1.89064874606294,0.0421916156729755,-0.0031262700695659,-0.0787990907824412
4823,"long_v3_CCD0.0.25",2.21190767997306,-0.0195250233703238,0.0577051334794829,-0.139796589067649
4824,"long_v3_CCD0.0.25",2.15867493899134,0.0183239421459829,-0.032979971053114,-0.0638711117060929
4825,"long_v3_CCD0.0.25",2.32307023407554,0.00181532564848515,0.0193795522998301,-0.154858437384465
4826,"long_v3_CCD0.0.25",2.13057615724667,-0.00495618201474823,0.0126732859622641,-0.108854852404918
4827,"long_v3_CCD0.0.25",2.02030195677461,0.0318006459821102,-0.0506875970954537,-0.110531481686193
4828,"long_v3_CCD0.0.25",2.24581534525194,0.0137789122104489,0.00707134991013521,-0.169769750592355
4829,"long_v3_CCD0.0.25",1.6898475851013,0.042694350593479,0.0346150227868246,-0.0389528669547015
4830,"long_v3_CCD0.0.25",1.90533195571404,0.0280627339170146,0.0427491393660969,-0.0694983284609369
4831,"long_v3_CCD0.0.25",2.21622947272657,-0.00273425842314315,0.062185600721789,-0.0524591488875027
4832,"long_v3_CCD0.0.25",1.82145513131363,0.0413500583361391,0.0300493507047541,-0.178171262929587
4833,"long_v3_CCD0.0.25",1.9484708319172,0.0719302042457758,0.00448558975209351,-0.0333238248003131
4834,"long_v3_CCD0.0.25",1.88360683318655,-0.00356199666474089,0.00844428679255186,0.0302994070215578
4835,"long_v3_CCD0.0.25",2.02696086375344,0.0405223742901441,0.0273684562217729,-0.131003798107697
4836,"long_v3_CCD0.0.25",2.21077948720299,0.0199955423181249,0.0504025159688096,-0.123927751831484
4837,"long_v3_CCD0.0.25",2.00536237001659,0.0492293935661288,0.0196960081763258,-0.157474631945872
4838,"long_v3_CCD0.0.25",1.84114126649326,0.0297171261174266,-0.0584519670331512,-0.128775933808253
4839,"long_v3_CCD0.0.25",2.06222743001242,-0.0131341357196088,0.00125725483158847,-0.136649195154233
4840,"long_v3_CCD0.0.25",2.00899580159611,-0.127094158414686,0.021214745093264,-0.0871801868985534
4841,"long_v3_CCD0.0.25",1.98065752816387,0.0306561858547108,0.0737140565878776,0.00785921115875081
4842,"long_v3_CCD0.0.25",1.85660436922014,-0.0393807102704217,0.0838883745610488,-0.15059362985685
4843,"long_v3_CCD0.0.25",1.61055556276227,0.0134403837083852,0.0663718352658962,-0.100762998811896
4844,"long_v3_CCD0.0.25",1.92283642586482,0.00677359577780947,0.0199006707892604,-0.0622202126815676
4845,"long_v3_CCD0.0.25",1.4975993277313,-0.0973351731879066,0.0319881549156171,-0.0204644630892151
4846,"long_v3_CCD0.0.25",2.11003201402528,0.0784858941700418,0.0300551440074147,-0.104654695380615
4847,"long_v3_CCD0.0.25",1.92924748696896,-0.0377945674626129,0.0420877934450753,-0.0758018653454582
4848,"long_v3_CCD0.0.25",2.0254466403015,0.0223839144610038,0.0276294951179446,-0.100251526625343
4849,"long_v3_CCD0.0.25",1.49724687450631,0.0247898106968027,-0.0134474302363085,0.00254185221022678
4850,"long_v3_CCD0.0.25",1.90691214719266,0.0265018136331279,0.0316442294858826,-0.085155799457947
4851,"long_v3_CCD0.0.25",1.9479739340799,-0.0135204305957388,0.0769788578436714,-0.109889283304223
4852,"long_v3_CCD0.0.25",1.89402880451786,0.111991600950559,-0.00197518167977732,-0.11041956514908
4853,"long_v3_CCD0.0.25",1.71313138507662,0.0435172611580136,0.0227489183019974,-0.153176101565758
4854,"long_v3_CCD0.0.25",2.08589185716199,-0.0236675646251402,0.00362662162906376,-0.063078225676163
4855,"long_v3_CCD0.0.25",2.03107520264071,-0.0278296704245346,0.0208956654635375,-0.0934543624711578
4856,"long_v3_CCD0.0.25",1.74313633508731,-0.00280317548181972,0.0688853672028239,-0.0926981286513586
4857,"long_v3_CCD0.0.25",1.90448747130572,0.0254772297085464,0.0452350653697616,-0.0523470690283678
4858,"long_v3_CCD0.0.25",1.91004837569707,0.0354493316555977,0.0208126002429449,-0.0717432303508354
4859,"long_v3_CCD0.0.25",1.87928654072845,0.0421216498027314,0.0285908688938299,-0.0282757878293128
4860,"long_v3_CCD0.0.25",1.72684906261407,0.0353497517419057,-0.0903245169446945,-0.102607080731459
4861,"long_v3_CCD0.0.25",1.77958422750641,-0.0143490052117498,0.0179628938377822,-0.0581275718026066
4862,"long_v3_CCD0.0.25",2.06432597590767,0.0262249281838296,0.0391193616991642,-0.152185720457419
4863,"long_v3_CCD0.0.25",2.04415408452652,0.021974535191626,-0.0329042562699875,-0.128403320484708
4864,"long_v3_CCD0.0.25",1.37342151076489,-0.0071406834119856,-0.0172526231910695,-0.0847185068279978
4865,"long_v3_CCD0.0.25",1.7215645036994,-0.013440637916767,0.00423723630355679,-0.00598313185629869
4866,"long_v3_CCD0.0.25",2.03805877878008,-0.0429448279785879,0.00757761059618805,-0.153652495353207
4867,"long_v3_CCD0.0.25",2.15489961895853,-0.0176366324991714,-0.0463005698404306,0.00565398610368847
4868,"long_v3_CCD0.0.25",1.5563896134725,-0.0270999617315599,0.0285993107545315,-0.119943815464838
4869,"long_v3_CCD0.0.25",1.4452929463474,-0.0646721481028466,0.0258386516323815,-0.00838561762018119
4870,"long_v3_CCD0.0.25",1.96248711680406,0.0310894004875583,0.0911999225374883,-0.0425133176469732
4871,"long_v3_CCD0.0.25",1.58560190967417,-0.0467054589422469,-0.0488588955518424,-0.128669010211097
4872,"long_v3_CCD0.0.25",1.89474172324571,0.00714414496049518,0.0809103688472438,-0.135109070947168
4873,"long_v3_CCD0.0.25",1.83869851165793,-0.00774109246024469,0.0576071873979231,-0.0350583873106175
4874,"long_v3_CCD0.0.25",1.6887131207476,-0.0400636686094087,0.0068209406451848,-0.06092008582706
4875,"long_v3_CCD0.0.25",1.2926635719106,0.00155329351563557,-0.00659078779737353,-0.0282580910473717
4876,"long_v3_CCD0.0.25",1.89183353811834,0.0692120126299216,-0.0780651967532176,-0.121035466148313
4877,"long_v3_CCD0.0.25",1.89695157604877,0.00381290883053696,0.0184746841821262,-0.0432161231526057
4878,"long_v3_CCD0.0.25",2.13223002970679,0.0327972234748277,0.040847127191148,-0.0841750148658856
4879,"long_v3_CCD0.0.25",2.187998245313,-0.000864777649205717,0.00288647037459842,-0.136777702135324
4880,"long_v3_CCD0.0.25",1.82836913899272,0.013833899703054,0.0844808028030826,-0.0518456096035526
4881,"long_v3_CCD0.0.25",1.79603843414737,-0.0598371280194218,0.0204419999125973,0.00143393319972593
4882,"long_v3_CCD0.0.25",1.93831062822373,0.0331285556398116,-0.0425974125613994,-0.0757752154372241
4883,"long_v3_CCD0.0.25",1.69221066373392,0.051997985596421,-0.019215612089071,-0.0836595291507039
4884,"long_v3_CCD0.0.25",2.0635524018486,-0.00279407910312701,0.0544476571432447,-0.0845850334002117
4885,"long_v3_CCD0.0.25",1.903833303777,0.0107711592257121,0.0239964918485659,-0.0313410682307485
4886,"long_v3_CCD0.0.25",1.69776972005634,0.0495181453180478,-0.00669938413824538,-0.0421905989024183
4887,"long_v3_CCD0.0.25",2.19755731832163,-0.0192372897466848,-0.0419738204765804,-0.12850763551594
4888,"long_v3_CCD0.0.25",2.21920318183047,0.0545802681200149,-0.0226414908398193,-0.130526672345476
4889,"long_v3_CCD0.0.25",1.99077442722117,-0.0149751641949456,0.0210007244170517,-0.0988634704479842
4890,"long_v3_CCD0.0.25",2.01416097294377,0.00968547575823166,0.0226065568072652,-0.121596586840287
4891,"long_v3_CCD0.0.25",2.29088217875984,-0.0150843848466232,0.0660738808095499,-0.116629066988954
4892,"long_v3_CCD0.0.25",1.73442663687793,0.0703889370246915,-0.00709589645049612,-0.105081927822231
4893,"long_v3_CCD0.0.25",1.68332737090237,0.00718549593967076,-0.0228305475274061,-0.120360190702398
4894,"long_v3_CCD0.0.25",2.05529495198326,0.026373049456837,0.0331095703541488,-0.0636479770724331
4895,"long_v3_CCD0.0.25",1.83427654457077,-0.00650176997509973,-0.0319658897892098,-0.0666753193847411
4896,"long_v3_CCD0.0.25",1.9342759806107,0.0369861866549862,0.045813614863779,-0.0827093737312383
4897,"long_v3_CCD0.0.25",1.68198548393229,-0.0237698965102248,0.00879012168422275,-0.197675017255957
4898,"long_v3_CCD0.0.25",1.78783415829144,-0.0116195498775766,0.00686164009410728,-0.0197444262447967
4899,"long_v3_CCD0.0.25",1.89076319238786,0.00686470905648704,0.00600459123513816,-0.151270095787239
4900,"long_v3_CCD0.0.25",1.98633866488179,-0.00837528354404163,0.001160787242673,-0.0549504170119799
4901,"long_v3_CCD0.0.25",2.1378647514502,0.00808667690678838,0.0755390607146149,-0.0553565179486832
4902,"long_v3_CCD0.0.25",2.33643083828259,0.0136305291208886,-0.0146478410071109,-0.113002541257803
4903,"long_v3_CCD0.0.25",1.92877609878664,0.0202769042694678,0.0503168335908416,-0.0887526151291863
4904,"long_v3_CCD0.0.25",1.89692131694522,0.00620568048412585,0.0123156376035423,-0.0499720552940672
4905,"long_v3_CCD0.0.25",1.65555384434936,-0.017791461098378,0.0768069812163142,-0.100344839778713
4906,"long_v3_CCD0.0.25",1.83149029492866,-0.0360922056722811,0.0231464292679101,-0.0515148668163441
4907,"long_v3_CCD0.0.25",1.9671105743558,0.0191916001563479,0.119615573122244,-0.0846949015702075
4908,"long_v3_CCD0.0.25",1.86301212961942,0.000120050010692944,0.0104812845838071,-0.0608001989961032
4909,"long_v3_CCD0.0.25",1.95758791545089,-0.0477262269381706,0.0588620923047246,-0.171509707955375
4910,"long_v3_CCD0.0.25",1.93441777774422,0.012438643053284,0.0189317940890479,-0.0369811941510126
4911,"long_v3_CCD0.0.25",1.71748573123604,0.0117427553240278,0.023344393509499,0.0226672772294105
4912,"long_v3_CCD0.0.25",1.99931838235668,-0.00512223687068093,0.0417695719695436,-0.111065018956303
4913,"long_v3_CCD0.0.25",1.49288220989883,-0.0171929640263887,0.00458426102294803,-0.0247100097362061
4914,"long_v3_CCD0.0.25",1.85141664676712,-0.0135810704878406,-0.00153624623689083,-0.126003500000899
4915,"long_v3_CCD0.0.25",2.00350081138154,0.0597796677873221,-0.00167475721064003,-0.136655063763363
4916,"long_v3_CCD0.0.25",1.77593814926967,0.000545887193928598,0.0187655643209885,-0.103374952362284
4917,"long_v3_CCD0.0.25",1.92051293476654,0.0358360546159757,0.049890319934742,-0.0714220926970431
4918,"long_v3_CCD0.0.25",1.54908293672672,0.0635648278952629,0.0594868250539759,0.00542039713755167
4919,"long_v3_CCD0.0.25",1.79680227371246,-0.00431219939381354,0.0384414716386262,-0.0995054590098586
4920,"long_v3_CCD0.0.25",1.97240402984322,-0.0501384042878454,0.0665532913985565,-0.0974528595596877
4921,"long_v3_CCD0.0.25",1.85401582282424,-0.0163343145714159,0.026635707318098,-0.0916267336229888
4922,"long_v3_CCD0.0.25",1.92668855462909,-0.0368278811742283,0.0478841972063458,-0.0491413785594636
4923,"long_v3_CCD0.0.25",1.55845418488869,-0.00395782247051581,0.0104494125159746,-0.0853746383531288
4924,"long_v3_CCD0.0.25",2.06679854428985,0.00749255563920753,0.0441954506651503,-0.249627069780845
4925,"long_v3_CCD0.0.25",1.91805221690695,0.0102877423052064,0.0186252553709008,-0.046389821390224
4926,"long_v3_CCD0.0.25",1.19950423979037,0.0225577606927467,0.0142656515501384,-0.100458926646318
4927,"long_v3_CCD0.0.25",2.01350567506931,0.00212851778008755,0.11706150779648,0.00431561372705992
4928,"long_v3_CCD0.0.25",2.06738406672138,0.041644935851136,-0.0206562871636386,-0.0409949153166434
4929,"long_v3_CCD0.0.25",1.86270116488205,-0.0032099843801417,0.0284544951586134,-0.0438763713095208
4930,"long_v3_CCD0.0.25",1.94527113264658,0.00401654450722431,0.0535848936869755,-0.0394565240129797
4931,"long_v3_CCD0.0.25",2.07874010490685,0.0236093559309183,0.108553299949811,-0.147663899282165
4932,"long_v3_CCD0.0.25",2.03969845417967,0.0357013233044919,-0.0708978600295469,-0.0440940518235934
4933,"long_v3_CCD0.0.25",1.78325438006869,0.0206003420322875,-0.0140796086633997,-0.0722750191975481
4934,"long_v3_CCD0.0.25",1.79940548225697,0.0636771609394996,-0.0149064422019582,-0.0396929133272113
4935,"long_v3_CCD0.0.25",1.64894099146299,0.00464371416391296,-0.0393443014971124,-0.0322070637602296
4936,"long_v3_CCD0.0.25",1.66435934725791,0.00188193188120173,0.0447107008449211,-0.0971678883552294
4937,"long_v3_CCD0.0.25",1.4774087364136,-0.0221786395202141,-0.0744206936120133,-0.0689797532941827
4938,"long_v3_CCD0.0.25",1.64654701113296,0.0120892640991714,0.0376809055852251,-0.10027201762603
4939,"long_v3_CCD0.0.25",1.85541852624539,-0.0652208966496321,0.0431928940201691,-0.0417509015260255
4940,"long_v3_CCD0.0.25",1.99359691785742,-0.00913452105530394,0.00573261859663456,-0.170633786809089
4941,"long_v3_CCD0.0.25",1.90925329139918,-0.00533542590190465,0.040836597860195,-0.127092422709053
4942,"long_v3_CCD0.0.25",2.05904210233778,0.0395889602136628,0.055268602676597,-0.0724844436709819
4943,"long_v3_CCD0.0.25",2.11873050302406,0.0431240899241255,-0.0287096466009851,-0.0397396308547301
4944,"long_v3_CCD0.0.25",1.80345489260209,-0.00577003745790362,0.0488097817748738,-0.0621952459615815
4945,"long_v3_CCD0.0.25",2.28924107645828,-0.00785651218298166,-0.0524785979852976,-0.0771289263133482
4946,"long_v3_CCD0.0.25",1.81562492484186,-0.0474883571893694,0.058856831737958,-0.0869811071998928
4947,"long_v3_CCD0.0.25",1.88155900686026,0.0378154305757817,0.109448943981365,-0.189889795153364
4948,"long_v3_CCD0.0.25",1.9920106152283,-0.0361719295042381,-0.041334673576777,-0.0559660722929079
4949,"long_v3_CCD0.0.25",1.94200978488101,-0.0163669958393181,0.0538699187042298,-0.130018404832336
4950,"long_v3_CCD0.0.25",1.94652612539765,-0.00603232844064042,0.0812282939918571,-0.0556472878020584
4951,"long_v3_CCD0.0.25",2.15805052642478,-0.0244241871401183,0.00276040557584398,-0.0939319387167015
4952,"long_v3_CCD0.0.25",1.97332125759203,0.0487301990234351,-0.0246482121032034,-0.111168080888494
4953,"long_v3_CCD0.0.25",1.77548252495517,-0.00438649883933777,0.0640978365919526,-0.0853266176548934
4954,"long_v3_CCD0.0.25",1.76746729207639,0.0174346676009285,-0.00104828113508041,-0.088734409571227
4955,"long_v3_CCD0.0.25",1.68010117944516,0.0445874346471407,0.038365803462839,-0.113338831458983
4956,"long_v3_CCD0.0.25",1.9617600619332,-0.0210722875899416,0.0161505569745488,-0.085528026979423
4957,"long_v3_CCD0.0.25",2.01641399148978,0.0435564546951288,0.0518564471550035,-0.0929620056257728
4958,"long_v3_CCD0.0.25",2.60147402394352,0.0331744034959954,-0.0042236479048481,-0.184866754306093
4959,"long_v3_CCD0.0.25",1.64579880309162,0.0185460958740438,-0.0688873239373895,-0.0781468623110091
4960,"long_v3_CCD0.0.25",1.60225383115275,0.0476208157177317,-0.00366702674538111,-0.116070159777655
4961,"long_v3_CCD0.0.25",1.18237737223579,-0.00172638001997493,0.0531332391396105,-0.0765555868907585
4962,"long_v3_CCD0.0.25",1.95211292394687,0.0616377178104949,0.0736702931769239,-0.0384235337889094
4963,"long_v3_CCD0.0.25",1.81622563057888,-0.0193726279336089,0.0292473551493032,-0.109546953477422
4964,"long_v3_CCD0.0.25",2.05718663407878,0.00345694497460932,-0.0688749868594146,-0.156403792983378
4965,"long_v3_CCD0.0.25",1.90284284706935,0.0369689149097583,0.0369607665163368,-0.0174066098259041
4966,"long_v3_CCD0.0.25",1.83373736651436,-0.00545658121660441,0.0141131309636709,-0.0728549975553616
4967,"long_v3_CCD0.0.25",2.01036739468393,0.101663472599509,-0.0764639326525842,-0.0572511464147903
4968,"long_v3_CCD0.0.25",1.6292407522236,0.0247704103337474,0.0502780798982925,0.000366299499111288
4969,"long_v3_CCD0.0.25",2.14534071605591,0.0519935800649912,0.0159894887801581,-0.0899842248399204
4970,"long_v3_CCD0.0.25",2.10889301442527,-0.0513061660861753,0.0155855646946864,-0.0398952442506082
4971,"long_v3_CCD0.0.25",1.97419119350121,-0.0284729260006577,0.010721699353818,-0.0645387847532051
4972,"long_v3_CCD0.0.25",1.93818106143994,0.0298056497608723,0.0580866537408977,-0.123093436548714
4973,"long_v3_CCD0.0.25",2.02347322332342,0.0111899283958722,0.052005602693295,-0.0703259482139038
4974,"long_v3_CCD0.0.25",1.90803346228534,-0.00749650070841475,0.0600571834856689,-0.0778120586627178
4975,"long_v3_CCD0.0.25",1.3637160798007,-0.0105619583385252,0.0380497208929653,-0.0327874788968692
4976,"long_v3_CCD0.0.25",1.94999074542054,-0.044378141313035,-0.0130903052715401,-0.0755638772717195
4977,"long_v3_CCD0.0.25",1.72574715237227,0.000506840088346823,-0.0156600558150814,-0.0285384945866457
4978,"long_v3_CCD0.0.25",2.08957763704907,-0.0623479301357519,-0.0104173729442179,-0.091858846083215
4979,"long_v3_CCD0.0.25",2.11017235997689,0.00875687994410312,-0.0241866743085745,-0.0934799649304156
4980,"long_v3_CCD0.0.25",2.19334956026152,0.051162137942507,-0.00661860268676284,-0.118743155354031
4981,"long_v3_CCD0.0.25",2.08052294283698,0.0545390527639323,0.0470144569065532,-0.121723919960908
4982,"long_v3_CCD0.0.25",1.81283336590773,0.0754600508047329,0.0243035657454779,-0.136756445245689
4983,"long_v3_CCD0.0.25",2.10348846286612,-0.007340745853166,0.0258575814455529,-0.0819474528650336
4984,"long_v3_CCD0.0.25",2.01810775348129,0.0531132246273244,0.0113950981406951,-0.0962129270343711
4985,"long_v3_CCD0.0.25",2.048682998212,0.00973846983408021,0.0265059642126005,-0.0311615151630213
4986,"long_v3_CCD0.0.25",1.71461111305246,0.0289487789752182,0.00974125289618282,-0.000349419148494814
4987,"long_v3_CCD0.0.25",1.61242741431254,-0.0366407238429109,0.0296084204113696,-0.112731017807159
4988,"long_v3_CCD0.0.25",1.71441991424411,-0.0304801165777142,0.0523991019643352,-0.163593299040797
4989,"long_v3_CCD0.0.25",2.14738805149036,0.0570649870105736,0.0335000532209538,-0.164574777238206
4990,"long_v3_CCD0.0.25",1.80867398213312,0.00797547869586079,-0.00386018312166386,-0.0470444940827835
4991,"long_v3_CCD0.0.25",1.92369529636132,-0.0515257043687391,0.0573346351810781,-0.00474557187240555
4992,"long_v3_CCD0.0.25",2.12250781743021,0.0546643582239544,0.0159889048049769,-0.130142106521543
4993,"long_v3_CCD0.0.25",2.00254729573441,0.0162352172497415,0.057056166510427,-0.0583888318795421
4994,"long_v3_CCD0.0.25",1.99305857702951,-0.0146012838489645,0.0150713346203721,-0.067222062608261
4995,"long_v3_CCD0.0.25",2.00487649847143,0.0385044420311439,0.0370693804653588,-0.0897613028919428
4996,"long_v3_CCD0.0.25",1.98214267476938,-0.0109260658929195,0.00659325502098687,-0.13219386745752
4997,"long_v3_CCD0.0.25",1.4968494729533,-0.0375646834015942,0.0139904951399071,-0.0224049931317763
4998,"long_v3_CCD0.0.25",1.70334588272071,-0.0169771791931981,0.0473706275488977,-0.0223463472394496
4999,"long_v3_CCD0.0.25",1.84969745541832,-0.0496694057627099,0.00724965975054961,-0.0409543193208936
5000,"long_v3_CCD0.0.25",2.12284096731523,0.074682934117994,-0.0474467363861317,-0.065126505650139
5001,"long_v3_CCD0.0.25",1.91427219721342,0.00688769155854235,-0.0188218547337241,-0.100986566680541
5002,"long_v3_CCD0.0.25",1.89043190809992,-0.021732399160475,0.10981320044943,-0.0835424841495696
5003,"long_v3_CCD0.0.25",1.9381362906993,-0.00708805277409349,-0.0352563543775702,-0.0529371735185934
5004,"long_v3_CCD0.0.25",1.52575954213225,0.0505253324710513,0.00769572072159707,-0.113768008374434
5005,"long_v3_CCD0.0.25",1.61127877866134,0.00666451304291721,0.00501902285900491,-0.0756824898247903
5006,"long_v3_CCD0.0.25",1.85690219702539,0.0585115299258133,-0.00482802750304346,-0.0595298904482823
5007,"long_v3_CCD0.0.25",2.05519654252499,-0.0206607552127594,0.136418880204272,-0.0190235253002173
5008,"long_v3_CCD0.0.25",2.0900071161627,0.0363454393728409,0.00860896001130211,-0.114636093381761
5009,"long_v3_CCD0.0.25",2.19993063998242,0.0780815383973473,0.0643494255345248,-0.0315867133208866
5010,"long_v3_CCD0.0.25",1.95470074483546,0.00791612595144864,-0.0332005137346849,-0.112290325015392
5011,"long_v3_CCD0.0.25",1.62923067784116,0.0399195926935127,0.00147866225905136,-0.0295267454613766
5012,"long_v3_CCD0.0.25",1.9799427450789,-0.00878426824748595,-0.000171251037335091,-0.118639394477348
5013,"long_v3_CCD0.0.25",1.91613702852538,-0.0318069660130255,0.0182273976345888,-0.110376680585792
5014,"long_v3_CCD0.0.25",1.89570367136193,-0.0380590244379075,0.00221440059770957,-0.0893262895965096
5015,"long_v3_CCD0.0.25",1.59583555317839,0.0215769669364749,0.00540469612962368,-0.0325863802482756
5016,"long_v3_CCD0.0.25",1.70267077640449,-0.0284141860743791,0.0171542077045982,-0.00929503301473188
5017,"long_v3_CCD0.0.25",1.873432405272,0.0151445787967251,-0.0428096125154809,0.00296631378680734
5018,"long_v3_CCD0.0.25",1.91941724890471,0.00636017354445719,0.116036612938075,-0.069384066260018
5019,"long_v3_CCD0.0.25",1.60627348919119,-0.111920457842782,0.0360972290914684,-0.0912656933279535
5020,"long_v3_CCD0.0.25",2.0459782445599,-0.00204085810999187,0.042305846330284,-0.0227846525936364
5021,"long_v3_CCD0.0.25",1.90948871478191,-0.00899914951001585,-0.0338370104184444,-0.152659667959712
5022,"long_v3_CCD0.0.25",2.06290091432045,0.00867038192257043,0.01582320637114,0.0516073425454213
5023,"long_v3_CCD0.0.25",1.76861279973696,-0.0101132877223046,0.0245340183030738,-0.0277392348643876
5024,"long_v3_CCD0.0.25",1.99177564267729,0.0349528350439933,0.00617707419477655,-0.115004890513486
5025,"long_v3_CCD0.0.25",1.91156302440689,-0.0470009571188696,0.0210900113592482,-0.16297225821528
5026,"long_v3_CCD0.0.25",1.91743732120744,0.0253359280173316,0.0646754484978588,-0.0940103964439008
5027,"long_v3_CCD0.0.25",1.81816026020693,0.0984095421319787,0.0238410613751855,-0.0427224746778952
5028,"long_v3_CCD0.0.25",1.9671060069736,0.00609346599559077,0.0473820252049379,-0.0300525057642201
5029,"long_v3_CCD0.0.25",1.66367369726025,0.0588733508157339,0.0161978030648707,-0.0631002841382223
5030,"long_v3_CCD0.0.25",2.36204606117233,0.0245923672799707,0.0708565060482256,-0.10637874903035
5031,"long_v3_CCD0.0.25",1.86276932187959,0.0243518273262923,0.0381358525986179,-0.0390865920055419
5032,"long_v3_CCD0.0.25",1.58296993699772,0.0121204156962725,-0.0191760230837469,-0.114060802518151
5033,"long_v3_CCD0.0.25",1.76371501490041,-0.0267824154563621,-0.032264468921734,-0.00581796342472973
5034,"long_v3_CCD0.0.25",1.94917566144574,0.033648223870143,0.024101389686953,-0.113028876702554
5035,"long_v3_CCD0.0.25",1.67994983228254,-0.00436287205967293,0.119049347658634,-0.0579067262403103
5036,"long_v3_CCD0.0.25",2.03010397604072,0.0695281218264829,0.0172689207240103,-0.0732464299357865
5037,"long_v3_CCD0.0.25",1.83258143941823,0.0183007898959911,0.0079239428598865,-0.0389450936460147
5038,"long_v3_CCD0.0.25",1.62515668472047,-0.0626823177422987,-0.0599255093853307,-0.0572784651376433
5039,"long_v3_CCD0.0.25",1.4661267139741,-0.0526268021362521,-0.0207364605877093,0.000658141687340269
5040,"long_v3_CCD0.0.25",1.76869987098724,0.0124683349939815,-0.0451227762219215,-0.0140348534265981
5041,"long_v3_CCD0.0.25",2.01947745101165,-0.0286577623624162,0.0316699475818473,-0.0729713719180445
5042,"long_v3_CCD0.0.25",1.902255398208,-0.00148880018736374,0.043145352370942,-0.100024220851322
5043,"long_v3_CCD0.0.25",1.96892348267719,0.00171535453609795,-0.0149020626299822,-0.135175417558479
5044,"long_v3_CCD0.0.25",1.74910249737821,-0.00498025010462097,0.0487544552946125,-0.0637531913872205
5045,"long_v3_CCD0.0.25",2.12038242353532,0.0241743893915554,-0.0395311336899393,-0.101706832783577
5046,"long_v3_CCD0.0.25",1.57273568649673,-0.0151551733075258,0.0433386508164017,-0.0853437700478393
5047,"long_v3_CCD0.0.25",1.66512463184775,-0.0333996313900769,0.0386913640111647,-0.0345091501081285
5048,"long_v3_CCD0.0.25",2.27288213367797,-0.0462739124651594,-0.0197969345370225,-0.0887419442833181
5049,"long_v3_CCD0.0.25",1.99398545876125,0.0218673339164847,0.0139081365937293,-0.0876514460774959
5050,"long_v3_CCD0.0.25",1.9084708451023,0.0360798948379704,0.0135741179744702,-0.0704967461394838
5051,"long_v3_CCD0.0.25",2.46031364193637,0.0512156171472447,0.0145572486284678,-0.134615940648122
5052,"long_v3_CCD0.0.25",1.96825897382583,-0.0753836331879803,0.00247088686657543,-0.119971834207556
5053,"long_v3_CCD0.0.25",1.71093509910442,0.00754083776276208,-0.00852391038290886,0.0753598546985297
5054,"long_v3_CCD0.0.25",1.80485932355912,0.0283609290560835,-0.018026799717875,-0.0983315944746414
5055,"long_v3_CCD0.0.25",1.13938922873129,0.0170077304351149,0.0130661324484046,-0.0373504749534064
5056,"long_v3_CCD0.0.25",2.01258317787931,0.0332064779296268,0.0520216506970193,-0.134420346956447
5057,"long_v3_CCD0.0.25",1.36767020475567,-0.0266524172529515,0.0309953428500039,-0.0567382912510234
5058,"long_v3_CCD0.0.25",1.92259559882709,-0.0419667080811373,0.0625645074336558,-0.127971373823948
5059,"long_v3_CCD0.0.25",1.88372573766876,0.0220822692311126,0.0300855594400526,-0.0538848299882493
5060,"long_v3_CCD0.0.25",1.69299752040794,-0.0118885925849766,-0.0112669214146255,-0.0531344786466083
5061,"long_v3_CCD0.0.25",1.48648535231668,0.0175025935013167,-0.0175394897225659,-0.0232315894435372
5062,"long_v3_CCD0.0.25",1.88654002512081,0.00561546628567767,0.026907191708897,-0.0953905514519177
5063,"long_v3_CCD0.0.25",1.81528676985446,-0.00431823811718019,0.00952520859147873,-0.112208296887606
5064,"long_v3_CCD0.0.25",2.05154687659608,-0.000440144089554712,0.0188212488288722,-0.108453856193961
5065,"long_v3_CCD0.0.25",1.58273804694591,-0.0270874063000767,-0.0020678992024202,-0.00826359706340352
5066,"long_v3_CCD0.0.25",1.74364795696016,-0.0182536453996594,0.0896405030912396,-0.0360555919510066
5067,"long_v3_CCD0.0.25",1.4534068005016,0.0806091236267318,0.109347085925959,-0.101901097179429
5068,"long_v3_CCD0.0.25",1.58310103303515,-0.00828885005001388,0.0121237024984155,-0.0661828502463553
5069,"long_v3_CCD0.0.25",2.05276445410262,-0.0308812631383378,0.0756896591720368,-0.138751168165013
5070,"long_v3_CCD0.0.25",1.85366473708372,-0.0619652877538928,0.0988373059545716,-0.0103441503837994
5071,"long_v3_CCD0.0.25",1.96709631428466,-0.0178533177190292,0.0226713333952252,-0.115107390749287
5072,"long_v3_CCD0.0.25",1.87362935504285,0.0394021975962019,0.053224109126101,-0.0717169695663589
5073,"long_v3_CCD0.0.25",2.05381424035872,-0.00275832058307532,-0.00206774119383689,-0.0777384400317415
5074,"long_v3_CCD0.0.25",1.81726479783144,-0.0041682035893433,0.0045041431264135,0.00657193351801825
5075,"long_v3_CCD0.0.25",2.27463571469174,-0.0334839685267348,-0.0266199287165914,0.0057858394891949
5076,"long_v3_CCD0.0.25",1.81078034964783,0.0173148375181484,0.0575418309438012,-0.0314326934205408
5077,"long_v3_CCD0.0.25",1.89205747730593,0.0127943298470203,0.0382699253263751,-0.0054617454178855
5078,"long_v3_CCD0.0.25",2.09433869491933,-0.0415776366182979,0.023561069637488,-0.0599875328289431
5079,"long_v3_CCD0.0.25",1.79443537936944,0.0148244121666579,0.0125352140404191,-0.0959957505097642
5080,"long_v3_CCD0.0.25",1.62754821089364,-0.0314482244276217,0.0162320910906437,-0.0329644791017747
5081,"long_v3_CCD0.0.25",1.82442765755178,-0.0235955690480858,0.0044944885849653,-0.0953066760438086
5082,"long_v3_CCD0.0.25",1.79333935319922,-0.0333066883442862,-0.0017140631546565,-0.105484508471324
5083,"long_v3_CCD0.0.25",1.52573819492093,0.0150212220907174,0.0176530529544529,-0.0915310028775971
5084,"long_v3_CCD0.0.25",2.0686606258055,0.00598909855202818,-0.00258694128853306,-0.0635147225174715
5085,"long_v3_CCD0.0.25",1.89111458186582,0.0290387283559482,0.00369257720651917,-0.0665653979590208
5086,"long_v3_CCD0.0.25",1.78742538385324,0.0335452041457788,-0.0057175544820326,-0.0234477808684802
5087,"long_v3_CCD0.0.25",1.85227319134729,0.0455944786430933,0.0290726965611215,-0.0724766722548623
5088,"long_v3_CCD0.0.25",2.36638927263393,-0.0145855661985529,0.0259796323710524,0.0203641295785186
5089,"long_v3_CCD0.0.25",2.34001543901258,0.0122720389694485,0.00451899672053431,-0.222063752983269
5090,"long_v3_CCD0.0.25",1.8574170682595,-0.036789694041365,0.0197324585757736,-0.0496258837701002
5091,"long_v3_CCD0.0.25",2.13000451622086,0.0166191995994792,0.0277447207198742,-0.171530536190798
5092,"long_v3_CCD0.0.25",1.95637502735241,0.00208098953100914,0.03809485322498,-0.0369905912644233
5093,"long_v3_CCD0.0.25",1.74718399880255,-0.0333940733621834,0.0174598201035691,-0.0639056417597244
5094,"long_v3_CCD0.0.25",1.65126740133913,0.0351101422033734,-0.0505328455431778,-0.0651514567824299
5095,"long_v3_CCD0.0.25",1.96575748273565,0.00488505860589727,0.0102013616169109,-0.0629629124314168
5096,"long_v3_CCD0.0.25",1.96002379144056,0.0329001030188488,0.0237396667313756,-0.0718742080461824
5097,"long_v3_CCD0.0.25",2.08314061499273,0.0269935246637516,0.0292995459716363,-0.0883507738428377
5098,"long_v3_CCD0.0.25",2.46003012105725,0.00236712155546788,0.040221585801342,-0.0392099709580186
5099,"long_v3_CCD0.0.25",1.94902466788386,-0.0451234630575599,0.0590591953136129,-0.125390537236646
5100,"long_v3_CCD0.0.25",1.68335264241912,-0.048503524575983,-0.0136031589066981,-0.0387124673395366
5101,"long_v3_CCD0.0.25",1.74072954531249,-0.010302668647851,0.00400949546343746,-0.0749739428185324
5102,"long_v3_CCD0.0.25",1.84106647677698,0.0329219971734758,0.0889010131984151,-0.0403569934656489
5103,"long_v3_CCD0.0.25",1.73308956366426,-0.000193472007081206,0.0250862811618911,-0.0675854769638525
5104,"long_v3_CCD0.0.25",1.7941295927272,0.019499173729275,0.0297597647221649,-0.113189468748118
5105,"long_v3_CCD0.0.25",1.47481573479458,-0.0182196710248093,0.00986982052958572,-0.113008368280125
5106,"long_v3_CCD0.0.25",2.23687895560378,0.0139210245446631,0.0156600729296011,-0.0449068724814585
5107,"long_v3_CCD0.0.25",2.02313546054696,0.00288052812147452,0.0365469880007485,-0.0956219161730644
5108,"long_v3_CCD0.0.25",1.59575073557357,0.0488532055815717,0.0184116854118953,-0.0455286196337206
5109,"long_v3_CCD0.0.25",2.10254521511906,-0.0103560723018035,-0.0101788504749858,-0.0645077037048183
5110,"long_v3_CCD0.0.25",1.9891260221132,-0.0331855286168,0.0379275427002397,-0.0868403098543936
5111,"long_v3_CCD0.0.25",1.83012057460622,0.012427125606299,0.0436096322723358,-0.162350791031402
5112,"long_v3_CCD0.0.25",1.97408935887499,0.0277066923098095,0.0473152904191126,-0.0909104880949422
5113,"long_v3_CCD0.0.25",2.22416653081608,0.0427576290565258,-0.0425575154786341,-0.146080123565354
5114,"long_v3_CCD0.0.25",1.89573266468175,-0.0032214056414535,0.0138059182388007,-0.112923795686814
5115,"long_v3_CCD0.0.25",1.99621311648758,-0.0343155820990584,0.0594896045274342,-0.119607672358927
5116,"long_v3_CCD0.0.25",1.75687667973663,0.0429493951009482,0.039090385469532,-0.0979057371117446
5117,"long_v3_CCD0.0.25",1.82051795840085,-0.0273240072324626,-0.00904157464521475,-0.0680158385820889
5118,"long_v3_CCD0.0.25",1.27153733818397,0.0434307936403504,0.0852877347059625,-0.153082129790252
5119,"long_v3_CCD0.0.25",1.68781085054068,0.0239823847833101,-0.013198905567162,-0.145008876860102
5120,"long_v3_CCD0.0.25",2.58922755200559,0.00140213281542491,-0.00462527003502985,-0.053037208606189
5121,"long_v3_CCD0.0.25",2.16582924944391,0.0724211839198819,-0.0077946764952917,-0.120667006313319
5122,"long_v3_CCD0.0.25",1.72030262748808,0.0414209724319672,-0.0438879316985414,-0.070523656192661
5123,"long_v3_CCD0.0.25",2.00316730265952,0.00826603979164057,0.0927507934312188,-0.0886829364783654
5124,"long_v3_CCD0.0.25",1.93449745259247,0.0469704899659135,-0.031278878251477,-0.0881369927236685
5125,"long_v3_CCD0.0.25",1.65326286809327,0.0437225821264347,0.0372041369940676,-0.0947614849715487
5126,"long_v3_CCD0.0.25",2.03740133559826,-0.0733022962341424,0.021890275065982,-0.154746948248163
5127,"long_v3_CCD0.0.25",1.95125238110221,0.0110512893904371,0.0336905856410539,-0.0191799869891603
5128,"long_v3_CCD0.0.25",1.82277931710489,-0.00929728827385129,0.029238391824272,-0.0516648293311548
5129,"long_v3_CCD0.0.25",1.92465240863909,-0.0490081174866392,0.0442239627299159,-0.0497175270940204
5130,"long_v3_CCD0.0.25",1.99245887675673,-0.00263251610333015,0.0300149253311022,-0.135725749753337
5131,"long_v3_CCD0.0.25",1.87163749412181,0.0233248201619441,0.0943531631720626,-0.0926866662798445
5132,"long_v3_CCD0.0.25",1.98147997400231,0.027426740781104,-0.0270849230569849,-0.0963815287426562
5133,"long_v3_CCD0.0.25",1.95464716781019,0.031543676375105,0.0364107595630922,-0.0866980571613655
5134,"long_v3_CCD0.0.25",1.71781665075784,0.0107746491573159,-0.0251131314929158,-0.0818085171331387
5135,"long_v3_CCD0.0.25",2.3804470926039,0.101365516623973,-0.0184900046058118,-0.173678705604619
5136,"long_v3_CCD0.0.25",1.94813968028303,0.0596709045192716,-0.00048763396828347,-0.0493067016111015
5137,"long_v3_CCD0.0.25",1.93618166704202,-0.0835632522352841,0.0129731972269317,-0.0489177656299975
5138,"long_v3_CCD0.0.25",1.83500241699424,-0.0013697477136784,0.00346842302553923,-0.0719646349253955
5139,"long_v3_CCD0.0.25",2.24782449117449,0.0138452859924419,0.0209176222102068,-0.0733529623806256
5140,"long_v3_CCD0.0.25",2.04530688078901,0.00639079355511234,0.070061778984542,-0.0637893626659362
5141,"long_v3_CCD0.0.25",1.59947139055417,0.0126089646217966,0.0211113452624459,-0.12745275513929
5142,"long_v3_CCD0.0.25",2.04456518163606,-0.00548906664075777,0.108258332568167,-0.0138433677693368
5143,"long_v3_CCD0.0.25",2.05477988120965,0.00518365945784476,-0.00942394731467389,-0.0331078592926285
5144,"long_v3_CCD0.0.25",2.04784024238137,0.0318639893870174,-0.0455619847586752,-0.0693131895298675
5145,"long_v3_CCD0.0.25",1.85593090417331,-0.0393073944544732,0.0247386820903494,-0.0540790679724944
5146,"long_v3_CCD0.0.25",1.68329618304556,0.0195592033447443,0.0340715923847977,-0.160233956016676
5147,"long_v3_CCD0.0.25",2.0575888307976,-0.0159478110950404,0.0551994466175262,-0.0228397143912367
5148,"long_v3_CCD0.0.25",1.81910916644923,-0.0340934183223905,-0.00671372388537655,-0.0356783700140571
5149,"long_v3_CCD0.0.25",1.86241507213154,-0.0354206639349181,0.10446171522413,-0.0742782561930531
5150,"long_v3_CCD0.0.25",1.80011225896505,-0.0330764629529091,0.0537805007656258,-0.137435636902253
5151,"long_v3_CCD0.0.25",2.04738212651142,0.0755434875019375,0.0347718998404892,-0.122301520965139
5152,"long_v3_CCD0.0.25",2.13399170370767,0.00658507734829661,0.0533909173191718,-0.126829586006134
5153,"long_v3_CCD0.0.25",1.87089974534643,0.0110523650846502,0.0290563525408335,-0.0346258984649952
5154,"long_v3_CCD0.0.25",1.98774500266695,-0.067982403281848,0.0253971163284363,-0.111598045099514
5155,"long_v3_CCD0.0.25",1.78989003155082,-0.0492696660976926,0.0448880671026711,-0.0203687402419279
5156,"long_v3_CCD0.0.25",1.90003048953207,0.0217604107005029,-0.0238472915056413,-0.0779847468116823
5157,"long_v3_CCD0.0.25",1.93153104093305,-0.0020995323052583,0.00694367133050423,-0.0810510729240461
5158,"long_v3_CCD0.0.25",1.73105778641287,0.0154911113657938,0.0235588299191508,-0.0848034904879819
5159,"long_v3_CCD0.0.25",2.00669240415896,0.109035471800226,0.0161709092769176,-0.0565828897188234
5160,"long_v3_CCD0.0.25",1.65037381287979,-0.0379548784700913,0.0422428446796224,-0.0962347947822116
5161,"long_v3_CCD0.0.25",1.82960752711935,-0.0132764696661116,0.0399653029877418,-0.0641409669521128
5162,"long_v3_CCD0.0.25",1.84867737263194,0.060919986726562,0.0607749566833324,-0.0464087502960721
5163,"long_v3_CCD0.0.25",1.36143688426849,0.00978575180082903,0.0444083250461574,-0.020539573066411
5164,"long_v3_CCD0.0.25",1.79752858930336,0.0108874734795946,0.0865515875377255,-0.121481960723089
5165,"long_v3_CCD0.0.25",1.89614527016295,0.0526258329505657,-0.000251733634570681,-0.0877617810337348
5166,"long_v3_CCD0.0.25",1.88428548373,0.0216121407382514,0.0397485015359917,-0.149178999069786
5167,"long_v3_CCD0.0.25",1.6714311405136,0.0251571944734401,0.0361180365250467,-0.0516881703004046
5168,"long_v3_CCD0.0.25",1.89936137591177,0.00265201435469431,0.00480757330511443,-0.110601136305942
5169,"long_v3_CCD0.0.25",1.97645903795665,0.0670897446769314,0.0693161420912685,-0.0344559053445957
5170,"long_v3_CCD0.0.25",1.80984146459724,-0.0315989950043446,0.0930710793207085,-0.0302161935562649
5171,"long_v3_CCD0.0.25",1.76904332778909,-0.0154063934696901,-0.0134826040195379,-0.0635615332566277
5172,"long_v3_CCD0.0.25",2.18661077502984,0.0365320548457654,0.0329467887817132,-0.130394125731116
5173,"long_v3_CCD0.0.25",2.11227814223054,0.0132039840922383,0.0518209122602249,-0.0350414702341219
5174,"long_v3_CCD0.0.25",2.00531356635927,0.00536832913013752,0.0989948494072858,-0.129056274851933
5175,"long_v3_CCD0.0.25",2.2030846079244,0.0299612894923141,-0.0154915366517801,-0.0799544658259786
5176,"long_v3_CCD0.0.25",1.89677188154019,0.0632208710129132,0.00971623922700037,-0.0834298451637106
5177,"long_v3_CCD0.0.25",2.17233589629618,0.0277742002495609,0.0292879048772041,-0.0644903568657573
5178,"long_v3_CCD0.0.25",2.06373155073924,-0.0429096097890034,-0.00545464512965185,-0.095320230063741
5179,"long_v3_CCD0.0.25",2.02135070198533,0.0232826878329063,0.0155327312396907,-0.140374864124899
5180,"long_v3_CCD0.0.25",2.3928422797086,0.00129260954948616,0.104597217431099,-0.0936304897519024
5181,"long_v3_CCD0.0.25",1.83705432656342,0.0237704060949695,-0.0745784290961862,-0.118064619097622
5182,"long_v3_CCD0.0.25",1.90716030557433,0.0119902732957977,0.0577783047048863,-0.0295563922839669
5183,"long_v3_CCD0.0.25",1.87450674299652,-0.0795960737388557,0.029324698858007,-0.063322897060394
5184,"long_v3_CCD0.0.25",1.95264682719565,0.109552208207238,0.0319479092502505,-0.123055900155247
5185,"long_v3_CCD0.0.25",1.86801052033947,-0.0343797282640607,0.109561204300048,-0.0370237061404249
5186,"long_v3_CCD0.0.25",1.90801834355794,0.0385189025281493,0.0492154982152364,-0.153254928846688
5187,"long_v3_CCD0.0.25",1.9396913799545,0.0304226422978532,-0.0193185666689337,-0.032567923241595
5188,"long_v3_CCD0.0.25",2.00097528516627,0.038128430385083,0.0160128339577749,-0.133494714277888
5189,"long_v3_CCD0.0.25",1.85073053984815,0.00354488232921094,0.0639328617755682,-0.0740466705014058
5190,"long_v3_CCD0.0.25",2.14292050271293,0.0386692017548311,0.0138783942338722,-0.108930207454645
5191,"long_v3_CCD0.0.25",2.20358498755649,0.035167064700573,0.137209462318559,-0.143205620630928
5192,"long_v3_CCD0.0.25",2.02849828874398,0.0782817878665394,0.0436258857712629,-0.0620744178070464
5193,"long_v3_CCD0.0.25",1.4184106193195,-0.0300255789112019,-0.0784995795524221,-0.0218208863249746
5194,"long_v3_CCD0.0.25",1.80548309692156,0.015615338761256,0.00526981386926884,-0.130228078358864
5195,"long_v3_CCD0.0.25",2.08760030556514,0.0165266256859975,-0.00986171434076318,-0.0867923722235224
5196,"long_v3_CCD0.0.25",1.9813133108713,0.0349243353758396,0.0211182354476549,-0.0956020304238941
5197,"long_v3_CCD0.0.25",1.38347640224932,-0.014636463635319,0.0463681139455537,-0.119761164025018
5198,"long_v3_CCD0.0.25",1.98347344455493,-0.015549760372369,0.0664689704280697,-0.0430929848183552
5199,"long_v3_CCD0.0.25",1.78152764024368,0.00340098233409126,-0.0492560274700521,-0.0626669111965164
5200,"long_v3_CCD0.0.25",1.95427684411608,0.0841895243142354,0.0567610951939783,-0.0805494848238852
5201,"long_v3_CCD0.0.25",1.9984112646917,0.039981631950805,-0.061255026408554,-0.111538116060398
5202,"long_v3_CCD0.0.25",1.27699241396511,0.0293406823144667,0.0169353814494814,-0.0956607105931422
5203,"long_v3_CCD0.0.25",2.09749153928895,0.0231751744206088,0.0371306528231487,-0.0996807689520682
5204,"long_v3_CCD0.0.25",1.49995284925107,0.0553603303726548,0.0275736609809568,-0.0787970056596055
5205,"long_v3_CCD0.0.25",1.66810218327903,0.0657937615486915,0.0369111841591572,-0.0862707821043201
5206,"long_v3_CCD0.0.25",1.76887876459735,-0.0147198866658503,0.039601494789932,-0.154860153714844
5207,"long_v3_CCD0.0.25",1.75186503032644,0.0450197060213164,0.0342841793301932,-0.0486614617862478
5208,"long_v3_CCD0.0.25",1.63095874474428,0.020556526734687,0.00911302817351682,-0.0361583172221105
5209,"long_v3_CCD0.0.25",1.36129497166997,-0.0405140761930906,0.0450430656868038,-0.0482916555701684
5210,"long_v3_CCD0.0.25",1.97949884205781,0.000836034626647993,-0.00299193960461865,-0.192149279260686
5211,"long_v3_CCD0.0.25",1.66957392445483,-0.0171111085261208,0.0115131614063185,-0.0169936151242082
5212,"long_v3_CCD0.0.25",1.67533999727124,0.108330540548024,-0.00691247262551489,-0.0878794536345904
5213,"long_v3_CCD0.0.25",2.05587514768014,-0.0385994412252181,-0.0496788342882904,-0.0668057704817255
5214,"long_v3_CCD0.0.25",2.13098435824855,0.063724380023423,0.0761675498534975,-0.122623729006886
5215,"long_v3_CCD0.0.25",1.75428071229396,-0.0369561179291146,0.00872374059391148,-0.0258374180847613
5216,"long_v3_CCD0.0.25",1.85740331308249,0.00185431209505671,0.0327629193361178,-0.0808399495019067
5217,"long_v3_CCD0.0.25",2.02977406092132,0.0445197235021984,0.0213777327134412,-0.153109992409364
5218,"long_v3_CCD0.0.25",2.08834906352021,0.027571870873469,-0.00791513801046376,-0.0464200043390887
5219,"long_v3_CCD0.0.25",2.23338595360778,0.0280912744546722,0.0769516331545372,-0.0387926661996348
5220,"long_v3_CCD0.0.25",1.97901125426657,-0.0243204771150781,-0.0837760693316191,-0.161886901100256
5221,"long_v3_CCD0.0.25",1.92877315336491,0.0644703908398406,-0.023253033229394,-0.0920403311956266
5222,"long_v3_CCD0.0.25",1.87573424127317,-0.0161681044575527,0.0303520920799167,-0.0897557504824028
5223,"long_v3_CCD0.0.25",1.73388243099418,-0.0265530618859448,0.0354519338768519,-0.111095836362815
5224,"long_v3_CCD0.0.25",1.8525084208936,0.0455720271017189,0.0144909772787563,-0.126780328757031
5225,"long_v3_CCD0.0.25",1.58101912706223,-0.0076564567910008,-0.0315184511564586,-0.0566990089640886
5226,"long_v3_CCD0.0.25",1.93870005587444,-0.0163121468340883,0.0459051726313441,-0.116913467968523
5227,"long_v3_CCD0.0.25",1.61807468442362,0.0176940760873925,0.0203450042567327,-0.0623029500825961
5228,"long_v3_CCD0.0.25",1.83369921757365,-0.0391333830739124,0.03709812386312,-0.0939889739703532
5229,"long_v3_CCD0.0.25",1.97554878162943,0.0768409723643971,-0.0834625917903213,-0.0336465092705731
5230,"long_v3_CCD0.0.25",1.79777701516288,0.0568945612065043,-0.0172759883211881,-0.0440248430775328
5231,"long_v3_CCD0.0.25",2.24156023021396,0.0456543875773509,-0.0136564288383164,-0.144399338897402
5232,"long_v3_CCD0.0.25",1.75224496758274,-0.0362916550023245,-0.0198160727291527,-0.0586715385587283
5233,"long_v3_CCD0.0.25",1.56740009031924,-0.0148321866924207,0.0301872011719969,-0.0987563789553214
5234,"long_v3_CCD0.0.25",1.63545115834725,0.00826085266429535,0.0183768404951189,-0.0374862243668249
5235,"long_v3_CCD0.0.25",2.05339301609394,0.0225802072006309,-0.0455476596826609,-0.0772282177306954
5236,"long_v3_CCD0.0.25",1.94209968386056,-0.0352878106119049,0.0430498783777738,-0.0703783367146553
5237,"long_v3_CCD0.0.25",1.85478311387123,-0.00800863130974885,0.072845688537722,-0.0745582118335457
5238,"long_v3_CCD0.0.25",2.28970654232762,0.0136753229847654,-0.0301452260327899,-0.160607722033325
5239,"long_v3_CCD0.0.25",1.80263304886537,-0.0758342377702015,-0.0127119273381792,-0.130059073320748
5240,"long_v3_CCD0.0.25",2.0767948958386,-0.0415403740540138,0.0483598732746534,-0.0162703378387406
5241,"long_v3_CCD0.0.25",1.75404470730531,0.0196641910077959,-0.00420027083794212,-0.122636828044841
5242,"long_v3_CCD0.0.25",2.1454414017415,0.0576320693593458,-0.0564040571305979,-0.0854599401071116
5243,"long_v3_CCD0.0.25",1.96496643867256,0.0355169117705929,0.0366004389635249,-0.139206445639307
5244,"long_v3_CCD0.0.25",1.97949329689153,-0.0319649250900395,-0.021911365190679,-0.1138787612614
5245,"long_v3_CCD0.0.25",1.86689741515868,0.00610310780722768,0.0100541507865028,-0.0500421631203027
5246,"long_v3_CCD0.0.25",1.99039464772036,0.0563589906269554,-0.00705496707515002,-0.0479526373031119
5247,"long_v3_CCD0.0.25",1.56054879766555,-0.035534613870154,-0.0804623535972092,-0.095687557213869
5248,"long_v3_CCD0.0.25",2.19738996598554,0.0621214099208852,-0.0354053876946223,-0.0528064438573381
5249,"long_v3_CCD0.0.25",1.92580138252006,-0.0350715230246444,0.0431345395022771,-0.0120049028880602
5250,"long_v3_CCD0.0.25",2.39868689272927,-0.000860370670750815,0.0170429378482452,-0.0446974046223109
5251,"long_v3_CCD0.0.25",2.07089155146733,0.0259298359869243,0.0201359394682087,-0.153155833196625
5252,"long_v3_CCD0.0.25",1.90098073755179,-0.0411463958235644,0.0180043332737191,-0.0802612500748313
5253,"long_v3_CCD0.0.25",1.85755092855523,-0.0158692758106303,0.0781415870612763,-0.135517396895155
5254,"long_v3_CCD0.0.25",1.78246219515442,-0.0127852016311173,-0.00965814105627125,-0.129326904875914
5255,"long_v3_CCD0.0.25",1.97785390231776,-0.0383115041386742,0.0239743350946584,-0.0951403481394147
5256,"long_v3_CCD0.0.25",1.84234281986242,-0.011898697876623,-0.0280672952739063,-0.023667066458144
5257,"long_v3_CCD0.0.25",2.08212299251605,0.0393341758257937,0.0461139956299238,-0.114933085603831
5258,"long_v3_CCD0.0.25",1.64721092963824,0.00367584798818388,-0.0143633409862742,-0.0561085233862484
5259,"long_v3_CCD0.0.25",1.78057321281528,0.0596119821279835,0.0370758356403208,-0.167708889313254
5260,"long_v3_CCD0.0.25",1.77649312871252,-0.0189910966517945,0.0145076115245177,-0.069247773328982
5261,"long_v3_CCD0.0.25",1.89762003135193,-0.0135326105159067,0.0506476569402933,-0.0990842883516342
5262,"long_v3_CCD0.0.25",2.07003144988799,-0.0469938211665062,-0.0456978349308553,-0.0361502096977773
5263,"long_v3_CCD0.0.25",1.86292235363973,0.0283259572339554,-0.0325789379116266,-0.112790341995997
5264,"long_v3_CCD0.0.25",1.83776105398604,-0.0256704049231902,0.0385739718349954,-0.0210046508602326
5265,"long_v3_CCD0.0.25",1.65710348801596,-0.0422122002795749,0.0976254591689951,-0.0996057354260485
5266,"long_v3_CCD0.0.25",1.33515138680933,0.0262160325031084,0.0365521979239023,-0.123735005802993
5267,"long_v3_CCD0.0.25",2.02345653466938,-0.0540604196531162,0.0239747720325935,-0.0648417838585713
5268,"long_v3_CCD0.0.25",1.84751492926265,-0.0235748254074918,0.00924277290812466,0.0557360343015408
5269,"long_v3_CCD0.0.25",2.01560499130878,0.0208511521814303,-0.0136273609779922,0.0258956484000433
5270,"long_v3_CCD0.0.25",1.96596156129962,0.070558764459431,0.0344222104272389,-0.0953059731066969
5271,"long_v3_CCD0.0.25",2.04605979822377,0.0199747224541373,0.00722782059159673,-0.143444777816793
5272,"long_v3_CCD0.0.25",1.82037522446048,0.036894681796443,0.0303273747404653,-0.171021421937613
5273,"long_v3_CCD0.0.25",1.59964107770599,0.00402974533258514,0.124753346521292,-0.0693020142276063
5274,"long_v3_CCD0.0.25",1.8361208561323,-0.0444329044840679,0.0584381415938253,-0.0334310091227538
5275,"long_v3_CCD0.0.25",1.56329964247854,-0.0304029480544687,0.0135809261237766,-0.0572234381722203
5276,"long_v3_CCD0.0.25",1.69305745585554,0.0269126836400586,0.036085340230791,-0.0918690333620718
5277,"long_v3_CCD0.0.25",1.80307103618716,-0.00272960051320676,0.0707540068430693,-0.171189404671919
5278,"long_v3_CCD0.0.25",2.04479114009912,0.0279817297460475,0.0120920702167351,-0.142308805636143
5279,"long_v3_CCD0.0.25",1.52801990497234,-0.0425899970749426,0.00114967286919799,-0.0645580560065757
5280,"long_v3_CCD0.0.25",1.6317052151157,0.0166592234678796,-0.033444354951587,-0.0630009990883665
5281,"long_v3_CCD0.0.25",1.8782270138673,0.0497748168728699,0.027179631080155,-0.116205747438565
5282,"long_v3_CCD0.0.25",1.78773944816808,-0.00579743713652252,0.0517623990949444,-0.13664733905462
5283,"long_v3_CCD0.0.25",2.11585466559403,0.0238136239845064,0.00255239351643752,-0.132110031552523
5284,"long_v3_CCD0.0.25",1.95363511834155,-0.0375766014170845,0.0146867169200694,-0.0570623094215608
5285,"long_v3_CCD0.0.25",1.91356912880574,-0.0496341755831596,0.0374219368226054,0.0324100823819611
5286,"long_v3_CCD0.0.25",1.87754725057564,0.0264669224672909,0.0479027614565142,-0.197684396680029
5287,"long_v3_CCD0.0.25",1.32868662246776,0.0366775895149,0.0163879481049152,-0.186616327161479
5288,"long_v3_CCD0.0.25",1.94348817399575,0.0366870540007146,0.0375763994814618,-0.0803843678405006
5289,"long_v3_CCD0.0.25",1.83677927083169,0.00912694215513406,0.0447794818859843,-0.153270850732248
5290,"long_v3_CCD0.0.25",2.23082461087836,0.00744153071924681,0.0336237131587817,-0.060062456506862
5291,"long_v3_CCD0.0.25",2.18699056488901,0.00200180932982116,0.076128618640718,-0.0646945384652132
5292,"long_v3_CCD0.0.25",1.84844213799446,0.0358052209510887,0.011603938006729,-0.015991381560982
5293,"long_v3_CCD0.0.25",1.793242209762,0.00121956019887149,-0.0453203841553945,-0.00949772274977614
5294,"long_v3_CCD0.0.25",2.03614056531436,0.0636025694706035,0.00675931391212148,-0.0767968680491963
5295,"long_v3_CCD0.0.25",1.43962826906003,-0.0095247433407168,-0.0409686394673576,-0.026902278009314
5296,"long_v3_CCD0.0.25",2.03018246844872,0.043850328622431,-0.0227012450465082,-0.100642486224698
5297,"long_v3_CCD0.0.25",1.98915777526275,0.11789736275106,-0.0359334291867305,-0.0921517310229797
5298,"long_v3_CCD0.0.25",1.55965374946935,0.0169482478024042,0.0291018278678821,-0.149239317628693
5299,"long_v3_CCD0.0.25",1.57505541176524,0.00662145018529426,-0.0310386326222923,-0.0531334555160242
5300,"long_v3_CCD0.0.25",1.83847132109835,0.0473964022442389,0.0399298343563577,-0.0442590788125032
5301,"long_v3_CCD0.0.25",2.23961280502312,0.0380200673636506,0.0278550443125448,-0.0954565124794007
5302,"long_v3_CCD0.0.25",1.97079632323276,-0.0553358150064286,-0.0233785161755427,-0.0906380280394531
5303,"long_v3_CCD0.0.25",2.06932739083048,0.0571634950304884,0.0100119306957014,0.0179121057925195
5304,"long_v3_CCD0.0.25",2.01565003618249,0.0092492363694482,0.0290765817843164,-0.0777803742181842
5305,"long_v3_CCD0.0.25",1.92687908883443,0.0349738887876793,-0.000996922294943914,-0.163447530531391
5306,"long_v3_CCD0.0.25",1.68812595843894,0.0222440916978416,0.0128229026963481,-0.0583285638116296
5307,"long_v3_CCD0.0.25",1.71892297674551,0.0261712223694866,0.0152483732524098,-0.161362085049021
5308,"long_v3_CCD0.0.25",1.84015978935319,-0.0120740166617353,0.00815532352442881,-0.0781100972125828
5309,"long_v3_CCD0.0.25",1.49866938940135,0.0595958754271798,0.00291093438435752,-0.165477827311524
5310,"long_v3_CCD0.0.25",2.05763458431433,-0.00782967787142582,0.0438669092736527,-0.114617161249777
5311,"long_v3_CCD0.0.25",2.04722807779238,-0.0421934894222459,0.0183837698905852,-0.10288496658021
5312,"long_v3_CCD0.0.25",2.00906352556017,-0.0126952554982508,-0.0293566601070398,-0.151986731698086
5313,"long_v3_CCD0.0.25",1.74928307446893,-0.0503913872038444,-0.00615968881912553,-0.0859482648945413
5314,"long_v3_CCD0.0.25",1.74669004111726,0.00973233251701959,0.014839605135558,-0.0256788751377959
5315,"long_v3_CCD0.0.25",1.62194146938506,0.0464153772534737,-0.038660698938139,-0.0389026544887427
5316,"long_v3_CCD0.0.25",1.86244870877431,-0.00903466520522118,0.0958781348482695,-0.133979451888081
5317,"long_v3_CCD0.0.25",1.62296413548728,0.0578322807682205,0.10564307123073,-0.190958812736799
5318,"long_v3_CCD0.0.25",1.79457333157744,0.00912009452583445,0.0369722504757673,-0.0481340795344958
5319,"long_v3_CCD0.0.25",1.85769287299472,0.00329629081808232,-0.0209969111618412,-0.1059021678513
5320,"long_v3_CCD0.0.25",1.75599047615677,-0.0071640900860366,0.0346876872179332,-0.00214874596515404
5321,"long_v3_CCD0.0.25",1.96160814472734,-0.0195651851529785,-0.0202995114353137,-0.157476757659642
5322,"long_v3_CCD0.0.25",1.96405365155176,0.0378927809860329,-0.019764285593019,-0.198622424700064
5323,"long_v3_CCD0.0.25",1.90602294658757,-0.0162289307337181,0.0522458377435898,-0.146525318563715
5324,"long_v3_CCD0.0.25",1.74746437452769,0.0865903657468789,0.0155591933073495,-0.0137409952171583
5325,"long_v3_CCD0.0.25",1.94069556581964,-0.0783353285339912,0.00161142958272628,-0.0380602761276503
5326,"long_v3_CCD0.0.25",1.80466898264964,-0.0293294315006769,0.0591517117476994,-0.0676294231133175
5327,"long_v3_CCD0.0.25",2.07719138403283,-0.0065930035847716,-0.00859254885028542,-0.142191079913588
5328,"long_v3_CCD0.0.25",1.61865711886173,-0.00217153319650693,-0.0137073365813481,-0.0840234292220308
5329,"long_v3_CCD0.0.25",1.91872567210253,0.027946051713447,-0.0127470204424885,-0.101636496377264
5330,"long_v3_CCD0.0.25",1.7763932526786,0.0248471261945734,0.0628892245313271,-0.113364414230847
5331,"long_v3_CCD0.0.25",1.81112502027548,0.0111592854741211,0.00135806666344145,-0.0312351780551364
5332,"long_v3_CCD0.0.25",1.90780688779394,-0.0107397075119255,0.100339909749116,-0.022971778082349
5333,"long_v3_CCD0.0.25",2.07909408638905,-0.0195938958495453,-0.0166291535069648,-0.0438677563591944
5334,"long_v3_CCD0.0.25",1.84988391902583,-0.0147197483128683,0.0331014858540351,-0.050733767971498
5335,"long_v3_CCD0.0.25",2.37410426196463,0.0133544380781272,0.00551892207681577,-0.0202909880008108
5336,"long_v3_CCD0.0.25",1.58315562734843,-0.0695667006356232,0.0451984016459781,0.0152041677612068
5337,"long_v3_CCD0.0.25",1.61067236274597,0.0170514933005584,-0.0677343033173267,-0.0816444924292031
5338,"long_v3_CCD0.0.25",1.9909743094286,0.0613225771470402,0.0448368725541571,-0.104016941576856
5339,"long_v3_CCD0.0.25",2.12443129761246,0.0523819099401947,0.0154623514506309,-0.257038812275046
5340,"long_v3_CCD0.0.25",1.83924660824341,0.0227409801176888,-0.0137289375838216,-0.0871576124866955
5341,"long_v3_CCD0.0.25",1.96000427873002,0.0458658486592288,0.114072003863729,-0.0880581781001064
5342,"long_v3_CCD0.0.25",1.64300443402078,0.012448630878377,0.0499734163497282,-0.0719374249284833
5343,"long_v3_CCD0.0.25",2.16397600826,0.0379818470439631,-0.0753854633676586,-0.183651529763411
5344,"long_v3_CCD0.0.25",1.62524552590731,0.0396148398368827,0.0122705928397238,-0.11743330173212
5345,"long_v3_CCD0.0.25",1.95380039846746,-0.0192382345381791,0.0550157300279431,-0.100292321516658
5346,"long_v3_CCD0.0.25",1.85379406201933,0.013931967323461,0.0254094199255327,-0.140030347369665
5347,"long_v3_CCD0.0.25",1.9086278818023,-0.0385435892403074,0.0150590992840314,-0.0663551790058707
5348,"long_v3_CCD0.0.25",1.70665632056663,0.0101512828327446,0.0660867154136295,-0.0568253365478004
5349,"long_v3_CCD0.0.25",2.09326695432132,-0.0481370199342561,0.0168036185607963,-0.0688213859927012
5350,"long_v3_CCD0.0.25",1.73952894474505,0.0880363652880546,0.0255968660468344,-0.042241338430055
5351,"long_v3_CCD0.0.25",1.95402178317114,0.100101087476016,1.01819340162183e-05,-0.0360543112107484
5352,"long_v3_CCD0.0.25",2.05583816215551,0.0377071339812486,0.061155698871308,-0.0711567109128489
5353,"long_v3_CCD0.0.25",2.08406785214361,0.0208312112341433,0.04674791287864,-0.164529552956765
5354,"long_v3_CCD0.0.25",1.87670857885921,-0.0260627679902269,0.0683453136551,-0.0189388532628466
5355,"long_v3_CCD0.0.25",1.69297253089398,0.014577088168585,0.0772818386556548,-0.042723630093663
5356,"long_v3_CCD0.0.25",1.78520846633732,-0.0234867912437005,-0.0353828804786056,-0.172245023715168
5357,"long_v3_CCD0.0.25",1.95053705223555,-0.0291665620403288,-0.0366119469657359,-0.0907885604865941
5358,"long_v3_CCD0.0.25",1.90963888604608,0.0191862808076989,-0.0349651741884602,-0.0858351127694436
5359,"long_v3_CCD0.0.25",2.02745025250963,-0.0178126909008669,0.0502211235672229,-0.127871162320626
5360,"long_v3_CCD0.0.25",1.70727290980413,-0.0849409871410058,0.0935125960355562,0.0615341005992622
5361,"long_v3_CCD0.0.25",1.86464856878909,0.0769997233186646,0.0337999911401913,-0.0899052958382669
5362,"long_v3_CCD0.0.25",2.07716322389921,0.0386534625199355,0.0152145079060332,-0.153663192127894
5363,"long_v3_CCD0.0.25",2.17008690693753,0.00374189179956211,-0.00449891830053576,-0.10786851911043
5364,"long_v3_CCD0.0.25",1.85088555528968,-0.0146038532328939,0.0105087377256869,-0.111412433708686
5365,"long_v3_CCD0.0.25",1.79027153306377,0.01448152260752,0.0168794799061994,-0.180442150023679
5366,"long_v3_CCD0.0.25",1.8912793248579,-0.00738803034311502,0.0455002074397037,-0.0645147205938227
5367,"long_v3_CCD0.0.25",1.9025344305843,0.00237955883230373,-0.0262251224485036,-0.0590952563950079
5368,"long_v3_CCD0.0.25",2.10146596386675,0.0145580915139439,0.0994173598577973,-0.0487831509093968
5369,"long_v3_CCD0.0.25",1.87589967095504,-0.00839062278442581,-0.00516246744759352,-0.109375937942136
5370,"long_v3_CCD0.0.25",1.3208300466696,0.0740739447171722,0.0106508704477581,-0.110109530311864
5371,"long_v3_CCD0.0.25",1.69376828015425,0.0320916448967162,0.00613322194788631,-0.13476840407822
5372,"long_v3_CCD0.0.25",1.68696163971597,0.0245210129588909,-0.0345497405330138,-0.0189875755769077
5373,"long_v3_CCD0.0.25",2.04682254182517,-0.0144069817828804,0.0634065833225691,-0.00937329190584095
5374,"long_v3_CCD0.0.25",1.93337278644214,-0.0353901615891167,0.0387628005808283,-0.101364685499005
5375,"long_v3_CCD0.0.25",1.78015112336777,0.0131404087384904,0.00585353235883846,0.0183410903026132
5376,"long_v3_CCD0.0.25",1.98162376633335,0.00892013987683538,-0.0671865101502491,-0.0833779601021459
5377,"long_v3_CCD0.0.25",1.98259262623966,-0.052247852364063,-0.0901261863527157,-0.179834430244356
5378,"long_v3_CCD0.0.25",1.90529709603594,0.0470357248883657,0.0359766003292601,-0.0423197269048716
5379,"long_v3_CCD0.0.25",1.74764018469054,-0.00512224214259034,0.033667973091812,-0.0606913656877417
5380,"long_v3_CCD0.0.25",1.99064873127374,-0.0361018940378135,0.012862264414758,-0.0238072791807519
5381,"long_v3_CCD0.0.25",2.0316923392642,0.0232404197596985,0.0284645609215865,-0.117287095327564
5382,"long_v3_CCD0.0.25",2.1275713558295,-0.0160854921182542,-0.00434911457627058,-0.0977885276855139
5383,"long_v3_CCD0.0.25",1.82841217731003,0.0251900727180325,0.0504392786116628,-0.084256550588415
5384,"long_v3_CCD0.0.25",2.21001140716324,0.0298308142738397,0.0295919031799664,-0.0388306833289163
5385,"long_v3_CCD0.0.25",1.96157199745999,0.0633471192522521,0.0384880125097864,-0.0504519436542083
5386,"long_v3_CCD0.0.25",1.70690203975487,0.0175323970856874,0.055902226507517,-0.0127014023716323
5387,"long_v3_CCD0.0.25",1.76367657812293,-0.0725769786037874,0.0666833275706242,-0.0530095712720461
5388,"long_v3_CCD0.0.25",1.79199812799045,0.0709537997799044,0.00974203533479934,-0.00252550538451015
5389,"long_v3_CCD0.0.25",1.63120152475918,0.0146861616458837,0.0254177039155425,0.0846482710729944
5390,"long_v3_CCD0.0.25",2.24567624151288,0.0132576556933681,0.00601599364644314,-0.10505899195441
5391,"long_v3_CCD0.0.25",2.11901131911331,0.0195098120697535,-0.00401573808273799,-0.0688235169540494
5392,"long_v3_CCD0.0.25",1.95828866550937,0.063486261599033,0.0118703345240424,0.0123972677457468
5393,"long_v3_CCD0.0.25",1.51093427877393,-0.0118778021208902,-0.00437247935401439,-0.0423378195214998
5394,"long_v3_CCD0.0.25",2.00193116260624,-0.0442894292803795,-0.0032656110802568,-0.0964046589335382
5395,"long_v3_CCD0.0.25",2.00681727395273,-0.00851713247297606,0.0182707673924688,-0.102531519192803
5396,"long_v3_CCD0.0.25",2.06833466694501,0.0886562123334707,-0.0275458399134858,-0.225627567396493
5397,"long_v3_CCD0.0.25",1.94917332256956,0.0743074110017849,-0.000188028351547069,-0.0532182252967622
5398,"long_v3_CCD0.0.25",1.88753905628297,0.0375739563251119,0.0677358640171377,-0.0527206713976469
5399,"long_v3_CCD0.0.25",1.884882130987,0.00467571030970092,0.0155930156812212,0.0320662666041791
5400,"long_v3_CCD0.0.25",1.51124219115719,-0.00805992802847313,-0.000356172405932009,-0.0320043850674455
5401,"long_v3_CCD0.0.25",1.76076463275935,-0.045131679465876,-0.00163398509294653,-0.0796700927953834
5402,"long_v3_CCD0.0.25",1.73283073735308,-0.0122835432806593,0.0707322732428312,-0.10878293491704
5403,"long_v3_CCD0.0.25",2.07697153732019,-0.00021260985103111,0.0403381738259763,-0.0948168398933111
5404,"long_v3_CCD0.0.25",1.36438503907718,0.000799749583452173,0.0409105831786258,-0.0289018260682008
5405,"long_v3_CCD0.0.25",1.84894975839406,0.01829607441947,-0.00496580108799113,-0.0991970222465506
5406,"long_v3_CCD0.0.25",1.93689652573821,-0.00425519544382868,0.036901389376979,-0.0704128317918209
5407,"long_v3_CCD0.0.25",1.75742015335551,-0.00836421196465591,0.00282487754703742,-0.0587334858607346
5408,"long_v3_CCD0.0.25",1.9512896711032,-0.0456453472026891,0.0262494807178247,-0.0642218387019394
5409,"long_v3_CCD0.0.25",1.82172516914853,-0.00656681410565804,-0.0101969016423749,-0.0545845140237981
5410,"long_v3_CCD0.0.25",1.93101657522628,-0.00756103777475323,-0.00679883199133704,-0.121582220405552
5411,"long_v3_CCD0.0.25",1.82764226499823,-0.0264870257403252,-0.0169166884259484,-0.119236823286353
5412,"long_v3_CCD0.0.25",1.7064854638525,-0.0231849505955215,0.0277953008588022,-0.0635726341127283
5413,"long_v3_CCD0.0.25",1.72069249243162,0.0624026534215796,-0.0230823051586395,-0.0558872033133085
5414,"long_v3_CCD0.0.25",2.06578908646755,-0.0129261215661149,-0.000399012780915392,-0.104651148562943
5415,"long_v3_CCD0.0.25",1.83742240794055,-0.0218880208365241,-0.000270284190227091,-0.00286678032692004
5416,"long_v3_CCD0.0.25",1.80767064601551,0.0373958234664358,0.00537183386446245,-0.0038303957524707
5417,"long_v3_CCD0.0.25",1.99173503187871,0.0165994006594092,0.00253050047796934,-0.133168004424416
5418,"long_v3_CCD0.0.25",2.17264733527162,0.026346636005244,-0.0161917558435503,-0.132134550443419
5419,"long_v3_CCD0.0.25",1.92604865710639,-0.0164245182621127,0.0466352498556574,-0.0552017418326068
5420,"long_v3_CCD0.0.25",1.7754485050839,-0.0376086469306102,0.045308091002167,-0.0805226880975703
5421,"long_v3_CCD0.0.25",2.20254769007508,0.018312691205778,-0.00239923803071907,-0.0182991207340503
5422,"long_v3_CCD0.0.25",1.73469427068962,0.047604038038631,0.0181613560044489,-0.0689140673950027
5423,"long_v3_CCD0.0.25",1.93789142877558,-0.0202305047336371,0.0149649167286497,-0.204316090211636
5424,"long_v3_CCD0.0.25",1.9639875486036,0.0284363863573085,0.0343560038859681,-0.112075546132027
5425,"long_v3_CCD0.0.25",1.70457906420019,0.0188598688962617,0.0106395173817094,-0.0424917664073145
5426,"long_v3_CCD0.0.25",1.54834218353088,0.0292015222084215,0.0367209562158707,-0.0986769192525307
5427,"long_v3_CCD0.0.25",1.90232766286626,0.0473422309950972,0.0268110469739126,-0.0960137763910407
5428,"long_v3_CCD0.0.25",1.7543023771539,0.0466517284978224,-0.0335148438585695,-0.0647871663990275
5429,"long_v3_CCD0.0.25",1.47711297119774,0.0339802241682796,0.0571602329398742,-0.0539928724878241
5430,"long_v3_CCD0.0.25",1.83117296617431,-0.0254723992005503,-0.0108972763257235,-0.0963101752458127
5431,"long_v3_CCD0.0.25",1.83910902181294,-0.0388242379235968,-0.00790756194332026,-0.0153713077412732
5432,"long_v3_CCD0.0.25",1.71013525806155,-0.00401537010603309,0.0205495124364323,-0.0500419643034096
5433,"long_v3_CCD0.0.25",2.31130974881822,0.0421024946382524,0.0590201859921002,-0.118182620542682
5434,"long_v3_CCD0.0.25",1.91994290013594,0.0414568585547181,0.034511640871656,-0.0469966986964978
5435,"long_v3_CCD0.0.25",2.01011620555204,0.0412867856496857,0.0820014895861671,-0.102372796610504
5436,"long_v3_CCD0.0.25",2.16303065473136,-0.037681435854081,-0.00618073908105721,-0.0651726320481804
5437,"long_v3_CCD0.0.25",2.0385713607556,0.0266751050359849,0.0163420643511787,-0.079012117471226
5438,"long_v3_CCD0.0.25",2.25910748023678,0.0664000567450823,0.0405996382119378,-8.5347524035551e-05
5439,"long_v3_CCD0.0.25",1.61021083376299,-0.0529590218342435,-0.0791024132620789,-0.0627886033365084
5440,"long_v3_CCD0.0.25",2.14103848479604,0.0210664785393787,0.0069009100288106,-0.0212682750492568
5441,"long_v3_CCD0.0.25",2.14327290670725,0.00707113095817667,0.0145281869848715,-0.114547180553832
5442,"long_v3_CCD0.0.25",1.99031936881933,0.0749660543668914,-0.0321477861320525,-0.0153883903285583
5443,"long_v3_CCD0.0.25",1.89896196694108,-0.00128331133677843,0.0274010511929809,-0.116400196481414
5444,"long_v3_CCD0.0.25",1.71897142520916,0.00417930916693411,0.0448368882353765,-0.050354435322132
5445,"long_v3_CCD0.0.25",2.35860391065842,0.0692914830250872,0.0131755946051273,-0.167225499002786
5446,"long_v3_CCD0.0.25",1.9366078180932,0.00427739481961833,0.0166290651128021,-0.0894662816716605
5447,"long_v3_CCD0.0.25",2.08098628098308,0.011398597180039,0.0216765807282802,-0.0586212204853888
5448,"long_v3_CCD0.0.25",2.02713358991394,-0.00701866925445053,0.057699442651772,-0.00405919870968272
5449,"long_v3_CCD0.0.25",2.36350416362229,0.060486228313307,-0.0163924750312739,-0.148551374285475
5450,"long_v3_CCD0.0.25",2.04146433175488,-0.0491711669352642,-0.0721867036402019,-0.0827326250844976
5451,"long_v3_CCD0.0.25",1.5798645186805,-0.0123834566927617,0.0478334881100349,-0.118953002077326
5452,"long_v3_CCD0.0.25",1.81663246138623,-0.00975294391902766,-0.0360101296840866,-0.134982909372807
5453,"long_v3_CCD0.0.25",1.94327483379198,-0.0310750512543406,-0.0176975509545126,-0.0934812586201718
5454,"long_v3_CCD0.0.25",1.69066575682185,0.0514800485515868,0.0694396911856985,-0.0407036049141226
5455,"long_v3_CCD0.0.25",1.8748264458581,0.0282011869518,0.0350976302411248,-0.0213846199726132
5456,"long_v3_CCD0.0.25",1.67048850787657,-0.0210820051491149,0.00539007704975696,-0.0906345197357598
5457,"long_v3_CCD0.0.25",1.69103895067891,-0.0375787673806133,-0.00126811357355934,-0.0623017259723245
5458,"long_v3_CCD0.0.25",1.91546303222972,0.0313005384396365,0.00346886770609915,-0.0481903216351194
5459,"long_v3_CCD0.0.25",1.90664221814456,0.00511758089636917,-0.00525552602348759,-0.0891147820466192
5460,"long_v3_CCD0.0.25",1.78728587738567,-0.0542990019545696,0.0771046870297274,-0.0906577951808362
5461,"long_v3_CCD0.0.25",2.14579595401722,-0.00337074640117126,0.00727052974723345,-0.126776859381587
5462,"long_v3_CCD0.0.25",2.26511321704744,0.11310425747361,-0.036987047718093,-0.0471146952944992
5463,"long_v3_CCD0.0.25",2.09527735756333,-0.0066799567348619,0.0218552195566325,-0.0545970889373844
5464,"long_v3_CCD0.0.25",1.63865162733046,-0.000122586772234276,-0.078047464807587,-0.0435731883295061
5465,"long_v3_CCD0.0.25",2.07838107219739,0.10155134453894,-0.0403951815881183,-0.137346200381032
5466,"long_v3_CCD0.0.25",2.17755554807548,-0.00392070016614923,0.00126508901690831,-0.132550617541695
5467,"long_v3_CCD0.0.25",1.98549331759731,0.0016841824656303,0.0675938228018285,-0.0781035826643998
5468,"long_v3_CCD0.0.25",2.10900389259299,0.0240996363196086,0.000163899162971735,-0.0409496762479433
5469,"long_v3_CCD0.0.25",1.75799084373026,-0.0428583837481814,-0.0149797645835267,-0.0746014708709788
5470,"long_v3_CCD0.0.25",2.25371088554323,0.130988980407851,0.0103813499468679,-0.163815167899806
5471,"long_v3_CCD0.0.25",1.84541155639633,0.0155208970153674,0.0366004673212172,-0.00584974484104373
5472,"long_v3_CCD0.0.25",1.21533360030719,-0.00509237333163411,-0.00307856659297975,-0.0120317345467405
5473,"long_v3_CCD0.0.25",1.51070656074702,-0.0294335250299719,-0.00689392005381404,-0.10160234399291
5474,"long_v3_CCD0.0.25",1.9271624071121,0.0755043081104809,-0.0045620153233857,-0.0714670898435093
5475,"long_v3_CCD0.0.25",2.02019651382922,0.0518280254411078,0.0710536621748916,-0.027804337229481
5476,"long_v3_CCD0.0.25",1.44007016921895,0.0728013540061815,0.0721505571938857,-0.160080925395004
5477,"long_v3_CCD0.0.25",1.55395628364144,0.0121830257899656,0.011596847516614,-0.0944163400073411
5478,"long_v3_CCD0.0.25",2.22635146709126,-0.00376783040529748,0.00336863528905241,-0.0691211953187873
5479,"long_v3_CCD0.0.25",1.69180705678013,0.0067617401067038,0.0439264101988806,-0.126932527390019
5480,"long_v3_CCD0.0.25",2.00403181327659,-0.0436040282806161,-0.0186006110555601,-0.0589546986755586
5481,"long_v3_CCD0.0.25",2.09264085331173,-0.00381092677156621,-0.0259215685817171,-0.112470340486165
5482,"long_v3_CCD0.0.25",1.85327012252313,-0.0159876669511422,-0.0569455322237086,-0.15150431169868
5483,"long_v3_CCD0.0.25",1.97863754136245,0.0476355429553496,-0.00501511225334818,-0.0370588774163878
5484,"long_v3_CCD0.0.25",1.70376242128298,-0.0584584723070452,0.00394163527974484,-0.0469699446093317
5485,"long_v3_CCD0.0.25",1.59465031577881,0.0373142219144281,0.0268429894925002,-0.0900737820506253
5486,"long_v3_CCD0.0.25",1.97355901957556,-0.0925519869351365,0.0444349067215879,-0.159169162301502
5487,"long_v3_CCD0.0.25",2.20457486336512,-0.0424649569066734,0.109878043169186,-0.140090593250241
5488,"long_v3_CCD0.0.25",1.97905468411661,-0.0779479617486921,-0.0681535428923493,-0.0442078666949715
5489,"long_v3_CCD0.0.25",2.03984550990742,0.0489824988367703,0.04429582519247,-0.0710725936797653
5490,"long_v3_CCD0.0.25",1.99375651944289,-0.0168844768136028,0.0144753593990048,-0.0998850424831968
5491,"long_v3_CCD0.0.25",1.15469646466928,-0.0144691852495327,0.0460927812458567,-0.0780680599184179
5492,"long_v3_CCD0.0.25",1.44403264120603,-0.0290609469682805,0.0603430589012965,-0.0377184516470408
5493,"long_v3_CCD0.0.25",1.54097476284517,-0.00872003389614392,-0.00434608588767956,-0.0842317530839038
5494,"long_v3_CCD0.0.25",2.14659219348216,0.0291607305490709,0.0450689121962081,-0.148868122335236
5495,"long_v3_CCD0.0.25",2.03972918650652,0.00906433530363228,0.0377696348601336,-0.0956793277842436
5496,"long_v3_CCD0.0.25",1.90057063671019,0.0117871306992745,-0.0153891886538673,-0.109967720555548
5497,"long_v3_CCD0.0.25",2.06051859355165,0.0074432949853233,0.016521220564572,-0.101167823914813
5498,"long_v3_CCD0.0.25",1.70565062574911,-0.0342813151154076,0.0115128573725728,-0.0352265025208272
5499,"long_v3_CCD0.0.25",1.7927936259525,-0.00997457945682899,0.0699474940384095,-0.124560134765309
5500,"long_v3_CCD0.0.25",1.45191693908497,-0.0399363893228418,-0.0147831302271873,-0.0507298006121042
5501,"long_v3_CCD0.0.25",1.47911775135459,-0.017000519334383,0.0167931827699225,-0.102043969908601
5502,"long_v3_CCD0.0.25",1.67996247065775,-0.0108790557366273,0.0155089955122495,-0.0240149545649422
5503,"long_v3_CCD0.0.25",1.5457729344105,0.0221600032794509,0.0181568790162235,-0.0979959169700704
5504,"long_v3_CCD0.0.25",1.62203479666349,-0.0476050730392387,0.0150457105181708,-0.0285914833984905
5505,"long_v3_CCD0.0.25",1.74803765216878,0.00293482391792471,0.0764572992687452,-0.0352373355901044
5506,"long_v3_CCD0.0.25",1.90271142150252,-0.0395858003338284,0.0092274040094177,-0.10032123887717
5507,"long_v3_CCD0.0.25",1.8411545669684,-0.0170639749664357,0.098505127715565,-0.0785469764595086
5508,"long_v3_CCD0.0.25",2.23093585802216,0.0675468007892245,0.0279562073738566,-0.154844821615197
5509,"long_v3_CCD0.0.25",2.07224246645686,-0.0213120768111832,-0.0750745781315615,-0.186741885808697
5510,"long_v3_CCD0.0.25",1.90503486015046,0.0312016686641833,0.0775331978532056,-0.115729761124202
5511,"long_v3_CCD0.0.25",1.76127917976999,0.0389933912215696,0.0877842304792425,-0.0556739914436271
5512,"long_v3_CCD0.0.25",2.10721431664039,0.0349660026099144,0.0578332203400411,-0.103918346582156
5513,"long_v3_CCD0.0.25",1.96003585724209,0.0540719261540624,0.0405444723578829,-0.100069545654605
5514,"long_v3_CCD0.0.25",2.09554099324182,-0.0171817131992812,0.0288225716367788,-0.112593074446345
5515,"long_v3_CCD0.0.25",1.72243429204672,0.0215714929223571,0.0299563597646408,-0.084957368422202
5516,"long_v3_CCD0.0.25",1.75214475801908,-0.0348320395443532,-0.000913192208313486,-0.0499889081878118
5517,"long_v3_CCD0.0.25",2.1471981921579,-0.0152405815184187,0.0583452585160289,-0.0985398752317907
5518,"long_v3_CCD0.0.25",1.92062837642808,-0.0242404393183943,0.0128568124768098,-0.0520345872982363
5519,"long_v3_CCD0.0.25",1.69712159083842,-0.0267499998988278,-0.063761089869444,-0.206310772748659
5520,"long_v3_CCD0.0.25",1.89729927826813,-0.0461894286903234,0.0403154214990687,-0.0561739234922348
5521,"long_v3_CCD0.0.25",1.8713394794293,0.00932669251820544,0.0838835576920292,-0.0126272811017926
5522,"long_v3_CCD0.0.25",2.32269846235531,0.075342978214654,0.0205479818976788,-0.174860028623839
5523,"long_v3_CCD0.0.25",1.60713602388644,0.00965984105059106,0.0537946870823446,-0.0706269891866515
5524,"long_v3_CCD0.0.25",2.20979212655818,0.00500745966840433,-0.020140207415825,-0.0832317710077417
5525,"long_v3_CCD0.0.25",2.04379418024485,0.00578702015465052,-0.0303252361675856,-0.141993787538558
5526,"long_v3_CCD0.0.25",2.00126133940489,-0.0361672362984901,0.0046910636850836,-0.147204961363857
5527,"long_v3_CCD0.0.25",1.8874383449448,0.00460544466913227,-0.0197717309967379,-0.0396110664371972
5528,"long_v3_CCD0.0.25",1.79047318123429,-0.0107187221290367,0.0843001919995895,-0.011710381529065
5529,"long_v3_CCD0.0.25",0.988938592425568,-0.0213170432212352,-0.00248186892958411,-0.0941722423441096
5530,"long_v3_CCD0.0.25",1.97867182899715,0.00918071200503697,-0.00577330072059044,-0.127953788311058
5531,"long_v3_CCD0.0.25",2.01530524539627,0.0476072392578938,0.0478669453749495,-0.0936553794503877
5532,"long_v3_CCD0.0.25",2.04331800937511,-0.046004974064526,0.0466312939182815,-0.0575268931994454
5533,"long_v3_CCD0.0.25",2.0978955925796,0.0336700941951224,0.0680464512174071,-0.097934003779253
5534,"long_v3_CCD0.0.25",1.79390437507184,0.0526762935194485,-0.000973175887186725,-0.0363454033247145
5535,"long_v3_CCD0.0.25",1.82183433075835,-0.0456620846495565,-0.0439806675910014,-0.111773311267584
5536,"long_v3_CCD0.0.25",1.57735432505432,0.0216513780599235,0.0501423599596704,-0.0684179285842858
5537,"long_v3_CCD0.0.25",1.91920167211582,0.00931767026286268,0.160973270564745,-0.149360208515863
5538,"long_v3_CCD0.0.25",1.94231811978612,-0.00701506778029806,0.0196375290951659,-0.0869554271181239
5539,"long_v3_CCD0.0.25",2.0164219443038,0.0504157851107283,0.0376143244445678,-0.152133202129672
5540,"long_v3_CCD0.0.25",1.8480542686744,0.0223576859907814,0.0499781878990217,-0.148985197456231
5541,"long_v3_CCD0.0.25",1.75400204093913,0.0121606475319365,0.0156036220463642,-0.0560542651290934
5542,"long_v3_CCD0.0.25",1.85367821352994,0.0646961687134312,-0.0377454596741236,-0.0434104865442232
5543,"long_v3_CCD0.0.25",1.60251582621156,-0.0671374744501405,0.0857825370036702,-0.0304202607189682
5544,"long_v3_CCD0.0.25",1.7809117228477,0.0259701913650587,0.0421686476089246,-0.116961076682969
5545,"long_v3_CCD0.0.25",1.69014138164842,-0.0632797387442121,0.0427923748354583,-0.0499859016237304
5546,"long_v3_CCD0.0.25",1.91277941605552,0.0574573809747463,-0.0220930707277881,-0.0672804465131998
5547,"long_v3_CCD0.0.25",1.97986128837299,0.000675808430607787,0.084370118868499,-0.119369381236445
5548,"long_v3_CCD0.0.25",1.99794866744616,-0.0237070322876878,-0.00434315330796827,-0.0364929873717904
5549,"long_v3_CCD0.0.25",1.72472398786149,0.0203362443538007,0.0504233274364501,-0.0781024716209109
5550,"long_v3_CCD0.0.25",1.7481092923577,-0.0243856659342475,0.0545162691426672,-0.0497596133073843
5551,"long_v3_CCD0.0.25",1.92227979736039,0.00818794290666999,0.0542670015244603,-0.00245664055172591
5552,"long_v3_CCD0.0.25",1.68637588880809,0.0770752761616685,0.0369416452554498,-0.149085736647243
5553,"long_v3_CCD0.0.25",1.87164600584575,-0.0509471417231228,0.00925509446649629,-0.0454698220873122
5554,"long_v3_CCD0.0.25",1.85714739812095,0.0383850925452782,0.0522459231661868,-0.0451309307394217
5555,"long_v3_CCD0.0.25",1.78523949222552,-0.0193493318726432,0.0181542628376551,-0.0792665332430327
5556,"long_v3_CCD0.0.25",1.9227616928834,0.0560863460540769,-0.000408327630673166,-0.176028242837671
5557,"long_v3_CCD0.0.25",1.89449303584078,0.0373894892032772,0.00324816569571016,-0.131255523567613
5558,"long_v3_CCD0.0.25",2.09738811388781,0.0160757380938216,0.0221457558677202,-0.119115239578393
5559,"long_v3_CCD0.0.25",1.81061952269684,0.012546824381401,0.0456076685819222,-0.0408850681912592
5560,"long_v3_CCD0.0.25",1.81892596907054,-0.0302408889171983,0.00355154952082385,0.0272858081251984
5561,"long_v3_CCD0.0.25",1.86432019929934,0.0473597838077225,-0.0547227987978909,-0.193662243383208
5562,"long_v3_CCD0.0.25",2.14273777278814,-0.0254230002275182,0.0352844585936454,-0.0823297187779596
5563,"long_v3_CCD0.0.25",1.91746391856097,0.0521358909832339,0.00137011441883432,-0.0983914239049155
5564,"long_v3_CCD0.0.25",1.78111468621758,0.0397064115977247,0.0462015839270061,-0.0831378757856134
5565,"long_v3_CCD0.0.25",1.41833413810312,0.0202631677560486,-0.0212431640718466,-0.0217180248624664
5566,"long_v3_CCD0.0.25",1.8646613658439,-0.0155484951111067,0.0245870291025713,-0.101799702684836
5567,"long_v3_CCD0.0.25",1.93199100076161,0.0125731973092333,0.0273139382756753,-0.0748634847894637
5568,"long_v3_CCD0.0.25",2.28558262725128,0.00109110425890609,0.0107376587817268,-0.038171387216112
5569,"long_v3_CCD0.0.25",2.14012188168362,0.02656203781307,0.00792193725173711,-0.0286243471262559
5570,"long_v3_CCD0.0.25",1.92627077817172,0.020853084025201,-0.0238578542910354,-0.128227212108368
5571,"long_v3_CCD0.0.25",1.8205111443271,-0.0413418744878439,-0.00622623108403588,-0.148041160610114
5572,"long_v3_CCD0.0.25",1.86440762426769,-0.0416831288541595,0.05921539812776,0.00679914456490282
5573,"long_v3_CCD0.0.25",1.94210696058198,0.0054250957393833,-0.000751704414512426,-0.0229346601422821
5574,"long_v3_CCD0.0.25",1.85866251657195,0.00902858349148149,0.0385292929849048,-0.0480986811108733
5575,"long_v3_CCD0.0.25",1.7209352866253,-0.0467527632078384,-0.0498020964386052,-0.0172352889467573
5576,"long_v3_CCD0.0.25",1.83238336918833,0.037850781140865,-0.0371842613689038,-0.14122128350798
5577,"long_v3_CCD0.0.25",1.78406818477202,0.0412659021376869,-0.00760607047220448,-0.0295787103489702
5578,"long_v3_CCD0.0.25",2.21901953028421,-0.0227895450580172,0.00695809085556413,-0.117208146292188
5579,"long_v3_CCD0.0.25",1.63893846128574,0.00669288777732434,0.105093047057649,-0.0556515689211477
5580,"long_v3_CCD0.0.25",1.55497760384281,0.0145130912887986,0.0271644268929783,-0.103088628278047
5581,"long_v3_CCD0.0.25",1.79398241424248,0.010587397885574,0.0366864045842811,-0.099260031855836
5582,"long_v3_CCD0.0.25",1.93603792797088,0.0801856808942782,0.0157354369183047,-0.0307507907858193
5583,"long_v3_CCD0.0.25",1.8099384174705,0.0461384721452722,0.0217852399069027,-0.160164392825355
5584,"long_v3_CCD0.0.25",2.01405847774601,0.0387925284820413,0.0430725620077397,-0.0866425577552879
5585,"long_v3_CCD0.0.25",1.73702409579841,0.0523480552801018,-0.0234872010967474,-0.124731520479264
5586,"long_v3_CCD0.0.25",1.5271518763315,0.066369570771884,-0.00726240173370969,-0.146895792498468
5587,"long_v3_CCD0.0.25",2.07292776909746,0.0148581660136374,-0.0166112626649713,-0.123684949930263
5588,"long_v3_CCD0.0.25",1.83817988572509,0.0312630084796711,-0.0116728279960547,-0.049332739665165
5589,"long_v3_CCD0.0.25",2.11118640124434,-0.0123286890316759,0.00284581683956974,-0.0534792315084498
5590,"long_v3_CCD0.0.25",1.90962403385472,0.140747848815054,0.0435203825316586,-0.123933789421897
5591,"long_v3_CCD0.0.25",1.28027126133278,0.00524580911570503,0.0488400272016014,-0.0748069712072159
5592,"long_v3_CCD0.0.25",2.01408965462067,0.0234178540645669,0.0687451725523918,-0.0909487555878642
5593,"long_v3_CCD0.0.25",1.76268302769973,-0.0587773256997819,-0.0163583221316342,-0.057796994924754
5594,"long_v3_CCD0.0.25",2.06268078977613,0.0315290974303981,0.00925985212986842,-0.064216132147265
5595,"long_v3_CCD0.0.25",1.51118154340193,0.0102461328487028,0.0259063017837324,-0.108106999422741
5596,"long_v3_CCD0.0.25",1.84104599660402,-0.0271601521677264,0.0367195049046872,-0.122906493668729
5597,"long_v3_CCD0.0.25",1.85325384989782,-0.0406941167881066,-0.0122488102152924,-0.0118649084745607
5598,"long_v3_CCD0.0.25",2.02117197883138,-0.0113667664788807,0.0710381297986002,-0.123483508218066
5599,"long_v3_CCD0.0.25",2.07623563133655,0.00849690902440231,0.0134990362225752,-0.177813077608295
5600,"long_v3_CCD0.0.25",1.80881900033613,-0.0496804492244295,0.0248811546219158,-0.0866699118093336
5601,"long_v3_CCD0.0.25",1.96821689074707,0.0268649665422611,0.0373618542430086,-0.114025779257064
5602,"long_v3_CCD0.0.25",1.84812484790605,-0.0212111916581138,0.0318374726345813,-0.0559880490782285
5603,"long_v3_CCD0.0.25",1.44935443901077,0.0430074826457394,-0.0182977721522862,0.00467799378280635
5604,"long_v3_CCD0.0.25",1.97088453652698,0.00995586403079956,-0.0145788419116461,-0.0619386343473172
5605,"long_v3_CCD0.0.25",2.11273882233961,0.00370727256911152,0.0383790183805132,-0.00618967701177685
5606,"long_v3_CCD0.0.25",2.35810404611924,0.0670181964119645,0.0358458442774718,-0.0969554447972152
5607,"long_v3_CCD0.0.25",2.12373645239767,-0.00252005976202097,0.00997598161162652,-0.0879443969658661
5608,"long_v3_CCD0.0.25",1.91061967553101,0.0183622887975237,0.0149153667778937,-0.0675184542075477
5609,"long_v3_CCD0.0.25",2.10522787733255,0.0313565240977051,0.0974741768309597,-0.0512714030378875
5610,"long_v3_CCD0.0.25",2.24360397240423,-0.0129816960272997,0.0148240443537641,-0.0712816850917831
5611,"long_v3_CCD0.0.25",2.19101948664482,0.0217264031749958,0.0255488926809708,-0.0711181264944741
5612,"long_v3_CCD0.0.25",2.01033866407493,0.0495656052747736,0.0364912208070662,0.00394352787601191
5613,"long_v3_CCD0.0.25",1.99250288223198,-0.0050208355259454,-0.0119263258107405,-0.159875483771017
5614,"long_v3_CCD0.0.25",1.82267267883534,-0.0407271233077553,0.00928717886364291,-0.0221686725541158
5615,"long_v3_CCD0.0.25",1.83814996408848,-0.000931015458766638,0.0386071873034364,-0.0415598540619591
5616,"long_v3_CCD0.0.25",1.85828758364596,-0.02410824619649,0.0301051651393719,-0.110154402834384
5617,"long_v3_CCD0.0.25",1.81377228003925,0.0357192219190185,0.0120334328391437,-0.0862402188400486
5618,"long_v3_CCD0.0.25",1.99341969131538,-0.0303536433348476,-0.0162071872458998,-0.124284713633083
5619,"long_v3_CCD0.0.25",1.61730388707313,0.00870914019652762,0.0932367431678555,-0.0800129749881558
5620,"long_v3_CCD0.0.25",1.76222286027185,-0.00765058607444188,0.0273363595105288,-0.0362035149875025
5621,"long_v3_CCD0.0.25",1.99258294126277,0.0174119467088288,-0.00960712371392039,-0.0235532625293947
5622,"long_v3_CCD0.0.25",2.16897604956666,-0.0425855466176453,-0.00921953519048082,-0.155503026548629
5623,"long_v3_CCD0.0.25",2.23175908085951,0.0522962318163816,0.0853276253431198,-0.126572160928373
5624,"long_v3_CCD0.0.25",1.92672776823287,-0.00703880119603636,0.0073838800214727,-0.0849981515645329
5625,"long_v3_CCD0.0.25",1.95682435291849,0.0303005111830202,0.00463722337936929,-0.00604644143637326
5626,"long_v3_CCD0.0.25",1.92841473359947,0.0441718502611633,0.00964414572391502,-0.0280381560910705
5627,"long_v3_CCD0.0.25",1.89903616086887,0.00270218437684728,-0.059579438088417,-0.168084653474477
5628,"long_v3_CCD0.0.25",1.7726563078121,-0.0273470214472677,0.0280151141929132,-0.128332650980112
5629,"long_v3_CCD0.0.25",1.86061945865547,0.0650932512378876,0.0640436836055606,-0.162407994710634
5630,"long_v3_CCD0.0.25",1.66597802697924,-0.0276681574662346,-0.0100844261424507,-0.0270259179881053
5631,"long_v3_CCD0.0.25",2.16886552482281,-0.0248276333836384,0.0306574563280097,-0.161378964634489
5632,"long_v3_CCD0.0.25",1.81866110831797,0.055229420354735,0.049011081452094,-0.141422703871178
5633,"long_v3_CCD0.0.25",1.56476937803951,-4.4329359667793e-06,0.0513905572942758,-0.104300902749423
5634,"long_v3_CCD0.0.25",2.05715700200754,-0.0159683169393408,0.0745892410052306,-0.0688518370342952
5635,"long_v3_CCD0.0.25",2.02846634929894,0.0633996848107719,0.000272502591015286,-0.0492090813371768
5636,"long_v3_CCD0.0.25",1.99099640740503,0.0711637383880592,0.0242538556225083,-0.0876272580325826
5637,"long_v3_CCD0.0.25",1.50464362513212,0.0278801968844251,0.0315783042753437,-0.0932704983328453
5638,"long_v3_CCD0.0.25",2.04825257880703,0.000774311810251994,-0.0162788317236122,-0.0766194175975123
5639,"long_v3_CCD0.0.25",1.95100199881855,0.00266649616956048,0.0301288530279017,-0.184654169392627
5640,"long_v3_CCD0.0.25",2.27148062563587,-0.0285699648689312,0.00967975219854648,-0.126207082276581
5641,"long_v3_CCD0.0.25",1.63493010942646,-0.00990837986468762,0.0544942071232868,-0.0599692439212187
5642,"long_v3_CCD0.0.25",1.63234228603755,-0.00487839867925804,0.0603173622603326,-0.147851487324272
5643,"long_v3_CCD0.0.25",1.99279106306903,0.0186063849494227,0.0301935074602869,-0.101838107116542
5644,"long_v3_CCD0.0.25",1.78604342319303,0.0201515109897431,0.00936448888749314,-0.179601858942561
5645,"long_v3_CCD0.0.25",1.72029598113072,-0.0146676785783954,0.105399599557688,-0.090654489108991
5646,"long_v3_CCD0.0.25",2.07205446097924,0.0705744969958121,-0.0371865702304334,-0.138237470609605
5647,"long_v3_CCD0.0.25",1.64058158655386,-0.0250213645816293,0.0371483823622666,-0.0310473755449073
5648,"long_v3_CCD0.0.25",1.90153439681258,0.044980156648352,-0.0532749139133339,-0.0934407315804746
5649,"long_v3_CCD0.0.25",1.84490554241749,0.019138176591768,0.0157410086365336,-0.079118713337472
5650,"long_v3_CCD0.0.25",1.98793994617419,0.0535418946328249,0.00114903735678386,-0.152142010191811
5651,"long_v3_CCD0.0.25",1.94851680042805,-0.00981519566358156,0.0362519452900702,-0.0947779633523754
5652,"long_v3_CCD0.0.25",1.79154339466346,-0.0445517994986379,0.00349309005732568,-0.0361561091481426
5653,"long_v3_CCD0.0.25",1.70423652920717,-0.0114307205323231,0.0421743504290833,-0.093194268866247
5654,"long_v3_CCD0.0.25",1.65690897692243,-0.0260354707746666,-0.0439694259351343,-0.0832442835303176
5655,"long_v3_CCD0.0.25",1.76514308880455,0.0494977339817858,0.0188783199939807,-0.11309095860956
5656,"long_v3_CCD0.0.25",1.89197628972932,0.0054098350874639,0.0395689193438825,-0.0863980716812317
5657,"long_v3_CCD0.0.25",1.98035882000435,0.0175391135294127,0.091118846503917,-0.0284934009823569
5658,"long_v3_CCD0.0.25",1.77986307457218,0.0226257740510929,0.00812215135520141,-0.0721092551087511
5659,"long_v3_CCD0.0.25",1.9465231099982,0.0495617582618696,-0.0183221275871347,-0.104828468426083
5660,"long_v3_CCD0.0.25",1.94535877219227,-0.00157517175994928,-0.00311935141049712,-0.162578506784891
5661,"long_v3_CCD0.0.25",1.81441211167622,0.0590624493240807,0.00510978906183771,-0.094385514562564
5662,"long_v3_CCD0.0.25",2.31448362336302,0.0350524939651274,0.0127358458246156,-0.0299974249492845
5663,"long_v3_CCD0.0.25",1.92590972863602,0.0345980011866127,0.0966113874711821,-0.0357124318216178
5664,"long_v3_CCD0.0.25",2.05914642735957,-0.0468122945651502,-0.0393860567732497,-0.0740466413211654
5665,"long_v3_CCD0.0.25",2.07634149762129,0.0104864459894427,-0.00502122979439321,-0.116683289868349
5666,"long_v3_CCD0.0.25",1.97316458646934,0.0491369493840556,0.0397423740863685,-0.123492210552532
5667,"long_v3_CCD0.0.25",1.86325651148019,0.0281656788798866,0.00693035818374494,0.0068403173104457
5668,"long_v3_CCD0.0.25",1.99059440981665,-0.00608945726071582,0.0318979792829737,-0.0773749218950645
5669,"long_v3_CCD0.0.25",1.9093615445223,-0.100145770150163,-0.00244377600304432,-0.100184262415065
5670,"long_v3_CCD0.0.25",1.99393710693381,0.00579697664635248,0.0463738012310219,-0.167914831653203
5671,"long_v3_CCD0.0.25",1.3353627376722,-0.0484915598487467,0.00710868722861688,-0.0293033639560345
5672,"long_v3_CCD0.0.25",1.44450172179544,-0.0175336111054556,-0.0237813638310876,-0.0618997870685376
5673,"long_v3_CCD0.0.25",2.16398016221733,0.0155027509552163,0.0346713975050285,-0.14147443151305
5674,"long_v3_CCD0.0.25",2.07907674266388,0.00585873299215326,0.0926595913736203,-0.0251788543503305
5675,"long_v3_CCD0.0.25",1.55441342945416,-0.0242312290797458,-0.0147322970276208,-0.105520246232918
5676,"long_v3_CCD0.0.25",2.07999980677638,0.0454863804954846,0.00806655294085787,-0.124472909958326
5677,"long_v3_CCD0.0.25",1.9652871761694,0.0120736987311903,-0.0305132018005457,-0.0879863370224028
5678,"long_v3_CCD0.0.25",2.01112954027492,0.00682779294564628,0.0533212655070786,-0.106688474776994
5679,"long_v3_CCD0.0.25",1.73418138326606,0.0395613709034231,0.0640149734368701,-0.0470854045069374
5680,"long_v3_CCD0.0.25",1.68130221419749,0.0227623499682895,0.0338244813350914,-0.0789802268661829
5681,"long_v3_CCD0.0.25",2.09024811507228,0.0231727194366087,0.0425618828136516,-0.0556624496878137
5682,"long_v3_CCD0.0.25",1.9702063313724,0.125605041025076,0.0269874149023999,-0.0917779435978154
5683,"long_v3_CCD0.0.25",1.84726358868816,-0.0181758438210546,0.0424383854251085,-0.0550967955977502
5684,"long_v3_CCD0.0.25",1.62298291504596,0.0227744377434822,0.00376991409136889,-0.0845569094100793
5685,"long_v3_CCD0.0.25",1.99546274132053,0.0470300960588246,0.0493101047355416,-0.0793303233595852
5686,"long_v3_CCD0.0.25",1.97595421225832,0.002498164034978,-0.00168754310426475,-0.128148932755309
5687,"long_v3_CCD0.0.25",1.75856888878711,0.0793762245134449,0.103731744532463,-0.0747485157771027
5688,"long_v3_CCD0.0.25",1.80184097929667,-0.0160636800079227,0.0348893210075982,-0.0762922124138897
5689,"long_v3_CCD0.0.25",1.38516948201179,0.0215112641300388,0.0116591505450718,-0.101391218057081
5690,"long_v3_CCD0.0.25",1.94367675176502,0.0486632892522834,-0.0136437567100156,-0.0849497644678949
5691,"long_v3_CCD0.0.25",1.8141769158755,0.0580636120302586,0.0189401353349226,-0.147119421218716
5692,"long_v3_CCD0.0.25",2.17113473621469,0.00809872527295118,-0.0226927017782406,-0.0671304190292171
5693,"long_v3_CCD0.0.25",2.0538955280866,-0.00748057702400312,0.0840370765055707,-0.147132964209927
5694,"long_v3_CCD0.0.25",1.76231931997091,-0.015403057833462,0.0467604965872973,-0.00699354199742721
5695,"long_v3_CCD0.0.25",2.26665046695484,0.0380597953457068,-0.00486460574988559,-0.0798437333228506
5696,"long_v3_CCD0.0.25",1.83736054252431,0.0484177460932941,0.0296210710914356,-0.0529175173569648
5697,"long_v3_CCD0.0.25",2.00401410633372,0.0640800370691802,0.0382132951789667,-0.132704643305881
5698,"long_v3_CCD0.0.25",2.14890759388018,0.058554744602615,0.0214802449150324,-0.0437250410389547
5699,"long_v3_CCD0.0.25",1.78756895715352,0.0229533104007396,0.0513187523989825,-0.0232418435329994
5700,"long_v3_CCD0.0.25",1.66845312786451,-0.00670576895303446,0.0967858061533265,-0.0310965591185029
5701,"long_v3_CCD0.0.25",2.15055983186804,0.0133509124319848,0.0553860070807584,-0.0903135522637517
5702,"long_v3_CCD0.0.25",2.31668167287623,0.0244300248159617,0.0428318911408627,-0.0494484824414253
5703,"long_v3_CCD0.0.25",1.97307378885891,0.0187129016745989,0.0232605230020919,-0.0727652072877183
5704,"long_v3_CCD0.0.25",1.96141259485221,-0.0104914394588199,0.0321588097130911,-0.109422217669485
5705,"long_v3_CCD0.0.25",2.04235303406819,0.013739186844374,-0.0316874917144231,-0.0506684548961365
5706,"long_v3_CCD0.0.25",1.84128499126427,-0.00325075821902971,0.0451962532456356,-0.17052691450363
5707,"long_v3_CCD0.0.25",1.50174856244675,0.00774361596416792,0.0494640737313173,-0.0540094061313963
5708,"long_v3_CCD0.0.25",1.94534244681031,0.00330182198495371,0.120522622393914,-0.0919563439828555
5709,"long_v3_CCD0.0.25",2.34033003156678,-0.00982163072812053,0.000102352034726583,-0.144203356448513
5710,"long_v3_CCD0.0.25",1.87186894464456,0.00330911093602557,0.0161460594934998,-0.122995748199542
5711,"long_v3_CCD0.0.25",2.13691756269266,0.044138988971737,-0.0437734782119874,-0.1283887150095
5712,"long_v3_CCD0.0.25",1.97316274156807,0.0310373859955404,-0.0051407457071509,-0.136122857709899
5713,"long_v3_CCD0.0.25",1.77936178586653,0.0209987088429789,-0.015414398584801,-0.0676954232970294
5714,"long_v3_CCD0.0.25",1.9917146843319,0.0481835593374343,0.00977105909364538,-0.0387427055016564
5715,"long_v3_CCD0.0.25",2.09971454890933,-0.0557602675042123,0.0439384715526633,0.0135703597837699
5716,"long_v3_CCD0.0.25",2.14273356936852,-0.0134197336985696,-0.0253863483810774,-0.119453039530473
5717,"long_v3_CCD0.0.25",1.71240760966362,0.0696172882293309,-0.00603336394303889,-0.118358182326991
5718,"long_v3_CCD0.0.25",1.94475597788482,0.108794338763184,-0.00245135141138971,-0.135938036119734
5719,"long_v3_CCD0.0.25",1.80584562327993,0.0147100178969673,-0.0249023337200835,-0.154483908005672
5720,"long_v3_CCD0.0.25",2.00934260306144,-0.0371506415176029,0.0457997702770111,-0.0415123574675109
5721,"long_v3_CCD0.0.25",1.57495162962899,-0.0281538784119024,0.0653776139457817,-0.0423433195277451
5722,"long_v3_CCD0.0.25",1.66853420410644,0.0120720401751727,0.0307091729655644,-0.0358765794262884
5723,"long_v3_CCD0.0.25",2.09056797988223,0.0260907477197724,0.0616835629593626,-0.115909407833905
5724,"long_v3_CCD0.0.25",1.91233139412271,-0.0161511434617274,0.059010054340267,-0.119014301656778
5725,"long_v3_CCD0.0.25",1.85713806670632,0.00770589258892164,-0.0138169710678064,-0.0568996812222011
5726,"long_v3_CCD0.0.25",1.86013967427515,0.00262937709433812,-0.0130075682607999,-0.0550862330688912
5727,"long_v3_CCD0.0.25",2.05238860265533,-0.042746601826161,0.0707562730814479,-0.051990802113308
5728,"long_v3_CCD0.0.25",1.64735523422125,0.00295710633016346,0.0667758343178864,0.00823331896925622
5729,"long_v3_CCD0.0.25",1.91917662790658,-0.0049587423267176,0.0257746086149189,-0.0733188759769058
5730,"long_v3_CCD0.0.25",2.08514029630052,0.0272167115210601,0.0872797307151953,-0.0684316643133685
5731,"long_v3_CCD0.0.25",1.85039727318838,0.0611710646959901,-0.0298039736671503,-0.0395426724835018
5732,"long_v3_CCD0.0.25",1.81601046494417,0.00216301581618067,-0.00657862869034651,-0.106400803130305
5733,"long_v3_CCD0.0.25",2.036589199475,0.0902909619927612,0.0889094904005808,-0.0720959864157279
5734,"long_v3_CCD0.0.25",2.03066029520971,0.0116781846885208,0.045430084749612,-0.0907843453074793
5735,"long_v3_CCD0.0.25",1.84233514476016,0.0501043988492531,0.00867649776819079,-0.118499918215107
5736,"long_v3_CCD0.0.25",1.71830717480086,-0.0103391294520055,0.0679356584837074,-0.0630732500487355
5737,"long_v3_CCD0.0.25",1.7133844567766,-0.0364917306628584,0.0207253064593624,-0.0562584458025656
5738,"long_v3_CCD0.0.25",1.67433883867214,0.00748235491722021,0.0572689723395967,-0.0591835098300792
5739,"long_v3_CCD0.0.25",2.12678257861989,0.0666402301822222,0.0365984771879692,-0.134325579163405
5740,"long_v3_CCD0.0.25",1.8628069415274,0.0350409824175383,0.0468400526010865,-0.0975995430370717
5741,"long_v3_CCD0.0.25",1.96309321067273,0.0180106132593688,0.0288672554841341,-0.0704929944976871
5742,"long_v3_CCD0.0.25",2.10311023846343,-0.0234187466685423,-0.0750552379155209,-0.135814447665426
5743,"long_v3_CCD0.0.25",1.96174702357638,0.0221294638624121,0.00782295785764507,-0.0757964954038791
5744,"long_v3_CCD0.0.25",1.71908512396392,0.084209064373643,-0.0783434727783048,-0.030962367937543
5745,"long_v3_CCD0.0.25",2.12900554817918,-0.000665994408821897,0.040690638909038,-0.13619438867017
5746,"long_v3_CCD0.0.25",1.92417159236577,0.00498640445049047,0.00424089855830607,-0.168689777644215
5747,"long_v3_CCD0.0.25",1.78482575552809,0.0265317849850744,-0.00985152645739878,-0.112068370575246
5748,"long_v3_CCD0.0.25",1.78865540223594,-0.0729082715305538,0.000219995716359229,-0.0568406319274247
5749,"long_v3_CCD0.0.25",2.17866448453888,0.0414867220037686,0.105880521174584,-0.0617923841995382
5750,"long_v3_CCD0.0.25",1.86632289256303,0.0182275366406029,0.0271622953826925,-0.0357520759323239
5751,"long_v3_CCD0.0.25",2.00002728271722,0.0563427105178234,0.00553772627825474,-0.0977517818315216
5752,"long_v3_CCD0.0.25",2.07604102838457,0.0343867633282778,-0.0743803385234654,-0.0673235421059098
5753,"long_v3_CCD0.0.25",1.76744064792038,0.0565716285253444,-0.0073683175825351,-0.129669601826532
5754,"long_v3_CCD0.0.25",2.21282321911574,0.109501531730347,0.0161559503949541,-0.00888182997134636
5755,"long_v3_CCD0.0.25",1.62562595861931,-0.0395326623551883,0.00394890712821874,-0.121851500765972
5756,"long_v3_CCD0.0.25",0.968680707896162,-0.0110283275696968,0.096521930453583,-0.0599059544039848
5757,"long_v3_CCD0.0.25",1.72388099164151,-0.0270307850719904,-0.00282138760788856,-0.0960189616450252
5758,"long_v3_CCD0.0.25",2.40222777317116,-0.0101623353845124,0.0185723119057333,0.0262556015510116
5759,"long_v3_CCD0.0.25",2.13704116555119,0.062202821300212,0.0596382745745455,-0.139173676498248
5760,"long_v3_CCD0.0.25",1.95304930151547,0.0678918167569212,0.0739730163457094,-0.103558328843304
5761,"long_v3_CCD0.0.25",1.93541260561049,0.116485225198269,0.0741590972260027,-0.105666615708417
5762,"long_v3_CCD0.0.25",2.08234231202581,0.0767709138258262,-0.0521614913354749,-0.161660661473633
5763,"long_v3_CCD0.0.25",1.54040973643234,-0.00973782821990371,0.0342179477297945,-0.0573401430744933
5764,"long_v3_CCD0.0.25",1.72518648252664,0.0111566782395479,0.0553006657383178,-0.0881488093820817
5765,"long_v3_CCD0.0.25",2.15958691540017,0.0534559502040877,0.0207911517927034,-0.12309769526666
5766,"long_v3_CCD0.0.25",1.80821449862923,0.0698630921271346,-0.0212419739005543,-0.0266198991533189
5767,"long_v3_CCD0.0.25",1.41319461177275,0.0460862431951689,0.0425166583118092,-0.0396229750727613
5768,"long_v3_CCD0.0.25",2.07865924059138,0.0246366362429739,-0.0030121313046393,-0.0955558497682135
5769,"long_v3_CCD0.0.25",1.91817958199484,0.0673503364668316,-0.012107296894358,-0.108139729246294
5770,"long_v3_CCD0.0.25",2.14903470621737,0.068303414885604,-0.0543417221304913,-0.0767923727766153
5771,"long_v3_CCD0.0.25",1.69521250040608,-0.0136971384669866,0.0106193628878293,-0.0782370315165076
5772,"long_v3_CCD0.0.25",1.60576960831831,-0.0623634064582633,-0.0265968044298561,-0.0678254304450018
5773,"long_v3_CCD0.0.25",1.75224699982405,0.0414571285389256,0.0312018235642109,-0.113211902514065
5774,"long_v3_CCD0.0.25",1.58474403117911,-0.00115503436585446,-0.000266713572344091,-0.0742896551978685
5775,"long_v3_CCD0.0.25",1.81453809470626,0.0397358135086743,-0.00541831704157823,-0.0870641074276634
5776,"long_v3_CCD0.0.25",1.42480865598387,0.00122783605211242,-0.0532991104820335,-0.027652230254509
5777,"long_v3_CCD0.0.25",1.89503447076846,0.0209339191235677,-0.00783062083446021,-0.0207143407975823
5778,"long_v3_CCD0.0.25",1.53799171011973,-0.0944708419117301,0.0806504088819514,-0.0200888861853742
5779,"long_v3_CCD0.0.25",2.02726406150365,0.0472462292870522,0.0491027183907353,-0.0617929397202123
5780,"long_v3_CCD0.0.25",1.9621342402246,0.0311267948158844,0.033767957082254,-0.0737342729475148
5781,"long_v3_CCD0.0.25",1.95152538331747,-0.00118821417614027,-0.00766242473915035,-0.0364014939960564
5782,"long_v3_CCD0.0.25",2.08621688541082,-0.0353202929143009,0.048290275609854,-0.183602148554842
5783,"long_v3_CCD0.0.25",1.37843076717122,-0.0975964043928489,0.00195451879963807,-0.0947795762616933
5784,"long_v3_CCD0.0.25",1.65199005217721,0.0116323797048879,0.0889594272615821,-0.0372315185600376
5785,"long_v3_CCD0.0.25",1.9965903702127,-0.0106079042414645,0.0404587501178086,-0.0618374344169702
5786,"long_v3_CCD0.0.25",1.97239627311548,0.0474311436008815,-0.00923784628073119,-0.0929049500629983
5787,"long_v3_CCD0.0.25",1.86051599525756,0.0658256132121035,-0.0206940358460646,-0.0963017281986007
5788,"long_v3_CCD0.0.25",1.97420356465945,-0.000553950165952617,0.00481319442725333,-0.10695898249283
5789,"long_v3_CCD0.0.25",1.86153113976143,0.010848756375974,0.00126386222419666,-0.144299971430936
5790,"long_v3_CCD0.0.25",2.00594895837783,-0.00223462723630671,0.0532218491514137,-0.0395750385696865
5791,"long_v3_CCD0.0.25",1.62265293502259,-0.00639427979246312,0.0406061628319064,-0.191506177356077
5792,"long_v3_CCD0.0.25",2.14403055389551,0.0184546696186745,0.0337043323768716,-0.137393583897354
5793,"long_v3_CCD0.0.25",2.22201594872274,0.0753237881980666,0.0135639638998397,-0.137200775370596
5794,"long_v3_CCD0.0.25",1.13547094009653,-0.0955046789011489,-0.00162602441672192,0.0219122849457418
5795,"long_v3_CCD0.0.25",1.92474336644225,-0.00644911623527094,0.00380343976005371,-0.100796542916323
5796,"long_v3_CCD0.0.25",2.05606275216132,0.0473098466078179,0.0281819650596617,-0.15601645320352
5797,"long_v3_CCD0.0.25",1.405998957738,-0.047814310189765,-0.0431164472134902,-0.0395308002482251
5798,"long_v3_CCD0.0.25",1.57943620873949,0.0701578600051762,0.0410554157667419,-0.0730381733215416
5799,"long_v3_CCD0.0.25",1.95213354861398,0.00986236985959829,-0.00671976413141075,-0.120575967147033
5800,"long_v3_CCD0.0.25",2.1231518506335,0.0525841198891286,0.00262092191538381,-0.0740582003130079
5801,"long_v3_CCD0.0.25",1.51563627962259,-0.0211697137840623,-0.0639019317948569,-0.0624805217056021
5802,"long_v3_CCD0.0.25",1.61393397918957,-0.00314711043557768,-0.012625436226553,-0.0281550254221991
5803,"long_v3_CCD0.0.25",1.73297437974414,0.00837954466448864,0.0408925338814638,-0.142711929578583
5804,"long_v3_CCD0.0.25",1.24001143251768,0.0314429632413021,0.0616658198086292,-0.0676285353847611
5805,"long_v3_CCD0.0.25",2.00810687550461,0.0142803338926789,0.0349480112318459,-0.0439183853208709
5806,"long_v3_CCD0.0.25",1.77738981022721,-0.0230140374029766,0.0153188998285566,-0.0689966383931948
5807,"long_v3_CCD0.0.25",2.04278333916131,0.00446857396979716,0.0698700239020729,-0.0757565783623095
5808,"long_v3_CCD0.0.25",1.73469382439273,0.033497200072365,-0.0882378713389389,-0.0774231620426563
5809,"long_v3_CCD0.0.25",1.84027876283623,-0.000969708453805652,0.0115567012685791,-0.0741011671311927
5810,"long_v3_CCD0.0.25",1.92728645469119,-0.0151772042810189,-0.00257559423855605,-0.0697902283216247
5811,"long_v3_CCD0.0.25",1.8056756640677,-0.034857841107742,0.0233293829740012,-0.0662948754248492
5812,"long_v3_CCD0.0.25",2.08090733890836,-0.0349288490224299,0.00774363874388525,-0.0661491106742706
5813,"long_v3_CCD0.0.25",1.75099765709028,0.00655530592590967,0.0429748186444684,-0.106366881742603
5814,"long_v3_CCD0.0.25",1.45943160900773,-0.0165842675219986,-0.0272371547419214,-0.0857518155929476
5815,"long_v3_CCD0.0.25",1.93758582402526,-0.0290355343553835,0.0575309671888377,-0.136461988831492
5816,"long_v3_CCD0.0.25",1.43277829580098,-0.0503282721290672,0.0569290514409244,-0.0550416511845466
5817,"long_v3_CCD0.0.25",2.01538544816899,-0.0325800662294033,0.0144459948234569,-0.055290694935324
5818,"long_v3_CCD0.0.25",1.9338179631564,0.000495135789025877,-0.0167795847900061,-0.0543387128242266
5819,"long_v3_CCD0.0.25",1.90471264084693,0.0620043947562774,0.00235551824549673,-0.188216163800989
5820,"long_v3_CCD0.0.25",1.70261313961923,0.00629962669441968,-0.00366496489062439,-0.139359924967878
5821,"long_v3_CCD0.0.25",1.9987969895054,-0.00721863198538309,-0.00433607642986445,-0.0566306393191469
5822,"long_v3_CCD0.0.25",2.08126251377249,0.0237187686226538,-0.00845460251203036,-0.101474600234344
5823,"long_v3_CCD0.0.25",1.79163570567752,-0.0370208639517832,0.0539386109072873,-0.0393270624781275
5824,"long_v3_CCD0.0.25",2.01062660355848,0.0779801542102577,-0.003498474143327,-0.127447601158491
5825,"long_v3_CCD0.0.25",1.61904496625378,-0.0255723248903456,0.04293998275981,-0.0784759883775434
5826,"long_v3_CCD0.0.25",1.89757307441598,0.034512621758619,0.0378695683871283,-0.0500324092605737
5827,"long_v3_CCD0.0.25",1.89468530992141,-0.0555572841578156,0.0261687906566001,-0.0885537309903359
5828,"long_v3_CCD0.0.25",1.54419797426775,-0.0131416961438818,0.0438317502532661,-0.107623142057624
5829,"long_v3_CCD0.0.25",2.05082666283226,0.0512985694576489,-0.0517421035585594,-0.172253545082395
5830,"long_v3_CCD0.0.25",2.00650565760473,0.00683362263562902,0.00153416728977552,-0.0897862141705238
5831,"long_v3_CCD0.0.25",1.98549419657823,-0.0338140348555312,-0.0387329011478576,-0.111512431821481
5832,"long_v3_CCD0.0.25",1.91074679829789,-0.0134039701716198,-0.0651269886473794,-0.129972755360791
5833,"long_v3_CCD0.0.25",1.85328524797361,0.0145246985423935,0.0281694885868977,-0.0704575501456469
5834,"long_v3_CCD0.0.25",1.82010725742251,0.0660180341082095,-0.0438842813257807,-0.0645540547249441
5835,"long_v3_CCD0.0.25",2.14359658092135,0.0138333709393845,0.0522298618724072,-0.0994325405406859
5836,"long_v3_CCD0.0.25",1.91096786832042,-0.00537130864408374,-0.00357794331031418,-0.0731170627252351
5837,"long_v3_CCD0.0.25",1.94438985005156,0.0140820789430374,-0.0475273213240899,-0.168044383276318
5838,"long_v3_CCD0.0.25",1.5926907332676,-0.106818879235838,0.0396231317155689,-0.110932449827827
5839,"long_v3_CCD0.0.25",2.13950414527275,0.000324021919434857,0.0557543733281435,-0.026349753994886
5840,"long_v3_CCD0.0.25",2.0193606185062,0.0516847449207237,0.00393185414664496,-0.108189974841247
5841,"long_v3_CCD0.0.25",1.75667243668931,-0.00412264761973374,-0.0107870558518113,-0.0677441970301301
5842,"long_v3_CCD0.0.25",1.68322482334767,-0.00153785714010377,0.00860757938489692,-0.080429724934724
5843,"long_v3_CCD0.0.25",1.85857383721188,0.0183589514895981,0.0325586881553921,-0.0989703735305616
5844,"long_v3_CCD0.0.25",1.93148450430704,0.0660312599205302,0.017909873740724,-0.129752836496527
5845,"long_v3_CCD0.0.25",1.73924957958746,-0.0293549215480525,0.0627198728927373,-0.119404339870654
5846,"long_v3_CCD0.0.25",1.7538065499581,-0.0164097049395682,-0.0113717671273079,-0.0942007482034568
5847,"long_v3_CCD0.0.25",1.69464904959269,-0.000244153561565856,0.0514457229478927,-0.0982034137353839
5848,"long_v3_CCD0.0.25",1.6097339232534,0.0469029900550485,-0.0493645854543449,-0.103782018553168
5849,"long_v3_CCD0.0.25",1.23476930763324,0.076358916694727,0.0334105302616357,-0.0404385569295174
5850,"long_v3_CCD0.0.25",2.10415321347024,-0.0619683738262939,0.0629609871070074,0.056442300320693
5851,"long_v3_CCD0.0.25",2.82910815413282,0.0293081563285985,0.0186913994821987,-0.0870717969705863
5852,"long_v3_CCD0.0.25",1.78933578330207,0.0369328681861159,0.0356677195305363,-0.087897718805804
5853,"long_v3_CCD0.0.25",1.43734431508285,0.0797992316866982,0.0407630071254773,-0.0989486222312047
5854,"long_v3_CCD0.0.25",2.40401475579499,0.0252801002132757,0.0332737781708437,-0.188045677056365
5855,"long_v3_CCD0.0.25",1.82684374710826,-0.0321133704001185,-0.0145053475952512,-0.0971049907757732
5856,"long_v3_CCD0.0.25",1.98850188829175,-0.0112550932302733,0.0303117746042344,-0.0826367804684404
5857,"long_v3_CCD0.0.25",1.90157101885407,0.0129444962666505,-0.00960905296187914,0.00760110893171321
5858,"long_v3_CCD0.0.25",2.11157865568803,-0.00807119474624607,0.0105408370845301,-0.170362476856768
5859,"long_v3_CCD0.0.25",2.00527662978188,0.0188531625366139,-0.010155397604861,-0.10255876201301
5860,"long_v3_CCD0.0.25",1.65711510899706,0.0824930141688408,-0.0336748491028005,-0.016797152352354
5861,"long_v3_CCD0.0.25",2.18392607510861,0.0285048308644655,-0.0455480524581699,-0.116453094848128
5862,"long_v3_CCD0.0.25",2.00418340937487,-0.00774987558595624,0.0896254080775573,-0.0307673090022594
5863,"long_v3_CCD0.0.25",2.09890299922489,0.141255052632148,-0.0457191071635616,-0.0578790528293289
5864,"long_v3_CCD0.0.25",1.99258981468733,0.0589122831812087,-0.00187171527451297,-0.131602657693228
5865,"long_v3_CCD0.0.25",1.69585264749583,-0.0474457556965394,0.0110088591111713,0.00735537603721878
5866,"long_v3_CCD0.0.25",1.8528669931354,-0.00569333919605144,0.0677043167348083,-0.0274511635730205
5867,"long_v3_CCD0.0.25",2.03076004163434,0.0130496329605439,-0.0105280562973801,-0.102634878181544
5868,"long_v3_CCD0.0.25",1.36402326807902,0.0452990819991569,0.0268435683586615,-0.041406385303449
5869,"long_v3_CCD0.0.25",2.01454232268296,0.0631185509286986,-0.00046251020561499,-0.137292939338633
5870,"long_v3_CCD0.0.25",1.99413091224589,-0.00512825177627525,-0.0151042473597895,-0.112896016318835
5871,"long_v3_CCD0.0.25",1.94321450523663,-0.0517857304325818,0.0601792649543801,-0.0833393475612033
5872,"long_v3_CCD0.0.25",1.90281154567001,0.032779749298098,0.0408804504440819,-0.150008665114255
5873,"long_v3_CCD0.0.25",2.00820118286444,0.010391563561406,0.0275171273662902,-0.00434638442764827
5874,"long_v3_CCD0.0.25",1.56770039683768,-0.0599293536668032,0.0575914597607506,0.0196443321299738
5875,"long_v3_CCD0.0.25",1.72681220381786,-0.0176957805692527,0.0727250871899779,-0.112345560864297
5876,"long_v3_CCD0.0.25",2.01914303500752,-0.00842340471636419,0.0358080890647638,-0.122704242963228
5877,"long_v3_CCD0.0.25",2.00970124208432,0.0265130680178074,-0.0111827555736498,-0.131759839846317
5878,"long_v3_CCD0.0.25",2.08975903551736,0.0401714398233611,-0.0213374919397572,-0.115845395808598
5879,"long_v3_CCD0.0.25",1.89720966216019,-0.0519605810696817,-0.08058897924238,-0.130696169795181
5880,"long_v3_CCD0.0.25",1.86201427249445,-0.0184080787719081,0.0257611871328682,-0.0389958138278361
5881,"long_v3_CCD0.0.25",2.14628770730285,0.0224525410264786,0.0273931887865351,-0.0901810149789927
5882,"long_v3_CCD0.0.25",1.89949101223483,0.0305401676335091,0.0334976837960981,-0.0231477953078367
5883,"long_v3_CCD0.0.25",1.79224015985388,-0.0100781456767147,3.9494671936386e-05,-0.0686715698192137
5884,"long_v3_CCD0.0.25",2.03514064201311,0.0110773569698583,0.045931851682554,-0.0425741618436055
5885,"long_v3_CCD0.0.25",1.96942650412228,0.0645069949603519,0.11065373499156,-0.0808729203758864
5886,"long_v3_CCD0.0.25",1.5446457575145,-0.0132517827815336,-0.00836459545464401,-0.0598954047904132
5887,"long_v3_CCD0.0.25",1.90034436568698,0.0140881026804781,-0.0295598620198725,-0.126374827824799
5888,"long_v3_CCD0.0.25",2.04883522241879,0.0582855399448816,0.00419591567105067,-0.118833294642885
5889,"long_v3_CCD0.0.25",2.00501360042284,-0.0268706931588076,0.0340093354542178,-0.0798315336797566
5890,"long_v3_CCD0.0.25",1.71324993662499,-0.00746530916634925,-0.000255614673006353,-0.139323377148855
5891,"long_v3_CCD0.0.25",1.98037852961546,0.0495102561491093,0.0934849641422344,-0.0896566427244867
5892,"long_v3_CCD0.0.25",1.75092641593447,-0.00619421139050848,-0.0443093467627477,-0.0674683858402305
5893,"long_v3_CCD0.0.25",1.76801970765528,-0.0122252194064173,-0.0299934246185974,-0.0485444674179827
5894,"long_v3_CCD0.0.25",2.07580140147165,0.0294911203835879,-0.0225452063284987,-0.156968955990039
5895,"long_v3_CCD0.0.25",1.81903853262009,0.0622621274512216,0.0191878904255929,-0.0831834268973517
5896,"long_v3_CCD0.0.25",1.96741682552982,0.0257795426148792,0.100314570010243,-0.113450090019579
5897,"long_v3_CCD0.0.25",2.1655987164728,0.0366464943697829,0.0137189541576763,-0.140987956921567
5898,"long_v3_CCD0.0.25",1.96554066007559,0.0128253316682974,-0.0496850947674591,-0.124494948468694
5899,"long_v3_CCD0.0.25",1.81164909375315,0.0412316955826537,0.0250705731052698,-0.0673288996848639
5900,"long_v3_CCD0.0.25",1.92363468992416,-0.0465212208781199,-0.0467606680525514,-0.073955478406557
5901,"long_v3_CCD0.0.25",1.68257709417685,-0.0259601078246155,0.0366787258691133,-0.0388278351878772
5902,"long_v3_CCD0.0.25",1.99904776274329,0.00391256960321247,-0.00983762656839262,-0.0859176006831264
5903,"long_v3_CCD0.0.25",1.85675946106196,-0.0307514522172396,0.068524692948543,-0.0632953130237715
5904,"long_v3_CCD0.0.25",1.98320664943325,-0.01358995208193,-0.0464236344176636,-0.130431638459079
5905,"long_v3_CCD0.0.25",2.22374274919315,0.0607505918013637,0.067370993507611,-0.104664163291738
5906,"long_v3_CCD0.0.25",1.78999546655424,-0.0418145431387658,-0.00330085031911766,-0.0170900201229333
5907,"long_v3_CCD0.0.25",1.77086896586033,0.0440433630927588,-0.029676387845955,-0.118489079799666
5908,"long_v3_CCD0.0.25",1.83661794260739,-0.0264373357312632,-0.0645116171542153,-0.0923157615351707
5909,"long_v3_CCD0.0.25",1.93414890282022,-0.0737471677161849,-0.0188933024284254,-0.122358605905934
5910,"long_v3_CCD0.0.25",1.71375373149666,-0.00598527000195878,0.0707574810771536,-0.0695152233431566
5911,"long_v3_CCD0.0.25",1.69578877356816,-0.0180176705688979,0.0340258747654356,-0.101297925311812
5912,"long_v3_CCD0.0.25",1.70970230827609,-0.0417649395661861,0.0226429389179529,-0.115952444603575
5913,"long_v3_CCD0.0.25",1.8633375363248,0.0891316371357245,0.0172831357933591,-0.0479190562411486
5914,"long_v3_CCD0.0.25",2.04547356457815,-0.0565237603240906,-0.013951873841343,-0.110907847406033
5915,"long_v3_CCD0.0.25",1.77525379523628,0.0669545376910039,0.124280898549927,-0.146195916906066
5916,"long_v3_CCD0.0.25",2.0859636504464,0.0204249551933706,0.0186889862622755,-0.149262214359287
5917,"long_v3_CCD0.0.25",1.71191543448347,-0.0401171995731631,0.00719213428037547,0.0211630481127197
5918,"long_v3_CCD0.0.25",1.73372377665208,-0.0463596442507264,-0.0192624905786287,-0.0910475548059067
5919,"long_v3_CCD0.0.25",1.99832726621372,-0.0107774625394472,0.0513649241818348,-0.0438845048722165
5920,"long_v3_CCD0.0.25",1.86841890172583,0.00696233815369134,0.0746359936611782,-0.0367479668348096
5921,"long_v3_CCD0.0.25",2.01947994940719,0.00344449988452009,0.0319134389463878,-0.134079596585812
5922,"long_v3_CCD0.0.25",1.87901869460397,-0.0185113341373383,-0.0327029461654779,-0.018826365042388
5923,"long_v3_CCD0.0.25",1.98629002212358,-0.0444429080002624,0.0443716720238797,-0.189542970826593
5924,"long_v3_CCD0.0.25",1.94745062631501,-0.016481339206827,0.0186658917245611,-0.0807978715054665
5925,"long_v3_CCD0.0.25",2.01299045582376,0.0053131651487557,0.0182272210600976,-0.0999080431139445
5926,"long_v3_CCD0.0.25",1.70754948087994,0.0496706485588296,-0.00766801365316554,-0.0460870676796386
5927,"long_v3_CCD0.0.25",1.56952695327103,0.0218982879461014,-0.0455691973761113,-0.0630165911161864
5928,"long_v3_CCD0.0.25",1.7555340927764,-0.0263715261504405,0.00249957325629538,-0.0815351243516593
5929,"long_v3_CCD0.0.25",1.96303742979483,-0.043343767498711,0.0420096694105454,0.0146076537564414
5930,"long_v3_CCD0.0.25",1.96597797372647,0.0249178169885011,0.0573462765293702,-0.059444469178638
5931,"long_v3_CCD0.0.25",2.22907882370506,0.0802632634523562,0.0480618195855362,-0.0844927813272575
5932,"long_v3_CCD0.0.25",1.77652775255723,0.0642667275215727,0.0716598057900519,-0.0364235065523748
5933,"long_v3_CCD0.0.25",1.45831903702024,-0.0267853910541866,0.0330162636759665,-0.135094644900358
5934,"long_v3_CCD0.0.25",1.91867918006723,6.06011570426215e-05,0.0463827544452685,-0.0961665133342002
5935,"long_v3_CCD0.0.25",2.02760286427788,-0.0716460404807582,0.00576014207795318,-0.111887477286298
5936,"long_v3_CCD0.0.25",1.59633388469438,0.0165142671337872,0.0169884227653895,-0.0922091870150982
5937,"long_v3_CCD0.0.25",1.97773449889841,-0.0240073296405542,-0.0361111642410281,0.000132725295371721
5938,"long_v3_CCD0.0.25",1.78780915577265,-0.0214437870660471,-0.0744198027621855,-0.0803087876531009
5939,"long_v3_CCD0.0.25",2.16886791015532,0.0176373543012439,0.0413620734984533,-0.135288541075866
5940,"long_v3_CCD0.0.25",1.88581494351141,-0.0170785085667798,-0.0108881613572972,-0.14860643101214
5941,"long_v3_CCD0.0.25",1.87475991097199,0.0123008811359632,0.0827349393444022,-0.140357609970411
5942,"long_v3_CCD0.0.25",1.77879862573643,0.0416085304232991,0.0721248551331949,-0.0983805621902509
5943,"long_v3_CCD0.0.25",2.19953396803422,0.0426251961743123,0.0266084008621352,-0.0450008550764633
5944,"long_v3_CCD0.0.25",1.89497646847598,0.0466614431201368,0.0386884376741549,-0.00311716740885791
5945,"long_v3_CCD0.0.25",1.96995141879297,0.00528659551732794,0.0297563783598105,-0.0515540710167941
5946,"long_v3_CCD0.0.25",1.89767307036945,-0.00226937535542523,-0.0465713453761512,-0.0961579030010048
5947,"long_v3_CCD0.0.25",1.51924575065963,-0.0459423792225622,0.0256768352663826,-0.0848370066258169
5948,"long_v3_CCD0.0.25",1.45621431693032,0.00450799381415669,0.0262640198426596,-0.0459121874638712
5949,"long_v3_CCD0.0.25",1.76322058230342,0.0139511722703955,0.0338032113427579,-0.103604873883065
5950,"long_v3_CCD0.0.25",1.70301673428839,-0.0136543954387455,0.0275936237455968,-0.0540366330647841
5951,"long_v3_CCD0.0.25",1.95595192678146,0.0360504492772634,0.00277411831964817,-0.0240872527484937
5952,"long_v3_CCD0.0.25",2.03896694020042,0.00583219438042411,0.02455233889982,-0.157997963947129
5953,"long_v3_CCD0.0.25",1.76822159736075,0.0176122573859274,-0.033690427914633,-0.037342753038387
5954,"long_v3_CCD0.0.25",1.89025643666709,-0.0276340581645517,0.0429144688157047,-0.00869250770017195
5955,"long_v3_CCD0.0.25",1.86918786160555,-0.0186888027695425,0.0459577646685082,-0.0846583387708894
5956,"long_v3_CCD0.0.25",1.65280888381561,0.0151575798675019,-0.00212717201142024,-0.0760464616206025
5957,"long_v3_CCD0.0.25",2.0912097725731,0.0831399836748443,0.00494529447426594,-0.0999182926142942
5958,"long_v3_CCD0.0.25",2.06912390801262,-0.0384956385701456,0.000129619972440591,-0.16730659910644
5959,"long_v3_CCD0.0.25",2.1293776378517,-0.0463857107113145,0.0247587557787379,-0.146831941641248
5960,"long_v3_CCD0.0.25",1.93900940928207,0.0080496291372721,0.0916320661085131,-0.0687718169836481
5961,"long_v3_CCD0.0.25",1.6703846285234,-0.0292995420254646,0.0626533421233331,-0.0577120623674637
5962,"long_v3_CCD0.0.25",1.99612965581379,-0.153580680574995,-0.00740049630742474,-0.00169096430286793
5963,"long_v3_CCD0.0.25",1.65328198758567,0.0401251177993991,-0.00228392630833863,-0.118003263566168
5964,"long_v3_CCD0.0.25",1.86503937221643,0.0379918014403088,-0.00189169687738011,-0.0982321789998613
5965,"long_v3_CCD0.0.25",1.93032507998252,-0.0537428685541973,0.00610948137413917,-0.0353817570883525
5966,"long_v3_CCD0.0.25",1.83655056239581,0.0234404067182449,0.0250362911972273,-0.0345315023014985
5967,"long_v3_CCD0.0.25",2.39043273723176,0.077069652322827,0.0572930782107247,-0.0775815017012195
5968,"long_v3_CCD0.0.25",1.91141522713492,0.0549833935874533,0.0218648899370319,-0.0573725150933826
5969,"long_v3_CCD0.0.25",1.79746810619569,-0.00199087204048013,-0.0415223213999774,-0.0351975733188924
5970,"long_v3_CCD0.0.25",1.92782201663715,0.0115487489242064,0.0531789263047691,-0.15009168464844
5971,"long_v3_CCD0.0.25",1.96829557525144,0.0198113504691038,0.0551732435228309,-0.0309099919505585
5972,"long_v3_CCD0.0.25",1.76870887684474,-0.0262754046446443,0.0935270581494365,-0.111559961034689
5973,"long_v3_CCD0.0.25",0.922357565818932,0.0112672681112002,-0.0324700022430655,-0.161760732079017
5974,"long_v3_CCD0.0.25",1.8627129832251,-0.0454502556061242,-0.0298212995060917,-0.200309293431488
5975,"long_v3_CCD0.0.25",1.66720535706436,-0.00446944829169143,0.021287788629927,-0.0691586408678207
5976,"long_v3_CCD0.0.25",2.03092218707652,-0.00191906358146911,0.00161946154738951,-0.113910959072853
5977,"long_v3_CCD0.0.25",1.99497753164231,-0.0842331555263291,0.0348993072711542,-0.103787357644445
5978,"long_v3_CCD0.0.25",1.79380226602874,0.00244504439586187,0.030483933328471,-0.0618328405652544
5979,"long_v3_CCD0.0.25",1.92430091077342,-0.0148584308830687,-0.025859872872288,-0.000294506516964664
5980,"long_v3_CCD0.0.25",1.8100123759203,0.0223152204625131,0.0109138233823303,-0.0378598681481467
5981,"long_v3_CCD0.0.25",1.94323228392425,0.0243359754015931,-0.0265070817798361,-0.0817919605479812
5982,"long_v3_CCD0.0.25",1.71698855102315,-0.0107322356539212,-0.0196737201436485,-0.0974991171733788
5983,"long_v3_CCD0.0.25",1.6182059067607,0.0339985505443542,-0.0431197533896802,-0.151651036809365
5984,"long_v3_CCD0.0.25",2.41732476260368,-0.00724702232414912,0.0294515059027456,-0.0642372096951274
5985,"long_v3_CCD0.0.25",1.38820440148067,0.000834919378909714,0.025139284869959,-0.0242003991757682
5986,"long_v3_CCD0.0.25",1.68756288592892,0.0330611881495902,0.0337724866752422,-0.101393539053255
5987,"long_v3_CCD0.0.25",1.82648958085071,-0.000499718017361007,0.0687231365417816,-0.0778526997528365
5988,"long_v3_CCD0.0.25",1.84391869634207,0.0373158708207075,0.0664995485761325,-0.140095478597302
5989,"long_v3_CCD0.0.25",1.98063293617581,0.0506649512765893,0.0976067115830552,-0.0637103713559146
5990,"long_v3_CCD0.0.25",2.01325578652483,0.00826147495902472,0.01262037636155,-0.0308395332914097
5991,"long_v3_CCD0.0.25",2.07714669121121,-0.00339322455021405,0.0219938826344083,-0.060436751209103
5992,"long_v3_CCD0.0.25",1.80779791394846,0.0159503743237522,0.0604937689628356,-0.021741093635901
5993,"long_v3_CCD0.0.25",1.71864028869193,0.00689044789762858,0.00510691712086427,-0.0743793352623617
5994,"long_v3_CCD0.0.25",1.94666497679119,-0.0443710544457826,0.0220089039572651,-0.0983727470579377
5995,"long_v3_CCD0.0.25",2.25068272258257,-0.0360342745762927,0.047501082416209,-0.0893676551849445
5996,"long_v3_CCD0.0.25",1.64817462394945,-0.0413750061086091,0.0201049337612974,-0.0403317095398212
5997,"long_v3_CCD0.0.25",1.87291792651788,0.00284276895413018,0.0346644168209782,-0.0995353013374546
5998,"long_v3_CCD0.0.25",1.0471399636084,-0.00724667717144047,0.038469262166276,-0.0566250907089198
5999,"long_v3_CCD0.0.25",2.07607244726718,0.014023611195836,-0.0112658603418931,-0.15323731798769
6000,"long_v3_CCD0.0.25",1.91063785902681,0.0283446496666376,-0.0107731653950804,-0.110663952845427
6001,"long_v3_CCD0.0.25",2.31007488321984,-0.0727627615976699,0.0113612998816384,-0.124067999615826
6002,"long_v3_CCD0.0.25",1.90285807407488,-0.0199671229942257,0.0249741361980415,-0.0942848748576855
6003,"long_v3_CCD0.0.25",1.65952500154055,-0.0298856072663339,0.0134669538285312,-0.121340685397003
6004,"long_v3_CCD0.0.25",1.97394467656242,0.042162610429172,0.0524197469166761,-0.206957725411742
6005,"long_v3_CCD0.0.25",2.08549434775316,-0.0327134163898108,0.0157940557254388,-0.172477593555649
6006,"long_v3_CCD0.0.25",1.64330809772757,-0.00603254107845111,-0.0277015445814442,-0.0901358139156306
6007,"long_v3_CCD0.0.25",2.13215234285072,0.0360312889973848,0.048310262002023,-0.0863101446866604
6008,"long_v3_CCD0.0.25",1.7964286546393,0.0324975260971111,-0.0572052866088748,-0.188848759035163
6009,"long_v3_CCD0.0.25",1.86580144910242,-0.0313690915931502,-0.0141047622349846,-0.0670303333031018
6010,"long_v3_CCD0.0.25",1.99969314241703,0.009125332056745,0.00427511729457537,-0.124530350128925
6011,"long_v3_CCD0.0.25",1.76546816515086,0.0123597055965061,0.0810138590000679,-0.0593525278747603
6012,"long_v3_CCD0.0.25",2.03003980094718,-0.00475947823850787,0.0545218142784407,-0.0548468433590397
6013,"long_v3_CCD0.0.25",1.43779930719656,-0.0698322125719342,0.0502355939527613,-0.0719933477718651
6014,"long_v3_CCD0.0.25",1.83277144831111,0.0297750094251506,0.0441991194775766,-0.0759186125470489
6015,"long_v3_CCD0.0.25",2.10953857186326,0.00927585899087763,0.0685351324290337,-0.120860210103987
6016,"long_v3_CCD0.0.25",1.93737427063389,-0.0417217384451896,0.00282573085621478,0.014930362784774
6017,"long_v3_CCD0.0.25",1.75491783110686,0.000286393455236991,0.0430794623259155,-0.1400882159639
6018,"long_v3_CCD0.0.25",2.00189375401095,0.00921241435799255,0.0232239856083148,-0.0833593576890379
6019,"long_v3_CCD0.0.25",1.77017394256291,0.0202992878019993,0.0133265345899506,-0.0481091968588518
6020,"long_v3_CCD0.0.25",2.21203303786874,-0.0530525176006712,0.0736659937576138,-0.0988394153270168
6021,"long_v3_CCD0.0.25",1.50568422458619,0.00873156532328801,0.0246239128456227,-0.0421577363586551
6022,"long_v3_CCD0.0.25",1.71762916258961,-0.132914074688094,0.00723076244934849,-0.0890921019929617
6023,"long_v3_CCD0.0.25",1.87517588259798,0.0145724778455658,-0.0770631362534927,-0.0664447278697485
6024,"long_v3_CCD0.0.25",1.94925710498584,-0.00563969004984062,0.00400590222890363,-0.108778483790669
6025,"long_v3_CCD0.0.25",1.909963551109,0.00912473573645567,-0.020923895760275,-0.121393644127496
6026,"long_v3_CCD0.0.25",1.70526277403201,0.0194185899818218,0.0131643431934045,-0.140994499603155
6027,"long_v3_CCD0.0.25",2.16275152818804,-0.00886570756716515,-0.0273035874954879,-0.131925704506465
6028,"long_v3_CCD0.0.25",2.23414705188569,-0.00182559195870948,-0.0257729050842138,-0.168138176562905
6029,"long_v3_CCD0.0.25",1.87018883743808,-0.0277968690212467,0.0371486658829515,-0.0591505708912137
6030,"long_v3_CCD0.0.25",1.77880008994801,0.0142572037335293,0.0482732045152147,-0.0882556440494874
6031,"long_v3_CCD0.0.25",1.97709899668216,0.0214177185602907,0.0803324596712142,-0.0811674037987772
6032,"long_v3_CCD0.0.25",1.71521325059202,-0.0192520484590409,-0.0612187801899815,-0.0776452209749447
6033,"long_v3_CCD0.0.25",1.64804427038171,0.0286311120329757,0.100254959790131,-0.0110451687184218
6034,"long_v3_CCD0.0.25",1.773864682707,0.0405602626011155,-0.0600696822194609,-0.0723343684482231
6035,"long_v3_CCD0.0.25",1.75151650773674,-0.0230030144040437,0.00689713100545606,-0.0556710575073903
6036,"long_v3_CCD0.0.25",2.03707383855144,0.0732151911036184,0.00262709786928455,-0.104674840428744
6037,"long_v3_CCD0.0.25",2.0371275130675,-0.00640400936429654,-0.0149742174694111,-0.0549530855000526
6038,"long_v3_CCD0.0.25",1.73524894877723,0.0389648361804312,0.0416709924644096,-0.071168261596908
6039,"long_v3_CCD0.0.25",1.95673906409999,0.0326728169927947,0.00560460224762294,-0.176130441938866
6040,"long_v3_CCD0.0.25",2.13128276360775,-0.0201908760971473,0.00961382881629543,-0.103873458730472
6041,"long_v3_CCD0.0.25",1.5023768513657,-0.00135801185602848,0.0256530793661051,-0.0780940916879185
6042,"long_v3_CCD0.0.25",1.758637123053,0.0168050548662441,0.0259834204737802,-0.151749488340327
6043,"long_v3_CCD0.0.25",1.73293986817992,0.0189782751780046,0.0871609306168236,-0.130107248673917
6044,"long_v3_CCD0.0.25",1.92124673734303,0.0116753268961341,0.036632834666502,-0.0577815715158476
6045,"long_v3_CCD0.0.25",2.27870973722803,0.0174228419971098,-0.0058540152812224,-0.0716624699414425
6046,"long_v3_CCD0.0.25",1.75238458966066,0.00176158157133963,-0.00440004843189163,-0.0883970509061592
6047,"long_v3_CCD0.0.25",1.7928990813549,0.0148751192519382,0.0550549161665905,-0.0698542428669994
6048,"long_v3_CCD0.0.25",1.46707457889638,0.0155479468770839,0.0623526727752604,-0.0986888101987827
6049,"long_v3_CCD0.0.25",1.80912036206461,0.0241867005029337,0.0679165494155248,-0.0686146923896426
6050,"long_v3_CCD0.0.25",2.06824530740477,-0.0114492220782485,0.0219454184161654,-0.122451297397414
6051,"long_v3_CCD0.0.25",1.62062153245648,0.0122590360065641,0.00872212584088486,-0.00470257783309458
6052,"long_v3_CCD0.0.25",2.09062862842358,0.0286644827937521,0.0642784479745625,-0.103667116883762
6053,"long_v3_CCD0.0.25",1.75993340498179,0.0261195977536136,-0.00596730763281317,-0.0988556633152713
6054,"long_v3_CCD0.0.25",1.80768365018033,0.0886961185543178,0.0391181449431746,-0.0659469834583892
6055,"long_v3_CCD0.0.25",1.99991319508685,0.0318694632779611,0.0224020016955702,-0.0794849028508704
6056,"long_v3_CCD0.0.25",1.99986748721309,0.00844317163271911,0.0421647493041876,-0.170309341139748
6057,"long_v3_CCD0.0.25",1.86414473993519,0.0778941450579849,-0.0194895297851013,-0.0672164483271276
6058,"long_v3_CCD0.0.25",1.90466396475217,0.0233597950110064,0.0587203279058058,-0.114113360356147
6059,"long_v3_CCD0.0.25",1.85791283889956,0.0512016135670968,0.0203577091137298,-0.0717053466424619
6060,"long_v3_CCD0.0.25",1.76831574972583,0.0269458935269124,0.023943995812082,-0.099265515939581
6061,"long_v3_CCD0.0.25",1.86145168108942,0.00433179305775259,-0.00701140084875964,-0.0676715296632524
6062,"long_v3_CCD0.0.25",2.04756315615666,-0.00089246902487491,0.0457156746929648,-0.0811770335341264
6063,"long_v3_CCD0.0.25",1.7556467456714,-0.0850152811606982,0.0917401399730716,-0.0675332494082478
6064,"long_v3_CCD0.0.25",1.76945415303065,-0.00370731871073703,0.0331736398838936,-0.10104822200621
6065,"long_v3_CCD0.0.25",1.75431080070875,-0.0510808326529205,-0.018712199892086,-0.0987732450179476
6066,"long_v3_CCD0.0.25",1.76354155940886,0.0319305820733067,-0.0258512540239165,-0.0139402888973367
6067,"long_v3_CCD0.0.25",1.99020896551629,-0.0207292185561288,0.0006832679977497,-0.0809808650390728
6068,"long_v3_CCD0.0.25",1.99508562771803,0.0496292353242996,-0.00794893330170931,-0.012017180753244
6069,"long_v3_CCD0.0.25",2.30130593547193,0.00158314306594802,0.0256899127672112,-0.107934511163092
6070,"long_v3_CCD0.0.25",1.86482626053164,0.0280053884524537,0.0943818874128448,-0.0642597070656171
6071,"long_v3_CCD0.0.25",1.76091868623623,0.0140854967893385,0.049149946223253,-0.0240269075157207
6072,"long_v3_CCD0.0.25",1.50856402942083,0.0119193306868362,0.0198906427052053,0.000247724629398635
6073,"long_v3_CCD0.0.25",1.82714528616146,-0.0371666970400169,-0.0237827121482307,-0.0188447800654064
6074,"long_v3_CCD0.0.25",1.86004896136919,0.0197372994290782,0.0160291336502596,-0.098917502410303
6075,"long_v3_CCD0.0.25",1.76107352217872,-0.00784216082698272,-0.00816922714353444,-0.142701969816792
6076,"long_v3_CCD0.0.25",1.94953508008847,0.0340206654885508,0.0551521723717952,-0.0569888722798468
6077,"long_v3_CCD0.0.25",2.16235146698423,-0.0105215712434492,0.0170886549289607,-0.0784331680723596
6078,"long_v3_CCD0.0.25",2.14489491331547,1.72121165145801e-05,-0.0441634929172128,-0.101499655923635
6079,"long_v3_CCD0.0.25",1.93937243221978,0.0166297060877327,0.0229702786906297,-0.138038532047641
6080,"long_v3_CCD0.0.25",1.72645847487656,0.00401425241495259,-0.00454075749675921,-0.128313145864347
6081,"long_v3_CCD0.0.25",1.94036468780578,-0.026533635777458,0.0847018423247133,-0.0318220337089816
6082,"long_v3_CCD0.0.25",1.86864282773934,-0.00660877372305462,0.041880266732432,-0.0567294271877853
6083,"long_v3_CCD0.0.25",1.92543228910518,-0.0363316639248474,0.0348000636408736,-0.0891396531115569
6084,"long_v3_CCD0.0.25",1.78933807738876,0.00620687588968957,-0.00384995236300503,-0.0912852307416354
6085,"long_v3_CCD0.0.25",1.92379040623134,0.0455936929834436,0.0513618292022881,-0.0443760935948052
6086,"long_v3_CCD0.0.25",1.89873721179517,0.0113821324590644,0.0980721914704128,-0.123225683088645
6087,"long_v3_CCD0.0.25",1.81878008755121,0.000325315600666009,-0.0210975922224664,-0.0112502711279104
6088,"long_v3_CCD0.0.25",2.03591912779738,0.0136550930703354,0.0362182604737722,-0.0595332771444063
6089,"long_v3_CCD0.0.25",1.87418331044186,-0.0338899945423955,-9.70707232785702e-05,-0.0746173601036026
6090,"long_v3_CCD0.0.25",1.9611281802856,-0.0414149005609272,0.0482770598222353,-0.0878976846326078
6091,"long_v3_CCD0.0.25",1.69281654759702,-0.0179460399370099,0.0264462660943165,-0.113562934094428
6092,"long_v3_CCD0.0.25",1.6798028296831,0.0338771173033806,0.00294584994081921,-0.0690995303423826
6093,"long_v3_CCD0.0.25",1.83290806694894,0.00215862530211116,-0.0515589110747213,-0.133301551385469
6094,"long_v3_CCD0.0.25",1.55093594670435,0.0159052616012885,0.00845436035125719,-0.09852027830626
6095,"long_v3_CCD0.0.25",1.93492152087219,-0.0121585668768905,0.0366718155974189,-0.0662772018947289
6096,"long_v3_CCD0.0.25",1.78948245164148,-0.00337452033618457,0.0580672913488981,0.0108632603183027
6097,"long_v3_CCD0.0.25",1.91992236721051,-0.0459588672210964,0.0874964615143848,-0.0493398018156253
6098,"long_v3_CCD0.0.25",1.93339621021461,-0.0384069821709095,-0.00714588816395692,-0.0242969587335587
6099,"long_v3_CCD0.0.25",1.47851311679921,0.049750010207816,0.0134746290136228,-0.153229747322285
6100,"long_v3_CCD0.0.25",1.86974964442254,0.0321603482500827,0.0432372826005591,-0.0614160663812059
6101,"long_v3_CCD0.0.25",2.15588317214018,-0.0560108698006621,0.00177001723099385,-0.151105244836441
6102,"long_v3_CCD0.0.25",1.91462016845121,-0.026134523256767,-0.0188472445391184,-0.021098729393433
6103,"long_v3_CCD0.0.25",1.9550583085567,0.0819401238925365,-0.0367219940970777,-0.0752871626946838
6104,"long_v3_CCD0.0.25",1.76827933146322,-0.0177564831306533,-0.0350031086044901,-0.103382977063967
6105,"long_v3_CCD0.0.25",1.96744361497861,0.0280347485797037,0.0336227357221214,-0.0835308020738914
6106,"long_v3_CCD0.0.25",1.79797508575216,-0.037210101138915,0.0299972738755674,-0.0189160974173058
6107,"long_v3_CCD0.0.25",2.11805869803482,0.025907059091436,-0.0556615112039317,-0.150918911639216
6108,"long_v3_CCD0.0.25",1.69336750591493,0.0215256765347853,0.0767321445314665,-0.0249259009854149
6109,"long_v3_CCD0.0.25",1.93099718509307,0.0222199297745972,0.0136845909816574,-0.0675962607287986
6110,"long_v3_CCD0.0.25",1.54330287195159,0.00344289691911896,0.0248895182788986,-0.0803207195110431
6111,"long_v3_CCD0.0.25",1.71734491934873,0.00638570119232976,0.0244117618748699,-0.0435849192993548
6112,"long_v3_CCD0.0.25",1.83166204021583,-0.0177568538889552,0.0274391366658395,-0.109395294819931
6113,"long_v3_CCD0.0.25",1.95402752484223,-0.0402756485431006,0.0667734034094331,-0.0108455820768228
6114,"long_v3_CCD0.0.25",1.53017205529979,0.0023513988804866,0.0920681238867576,-0.0972640395503917
6115,"long_v3_CCD0.0.25",1.89266035030617,0.0179725301982357,-0.0221078447009812,-0.174848162870105
6116,"long_v3_CCD0.0.25",1.92118744782479,0.0578973862509798,0.0703404283925059,-0.0139515030524807
6117,"long_v3_CCD0.0.25",1.82675804148016,0.0562648100480034,-0.03294422655885,-0.0644401505433688
6118,"long_v3_CCD0.0.25",1.96090747116809,0.0217115598895246,-0.002497623813418,-0.0227399646026996
6119,"long_v3_CCD0.0.25",1.85916808410891,0.0206954515598358,0.00213796637984946,-0.00554078339076196
6120,"long_v3_CCD0.0.25",1.94668441102873,-0.00157157966661284,0.0368350139439651,-0.0709896976721339
6121,"long_v3_CCD0.0.25",1.70019429081138,-0.0157819094182888,-0.015622426446108,-0.0716465439628131
6122,"long_v3_CCD0.0.25",2.56841971668692,-0.00749654865182079,0.00878094819662441,-0.101689286014187
6123,"long_v3_CCD0.0.25",1.85711502558753,0.0221166612983676,0.0566367805104834,-0.0736427639152582
6124,"long_v3_CCD0.0.25",1.78614949325307,-0.0103823314703344,-0.00357077579769426,-0.0853803521590773
6125,"long_v3_CCD0.0.25",1.72852975348906,0.0127077297092666,-0.0530160845940382,-0.124903644139151
6126,"long_v3_CCD0.0.25",2.18284397577515,-0.0253969487324557,0.0168800186399683,-0.0596294683831855
6127,"long_v3_CCD0.0.25",2.10066119226931,-0.0140993729715496,-0.0258605846961664,-0.091085561663587
6128,"long_v3_CCD0.0.25",2.07584942739598,0.0474673650215417,0.0605911712435461,-0.108527644536199
6129,"long_v3_CCD0.0.25",1.61038057515936,0.0164840958906699,0.0120920728778453,-0.0691805758725936
6130,"long_v3_CCD0.0.25",1.65623163784344,0.0588035852961181,0.041626027734975,-0.155385475176555
6131,"long_v3_CCD0.0.25",1.70309694532158,0.0395912841328867,0.0677998319769874,-0.0164589270024354
6132,"long_v3_CCD0.0.25",2.09611275758005,-0.0353688040292584,-0.0239495685098789,-0.154156151517745
6133,"long_v3_CCD0.0.25",2.10425376739507,0.000706949913471271,-0.0148255684875952,-0.119497747616669
6134,"long_v3_CCD0.0.25",2.19462676853062,0.0353435261412934,0.0319219215404174,-0.0778713690198193
6135,"long_v3_CCD0.0.25",2.14799905038324,0.00550135112681579,0.0486531445769987,-0.0643803407273096
6136,"long_v3_CCD0.0.25",1.76868864377801,0.0382353871280265,0.0472602323917452,-0.0933969490820869
6137,"long_v3_CCD0.0.25",1.8107764119794,-0.0461195415307993,-0.00129242370532571,-0.0705732907074619
6138,"long_v3_CCD0.0.25",1.58081855121664,-0.0538232215502236,0.055106798775263,-0.0181732154788369
6139,"long_v3_CCD0.0.25",1.90071597923231,0.00772880695883995,0.0151381052212957,-0.055952078130249
6140,"long_v3_CCD0.0.25",2.41054793518689,0.057839279720818,0.00634638481886243,-0.13148998131689
6141,"long_v3_CCD0.0.25",2.00573763303239,-0.0138245821116808,-0.000316212359067546,-0.0718593164950514
6142,"long_v3_CCD0.0.25",1.88774431769198,0.00491150295761014,0.0495897029805117,-0.0705845872891663
6143,"long_v3_CCD0.0.25",1.78083939104607,0.0172461433772029,-0.0333914117907294,-0.115222192163803
6144,"long_v3_CCD0.0.25",1.59085558296139,-0.0421374896394534,0.0948009357226019,-0.105859857488465
6145,"long_v3_CCD0.0.25",1.53649726110705,-0.0838473699917192,0.0727796694082468,-0.00379203194034732
6146,"long_v3_CCD0.0.25",1.82755702776178,0.0183338435743718,0.0180818649381144,-0.0523871320121276
6147,"long_v3_CCD0.0.25",2.03661348395862,-0.00389236358365709,0.0637003525709267,-0.0462569476096504
6148,"long_v3_CCD0.0.25",1.71725138550341,0.00329504098612235,0.0584756208330012,-0.106974342488603
6149,"long_v3_CCD0.0.25",1.40653198003812,0.0190598969211138,-0.00637556504765832,-0.0751927127955456
6150,"long_v3_CCD0.0.25",1.96934679201088,0.0628543473719498,0.0542594212705697,-0.0758974592399736
6151,"long_v3_CCD0.0.25",1.88791411869793,-0.0147909044323192,0.0745370511185984,-0.078880581062522
6152,"long_v3_CCD0.0.25",1.78648559109782,-0.0136466359260239,-0.0152498359818175,-0.0902041898113498
6153,"long_v3_CCD0.0.25",1.99661726167188,0.0558302465379511,-0.0471311664253947,-0.105429883868478
6154,"long_v3_CCD0.0.25",2.14083704263061,0.0427141133493318,0.0915770784894353,-0.0952698761558876
6155,"long_v3_CCD0.0.25",2.11729128879576,0.036344345294157,-0.016277385886913,-0.0414561855323827
6156,"long_v3_CCD0.0.25",1.74133134793989,0.0418676883101695,0.0546186790487757,-0.0615156323175158
6157,"long_v3_CCD0.0.25",1.80616115859972,-0.00661720809709625,0.0121465109400501,-0.154982023448089
6158,"long_v3_CCD0.0.25",2.00992120594408,0.0407191718577888,-0.0261553863131155,-0.130868080569093
6159,"long_v3_CCD0.0.25",2.02729695424984,0.0137332777141497,-0.023833782794345,-0.145536207452978
6160,"long_v3_CCD0.0.25",2.13533923004045,-0.109696835204154,0.0807973648794989,-0.0747014581775847
6161,"long_v3_CCD0.0.25",1.88653569838002,-0.0357679578523187,-0.0180895461780029,-0.108514712631516
6162,"long_v3_CCD0.0.25",1.81453735857674,-0.0357663821736058,-0.00196012896590109,-0.123425528069507
6163,"long_v3_CCD0.0.25",1.79140258107409,0.0700487780586214,0.0593971938254222,-0.0290953800785804
6164,"long_v3_CCD0.0.25",1.69673040034714,0.000452606044096325,0.0587504851179646,-0.0970197074268091
6165,"long_v3_CCD0.0.25",1.6520828772914,-0.125759618426973,-0.0394494115492521,-0.00401352910399308
6166,"long_v3_CCD0.0.25",2.0081836361924,-0.0241523127856124,0.0423011305913773,-0.0847818144405487
6167,"long_v3_CCD0.0.25",1.87000823857704,0.0187970583712804,0.0230745071947234,-0.00716877646585133
6168,"long_v3_CCD0.0.25",1.62793173416929,-0.0324794958440106,0.032582589791963,-0.0278832868901239
6169,"long_v3_CCD0.0.25",2.11445823390609,0.055687966736191,0.0575059326141526,-0.127384345419475
6170,"long_v3_CCD0.0.25",1.79615278850251,0.0618981666024183,0.0912850603879028,-0.0119257531168199
6171,"long_v3_CCD0.0.25",1.73380475945393,0.0171506406462614,0.0884012302656311,-0.0371371890973014
6172,"long_v3_CCD0.0.25",1.86002662929586,0.0525051678737879,0.0300507437426338,-0.0942131081670352
6173,"long_v3_CCD0.0.25",2.04159947226586,0.0658870741557617,0.0364920642468941,-0.0960091130205837
6174,"long_v3_CCD0.0.25",1.96435600262506,0.0176895663231354,-0.0153655626366555,-0.0464321779883524
6175,"long_v3_CCD0.0.25",2.10838761008098,-0.00442629836295807,-0.0053792750739026,-0.16853502282651
6176,"long_v3_CCD0.0.25",1.65574785672854,0.00447251285378241,-0.0203660134129797,-0.17333246245314
6177,"long_v3_CCD0.0.25",1.7526552091459,-0.0499339582942347,-0.0421013324568331,-0.0888597254442515
6178,"long_v3_CCD0.0.25",1.99420576605928,0.0230066131450023,0.0060876136570869,-0.0811365373373964
6179,"long_v3_CCD0.0.25",1.96041883185419,0.0148598788155926,0.0545531270495359,-0.0388325187928814
6180,"long_v3_CCD0.0.25",1.84201966673456,-0.0202796811624311,-0.0198224636787738,-0.125658951409987
6181,"long_v3_CCD0.0.25",2.27159953971867,0.0803930033852196,-0.00647027931343261,-0.0599504709164557
6182,"long_v3_CCD0.0.25",1.92709511357589,0.0202970873386854,0.0295823559494307,-0.110509075728863
6183,"long_v3_CCD0.0.25",1.92138780763734,0.074734911230814,-0.018501621660691,0.0610075505662816
6184,"long_v3_CCD0.0.25",2.1676557513972,0.00814821949167388,0.00993426996533524,-0.107713021561379
6185,"long_v3_CCD0.0.25",1.99811900236649,0.0678650962298932,-0.0145550990730717,-0.140857987121134
6186,"long_v3_CCD0.0.25",1.93422497008626,-0.0563360295997494,0.00651949548018852,-0.0427585111425119
6187,"long_v3_CCD0.0.25",2.13227160253945,-0.0404592035742453,0.0586000993584875,-0.135581879823903
6188,"long_v3_CCD0.0.25",1.83814875074368,0.0609931466158368,0.0307275350013465,-0.0464242315157958
6189,"long_v3_CCD0.0.25",1.98255419446514,-0.00146266567897201,0.0864885456192075,-0.0795343056769158
6190,"long_v3_CCD0.0.25",2.005771909075,-0.0137152101772778,-0.047597523103455,-0.106741414086655
6191,"long_v3_CCD0.0.25",1.86163584205141,0.0347832926290029,0.0546745706223529,-0.0437546204442178
6192,"long_v3_CCD0.0.25",1.86561590786837,0.0304884635902532,0.0474646877793689,-0.141085137917328
6193,"long_v3_CCD0.0.25",2.03374898090323,0.0170370617231474,-0.00117829060944204,-0.126720005994393
6194,"long_v3_CCD0.0.25",1.96262320307909,0.0395671491141293,0.0620320532495263,-0.0843696716335771
6195,"long_v3_CCD0.0.25",1.77100042040105,-0.0253159193654343,0.048241474935246,-0.0618851307806301
6196,"long_v3_CCD0.0.25",1.67121781091051,0.0425090705882401,0.0579495016707964,-0.0874701276374202
6197,"long_v3_CCD0.0.25",2.10640119221517,-0.0298309291972104,0.0307220839825721,-0.0642978464278262
6198,"long_v3_CCD0.0.25",1.91477187526552,0.00882117940457215,0.0481287271875157,-0.218349664005312
6199,"long_v3_CCD0.0.25",2.06921639848814,-0.0238792525433122,0.00707702928369772,-0.0527253227041158
6200,"long_v3_CCD0.0.25",1.95462076374386,0.0496833243041648,0.0143195428567007,0.0183803510854945
6201,"long_v3_CCD0.0.25",1.50127680720432,0.0230419571130458,0.074120413815365,-0.0701859887491345
6202,"long_v3_CCD0.0.25",1.6595231337882,-0.0281495574837387,0.0377780477949232,-0.113167474060232
6203,"long_v3_CCD0.0.25",1.75656938983283,-0.0363955792370807,0.000419050453881114,-0.0839911482517999
6204,"long_v3_CCD0.0.25",1.91896257478996,0.0507368543562737,0.0536390850526609,-0.11797904907318
6205,"long_v3_CCD0.0.25",1.79088674539545,0.00737867304386188,0.0338072981808534,-0.0961082828555959
6206,"long_v3_CCD0.0.25",1.68090925827959,-0.0189541737729859,0.0351002026530861,-0.114532106739476
6207,"long_v3_CCD0.0.25",2.02432019554573,0.0306794622410387,0.0391437982894493,-0.0842861556962964
6208,"long_v3_CCD0.0.25",1.65692886194503,0.00629348438060395,0.00880207311471894,-0.0389182443156297
6209,"long_v3_CCD0.0.25",1.97001955025843,0.032174270037143,0.0567365880133897,-0.090762213532645
6210,"long_v3_CCD0.0.25",1.79387960198861,0.0704753808968515,-0.0152463084407124,-0.103730494025158
6211,"long_v3_CCD0.0.25",1.70185920782481,-0.0135291170680474,-0.0032172759922755,-0.131120417957309
6212,"long_v3_CCD0.0.25",1.57858419944236,0.0259044983818663,0.0598012368989291,-0.0646982455769042
6213,"long_v3_CCD0.0.25",1.79260215527765,0.0440669659216427,0.0364988685113797,-0.0610049917132198
6214,"long_v3_CCD0.0.25",1.99324204366487,-0.0519890543672644,0.0268421728711404,-0.106048207570423
6215,"long_v3_CCD0.0.25",2.18724471809932,0.00662980199153373,0.0148577826641032,-0.0120926014221096
6216,"long_v3_CCD0.0.25",1.62392487918207,0.00372132819371917,0.0254012876443122,-0.0565563189269757
6217,"long_v3_CCD0.0.25",1.86919031565722,-0.00354915344394093,0.0162488414337664,-0.111669809710976
6218,"long_v3_CCD0.0.25",2.06697624301262,0.00739489827130645,0.011493756631294,-0.0422222096269857
6219,"long_v3_CCD0.0.25",2.09568447609023,-0.061894818309003,0.00790930037444613,-0.114244146967871
6220,"long_v3_CCD0.0.25",1.76306762030911,-8.59946130378139e-06,0.0387022715059069,-0.093510900365395
6221,"long_v3_CCD0.0.25",1.79758160143569,0.0271309045523331,0.0358475485454172,-0.0687915508332711
6222,"long_v3_CCD0.0.25",1.72620314253935,-0.0252792810262897,0.0656713907355516,0.00378658876110274
6223,"long_v3_CCD0.0.25",1.77468102910655,-0.0590223240718994,0.00159122485879275,-0.106114748539078
6224,"long_v3_CCD0.0.25",1.87867571683131,0.0362160562145541,0.0754007602859321,-0.139929324798163
6225,"long_v3_CCD0.0.25",1.7491665942995,-0.033576252855077,0.0150693386619586,-0.101193892970891
6226,"long_v3_CCD0.0.25",1.89215834501818,0.0278595834047391,-0.00735112774139395,-0.0970886181528638
6227,"long_v3_CCD0.0.25",1.58496474825879,0.0198814658959745,0.0419591955656893,-0.0930633695580035
6228,"long_v3_CCD0.0.25",1.88240524211549,0.00935803185295749,-0.000867671845744912,-0.0978293535003574
6229,"long_v3_CCD0.0.25",2.170735470424,-0.0352198620960998,0.0469157179309224,-0.0623294597019837
6230,"long_v3_CCD0.0.25",2.19719836332617,-0.0172155571939923,-0.0175995787887569,-0.106307981537164
6231,"long_v3_CCD0.0.25",2.05460657942665,0.0389979904374393,0.0552276140999575,-0.119463682119941
6232,"long_v3_CCD0.0.25",1.98871251353961,0.0847377054013269,-0.00997772577255595,-0.0618898338964934
6233,"long_v3_CCD0.0.25",2.18155876400458,0.0858253476465882,0.0207701873944645,-0.121081666647175
6234,"long_v3_CCD0.0.25",2.08614445328012,0.00103848180696172,-0.0297582133863568,-0.0874795083775931
6235,"long_v3_CCD0.0.25",2.01798052412663,0.0425317476793261,0.049653757582065,-0.100409507655122
6236,"long_v3_CCD0.0.25",1.7765611270791,0.0382321986454264,0.0105864099234059,-0.0876102609059811
6237,"long_v3_CCD0.0.25",1.79692620649143,0.0323740399671794,-0.110947383998548,-0.186272174748322
6238,"long_v3_CCD0.0.25",1.92992944099833,0.0128019430282052,0.0420086471514236,-0.0966598152275233
6239,"long_v3_CCD0.0.25",2.07381273897243,0.0517517540203168,0.0366948368586264,-0.129479639629841
6240,"long_v3_CCD0.0.25",1.74905079379616,-0.0930890433325993,-0.0193963599354074,-0.0483403036209511
6241,"long_v3_CCD0.0.25",1.72548461116278,-0.0565331443329759,0.0305186265725602,-0.00289715326617323
6242,"long_v3_CCD0.0.25",2.01798334450805,-0.0354766868852072,-0.0370753322624626,-0.0544598862789148
6243,"long_v3_CCD0.0.25",1.72875804569562,0.0711612071116862,0.048088679581465,-0.0995308017304014
6244,"long_v3_CCD0.0.25",1.73680856572724,-0.0077463072179459,-0.0278828458696248,-0.0826613722921772
6245,"long_v3_CCD0.0.25",1.80277259818519,-0.045847008299997,0.0217846525028703,-0.0734772638912082
6246,"long_v3_CCD0.0.25",1.96285173841472,0.00429303948413998,0.0393931462234289,-0.175205987592021
6247,"long_v3_CCD0.0.25",2.00269443948378,-0.00661083664464915,0.0484311834154159,-0.0979422998878682
6248,"long_v3_CCD0.0.25",2.23903262641084,0.0076601870225793,0.00951027244935563,-0.0742459706284273
6249,"long_v3_CCD0.0.25",1.93697017642744,0.0559578548936602,0.0574845406512745,-0.108941010918348
6250,"long_v3_CCD0.0.25",1.94922685041317,-0.0306334825634747,-0.00607884151276423,-0.0605215703931171
6251,"long_v3_CCD0.0.25",1.95878579566176,-0.00122050524398944,0.0740423677409071,-0.130850283292273
6252,"long_v3_CCD0.0.25",1.77925145748882,0.0587405546641983,0.0322913921559631,-0.0946939517888567
6253,"long_v3_CCD0.0.25",1.95067141033085,0.0371110835827878,-0.00831442887288446,-0.173166303029539
6254,"long_v3_CCD0.0.25",1.93682607135547,0.0596408884400563,0.034109123875748,-0.0352677614340181
6255,"long_v3_CCD0.0.25",1.18505974923059,0.0629034409070403,-0.00551663879131258,-0.0962246871817916
6256,"long_v3_CCD0.0.25",1.8524385291845,0.00417681193942376,0.0146729934827245,-0.0576274547234833
6257,"long_v3_CCD0.0.25",2.34409007857576,0.0311886189330847,-0.0358852876594542,-0.0726899747985483
6258,"long_v3_CCD0.0.25",1.80945384959827,0.0753453457536839,-0.0176185072318999,-0.0870783809594075
6259,"long_v3_CCD0.0.25",1.96566188614123,-0.00730151193054039,0.00693591756062508,-0.0515355462301174
6260,"long_v3_CCD0.0.25",1.94280617121157,-0.0342286636895312,0.0638616632121348,-0.13837311817246
6261,"long_v3_CCD0.0.25",1.75387541026158,0.00339764368719308,0.0685282649687724,-0.128068359485766
6262,"long_v3_CCD0.0.25",1.69038024930529,0.0342038293439529,-0.00220353115764888,-0.0197811951582666
6263,"long_v3_CCD0.0.25",1.91492207250459,-0.00151046548385185,0.0387263446492437,-0.0193741503144651
6264,"long_v3_CCD0.0.25",1.79798919452629,0.055817066727444,0.0709497453094188,-0.0965475171825579
6265,"long_v3_CCD0.0.25",1.59232527493432,-0.0385915535560298,0.0580913425042361,-0.000815067148804636
6266,"long_v3_CCD0.0.25",1.90760937849209,-0.0428128262083158,-0.029515043379445,-0.0272167506849044
6267,"long_v3_CCD0.0.25",1.84251113215035,-0.0101940449187363,0.071014288035784,-0.138599367310384
6268,"long_v3_CCD0.0.25",1.67293143096022,-0.0410014789814525,-0.0176351165706082,-0.0878279033913768
6269,"long_v3_CCD0.0.25",1.66802463369561,0.040993963714157,-0.0330511175677843,-0.0899018439874038
6270,"long_v3_CCD0.0.25",1.92708794183379,0.00215196901187105,-0.0230217550401822,-0.129009737701454
6271,"long_v3_CCD0.0.25",1.82503175902102,0.00303307305871863,-0.0272463023483839,-0.0720055427573295
6272,"long_v3_CCD0.0.25",2.18241018732907,0.0153769747251611,0.0721802744696485,-0.0815369867225552
6273,"long_v3_CCD0.0.25",2.03056664859538,-0.0253089392192809,-0.0585333377810608,-0.140164663022523
6274,"long_v3_CCD0.0.25",2.04486689528518,0.0640311271481426,0.0378847128282778,-0.0943386844310323
6275,"long_v3_CCD0.0.25",1.89107828700192,0.00186014165524905,0.0424704566257149,-0.0733251027304204
6276,"long_v3_CCD0.0.25",1.87343066491642,-0.0196642681278885,-0.0281756195019037,-0.113449280247091
6277,"long_v3_CCD0.0.25",1.98768506844108,-0.0317937976310852,0.0338685952721238,-0.0976105567933906
6278,"long_v3_CCD0.0.25",1.97170656047529,0.0361117645855739,0.0545118943230631,-0.118227165004074
6279,"long_v3_CCD0.0.25",1.96409563069268,0.0319256439920788,0.0212634345795547,-0.136699307474372
6280,"long_v3_CCD0.0.25",2.3779488776121,0.0659336696932245,0.083288409028557,-0.091896211428367
6281,"long_v3_CCD0.0.25",2.38240792717771,0.00677499046274817,-0.0240821480726118,-0.200152894858959
6282,"long_v3_CCD0.0.25",1.97067156867084,0.00716933562861787,0.00371582804524702,-0.119867402036487
6283,"long_v3_CCD0.0.25",1.67570496636031,-0.0247501710598348,0.0504284928775234,-0.075896055305557
6284,"long_v3_CCD0.0.25",1.78428072163339,0.0258571778059424,-0.00354838401263741,-0.085062197842769
6285,"long_v3_CCD0.0.25",2.08215181427914,0.0162558347529054,0.0687185009316663,-0.156198503270691
6286,"long_v3_CCD0.0.25",1.78373376838192,0.00365329053950001,0.0410888691165523,0.00476955039159668
6287,"long_v3_CCD0.0.25",1.86653087625009,-0.0141068627242957,0.0129759561773202,-0.103225366563984
6288,"long_v3_CCD0.0.25",1.57314314004483,-0.00786620476561778,-0.015764675861348,-0.0550253580728167
6289,"long_v3_CCD0.0.25",1.83075875418343,0.00659814479782288,-0.0156960471693822,-0.053803751299694
6290,"long_v3_CCD0.0.25",1.94270916567593,-0.00104202406202034,0.0599397694316355,-0.0330652553347408
6291,"long_v3_CCD0.0.25",2.01385147354451,0.0443000695696965,0.0148202208522018,0.00592168916078373
6292,"long_v3_CCD0.0.25",2.19178982205448,-0.015954366307038,0.0738587669859086,-0.10796353645148
6293,"long_v3_CCD0.0.25",1.81233836177036,-0.0296572140495432,0.0162760272814784,-0.177447436570499
6294,"long_v3_CCD0.0.25",1.94967345607154,0.0594100092310649,0.0379190637467678,-0.0542501950317148
6295,"long_v3_CCD0.0.25",2.07178864903013,-0.042357735226909,0.00240923680266259,-0.0880215942852097
6296,"long_v3_CCD0.0.25",1.92145739583975,-0.00948594575849605,0.0520543454919638,-0.106874186615993
6297,"long_v3_CCD0.0.25",1.41643731859192,0.0161679108841877,-0.0109582900702322,-0.0339483217400883
6298,"long_v3_CCD0.0.25",1.87382304538266,0.00795347080222616,-0.0120995367386723,-0.0903438928174895
6299,"long_v3_CCD0.0.25",1.59553327752842,-0.0406495352760612,0.0625079020826702,-0.0704113917769776
6300,"long_v3_CCD0.0.25",1.93267018731089,0.0152484905787283,0.00710760223062521,-0.105153646674219
6301,"long_v3_CCD0.0.25",2.18926061192095,-0.0275159483492697,0.00243799808693407,-0.0490205675762424
6302,"long_v3_CCD0.0.25",1.83201215835477,0.0445546418992239,-0.0529824259901934,-0.0516187780879423
6303,"long_v3_CCD0.0.25",1.37818453497502,0.05597903730723,0.0527009672441071,-0.00922129767145882
6304,"long_v3_CCD0.0.25",1.95694549462305,0.0242614673014081,0.0114452937589733,-0.0944297652130287
6305,"long_v3_CCD0.0.25",2.20612003291569,0.0192446590789299,-0.00963623787430998,-0.145003672828192
6306,"long_v3_CCD0.0.25",2.12214223923127,0.015898940764531,0.0620265934139168,-0.114296138572624
6307,"long_v3_CCD0.0.25",1.81941114959396,-0.00434258324841784,0.0571970171518986,-0.126988943812846
6308,"long_v3_CCD0.0.25",1.9996822476698,0.0628413787804347,-0.0202851558412355,-0.0731505338404975
6309,"long_v3_CCD0.0.25",1.85256830851371,0.0228155476313534,0.0102197311579529,-0.0878102947062929
6310,"long_v3_CCD0.0.25",1.96733300907028,-0.0342032383453616,-0.0385464111330952,-0.0689789772543882
6311,"long_v3_CCD0.0.25",1.66325294726966,-0.00110468887314656,-0.0193547287475728,-0.0804267893413008
6312,"long_v3_CCD0.0.25",1.93397466262851,-0.0049205905472194,-0.00885258182431357,-0.0120178778266729
6313,"long_v3_CCD0.0.25",1.57419545970722,-0.0445668572128099,0.0410410536084398,-0.0205929540398591
6314,"long_v3_CCD0.0.25",1.76871019375862,0.0259142629068399,0.0607854931876042,-0.103780170155758
6315,"long_v3_CCD0.0.25",1.70590255775105,0.0420759861132815,0.00231294158703771,-0.164003185191918
6316,"long_v3_CCD0.0.25",2.14176372556587,-0.0672560486241714,-0.0468653805748283,-0.10039774417752
6317,"long_v3_CCD0.0.25",1.71432969292463,-0.0210155474447043,0.0740768183686339,-0.0751613158265855
6318,"long_v3_CCD0.0.25",1.83806071216139,-0.00307261471106872,-0.0676638104784254,-0.125490945307072
6319,"long_v3_CCD0.0.25",1.82510093157315,0.00552644177640631,-0.0399907282903927,-0.11367618558293
6320,"long_v3_CCD0.0.25",2.35856559840362,0.0958157962528646,0.0994416865177811,-0.0610548512677812
6321,"long_v3_CCD0.0.25",2.14078386728074,0.0748805119079559,0.0083513427024024,-0.14708347038532
6322,"long_v3_CCD0.0.25",1.88098693992923,-0.0262107247576476,0.0406689503054116,-0.0550661140112084
6323,"long_v3_CCD0.0.25",1.83701160724048,-0.0118983320677978,-0.00732927784533197,-0.140481158172846
6324,"long_v3_CCD0.0.25",2.04857336869143,0.0493507596431119,0.0333301940771363,-0.0718841165675698
6325,"long_v3_CCD0.0.25",2.35547515731553,-0.0203720025797767,-0.0109483815995913,-0.125267626628656
6326,"long_v3_CCD0.0.25",1.83542611768201,0.0312490140580285,-0.016381624712168,-0.155510987847547
6327,"long_v3_CCD0.0.25",1.68878052321457,0.00930154617153323,-0.0449404383913908,-0.0360794186685195
6328,"long_v3_CCD0.0.25",2.02436453404043,0.0251262629973326,0.0519488264908395,-0.125772652370709
6329,"long_v3_CCD0.0.25",1.84648755879219,0.0361064461769958,0.0368990052138432,-0.106018255044659
6330,"long_v3_CCD0.0.25",2.16388890815384,-0.0118473951797048,0.0673940601147677,-0.0562585686357335
6331,"long_v3_CCD0.0.25",1.57969249426114,0.0199108182683806,0.00300345608429035,-0.101905807833265
6332,"long_v3_CCD0.0.25",2.23134312755984,0.0116764129736528,0.0566756576102287,-0.130041196164085
6333,"long_v3_CCD0.0.25",1.88815286841717,-0.00826984949776339,0.0338154789828902,-0.137843122527194
6334,"long_v3_CCD0.0.25",2.23192584164533,0.00298210852682234,-0.000287936525365505,-0.0417031235484584
6335,"long_v3_CCD0.0.25",1.87936773808696,0.0158268474760418,-0.0363039154986865,-0.0614635483852676
6336,"long_v3_CCD0.0.25",1.99519436658487,0.00676132384425501,0.0454383458488193,-0.0860861228395019
6337,"long_v3_CCD0.0.25",1.71515111407655,0.0365819999496604,0.0157647494616013,-0.0974635387837102
6338,"long_v3_CCD0.0.25",1.89105225939026,0.0127044647510368,0.0847419824858284,-0.0801377801790439
6339,"long_v3_CCD0.0.25",1.98165639805397,0.0671596814117239,-0.0301030362725824,-0.0847426466346261
6340,"long_v3_CCD0.0.25",1.94589356553143,0.0361843234217869,0.0466741140305744,-0.0935578450173788
6341,"long_v3_CCD0.0.25",1.81161181270079,0.0532519011353559,0.045743159965371,-0.0659693820237149
6342,"long_v3_CCD0.0.25",1.86084927191219,-0.00209890447662316,0.0553904962442436,-0.0628342014700178
6343,"long_v3_CCD0.0.25",1.63129198685965,-0.00511491631636816,0.00109587261321181,-0.0391240294907473
6344,"long_v3_CCD0.0.25",2.09916092277864,0.015330277065087,-0.020425963448605,-0.0365476425755278
6345,"long_v3_CCD0.0.25",1.93953723609772,0.00659505919468513,0.0460555017443381,0.0288237233476562
6346,"long_v3_CCD0.0.25",1.80119580678848,0.0363199243885735,0.022674187799191,-0.0575340633889398
6347,"long_v3_CCD0.0.25",1.87352762616407,0.0039916527580612,0.0374029406601228,-0.09165044157276
6348,"long_v3_CCD0.0.25",1.73855968551174,0.0253711917675315,0.00785699032874302,-0.0831408997478319
6349,"long_v3_CCD0.0.25",1.75819127605095,-0.0520215734023445,-0.0450369232136156,-0.0373419581240471
6350,"long_v3_CCD0.0.25",1.85867055487505,0.00959183288908883,-0.00257770334786744,-0.147297728985245
6351,"long_v3_CCD0.0.25",2.1832481434967,0.0525325492153772,0.0123133368609193,-0.153998496682115
6352,"long_v3_CCD0.0.25",1.50575421524471,0.07421808285298,0.0351303565037626,-0.0899952486734092
6353,"long_v3_CCD0.0.25",1.90304432836301,0.00347278917619772,0.0370571671118756,-0.0198210768125043
6354,"long_v3_CCD0.0.25",1.83554912619627,0.0153679347034448,-0.00203802356312688,-0.0526045868419035
6355,"long_v3_CCD0.0.25",2.12708360413412,0.00733828913432181,0.0287414545611408,-0.216850467575337
6356,"long_v3_CCD0.0.25",1.64211915520504,0.013097685529833,-0.000895609998597564,-0.0787405921012191
6357,"long_v3_CCD0.0.25",1.98174216006992,-0.0476448775922812,0.0276989351925842,-0.105030936128303
6358,"long_v3_CCD0.0.25",1.91307451727997,0.0233481191410767,0.00469527744988068,-0.120498438052061
6359,"long_v3_CCD0.0.25",1.85685114636069,-0.0246904399479725,0.0630776961549979,-0.0488832034550503
6360,"long_v3_CCD0.0.25",1.9328929364624,0.0707774810232608,0.0780082835801933,-0.0668032815778284
6361,"long_v3_CCD0.0.25",1.85956844961727,0.00661815165589086,0.0327860669939938,0.0368867251862965
6362,"long_v3_CCD0.0.25",2.56877017683929,-0.0372662287209285,0.117328739444509,-0.0743735464761881
6363,"long_v3_CCD0.0.25",1.7093013721349,0.0521496051789881,0.0185474332350928,-0.0836963998314974
6364,"long_v3_CCD0.0.25",2.02682020487747,0.0502038417410598,0.0643824261360911,-0.140568949238087
6365,"long_v3_CCD0.0.25",1.89076862470065,0.0363710738086159,0.0232636863958246,-0.104367708577668
6366,"long_v3_CCD0.0.25",1.71220258763819,-0.0489346361281338,0.0391431687617265,-0.0591177921982662
6367,"long_v3_CCD0.0.25",2.10994206916612,0.0105633926522074,0.0520312352983589,-0.0950251866517309
6368,"long_v3_CCD0.0.25",2.12022789513576,-0.0296157063425438,0.0149689246695123,-0.152389217040876
6369,"long_v3_CCD0.0.25",2.02879959703493,-0.0199473642710961,0.0517437641566197,-0.114235859640773
6370,"long_v3_CCD0.0.25",2.15417998917427,-0.0238607887511041,0.0825617868448394,-0.120698523757325
6371,"long_v3_CCD0.0.25",1.9561111310447,0.0279112583166674,0.0566444245092743,-0.1281850785112
6372,"long_v3_CCD0.0.25",1.83661523030798,0.00106547083780421,0.0472298132785988,-0.10208314500195
6373,"long_v3_CCD0.0.25",1.86636054715147,-0.0170423070086725,0.00144636122805214,-0.134110906054577
6374,"long_v3_CCD0.0.25",1.86023407929087,0.0367816921156022,0.0862064842173983,-0.0911333375925108
6375,"long_v3_CCD0.0.25",1.69647064085315,-0.0147292286348238,0.0429775038144819,-0.0554680148611708
6376,"long_v3_CCD0.0.25",1.85230964731196,-0.0726513271739678,-0.00350492992165869,-0.102374198824404
6377,"long_v3_CCD0.0.25",2.07410088869516,0.0287672509374583,-0.00475682497881128,-0.100746147404555
6378,"long_v3_CCD0.0.25",1.90421886514004,-0.0542389827435126,-0.0147203390404482,-0.0684444593010583
6379,"long_v3_CCD0.0.25",1.58420839192022,-0.0132799840117085,0.0190114515628944,-0.047754543901352
6380,"long_v3_CCD0.0.25",2.03122117808394,-0.064659539186488,0.0599944215405916,-0.0960179693072988
6381,"long_v3_CCD0.0.25",1.96615318268273,-0.0338222333410072,-0.0264314188275066,-0.0679520038064668
6382,"long_v3_CCD0.0.25",1.7099042172451,0.0125039159805623,0.0257792624666399,-0.054882326408341
6383,"long_v3_CCD0.0.25",2.09740589409105,0.0580751800853723,-0.00538970721626051,-0.0732578545241997
6384,"long_v3_CCD0.0.25",1.29696985899902,-0.00730416415183048,0.124555058397521,-0.0435294537404909
6385,"long_v3_CCD0.0.25",1.78243116055976,0.033935146935361,-0.076722121445028,-0.0859471825515301
6386,"long_v3_CCD0.0.25",2.15322261002658,-0.021070974374765,-0.0760136004894188,-0.145880296843888
6387,"long_v3_CCD0.0.25",1.69417193277116,0.0366484650400268,0.0758067841806864,-0.14224341844107
6388,"long_v3_CCD0.0.25",1.97436316426193,-0.0329029260244922,-0.0479010662632943,-0.0927843332108571
6389,"long_v3_CCD0.0.25",1.5671207979928,-0.00360665007921673,0.0641760255264197,-0.0721021506892807
6390,"long_v3_CCD0.0.25",1.68491503915316,-0.0356627015581253,0.020872204142212,-0.077473809211956
6391,"long_v3_CCD0.0.25",2.0868672475136,0.0357797631496893,0.0432443241527485,-0.141774913612173
6392,"long_v3_CCD0.0.25",1.87241143691182,-0.0282506115912369,0.029585902318205,-0.0931853605089574
6393,"long_v3_CCD0.0.25",2.02561904760521,0.0130000124209996,-0.000336503269252948,-0.0518003233831166
6394,"long_v3_CCD0.0.25",1.88616073656345,-0.0381478511216624,0.00199958103287396,-0.122088758520719
6395,"long_v3_CCD0.0.25",1.96336928198413,-0.0284496935956528,0.0224881471729853,-0.113419331630777
6396,"long_v3_CCD0.0.25",1.73942235989994,-0.0081412155316212,-0.00623458037152358,-0.0472695455329657
6397,"long_v3_CCD0.0.25",1.99687671938549,0.0474406578104433,0.0691082501275886,-0.105103319113156
6398,"long_v3_CCD0.0.25",1.86140923234181,-0.018424453206555,0.00882090193110733,-0.0856983932376852
6399,"long_v3_CCD0.0.25",1.69518084554932,-0.00784139130280507,0.0588449990935742,-0.0991348038318407
6400,"long_v3_CCD0.0.25",1.91327337592018,-0.0367151102007938,-0.041945764430002,-0.129584867944645
6401,"long_v3_CCD0.0.25",1.97213420821702,0.0319549615577476,-0.00417924972351166,-0.0879185245604457
6402,"long_v3_CCD0.0.25",1.94097799556431,0.0927749672792081,0.0911341343971161,-0.0674467990941344
6403,"long_v3_CCD0.0.25",1.76535968891405,0.0309157536859718,0.0236766625481523,-0.102940271246109
6404,"long_v3_CCD0.0.25",2.01859210573901,0.0123137124127822,0.0573442179967719,-0.145897061758336
6405,"long_v3_CCD0.0.25",1.49982825984589,-0.00726616164760142,0.0306876735492579,0.0494249144108813
6406,"long_v3_CCD0.0.25",1.70670375807799,-0.0809643292370587,-0.0197503962447985,-0.0605956011968023
6407,"long_v3_CCD0.0.25",1.89843109286971,-0.0199166352799772,-0.0330804090647749,-0.00684259372147965
6408,"long_v3_CCD0.0.25",2.15462637850901,-0.00132700673172957,0.037746010319072,-0.113359809092728
6409,"long_v3_CCD0.0.25",1.59080233634411,-0.0119278472466555,0.00453400171332313,-0.14199613762987
6410,"long_v3_CCD0.0.25",1.90864264807364,-0.0130943078171438,-0.0188861098835363,-0.0857597590340392
6411,"long_v3_CCD0.0.25",2.7068472569288,0.00879408163279991,-0.128983127080733,-0.132169356074523
6412,"long_v3_CCD0.0.25",2.19589024821817,-0.0170036916113491,0.0579173819462367,-0.0596362439022508
6413,"long_v3_CCD0.0.25",1.87066875819962,0.00160222706389817,0.0732713143918979,-0.0896122323857553
6414,"long_v3_CCD0.0.25",1.61248233058916,-0.056029767371974,0.0113488101487604,-0.0609545155325867
6415,"long_v3_CCD0.0.25",1.05280080419114,-0.00165642311919616,-0.0594498396085667,-0.0607222244690319
6416,"long_v3_CCD0.0.25",2.0232900926445,0.0420713931915614,0.0730249344095712,-0.0520620932377067
6417,"long_v3_CCD0.0.25",1.71472468761811,0.00933673791148623,0.0551545362125308,-0.174454775594698
6418,"long_v3_CCD0.0.25",1.77901620934667,-0.0153214302269495,0.0262444771094077,-0.0958557774163089
6419,"long_v3_CCD0.0.25",1.83208338272739,0.0118998176649141,0.0153552089703664,-0.0705107480773341
6420,"long_v3_CCD0.0.25",1.85895672501149,0.000206952887477543,-0.00917074739300533,-0.106340585024495
6421,"long_v3_CCD0.0.25",2.52854153380116,0.103184966225056,-0.0251371219328653,-0.212676046394273
6422,"long_v3_CCD0.0.25",1.89303661621539,0.0872328869423416,0.0289142698015699,-0.146031200377099
6423,"long_v3_CCD0.0.25",2.10362661783919,-0.0165069576173058,0.0230413760112395,-0.0624851372317594
6424,"long_v3_CCD0.0.25",1.89734005433694,0.00977355326860273,0.0482029769796811,-0.0634570872416266
6425,"long_v3_CCD0.0.25",1.91457330509666,0.019237773841726,0.0846804902255235,-0.0237916003767893
6426,"long_v3_CCD0.0.25",1.93470802055655,-0.0287241257910057,0.0895670626747421,0.00574659375925777
6427,"long_v3_CCD0.0.25",2.00568081818872,0.0346654131887536,0.0260034622595146,-0.0745204859701955
6428,"long_v3_CCD0.0.25",2.05531137231101,-0.0125357691023918,0.069111859157603,-0.0112631454371493
6429,"long_v3_CCD0.0.25",2.07097968850613,0.0201505194604966,0.0704218434061814,-0.050579386266413
6430,"long_v3_CCD0.0.25",1.88109921725361,0.00686790075364282,-0.0195189283094788,-0.104168706235724
6431,"long_v3_CCD0.0.25",1.62500044778161,0.0494542679238009,0.119781871657453,-0.0826971796345162
6432,"long_v3_CCD0.0.25",1.77655126219253,0.0377057299626531,0.0474323902956284,-0.0519305145216901
6433,"long_v3_CCD0.0.25",1.95927674418522,-0.015252791960585,0.0483090265528834,-0.0879269046460357
6434,"long_v3_CCD0.0.25",2.13582359145625,0.0451452233897171,0.00699995528662437,-0.0497564565294328
6435,"long_v3_CCD0.0.25",2.18404035724329,0.0867362625166432,0.00984748392086511,-0.216975752746758
6436,"long_v3_CCD0.0.25",1.91752090349631,-0.0035520283417974,0.00514737687453465,-0.0750920436572888
6437,"long_v3_CCD0.0.25",1.80138117474265,0.0472181266309967,0.015725311957555,-0.0923179439246892
6438,"long_v3_CCD0.0.25",1.99432332221718,-0.00980404928118305,0.0121182071923364,-0.0950291909365605
6439,"long_v3_CCD0.0.25",1.84205175730941,0.044394922510033,0.055464515002994,-0.0515748705993859
6440,"long_v3_CCD0.0.25",1.97534313588543,0.0433821097992702,0.0174770191101888,-0.143475682776084
6441,"long_v3_CCD0.0.25",1.87830459105533,0.0305500757762307,-0.0376798516927283,-0.0399060428473985
6442,"long_v3_CCD0.0.25",1.62865410038674,0.0699870447629721,-0.0322764391792793,-0.0462831068549854
6443,"long_v3_CCD0.0.25",1.87760118318686,-0.00882208745853246,0.0432193784827055,-0.0718065975112953
6444,"long_v3_CCD0.0.25",1.87043062245154,0.0562779681905008,0.0113849447454719,-0.0910908711362723
6445,"long_v3_CCD0.0.25",2.1801012671395,0.0619212761324044,0.00787172198253538,-0.117741491886118
6446,"long_v3_CCD0.0.25",2.20681288221767,-0.00587638802773757,0.00205555206618477,-0.0655820216504199
6447,"long_v3_CCD0.0.25",2.14379286394207,0.0403166335240647,-0.0177087897604319,-0.145287122933801
6448,"long_v3_CCD0.0.25",2.10732122162684,0.0140211686753674,-0.0580405041654008,-0.00226642091243811
6449,"long_v3_CCD0.0.25",1.88839837797565,-0.0236125432506072,0.03474120694102,-0.0739781654855364
6450,"long_v3_CCD0.0.25",2.01628089699165,-0.00932674360848506,0.00285318985932868,-0.105092959450663
6451,"long_v3_CCD0.0.25",1.64708921609756,0.0109269844105061,-0.0192332729947255,-0.105689607370984
6452,"long_v3_CCD0.0.25",1.59196001009466,0.0320047494291253,-0.00278787798994693,-0.0653011455722985
6453,"long_v3_CCD0.0.25",1.83676226487083,0.0569556858294841,-0.0302368045824913,-0.0577040338507716
6454,"long_v3_CCD0.0.25",2.12835420563315,0.00687415315870691,0.063701161608948,-0.0663163090150953
6455,"long_v3_CCD0.0.25",1.53101409646968,0.0111138036670233,0.0351039229503613,-0.126651534001267
6456,"long_v3_CCD0.0.25",1.94712438406644,0.0632980232405908,0.0271596683945886,-0.00173625303089947
6457,"long_v3_CCD0.0.25",1.15731363680552,-0.00849647024998493,-0.00220121395588841,-0.00442159383935743
6458,"long_v3_CCD0.0.25",1.6202925197693,-0.016484867330226,0.0244267343983033,0.0073454818802884
6459,"long_v3_CCD0.0.25",1.6484927046441,-0.018357066984309,-0.0067059747128827,-0.0887940357337013
6460,"long_v3_CCD0.0.25",2.01127562872608,-0.0242441433533958,0.0299512985215475,-0.0485071859857623
6461,"long_v3_CCD0.0.25",1.58024274955542,0.00398075820812916,0.118108436196829,-0.0223590064706271
6462,"long_v3_CCD0.0.25",1.80191008136607,0.0543241069685354,0.0250637443051276,-0.0442150880085816
6463,"long_v3_CCD0.0.25",2.0132149093238,-0.0184455278159784,0.0243353538343694,-0.0795916089055922
6464,"long_v3_CCD0.0.25",1.78736849822581,-0.0195937357722099,0.0712354100705437,-0.151144012407605
6465,"long_v3_CCD0.0.25",1.61377724929934,0.0176784742721437,-0.00242980574314166,-0.127822652039155
6466,"long_v3_CCD0.0.25",1.85025987338729,-0.00391390777014984,0.0805290490709302,0.00635664776664683
6467,"long_v3_CCD0.0.25",1.85779089839078,-0.0178713207535499,0.0801686064606841,-0.0633527987135613
6468,"long_v3_CCD0.0.25",1.71965135812998,-0.00355949702389279,0.0168178905340461,-0.0615871288028091
6469,"long_v3_CCD0.0.25",1.92696864472856,-0.00648125872960448,0.0296352354936824,-0.0759669421200791
6470,"long_v3_CCD0.0.25",1.91945670576916,-0.013917870260592,-0.0213649659751929,-0.0720355322991169
6471,"long_v3_CCD0.0.25",1.92574934146812,0.00304756913954209,-0.00280121030847443,-0.112163562436339
6472,"long_v3_CCD0.0.25",2.09093204021614,0.0549687568293138,0.0552939259556154,-0.0980309112111164
6473,"long_v3_CCD0.0.25",1.78271883878931,0.0109394768398802,0.0270177743733267,-0.10671183802526
6474,"long_v3_CCD0.0.25",2.24111179770683,-0.0261856400670553,0.00330100540084557,-0.0470370281963771
6475,"long_v3_CCD0.0.25",1.66475807243041,-0.0593109625044998,0.0332213371852678,-0.121458250646234
6476,"long_v3_CCD0.0.25",1.92158981306026,0.0236094798982984,-0.0191034646426848,-0.0698996196636588
6477,"long_v3_CCD0.0.25",1.71711447194577,0.000502517217745023,0.0975146902066046,-0.0790397822673786
6478,"long_v3_CCD0.0.25",1.75437989322741,0.0338949916984244,0.0591499531562532,-0.124792035837183
6479,"long_v3_CCD0.0.25",1.55062694217603,-0.0161365025500795,0.00285201365122909,-0.0763579945637593
6480,"long_v3_CCD0.0.25",1.87893211162239,-0.00202440131733287,0.0218736029761645,-0.113075801448623
6481,"long_v3_CCD0.0.25",1.75863496024294,-0.00164278191361733,0.00582538582563483,-0.108169197567166
6482,"long_v3_CCD0.0.25",1.94449154158884,-0.000442134272512583,0.00816297000617425,-0.099603519514154
6483,"long_v3_CCD0.0.25",1.47732737838428,0.00710365227446997,0.0556930366944049,-0.123565787706573
6484,"long_v3_CCD0.0.25",2.06631552474676,0.0359258861108653,0.0277793090754772,-0.0777006102349957
6485,"long_v3_CCD0.0.25",1.51534152761262,-0.0707234032860204,0.0475274540376547,-0.0206540746098711
6486,"long_v3_CCD0.0.25",1.98962418338799,-0.0607889080728367,0.0658624263489473,-0.0413484935821442
6487,"long_v3_CCD0.0.25",1.7669164819921,-0.000787146792710859,-0.00166393070384521,-0.0956584848221917
6488,"long_v3_CCD0.0.25",1.99127893816641,0.0563628005383066,0.0575702638201628,-0.0619916290604977
6489,"long_v3_CCD0.0.25",1.80114310550557,0.0464685716889435,0.0194020498618334,-0.175630070308749
6490,"long_v3_CCD0.0.25",1.9290907087837,-0.00476099173170494,0.0426043361932048,-0.0822940992023652
6491,"long_v3_CCD0.0.25",1.72125601841219,-0.0139479153211692,-0.0163362084856108,-0.0604085464064947
6492,"long_v3_CCD0.0.25",1.9833043001981,0.051205152303831,-0.0139201993628322,-0.122284635364254
6493,"long_v3_CCD0.0.25",2.01013602965575,0.0533033159071874,0.0249539002563273,-0.0755207365865947
6494,"long_v3_CCD0.0.25",1.77158594777083,-0.0016115921798076,0.0698878805803225,-0.0615738207386672
6495,"long_v3_CCD0.0.25",1.70834247237009,0.0144127833447167,0.0169523701587369,-0.0927276283384627
6496,"long_v3_CCD0.0.25",2.12955277581852,-0.0721530343201033,-0.0217091157474483,-0.045024894069107
6497,"long_v3_CCD0.0.25",1.91967065678926,0.0636086942051491,-0.00900309329580029,-0.0413186555623166
6498,"long_v3_CCD0.0.25",1.64770395508611,-0.0453121510045202,0.101944116110531,0.0121153831204479
6499,"long_v3_CCD0.0.25",1.79612857425391,0.0140054738064365,0.0109033941006759,-0.133937089342187
6500,"long_v3_CCD0.0.25",2.11362535594018,0.100269756256235,-0.00582857580965265,-0.0939038366018443
6501,"long_v3_CCD0.0.25",1.82706666793191,-0.0270361240967148,0.0370428131886791,-0.0670941113866965
6502,"long_v3_CCD0.0.25",2.42729260506347,0.0201205987336463,-0.0225407562091446,-0.154973775179398
6503,"long_v3_CCD0.0.25",1.58579070138628,0.0638488066795059,-0.10802111112441,-0.134866553341915
6504,"long_v3_CCD0.0.25",1.59463871189397,0.00962608491663156,0.0891716319059466,-0.0388371119701027
6505,"long_v3_CCD0.0.25",1.89128512361089,-0.0159314868261166,-0.00900279769184391,-0.0432665345539483
6506,"long_v3_CCD0.0.25",1.90344106619733,-0.000793840578011318,-0.0731625703032285,-0.0569300097032151
6507,"long_v3_CCD0.0.25",1.92372711182369,-0.0589272758954503,0.074018480048093,-0.0507165419430214
6508,"long_v3_CCD0.0.25",1.83376742702607,-0.0451839048702982,0.000374721422599443,-0.0852227960623176
6509,"long_v3_CCD0.0.25",1.88100394677188,0.0197380432100289,0.0778456837087998,-0.0875822982170774
6510,"long_v3_CCD0.0.25",1.75507420943557,-0.0361607122384082,0.0420002501287897,-0.0899236113529526
6511,"long_v3_CCD0.0.25",1.79007227899557,-0.032403419371109,-0.040350951756103,-0.119410337597911
6512,"long_v3_CCD0.0.25",1.8339565629739,0.0233788155050864,0.0836382290124666,-0.0914176185426449
6513,"long_v3_CCD0.0.25",2.42624181874828,0.029208922116747,-0.00427657385595308,-0.178433299470405
6514,"long_v3_CCD0.0.25",1.94506307075447,-0.036422866735468,0.0697494460398448,0.0234401749582065
6515,"long_v3_CCD0.0.25",1.83639573969578,-0.00290878294009136,0.0695042411966071,-0.0658143763762484
6516,"long_v3_CCD0.0.25",1.85874348425786,-0.061098169439713,0.00246806556798734,-0.0767266800063222
6517,"long_v3_CCD0.0.25",1.96222924778207,-0.00674138951291976,-0.0085931217375093,-0.0307532490400213
6518,"long_v3_CCD0.0.25",1.78321874614984,-0.0228465472358747,0.0288645356043589,-0.0647616232826195
6519,"long_v3_CCD0.0.25",1.54081280975497,0.0708606996093501,0.0458375553953954,-0.00325348245975832
6520,"long_v3_CCD0.0.25",1.84234806862506,-0.0297041921752094,0.0547889837874834,-0.06053850589328
6521,"long_v3_CCD0.0.25",1.73383206993662,-0.00384977073717559,0.00667046683255023,-0.0351927797691729
6522,"long_v3_CCD0.0.25",1.85992042640252,0.0365076087450048,0.0247043292163886,-0.0566736857424826
6523,"long_v3_CCD0.0.25",1.61597460852453,0.049919215329058,-0.000995655819642102,-0.0349090973486419
6524,"long_v3_CCD0.0.25",1.71951406453356,0.0202187783987483,0.0335855184521426,-0.031641148571957
6525,"long_v3_CCD0.0.25",1.73398476966068,-0.0885823965504229,0.0107213783767917,-0.080994633452845
6526,"long_v3_CCD0.0.25",1.72525700282454,-0.0192587843253533,0.0213291156527887,-0.0851204927053449
6527,"long_v3_CCD0.0.25",1.90988882695856,-0.0358342009828636,-0.0566140320204248,-0.135086455278388
6528,"long_v3_CCD0.0.25",1.82240078000077,0.0709924017850074,0.0418143566529315,-0.0484863302022932
6529,"long_v3_CCD0.0.25",2.35737465460037,0.0410976748307833,-0.0250861107489859,-0.122777776500642
6530,"long_v3_CCD0.0.25",1.79997385686011,0.0600487407474715,0.0582103213427575,-0.0366027110309034
6531,"long_v3_CCD0.0.25",1.76974798532735,-0.0120808455740971,0.0646033946329568,0.0497991777796493
6532,"long_v3_CCD0.0.25",2.29164364855657,-0.0354595701286336,0.0249883693631773,-0.11898615988688
6533,"long_v3_CCD0.0.25",1.82734160288349,-0.0175856780406817,0.0091295730734119,-0.160952545184241
6534,"long_v3_CCD0.0.25",2.07631271649532,3.05255730833585e-05,0.0439752019855372,-0.166420441925556
6535,"long_v3_CCD0.0.25",1.96093623016052,0.0222012136023329,0.0204633397735544,-0.161819624920787
6536,"long_v3_CCD0.0.25",1.76917457336707,0.0898386196358165,-0.0171133551510683,-0.0956187192873157
6537,"long_v3_CCD0.0.25",1.94169801944218,-0.0350487314806499,0.0692403545985633,-0.114182541417936
6538,"long_v3_CCD0.0.25",1.93358840599235,0.0391346892188821,0.00108915487709339,-0.0991224347880262
6539,"long_v3_CCD0.0.25",1.56031520922215,0.0449929947251321,0.0542183032333002,-0.0432086197192595
6540,"long_v3_CCD0.0.25",1.67531044202233,0.0341130761624937,0.0237317749086732,-0.0502579124089496
6541,"long_v3_CCD0.0.25",2.04627676859564,0.012465620553552,0.0272883965436411,-0.0551413006761066
6542,"long_v3_CCD0.0.25",1.89404871721027,0.0388706687956803,0.0218481743955685,-0.0719322099861814
6543,"long_v3_CCD0.0.25",1.8364332223605,-0.0229513153488664,-0.0617297278836167,-0.111697407607395
6544,"long_v3_CCD0.0.25",1.73287808682993,0.00838878127193317,0.0480137273928204,-0.0366350391815146
6545,"long_v3_CCD0.0.25",1.64550953660252,-0.0437444822919486,0.00918834961930972,-0.0733164521551598
6546,"long_v3_CCD0.0.25",1.9845412791866,0.00800269553411362,0.00153501704605234,-0.0895344079948238
6547,"long_v3_CCD0.0.25",1.9350708194248,0.124402633632047,-0.0200527315542662,-0.181723828700508
6548,"long_v3_CCD0.0.25",2.05414576299201,-0.0238273332846297,0.0747722588593221,-0.057273094212323
6549,"long_v3_CCD0.0.25",1.95756046759154,-0.0203897452160583,0.0558079108630746,-0.00727620233483881
6550,"long_v3_CCD0.0.25",1.82468730307025,0.0229311311396086,-0.0165904992919999,-0.0864749226440239
6551,"long_v3_CCD0.0.25",1.89339506765548,-0.0203473215235237,0.0539738289441227,0.00689136366501134
6552,"long_v3_CCD0.0.25",1.92167104848062,0.0706403309649759,0.0434884157212504,-0.170616847795794
6553,"long_v3_CCD0.0.25",2.00928797726002,0.0427914412515541,-0.0180605117747934,-0.040186444211823
6554,"long_v3_CCD0.0.25",1.86107456637951,0.00571278746013172,0.0162721407925872,-0.0324832801891911
6555,"long_v3_CCD0.0.25",2.13943204133458,0.0423741549567787,0.0865383214300802,-0.127551424529701
6556,"long_v3_CCD0.0.25",2.10180574333996,0.015695587026207,0.0931795695877008,-0.0615811562428343
6557,"long_v3_CCD0.0.25",1.62995137593383,-0.104306671042471,-0.0412760966002882,-0.0469430952052139
6558,"long_v3_CCD0.0.25",1.81622928837219,-0.0235489997476959,0.00648396436996233,-0.0811989557002968
6559,"long_v3_CCD0.0.25",2.10732342922022,0.0597733217476354,0.0924181550288937,-0.07979515394157
6560,"long_v3_CCD0.0.25",1.78529400464781,-0.0592154196499394,0.0505840206178313,-0.0581884722872634
6561,"long_v3_CCD0.0.25",1.80966266448255,-0.000380427349861603,0.0338736602970645,4.60114906491109e-05
6562,"long_v3_CCD0.0.25",1.90028216594733,0.0557788242415924,-0.0064245538564322,-0.0487977178764196
6563,"long_v3_CCD0.0.25",2.06855427399252,0.0139786824313729,0.0206624192390226,-0.0744522216305258
6564,"long_v3_CCD0.0.25",1.68410635294843,0.0216444624354831,-0.030005296417044,-0.0707348526391393
6565,"long_v3_CCD0.0.25",2.10974315406035,0.028786820943505,0.045983493093802,-0.112893063547904
6566,"long_v3_CCD0.0.25",2.25895554443082,-0.0360071278883739,0.0739729263164711,-0.0768527651666429
6567,"long_v3_CCD0.0.25",2.11662981887652,0.0368904002404127,0.0353135676203753,-0.00599906565381239
6568,"long_v3_CCD0.0.25",1.86928890251888,0.0347011165704602,0.012556803843866,-0.0813452748239435
6569,"long_v3_CCD0.0.25",1.82385734500872,-0.0296917504224026,0.0148115260668803,-0.0553229661600275
6570,"long_v3_CCD0.0.25",1.55484822890799,0.0136426590806657,0.00418002866029199,-0.0379610093480908
6571,"long_v3_CCD0.0.25",1.72850415253157,0.00479635322831307,0.0297975838174569,-0.0982627043359139
6572,"long_v3_CCD0.0.25",1.9504338426968,0.0567728931165846,-0.0433133838797338,-0.0719505235157375
6573,"long_v3_CCD0.0.25",1.89277994492177,0.0485576232217715,0.0218688654223866,-0.130924113389313
6574,"long_v3_CCD0.0.25",1.83902956844313,0.0675202527699734,0.125559690965786,-0.0543448404498495
6575,"long_v3_CCD0.0.25",2.22207717243802,0.0439185499992783,0.0308539252811279,-0.123522400161515
6576,"long_v3_CCD0.0.25",1.58174605772592,0.0749240613245973,0.097709651604445,-0.185679988947642
6577,"long_v3_CCD0.0.25",2.10897196667619,-0.0288155884230001,-0.0424361025664123,-0.0666295399382118
6578,"long_v3_CCD0.0.25",1.87640074478685,-0.0166107637345449,0.00252001444070582,-0.147478417084115
6579,"long_v3_CCD0.0.25",1.97223397117002,-0.0430508869185019,0.0417497645152709,-0.131917907445831
6580,"long_v3_CCD0.0.25",1.56841013124449,-0.0244995396423553,0.109089963508977,-0.113962800082038
6581,"long_v3_CCD0.0.25",1.8865879212104,-0.0593022601074706,0.0602126735412993,-0.0443672266565597
6582,"long_v3_CCD0.0.25",1.89124239017609,0.0377526149431702,-0.00946720028413611,0.04609503256007
6583,"long_v3_CCD0.0.25",1.98524258647217,-0.0392575215884005,0.0450786016531173,-0.0814464634339435
6584,"long_v3_CCD0.0.25",1.9895285630703,-0.0159716177543744,-0.0366049646164083,-0.0982588859754379
6585,"long_v3_CCD0.0.25",1.79836609651818,-0.00621397528671114,0.0381579134173307,-0.106304201740636
6586,"long_v3_CCD0.0.25",1.96993198321836,0.038001681171069,0.00641624990912444,-0.0789212784569634
6587,"long_v3_CCD0.0.25",1.92688988085588,0.0157071918823392,0.0551241967092664,-0.030743172024438
6588,"long_v3_CCD0.0.25",1.95536235652531,0.00537838248745299,0.0682128110540799,-0.105446602183147
6589,"long_v3_CCD0.0.25",1.655806530196,0.0117206055629372,0.0400852575110942,-0.13776452057667
6590,"long_v3_CCD0.0.25",1.76385646806085,-0.0314171977113429,-0.00280048181285119,-0.0670960722287917
6591,"long_v3_CCD0.0.25",1.20496296745075,0.0839783272897006,0.0273842604498395,-0.0822043331209211
6592,"long_v3_CCD0.0.25",2.03379395108826,0.0258423080061474,-0.00877576901475167,-0.0966337555171342
6593,"long_v3_CCD0.0.25",1.85978212274626,0.0174191909819663,-0.0125611278689989,-0.0766022752071369
6594,"long_v3_CCD0.0.25",1.92729998679731,-0.030693407370591,-0.00608914461562454,-0.0645510563517872
6595,"long_v3_CCD0.0.25",2.0209140598822,0.0186656511406205,0.0455127991335816,-0.0949383541896573
6596,"long_v3_CCD0.0.25",1.7974775167208,0.04312430106151,0.0422966351896694,0.0156427552580314
6597,"long_v3_CCD0.0.25",1.92292430984777,0.0244595520116626,-0.0194700095536121,0.000994646290896083
6598,"long_v3_CCD0.0.25",2.27236090548558,-0.0273620470813549,0.0286398511612347,-0.0730214381388965
6599,"long_v3_CCD0.0.25",1.99302206013892,0.00246321712888223,0.0456170988811747,-0.108915717642045
6600,"long_v3_CCD0.0.25",1.20196935433932,0.0499499641749544,0.0966676536523859,-0.0490205704326406
6601,"long_v3_CCD0.0.25",2.50979067888352,0.032494692958526,0.0969552754262955,-0.0963728219879765
6602,"long_v3_CCD0.0.25",2.00416216449676,0.000782191962765295,0.00948564151187967,-0.108191730119048
6603,"long_v3_CCD0.0.25",1.8420557248681,0.085035358793175,0.0347643490257083,-0.121274730631812
6604,"long_v3_CCD0.0.25",1.25823955574905,-0.00926695840627071,0.00119547007629553,-0.0889078211256673
6605,"long_v3_CCD0.0.25",1.90242070541102,-0.0113706087566688,0.00824517740473757,-0.096170990301531
6606,"long_v3_CCD0.0.25",1.84652822691974,0.0376895558687905,0.0717665261522888,-0.124658361031462
6607,"long_v3_CCD0.0.25",1.56224678355139,0.00181084994503968,0.0472309674605893,-0.0661670668154112
6608,"long_v3_CCD0.0.25",1.93981841683583,0.00829021437085249,-0.0456212317015913,-0.117105038970722
6609,"long_v3_CCD0.0.25",1.99041840636082,0.00906314395559597,0.0454198555917301,-0.0858338983262452
6610,"long_v3_CCD0.0.25",1.91505763513456,0.051040258023495,0.00573090519873962,-0.0253211575861925
6611,"long_v3_CCD0.0.25",2.15295604850011,-0.0444415343366371,-0.048659437796759,-0.0926463477773341
6612,"long_v3_CCD0.0.25",1.785424137756,0.0458774380699906,0.0386481185719355,-0.111094147841405
6613,"long_v3_CCD0.0.25",1.8806580215302,0.00745035881560433,-0.012690864925527,-0.0347265841920743
6614,"long_v3_CCD0.0.25",1.84668872656887,-0.0102821699287538,0.0504439568563291,-0.0715261682163969
6615,"long_v3_CCD0.0.25",1.86873174068783,-0.00686119637121796,0.0793658475076304,-0.0597083136901526
6616,"long_v3_CCD0.0.25",1.75984187172554,0.00286597511359654,-0.00690558276800966,-0.0967120809856172
6617,"long_v3_CCD0.0.25",1.70465570416538,-0.0214749404011961,0.0454106808422929,-0.0861911578618804
6618,"long_v3_CCD0.0.25",1.82654727613231,0.0508269819891487,0.0460132797081929,-0.0113661060547369
6619,"long_v3_CCD0.0.25",1.73701100801066,-0.0532960721740482,0.0240201403263147,-0.0942215373367135
6620,"long_v3_CCD0.0.25",1.82550049681349,-0.0400271415206704,0.00727524131019023,-0.109225818814258
6621,"long_v3_CCD0.0.25",1.88734544503421,-0.00231521309115753,0.0233632211282799,-0.136666116506584
6622,"long_v3_CCD0.0.25",1.99902711158239,0.00879660569560961,0.0737210805515761,-0.132597821330449
6623,"long_v3_CCD0.0.25",2.01045981735296,0.00556018557942238,0.0268806374298221,-0.0869477272783084
6624,"long_v3_CCD0.0.25",1.78020741517407,0.0051617612939947,0.00676195957882408,-0.0998931179903255
6625,"long_v3_CCD0.0.25",1.91615378417181,-0.0498571718608218,-0.0234489868754144,-0.0215569231203454
6626,"long_v3_CCD0.0.25",1.58344449736319,-0.0275316742157239,0.0118290979210873,-0.0667947765249699
6627,"long_v3_CCD0.0.25",1.79292642821722,0.0690837817288029,0.0629457167076175,-0.139735456345064
6628,"long_v3_CCD0.0.25",1.92574869876675,-0.00287302151166278,0.0235525065215063,-0.128512129392404
6629,"long_v3_CCD0.0.25",2.24261933280682,-0.0533100152768729,-0.0276522054794314,-0.0931767194664443
6630,"long_v3_CCD0.0.25",1.93389899953077,0.0129589341219065,0.0363366537440816,-0.118887934123609
6631,"long_v3_CCD0.0.25",1.47661179622374,-0.0301199194004601,0.0304099620176506,-0.066789301427085
6632,"long_v3_CCD0.0.25",2.03615268713058,-0.0709958328405262,0.000271190865488748,-0.0861090583138694
6633,"long_v3_CCD0.0.25",1.91141491866878,-0.0207446503079946,0.0291196844474315,-0.0630638245242014
6634,"long_v3_CCD0.0.25",1.72996815439728,-0.0273384535223279,0.021813557950803,-0.087365949118318
6635,"long_v3_CCD0.0.25",2.00441133231662,-0.00354015071309787,0.000460119816519469,-0.0594518425373599
6636,"long_v3_CCD0.0.25",2.25134784854811,0.00133798563800136,-0.0401833513901731,-0.127424222819601
6637,"long_v3_CCD0.0.25",1.85360513939739,0.00470882552261685,0.0544013964156392,-0.0198446783489744
6638,"long_v3_CCD0.0.25",2.23001732966886,0.0632474514591508,-0.0086155810668801,-0.118819131314895
6639,"long_v3_CCD0.0.25",1.76015182054558,-0.0325693940279769,0.0289723631231942,-0.0673057967813986
6640,"long_v3_CCD0.0.25",1.60663403501216,0.0781936073443259,0.0425361005720084,-0.0635853007769374
6641,"long_v3_CCD0.0.25",1.84189952085659,0.0396036727962575,-0.01925377629146,-0.186749161762251
6642,"long_v3_CCD0.0.25",2.03323222426773,-0.0511217746322011,0.0115416340980051,-0.0501532309758665
6643,"long_v3_CCD0.0.25",1.93430652813292,0.0164607875976231,0.0575051926898801,-0.106151152491599
6644,"long_v3_CCD0.0.25",1.76479593154184,0.0410334026241723,0.00750090634439382,-0.0383703076439624
6645,"long_v3_CCD0.0.25",2.16031050385034,-0.00116547466371483,-0.00979696254888084,-0.142396493159779
6646,"long_v3_CCD0.0.25",2.28265651424145,-0.00790815669797402,0.0161425754790774,-0.150701087843186
6647,"long_v3_CCD0.0.25",2.19569055879843,0.105067265681099,0.0100826443448206,-0.111731136260297
6648,"long_v3_CCD0.0.25",1.93913877290432,-0.00430435508294078,0.0927983456409348,-0.0634617487112553
6649,"long_v3_CCD0.0.25",1.58140634651467,-0.0358135133650587,0.0889275385454545,-0.0181692098138592
6650,"long_v3_CCD0.0.25",1.4392389305888,-0.014100380807565,0.0204056697376212,-0.0834880047686988
6651,"long_v3_CCD0.0.25",1.54757733621964,-0.0653740870707222,-0.0170595239092604,-0.136549100634618
6652,"long_v3_CCD0.0.25",1.95454120810554,0.0801037928585915,0.0566754613526472,-0.0672998334671454
6653,"long_v3_CCD0.0.25",1.35757625304061,0.0102126812965738,0.0380472904201738,-0.0459450471858615
6654,"long_v3_CCD0.0.25",1.88562134008297,-0.0164126799719978,-0.0404315555106955,-0.102852510505677
6655,"long_v3_CCD0.0.25",2.01105024481445,-0.0351657755542645,-0.0244470340111401,-0.177958811175378
6656,"long_v3_CCD0.0.25",1.83429528696826,0.028324045791242,0.00648696267372726,-0.0870166656266329
6657,"long_v3_CCD0.0.25",2.01367131554022,0.00120251566986245,0.037112463305201,-0.0853211400655474
6658,"long_v3_CCD0.0.25",2.12534364804644,0.00299779039886245,-0.0144496723152171,-0.0800243980874556
6659,"long_v3_CCD0.0.25",1.85859498383287,0.0180936934572306,0.0618598527230393,-0.052746586011254
6660,"long_v3_CCD0.0.25",1.74716656209584,-0.0258112077950481,0.0288233158592425,-0.0620108432844928
6661,"long_v3_CCD0.0.25",2.02853402243937,0.0390297078330773,0.00860244633034514,-0.0422341982304945
6662,"long_v3_CCD0.0.25",1.94200903199729,0.0698633821832269,0.000111456453105351,-0.0643767719891095
6663,"long_v3_CCD0.0.25",1.89648896870489,-0.0252735295123016,0.0282827542354199,-0.0451210220050888
6664,"long_v3_CCD0.0.25",1.76819497067016,0.0751318005380974,0.11716712353727,-0.00627608989510003
6665,"long_v3_CCD0.0.25",2.00562912463204,-0.0778932044130805,0.00438791532999462,-0.0674911320336071
6666,"long_v3_CCD0.0.25",2.05867913264979,-0.00364516115539287,-0.0206329466605613,-0.0734037409657708
6667,"long_v3_CCD0.0.25",1.89757497393965,0.0249344746011474,-0.00452245531544008,-0.116734892180898
6668,"long_v3_CCD0.0.25",2.05307582007405,0.0493351700212072,0.045742096104374,-0.0807275728702249
6669,"long_v3_CCD0.0.25",1.87752864003882,0.0638094317481678,0.0600552031015214,-0.058976728653893
6670,"long_v3_CCD0.0.25",1.72435546217675,0.00484649179096778,0.0614685719750971,-0.121668945117363
6671,"long_v3_CCD0.0.25",1.97582581922736,-0.0809188365234452,-0.0316007855584943,-0.0259259162379308
6672,"long_v3_CCD0.0.25",1.74650541162723,0.0149326038143485,0.0579917039939644,-0.0826222859087799
6673,"long_v3_CCD0.0.25",1.85429816654541,-0.0148134789050943,0.047862774150836,-0.056213868003853
6674,"long_v3_CCD0.0.25",1.81193298044355,-0.0472016416741594,0.0464022034854298,-0.0557321883794791
6675,"long_v3_CCD0.0.25",2.28202233039608,0.0611721599844423,-0.0188785414067371,-0.15644613024995
6676,"long_v3_CCD0.0.25",1.68772705796527,0.0130041284370599,0.0304097794108047,-0.0542890541935308
6677,"long_v3_CCD0.0.25",1.89074524832627,-0.052951544556505,0.0887326371832026,-0.0563236287534429
6678,"long_v3_CCD0.0.25",1.77824861014817,0.0590581788648846,0.0326303977251979,-0.0299623980223493
6679,"long_v3_CCD0.0.25",1.83951061881752,-0.0111037808920198,0.0570877894975964,-0.0132814316139704
6680,"long_v3_CCD0.0.25",1.82742459552946,0.017954725088662,0.0753173584755538,-0.0598162387973364
6681,"long_v3_CCD0.0.25",2.01198538065425,-0.0172183414473752,0.0564013101145003,-0.0335404536925959
6682,"long_v3_CCD0.0.25",2.29634768819342,0.0727475011687968,0.105579687316556,-0.118822768322025
6683,"long_v3_CCD0.0.25",1.89561139138661,-0.00753621439090301,0.00218658161946196,-0.1117059757498
6684,"long_v3_CCD0.0.25",1.88119587345819,-0.0228343804850588,-0.00495420527255348,-0.0196306446580476
6685,"long_v3_CCD0.0.25",1.89367360252842,-0.0302988239307686,0.0307935121407266,-0.0382970011072491
6686,"long_v3_CCD0.0.25",1.79373212263141,0.0408712148198723,0.0281803571993043,-0.0270312304926753
6687,"long_v3_CCD0.0.25",2.02747120181891,0.0399115136491812,-0.0516144589363479,-0.0529496641014813
6688,"long_v3_CCD0.0.25",1.95331555042482,-0.036048563498154,0.022566470815922,-0.0440967489723805
6689,"long_v3_CCD0.0.25",1.75735924085403,0.010063614375479,0.0267181350779047,-0.0352894372812145
6690,"long_v3_CCD0.0.25",1.8995549571428,0.00613133474113166,0.0837300597063042,-0.102232581209201
6691,"long_v3_CCD0.0.25",2.18789893129679,0.0717507403747719,-0.0265341288137296,-0.00625885838242905
6692,"long_v3_CCD0.0.25",1.76391886571843,0.00371119684784932,0.0344500053075771,-0.0129749456980063
6693,"long_v3_CCD0.0.25",1.53580811607632,-0.031561000131016,-0.00823607174078839,-0.114610034057027
6694,"long_v3_CCD0.0.25",1.79151415931278,0.0291817221389066,0.0114883034630531,-0.164714371383441
6695,"long_v3_CCD0.0.25",2.08257432974093,0.0303663789685936,0.0423765192025196,-0.11290405218535
6696,"long_v3_CCD0.0.25",2.15414033814246,-0.00815760957218092,0.0559205624900236,-0.136113754647283
6697,"long_v3_CCD0.0.25",1.87603512577426,-0.0430408759234392,0.0407516020760723,-0.115915695914342
6698,"long_v3_CCD0.0.25",1.64152840228443,-0.0092854173542338,0.00584644013604484,-0.149848406977624
6699,"long_v3_CCD0.0.25",1.68386578042759,-0.0906473974371822,0.0478615266721781,-0.0632112387885236
6700,"long_v3_CCD0.0.25",1.56887639095453,0.0351198617930868,0.0880648768541958,-0.138462942811443
6701,"long_v3_CCD0.0.25",2.03159432881223,-0.0525822617061162,-0.0546368801326982,-0.121692099847938
6702,"long_v3_CCD0.0.25",1.738571039279,-0.0115028966221134,0.0628744016496681,-0.153876335401429
6703,"long_v3_CCD0.0.25",2.097305096674,0.0255009267405049,-0.0234044728412065,-0.0811663454018563
6704,"long_v3_CCD0.0.25",1.46430469989473,-0.0480455464950319,0.0329449173482338,0.0252869317478186
6705,"long_v3_CCD0.0.25",1.86822386066471,0.019283849262695,0.0511755075855728,-0.0899913835455823
6706,"long_v3_CCD0.0.25",1.91557484339075,0.07663454171379,-0.0288153406347516,-0.0897249690583609
6707,"long_v3_CCD0.0.25",1.79055351355683,-0.0391636548272052,0.0410244159346777,-0.0992396884397699
6708,"long_v3_CCD0.0.25",1.50650314912639,0.0566138042542045,-0.0525185483990414,-0.108596353732719
6709,"long_v3_CCD0.0.25",2.29300257217247,-0.020709177550546,0.0713562312132238,-0.0296410425719643
6710,"long_v3_CCD0.0.25",1.97167262153448,0.0680734635671435,-0.000176530802860553,-0.0481543895381931
6711,"long_v3_CCD0.0.25",1.72108913450959,0.0306760466806753,-0.0142100402304901,-0.100825476863962
6712,"long_v3_CCD0.0.25",1.84009413696592,-0.0120275967684038,0.0872249081974378,-0.0927039769088875
6713,"long_v3_CCD0.0.25",1.88151516871625,0.0875826157141592,-0.0212679109287183,-0.135347364499468
6714,"long_v3_CCD0.0.25",1.98201332600892,0.0285575582922479,-0.00266762825705882,-0.156706947627745
6715,"long_v3_CCD0.0.25",2.05192376094387,0.0577195701778675,0.0506005378191494,-0.124999749633308
6716,"long_v3_CCD0.0.25",1.84554220723814,0.0686730935374543,-0.00393302103440449,-0.0596812889078492
6717,"long_v3_CCD0.0.25",1.92754453258985,0.039774846261261,0.0216323943573651,-0.047463046747609
6718,"long_v3_CCD0.0.25",1.88298822998716,0.0314481584885921,0.0546949635416005,-0.162359511333831
6719,"long_v3_CCD0.0.25",2.00998786377489,0.00226781414994943,0.0582620693217858,-0.126694475597993
6720,"long_v3_CCD0.0.25",2.25183723995051,0.0293509476999856,-0.0758319608531374,-0.063136212899923
6721,"long_v3_CCD0.0.25",1.91350481157119,0.0308647166275698,0.0203236610019564,-0.14396441359704
6722,"long_v3_CCD0.0.25",1.88976329195843,-0.0273302924911707,0.0527377778677879,-0.15273338129621
6723,"long_v3_CCD0.0.25",2.15893965816162,0.0107877222432976,0.0354578834878118,-0.104812566165732
6724,"long_v3_CCD0.0.25",1.73776612931825,-0.0190266557236781,0.0352205230812853,-0.0830658677001996
6725,"long_v3_CCD0.0.25",2.37916080237211,0.0156400062588425,0.0289343180623066,-0.179645961605447
6726,"long_v3_CCD0.0.25",1.81661429265727,0.0447594525149981,0.0927328227772409,-0.0814906357131652
6727,"long_v3_CCD0.0.25",1.74795444378446,-0.0129209323151555,0.0320636164890839,-0.109228317742887
6728,"long_v3_CCD0.0.25",2.20828630671884,0.0756158477557764,-0.00911816243981953,-0.0724656225684882
6729,"long_v3_CCD0.0.25",1.95246816533452,0.0527008194425244,0.0154182660921576,-0.0620734700036822
6730,"long_v3_CCD0.0.25",1.9616417230931,0.060714354978229,0.0495908063730003,-0.080828662177268
6731,"long_v3_CCD0.0.25",1.92423928985223,0.0183615560068978,0.0196097642589826,-0.0250865925594572
6732,"long_v3_CCD0.0.25",2.31346706465168,0.00150587338874799,0.0201901740724987,-0.0323019273758179
6733,"long_v3_CCD0.0.25",1.93031099774856,-0.00186921016093289,-0.0567108843703417,-0.0720157765021016
6734,"long_v3_CCD0.0.25",2.03002628408292,-0.0262431585108911,-0.00631080242086765,-0.108194110706425
6735,"long_v3_CCD0.0.25",1.7791645244171,-0.0119429271338842,-0.0265439169546494,-0.0676797660142553
6736,"long_v3_CCD0.0.25",1.92587156769971,-0.0344197313357524,0.0604348546524962,-0.0145992746840726
6737,"long_v3_CCD0.0.25",1.8534334503285,0.00146753888853569,0.0274945230694564,-0.167689425666239
6738,"long_v3_CCD0.0.25",1.78085439019821,-0.006876645308752,0.0277442913193179,-0.0810305246121395
6739,"long_v3_CCD0.0.25",1.89052375970994,0.0388928050824563,0.0177820800091509,-0.079641272031176
6740,"long_v3_CCD0.0.25",2.16696226995419,0.0543250450335684,0.0131140453669374,-0.102408599494766
6741,"long_v3_CCD0.0.25",1.69210990684691,0.0145161157841718,0.00545598258406335,-0.029112869945174
6742,"long_v3_CCD0.0.25",1.38780254198499,0.0168245568202641,0.0260004451364828,-0.103507298707642
6743,"long_v3_CCD0.0.25",2.11368843599656,0.011699553187231,0.0373054702205898,-0.0617959426515189
6744,"long_v3_CCD0.0.25",2.00703435181925,0.0223161227773172,-0.00108016411991335,-0.0730913345385794
6745,"long_v3_CCD0.0.25",2.16451173403476,-0.0143680681609125,0.00406845973879941,-0.085984892441442
6746,"long_v3_CCD0.0.25",1.8376352028236,-0.00612645695343979,-0.0264450511107949,-0.0402606282990279
6747,"long_v3_CCD0.0.25",1.59756807198443,0.010489439327434,-0.000600124757295296,-0.140062786711047
6748,"long_v3_CCD0.0.25",1.88545915467695,-0.00807961169046873,0.0162128551460351,-0.0936277000935885
6749,"long_v3_CCD0.0.25",1.85609467071317,0.00479839454335866,0.0304094504814853,-0.0404985278471461
6750,"long_v3_CCD0.0.25",1.76496164808668,-0.00259329533330584,0.00659565011707507,-0.0153361174874076
6751,"long_v3_CCD0.0.25",1.93856657150347,0.0195994013792235,0.0435596587977305,-0.0730764359028573
6752,"long_v3_CCD0.0.25",1.97244401115383,0.0312169187824529,0.00773681178240248,-0.0375063977103966
6753,"long_v3_CCD0.0.25",1.35599706663833,0.00591722990455026,0.00666254643138761,-0.0643559436182362
6754,"long_v3_CCD0.0.25",1.85925981827229,0.00110228760155157,0.0619080618977617,-0.125909005623656
6755,"long_v3_CCD0.0.25",2.06346826623188,0.0372477634049258,0.0414674823524281,-0.0654655583744425
6756,"long_v3_CCD0.0.25",2.58179973456332,0.12569610365322,-0.03810252969629,-0.0696550048513541
6757,"long_v3_CCD0.0.25",2.02235987675584,0.0396214006278055,0.0517629854137912,-0.0400064522456546
6758,"long_v3_CCD0.0.25",2.0751296904035,0.0698440160068112,0.048466224106456,-0.187465497906382
6759,"long_v3_CCD0.0.25",2.05251009126736,0.0141681420229023,-0.0219716121192233,-0.149630694662877
6760,"long_v3_CCD0.0.25",1.70102064226865,-0.017554182108741,0.0443707597392855,-0.112151369182177
6761,"long_v3_CCD0.0.25",1.49220465581458,0.0148676007563651,0.0207085851881885,-0.135616256755638
6762,"long_v3_CCD0.0.25",1.93207993504898,0.0127956294175123,0.044839000226147,-0.00936942789149772
6763,"long_v3_CCD0.0.25",1.96164445419971,0.0484771687495947,0.0750414573455856,-0.162337675482326
6764,"long_v3_CCD0.0.25",1.87295782650261,0.0161118687517748,0.0192272018429241,-0.103853886801074
6765,"long_v3_CCD0.0.25",1.85612330087774,0.0310108475819912,0.0254100000396118,-0.060985538882999
6766,"long_v3_CCD0.0.25",1.94070473140996,0.0288250997907971,0.0166299048122651,-0.135357631317719
6767,"long_v3_CCD0.0.25",1.85323204649194,0.035191143959588,0.000238819116931039,-0.0948900383238006
6768,"long_v3_CCD0.0.25",2.40940430886634,0.0587680564237375,0.00421249343795127,-0.0655338193425303
6769,"long_v3_CCD0.0.25",1.66167814704809,0.0187914736890518,0.0427662170954177,-0.146759736138122
6770,"long_v3_CCD0.0.25",2.09754328983794,-0.00738048536952609,0.00784409663430926,-0.00903401394076788
6771,"long_v3_CCD0.0.25",1.77221420293518,-0.000955244700433586,-0.0195006829455493,-0.0777623311258256
6772,"long_v3_CCD0.0.25",1.9362956206106,-0.0797456866135501,0.000994011931055885,-0.0864258879302393
6773,"long_v3_CCD0.0.25",1.89286176421076,0.0341936078697126,0.0583036910420152,-0.068816834530455
6774,"long_v3_CCD0.0.25",2.19221235745491,0.000671004510180439,-0.00447890287795758,-0.197342398222652
6775,"long_v3_CCD0.0.25",1.76585042701214,-0.0504563536370007,0.0287453605849922,-0.134793623173905
6776,"long_v3_CCD0.0.25",1.33289197176504,0.0499154352452935,0.00212799637770542,-0.0117005324058593
6777,"long_v3_CCD0.0.25",2.21259940836063,-0.0387826067610239,0.0138820526609784,-0.0277270387586468
6778,"long_v3_CCD0.0.25",2.05006477351252,0.00138046526557071,0.0358479543381442,-0.071639022406522
6779,"long_v3_CCD0.0.25",2.01721366728155,-0.0309393988885027,-0.0052791554298299,-0.0365832891919059
6780,"long_v3_CCD0.0.25",2.12216680802422,0.00874340459101644,0.024751675490613,-0.13232448044136
6781,"long_v3_CCD0.0.25",1.80803079602335,-0.0041209256877408,0.0119500572062961,-0.0882480441044018
6782,"long_v3_CCD0.0.25",1.51928603655057,-0.0214698726643639,0.0725894364130581,-0.0883927628586236
6783,"long_v3_CCD0.0.25",1.83720990740304,0.0020210259928055,-0.0501866832403095,-0.101685564383687
6784,"long_v3_CCD0.0.25",0.586351507838031,0.036221383396117,0.0536811329423098,-0.0835838285766954
6785,"long_v3_CCD0.0.25",1.73527731352621,0.0507056505811742,0.0690210631149618,-0.121977030925044
6786,"long_v3_CCD0.0.25",1.87931033381843,0.0359365796145153,0.0231539252265821,-0.026476638132893
6787,"long_v3_CCD0.0.25",1.79371579110104,-0.0785499733755871,0.0432076322559144,-0.0405704595666784
6788,"long_v3_CCD0.0.25",2.22833303809223,0.0619081324951632,-0.0546880961230894,-0.0726349552014543
6789,"long_v3_CCD0.0.25",1.8555992435504,-0.0322836938184448,0.00803753064681079,-0.0934092457334713
6790,"long_v3_CCD0.0.25",2.20033339308517,-0.0195865356325504,0.0369554071771026,-0.110487685968663
6791,"long_v3_CCD0.0.25",1.84326733598726,0.00264911898684638,0.0210437553381568,-0.117812471950966
6792,"long_v3_CCD0.0.25",1.62093626914659,0.042701918545249,0.0304274819428044,-0.0626230495278616
6793,"long_v3_CCD0.0.25",1.98229173960515,0.0191726807529487,0.053662504239903,-0.105154729104365
6794,"long_v3_CCD0.0.25",1.83756889827316,0.00697112150300611,0.0211593165438436,-0.0622606205608698
6795,"long_v3_CCD0.0.25",1.76426278967828,-0.00353815051128754,-0.0838671417523702,-0.0536449990626141
6796,"long_v3_CCD0.0.25",1.64496288760758,0.0256244864141173,-0.0252383841862015,-0.0668481086565537
6797,"long_v3_CCD0.0.25",1.63218877609683,0.0262682126954474,0.0522227563599936,-0.0518153958295709
6798,"long_v3_CCD0.0.25",1.87917990703252,-0.0428703036297556,0.0455231307164387,-0.0693872211454234
6799,"long_v3_CCD0.0.25",2.11149667981044,0.00939825084925517,0.033664822071084,-0.116594293513044
6800,"long_v3_CCD0.0.25",1.43198182869634,-0.0214509554249142,0.00638570078913784,-0.0528535761351059
6801,"long_v3_CCD0.0.25",1.60852343883973,0.0129559197646257,0.0456951395017376,-0.0865119852540954
6802,"long_v3_CCD0.0.25",1.88667715803638,0.0208021164186002,0.0153179516812238,-0.11000708907292
6803,"long_v3_CCD0.0.25",1.61245915520656,0.0206013309745777,-0.000607567056026243,-0.169823151534337
6804,"long_v3_CCD0.0.25",2.11182663014912,0.0568962646490649,0.0581085836661614,-0.061050489838405
6805,"long_v3_CCD0.0.25",1.85100418598073,-0.00774331960864764,0.0463967771311657,-0.0498121469107042
6806,"long_v3_CCD0.0.25",1.2844148022071,0.0185459572232385,0.0603932769787012,-0.0849903618880068
6807,"long_v3_CCD0.0.25",1.70999839360688,-0.0409368786171306,0.0191531384896293,-0.129465665648549
6808,"long_v3_CCD0.0.25",1.91183674630126,0.0427201551229405,0.00203662659181426,-0.12351794061268
6809,"long_v3_CCD0.0.25",1.60248799330805,-0.0198447813134867,-0.120989201292467,-0.124535486816959
6810,"long_v3_CCD0.0.25",2.25043520368135,-0.0146528108563559,0.0433756361072658,-0.11353637341697
6811,"long_v3_CCD0.0.25",2.11149612309025,0.0350521279625999,0.052217525248345,-0.118237355148365
6812,"long_v3_CCD0.0.25",1.77709990153162,0.0237738227611487,-0.0137727297209048,-0.125488585676098
6813,"long_v3_CCD0.0.25",1.66095643059984,-0.00920767853752542,0.0241176153338648,-0.0172747997929187
6814,"long_v3_CCD0.0.25",1.36219986686655,-0.0895492356655978,0.00311286300529676,-0.0521891046140317
6815,"long_v3_CCD0.0.25",1.97629123811757,-0.0905808898106897,0.0308859983693707,-0.125296408959571
6816,"long_v3_CCD0.0.25",1.85681692175633,0.00622996762036419,0.0396795013200305,-0.102202821404541
6817,"long_v3_CCD0.0.25",1.76439506174231,0.0415176868999729,-0.0082013455800879,-0.103432902225951
6818,"long_v3_CCD0.0.25",1.83885288840987,0.0122989865201629,0.0274155260223494,-0.094877593705322
6819,"long_v3_CCD0.0.25",2.2740566190443,0.129974067712466,0.0430009111338976,-0.200952318143135
6820,"long_v3_CCD0.0.25",1.99765812851258,-0.00389482408078445,-0.00804814405728143,-0.0454199124341578
6821,"long_v3_CCD0.0.25",2.37152099021087,0.0663569129815973,-0.0217371211242217,-0.112642054493232
6822,"long_v3_CCD0.0.25",1.77006054223737,0.0380010969182811,0.0142161396549612,-0.0737274572318445
6823,"long_v3_CCD0.0.25",1.6711001463951,0.00876013680859443,0.00783613709029673,-0.0850061502058338
6824,"long_v3_CCD0.0.25",2.26312367509674,0.0268431282846531,0.0313803865481734,-0.0844979855233982
6825,"long_v3_CCD0.0.25",1.6443932462902,-0.0960215414317513,0.0500171639434565,-0.0798643811773032
6826,"long_v3_CCD0.0.25",2.03272276656885,-0.00272165007643665,0.0536138954713961,-0.0955881880718842
6827,"long_v3_CCD0.0.25",2.00154838992429,0.0413478763963955,-0.0199116879884075,-0.12541388398578
6828,"long_v3_CCD0.0.25",2.02882107761549,0.0122330248834259,0.0485998395789738,-0.0561153075151612
6829,"long_v3_CCD0.0.25",1.80066955740315,0.018450852338526,0.0264185964194391,-0.0317550342110933
6830,"long_v3_CCD0.0.25",2.06446527115474,-0.0101893826588092,-0.00203499822657153,-0.0803431141057561
6831,"long_v3_CCD0.0.25",1.65392257284064,0.015106086069466,0.00581131890256793,-0.0859456392337226
6832,"long_v3_CCD0.0.25",2.04707515783898,0.00102686993335363,-0.0172214745634945,-0.0469809927431038
6833,"long_v3_CCD0.0.25",1.84375900042282,0.00835085328437605,0.0672806486645152,-0.106981519736314
6834,"long_v3_CCD0.0.25",2.2858258606403,-0.0235425370789932,0.0093085837130894,-0.0426871672873842
6835,"long_v3_CCD0.0.25",1.993207089213,0.01538822130863,-0.00383232161099075,-0.106939442372214
6836,"long_v3_CCD0.0.25",1.84369519490125,-0.018468986975213,-0.0304776154916527,-0.149826692343256
6837,"long_v3_CCD0.0.25",2.26719589050056,0.0223849219444691,0.0637419673894101,-0.240530800983872
6838,"long_v3_CCD0.0.25",2.18851396570331,0.00788760681222894,0.0221621628891624,-0.0840550421612584
6839,"long_v3_CCD0.0.25",1.50185153342908,-0.0891475525574502,-0.0185298930632283,-0.106673786293543
6840,"long_v3_CCD0.0.25",2.25849705623532,0.0130686673873465,0.0260958330773112,-0.133766798387982
6841,"long_v3_CCD0.0.25",1.70923305233024,0.0529203541760247,0.0240158189606441,-0.0930602926779804
6842,"long_v3_CCD0.0.25",1.45323559678282,-0.0225446258793409,-0.0269761405257125,-0.104016269249727
6843,"long_v3_CCD0.0.25",1.65072123885897,-0.0209741480958882,0.0566936319777433,-0.0522677947638744
6844,"long_v3_CCD0.0.25",1.65279760572196,0.0507119334475476,0.0620723924949959,-0.00650535266406895
6845,"long_v3_CCD0.0.25",2.03079465131236,0.0235815445676639,0.0313258708304667,-0.0251922968041544
6846,"long_v3_CCD0.0.25",1.74931925233267,-0.0154098701774704,0.0174754433643847,-0.115976052523766
6847,"long_v3_CCD0.0.25",1.61989633506149,0.0175225041350428,-0.0545506016151208,-0.131900333426895
6848,"long_v3_CCD0.0.25",2.04462511800302,-0.0140821767065377,0.0176179871804031,-0.0219707180025341
6849,"long_v3_CCD0.0.25",1.93076280577489,-0.0456206270125141,0.0055688304259237,-0.098613424977752
6850,"long_v3_CCD0.0.25",1.87539315029361,0.0267226603970093,0.0423934998336728,-0.135412669279208
6851,"long_v3_CCD0.0.25",1.61172910611886,-0.0784275837946214,0.073121748799379,-0.0533161098638191
6852,"long_v3_CCD0.0.25",1.90412306894968,-0.0161983677806198,0.057478536341741,-0.0691265787346077
6853,"long_v3_CCD0.0.25",1.70986421931825,-0.00991460725083646,0.0145553461243958,-0.0671208712607769
6854,"long_v3_CCD0.0.25",2.22372213351626,-0.0207074962283927,-0.00646152903522683,-0.122195373134897
6855,"long_v3_CCD0.0.25",2.03842054861328,0.00376322916781557,0.0222493652338682,-0.09465621196429
6856,"long_v3_CCD0.0.25",1.92824735917693,-0.0824973485399439,0.0431965596915332,-0.0335738872548874
6857,"long_v3_CCD0.0.25",1.9722502190285,0.0302732925716189,0.0131209069167696,-0.0447351261016253
6858,"long_v3_CCD0.0.25",1.77048609754784,-0.0193666092462773,-0.0112733014098607,-0.0746878274993874
6859,"long_v3_CCD0.0.25",1.92082079413066,0.0555591392531875,-0.0132127604510853,-0.114933694139783
6860,"long_v3_CCD0.0.25",1.7569288583526,-0.00893207384477412,-0.0149605475594226,-0.0881680804777837
6861,"long_v3_CCD0.0.25",2.04312338208899,-0.0423314034536693,0.0195118949404276,-0.118629868668127
6862,"long_v3_CCD0.0.25",2.03595267939625,0.0234436238457689,-0.0272110623162428,-0.177582629616954
6863,"long_v3_CCD0.0.25",1.9913596188495,-0.00578028352084589,0.0261154488062141,-0.0542641382390132
6864,"long_v3_CCD0.0.25",1.67220501372413,0.0667175403732603,-0.0789551405278468,-0.0490614338466438
6865,"long_v3_CCD0.0.25",1.75360377053277,0.00276301658115089,-0.0170209461600521,0.00793030625062886
6866,"long_v3_CCD0.0.25",1.52300114767591,0.0385565224474929,0.00703499145886578,-0.0340774761289496
6867,"long_v3_CCD0.0.25",1.76941892201012,0.0694604920064027,-0.014884090768009,-0.0869043915347695
6868,"long_v3_CCD0.0.25",2.02888461627223,-0.00403158992815634,0.0186313146078322,-0.0887391987237457
6869,"long_v3_CCD0.0.25",2.17713901954642,-0.0466195999765772,-0.00365532293666708,-0.0914861691055109
6870,"long_v3_CCD0.0.25",1.95870841511991,0.0162419498691742,0.0490588671027642,-0.1159321576378
6871,"long_v3_CCD0.0.25",1.92165088185786,-0.0510739635024592,-0.00684414418963865,-0.0424859416723761
6872,"long_v3_CCD0.0.25",1.70243301654066,-0.0206228518092518,0.0376047231805576,-0.0973392424459802
6873,"long_v3_CCD0.0.25",1.86129779444163,0.0586155401767719,0.0406155219450072,-0.112759735776846
6874,"long_v3_CCD0.0.25",2.00955607796171,0.0298204391421674,0.00165477110109218,-0.0408205452632652
6875,"long_v3_CCD0.0.25",1.5131299831163,0.0272088014557908,0.0146897346098338,-0.00516378237245027
6876,"long_v3_CCD0.0.25",1.94714568460223,-0.0335081265370383,-0.0172512309002095,-0.139990173200806
6877,"long_v3_CCD0.0.25",1.89366038242011,-0.0274971140707162,-0.00904999038097344,-0.14835603770144
6878,"long_v3_CCD0.0.25",2.13440624889551,-0.00459461050545323,0.0223464482307987,-0.0904603376421131
6879,"long_v3_CCD0.0.25",2.24557575607002,-0.0158385863027764,0.0515352502739312,-0.0882016617504399
6880,"long_v3_CCD0.0.25",1.66591512035316,0.0543662192172471,0.0081342954727577,-0.0424753806426626
6881,"long_v3_CCD0.0.25",2.08405582528398,0.035001766579014,0.0339622634625869,-0.119822840400954
6882,"long_v3_CCD0.0.25",1.88044582947,-0.0302737924952028,-0.0031857728369339,-0.0892954958694656
6883,"long_v3_CCD0.0.25",1.47299396639441,0.00507212276797921,-0.00286332711093333,-0.0163653481604568
6884,"long_v3_CCD0.0.25",1.87034070840252,0.0669439567007547,-0.0187387810614403,-0.153234707891851
6885,"long_v3_CCD0.0.25",1.91348487342186,0.0162980780757,-0.0527986503884979,-0.0299830171814413
6886,"long_v3_CCD0.0.25",1.68428320696093,0.0270063235084553,0.0152638124992227,-0.108360151814448
6887,"long_v3_CCD0.0.25",1.90588201478989,0.0174336180513379,-0.00952415812289468,-0.121005293089669
6888,"long_v3_CCD0.0.25",1.92775578481425,0.0374355972010806,0.0876824060171107,-0.140402597255896
6889,"long_v3_CCD0.0.25",1.83885117643748,-0.00959439260220123,-0.0103069752594618,-0.0321669367136919
6890,"long_v3_CCD0.0.25",1.91500253098145,0.0318167962629249,0.0153922076592018,-0.121242451467453
6891,"long_v3_CCD0.0.25",1.88360394897001,-0.0319808342891009,-0.0125008652028072,-0.101288150888399
6892,"long_v3_CCD0.0.25",1.5133598668458,-0.00498515440408808,0.0194474881739096,-0.0943816997382018
6893,"long_v3_CCD0.0.25",2.06151538454877,0.0472472498272632,0.0210712765942405,-0.131736629035186
6894,"long_v3_CCD0.0.25",2.0559499764606,0.0118632707385327,0.0797926596930633,-0.101801605134824
6895,"long_v3_CCD0.0.25",1.88290566732845,-0.010947101535436,0.0182391310432684,-0.00981388067475167
6896,"long_v3_CCD0.0.25",2.50876099146873,0.0468492192695844,-0.0344823512844856,-0.201175048633641
6897,"long_v3_CCD0.0.25",1.99338098340345,-0.00253048081477748,0.0381663460521916,-0.10058942161346
6898,"long_v3_CCD0.0.25",1.70234000568277,0.0102674061901492,0.0219343306705992,-0.0319505933430994
6899,"long_v3_CCD0.0.25",1.58134063889423,0.0162681157110311,0.00676654769262998,-0.153876691953287
6900,"long_v3_CCD0.0.25",2.29486313950792,0.109464141057071,-0.0249104924960621,-0.176031630144044
6901,"long_v3_CCD0.0.25",2.04270403967124,0.0444054433155192,0.0389422418942841,-0.0514906415461521
6902,"long_v3_CCD0.0.25",2.15073898865108,-0.0110999372818952,-0.046703285989493,-0.11991844190892
6903,"long_v3_CCD0.0.25",1.60543530264787,-0.0162396677708035,0.0434630341245782,-0.0149947497248531
6904,"long_v3_CCD0.0.25",1.96438662997255,0.0198617943013509,-0.00638688184193605,-0.0896611794534216
6905,"long_v3_CCD0.0.25",1.77877891620179,-0.0308223310055467,0.0446271158008896,-0.115734206114542
6906,"long_v3_CCD0.0.25",1.79485644479326,0.0312452015662415,0.0863589384124933,-0.088926264899042
6907,"long_v3_CCD0.0.25",2.18910146685053,0.0463297808136437,0.00173775684278867,-0.182127679686912
6908,"long_v3_CCD0.0.25",1.95340276085372,-0.000195100890874096,0.0127357371943566,-0.0891936051944036
6909,"long_v3_CCD0.0.25",2.05235014686462,0.032359034720165,-0.00575703455643811,-0.0334141919154541
6910,"long_v3_CCD0.0.25",2.00786500376595,0.0352756621438658,0.0631078933844286,-0.0957137262185273
6911,"long_v3_CCD0.0.25",1.9284987213753,-0.0014257642759224,0.0462141191906549,-0.110861082269741
6912,"long_v3_CCD0.0.25",1.78770119883549,0.0214627834126776,0.0101623021403055,-0.0510451213884926
6913,"long_v3_CCD0.0.25",1.86086152281897,0.0278552637375008,0.0371785823151573,-0.0933033525278571
6914,"long_v3_CCD0.0.25",2.50067843066552,0.0295293962610726,0.0791705461895077,-0.0883647815157637
6915,"long_v3_CCD0.0.25",1.73080543725853,-0.00515774746205031,0.0556434879644885,-0.0683439596519168
6916,"long_v3_CCD0.0.25",1.16747252713802,-0.0846418250408976,0.0193643438510467,-0.000712866833404104
6917,"long_v3_CCD0.0.25",1.71600199442623,0.00418545631620677,-0.00826014010533637,-0.053464430419825
6918,"long_v3_CCD0.0.25",1.30091092142814,-0.0459790825029252,0.0835663602665625,-0.00328113453054772
6919,"long_v3_CCD0.0.25",1.7945771361758,0.00798817179814124,0.0574404498736977,-0.0221131008926095
6920,"long_v3_CCD0.0.25",1.91485526300355,0.0371567127091407,0.00128781117683262,-0.0509367603506256
6921,"long_v3_CCD0.0.25",1.92385847439702,-0.0350278352466352,0.0109075987934112,-0.05712125808438
6922,"long_v3_CCD0.0.25",1.96121722357803,-0.00133073397234789,0.0759108372406023,-0.118526456569988
6923,"long_v3_CCD0.0.25",1.98938919428302,0.0440392478210428,0.0923936397027181,-0.118284193816624
6924,"long_v3_CCD0.0.25",1.91759119135105,0.00170217121526638,0.0653307985138794,-0.108414484697549
6925,"long_v3_CCD0.0.25",2.01471244315507,-0.00176469739474121,0.068475266119203,-0.0150616708980442
6926,"long_v3_CCD0.0.25",1.85780435411102,0.0312518869905722,-0.0394702433419462,-0.0503230349174327
6927,"long_v3_CCD0.0.25",2.04586268988364,0.00892917671997584,0.0212832332945765,-0.0975060746501473
6928,"long_v3_CCD0.0.25",1.95935449343685,-0.0242419040891951,0.00815704995169965,-0.114135569023906
6929,"long_v3_CCD0.0.25",1.76370853408627,-0.10083961751174,0.0118443979385127,-0.0595863765213477
6930,"long_v3_CCD0.0.25",1.72221467691228,0.028823870463358,-0.0199218534288219,-0.0862285940419178
6931,"long_v3_CCD0.0.25",1.82879101458991,0.0169822591095425,-0.0247870452426502,-0.0207191838142651
6932,"long_v3_CCD0.0.25",1.66515284005885,0.0461975232535616,-0.0627360784647523,-0.130031079829827
6933,"long_v3_CCD0.0.25",1.74238824850845,0.0304055615370474,0.0086360054199522,-0.101782237564332
6934,"long_v3_CCD0.0.25",1.92809745921714,-0.0524260777307353,0.0444992710956321,-0.107160085922015
6935,"long_v3_CCD0.0.25",1.8627893863777,0.0121616120931308,-0.0368310963159178,-0.076501477071413
6936,"long_v3_CCD0.0.25",1.73152543198896,0.023367830536322,-0.0655093142932246,-0.137361348671355
6937,"long_v3_CCD0.0.25",1.77170207943496,0.00490475693127487,-0.0388136930529497,-0.0569513186828596
6938,"long_v3_CCD0.0.25",2.14526053341121,-0.0568895437135718,0.102724089923231,-0.0612490145598908
6939,"long_v3_CCD0.0.25",2.18019801545283,0.0265011697936626,0.0629037826868823,-0.0998317307545215
6940,"long_v3_CCD0.0.25",2.12101853587051,0.0147934509425525,-0.00079009277057937,-0.0987695837108994
6941,"long_v3_CCD0.0.25",1.71732652082781,-0.0126636172053284,-0.0672515181405789,0.0260600390943409
6942,"long_v3_CCD0.0.25",1.68986289137609,0.0257130093647933,0.0256009728634812,-0.063115111633231
6943,"long_v3_CCD0.0.25",1.75254694988105,-0.0788664106359502,0.0892481317847474,-0.0622094914047502
6944,"long_v3_CCD0.0.25",1.72438765640301,0.073519804108141,-0.0180396779138378,-0.148267904682023
6945,"long_v3_CCD0.0.25",1.8719456469489,-0.0219527527152599,-0.0149533168633666,-0.080465413240592
6946,"long_v3_CCD0.0.25",1.76556497407553,-0.00969972648704466,0.00877694131485669,-0.115583713474618
6947,"long_v3_CCD0.0.25",2.01506442430986,0.0138012420207728,0.0381053557149717,-0.133844914770035
6948,"long_v3_CCD0.0.25",2.04083401670817,0.0158511913260311,0.0383824772570481,-0.0433163264340701
6949,"long_v3_CCD0.0.25",1.90066073919741,0.00619005849268548,0.0362952040048264,-0.0509492427164975
6950,"long_v3_CCD0.0.25",2.22933718170347,0.092494210514793,0.018421341657437,-0.0612170334294883
6951,"long_v3_CCD0.0.25",1.92161828511444,0.0234141683087564,0.0286173828919713,0.000689302019268102
6952,"long_v3_CCD0.0.25",2.12141880240399,0.0764483775554161,-0.0369058595074636,0.0103397096246458
6953,"long_v3_CCD0.0.25",1.92800565269583,-0.0025769766401796,0.019644058098728,-0.102377959042885
6954,"long_v3_CCD0.0.25",1.96022344873441,0.0466493695188737,0.0186115157831122,-0.0855494703553096
6955,"long_v3_CCD0.0.25",1.57764928778822,0.0155738840362974,0.0625729979582502,-0.0561497372112999
6956,"long_v3_CCD0.0.25",2.2478316040779,0.00375468866746455,0.00960586206373455,-0.120803192585159
6957,"long_v3_CCD0.0.25",2.11029075819396,0.0454843686737867,0.0398164537673324,-0.0374788209129789
6958,"long_v3_CCD0.0.25",1.60850060827817,0.0921703917283572,-0.0040905112257053,-0.108628271373416
6959,"long_v3_CCD0.0.25",1.96912452310934,0.0264092090728847,-0.0567375714425284,-0.134717331558278
6960,"long_v3_CCD0.0.25",2.0305996176191,0.0660005016188065,-0.0359124761662558,-0.115199586322956
6961,"long_v3_CCD0.0.25",1.83746240994851,0.042313661802079,0.0119419606497877,-0.107936367783705
6962,"long_v3_CCD0.0.25",1.88413213234992,-0.00467938566914086,0.109304460600347,-0.0201683137657208
6963,"long_v3_CCD0.0.25",1.95145714853489,0.0453086531500338,0.0853850832627445,-0.0487880108518821
6964,"long_v3_CCD0.0.25",1.84469103015517,0.0297564906659051,0.0499625911885017,-0.0793946914444438
6965,"long_v3_CCD0.0.25",1.93580556671508,0.0498088499098117,0.055124744073031,-0.155451476717194
6966,"long_v3_CCD0.0.25",1.96446836974565,-0.0413656616615939,0.0453483795648369,-0.113279955761845
6967,"long_v3_CCD0.0.25",2.29460062467119,0.0446480860200736,0.0286682042905114,-0.115463601838485
6968,"long_v3_CCD0.0.25",2.17320471192304,0.0146392222417646,0.0269818086998816,-0.108721082981821
6969,"long_v3_CCD0.0.25",2.06049452621771,0.0985055564423896,-0.0821767940322627,-0.225381191662728
6970,"long_v3_CCD0.0.25",2.11334120992417,0.0247513461369362,0.000420803206509716,-0.133618479981284
6971,"long_v3_CCD0.0.25",1.95409569180029,0.00493546193823514,-0.0327608940978413,-0.188337892861449
6972,"long_v3_CCD0.0.25",1.9521163609508,0.0429727954317959,-0.0123311192033369,-0.0228583370192239
6973,"long_v3_CCD0.0.25",2.06323236469655,0.0386721964002684,0.0084566682127417,-0.100750264808948
6974,"long_v3_CCD0.0.25",1.75278042515584,-0.0214302803156017,-0.016279073381794,-0.112526665817565
6975,"long_v3_CCD0.0.25",2.24404233131424,-0.0798818695471551,0.0236978396323271,-0.109105308453649
6976,"long_v3_CCD0.0.25",1.9875278295868,0.000529369839065611,0.0242485060743005,-0.072377214129026
6977,"long_v3_CCD0.0.25",1.74711612727594,0.00831159614741882,-0.0504218078193383,-0.029424238192787
6978,"long_v3_CCD0.0.25",1.77801671245139,0.0262459958398748,0.0212841557501477,-0.0347969513252071
6979,"long_v3_CCD0.0.25",1.85023776071872,0.0255143863230693,-0.0142069645094013,-0.0486233703544706
6980,"long_v3_CCD0.0.25",1.83825251106068,-0.0648422589767492,0.00955530759964331,-0.0815254077244821
6981,"long_v3_CCD0.0.25",2.04371951926187,-0.0451249674069611,0.0187596786002028,-0.117107573786738
6982,"long_v3_CCD0.0.25",1.9423955255144,-0.018750410614783,0.0321434692612004,-0.0497268869050312
6983,"long_v3_CCD0.0.25",1.70422788090626,0.00310173853905081,0.0181135732160651,-0.0769700805639556
6984,"long_v3_CCD0.0.25",1.95798374817564,0.0267178912773201,-0.0126252968494665,-0.0454930405464346
6985,"long_v3_CCD0.0.25",1.77090634195698,0.017318603914206,0.0163046116204011,-0.109309948300009
6986,"long_v3_CCD0.0.25",1.98690299924026,-0.0151923778164999,0.03283265989934,-0.0437892023331832
6987,"long_v3_CCD0.0.25",1.81580162901502,0.0115314909961332,0.0493958788966308,-0.0436875791838706
6988,"long_v3_CCD0.0.25",1.81963774710576,-0.0185286554349486,0.0896363898132854,-0.0880242730842617
6989,"long_v3_CCD0.0.25",1.73601991377755,-0.00339838592307021,0.0346351853478235,-0.0252862193311937
6990,"long_v3_CCD0.0.25",2.01234032416479,0.0543621907175405,0.0533927490329791,-0.0926600067607308
6991,"long_v3_CCD0.0.25",1.83611598106931,0.0241037698233983,-0.0149433318390137,-0.104932713686182
6992,"long_v3_CCD0.0.25",1.80936616850631,0.0545643275220118,0.0345858942477253,-0.0801899958039535
6993,"long_v3_CCD0.0.25",1.94971025982185,-0.0143458909738272,-0.0183943827683109,-0.145056847615842
6994,"long_v3_CCD0.0.25",1.96678616922647,-0.0136367399641765,0.0688939319668315,-0.0611433024907464
6995,"long_v3_CCD0.0.25",1.9451430816041,-0.00688664856259391,0.0661604477542963,-0.135806816510817
6996,"long_v3_CCD0.0.25",1.85209326001873,0.0122312736294937,-0.0379523984173858,-0.176647680374934
6997,"long_v3_CCD0.0.25",1.84897918379981,-0.0162988834761126,0.0211800653893252,-0.090557420276661
6998,"long_v3_CCD0.0.25",1.54915860784264,0.0200125534900893,-0.0440220274266562,-0.0290678499446684
6999,"long_v3_CCD0.0.25",1.98568936955852,0.0620849256898104,-0.0156131829194086,-0.0576375087207193
7000,"long_v3_CCD0.0.25",1.97603068745224,-0.00480620901291539,-0.000404566746997213,-0.0852617218280858
7001,"long_v3_CCD0.0.25",1.73240515053887,0.0269224109719147,0.0612934981298571,-0.0387606156993077
7002,"long_v3_CCD0.0.25",2.04746237072603,-0.0062632092463113,0.0186489947638968,-0.0218302162751054
7003,"long_v3_CCD0.0.25",2.11531844098212,-0.0133448507127477,0.0209146393971826,-0.0573428559395237
7004,"long_v3_CCD0.0.25",1.92585798830867,-0.0759992032221555,0.0241734955851693,-0.0425333253433922
7005,"long_v3_CCD0.0.25",2.00473006771624,-0.0554727229590376,0.0431223287460785,-0.045175899732704
7006,"long_v3_CCD0.0.25",1.73348006563933,0.0766351813755382,0.0026423071615411,-0.0614581259237309
7007,"long_v3_CCD0.0.25",1.90657147812182,-0.00356942797461037,0.0581220293133066,-0.216733352365157
7008,"long_v3_CCD0.0.25",1.97338008923673,0.0773666719920284,0.0448598009318466,-0.124479331970245
7009,"long_v3_CCD0.0.25",1.41877740203058,0.0595822942256824,0.0900813643209742,-0.0336279309593127
7010,"long_v3_CCD0.0.25",2.06302149800659,0.0210900521680796,0.00289755595470032,-0.0634526715945704
7011,"long_v3_CCD0.0.25",1.8564049419636,-0.0253574542106157,0.0280540629580938,-0.087487656239662
7012,"long_v3_CCD0.0.25",2.18501409413613,-0.00428697539048796,-0.0409436493124923,-0.0720888779160215
7013,"long_v3_CCD0.0.25",2.02345107273754,0.0316735492834785,-0.0344963936468259,-0.236026789539985
7014,"long_v3_CCD0.0.25",2.04304137715206,0.0400958987763615,0.0602804209507014,-0.0997974423190126
7015,"long_v3_CCD0.0.25",1.87173287299599,-0.0815109208210021,0.0728806520799715,-0.0519729731861636
7016,"long_v3_CCD0.0.25",2.19278644687915,0.051464634736023,0.114320437336993,-0.137871450527271
7017,"long_v3_CCD0.0.25",1.95040010487928,-0.0252871294740808,0.0159862759141163,-0.131711550753444
7018,"long_v3_CCD0.0.25",1.82008968389073,0.0186587033984511,0.0627039002000589,-0.0384418319870041
7019,"long_v3_CCD0.0.25",2.16748922879273,0.0339539558084054,-0.0290753935955555,-0.186469905511092
7020,"long_v3_CCD0.0.25",2.02726531221717,-0.0423863043632906,0.0457702495368882,-0.0589980513387661
7021,"long_v3_CCD0.0.25",2.09021849519484,-0.013930388486172,0.0211509416607219,-0.168875835240478
7022,"long_v3_CCD0.0.25",1.89412689164939,-0.023104384613438,0.0425836849591274,-0.117963140938333
7023,"long_v3_CCD0.0.25",1.87257154986858,-0.0174920032350869,-0.0322367169437615,-0.092430681969012
7024,"long_v3_CCD0.0.25",1.8560832410621,-0.0090761578233918,0.0616100320713186,-0.0792485519770421
7025,"long_v3_CCD0.0.25",1.84850528262154,0.0366866672504092,0.0312463438016896,-0.0934772648387345
7026,"long_v3_CCD0.0.25",1.92146286149469,0.00735199727070901,0.000393147564348231,-0.0735632192000481
7027,"long_v3_CCD0.0.25",1.34587824805926,0.0511429514190659,0.0190090010013494,-0.13555355287747
7028,"long_v3_CCD0.0.25",1.97788479900373,0.0417761327956378,0.0743819847433147,-0.100437542606516
7029,"long_v3_CCD0.0.25",1.57455401430042,0.0352192793803386,0.0829765347609033,-0.079979214598848
7030,"long_v3_CCD0.0.25",2.01775495745408,0.0163461444996419,0.00739224280866125,-0.0317114253715886
7031,"long_v3_CCD0.0.25",1.99793292389483,0.0867334325031358,0.0542445180961172,-0.0891614741087679
7032,"long_v3_CCD0.0.25",2.0111023630833,0.0257963435639145,0.0573256584741583,-0.0528342606321099
7033,"long_v3_CCD0.0.25",1.923968533921,0.0249378084705055,0.0657591242206769,-0.14470679519529
7034,"long_v3_CCD0.0.25",2.23460607576613,-0.0181527021591332,0.0638566952319329,-0.089173636920019
7035,"long_v3_CCD0.0.25",1.84853925987792,-0.00435882408425661,-0.00745794554413989,-0.00545693380200548
7036,"long_v3_CCD0.0.25",1.7587880007575,0.00440223366768751,0.0337055273706269,-0.0837155931176827
7037,"long_v3_CCD0.0.25",2.26032776174234,0.0105667118409787,-0.0923094441276107,-0.134118294334175
7038,"long_v3_CCD0.0.25",1.82060071940333,0.0486759911332929,0.0721627185015474,-0.0287805886122359
7039,"long_v3_CCD0.0.25",1.66026875938179,0.0601098413986583,-0.0169231135242,-0.0734341011191264
7040,"long_v3_CCD0.0.25",1.67360115372983,0.0178845488667938,-0.0052239087502924,-0.0437236673827953
7041,"long_v3_CCD0.0.25",1.95122576454009,-0.00185080214938318,0.0959133694170116,-0.136229942910668
7042,"long_v3_CCD0.0.25",1.90427437921606,0.0344335437667234,-0.00707753319049963,-0.1228507574675
7043,"long_v3_CCD0.0.25",1.8464024068708,-0.0190338589375049,0.109304739419091,-0.0723351039999035
7044,"long_v3_CCD0.0.25",2.16153086430186,-0.0241275783487974,0.00915720651972663,-0.108837345520651
7045,"long_v3_CCD0.0.25",2.56190108087008,-0.00201591238486771,-0.00172393158112884,-0.036250744906241
7046,"long_v3_CCD0.0.25",1.58422136371744,-0.0148422690236566,0.0224575712717668,0.00979737567084231
7047,"long_v3_CCD0.0.25",1.99113137988221,0.00249380612603286,-0.00879780141886952,-0.0887346442517787
7048,"long_v3_CCD0.0.25",2.13706527701664,-0.0254472093092305,-0.0197318715877263,-0.11922568161103
7049,"long_v3_CCD0.0.25",1.73225057300876,0.00471011880230112,0.0530909088744537,-0.0233794446707937
7050,"long_v3_CCD0.0.25",1.72869491018134,-0.0307559574645306,0.0566338941975228,-0.0483720535367219
7051,"long_v3_CCD0.0.25",2.08727404507012,0.0798016375633137,0.0180822223077939,-0.0986838923083351
7052,"long_v3_CCD0.0.25",1.86443772717657,-0.0210855850609241,0.0269565612971032,-0.0519621559818256
7053,"long_v3_CCD0.0.25",1.81899478734293,0.00823672230728899,0.0675809414266048,-0.120393373490687
7054,"long_v3_CCD0.0.25",2.01574793441538,0.0156766080627895,0.046967812760367,-0.114047142431789
7055,"long_v3_CCD0.0.25",1.93481489300499,0.0414959373928472,0.065866143164024,-0.0958354012033859
7056,"long_v3_CCD0.0.25",1.92476203886628,0.0152943812318254,0.028049282279099,-0.0552015767904183
7057,"long_v3_CCD0.0.25",2.08117884930761,0.0103111296759364,0.0493597560619701,-0.0771832995646114
7058,"long_v3_CCD0.0.25",2.0679972823589,-0.0327164631652123,-0.0215961881049147,-0.0968981083154181
7059,"long_v3_CCD0.0.25",2.07817450779448,0.0445059364739869,0.0195762317445757,-0.123931298532734
7060,"long_v3_CCD0.0.25",1.87723475047622,0.00936504015040701,0.0728908340090672,-0.125204455827843
7061,"long_v3_CCD0.0.25",1.64693651256941,-0.0406791991453093,0.0283399995313159,-0.0948384600327354
7062,"long_v3_CCD0.0.25",2.10566628082861,-0.000909034587585639,0.0134782502128735,-0.08289397711425
7063,"long_v3_CCD0.0.25",1.63920169053895,0.0193371518951217,-0.00129177020694865,-0.0500291852545775
7064,"long_v3_CCD0.0.25",1.83710971470967,0.0196520983757186,0.0222664740161269,-0.157810177387084
7065,"long_v3_CCD0.0.25",2.04668205194604,-0.037939815830434,0.0138595156475835,-0.0742929242373268
7066,"long_v3_CCD0.0.25",2.13710633673895,0.0600402066642098,-0.00125656600509443,-0.0565431603251551
7067,"long_v3_CCD0.0.25",1.66934417952489,-0.00998458922468058,-0.0176632445081218,-0.0718852546172534
7068,"long_v3_CCD0.0.25",1.83663696212014,-0.0297417198802255,-0.0135747659075364,-0.0172068813483796
7069,"long_v3_CCD0.0.25",1.61314658509917,-0.00188761298813098,0.0143479608913158,-0.0682592915248847
7070,"long_v3_CCD0.0.25",1.74651041662793,0.00357780636700411,-0.000693545169430709,-0.165720995459783
7071,"long_v3_CCD0.0.25",1.81191008328306,0.00310237197163114,0.0930935204538517,-0.053294762180665
7072,"long_v3_CCD0.0.25",1.56388006150524,0.00467838190652187,-0.0521568215496341,-0.0588345716454755
7073,"long_v3_CCD0.0.25",1.97716544457518,0.0423690774201684,-0.0424684999909773,-0.158062102721883
7074,"long_v3_CCD0.0.25",2.08224591669103,-0.027873316096426,-0.000145341088835059,-0.0250009669143671
7075,"long_v3_CCD0.0.25",1.8331486073233,-0.0710375724274322,-0.0158504046608713,-0.0280806988749828
7076,"long_v3_CCD0.0.25",1.9477582047204,0.053780983904977,0.0209122525641578,-0.100010781975305
7077,"long_v3_CCD0.0.25",1.98562304729822,-0.00959895927465742,0.0266591554063966,-0.0897765517351694
7078,"long_v3_CCD0.0.25",1.82711157691706,-0.0119055680903021,0.0358919210939566,-0.0967311675103532
7079,"long_v3_CCD0.0.25",1.73322500429482,-0.0012225095091815,0.00618676779564776,0.00632702690752243
7080,"long_v3_CCD0.0.25",1.90825279930767,0.023435700938262,0.0145141731022087,-0.0521110855535552
7081,"long_v3_CCD0.0.25",1.80175931669663,-0.00949920059560831,-0.0187311611014665,-0.0535477172563688
7082,"long_v3_CCD0.0.25",1.79075973058722,-0.00163111384932858,0.0779391437938513,0.0091729923790204
7083,"long_v3_CCD0.0.25",1.58251861549843,0.0866203342412281,0.0905374901690352,-0.0665981280898666
7084,"long_v3_CCD0.0.25",2.16693819355917,0.0249593660194103,0.0397618877664787,-0.034660448221449
7085,"long_v3_CCD0.0.25",1.7946814230703,0.0217478529759021,0.0638620725368002,-0.047599944996442
7086,"long_v3_CCD0.0.25",2.13803882966408,0.00292575029632417,0.0298177022822227,-0.0663822247898719
7087,"long_v3_CCD0.0.25",1.50207570396119,-0.0491039804899801,-0.0330609121981087,-0.0621637941465898
7088,"long_v3_CCD0.0.25",1.84420796704573,-0.0372809478069724,0.0832473976495187,-0.0194104960251297
7089,"long_v3_CCD0.0.25",1.96465852916343,-0.0568070486419964,0.0143971566222041,-0.113371748569952
7090,"long_v3_CCD0.0.25",2.07476749258427,0.0228236115411062,0.0101673389267647,-0.0778584695358703
7091,"long_v3_CCD0.0.25",1.7567581431494,0.0122580296189033,-0.00234025258480508,-0.123160816044213
7092,"long_v3_CCD0.0.25",1.7617727195785,-0.0358245368513033,-0.0138522955069926,-0.0963724497625118
7093,"long_v3_CCD0.0.25",2.09226523012197,0.0526035663121382,0.00880908801847706,-0.11674200136409
7094,"long_v3_CCD0.0.25",1.68840593370892,0.00612253083849958,0.0738474481468165,-0.123785389330416
7095,"long_v3_CCD0.0.25",1.79479699732504,-0.00724867458926894,-0.0115136356363428,-0.016353865289587
7096,"long_v3_CCD0.0.25",1.87962354589328,0.0298870337432823,0.0420455448899855,-0.0620885314246963
7097,"long_v3_CCD0.0.25",2.01147490044536,0.0448351604969714,0.0129688419520379,-0.0359058580689262
7098,"long_v3_CCD0.0.25",1.98133708570742,0.0229269398861356,0.0341513196904812,-0.0504435723289618
7099,"long_v3_CCD0.0.25",1.75054141704795,-0.0310733895431174,0.00498232907283485,-0.0684719034387596
7100,"long_v3_CCD0.0.25",2.23720542816004,0.00775463813125494,0.0526003080218061,-0.192467788025289
7101,"long_v3_CCD0.0.25",1.81420037736495,-0.00898791120921584,0.0199868445272184,-0.0854980151499524
7102,"long_v3_CCD0.0.25",1.7095416316218,-0.0100995680917758,0.0457440698679232,0.0165158098952351
7103,"long_v3_CCD0.0.25",1.9281909797339,0.00169995212546803,0.0440973743800978,-0.0871236180187511
7104,"long_v3_CCD0.0.25",1.84405445559335,0.00593480626498497,0.0848257543744948,-0.0987147541100622
7105,"long_v3_CCD0.0.25",1.84752512578735,0.0143644695789987,0.0359316143901412,-0.105360770290221
7106,"long_v3_CCD0.0.25",1.84396229869223,0.0456725903973944,0.020671451848697,-0.153075011621707
7107,"long_v3_CCD0.0.25",1.8171282771402,0.0630999495770861,0.0724548920397238,-0.0254676003364382
7108,"long_v3_CCD0.0.25",2.07430168666074,0.00546733645435742,0.090536317208782,-0.123949463848456
7109,"long_v3_CCD0.0.25",2.13005082692783,-0.00951995172824998,0.0752833431449563,-0.148493246809312
7110,"long_v3_CCD0.0.25",1.86674639486165,0.0369418343863532,0.0737343276351377,-0.0209404707681161
7111,"long_v3_CCD0.0.25",2.10627089139551,-0.0211344686857968,0.0273185036761667,-0.120697743388731
7112,"long_v3_CCD0.0.25",1.65721402576424,-0.0163284876711944,0.013228709708167,-0.0188294851352078
7113,"long_v3_CCD0.0.25",1.8524990777327,0.00406558848535857,0.0491378752625937,-0.0369281008940096
7114,"long_v3_CCD0.0.25",1.66664414165955,0.00561886090004923,-0.019353408424044,-0.0756866641210904
7115,"long_v3_CCD0.0.25",2.00229301517123,0.0518978918284388,0.0549695509425776,-0.154425968056171
7116,"long_v3_CCD0.0.25",2.13167447644607,0.00158059228259387,0.0818699107284536,-0.0296567423185022
7117,"long_v3_CCD0.0.25",2.16157186736474,-0.0403383492992469,0.0600824274085932,-0.0291845128892495
7118,"long_v3_CCD0.0.25",1.95275792828274,0.0415424652241084,0.00104451231697993,-0.0931451321289011
7119,"long_v3_CCD0.0.25",1.9463938268306,-0.0033292528211948,0.0136963867742334,-0.0778026917400406
7120,"long_v3_CCD0.0.25",1.65536229445765,-0.0303527438427649,0.0184135863094907,-0.0955390941173831
7121,"long_v3_CCD0.0.25",2.09978397890775,-0.0335190181621679,0.0290747861243429,-0.0876520408854934
7122,"long_v3_CCD0.0.25",1.85330354641577,0.00810124796112515,0.0472335955339731,-0.104774381586425
7123,"long_v3_CCD0.0.25",1.63369593506563,-0.0900466004489447,0.0149087604497252,-0.0727307067378844
7124,"long_v3_CCD0.0.25",1.76843986951697,0.0768374706201517,0.0449282761167445,-0.0470476553087882
7125,"long_v3_CCD0.0.25",1.94570721583086,-0.00141430013146472,0.0173841568429004,-0.0868819704990678
7126,"long_v3_CCD0.0.25",2.08968261662345,-0.0223343055339488,0.0385062286433,-0.127189095398553
7127,"long_v3_CCD0.0.25",1.75359545814514,0.0239871018063975,0.0424600382520025,0.0151685246884687
7128,"long_v3_CCD0.0.25",2.15078956000523,0.0105871385809914,0.0180551164669632,-0.085401336667365
7129,"long_v3_CCD0.0.25",2.00288285530182,0.0304402185158647,0.0732979235305449,-0.0889178562316785
7130,"long_v3_CCD0.0.25",1.71638936090222,-0.0144701623843524,0.0206080935945274,-0.044527683800723
7131,"long_v3_CCD0.0.25",1.76023527843956,-0.0216156835054599,-0.0243991960424908,-0.0450803342641934
7132,"long_v3_CCD0.0.25",1.59285910697462,0.0279078528620425,-0.0326835694181649,-0.153122725279286
7133,"long_v3_CCD0.0.25",1.92612828220505,0.00803968320391078,0.024918559143908,-0.0612656853843437
7134,"long_v3_CCD0.0.25",2.14881724010792,-0.0127562152028212,0.0470399177508641,-0.175485267217911
7135,"long_v3_CCD0.0.25",1.62883249354802,0.0262448143220896,0.0276055956773244,-0.203072742851367
7136,"long_v3_CCD0.0.25",2.07276150094419,-0.0273395679038032,0.0562697878547666,-0.0634952397738118
7137,"long_v3_CCD0.0.25",1.99523830872455,-0.0203992192195236,-0.0177671830234587,-0.0696983420041543
7138,"long_v3_CCD0.0.25",1.55677425079288,-0.0428668418143107,0.0411382275081813,-0.090766154773182
7139,"long_v3_CCD0.0.25",1.78465703735428,0.00576255994212343,0.0185365602049622,-0.109729264408812
7140,"long_v3_CCD0.0.25",1.90256127124133,-0.00438516331664075,-0.00900880455832912,-0.0765688595424116
7141,"long_v3_CCD0.0.25",1.74157990158706,-0.0201506301014694,0.0265012094593181,-0.0783747275403947
7142,"long_v3_CCD0.0.25",1.71243691787461,0.0293953504304802,0.0213595518668388,-0.123037201720634
7143,"long_v3_CCD0.0.25",2.03524697970933,0.0210468296926293,-0.00999315665239918,-0.115309912721143
7144,"long_v3_CCD0.0.25",1.65988903773675,-0.0390271569741069,-0.0136270970058385,-0.0844686443651556
7145,"long_v3_CCD0.0.25",2.00072159417013,0.0340830046774845,0.000614307666663903,-0.0804109990166134
7146,"long_v3_CCD0.0.25",1.46786916024465,0.0101935332596739,0.00435353889078954,-0.140260380847613
7147,"long_v3_CCD0.0.25",2.01745492300957,0.0296334408380421,0.00268258980135189,-0.132679284535191
7148,"long_v3_CCD0.0.25",2.01615377556483,0.160942114672535,0.0535148483468898,-0.125411059696423
7149,"long_v3_CCD0.0.25",1.90965971545014,0.00683078922372408,0.00941971904988705,-0.154655625857178
7150,"long_v3_CCD0.0.25",2.01646874588655,0.0444362033284718,0.00979420537380556,-0.0916269074582172
7151,"long_v3_CCD0.0.25",1.70826849389152,0.0128978264620473,0.00560024436313642,-0.0543450634060823
7152,"long_v3_CCD0.0.25",1.91999927866944,0.0444923445376907,0.04995512402065,-0.063744281682789
7153,"long_v3_CCD0.0.25",2.03375416311017,0.0373872607038355,0.0481213211731409,-0.0538311108123991
7154,"long_v3_CCD0.0.25",1.98742081994804,-0.0198915901070015,-0.00809855334943769,-0.11487971106019
7155,"long_v3_CCD0.0.25",1.69289288174962,0.00625476248652128,-0.0116085744239724,-0.0913156512937714
7156,"long_v3_CCD0.0.25",1.89745766067739,0.0541056222632129,0.0175469303678751,-0.090397856392275
7157,"long_v3_CCD0.0.25",1.97236023447938,-0.0209349983423374,0.0103754953887762,-0.141567336032539
7158,"long_v3_CCD0.0.25",1.94723112697051,-0.0177388654130818,0.0139418335259614,-0.0634628048950174
7159,"long_v3_CCD0.0.25",1.82720068325595,0.055432931402024,0.0194621826410115,-0.133579120698556
7160,"long_v3_CCD0.0.25",1.56892322159751,-0.0415240312294416,0.0216082134376723,-0.115984249475938
7161,"long_v3_CCD0.0.25",1.79907838813412,0.048442047891334,-0.00203400598316745,-0.0892531984005188
7162,"long_v3_CCD0.0.25",1.9427540924882,0.0689795920707958,-0.00444423961084896,-0.166202727702575
7163,"long_v3_CCD0.0.25",1.89312270060064,-0.000223320019385577,-0.0609254369324575,-0.043064506744539
7164,"long_v3_CCD0.0.25",1.81246478829812,0.0408724756230684,0.0351625797934653,-0.0941885055780152
7165,"long_v3_CCD0.0.25",1.76948678366403,0.0744804623780105,-0.0113166432443581,-0.0750400001552767
7166,"long_v3_CCD0.0.25",2.18659971524583,0.00423835068581065,0.0838140338878927,-0.0876324866345372
7167,"long_v3_CCD0.0.25",1.98745705243474,0.0442201353304845,-0.0133437628933234,-0.151783751733968
7168,"long_v3_CCD0.0.25",1.74532355370847,-0.066409513444322,0.0132895585113837,-0.104583208424234
7169,"long_v3_CCD0.0.25",2.18869608601266,0.0237650442515677,0.000933671217078894,-0.213581712587486
7170,"long_v3_CCD0.0.25",2.09332188841432,-0.0875404753719919,0.012642657383405,-0.130347794085505
7171,"long_v3_CCD0.0.25",1.65334350033902,0.0273390054473013,-0.0213491945136429,-0.1296449338027
7172,"long_v3_CCD0.0.25",1.67484594840572,-0.0151610221741618,-0.0139049492145614,-0.10753366041121
7173,"long_v3_CCD0.0.25",2.17638393966788,0.00794655172284773,0.0653509074124938,-0.121622610880891
7174,"long_v3_CCD0.0.25",1.59721757961315,0.0545180143632411,-0.0278221507895677,-0.0455140466630039
7175,"long_v3_CCD0.0.25",1.99537201806712,0.0186007560098607,0.042449518249111,-0.109112208004781
7176,"long_v3_CCD0.0.25",2.21691314929094,-0.0379070560964,-0.030309966187581,-0.0930215352821803
7177,"long_v3_CCD0.0.25",1.65073805556859,0.0387455242349133,0.0286071332522335,-0.0617494681312026
7178,"long_v3_CCD0.0.25",1.71750898140273,-0.0127810960389072,-0.0180582138973603,-0.0608039416415959
7179,"long_v3_CCD0.0.25",1.84733557131653,0.0526663127224928,0.0297332370405219,-0.112555753622125
7180,"long_v3_CCD0.0.25",2.06394103559027,-0.00120849733120252,0.00907244361689696,-0.0863017719589307
7181,"long_v3_CCD0.0.25",1.88362233904621,-0.0142883369975763,-0.0699824767692468,-0.128420907197107
7182,"long_v3_CCD0.0.25",2.39134667456259,-0.000739534242602656,0.0809520705854054,-0.0711067403999751
7183,"long_v3_CCD0.0.25",2.06578603049397,0.0268333021028107,0.0474334700974544,-0.119292397433975
7184,"long_v3_CCD0.0.25",1.92671811987372,0.0542660969466491,0.01620131909829,-0.0804633857976327
7185,"long_v3_CCD0.0.25",2.02161686688543,0.0358570873087068,0.0194844285252712,-0.0414508574540555
7186,"long_v3_CCD0.0.25",1.6774666124171,-0.0206982595168204,-0.00282189479152127,-0.058129519874449
7187,"long_v3_CCD0.0.25",2.16318991326841,-0.0560053847459857,0.0367108956740235,-0.189262317660094
7188,"long_v3_CCD0.0.25",2.04571021452442,-0.00300872918528401,0.0545098835278204,-0.108550166665534
7189,"long_v3_CCD0.0.25",1.78031157453934,-0.0469306681564101,-0.0513626763755528,-0.0250506219239573
7190,"long_v3_CCD0.0.25",1.94102024352889,0.00084568433964402,0.0152653374661365,-0.146171689120424
7191,"long_v3_CCD0.0.25",2.098171246502,0.0526602854572394,0.0362896964991338,-0.0845754703515868
7192,"long_v3_CCD0.0.25",1.74936948206099,0.0213189289040031,-0.00447119868914136,-0.0534637595942266
7193,"long_v3_CCD0.0.25",1.88354100619154,-0.111290314832504,0.0276334234416383,-0.162584197454097
7194,"long_v3_CCD0.0.25",1.85687722756837,0.00751907027773103,-0.0798144851608011,-0.0877559924913636
7195,"long_v3_CCD0.0.25",2.19804342956723,0.0130712717210339,-0.0185761687839432,-0.0804430901242202
7196,"long_v3_CCD0.0.25",1.97371685881028,-0.0714161380630736,0.0365409953462155,-0.0659938639271973
7197,"long_v3_CCD0.0.25",1.66395646591946,-0.0700876584877276,0.0267198691722461,-0.0443119538629169
7198,"long_v3_CCD0.0.25",2.05493512566062,-0.0387742485486806,0.0285020169981803,-0.0862547871542599
7199,"long_v3_CCD0.0.25",1.92513217912398,0.0181771032287915,-0.0806330339833208,-0.0114005749678633
7200,"long_v3_CCD0.0.25",1.32947630912857,0.0323160767140666,0.0290924789777208,-0.0833458338380023
7201,"long_v3_CCD0.0.25",1.87196380470811,0.0406439968937364,-0.0257634806534676,-0.0661638038093365
7202,"long_v3_CCD0.0.25",1.89518689642123,-0.0267462199546436,0.0330695101990723,-0.139185356335638
7203,"long_v3_CCD0.0.25",2.03530198063472,-0.00843896168486571,0.0235406260131646,-0.00968455050515324
7204,"long_v3_CCD0.0.25",2.01636434042481,-0.0664622192083575,-0.0774264940210148,-0.166167480000956
7205,"long_v3_CCD0.0.25",1.60599660266796,0.0988807186086842,0.0425166214258924,-0.200755478083351
7206,"long_v3_CCD0.0.25",2.11150132862958,-0.00318767597745456,-0.0048997789435893,-0.139528065954071
7207,"long_v3_CCD0.0.25",1.86252603187665,-0.00843322909935459,0.0220222823267749,-0.146531233664923
7208,"long_v3_CCD0.0.25",1.66756566240794,-0.0226893362885221,0.0412350378498828,-0.0875059778816263
7209,"long_v3_CCD0.0.25",2.06049581577174,0.0196940849704978,0.00703324753336581,-0.0655716892672174
7210,"long_v3_CCD0.0.25",1.82507824943751,0.0178137438907579,0.00464669578073613,-0.0967331694474335
7211,"long_v3_CCD0.0.25",1.5538655957393,-0.0673770153255569,0.0581171307547761,-0.0536508140818574
7212,"long_v3_CCD0.0.25",1.78532958419513,-0.0316317211001719,0.0206718232990614,-0.155306085513294
7213,"long_v3_CCD0.0.25",1.77138614606026,-0.0194034183697214,0.0240915182537334,-0.0607442825772465
7214,"long_v3_CCD0.0.25",1.8807049218553,-0.0563223081936754,0.0185486554848832,-0.142768101453791
7215,"long_v3_CCD0.0.25",1.97202821300313,0.0114890681794183,0.0131274823731261,-0.136352394684532
7216,"long_v3_CCD0.0.25",2.00815204946078,0.02240915967462,-0.0254776068068878,-0.06974457275455
7217,"long_v3_CCD0.0.25",1.8638330278552,0.0170020813056684,-0.0659969407466447,-0.0910564717224493
7218,"long_v3_CCD0.0.25",1.90191765291901,-0.00842915040366562,-0.00248219161470436,-0.0974449454238786
7219,"long_v3_CCD0.0.25",1.79282274443609,-0.0060699265599956,0.0866294659767157,-0.010884466664889
7220,"long_v3_CCD0.0.25",1.93573473571652,-0.0144084375477065,0.023516981551484,-0.117567501651937
7221,"long_v3_CCD0.0.25",2.0227308970294,-0.0200668883081924,0.0406085899151358,-0.0496815641631175
7222,"long_v3_CCD0.0.25",2.11874616609443,0.0121250843198779,0.024826940893028,0.00639564392823844
7223,"long_v3_CCD0.0.25",1.90775290332905,-0.0141577473315785,0.00753311850173624,-0.103639132723948
7224,"long_v3_CCD0.0.25",1.12868983300134,-0.0539262789470125,0.0728146107198073,0.00290807610283058
7225,"long_v3_CCD0.0.25",2.11277661603031,0.12891701714041,0.057372971719543,-0.0849145524682805
7226,"long_v3_CCD0.0.25",1.84414473054807,0.0467214354167007,-0.0412942182042384,-0.178791070749826
7227,"long_v3_CCD0.0.25",1.93574034619872,0.0317543818494211,0.00654054463205306,-0.105390083367227
7228,"long_v3_CCD0.0.25",1.86254577735996,0.00631638794241662,-0.0327182193693039,-0.0962982161925246
7229,"long_v3_CCD0.0.25",1.59421644855497,0.0302203928554765,0.051892848426818,-0.153723427902966
7230,"long_v3_CCD0.0.25",1.89573271599364,0.0115999584375743,0.0130744488908173,-0.090174410503588
7231,"long_v3_CCD0.0.25",1.99968781351015,-0.0247716649532521,0.0968493874491649,-0.0835238914670563
7232,"long_v3_CCD0.0.25",1.90954990165016,0.0126952253736734,-0.0118095681203542,-0.0880381356438835
7233,"long_v3_CCD0.0.25",1.96426841701286,0.00820739672528735,0.0101303197452723,-0.147719452703561
7234,"long_v3_CCD0.0.25",1.93006117741619,-0.00590756123031729,0.00646916954414279,-0.104414602490953
7235,"long_v3_CCD0.0.25",1.80161697635426,-0.0048857807025259,0.0576256818590862,-0.0683164297894903
7236,"long_v3_CCD0.0.25",2.02381926127635,0.0561810430757119,0.0710180314216399,-0.123430210850367
7237,"long_v3_CCD0.0.25",1.98948798714847,0.0614953894613051,-0.00848466223827678,-0.151004313893529
7238,"long_v3_CCD0.0.25",1.6275485885802,-0.00202918507419247,0.0403067105890365,-0.138488079103757
7239,"long_v3_CCD0.0.25",1.88819355101094,0.0160746774408029,0.0383082914355389,-0.0901867602845457
7240,"long_v3_CCD0.0.25",2.02208903937953,0.0492024255367616,-0.00471616246281017,-0.121804655956483
7241,"long_v3_CCD0.0.25",2.16953460659464,-0.0138282405416941,-0.0148482281408269,-0.212713133827524
7242,"long_v3_CCD0.0.25",1.67130386632822,0.0381768999858798,0.0261410601038534,-0.0716592609635308
7243,"long_v3_CCD0.0.25",2.28220316492533,-0.111415355195802,0.0321936896948917,-0.122297451285291
7244,"long_v3_CCD0.0.25",1.85269400781562,0.000631419614481292,-0.00842226976780384,-0.106831779322825
7245,"long_v3_CCD0.0.25",1.53245404469517,0.0960056504497509,0.0707420381706043,-0.0605842009897805
7246,"long_v3_CCD0.0.25",1.6365114898937,-0.0202849141674358,0.00616657937807616,-0.0817355071136144
7247,"long_v3_CCD0.0.25",1.84063837040333,-0.028881933460635,0.0121173622053939,-0.10697479187402
7248,"long_v3_CCD0.0.25",1.89368361316521,-0.0184030088208925,0.039504648170716,-0.0473393345569028
7249,"long_v3_CCD0.0.25",1.95381590690255,-0.00114190220562354,0.0270397128133815,-0.115552458517303
7250,"long_v3_CCD0.0.25",2.1338891099266,0.0163721313663672,0.0108846326072209,-0.111319661133098
7251,"long_v3_CCD0.0.25",1.95822844817722,0.0187295147605814,0.0668269692850945,-0.0538711282879537
7252,"long_v3_CCD0.0.25",2.15475794757053,-0.00119677849915643,0.0577477351434088,-0.0431457564700221
7253,"long_v3_CCD0.0.25",1.95075160843082,-0.0156432543995374,-0.0242191384567378,-0.0832420053939302
7254,"long_v3_CCD0.0.25",1.62319820018686,-0.0186858955902936,0.0214792668891345,-0.132510667315407
7255,"long_v3_CCD0.0.25",1.8438491089719,-0.0080908299504033,0.0646452461996291,-0.00679236061567987
7256,"long_v3_CCD0.0.25",2.03520378064847,-0.00485028532512432,0.0304833431525387,-0.0499021200954014
7257,"long_v3_CCD0.0.25",1.76553999871536,-0.0110697145894103,0.0713754368865674,-0.100343665939409
7258,"long_v3_CCD0.0.25",2.11503376588116,0.0168576882943644,-0.0421387535985866,-0.123843667160633
7259,"long_v3_CCD0.0.25",1.73043910340999,-0.00845941111465942,0.0347936959512771,-0.100713519261645
7260,"long_v3_CCD0.0.25",1.52324699286278,-0.0196348456222695,-0.0315149121260989,-0.0400428615529305
7261,"long_v3_CCD0.0.25",1.63511904024648,-0.0435862604133989,0.0263003537953705,-0.131502613622923
7262,"long_v3_CCD0.0.25",1.88313332009325,0.0230782713475843,0.0627185980342714,-0.0206885687382395
7263,"long_v3_CCD0.0.25",1.92855127818851,-0.0382366932608255,0.0130463682614599,-0.114246487181671
7264,"long_v3_CCD0.0.25",1.59177894123604,-0.00473641299911341,0.0593432949870638,-0.103827897598799
7265,"long_v3_CCD0.0.25",1.66217122638741,-0.0201838049703529,0.00423558747248255,-0.00470854127106405
7266,"long_v3_CCD0.0.25",1.83681439368617,0.0564456623183463,-0.0253486173414005,-0.100500968872426
7267,"long_v3_CCD0.0.25",1.72916325123615,-0.017432818177235,0.0328864146732333,-0.0860857873935747
7268,"long_v3_CCD0.0.25",1.43177168906184,-0.0477122036153306,-0.0122270488331908,-0.116363082459489
7269,"long_v3_CCD0.0.25",1.9634322435239,-0.034903840121622,0.0672366027091696,-0.0890365091640665
7270,"long_v3_CCD0.0.25",1.95690521638725,0.00324102703801262,0.0148451825051148,-0.0757357901036236
7271,"long_v3_CCD0.0.25",1.84636734287298,0.0330804222775057,0.036020259035668,-0.024209508071021
7272,"long_v3_CCD0.0.25",1.89041965230911,-0.00832525642178183,-0.0292329520260514,-0.0799132328160805
7273,"long_v3_CCD0.0.25",2.02992359812897,-0.00371366073197783,0.0441868185734645,-0.016458285057713
7274,"long_v3_CCD0.0.25",1.95202975326388,-0.0264612639709939,0.0149131050213433,-0.020597083315709
7275,"long_v3_CCD0.0.25",2.07069317043093,0.0124211545886618,0.0567056766923147,-0.112892972730208
7276,"long_v3_CCD0.0.25",1.80137187511188,0.0279665029833328,-0.00382309791379024,-0.129168271699974
7277,"long_v3_CCD0.0.25",1.930942483614,0.0305853581437696,0.0174941543005173,-0.0469101482392033
7278,"long_v3_CCD0.0.25",1.88771888908531,-0.0313738477009088,0.0790612526671921,-0.11107343213726
7279,"long_v3_CCD0.0.25",0.966039750559661,-0.0404907086242197,-0.00527972482950479,-0.133844790404894
7280,"long_v3_CCD0.0.25",1.53374370052768,0.0517213910778613,-0.028416523472401,-0.0841721723919682
7281,"long_v3_CCD0.0.25",2.02385591378049,0.0659137813565159,0.0423460355041852,-0.065491215438006
7282,"long_v3_CCD0.0.25",1.76396933617109,0.0273529767738813,0.00547713571290919,-0.0798076902921076
7283,"long_v3_CCD0.0.25",2.09122992244711,-0.0312790262264502,0.0347162874667251,-0.137113748725639
7284,"long_v3_CCD0.0.25",1.60879635913872,0.0391871619211237,-0.0380826321061567,-0.0980560025621888
7285,"long_v3_CCD0.0.25",1.79613584351599,0.00626026206029141,-0.0382838536407993,-0.0246299486806606
7286,"long_v3_CCD0.0.25",1.82520785794767,0.0503972956183925,-0.00143398659178723,-0.125158349580341
7287,"long_v3_CCD0.0.25",1.72476618228066,0.00907141391050879,-0.0455989014446979,-0.0723963486216513
7288,"long_v3_CCD0.0.25",1.85641022687345,-0.0123939060614361,0.019040285557793,-0.121676142746085
7289,"long_v3_CCD0.0.25",1.80902058870246,0.017030249321226,0.111661819376345,-0.086530369815072
7290,"long_v3_CCD0.0.25",1.71936153021839,0.00462928246681561,-0.00646601807416668,-0.104438103726202
7291,"long_v3_CCD0.0.25",1.90603212203764,-0.0352422637843451,0.05085221686143,-0.0657025548520211
7292,"long_v3_CCD0.0.25",1.95763768314029,-0.0297396870223665,0.0187933577955371,-0.0501786395573416
7293,"long_v3_CCD0.0.25",1.67723448092683,-0.0624419426930325,-0.0637680457504704,-0.0857001278779984
7294,"long_v3_CCD0.0.25",1.8279695988697,-0.0129321219812201,0.0254123558556405,-0.106672059101046
7295,"long_v3_CCD0.0.25",1.64866958363372,0.0136356544760811,0.0519660410813991,-0.0768234277384592
7296,"long_v3_CCD0.0.25",1.90214270508856,0.00995202889597728,0.0309853594110447,-0.0854064623671039
7297,"long_v3_CCD0.0.25",1.98894737741832,-0.0153312277458828,0.0222636607211809,-0.117933636272503
7298,"long_v3_CCD0.0.25",1.69037824762691,-0.024041162373268,-0.00712101457257573,-0.0852105757429581
7299,"long_v3_CCD0.0.25",2.00594452441693,0.0106144193066139,0.01944013945967,-0.0565370498446242
7300,"long_v3_CCD0.0.25",1.94150210311715,-0.0429000712475536,0.0240321318916983,-0.109023402361056
7301,"long_v3_CCD0.0.25",1.76479473072974,0.0458634436969952,0.039333413733545,-0.0149750600446391
7302,"long_v3_CCD0.0.25",2.13034115301067,0.0350042818001554,-0.0397005085178871,-0.154619659582797
7303,"long_v3_CCD0.0.25",2.05281730768342,0.00401857202290757,0.0294636273619523,-0.173576555736819
7304,"long_v3_CCD0.0.25",2.06657922133013,0.0100560237030661,0.00798879760384388,-0.10245628118562
7305,"long_v3_CCD0.0.25",2.01369752379825,-0.0209215684416391,0.0913595783006727,-0.078011921854122
7306,"long_v3_CCD0.0.25",1.9564935645836,0.0398711611816627,0.0112788091210994,-0.0650231944965273
7307,"long_v3_CCD0.0.25",1.45673842008513,-0.0569880815434845,-0.0119121875824057,-0.124241218659286
7308,"long_v3_CCD0.0.25",1.87468591564527,-0.0321967508516025,0.020217820135989,-0.145663202255808
7309,"long_v3_CCD0.0.25",1.95436769041127,-0.0270750541152698,-0.0309854916697174,-0.109612811208584
7310,"long_v3_CCD0.0.25",2.00109372112003,-0.000324681478927408,-0.00901599219922879,-0.161882471412943
7311,"long_v3_CCD0.0.25",1.75894160881349,-0.0171063300601296,-0.0406141483805455,-0.00774049358079344
7312,"long_v3_CCD0.0.25",1.66267973295272,0.0376781294079794,0.0291477984929349,-0.104845829520879
7313,"long_v3_CCD0.0.25",1.87612684986897,-0.015352504389107,0.0849791027042654,-0.105292729634962
7314,"long_v3_CCD0.0.25",1.78186071778956,0.0204604739492188,0.0864168996570226,-0.130344065691404
7315,"long_v3_CCD0.0.25",1.88084301585589,-0.0569896977135998,0.0386548172720312,-0.0964846495956948
7316,"long_v3_CCD0.0.25",1.89631414332693,0.10305497832838,0.0330723098573779,-0.0356315545367897
7317,"long_v3_CCD0.0.25",1.73241154699028,0.00734174177362614,0.0406020503246587,-0.0142795053007257
7318,"long_v3_CCD0.0.25",1.97234095863282,0.0121755171682699,0.0131098916870262,-0.0780250504435836
7319,"long_v3_CCD0.0.25",2.00891109072605,-0.051712019088682,0.0676711311468673,-0.0313502110317112
7320,"long_v3_CCD0.0.25",1.64425960106961,-0.0340447384716635,0.0238061390981073,-0.0202333793798357
7321,"long_v3_CCD0.0.25",1.74383959407838,0.014887869739319,0.000220272226420773,-0.045203650870432
7322,"long_v3_CCD0.0.25",1.68070909617944,0.00137440409176521,0.0777874088836251,-0.0986074067033658
7323,"long_v3_CCD0.0.25",1.95275936882446,0.0360905911044304,0.00520160818097295,-0.0981156120771434
7324,"long_v3_CCD0.0.25",2.10173735586516,0.0244741581849769,-0.0195011138915087,-0.156211712370013
7325,"long_v3_CCD0.0.25",1.96844517599697,0.0301791201806307,0.0573907607790348,-0.100244370199403
7326,"long_v3_CCD0.0.25",1.97974468594708,-0.011580422413802,0.0197804242588723,-0.0526816175733474
7327,"long_v3_CCD0.0.25",1.79257446941174,0.0405538931661,0.0614374305042866,-0.0658907604623754
7328,"long_v3_CCD0.0.25",1.52198024450863,-0.0932298868588073,0.0579749945071245,-0.0708761912044117
7329,"long_v3_CCD0.0.25",1.93896390172447,0.0287186192471721,0.00856062101102672,-0.0327237132671008
7330,"long_v3_CCD0.0.25",1.78988524709833,-0.0328812615900248,0.0163923636961608,-0.0715851639888095
7331,"long_v3_CCD0.0.25",1.99744031451786,-0.0243588436134832,0.0320847171259118,-0.0652559462676994
7332,"long_v3_CCD0.0.25",2.13548704030166,-0.0196975624826552,-0.0605392941404189,-0.00552325396828402
7333,"long_v3_CCD0.0.25",1.81004335751004,0.00930961635606755,0.0174337426188263,-0.0555326216798199
7334,"long_v3_CCD0.0.25",1.9179001995849,0.015241009270931,0.0341330379253943,-0.0396478102525276
7335,"long_v3_CCD0.0.25",2.09994267826506,-0.00960889397769359,0.00744387954538997,-0.12457252889148
7336,"long_v3_CCD0.0.25",1.64299881976114,0.0210322892468116,0.010742107763606,-0.124675704195377
7337,"long_v3_CCD0.0.25",2.0780918847988,0.0324798802049851,-0.0461830507171376,-0.154764941458592
7338,"long_v3_CCD0.0.25",1.81845679980555,0.00323409090251257,-0.0545119608907756,-0.0239018362736053
7339,"long_v3_CCD0.0.25",1.93646554373757,0.0369251423973,0.0233727101043217,-0.0883204017143216
7340,"long_v3_CCD0.0.25",1.8587528115362,-0.0112212385735128,-0.0147668897429532,-0.0623112113593238
7341,"long_v3_CCD0.0.25",2.24669859217294,0.0479953842780767,0.0445100217953996,-0.136304947562322
7342,"long_v3_CCD0.0.25",2.02282115811083,-0.0560127103927031,0.00301506761733091,-0.0429238590573756
7343,"long_v3_CCD0.0.25",1.79596306664719,-0.00871032113359134,0.0480827663289091,-0.0843500346214327
7344,"long_v3_CCD0.0.25",2.0352155567669,0.0523569792747252,-0.0468417875016456,-0.0790147570553356
7345,"long_v3_CCD0.0.25",2.12021504342325,-0.0132814794097547,-0.0199217074381898,-0.120155475259569
7346,"long_v3_CCD0.0.25",2.16186782537215,-0.0216598008253283,0.0615196604552271,-0.12179805996016
7347,"long_v3_CCD0.0.25",1.91336719571871,0.0377749559088174,-0.016902013767574,-0.127247538287543
7348,"long_v3_CCD0.0.25",1.95599283471845,-0.0523095613901135,0.0746534792573371,-0.120791924528612
7349,"long_v3_CCD0.0.25",2.17417916242673,0.0759906844464447,-0.012467995177896,-0.120747530986001
7350,"long_v3_CCD0.0.25",1.9193407060821,0.00179188671144165,0.0614969672286241,-0.110588853095441
7351,"long_v3_CCD0.0.25",1.87604608423688,0.0630174227517881,-0.0191556975182848,-0.0484000520062209
7352,"long_v3_CCD0.0.25",1.66058309315669,-0.00462762720000124,0.0335281991676151,-0.012622621545856
7353,"long_v3_CCD0.0.25",1.05194286819179,0.00677370489730092,0.0425480523494208,-0.00257764218780613
7354,"long_v3_CCD0.0.25",2.09200701033007,-0.025619320668802,-0.00256515807495324,-0.0947615043087641
7355,"long_v3_CCD0.0.25",1.92034726717533,0.0136862892428701,0.0220264384254421,-0.060943956160306
7356,"long_v3_CCD0.0.25",1.78149741157843,0.0273921187425162,0.0183485442588743,-0.0954598878533551
7357,"long_v3_CCD0.0.25",2.12975143481633,0.0419915713985548,0.0741669758175872,-0.232610156419469
7358,"long_v3_CCD0.0.25",2.12514989512161,0.0114584879322975,-0.0224950570262006,-0.0608189739515431
7359,"long_v3_CCD0.0.25",1.86708120994405,-0.0328265054097556,0.0568977345630041,-0.0825367142371823
7360,"long_v3_CCD0.0.25",1.64624281939056,-0.0189727423526081,-0.0192058460171894,-0.103216404519037
7361,"long_v3_CCD0.0.25",1.81897331863872,-0.102858498796125,-0.0467617028434186,-0.0996105275037914
7362,"long_v3_CCD0.0.25",1.57826320904693,-0.0338318340254757,0.0252551684680759,-0.102778345049334
7363,"long_v3_CCD0.0.25",1.86052784191286,-0.0443347721643071,-0.0308536324543068,-0.109047397466225
7364,"long_v3_CCD0.0.25",1.76071946592049,-0.0256032191105931,0.00220773615459313,-0.00671199300482474
7365,"long_v3_CCD0.0.25",1.73658809428165,-0.0555079690531779,-0.0152436689337292,0.0159583070212528
7366,"long_v3_CCD0.0.25",2.04232562624047,-0.0254787980153043,0.0907555281572519,-0.0128370898243563
7367,"long_v3_CCD0.0.25",1.58564163825058,-0.0364772677574064,0.0504386988061013,-0.0930036765003807
7368,"long_v3_CCD0.0.25",1.65641145201795,0.00392259974810133,0.0283733583840569,-0.104354146861098
7369,"long_v3_CCD0.0.25",1.56935024772221,-0.0347351060292061,0.0359821137507642,-0.0941876002244979
7370,"long_v3_CCD0.0.25",2.13671472564741,0.0207794752835638,0.0660553710414786,-0.0738048675262
7371,"long_v3_CCD0.0.25",1.45820282367961,-0.0143437721965069,0.0273882640716708,-0.079883891204387
7372,"long_v3_CCD0.0.25",2.12977689035406,-0.0979923221917088,0.0700201452737025,-0.122007179398447
7373,"long_v3_CCD0.0.25",1.7877923028337,0.0385054976434081,0.0484004608499548,-0.098178569827401
7374,"long_v3_CCD0.0.25",1.88749986915167,0.0409839105559524,0.0307007936095733,-0.0849837911568943
7375,"long_v3_CCD0.0.25",1.87073714996356,0.0288426200076657,0.0753417816081328,-0.125668584959841
7376,"long_v3_CCD0.0.25",2.22663417858038,-0.0607650584870817,-0.016307528117575,-0.0711382828712752
7377,"long_v3_CCD0.0.25",1.83798937076374,0.0369146894371917,0.0063358708596745,0.00204069811693738
7378,"long_v3_CCD0.0.25",1.9450960594113,-0.0176518853027719,-0.00588863894696354,-0.145019437643508
7379,"long_v3_CCD0.0.25",1.92255005377329,0.0177628674639739,0.00721995350836338,-0.051179079015928
7380,"long_v3_CCD0.0.25",1.81217916299001,-0.00254598066028149,-0.00290182806273484,-0.095290678228506
7381,"long_v3_CCD0.0.25",2.03242261090586,-0.0641579237764217,0.0494322255184407,-0.100866699070494
7382,"long_v3_CCD0.0.25",1.69827415700512,0.0126184149594951,-0.00182083676817765,-0.0333881759038714
7383,"long_v3_CCD0.0.25",1.87358258779536,-0.0147390128599081,0.00455341173247474,-0.0839877593570569
7384,"long_v3_CCD0.0.25",2.16161495661056,-0.0215081430035843,0.0919521053768106,-0.0459978056688682
7385,"long_v3_CCD0.0.25",1.80206224898798,0.025745336934972,0.0181573077526176,-0.0842486455141725
7386,"long_v3_CCD0.0.25",1.84986907819687,-0.0248747991805091,0.0978801277902451,-0.0562446960873289
7387,"long_v3_CCD0.0.25",1.93902229473881,0.0209688042332383,0.0129389452360001,-0.0887752133898404
7388,"long_v3_CCD0.0.25",1.6349183210431,-0.0257545976241413,0.00814344286812398,-0.124836924344565
7389,"long_v3_CCD0.0.25",1.96938607887699,0.00317072842216671,-0.0556433332469317,-0.124782923246236
7390,"long_v3_CCD0.0.25",1.69609943834253,-0.071153302682916,0.0351940370597511,-0.0417260883433389
7391,"long_v3_CCD0.0.25",1.96838289727644,-0.0106365136162445,-0.00979132190511885,-0.0565176656054349
7392,"long_v3_CCD0.0.25",2.14957399944821,-0.0324647699264752,-0.0124181948654775,-0.115240181721576
7393,"long_v3_CCD0.0.25",1.64263371788678,-0.0305962461957864,0.0031794209602504,-0.109353148560781
7394,"long_v3_CCD0.0.25",1.97155611913462,-0.00221508991496033,-0.0276021509420897,-0.109545246230085
7395,"long_v3_CCD0.0.25",1.80385618009434,-0.042015550220474,0.0435709449196683,-0.0813982057896846
7396,"long_v3_CCD0.0.25",1.90631435766889,0.0250147673435178,0.0665430822841646,-0.104253976061883
7397,"long_v3_CCD0.0.25",1.78736726140039,0.0797015190609373,-0.0362521826753082,-0.0634495757320541
7398,"long_v3_CCD0.0.25",1.89736324069407,0.0293971753476441,0.0102468734729646,-0.085597055437851
7399,"long_v3_CCD0.0.25",1.81499541173191,-0.0111999088718538,0.0256741435378239,-0.0445784774912944
7400,"long_v3_CCD0.0.25",1.79420987720468,-0.00724889195296594,0.0383441933074346,-0.117132217959695
7401,"long_v3_CCD0.0.25",1.84840519476211,-0.0364248119417551,0.00822028810380182,-0.0365445911110701
7402,"long_v3_CCD0.0.25",1.78464619697015,0.000818145456352856,0.0938787367987596,-0.0708977935677636
7403,"long_v3_CCD0.0.25",2.00967033699262,-0.0403760470372536,0.045897739726959,-0.0806873675404442
7404,"long_v3_CCD0.0.25",2.31724890668824,-0.0456590109474712,0.0537664998353485,-0.110764796316526
7405,"long_v3_CCD0.0.25",1.39801733229645,-0.0147481939073301,0.0126903266496095,-0.118024175016319
7406,"long_v3_CCD0.0.25",1.99017555585566,-0.00155094191107178,0.114936122459916,-0.102817860010442
7407,"long_v3_CCD0.0.25",1.57694006680709,-0.0056093910041064,0.094554395308228,-0.0261904448972542
7408,"long_v3_CCD0.0.25",1.73643680185373,0.0389179494198988,0.0468219766524715,-0.110121092758452
7409,"long_v3_CCD0.0.25",2.00709484327413,0.00343326798557715,0.0243117031487878,-0.0403888223722562
7410,"long_v3_CCD0.0.25",2.03971068318993,0.0366935318578724,0.0288244900832489,-0.0412232174834044
7411,"long_v3_CCD0.0.25",2.02066169417507,0.0398799700474982,0.0291749507904464,-0.130919286841961
7412,"long_v3_CCD0.0.25",1.9935602395199,-0.0193289396242719,0.0657960371258708,-0.0977876447660363
7413,"long_v3_CCD0.0.25",1.82383857514869,0.00810100716744398,0.0722161475321079,-0.0041643441614008
7414,"long_v3_CCD0.0.25",2.20068261861665,-0.0367567139874246,-0.00672765281592518,-0.147733937843065
7415,"long_v3_CCD0.0.25",1.76765240897364,0.0143664507222547,0.0502183405794437,0.0101931386143422
7416,"long_v3_CCD0.0.25",1.92743573005694,-0.000653984477228452,0.0194575198753421,-0.0916670151740892
7417,"long_v3_CCD0.0.25",2.06007371035711,0.0390926935217647,-0.00221427153480041,-0.0546353400920745
7418,"long_v3_CCD0.0.25",1.74596894752406,0.0591590938784917,0.0260709285278247,-0.0983733281059193
7419,"long_v3_CCD0.0.25",1.86838125166225,0.0163538286355295,0.0696483236095116,-0.0648310018799372
7420,"long_v3_CCD0.0.25",1.98301403830424,-0.000156833558799895,0.0112862193489226,-0.0592639800995716
7421,"long_v3_CCD0.0.25",1.91908437078305,0.00440361689126809,0.0283123484667638,-0.0454074613380305
7422,"long_v3_CCD0.0.25",2.27848740483611,0.0736256255603639,0.0464932071055068,-0.165352801374301
7423,"long_v3_CCD0.0.25",1.38447512636509,-0.0350329640704494,0.070265911830529,-0.0904191415515791
7424,"long_v3_CCD0.0.25",1.42504666388593,0.0104661456337382,0.0173559058188242,-0.0460293835997742
7425,"long_v3_CCD0.0.25",1.83098920822328,0.0600415903588566,0.0574264305108328,-0.159864885134646
7426,"long_v3_CCD0.0.25",2.05591989903295,0.0237360723235382,0.0461889482473696,-0.0920203449656641
7427,"long_v3_CCD0.0.25",1.69882038739392,0.0237890433391612,0.0260910130017506,-0.0515935719547648
7428,"long_v3_CCD0.0.25",1.97498154416677,0.0137215290685419,0.00622445841643638,-0.0447881013115715
7429,"long_v3_CCD0.0.25",2.02761015641068,0.0212016235847264,-0.0291351072382942,-0.0798552259961642
7430,"long_v3_CCD0.0.25",1.89483259907201,0.0240817824200745,0.00695456217983662,-0.128402855318402
7431,"long_v3_CCD0.0.25",2.00931775994454,-0.0221864175973888,-0.00201540103257517,-0.116097926092184
7432,"long_v3_CCD0.0.25",1.74944219316003,0.0077144647791876,0.0305795734303293,-0.0690640504902672
7433,"long_v3_CCD0.0.25",1.98221470753728,-0.0406487555262129,-0.0251900713151891,-0.0876746100540399
7434,"long_v3_CCD0.0.25",2.01132574128927,0.0554878352463439,-0.029118159154817,-0.188356053135022
7435,"long_v3_CCD0.0.25",1.90569215849204,-0.0202441729761056,0.000669050500515279,-0.0843678228716958
7436,"long_v3_CCD0.0.25",1.81944939510456,0.051344418861096,0.00858839428750286,-0.0808330537303213
7437,"long_v3_CCD0.0.25",1.9589048368551,0.0373334255140441,-0.00563074244124115,-0.010874626238074
7438,"long_v3_CCD0.0.25",1.97746198100487,0.0453642266357708,0.034921572242939,-0.0980927502394632
7439,"long_v3_CCD0.0.25",1.8348677811793,0.0057988213300977,0.0581930300919995,-0.0554516976240389
7440,"long_v3_CCD0.0.25",2.04000392466021,0.0322137174952074,0.0788341188174224,-0.0789946668917629
7441,"long_v3_CCD0.0.25",1.75072651221932,0.0212212662435459,0.0189383662355039,-0.157542415996501
7442,"long_v3_CCD0.0.25",1.82145890655046,0.0519800013800186,-0.0351386176907626,-0.00159443040551867
7443,"long_v3_CCD0.0.25",2.25324082074704,0.0818354150493361,-0.0245494420077608,-0.147118094082382
7444,"long_v3_CCD0.0.25",1.64636218729127,-0.0796521590463112,0.021785478843589,-0.0899342840778569
7445,"long_v3_CCD0.0.25",1.69004860372554,-0.0573056015237586,0.0200700612232008,-0.0824194787438745
7446,"long_v3_CCD0.0.25",2.1879727379419,0.0447370088991103,-0.0259565506852014,-0.212653785355945
7447,"long_v3_CCD0.0.25",1.61400123903762,-0.0947246605684211,0.0593627522393865,-0.0619169203410201
7448,"long_v3_CCD0.0.25",2.03639929430398,0.0227272193901713,0.0443532299767868,0.0191897378776614
7449,"long_v3_CCD0.0.25",1.96899266499785,0.0220789686208651,0.00343884965755584,-0.0371820967957223
7450,"long_v3_CCD0.0.25",1.614478610665,0.0440329926973875,0.00361194739209522,-0.193984441297916
7451,"long_v3_CCD0.0.25",1.94755234061943,0.0224465146668565,0.0222357880580057,-0.141404407878449
7452,"long_v3_CCD0.0.25",1.77631448294218,-0.0299826820942203,0.0904394343398974,-0.0324843560467839
7453,"long_v3_CCD0.0.25",1.94664577132918,-0.00192349382107351,-0.0126597121559443,-0.132617002993287
7454,"long_v3_CCD0.0.25",1.54117380685442,-0.0500680289915871,0.0368068569073382,-0.0097715388395186
7455,"long_v3_CCD0.0.25",1.97457968711348,0.0631079087842513,0.00810915003558725,-0.114559239729007
7456,"long_v3_CCD0.0.25",1.77472957772256,0.0466038635759834,-0.0375917872098352,-0.0495913248244838
7457,"long_v3_CCD0.0.25",2.02688641222802,0.0218615165833182,-0.0293472470225676,-0.0941547621106709
7458,"long_v3_CCD0.0.25",1.81735302082547,-0.0173197170582606,-0.00533207013796189,-0.0515726021544337
7459,"long_v3_CCD0.0.25",1.76935425211636,0.0511201340706854,0.0068058048264265,-0.0275210611287897
7460,"long_v3_CCD0.0.25",1.98128857066193,-0.00348694805669017,0.0910917531882277,-0.08382508617271
7461,"long_v3_CCD0.0.25",1.824090148789,0.000504146067535905,-0.0012367300397523,-0.0647602041106406
7462,"long_v3_CCD0.0.25",1.78629910739822,-0.0265381258280615,0.0926010127987267,0.0312118298101086
7463,"long_v3_CCD0.0.25",1.95497477094275,0.00180101998497223,-0.00963007882846897,-0.0338328570002427
7464,"long_v3_CCD0.0.25",2.16828020670941,0.0412641252177774,0.0820788432095667,-0.0817209450366287
7465,"long_v3_CCD0.0.25",1.79987219352914,-0.00457888413712842,0.00411178144263965,-0.0189061373079871
7466,"long_v3_CCD0.0.25",2.05540786101219,0.0373517497093415,0.00618208767157739,-0.123798004971419
7467,"long_v3_CCD0.0.25",2.01259913859859,0.033322371204892,0.0758314577554101,-0.0769510501905348
7468,"long_v3_CCD0.0.25",2.03677152876016,-0.0159191334542309,0.0222489639659929,-0.0710524950217471
7469,"long_v3_CCD0.0.25",1.89341846097355,-0.0189426836825223,0.0220293000114222,-0.08037364005704
7470,"long_v3_CCD0.0.25",1.81694994566687,0.0215014837579814,0.0220906570650503,-0.124102568119086
7471,"long_v3_CCD0.0.25",2.28133064518098,0.0435562609486625,-0.062416238396379,-0.0764505220207624
7472,"long_v3_CCD0.0.25",1.60154612468227,0.0187789944848524,-0.0151240989682207,-0.0436157040252913
7473,"long_v3_CCD0.0.25",1.7727929196893,0.00448809993472948,0.023631581444726,-0.0387069356696578
7474,"long_v3_CCD0.0.25",2.090314053573,0.00203490398174324,0.0784888276795349,-0.0883302045795415
7475,"long_v3_CCD0.0.25",1.9521591814185,0.00108019661201192,0.000349835677428918,-0.122909333555939
7476,"long_v3_CCD0.0.25",1.89817886157009,0.0425322009649799,0.0239640706182736,-0.105488291985695
7477,"long_v3_CCD0.0.25",2.13180798181187,0.0581614371340097,0.00140887778326122,-0.174557876204207
7478,"long_v3_CCD0.0.25",1.6200592506762,-0.0327141546440385,0.0664663247016394,-0.0319670765168936
7479,"long_v3_CCD0.0.25",1.79384713814934,0.0308422597583165,0.0520117824696757,-0.172321926767731
7480,"long_v3_CCD0.0.25",1.78288649388805,0.0128151407058335,0.0318057152148799,-0.0417333227980642
7481,"long_v3_CCD0.0.25",2.08462171343804,0.0525326513102769,0.000532754025820932,-0.161938446919113
7482,"long_v3_CCD0.0.25",1.93289541537762,0.0231552222950124,0.0168019173233581,-0.112089694712635
7483,"long_v3_CCD0.0.25",1.89606103669357,0.0211236430374216,0.0792533392698794,-0.108993242832408
7484,"long_v3_CCD0.0.25",1.75059768989684,-0.00319959380167832,0.0401177935606855,-0.0170344012570835
7485,"long_v3_CCD0.0.25",1.89128098040425,-0.00249124846009774,0.0176046117242325,-0.106569517154164
7486,"long_v3_CCD0.0.25",1.83951631504895,-0.0448601721398569,0.0547263612299194,-0.0836450665935045
7487,"long_v3_CCD0.0.25",1.93598775551288,0.035892229639999,0.00988288692271177,-0.0193208862805578
7488,"long_v3_CCD0.0.25",2.17083842308119,0.0367147195264899,0.0131470222946576,-0.170511577944186
7489,"long_v3_CCD0.0.25",1.50355013627103,-0.0435563443498028,0.026317540564717,-0.0583040192584516
7490,"long_v3_CCD0.0.25",2.07917492234129,-0.0365147639187577,-0.00647112986380002,-0.0717016016626358
7491,"long_v3_CCD0.0.25",1.67545910898342,-0.0303853098506835,0.00732946519553153,0.0336753630727203
7492,"long_v3_CCD0.0.25",1.78382198373906,0.00309602795293101,0.0298688454564082,-0.070546072485395
7493,"long_v3_CCD0.0.25",1.88009224747078,-0.0012864038237941,0.0580251570579249,-0.0385579053651253
7494,"long_v3_CCD0.0.25",1.70510206597307,-0.0585326996031482,-0.0169524924338553,-0.0724030401405739
7495,"long_v3_CCD0.0.25",1.52598907014683,0.0618578967097918,0.0237403676784733,-0.052218756721249
7496,"long_v3_CCD0.0.25",1.83815646118662,0.0241435257904398,0.0499325631411407,-0.0302687094263329
7497,"long_v3_CCD0.0.25",1.88847852753914,0.0563942197775707,-0.0294286637537597,-0.0405712767411989
7498,"long_v3_CCD0.0.25",1.88457615401407,-0.0386525477313783,0.0331506055051031,-0.0858879683843004
7499,"long_v3_CCD0.0.25",2.01858735367977,-0.0206518609924668,0.0416446501417133,-0.0997707596099722
7500,"long_v3_CCD0.0.25",1.88389425834688,0.00439282853256233,0.0725297242015941,0.0248389945245444
7501,"long_v3_CCD0.0.25",1.75556590570532,0.000356716554746659,-0.0565698216950515,-0.122433151969775
7502,"long_v3_CCD0.0.25",2.01211626178142,-0.00586354339224681,0.00327463312311359,-0.0901758794446913
7503,"long_v3_CCD0.0.25",1.70033513821577,-0.0166749358707135,0.0670133098627086,-0.0525063148757836
7504,"long_v3_CCD0.0.25",1.90645822143296,-0.00252939338003918,0.0764082888665987,-0.0398829110076365
7505,"long_v3_CCD0.0.25",1.51771677456566,0.0180737365410294,0.034839658046349,-0.11455463907613
7506,"long_v3_CCD0.0.25",1.92630363186429,0.0313021758205059,-0.0144802920394301,-0.104665009977811
7507,"long_v3_CCD0.0.25",2.15262931223013,0.106002685452801,0.0335906086305889,-0.0469035944171838
7508,"long_v3_CCD0.0.25",1.850342328514,0.06398062501961,-0.013305937892336,-0.0631358073607488
7509,"long_v3_CCD0.0.25",1.83887272215811,-0.0178518259106998,0.0829373236196949,-0.0424644611215335
7510,"long_v3_CCD0.0.25",1.86928699491787,-0.0105587761403916,0.0125778070251864,-0.0800608118368606
7511,"long_v3_CCD0.0.25",1.83255034838824,0.0474096101458297,-0.00791965349295795,-0.00737319517991701
7512,"long_v3_CCD0.0.25",1.81039578976742,-0.0281610990109082,0.0754345729161742,-0.0323220993150561
7513,"long_v3_CCD0.0.25",1.82063806879283,-0.052474960879558,0.038796473297286,-0.0928125315707748
7514,"long_v3_CCD0.0.25",1.76020899738732,-0.0316507819795442,0.0262717737861616,-0.0341323053668762
7515,"long_v3_CCD0.0.25",2.05134904259847,0.0371018212384376,0.00947478976093619,-0.104331771746575
7516,"long_v3_CCD0.0.25",2.55593351913563,0.0529122961749236,-0.0310853061318632,-0.138375884072928
7517,"long_v3_CCD0.0.25",1.66745653428093,0.0174275198744236,-0.045984512336991,-0.0183780624421808
7518,"long_v3_CCD0.0.25",2.14478965395072,0.0392057917440956,0.0476580754575064,-0.159212055529263
7519,"long_v3_CCD0.0.25",2.13800352871794,0.0382205347942683,0.0576444833142164,0.00712830032826094
7520,"long_v3_CCD0.0.25",2.04298212160926,0.0447085113719274,0.038176144330957,-0.0869194110131595
7521,"long_v3_CCD0.0.25",1.58139472922904,0.0601412899843804,0.0178346104528704,-0.0323238354138844
7522,"long_v3_CCD0.0.25",1.87230957992549,0.00893140576685261,0.00154380529204897,-0.142887572856183
7523,"long_v3_CCD0.0.25",1.58736567283054,-0.0520113991072031,-0.0205691932445633,-0.177630485553602
7524,"long_v3_CCD0.0.25",2.02696911573599,-0.0239935494815984,-0.0136580964951259,-0.0893886960018805
7525,"long_v3_CCD0.0.25",1.67997172244576,-0.00977377133522395,0.111088357585082,-0.0538682612552722
7526,"long_v3_CCD0.0.25",1.94086981696283,0.0682818386215675,0.0159747801318838,-0.0997867485750622
7527,"long_v3_CCD0.0.25",1.87894036047522,0.0468131653373583,0.0882163043075419,-0.0514179476846575
7528,"long_v3_CCD0.0.25",1.78575232853232,-0.0608683293777422,0.0939020190259554,-0.0971259137388792
7529,"long_v3_CCD0.0.25",2.32794980620987,0.0167307379870637,0.0186034434478433,-0.0211962942565045
7530,"long_v3_CCD0.0.25",1.85039684363967,0.0144399452450173,0.00598930005341822,-0.0882867954130664
7531,"long_v3_CCD0.0.25",1.71520257698874,0.0455895284584937,0.0520827471605042,-0.0797529707347162
7532,"long_v3_CCD0.0.25",2.00015733095956,0.0319235546997351,0.041974034570836,-0.0717446106535439
7533,"long_v3_CCD0.0.25",1.83015910536851,0.0216442493414154,0.0692274017047449,-0.0733540360759506
7534,"long_v3_CCD0.0.25",1.49926968180764,-0.0455071702834189,0.00734353820088626,-0.096836054333611
7535,"long_v3_CCD0.0.25",1.32641815897899,-0.0255531002597398,0.0496141457331853,-0.0670005080494825
7536,"long_v3_CCD0.0.25",1.87924564339422,0.0194955662252851,-0.0309071349104365,-0.115531924317544
7537,"long_v3_CCD0.0.25",1.80247879649545,-0.0199658545910591,-0.0195315445960855,-0.0305882653879527
7538,"long_v3_CCD0.0.25",1.66533736256312,-0.0637975058126548,0.0307547332471151,-0.0852625244900618
7539,"long_v3_CCD0.0.25",1.83006930421577,-0.0512051848048294,-0.0465330239406565,-0.0984619641472129
7540,"long_v3_CCD0.0.25",2.06524653919931,-0.00285806455353292,-0.0157981137543671,-0.130024768536406
7541,"long_v3_CCD0.0.25",1.87091555564087,0.0629572153527915,-0.0399234767941576,-0.0676410842912188
7542,"long_v3_CCD0.0.25",2.00019708648164,0.0181363550907604,0.0543496200780307,-0.0223210722965424
7543,"long_v3_CCD0.0.25",1.81391291849302,0.0390859394527294,0.0126321766753613,-0.0722485318298707
7544,"long_v3_CCD0.0.25",1.92496754600707,-0.0255425971342106,0.0928646554465534,-0.0986717042433093
7545,"long_v3_CCD0.0.25",1.86701027011802,-0.00274096885592177,-0.0207588907203161,-0.102065492517581
7546,"long_v3_CCD0.0.25",1.91091495097579,-0.00128949829448996,-0.036777774726508,-0.0775722510732835
7547,"long_v3_CCD0.0.25",1.94820194700934,0.0222310980259925,0.0629579738846103,-0.0790570296484672
7548,"long_v3_CCD0.0.25",1.72521319922736,0.0517239865140708,-0.0288635881924978,-0.141173862034599
7549,"long_v3_CCD0.0.25",1.84114302849719,0.0117712040883092,-0.00870777049913211,-0.0126475992896208
7550,"long_v3_CCD0.0.25",1.85070723293579,-0.0517741933513743,0.0426318127099507,-0.121369568703777
7551,"long_v3_CCD0.0.25",1.70360501011272,0.0209690978396197,-0.00984035542630573,-0.13908912246911
7552,"long_v3_CCD0.0.25",2.03268899082622,0.0246668860611165,0.0649254957545324,-0.0995158065798364
7553,"long_v3_CCD0.0.25",1.95616768122314,-0.00693505337297488,0.0330239878196075,-0.102413261345266
7554,"long_v3_CCD0.0.25",1.92531130066943,0.016569974319867,0.0579856425424775,0.0185921655821015
7555,"long_v3_CCD0.0.25",2.04553823156623,0.042713165282904,0.0265370738473245,-0.00494495767939234
7556,"long_v3_CCD0.0.25",1.67714837461179,-0.0391810902386624,-0.0369337749884717,-0.0746083383555994
7557,"long_v3_CCD0.0.25",1.95200718872023,-0.0357635046506213,0.104465670576088,-0.0291085712479479
7558,"long_v3_CCD0.0.25",1.76427956497098,0.01564828322089,-0.0381940833113164,-0.103898780571213
7559,"long_v3_CCD0.0.25",2.06258139090252,-0.0655137134044858,0.0232182036347162,-0.0826143900736133
7560,"long_v3_CCD0.0.25",1.64528522314616,-0.0163440743048999,0.0764096670088591,-0.0734643212855913
7561,"long_v3_CCD0.0.25",1.86936209756664,0.132318030914981,0.0331448383904023,-0.0809832962728141
7562,"long_v3_CCD0.0.25",2.00531057986621,0.0112241460054068,-0.0835258118486617,-0.0507872355980276
7563,"long_v3_CCD0.0.25",1.78124003230072,-0.0188585935253478,0.00396375059547713,-0.033058167851855
7564,"long_v3_CCD0.0.25",2.04160471729748,-0.0264947841199924,-0.00152914365964048,-0.0402368306137086
7565,"long_v3_CCD0.0.25",2.03490293814594,-0.00992804424370111,0.0214253106277698,-0.154009661667153
7566,"long_v3_CCD0.0.25",1.89096093800146,-0.00513075664625639,0.0158964373724443,0.0323424645968813
7567,"long_v3_CCD0.0.25",1.86079835292419,0.0771410419574639,0.0489655226279214,-0.0760769798288099
7568,"long_v3_CCD0.0.25",2.17622617899575,0.0101850128937252,0.0348505521842421,-0.162212749193306
7569,"long_v3_CCD0.0.25",1.85547177102271,0.0307196631543911,0.108249181830444,-0.10138935928621
7570,"long_v3_CCD0.0.25",1.89240059814637,-0.0278109274201688,0.0913839507791701,-0.111359406606538
7571,"long_v3_CCD0.0.25",1.82053717321919,0.0066460730307143,0.0155815477738379,-0.0973039022674538
7572,"long_v3_CCD0.0.25",1.85086805358286,-0.00219291454980112,0.0423023486940066,-0.122735627406458
7573,"long_v3_CCD0.0.25",1.78867946982493,-0.0298042560070443,0.0413197804620941,0.00601344023071832
7574,"long_v3_CCD0.0.25",2.07444942534638,0.0652958931101424,-0.0318929019688325,-0.161647800095047
7575,"long_v3_CCD0.0.25",1.97457489964827,-0.0472754908712494,-0.00914438684306203,-0.0204162076553783
7576,"long_v3_CCD0.0.25",1.73493762491802,0.0311949791654689,-0.0584552872529378,-0.0406254725226773
7577,"long_v3_CCD0.0.25",1.75211494246956,-0.00503124657009211,0.0182150151516371,-0.108760594450199
7578,"long_v3_CCD0.0.25",1.8485385526351,-0.0384994598622823,0.0149906586068458,-0.0574859160987137
7579,"long_v3_CCD0.0.25",1.6573858390164,-0.035117397491063,0.0370010992122616,-0.09587660622974
7580,"long_v3_CCD0.0.25",2.09677742020709,-0.0583171792406675,0.0493188246104095,-0.0965616656075221
7581,"long_v3_CCD0.0.25",2.37127885278748,0.0340472918040808,0.0441769511090767,-0.0323154434433061
7582,"long_v3_CCD0.0.25",2.02695214960593,0.0372743547860953,0.027879820193508,-0.112017989322
7583,"long_v3_CCD0.0.25",1.85510533080424,-0.0119499263288812,0.00470010086903117,-0.101186114094772
7584,"long_v3_CCD0.0.25",2.14483241435855,-0.00522843346110053,0.0313321093880837,-0.104359324440206
7585,"long_v3_CCD0.0.25",2.01758065055037,0.0264437156780021,0.0260119823665667,-0.106423356274681
7586,"long_v3_CCD0.0.25",1.8314551560266,0.0279686699327897,0.00869570665518276,-0.0603989437066227
7587,"long_v3_CCD0.0.25",1.99108642480772,0.0476952950207318,0.0558756568754044,-0.088599613091673
7588,"long_v3_CCD0.0.25",1.59158174912053,-0.00772536700979987,0.12900946281288,-0.0873420751987765
7589,"long_v3_CCD0.0.25",1.79246570877237,-0.00128643454675057,0.00197525065223132,-0.066991067102528
7590,"long_v3_CCD0.0.25",1.69453695726966,0.0311685900952237,0.0236250584012305,-0.0331496016483507
7591,"long_v3_CCD0.0.25",1.80273735743004,-0.036631447007353,0.00673914409816344,-0.0746539972347427
7592,"long_v3_CCD0.0.25",1.95542197091833,0.0827300039791942,0.0431917229000059,-0.0693730334796783
7593,"long_v3_CCD0.0.25",2.00366996554154,0.00429974712114589,0.0202972267477673,-0.0434311636491045
7594,"long_v3_CCD0.0.25",1.97755116867035,0.0181517200267496,-0.0225797529891148,-0.110597573617789
7595,"long_v3_CCD0.0.25",2.52440668726151,-0.0120754835101076,-0.0127025646165481,-0.0856088429531566
7596,"long_v3_CCD0.0.25",2.17381899164232,-0.043312508425509,-0.00322547968845657,0.0138004748482433
7597,"long_v3_CCD0.0.25",1.79495460734265,0.0139715385777394,0.0849793709292138,-0.0695314788765064
7598,"long_v3_CCD0.0.25",1.78407124318037,-0.033670085513321,0.0232417881792892,-0.0853083724582996
7599,"long_v3_CCD0.0.25",2.02096454094861,0.0300414418058103,0.0408191763189606,-0.129153312820578
7600,"long_v3_CCD0.0.25",1.80978611230767,-0.0148121695298824,-0.00261957632678802,-0.0651636894251145
7601,"long_v3_CCD0.0.25",1.82254568846218,0.0187059416282027,0.0386048327903882,0.0389177456886877
7602,"long_v3_CCD0.0.25",2.16380501527582,-0.00773352245485015,-0.0121689950926972,-0.0827148170410761
7603,"long_v3_CCD0.0.25",1.85441928717378,0.0121045157019005,0.0163988299742118,-0.16494184755271
7604,"long_v3_CCD0.0.25",1.84589310010036,0.0196587047747756,-0.0250864705256468,-0.0618822582541547
7605,"long_v3_CCD0.0.25",2.07453007070447,0.026431427865397,0.0418975119172614,-0.115127361993814
7606,"long_v3_CCD0.0.25",1.94461462614548,-0.0752784019729096,-0.029757505968113,-0.0850795343753735
7607,"long_v3_CCD0.0.25",2.02588769226984,-0.0140304143707568,0.0036847390209778,-0.0851224551955805
7608,"long_v3_CCD0.0.25",1.39055352384967,-0.0150987186648654,-0.009234530446892,-0.0958017383016505
7609,"long_v3_CCD0.0.25",1.8784419223361,0.0396575667245738,0.0379178842466509,-0.0425607593122889
7610,"long_v3_CCD0.0.25",1.93750821429582,-0.0152660979892921,0.00203074719853796,-0.0778714157948717
7611,"long_v3_CCD0.0.25",2.07078327240323,-0.000967531014829125,0.0122511669149808,-0.129359782322304
7612,"long_v3_CCD0.0.25",1.97506613056638,-0.0098559345149359,0.0169527046228935,-0.0580395038867038
7613,"long_v3_CCD0.0.25",1.89108812999301,-0.0116303490769589,0.0347176213011701,-0.0933185269221085
7614,"long_v3_CCD0.0.25",2.04781169672486,0.0124485417812824,0.0301017084500074,-0.139263428594142
7615,"long_v3_CCD0.0.25",1.99496706041759,-0.0421888571081845,0.00210550524242646,-0.0805107794524183
7616,"long_v3_CCD0.0.25",1.97715121615028,-0.00804732611281723,0.0510080076731835,-0.123606675871928
7617,"long_v3_CCD0.0.25",1.93513245949213,0.051386161106291,0.120507445235008,-0.0554742532123101
7618,"long_v3_CCD0.0.25",2.11362496113641,0.0349503206773856,-0.0289460600052389,-0.139870643629027
7619,"long_v3_CCD0.0.25",1.82958084061597,-0.0133317633598789,0.0625484347837005,-0.0239008681030641
7620,"long_v3_CCD0.0.25",1.91916621476964,-0.0578246531289272,0.0567218349106188,-0.136026113530698
7621,"long_v3_CCD0.0.25",2.11000898326525,0.00930566658942205,0.10843198930622,-0.0847611203090357
7622,"long_v3_CCD0.0.25",1.89205301371468,-0.0233382516399781,0.0314290281230493,-0.0326608981212897
7623,"long_v3_CCD0.0.25",2.0076409609976,-0.0886958239647039,0.0567281710901508,-0.0373541456037624
7624,"long_v3_CCD0.0.25",2.02159396121343,0.0203155527776761,0.0258863532854876,-0.140634459353013
7625,"long_v3_CCD0.0.25",1.68965093033998,0.0219783303234053,0.075416917112452,-0.0967261006966991
7626,"long_v3_CCD0.0.25",2.03776220136436,0.0199923744466238,0.0501702849115251,-0.0731168687692319
7627,"long_v3_CCD0.0.25",1.5596613458285,-0.0142804361210996,-0.0243593532896727,-0.0880226246387532
7628,"long_v3_CCD0.0.25",2.20017409531104,0.0372759157945214,0.091524541367893,-0.148357273714258
7629,"long_v3_CCD0.0.25",1.77882418894347,-0.024151870790748,-0.0861174625672294,-0.0715434493291787
7630,"long_v3_CCD0.0.25",1.55788453449685,-0.00559551854544873,-0.0382357394052912,-0.0661462219107743
7631,"long_v3_CCD0.0.25",2.04372883732916,0.0250228218537458,0.0779475350678258,-0.077759577523976
7632,"long_v3_CCD0.0.25",1.98930610045047,0.0142009160025682,-0.0347421223339079,-0.0940143332551846
7633,"long_v3_CCD0.0.25",1.88501570259738,0.0238032752270076,-0.01440824263706,-0.170027349122685
7634,"long_v3_CCD0.0.25",1.97252472915772,0.050903979703733,-0.0645907845365079,0.0211231033019249
7635,"long_v3_CCD0.0.25",2.06106471260999,0.12528774440971,0.0223801417125978,-0.0283819737469039
7636,"long_v3_CCD0.0.25",1.92896353656,0.00450444075394369,0.0447442210500413,-0.094248407260141
7637,"long_v3_CCD0.0.25",2.25079895155259,-0.0341013527286476,-0.00582908428962776,-0.0299566599013987
7638,"long_v3_CCD0.0.25",1.93670555424226,-0.0555441029369849,0.0178988204630468,-0.103514739272458
7639,"long_v3_CCD0.0.25",1.81582197749002,-0.0262814543425654,0.0497518000674571,0.0209192912929056
7640,"long_v3_CCD0.0.25",1.74811297006569,0.0436852914414748,0.0156070641652304,-0.00803870423843768
7641,"long_v3_CCD0.0.25",1.98161954927395,0.0292378566081598,-0.0138411527977035,-0.122116162589372
7642,"long_v3_CCD0.0.25",1.91559343644028,0.0389191985047058,-0.0405135560933229,-0.134046631880941
7643,"long_v3_CCD0.0.25",1.43748073816576,-0.00763655842377695,-0.034562714887585,-0.109000377763866
7644,"long_v3_CCD0.0.25",1.53284535302095,0.0452987716392049,0.0456479579500737,-0.152693608618796
7645,"long_v3_CCD0.0.25",1.94766023352095,0.00619203519450709,-0.00593898951049827,-0.0744285689882687
7646,"long_v3_CCD0.0.25",1.71627080178199,0.0144600586308162,0.0351728914503466,-0.0342775720011055
7647,"long_v3_CCD0.0.25",1.80183988412876,0.1182385434078,0.00572002073867874,-0.121285158132697
7648,"long_v3_CCD0.0.25",1.60272008147041,0.0233417003733969,0.0545561500082544,-0.137782668123777
7649,"long_v3_CCD0.0.25",1.60210156365616,0.0437430786047699,-0.0170323028534603,-0.0876520138846561
7650,"long_v3_CCD0.0.25",1.84610919785196,0.043251147839197,0.083910156931778,-0.0475454305479532
7651,"long_v3_CCD0.0.25",1.8863429489788,0.0145038697635644,0.0208188929027166,-0.0989886549225967
7652,"long_v3_CCD0.0.25",1.94097979774995,-0.0171608463878243,0.0650654600717321,-0.0912429579606841
7653,"long_v3_CCD0.0.25",1.87458312852538,-0.0652802640647191,0.0134184715861698,-0.0704573659907679
7654,"long_v3_CCD0.0.25",1.83779160838413,0.0198499850957093,-0.061527532632986,-0.0581518355050455
7655,"long_v3_CCD0.0.25",2.10799907446475,0.00157461831200782,0.0130003253704609,-0.145150616747122
7656,"long_v3_CCD0.0.25",2.01977956389698,0.0334573854384005,0.0661872519720484,-0.127713430544175
7657,"long_v3_CCD0.0.25",1.97695626584742,-0.0105195197685794,0.0562210179173717,-0.0369314207013577
7658,"long_v3_CCD0.0.25",1.60454267282281,0.0943284924926742,0.0127785104759284,-0.0670980272024343
7659,"long_v3_CCD0.0.25",1.60430805111122,0.0315254435830545,-0.0167349239698848,-0.0153407038012206
7660,"long_v3_CCD0.0.25",1.68666258545016,-0.0214416300867115,0.00890975719199387,0.0290070143838775
7661,"long_v3_CCD0.0.25",1.86982950081292,-0.063010448181203,0.00591370776872482,-0.165241529060781
7662,"long_v3_CCD0.0.25",1.97648184126371,0.0206144186108241,0.0483113089688129,-0.0909007600800281
7663,"long_v3_CCD0.0.25",1.9633313132312,0.0649314028813234,0.00516695362143274,-0.0223222083919498
7664,"long_v3_CCD0.0.25",1.78951478212599,0.101408815784603,0.04732420357645,-0.0220507256311311
7665,"long_v3_CCD0.0.25",2.00346331747814,0.0137901651724227,0.00947256178344597,-0.0895732044025598
7666,"long_v3_CCD0.0.25",1.54950473801656,0.0339760677371989,-0.0257326361917889,-0.0333290377128995
7667,"long_v3_CCD0.0.25",1.82251555233954,0.0365619613736514,0.0487157051682097,-0.0533062778149053
7668,"long_v3_CCD0.0.25",1.8150091287,0.0230066741495035,0.0569049420278696,-0.0875230377906865
7669,"long_v3_CCD0.0.25",2.18129785716707,-0.0381393574067405,0.0540560320422873,-0.0906162076950067
7670,"long_v3_CCD0.0.25",1.63251835422686,-0.0408216893837045,0.040492055969766,-0.0344759054496264
7671,"long_v3_CCD0.0.25",1.87040230643009,-0.0018831355706439,-0.0142805080428384,-0.12382507886948
7672,"long_v3_CCD0.0.25",2.1938573148338,0.028069663804308,0.00887186651982727,-0.111056321327941
7673,"long_v3_CCD0.0.25",2.19542458875106,0.0254403713229158,-0.0221827514177098,-0.125000426468988
7674,"long_v3_CCD0.0.25",1.91485628350892,0.0172151263991873,0.0753700523391573,-0.133663910067673
7675,"long_v3_CCD0.0.25",1.98250610612414,-0.0512597982630907,0.0136648735356488,-0.0855754471869696
7676,"long_v3_CCD0.0.25",1.87538957568661,0.00328694919937495,0.0493898132870184,-0.0562882683940886
7677,"long_v3_CCD0.0.25",1.45033408280801,0.0184660668461289,0.114117450233091,-0.0324520420284013
7678,"long_v3_CCD0.0.25",1.84295481020398,0.00244238622891655,0.0446779712985618,-0.0813182972053256
7679,"long_v3_CCD0.0.25",1.90885486935959,-0.0224758041686832,0.0278901588815692,-0.0860024218290137
7680,"long_v3_CCD0.0.25",1.84472292805028,-0.0235587938733563,0.0320783493177395,-0.0318810367265602
7681,"long_v3_CCD0.0.25",1.8575919847011,0.0657241856767826,0.0723705362618709,-0.0470242645512954
7682,"long_v3_CCD0.0.25",1.47297899621221,0.0295044142488084,0.0514928748762945,0.0250034168487975
7683,"long_v3_CCD0.0.25",2.174828735861,0.0710513704086412,0.03008987115355,-0.183834961001394
7684,"long_v3_CCD0.0.25",1.75495987334214,-0.10036388076561,0.0321210316561487,-0.0807640757304795
7685,"long_v3_CCD0.0.25",1.99301029431484,0.000703733445698717,0.0448996209329567,-0.109833912006965
7686,"long_v3_CCD0.0.25",1.96548471481856,-0.0376989164833387,0.045768429652681,-0.107220381760018
7687,"long_v3_CCD0.0.25",2.01810634606852,-0.0550029560639893,0.055729326124665,-0.018233789850418
7688,"long_v3_CCD0.0.25",2.09246348446914,0.0301161331790781,0.0117657686998309,-0.10836897134205
7689,"long_v3_CCD0.0.25",2.14012975543885,0.0683987550442455,0.0640848705243167,-0.106525276380522
7690,"long_v3_CCD0.0.25",1.70300414637539,-0.0153527945469623,-0.0319987990862383,-0.0402827842052836
7691,"long_v3_CCD0.0.25",1.86417788438077,-0.0139682008994467,-0.00312236281269666,-0.120071986745973
7692,"long_v3_CCD0.0.25",1.83731202831392,0.0136022551995289,-0.0108200275291101,-0.096323159527514
7693,"long_v3_CCD0.0.25",2.16908553598347,0.00816863710801812,0.0288287647019734,-0.0554859380266949
7694,"long_v3_CCD0.0.25",1.85685293668862,-0.00728368156806225,0.0978617202970882,-0.0625444155043175
7695,"long_v3_CCD0.0.25",1.93267040691852,-0.00505293153027563,0.0383831290440193,-0.0562919365678719
7696,"long_v3_CCD0.0.25",1.56030657222406,0.00830322501428749,0.0104547745282218,0.00290630800389117
7697,"long_v3_CCD0.0.25",1.81000280417474,0.021642244105712,-0.00514509841121625,-0.0594725823019992
7698,"long_v3_CCD0.0.25",1.92161714293622,-0.014174750223563,0.0475178967152015,-0.0430849837643553
7699,"long_v3_CCD0.0.25",1.96078047260061,0.00526685116187176,0.0318385608382283,-0.111448329255165
7700,"long_v3_CCD0.0.25",1.4818909095198,0.0582507692901162,0.0537369894778824,-0.0953598564880585
7701,"long_v3_CCD0.0.25",1.65727029979556,-0.0617128624433606,0.0453756594081853,-0.0280165358753567
7702,"long_v3_CCD0.0.25",1.94191104830852,-0.0140523433204181,-0.0319612187193355,-0.0510713954105003
7703,"long_v3_CCD0.0.25",2.21827903979673,-0.0302055056967447,-0.0130145002558257,-0.145534927006885
7704,"long_v3_CCD0.0.25",1.85006227591548,-0.114858462187087,-0.0310855053789807,-0.128293222370197
7705,"long_v3_CCD0.0.25",1.8555676499889,-0.00798801200797647,0.0462098348064149,-0.019841374515342
7706,"long_v3_CCD0.0.25",1.94052081118419,0.0837867383930781,0.0304264543494702,-0.109831677853265
7707,"long_v3_CCD0.0.25",1.8565034075041,-0.0397780524021096,-0.0255375996618749,-0.032033496695014
7708,"long_v3_CCD0.0.25",1.996239183922,-0.0670571607970449,-0.0304762765031238,-0.088599894754416
7709,"long_v3_CCD0.0.25",1.90239442257825,-0.0142799826464823,-0.0586275530846389,-0.0664342220286321
7710,"long_v3_CCD0.0.25",1.59608087644821,0.020647178585505,-0.0288942418844313,0.0222216627913587
7711,"long_v3_CCD0.0.25",2.08958720291701,0.0139500981309931,0.0252853897463145,-0.0813251994425249
7712,"long_v3_CCD0.0.25",2.01759580995959,0.00621395610617441,0.0102111398723343,-0.044574927497075
7713,"long_v3_CCD0.0.25",2.12471499763002,0.00701243794796381,-0.028261152625319,-0.131753118446188
7714,"long_v3_CCD0.0.25",1.99524502945993,-0.0231704270330371,-0.0149523490434369,-0.0854548062021785
7715,"long_v3_CCD0.0.25",1.92170488650113,0.012088562607615,0.097228412382146,-0.192753764095976
7716,"long_v3_CCD0.0.25",1.61658494079903,-0.0849302080796525,0.0416212721303503,-0.0127270986725075
7717,"long_v3_CCD0.0.25",1.90698446375124,0.069425909329437,0.00398323618131231,-0.136985433798757
7718,"long_v3_CCD0.0.25",1.84649894138919,0.0987196738346779,-0.00323758991868,-0.0823363703528599
7719,"long_v3_CCD0.0.25",2.31761920693286,0.0239590971614481,0.0939306274516531,-0.0704226932391783
7720,"long_v3_CCD0.0.25",2.04718335404613,-0.00842377500605263,0.0514567183359584,-0.147812710347986
7721,"long_v3_CCD0.0.25",2.18785382599479,0.0471207307716724,0.0830679326710023,-0.0892390315202999
7722,"long_v3_CCD0.0.25",1.77488464235294,0.00480862970499096,-0.0196463094129197,-0.161516453042129
7723,"long_v3_CCD0.0.25",1.7644326692256,-0.0492231529322039,-0.0134239670014081,0.00945947113968674
7724,"long_v3_CCD0.0.25",1.5770955267506,-0.0229671973785109,0.0146748877752609,-0.130711289542105
7725,"long_v3_CCD0.0.25",1.65514228793499,-0.0317014759624098,-0.0359499710216557,-0.101912980169423
7726,"long_v3_CCD0.0.25",1.58245777361334,-0.0203024099035819,0.0483192875284259,-0.0674528574635482
7727,"long_v3_CCD0.0.25",2.23143890473866,0.0130519576334748,-0.0269806757883383,-0.00288850154753457
7728,"long_v3_CCD0.0.25",1.70042485172055,0.00893391311098947,-0.015507354712915,-0.0843402466110912
7729,"long_v3_CCD0.0.25",1.85515945250464,0.0620209186929355,-0.0283679980637314,-0.119225173888864
7730,"long_v3_CCD0.0.25",1.92227160270089,0.02893153061561,0.014925769322357,-0.0557366106261696
7731,"long_v3_CCD0.0.25",1.79110459187464,0.00719353392128493,0.0617788955113746,-0.0534129357037096
7732,"long_v3_CCD0.0.25",1.8238105425814,0.0127323607061644,0.0736718676396927,-0.0567109506370921
7733,"long_v3_CCD0.0.25",1.868446767895,-0.0408185051174752,0.0489272725585537,-0.0167167189298987
7734,"long_v3_CCD0.0.25",1.46258974904936,-0.0287019533416767,-0.0165277534603779,0.0297814703951115
7735,"long_v3_CCD0.0.25",1.6882301580176,0.0111543442915728,0.00647782180212422,-0.102793046503314
7736,"long_v3_CCD0.0.25",1.7698040628885,-0.038793661905514,0.002795221991656,-0.0826589000171562
7737,"long_v3_CCD0.0.25",1.55278659938464,0.079451619536473,-0.0619910532559097,-0.00516354570284362
7738,"long_v3_CCD0.0.25",1.77958790004839,0.0394670224077965,0.0237056395825078,-0.0562381129898535
7739,"long_v3_CCD0.0.25",1.89101384943262,-0.0490855055416347,-0.0173320120433075,-0.156055814530022
7740,"long_v3_CCD0.0.25",2.01644905205467,0.0537082157529608,0.0407896967583181,-0.126389904494511
7741,"long_v3_CCD0.0.25",2.11460821182363,-0.019127531803847,-0.0346025251937431,-0.133936976727859
7742,"long_v3_CCD0.0.25",1.97145629125931,-0.0287903593772505,0.110333059060112,-0.148000932924177
7743,"long_v3_CCD0.0.25",1.53533054237468,0.0167841079101423,0.017346799669901,-0.0593612399349042
7744,"long_v3_CCD0.0.25",1.82362495094629,-0.00857357722094156,-0.0142406401353391,0.033999842852397
7745,"long_v3_CCD0.0.25",1.94072806297755,0.0207098727089214,0.0504814426649249,0.0190745792341968
7746,"long_v3_CCD0.0.25",2.04879571030177,0.0131709784925952,-0.0353497852748665,-0.0714402065830634
7747,"long_v3_CCD0.0.25",1.71260945383668,0.0220900033916345,0.0374490450984173,-0.0897988907002345
7748,"long_v3_CCD0.0.25",1.74720154328462,0.0454303419850467,-0.0155627065726932,-0.0629270740062512
7749,"long_v3_CCD0.0.25",1.71689529830548,-0.0978327507977616,-0.00831352908167608,-0.035068310122466
7750,"long_v3_CCD0.0.25",1.73096700329637,-0.104234518308926,-0.0846008173105608,-0.147070874575478
7751,"long_v3_CCD0.0.25",2.05176644727863,-0.0850344079638703,-0.0231605102305928,-0.132436757279638
7752,"long_v3_CCD0.0.25",1.93149067666899,0.0519564812048736,0.0289489452196435,-0.103859757155431
7753,"long_v3_CCD0.0.25",1.86660964083411,0.0826147817781658,-0.0551363248673292,-0.058115228615504
7754,"long_v3_CCD0.0.25",1.93821200622607,-0.0360575977604607,0.00318918785946758,-0.112802280846689
7755,"long_v3_CCD0.0.25",1.98240891936699,-0.0348662779766124,-0.0163491954934451,-0.145399945856192
7756,"long_v3_CCD0.0.25",1.939657310614,0.0794349480484873,-0.0246002542798423,-0.117715508528184
7757,"long_v3_CCD0.0.25",1.91980289483713,-0.0238588122746887,-0.0309410033226704,-0.0561562338689746
7758,"long_v3_CCD0.0.25",1.61868468433506,0.0174995982050946,-0.0069519556378184,-0.0399678908135208
7759,"long_v3_CCD0.0.25",1.79422120815373,-0.060728087589725,0.0894878899140573,-0.0422993200788734
7760,"long_v3_CCD0.0.25",2.00394466422841,-0.00373868060530367,0.0359774890333351,-0.121316243283993
7761,"long_v3_CCD0.0.25",2.00883582441863,0.00881542982001263,0.0473374356840704,-0.0383594580660276
7762,"long_v3_CCD0.0.25",2.15001013010624,0.0513179825788668,0.03256014082711,-0.0620568415060954
7763,"long_v3_CCD0.0.25",1.96009314689316,0.0395819182191611,0.0600023263282179,-0.0729463332320259
7764,"long_v3_CCD0.0.25",2.08070681054175,0.00354759479529798,0.0815061825365491,-0.14066956455482
7765,"long_v3_CCD0.0.25",1.57007554503945,0.00602107834952208,0.0444325840794015,-0.0442974238693225
7766,"long_v3_CCD0.0.25",1.72862174721273,0.05382832717179,0.00414174131721427,0.00915807382254886
7767,"long_v3_CCD0.0.25",1.96714036798093,-0.0561401228451085,0.00790827026967702,0.0115755465394064
7768,"long_v3_CCD0.0.25",1.61655063867949,-0.0695925821591073,0.00129249995107529,0.0196375210497782
7769,"long_v3_CCD0.0.25",1.89288296408866,-0.064121616785911,0.0468295316389856,-0.0349799882124432
7770,"long_v3_CCD0.0.25",1.94849735247833,-0.0860897284628587,0.0393884156936137,-0.0338135307088201
7771,"long_v3_CCD0.0.25",2.02025774607681,0.0569518436102006,0.0266290489494831,-0.142435016926484
7772,"long_v3_CCD0.0.25",1.86470453171968,0.0170669595344124,-0.017197766208515,-0.0958501676613807
7773,"long_v3_CCD0.0.25",1.94558245084432,0.00896456619651163,-0.0140918363768012,-0.0857056152346926
7774,"long_v3_CCD0.0.25",1.82619956941243,-0.00438725365765177,0.063115960440948,-0.090095711035084
7775,"long_v3_CCD0.0.25",1.85133422463281,0.0398756971247974,0.094784410813521,-0.15976784459701
7776,"long_v3_CCD0.0.25",1.76347265405873,0.0263950014730163,-0.0166510728420091,-0.02302449841916
7777,"long_v3_CCD0.0.25",1.81960709919728,-0.0243985914924349,-0.00828199609432949,-0.0324157373327923
7778,"long_v3_CCD0.0.25",1.89005542576057,-0.0209285671117406,0.0562541608937291,-0.0724551852615394
7779,"long_v3_CCD0.0.25",2.12155447351867,0.0510415444763057,-0.00311401677922086,-0.0749742765590735
7780,"long_v3_CCD0.0.25",1.61058304511181,-0.0538586613631075,-0.00537570724755806,-0.0631930518704877
7781,"long_v3_CCD0.0.25",2.11020234893015,0.00559261838792062,-0.0934729178364446,-0.10793001703906
7782,"long_v3_CCD0.0.25",1.97786759038346,0.0342799637125535,0.0473828694820186,-0.175103927397165
7783,"long_v3_CCD0.0.25",2.0903462917281,0.0307278186703208,0.0781062742678344,-0.0940244606491204
7784,"long_v3_CCD0.0.25",1.90131993000358,0.0215862579639947,-0.0177390242393449,-0.0614575784559383
7785,"long_v3_CCD0.0.25",1.56690589764894,-0.0598690669508494,0.037145098694303,-0.0712580133663297
7786,"long_v3_CCD0.0.25",1.79430944964419,0.0557048495571574,0.0723737402792463,-0.0889850264364259
7787,"long_v3_CCD0.0.25",1.58915293663626,-0.0262802340498354,0.111706788938549,-0.0779375004785067
7788,"long_v3_CCD0.0.25",1.69122329592814,-0.00817111272427563,0.00937787117547171,-0.0997857361286203
7789,"long_v3_CCD0.0.25",2.11319729321902,-0.0256064319458743,-0.0330003410149024,-0.0879734063225056
7790,"long_v3_CCD0.0.25",1.67986861422843,0.0196962504725777,0.0770321743286477,-0.153539537858711
7791,"long_v3_CCD0.0.25",1.43098357109953,-0.0352531608445527,0.038750998100538,-0.0405589607852062
7792,"long_v3_CCD0.0.25",1.7614841617223,-0.0380842811025817,0.061113338959733,-0.092404217852781
7793,"long_v3_CCD0.0.25",1.65093179904959,-0.0270039944648686,-0.0809791913057633,-0.158407951614011
7794,"long_v3_CCD0.0.25",2.01718831309392,0.0455566760526215,0.0521358532347077,-0.105777841410461
7795,"long_v3_CCD0.0.25",1.65217311594091,-0.0573960286031316,0.0364802593021662,-0.103814964338689
7796,"long_v3_CCD0.0.25",1.88884194106942,0.0479968778564185,-0.0193716178226127,-0.0982946046507766
7797,"long_v3_CCD0.0.25",1.54770083707066,0.00364537977551442,0.045787757079536,-0.0913686205584712
7798,"long_v3_CCD0.0.25",1.36722232258443,-0.0482003113831096,0.00480518426520758,-0.0740072269758529
7799,"long_v3_CCD0.0.25",2.02921725945609,-0.031776749886475,0.0130398417964152,-0.0855748923135823
7800,"long_v3_CCD0.0.25",2.00698462948381,0.0366051096246413,0.00530696297352728,-0.170078414514076
7801,"long_v3_CCD0.0.25",1.69665429639891,0.0169584785730548,-0.0502720607446705,-0.141003551519625
7802,"long_v3_CCD0.0.25",1.49460553329867,0.000736059812499679,0.108301915715583,-0.104963807682855
7803,"long_v3_CCD0.0.25",1.76770935417745,-0.0300782437631878,0.00827705080439129,-0.105428364401969
7804,"long_v3_CCD0.0.25",2.00293093203931,0.00575359680630416,-0.0215921620395812,-0.165875212951488
7805,"long_v3_CCD0.0.25",2.00650451154118,0.0316262444892399,-0.0240035848336611,-0.131363916372123
7806,"long_v3_CCD0.0.25",1.98028165506744,-0.0193248047361028,-0.0379834278640599,-0.135325543670503
7807,"long_v3_CCD0.0.25",2.01787301255084,-0.0496923362023989,-0.0107790235949266,-0.0393660337968998
7808,"long_v3_CCD0.0.25",1.66268605490507,0.104770447733332,0.0223437179436266,-0.0909889087151206
7809,"long_v3_CCD0.0.25",1.73060856159739,0.00772529114855127,0.0733258852547973,-0.0821605419278336
7810,"long_v3_CCD0.0.25",1.77119615670638,0.00157330544145934,0.0838735292130647,-0.106281271299494
7811,"long_v3_CCD0.0.25",1.93932716132448,0.0522926431701082,0.0333693209702747,-0.118877274025239
7812,"long_v3_CCD0.0.25",1.98065308591334,0.0263176339871504,0.0195277053210838,-0.0556583647537926
7813,"long_v3_CCD0.0.25",2.15195897660615,-0.0251477178636425,-0.00485030224178101,-0.0997435660897649
7814,"long_v3_CCD0.0.25",1.79455389857019,0.0232840839431055,0.0338418351488766,-0.00262094291174728
7815,"long_v3_CCD0.0.25",1.78118282233847,-0.0191646548101831,-0.0199444006038758,-0.117115715040657
7816,"long_v3_CCD0.0.25",1.56702217023824,0.0740858538368824,-0.0059268094430997,-0.0515500450121504
7817,"long_v3_CCD0.0.25",1.54115694516402,-0.0299167116960075,0.0256419228524419,-0.0861954804197062
7818,"long_v3_CCD0.0.25",2.44897920942554,0.0539075423690025,0.0184608815202757,-0.09330335342933
7819,"long_v3_CCD0.0.25",1.98459758143752,0.0208741395105908,-0.0021651352554595,-0.0106117603261675
7820,"long_v3_CCD0.0.25",1.81750545889333,-0.0035903039908207,0.0850516064074789,-0.047171596867363
7821,"long_v3_CCD0.0.25",1.91816658839882,0.0133301003584555,0.0194166387163407,-0.0588753633808823
7822,"long_v3_CCD0.0.25",2.09365629406298,-0.0663717862682486,0.0215023959157186,-0.132432575932954
7823,"long_v3_CCD0.0.25",1.93488831141399,0.104528953604041,0.0781695924243577,-0.0561390798958975
7824,"long_v3_CCD0.0.25",1.81438985138929,-0.017483138084141,0.0668490533693945,-0.0831427952032403
7825,"long_v3_CCD0.0.25",1.93998640367335,0.0139664557090046,-0.0228257066365932,-0.0750829489399757
7826,"long_v3_CCD0.0.25",1.79780381839772,0.0736620794220674,-0.0474266778565912,-0.133130011561286
7827,"long_v3_CCD0.0.25",1.83010442867301,0.00356129358561336,-0.0118368220859864,-0.0854761036770836
7828,"long_v3_CCD0.0.25",1.91234352448929,-0.021289916399979,0.0104755259899966,-0.0927249014263026
7829,"long_v3_CCD0.0.25",2.00870226808864,0.0062523531915605,0.000453191987164349,-0.0759211168913788
7830,"long_v3_CCD0.0.25",1.97479323206408,-0.00142782636855773,0.0478955940292096,-0.179413101811854
7831,"long_v3_CCD0.0.25",2.39536832206468,0.0635519966494718,-0.000700526718977142,-0.0950382095729081
7832,"long_v3_CCD0.0.25",2.19893568643284,0.0438968826333603,0.0172939514767021,-0.104603274962372
7833,"long_v3_CCD0.0.25",2.1360379941198,-0.0102721535728635,0.00161956678907012,-0.112465103622449
7834,"long_v3_CCD0.0.25",1.84468618687573,0.080699876981745,-0.0496712503371072,-0.140245404016084
7835,"long_v3_CCD0.0.25",1.6292097788366,-0.0032700742330617,-0.0563165713537851,-0.00768672239011857
7836,"long_v3_CCD0.0.25",1.51663576184904,-0.0328143767027357,0.0172348044254978,-0.141499831495148
7837,"long_v3_CCD0.0.25",1.86430857796148,0.085607674922654,0.0147389935114137,-0.116728490549362
7838,"long_v3_CCD0.0.25",1.9275239823226,0.0318415232842824,-0.0132893812581884,-0.0854498713515947
7839,"long_v3_CCD0.0.25",1.35760034290646,0.0741148382671933,-0.013106851680428,-0.103947906574041
7840,"long_v3_CCD0.0.25",1.6251567471865,0.0381418748532317,0.0242529157929535,0.0179616728180323
7841,"long_v3_CCD0.0.25",2.08382999820671,0.0261958233865477,0.090515154557396,0.00994734721031307
7842,"long_v3_CCD0.0.25",1.95690337816355,-0.0487525881848664,0.0223167541951534,-0.0285012172968989
7843,"long_v3_CCD0.0.25",2.01928415588563,0.0472337850877799,0.00954345145560218,-0.154915337659792
7844,"long_v3_CCD0.0.25",1.97421520596644,0.0557136953466476,0.0013490986268538,-0.0690495658723091
7845,"long_v3_CCD0.0.25",1.93606717522706,-0.068168399895102,0.0318627109038786,-0.122897191863045
7846,"long_v3_CCD0.0.25",1.86054439972889,0.0165979060622034,0.000707888122887232,-0.0880121634534991
7847,"long_v3_CCD0.0.25",1.58029884523409,-0.000782719015681581,-0.017296229844951,-0.00858730584576607
7848,"long_v3_CCD0.0.25",1.85095437391657,0.0302767463988426,0.0491126448117733,-0.0751356176352467
7849,"long_v3_CCD0.0.25",1.37214544696284,-0.0193811138929105,-0.0289069600399494,0.00857064761454376
7850,"long_v3_CCD0.0.25",1.84173866756735,-0.0111508452042116,-0.0821361418476711,-0.0607660051028412
7851,"long_v3_CCD0.0.25",2.34606244167448,0.0459950815060211,0.0166838135091388,-0.133775083175833
7852,"long_v3_CCD0.0.25",1.87412012289087,0.0471764495704339,0.0662016580235937,-0.0939869477867262
7853,"long_v3_CCD0.0.25",2.14010153719651,0.0130900254519323,0.0218521347663662,-0.0573375208063629
7854,"long_v3_CCD0.0.25",1.82376397614666,-0.0256640411044506,0.0493623062127144,-0.0564341016671604
7855,"long_v3_CCD0.0.25",1.96028195844479,-0.0276082145441144,-0.0287359860643303,-0.153003735178393
7856,"long_v3_CCD0.0.25",2.27993111696262,0.0223922244822121,0.0488476315266828,-0.152173325166344
7857,"long_v3_CCD0.0.25",2.21529839757222,0.00275384269451166,0.0473808543311014,-0.0906261085119083
7858,"long_v3_CCD0.0.25",2.02104848808069,-0.0283624516091671,0.0792900154535174,-0.0607724615491391
7859,"long_v3_CCD0.0.25",1.79768664744918,-0.00256685651938921,-0.00716524835821838,-0.0764965758536674
7860,"long_v3_CCD0.0.25",1.86195649708764,0.0644942872134932,-0.0231880356227286,-0.140705989054813
7861,"long_v3_CCD0.0.25",1.86290254817828,-0.00867791731133446,0.0695901504532102,-0.107220813191735
7862,"long_v3_CCD0.0.25",2.20623922219518,-0.0243793768522682,0.0690022380255788,-0.0776385712161507
7863,"long_v3_CCD0.0.25",1.80340004752162,0.0140246998900061,0.0161425913352024,-0.010997482060788
7864,"long_v3_CCD0.0.25",1.99720204793502,-0.0149124723312331,0.0698057948023193,-0.105151407215781
7865,"long_v3_CCD0.0.25",1.58802029804162,0.00997789622351471,0.0609276776488037,-0.0835149641077478
7866,"long_v3_CCD0.0.25",2.15201980806287,-0.00396442057802885,0.0726572164007527,-0.0439558383663831
7867,"long_v3_CCD0.0.25",1.71438715891258,0.00626902547149905,0.0253165013825715,0.0174919000154972
7868,"long_v3_CCD0.0.25",1.43025237539804,-0.071316467436282,0.0340407652523319,-0.0720385336248027
7869,"long_v3_CCD0.0.25",1.24750377878847,-0.00492882507739595,-0.0218457427607285,-0.101096961753097
7870,"long_v3_CCD0.0.25",1.67150144511387,-0.0777723326264924,0.0317997102984192,-0.0385198206286383
7871,"long_v3_CCD0.0.25",1.67522393893409,-0.0152362701972064,0.0391327383788757,0.0489183131793652
7872,"long_v3_CCD0.0.25",2.022705280653,0.0505157962463023,-0.0352283162160452,-0.0587869199967225
7873,"long_v3_CCD0.0.25",1.92370397394912,0.0294649177915251,0.0196826220472508,-0.102093877677654
7874,"long_v3_CCD0.0.25",1.91687789321464,-0.0227122976286519,-0.0479000344436897,-0.035985666504379
7875,"long_v3_CCD0.0.25",2.00526265414724,-0.0292222642139737,0.0320958890573198,-0.0374339718078012
7876,"long_v3_CCD0.0.25",1.82923021504683,0.0236387210715363,-0.0535274721472453,-0.0753163540318334
7877,"long_v3_CCD0.0.25",2.09752284939174,0.0488458092983287,-0.0589223649069698,-0.123322330099637
7878,"long_v3_CCD0.0.25",1.9819755707238,0.00449100536438295,0.030456989869965,-0.0821198518028372
7879,"long_v3_CCD0.0.25",1.830597974718,0.0100370075069729,-0.0498034366139627,-0.0482959469354029
7880,"long_v3_CCD0.0.25",1.97141700638707,-0.00531972760788828,0.0615145303073011,-0.116545656891861
7881,"long_v3_CCD0.0.25",2.05481848478519,0.0880621015597118,-0.00970750756001049,-0.134508690013784
7882,"long_v3_CCD0.0.25",1.92457828253125,0.136391328679114,0.0551932423285777,-0.136714003980174
7883,"long_v3_CCD0.0.25",1.54666905437447,0.0745284958236619,0.00524820430848413,-0.0928052548132271
7884,"long_v3_CCD0.0.25",1.80661493947652,0.0116099656864543,0.0260743004455314,-0.09548891588427
7885,"long_v3_CCD0.0.25",2.00945438571255,0.0216529296568698,0.0326456158065827,-0.111897113087911
7886,"long_v3_CCD0.0.25",2.08889081543892,0.0214987348887308,-0.00184591949108431,-0.0964781261450318
7887,"long_v3_CCD0.0.25",1.88488495723354,0.0612160878471985,-0.0651536726633053,-0.068907465720507
7888,"long_v3_CCD0.0.25",1.70133848428193,-0.011172687006643,0.0547027580953996,-0.0940841162829111
7889,"long_v3_CCD0.0.25",2.08964390622368,0.0200157741124834,-0.0778809887963407,-0.160521244651024
7890,"long_v3_CCD0.0.25",1.85868987655129,0.00647204495285696,-0.0154490551923263,-0.108076189012299
7891,"long_v3_CCD0.0.25",2.02304329092223,0.00547163443498362,0.0207953993901394,-0.0842644145993873
7892,"long_v3_CCD0.0.25",1.75906258575167,-0.0171075312113707,0.119550924648674,-0.0553471331296945
7893,"long_v3_CCD0.0.25",1.99773786512548,0.0480329759720265,0.054342995404004,-0.0978246288440627
7894,"long_v3_CCD0.0.25",1.31522870454569,-0.0174251500863433,-0.0280888669526553,-0.115647760052823
7895,"long_v3_CCD0.0.25",2.60603036024926,0.026276746390919,0.013279099827157,-0.0223937205785159
7896,"long_v3_CCD0.0.25",1.97247003634177,0.0458524116921762,0.0129730011811298,-0.0824330259506358
7897,"long_v3_CCD0.0.25",2.07289886093031,0.0754012088140334,0.0804059440154388,-0.0542310433490835
7898,"long_v3_CCD0.0.25",1.87674162377042,0.0202122470891402,0.0217262682499751,-0.0537785783888498
7899,"long_v3_CCD0.0.25",1.96662007413055,-0.0239037679621637,0.0179040777290462,-0.0354999253480412
7900,"long_v3_CCD0.0.25",1.53680579480506,-0.00654666591129923,0.0740864289915643,-0.100255780932896
7901,"long_v3_CCD0.0.25",2.03744718026372,0.0151143932737469,-0.00610703485105018,-0.0221894028783789
7902,"long_v3_CCD0.0.25",1.75717439669959,-0.0101493531979906,0.0187124961358813,-0.105513687638158
7903,"long_v3_CCD0.0.25",2.01741053457335,0.0606499555432336,0.0563952906123242,-0.104022187817734
7904,"long_v3_CCD0.0.25",1.57066071287609,-0.00102893028888856,-0.0339738110849873,-0.105919660357706
7905,"long_v3_CCD0.0.25",1.66561781316133,-0.0363849782064341,0.057051917084448,-0.0677984227083871
7906,"long_v3_CCD0.0.25",1.86864201670836,0.0559928338469441,0.0229973842013686,-0.104171317970265
7907,"long_v3_CCD0.0.25",2.07501677476558,0.0150787770004136,-0.00305233179815632,-0.142912701755851
7908,"long_v3_CCD0.0.25",1.85789721274828,0.00409667433454491,-0.0401912856983559,-0.0648121562348963
7909,"long_v3_CCD0.0.25",1.97825794836401,0.0405287400243625,0.00484308816997737,-0.0429287740318891
7910,"long_v3_CCD0.0.25",2.12031285023039,0.036291100376588,0.0400521262162385,-0.0320105211020638
7911,"long_v3_CCD0.0.25",1.5609308835759,0.0236898960563608,0.0630312149701815,-0.0740302101679443
7912,"long_v3_CCD0.0.25",1.76673977721942,0.0283012526825805,0.00838478237272798,-0.133636914772565
7913,"long_v3_CCD0.0.25",1.96411172036324,0.0226473700485155,0.114511953819178,0.00555605489161867
7914,"long_v3_CCD0.0.25",1.83080324650656,0.0192613479826946,-0.0263002491955204,-0.0860912343108398
7915,"long_v3_CCD0.0.25",1.72498955020559,0.0276113545354272,0.0397103052169762,-0.0804242128100154
7916,"long_v3_CCD0.0.25",1.92298404486019,-0.00268189757343121,-0.00570816950838917,-0.110312842210367
7917,"long_v3_CCD0.0.25",1.8621371908309,0.0163751958494483,-0.00518427636246014,-0.0971317971339742
7918,"long_v3_CCD0.0.25",1.89583971431436,-0.0390863543758045,0.010424879181738,-0.126442866245132
7919,"long_v3_CCD0.0.25",1.93596625335048,0.0258800640604209,0.00485482417566093,-0.147286713662147
7920,"long_v3_CCD0.0.25",1.99832655316742,-0.00762387114719133,-0.0710007662316318,-0.136494179337179
7921,"long_v3_CCD0.0.25",1.84911620020001,-0.00336023164474689,-0.000836219245007232,-0.0735715080345916
7922,"long_v3_CCD0.0.25",1.75979553111614,0.0315086525971929,-0.0337173740177251,-0.0407563958248912
7923,"long_v3_CCD0.0.25",1.98790288159566,-0.0219272804111741,-0.0193653631728718,-0.0692446588110175
7924,"long_v3_CCD0.0.25",1.93540189722885,0.0219869338040051,0.0181143177072929,-0.101920165082317
7925,"long_v3_CCD0.0.25",1.90217971696441,-0.0795729966945482,0.00582020836681352,-0.183585227685687
7926,"long_v3_CCD0.0.25",1.73577441024837,-0.0931942295066597,0.0367165514321776,-0.0679723016276818
7927,"long_v3_CCD0.0.25",2.24786086883045,0.0760100600846785,-0.0282093491444533,-0.175631129304944
7928,"long_v3_CCD0.0.25",1.9471869583196,0.0298985173484528,0.0273765087367778,-0.073900178551861
7929,"long_v3_CCD0.0.25",2.17288007340373,-0.0259204997368013,0.0724614669532355,-0.110283216831934
7930,"long_v3_CCD0.0.25",2.2549271679182,0.0387460028002767,0.0163857708519934,-0.119253579401901
7931,"long_v3_CCD0.0.25",1.87346892474588,0.00852503658818277,0.0180999426809284,-0.0756567809631806
7932,"long_v3_CCD0.0.25",1.8347698739592,-0.00107919291320741,0.0483623304248368,-0.162394242900129
7933,"long_v3_CCD0.0.25",2.08294765275323,-0.0560682929883031,0.0267396451979307,-0.0721042430997491
7934,"long_v3_CCD0.0.25",1.7995142312252,-0.0530938594968588,0.00813536958263269,-0.169831901490749
7935,"long_v3_CCD0.0.25",2.04392916647799,0.00702027295092871,0.0100873642707598,-0.036968441606547
7936,"long_v3_CCD0.0.25",2.06957288980958,0.0509034293499504,-0.0116511466257093,-0.0851344780565727
7937,"long_v3_CCD0.0.25",1.90986584941498,-0.00885012037306576,-0.00934630730393165,-0.107402102369484
7938,"long_v3_CCD0.0.25",1.85576515439809,-0.0402805691274907,0.000593979544669148,-0.0742741378446349
7939,"long_v3_CCD0.0.25",2.0805191599958,0.0592024559872159,0.0659539152759589,-0.132141285092764
7940,"long_v3_CCD0.0.25",2.10544385911906,-0.0134827900355582,0.0370444318206333,-0.044716559935605
7941,"long_v3_CCD0.0.25",1.70264828470602,-0.0485415855233785,0.0253745045365915,-0.082761171223891
7942,"long_v3_CCD0.0.25",1.63127916436942,0.0249510255585165,0.0300444513460396,-0.115332176201887
7943,"long_v3_CCD0.0.25",2.1031788354876,-0.00189465330951053,0.0323837851614778,-0.129371235657422
7944,"long_v3_CCD0.0.25",1.80530009218711,0.0378606889729091,0.010399345272924,-0.0935393396227556
7945,"long_v3_CCD0.0.25",2.02040313602127,0.042743806323861,0.0136998282174289,-0.0703927173136293
7946,"long_v3_CCD0.0.25",1.93685485414524,0.0518873306188507,0.00619998798431369,-0.0833351776926905
7947,"long_v3_CCD0.0.25",2.18263517087845,-0.0307410797440886,0.0282930428877611,-0.0851367224689594
7948,"long_v3_CCD0.0.25",1.46811103789565,0.0150163073280367,0.0183010523768087,-0.062096449614322
7949,"long_v3_CCD0.0.25",1.74070769383924,-0.0244764106076159,0.0181645364912731,-0.0275246097923942
7950,"long_v3_CCD0.0.25",1.95475905433965,0.0431173616166326,0.0520247714981832,-0.0916654538694282
7951,"long_v3_CCD0.0.25",2.11172211870122,0.0317015350027381,0.00753920112369079,-0.137607800786311
7952,"long_v3_CCD0.0.25",1.98370445458721,-0.0083026681084442,0.00432794946289524,-0.0730290469838559
7953,"long_v3_CCD0.0.25",2.03007068258063,0.0333108364079578,0.0548147639624353,-0.0279016701242605
7954,"long_v3_CCD0.0.25",1.98984259930466,-0.0290720099823581,0.0348220203875308,0.00807382739050987
7955,"long_v3_CCD0.0.25",2.0501361115652,0.020743232082367,-0.0322357706975003,-0.185481121230238
7956,"long_v3_CCD0.0.25",1.91115804418698,0.0208019229055251,0.0168132745826993,-0.0822954141766538
7957,"long_v3_CCD0.0.25",1.67978199189431,0.00159027534669787,0.059821625565067,-0.0804699890781684
7958,"long_v3_CCD0.0.25",2.01282716395697,-0.0229488222464296,-0.0294443141056387,-0.0459866159708511
7959,"long_v3_CCD0.0.25",2.04350388088604,0.0256658930765197,0.0987802783976175,-0.159110133252884
7960,"long_v3_CCD0.0.25",2.09162419099298,-0.0361864830099547,0.00328338651208009,-0.0923098988831198
7961,"long_v3_CCD0.0.25",2.0758717347974,-0.0197229089021184,0.0076178639969104,-0.0593911241222467
7962,"long_v3_CCD0.0.25",1.97119794954899,-0.0146106837299895,0.0275777443976856,-0.06109333416566
7963,"long_v3_CCD0.0.25",1.98442654241655,0.0958514590949998,0.0102304688205853,-0.149568815963099
7964,"long_v3_CCD0.0.25",1.52069043876113,-0.00210214349699167,0.0361607943698389,-0.107501503814907
7965,"long_v3_CCD0.0.25",2.41458471803428,0.0130689705906732,0.032920170087936,-0.129359692051258
7966,"long_v3_CCD0.0.25",2.08559466874635,0.00478021924891289,0.0208660882610279,-0.0706631942276506
7967,"long_v3_CCD0.0.25",1.57068289997664,0.0332947255115932,0.0334385223903524,-0.117596236228823
7968,"long_v3_CCD0.0.25",1.7497907228614,0.00376569035000203,0.0268986445861479,-0.0483071357980856
7969,"long_v3_CCD0.0.25",1.84636079914079,0.0298290471389034,0.0363997730547078,-0.137512143250457
7970,"long_v3_CCD0.0.25",1.95464331720508,0.0365791619058694,-0.00882142471207414,-0.130652026919876
7971,"long_v3_CCD0.0.25",1.81414134210231,-0.00230336696280478,0.0249176890418038,-0.0787736174475698
7972,"long_v3_CCD0.0.25",1.91594709789141,0.0129400398976963,-0.00193727473941948,-0.0473137211974649
7973,"long_v3_CCD0.0.25",1.66559022968933,0.0355242617784579,0.0870687087763312,-0.119850760752997
7974,"long_v3_CCD0.0.25",1.797711127288,0.0392928789028611,0.00528791602973024,-0.0259604326958189
7975,"long_v3_CCD0.0.25",1.91738960875939,0.0576641476383539,0.0847795511065505,-0.0568618500389831
7976,"long_v3_CCD0.0.25",1.86657448335968,0.0218150490557238,0.0107867433807937,-0.07880458457597
7977,"long_v3_CCD0.0.25",2.0975873604557,-0.0105714383140525,-0.00376168214473028,-0.0884843609510482
7978,"long_v3_CCD0.0.25",1.6659446679524,0.00978857863572749,-0.0197652923313464,-0.139157689107932
7979,"long_v3_CCD0.0.25",1.9039965157351,-0.00942409051071142,0.0335444592310785,-0.0400487235639598
7980,"long_v3_CCD0.0.25",1.88490599483558,0.09085666192322,0.0423516429463634,-0.0387050703752995
7981,"long_v3_CCD0.0.25",1.65645012869104,-0.00666777125348634,0.00450267103003801,-0.0311232325404131
7982,"long_v3_CCD0.0.25",2.01756645967667,0.0360348386056396,0.00236714056974405,-0.136512262606199
7983,"long_v3_CCD0.0.25",1.43174713749444,-0.0508575747724623,0.0867777470896682,-0.101480733061372
7984,"long_v3_CCD0.0.25",1.95729264902662,0.0137482034142084,0.0205241859048613,-0.0899481863584446
7985,"long_v3_CCD0.0.25",1.96029188828002,-0.0394911255927077,0.03452867443904,-0.103190900646712
7986,"long_v3_CCD0.0.25",1.72380508536799,-0.00132843847323928,0.044702938589844,-0.067005358060533
7987,"long_v3_CCD0.0.25",1.48541145890616,0.0674922133553809,0.0674905913571936,-0.0494574454270805
7988,"long_v3_CCD0.0.25",1.81449326917555,-0.0165195302397922,0.0192356627091794,-0.111080478632931
7989,"long_v3_CCD0.0.25",1.86982215560576,0.00289997329529295,0.0463553422791086,-0.0858837527958447
7990,"long_v3_CCD0.0.25",1.66122355865333,0.00530978505048966,0.0654931149125449,-0.0209368297264864
7991,"long_v3_CCD0.0.25",2.25200214241696,0.0135882068973054,0.0584864209609255,-0.103080801829115
7992,"long_v3_CCD0.0.25",2.05102501817582,-0.0462538983173136,0.0224641515234522,-0.0451774545699153
7993,"long_v3_CCD0.0.25",2.16607019802724,-0.0097529831492122,-0.0382702462509489,-0.0115085003705333
7994,"long_v3_CCD0.0.25",1.90049472441651,-0.0266882233745766,0.0630405319524914,-0.0730324450492111
7995,"long_v3_CCD0.0.25",1.36543405955798,-0.0118649602141765,0.0237323733498623,-0.0123362426121694
7996,"long_v3_CCD0.0.25",2.17225568131771,-0.0425471810311458,-0.0042217968070765,-0.092566058294808
7997,"long_v3_CCD0.0.25",2.02568638554451,-0.0354529638245049,0.011504888594429,-0.0649654895597398
7998,"long_v3_CCD0.0.25",1.79270631914492,-0.000565619443069326,0.0317414060973001,-0.0176561381856961
7999,"long_v3_CCD0.0.25",1.7182001117657,0.0388095621156387,0.0378560390720288,-0.0931863907471019
8000,"long_v3_CCD0.0.25",1.727504327836,0.00836021515034457,-0.026494047252384,-0.0588612181894803
