"sample_id","tree","Intercept","log_n_speakers_norm","n_segments_norm","delta_norm"
1,"heggarty2024",-5.99492256613348,0.0095169516369601,0.0492791317359904,-0.0306373634278201
2,"heggarty2024",-6.04920396462894,-0.206395427092421,0.00777393591628224,-0.0164839106199797
3,"heggarty2024",-6.19075236886687,0.0372517540153109,-0.156525259223359,-0.0130703382044845
4,"heggarty2024",-6.67642019533915,-0.124846923024416,-0.0847413627521335,-0.093745643339651
5,"heggarty2024",-5.75067204899393,-0.0535996750614865,0.00192784090818401,-0.0347520275926166
6,"heggarty2024",-6.69544812967718,-0.0742962784611991,-0.132648492669392,-0.159841639201113
7,"heggarty2024",-6.42038552766824,-0.139241343356677,0.0196122341805578,0.0129049344714389
8,"heggarty2024",-5.68400386796026,-0.025950290309596,-0.0344240939873171,-0.0822700117256241
9,"heggarty2024",-5.61750880949429,-0.0590031422520502,-0.0464840292935336,-0.152954537297852
10,"heggarty2024",-5.97027818141731,0.0145080380431716,-0.122227492903082,-0.0342389099393705
11,"heggarty2024",-6.11313910863876,-0.06631080963484,-0.14919181541658,-0.17421102514751
12,"heggarty2024",-6.08337499218183,-0.0129528957319464,-0.0967071062810359,-0.118030870744055
13,"heggarty2024",-5.99481304822183,0.0366896218617265,-0.024545058236107,-0.064379000802396
14,"heggarty2024",-5.76119013718392,0.0418010279777018,-0.0674898418425657,0.0504889710746401
15,"heggarty2024",-5.8862207627165,-0.0405401017557336,0.0464489151738051,-0.094008843234432
16,"heggarty2024",-5.96334773383305,-0.0575595378785049,-0.0446007478484783,-0.14923094024028
17,"heggarty2024",-5.68802074687013,-0.0091676644945081,-0.0373461481780333,-0.171364014550727
18,"heggarty2024",-6.55969912900043,-0.103668631890465,-0.134224614296028,-0.0504286696608253
19,"heggarty2024",-5.76137006855341,-0.0238192086123295,-0.0551007840048416,-0.120973169627184
20,"heggarty2024",-5.89781726072535,0.10529094158816,0.0364836134063595,0.13445284964288
21,"heggarty2024",-5.99346007712064,-0.0486055458846629,0.0757524652115308,-0.243050628754331
22,"heggarty2024",-5.80650191861721,0.143815839238461,-0.197662084665954,0.0208745495466088
23,"heggarty2024",-5.93758832835366,-0.0701225106643674,-0.0145597444210009,-0.0158026109274591
24,"heggarty2024",-5.83794829178115,-0.0548832620549111,-0.0495440761260585,-0.211139722917224
25,"heggarty2024",-5.95302451763795,-0.0689055707000465,0.0711543127668536,-0.0696436617418835
26,"heggarty2024",-6.27736933992304,-0.186252983265468,-0.062519742674741,-0.215672103324497
27,"heggarty2024",-5.88060706190361,-0.0554990170944782,-0.0902511751577475,-0.0152583804764656
28,"heggarty2024",-6.79836571463414,-0.244943380115761,0.0504291433863793,-0.213464804300271
29,"heggarty2024",-5.98769409583752,0.0242956547866291,0.0347582952734539,-0.128714737727885
30,"heggarty2024",-5.94697279278008,0.0282910398982232,-0.144851230524216,-0.16528264471496
31,"heggarty2024",-5.79599410933119,-0.0665690720284694,0.00715177721462145,-0.0978901592765611
32,"heggarty2024",-6.30969366543054,-0.064071579164275,-0.125634648437141,0.028031620295692
33,"heggarty2024",-6.04074321490396,-0.184262852250262,-0.0677740347268466,-0.261264562017698
34,"heggarty2024",-5.86123059562433,-0.0752467974537136,-0.0320564984865065,-0.224837519996771
35,"heggarty2024",-5.82556990463689,0.0074480387503135,-0.129825902707651,-0.062429406160627
36,"heggarty2024",-5.82386079332044,-0.0816989320283232,-0.0755486176263869,-0.0767421460945131
37,"heggarty2024",-5.98323713497924,0.0743400811349923,-0.0509511800692458,-0.116507780331354
38,"heggarty2024",-5.79682257770148,0.0581670595185133,0.0573434484662457,-0.148781871816924
39,"heggarty2024",-5.53610677664613,-0.0412164093740651,0.0453854021567112,0.0468113081575862
40,"heggarty2024",-6.17420965839959,-0.100440997220056,-0.0636710212101129,-0.058591688893844
41,"heggarty2024",-6.06894502854454,-0.068049895935594,0.0638322529978167,-0.24002192938705
42,"heggarty2024",-6.17219943777046,-0.134769654593229,0.104178690642881,0.00954084332285199
43,"heggarty2024",-5.87116009970926,-0.165454347713409,0.083654148906691,-0.0677159389662636
44,"heggarty2024",-5.813108451403,-0.0634764788350035,-0.115892052311892,-0.214140953654561
45,"heggarty2024",-5.64629869682817,-0.125936199323716,0.00800255493768648,0.0387658585582096
46,"heggarty2024",-6.7446049157608,-0.069600371962321,0.0146298610172113,0.00116367313641409
47,"heggarty2024",-5.8850813717733,-0.0538426287377898,-0.0307815892291264,-0.129991933186665
48,"heggarty2024",-5.88347036657334,-0.0676050228719784,-0.0834862433449939,-0.0236837112726969
49,"heggarty2024",-5.81842858318383,0.0882757900171017,0.0305637172617828,0.0734228640599037
50,"heggarty2024",-6.12741813746607,-0.0322673674784685,-0.0221730592343309,-0.0588269029584201
51,"heggarty2024",-5.90292609347562,-0.0592209844440233,-0.0518983354673557,-0.153936462893139
52,"heggarty2024",-6.01655650077118,0.0314779786157426,-0.083216059501418,-0.0752094014067859
53,"heggarty2024",-6.19928792171845,-0.0144408244273383,0.145924994172809,0.115685224327563
54,"heggarty2024",-5.88905601202211,-0.0268006063520977,-0.0527207812663418,-0.125466032605945
55,"heggarty2024",-5.95486390003963,-0.138489807854132,0.014550208432298,-0.160755954019887
56,"heggarty2024",-5.33518986757655,0.0866439011510867,-0.0415918951527684,-0.0137067500871457
57,"heggarty2024",-6.25575736824944,0.0119937590851183,0.133711628286095,-0.060801131302087
58,"heggarty2024",-5.82964731866212,0.114918152763373,0.00452975066526508,-0.0203328548324167
59,"heggarty2024",-5.58398346529619,0.0760284767393911,-0.059346930857749,-0.195438009544607
60,"heggarty2024",-6.01971819437405,0.0983099020076198,0.0611357989970953,-0.0993180787425125
61,"heggarty2024",-6.1618357809645,-0.127778832605612,0.0132946461889487,-0.140969963139349
62,"heggarty2024",-5.80694137755871,0.0532611389128528,0.0364224742876802,-0.127914961579084
63,"heggarty2024",-6.05332240358785,-0.159028249729214,-0.00353515602449888,-0.0438376136003484
64,"heggarty2024",-5.77316483706907,-0.151073982438359,-0.00324263317605209,-0.094928687739685
65,"heggarty2024",-6.22592297654907,-0.041879588718348,0.177508815763603,0.0179464783750027
66,"heggarty2024",-6.13847636208625,-0.0736724631001006,-0.0476457409769773,0.0731740397769724
67,"heggarty2024",-5.47847051718414,0.00680498421670527,-0.026565710877419,-0.175855993935452
68,"heggarty2024",-5.8994231881654,0.0109865129369161,-0.00557771842364283,-0.0351374467908879
69,"heggarty2024",-5.63309520529859,-0.0544868353359482,0.0442312834963998,-0.152315789753578
70,"heggarty2024",-5.90743593278135,0.00656908016084679,0.0809552800485457,-0.106942707016211
71,"heggarty2024",-6.02271310384773,0.0157416689747192,-0.0338279709876005,-0.0854124258101678
72,"heggarty2024",-5.63288926677005,-0.00367923954567105,-0.0483540503383682,-0.092125436277854
73,"heggarty2024",-5.78050168293778,-0.0651745611059338,0.0296808507840764,-0.142039503015622
74,"heggarty2024",-6.33111758425537,-0.248118570896585,-0.062846938880862,0.0256954862576791
75,"heggarty2024",-6.06397255922656,-0.212449756718813,-0.0109648617742231,-0.205666565384667
76,"heggarty2024",-6.01931179276111,0.0686884095089339,0.0845287917400065,-0.0885646976462754
77,"heggarty2024",-5.86584484725819,0.0780801357149965,-0.006180538812363,-0.163180074733085
78,"heggarty2024",-6.16952481267386,-0.166118791939039,-0.0243368145048192,-0.130795844124375
79,"heggarty2024",-6.37156143431465,0.0294326375336466,0.0128866655344282,0.00503433658690151
80,"heggarty2024",-7.28713483042368,0.0153619019507369,0.0900552146813684,-0.0792109769416897
81,"heggarty2024",-6.27404931590981,0.0406612343584914,0.0686116231465228,-0.0155207755603284
82,"heggarty2024",-5.82674264572389,-0.0576820858919677,0.0379120839499444,-0.135490409449507
83,"heggarty2024",-5.65717201728316,0.0390261496392124,-0.0553097493459926,-0.115318436058485
84,"heggarty2024",-5.75165728302044,0.0204639696097885,-0.0227429270492302,-0.116313213603344
85,"heggarty2024",-5.79167756838394,0.0506762700318271,0.0620600686051653,0.00244133114505328
86,"heggarty2024",-6.01143924532378,0.005049223513458,0.114584902366,-0.0102732714255793
87,"heggarty2024",-6.94543751901729,-0.121148025760761,-0.0752253444913931,-0.126812871076746
88,"heggarty2024",-5.86955871238289,-0.0695546447687685,-0.130689638890107,-0.198399682941126
89,"heggarty2024",-5.8977849202056,0.0530879909481736,-0.0435308955672159,-0.129681221943157
90,"heggarty2024",-5.47847277956957,-0.100622126944298,-0.0064614642578888,-0.0648087353289242
91,"heggarty2024",-5.62084349709486,0.00659037065508427,-0.222418879543677,-0.101805631850039
92,"heggarty2024",-5.85814540251331,-0.101318134077034,-0.0115730864890399,-0.140439379989896
93,"heggarty2024",-6.10736378970073,-0.0588964920253073,0.167993572510057,0.0241926778836725
94,"heggarty2024",-5.98911244730081,-0.0474744302392182,-0.00157357946618641,-0.0903631437056573
95,"heggarty2024",-6.7702279095236,-0.0467239753972238,0.018109392830929,0.0510961655170128
96,"heggarty2024",-6.11078221569481,-0.144047614353301,-0.107750041556686,-0.240464944918839
97,"heggarty2024",-5.89195821939716,0.00301480810165194,0.0398647899075504,0.029811523163265
98,"heggarty2024",-5.86027962897398,-0.0840492722769968,0.00436675864391137,-0.0831711221382113
99,"heggarty2024",-5.76458381527254,-0.0669446795450693,-0.0615805635690638,0.0897122114837031
100,"heggarty2024",-6.01543860093186,-0.102522213219701,-0.0461377184244082,-0.064301257643016
101,"heggarty2024",-6.19893595719197,0.229787966816312,0.106805391656416,-0.113491365073406
102,"heggarty2024",-5.95772286913871,-0.0302473856572938,-0.145594735067037,0.00254288686690875
103,"heggarty2024",-5.62342365498058,0.0327001970177025,0.0722334814208727,-0.189740659799054
104,"heggarty2024",-6.0494039335092,0.0221317712931676,0.0238613888267647,-0.119230367353738
105,"heggarty2024",-5.51065997048193,-0.0355366626835942,-0.00697009999522822,-0.035703247351943
106,"heggarty2024",-6.02013623738513,0.041775788582222,-0.116159870738841,-0.189241160634586
107,"heggarty2024",-5.77171949863968,-0.0181222161267824,-0.142547658637651,-0.136791081007873
108,"heggarty2024",-5.13321689692904,0.035953048320737,0.0317439935318017,-0.12957562915885
109,"heggarty2024",-5.88208942314045,-0.0338517660512489,-0.168123118853988,-0.199807296407037
110,"heggarty2024",-5.43981984419961,-0.0598448177332591,0.04944691537988,0.130605540184653
111,"heggarty2024",-5.95200624874195,-0.0477179442457234,-0.0158033076320278,-0.0987134745509503
112,"heggarty2024",-6.20673739971485,-0.0405238553758601,0.126663037826047,-0.0838448249946563
113,"heggarty2024",-5.7477519234602,-0.0912690565846173,-0.0394250064006661,0.00983885808444923
114,"heggarty2024",-6.02292625216243,0.00714584333880232,0.0196024212775879,-0.174410968873409
115,"heggarty2024",-6.28481995034556,-0.23121521963453,0.161670149892477,-0.262012408959357
116,"heggarty2024",-6.20437428537053,-0.0891110264137507,0.013159666129604,0.0458542981569969
117,"heggarty2024",-5.81683991763725,0.00271503087049477,-0.00193819609672393,-0.104292859269008
118,"heggarty2024",-5.92311901245034,-0.00140310423072201,-0.0635843430003014,-0.193190512454899
119,"heggarty2024",-5.85562438156736,0.087474517637092,0.0231894221630197,-0.0749295290153017
120,"heggarty2024",-5.95302496189127,0.00574577580530294,-0.0444358904417056,-0.000550843720355569
121,"heggarty2024",-5.92764724354716,-0.0602218194249511,0.037200508841366,-0.0968930963817082
122,"heggarty2024",-5.91995154680713,-0.0361122901754154,-0.0290222575973346,-0.0995825553108161
123,"heggarty2024",-5.87768179912501,-0.0333645536764484,-0.0154840709165555,-0.0275355150191485
124,"heggarty2024",-5.97711944357681,0.0603173151816015,-0.010497216521834,-0.0825399635007088
125,"heggarty2024",-6.17340822258217,-0.143379411061073,-0.227518534454675,-0.13979568645494
126,"heggarty2024",-5.87691012054957,0.0495527268544613,-0.0250629118724848,-0.196957860236958
127,"heggarty2024",-6.56878367932162,-0.0774625959774185,-0.0301488244384272,-0.165056772804899
128,"heggarty2024",-5.99718318526327,-0.0334814819046613,0.0205165326582468,-0.146814766047484
129,"heggarty2024",-5.81834274939044,-0.123815032137779,-0.0646891323426872,-0.213099433629215
130,"heggarty2024",-5.96825382874953,-0.0785834647208902,-0.142116554137516,0.0543265006172838
131,"heggarty2024",-6.00093235853306,-0.0494248590135633,-0.0497816884193968,-0.156885047552764
132,"heggarty2024",-5.92899227337528,0.0146519920869358,-0.0098103236345158,-0.0482461299631222
133,"heggarty2024",-5.95529919420507,-0.0705695488163669,0.0436034288826052,-0.0863896006601403
134,"heggarty2024",-5.91627637976504,0.0422351051044149,-0.0433554841512562,-0.053056470501552
135,"heggarty2024",-5.91201965544325,0.000930928885681788,0.0467354825709288,-0.170657285219909
136,"heggarty2024",-5.57988094019896,0.0649584049681385,-0.00780556136856661,0.0400093371704416
137,"heggarty2024",-6.01186596464914,-0.0944264342834443,0.0148048329198019,0.0238387721340067
138,"heggarty2024",-6.34461460305484,-0.0504483640597204,-0.0317485904131895,-0.150882523918322
139,"heggarty2024",-5.79207463643931,-0.119231480069106,0.0781650434469854,-0.0535965671652732
140,"heggarty2024",-5.837505201287,0.10729725280959,0.103878721872835,-0.288700294231643
141,"heggarty2024",-6.06421018764338,-0.0564542569938715,0.0203728469820161,0.0199172122596553
142,"heggarty2024",-6.670792716431,-0.195556168984314,0.00787837085784319,-0.0850189064850529
143,"heggarty2024",-6.05119914394287,-0.0744443460156759,-0.0423107955971974,-0.0636240677373599
144,"heggarty2024",-6.11124013484779,-0.0728312811495166,-0.0636211394497937,-0.199501114077187
145,"heggarty2024",-5.72644172936061,0.00944449049906993,-0.192200530915086,0.0522558306011829
146,"heggarty2024",-5.90861676450665,0.0383980614342126,-0.0457257044157691,-0.00432577714060804
147,"heggarty2024",-6.48473096152241,-0.222056741865104,-0.056089239335292,-0.116387292135427
148,"heggarty2024",-6.16086794092957,-0.0311353039124651,-0.187756016726553,-0.106258396118594
149,"heggarty2024",-6.46326195777192,-0.0286035984840528,-0.00576980114655013,-0.116112309963604
150,"heggarty2024",-5.76137736652416,0.0537448984621596,-0.105067895059116,-0.104239963592136
151,"heggarty2024",-5.73514379753111,0.0686310591445132,0.127559438510771,-0.145003005590645
152,"heggarty2024",-5.70087712950281,0.0246380819564116,-0.113260636773731,-0.0743232286005915
153,"heggarty2024",-5.76064118158563,-0.0912136483222891,0.00383428452971195,-0.118124218927823
154,"heggarty2024",-5.5636871335152,0.048143860212797,0.00962275846896368,-0.03101708999915
155,"heggarty2024",-5.75086242616939,-0.102053833815206,0.0793557054967593,-0.0704148623281322
156,"heggarty2024",-5.62449554202671,0.0127733040637911,0.086273122963995,0.0115551397389623
157,"heggarty2024",-5.63501635958431,-0.0162160440870637,-0.0197192896834352,-0.122918124142788
158,"heggarty2024",-6.2522148542876,-0.125473417179427,0.00311123367118963,-0.128096183355814
159,"heggarty2024",-6.04027578528326,0.10123992453825,8.55310760210773e-05,0.0243231833599626
160,"heggarty2024",-5.74668248045028,-0.0989304973366323,-0.0232598292278577,-0.0800442063132911
161,"heggarty2024",-5.67170648182505,-0.089778354511203,-0.0569000668907242,-0.041848772892683
162,"heggarty2024",-6.19728012209983,-0.0338011466152666,0.0359842022700985,-0.0202629145455302
163,"heggarty2024",-6.04937990103849,0.0199957380893249,-0.149571611012562,-0.0170617246823765
164,"heggarty2024",-5.45945202806255,-0.160157740964872,-0.0453054053900605,-0.0169475995216945
165,"heggarty2024",-6.57422619928991,0.037490993941797,0.015720768733404,-0.0178096454527067
166,"heggarty2024",-6.04457477627722,0.0101647406552783,0.0279717468634672,-0.0168158709437498
167,"heggarty2024",-6.2896127122308,-0.0710200866524591,0.0197714677776802,-0.149430304660845
168,"heggarty2024",-5.81519003916501,0.00435618678465406,-0.0613448659078006,-0.138772366782708
169,"heggarty2024",-5.7083798453283,0.0746952181654389,-0.0606997203079645,-0.165880578636977
170,"heggarty2024",-5.83932532755174,0.000296809056249817,0.0264734170805324,-0.0281221305906212
171,"heggarty2024",-6.01895614657639,-0.148692801019475,-0.297366018499421,-0.278628548911976
172,"heggarty2024",-5.86431296065187,-0.0213402011744544,-0.100895152292687,-0.167501451939237
173,"heggarty2024",-5.76055586149077,-0.0204336383986497,0.00275430955697235,-0.0493304877972888
174,"heggarty2024",-5.86657011749592,-0.0338603314094422,0.0764553829205447,-0.239367936924673
175,"heggarty2024",-5.95540481274391,-0.115319141967005,-0.102608543220683,-0.0289175987063717
176,"heggarty2024",-5.95397172430244,-0.0568520506537024,-0.0265911173594115,-0.0368610577877252
177,"heggarty2024",-5.69901186176267,-0.0906323556348016,-0.0145684206813376,-0.123668756458365
178,"heggarty2024",-6.08068309460807,0.0722494748993656,0.0704967542316231,-0.195874209894038
179,"heggarty2024",-5.93737529462614,-0.156060473277721,0.0314914867317893,-0.098961262715997
180,"heggarty2024",-6.07321356264114,-0.030552269997135,-0.0436234927987079,0.00960342632923952
181,"heggarty2024",-5.80869302369522,-0.0856656878469097,0.0617533146899561,-0.115301859940408
182,"heggarty2024",-5.64769881119685,0.0776776494402666,-0.145039045843902,-0.052036687352316
183,"heggarty2024",-5.95944020368757,-0.0140759086052975,0.0197271657263347,-0.117869408711484
184,"heggarty2024",-5.72078850466711,-0.110761911240842,-0.00793600767905912,-0.199519600409046
185,"heggarty2024",-5.97389594496395,-0.0419265844496567,-0.0325715190317117,-0.108421999703336
186,"heggarty2024",-5.81757972777116,-0.0133186178363063,-0.131790628160104,-0.17108213023977
187,"heggarty2024",-5.88039836986792,-0.0345358188242841,-0.0707233418076532,-0.350991181647139
188,"heggarty2024",-4.82554635724016,0.0109987622381709,-0.0716411923536126,-0.0472161765333904
189,"heggarty2024",-6.14038396019314,-0.0597822579728048,-0.079021100837333,-0.220745829166651
190,"heggarty2024",-5.91143426814604,0.0198621374834247,0.0433224821214231,0.0505682440639679
191,"heggarty2024",-6.10476326084045,-0.0797291951533116,-0.030473973108884,-0.106147576322714
192,"heggarty2024",-6.03588389001692,0.00116106764362881,-0.0061793116879106,0.0225081299352636
193,"heggarty2024",-5.56837203897439,-0.109912097059357,-0.00384456222358744,-0.17978804869334
194,"heggarty2024",-5.50943836661321,-0.186335725770722,-0.172756889665868,-0.412041021608622
195,"heggarty2024",-5.7650403573411,0.0183091782800691,-0.2285917923616,-0.112978453297509
196,"heggarty2024",-6.47394902281083,-0.16426236837807,0.169214976893168,-0.0823778820652469
197,"heggarty2024",-6.35090739966326,-0.268414175079178,0.00345696957810361,0.0522409451302727
198,"heggarty2024",-5.97162327165718,0.0184336721405264,-0.104693898435175,-0.198099721417798
199,"heggarty2024",-5.49264771108252,-0.177218008845166,-0.077495237047807,-0.0822039289048129
200,"heggarty2024",-5.90651850167529,0.0464773051961092,-0.0891421511885592,-0.136181942419076
201,"heggarty2024",-6.4406969505762,-0.0853257138336771,-0.138856091397645,-0.225097833931274
202,"heggarty2024",-6.32419454154819,-0.0911238619416566,-0.0212558802835213,-0.0721760217138311
203,"heggarty2024",-6.13405722091092,-0.0773339177992431,-0.0122469030151082,-0.186413804597416
204,"heggarty2024",-5.87825606922742,0.103333208156985,0.0708243626980492,-0.103865345568618
205,"heggarty2024",-5.46787633249939,0.144686883436053,-0.0959688215437149,-0.125168982973871
206,"heggarty2024",-5.99250512478456,-0.0031039306181319,-0.0109433594357976,0.0677149831463821
207,"heggarty2024",-5.79433878548285,0.0224573560890057,0.00857885992385157,-0.0610875230138956
208,"heggarty2024",-5.83228363763014,-0.00218154036554553,-0.0493125289797871,-0.223460650555957
209,"heggarty2024",-5.77315125907113,-0.109010607260408,-0.00838235148298968,-0.0324862526562984
210,"heggarty2024",-6.65920447585082,0.015511636261836,-0.200859146204777,-0.087443009484565
211,"heggarty2024",-5.67039966303731,0.00537507630427874,-0.14093547765239,-0.13873950914264
212,"heggarty2024",-5.82599443675235,0.0928518860530567,0.0762569918436292,-0.247142715888449
213,"heggarty2024",-6.05630813377183,-0.0993490661710107,0.0250676871539336,-0.104932153194075
214,"heggarty2024",-5.59272422723637,0.247710300466656,-0.0686375692102187,-0.215628664673007
215,"heggarty2024",-6.1178302256855,0.123552651966538,-0.137478826938958,-0.115054400081149
216,"heggarty2024",-5.72966871338512,-0.0315954834811043,-0.147886981918121,-0.0706054997289417
217,"heggarty2024",-6.12601813975025,0.106170728497993,-0.173623463437709,0.071933480565429
218,"heggarty2024",-5.85621065151837,-0.0313081935200933,-0.132634293384104,-0.0605188091414778
219,"heggarty2024",-6.31184010939979,-0.0499961048665162,-0.131071720079103,-0.20264098424862
220,"heggarty2024",-5.92247103928399,-0.081369489332187,-0.0413409099354916,-0.066049358905641
221,"heggarty2024",-5.68433045846587,-0.137912106290757,0.0366878189685567,-0.0374363344838334
222,"heggarty2024",-5.79537924184869,-0.0506850776251698,-0.113898241294848,-0.144332914787156
223,"heggarty2024",-5.81188712694479,0.0577923146149473,-1.20200621586547e-05,-0.0828289191195312
224,"heggarty2024",-5.99840963048105,-0.0625920787066799,0.0076490366635788,0.0620448519609375
225,"heggarty2024",-5.78064904214952,0.0552807587998195,-0.083892907228561,-0.163558954339957
226,"heggarty2024",-5.76048571327134,0.0339050148484202,0.010418188950142,0.0605554726277914
227,"heggarty2024",-5.79536538657497,0.0140539416535331,0.0430130393853948,-0.0340454159296737
228,"heggarty2024",-5.77599430261065,0.0520418665815096,-0.0431670307562663,-0.07534804085748
229,"heggarty2024",-5.99510673378465,-0.0377095695367785,-0.0714965011810744,-0.144217845518351
230,"heggarty2024",-5.79428702756674,-0.0206023720518246,0.0116347342529226,-0.0431612057756138
231,"heggarty2024",-6.54105186070808,-0.203716970534923,0.00227951685197969,-0.131230233929675
232,"heggarty2024",-5.81955898363745,0.0708217821701105,0.00123427368541556,-0.0347001888105206
233,"heggarty2024",-5.89774671988469,-0.116202807995693,-0.0192524493483565,-0.207903736010672
234,"heggarty2024",-5.66391877407253,-0.0933938645186068,-0.127028371072739,-0.130061518742295
235,"heggarty2024",-5.84225371408059,0.0718743164233655,0.0303448010115851,-0.0250652155880991
236,"heggarty2024",-5.65556591872844,0.00223069033312814,-0.0438330465298265,-0.197138773552308
237,"heggarty2024",-5.69767612068684,-0.0717707733614782,-0.0702043712362195,-0.160888592696349
238,"heggarty2024",-5.79501651720636,0.00106048306259515,-0.0341623080408932,-0.0207723483453387
239,"heggarty2024",-5.71049618036699,0.0096970597886997,-0.0508538603361033,-0.133281881041141
240,"heggarty2024",-5.95140557659093,0.0316934825883078,-0.0174734582927373,-0.0210655718538302
241,"heggarty2024",-5.82701369188716,0.0432690267085611,-0.0698949288633264,-0.135962027861775
242,"heggarty2024",-5.74465453309735,-0.0503989280909703,-0.030928600700875,-0.14368085418921
243,"heggarty2024",-5.92799694345193,-0.0103995422565516,-0.203597559388267,0.0487638078203415
244,"heggarty2024",-4.82118874987763,0.0244798300921664,0.066766646498183,0.0065357850368212
245,"heggarty2024",-5.78104677751283,-0.0597331566272094,-0.0777121091498784,-0.0546354113965934
246,"heggarty2024",-5.59389881182466,-0.0128894698275767,-0.0810634338470722,-0.0749752457660344
247,"heggarty2024",-5.93162895815283,-0.07223565566042,-0.0650264817246623,-0.0906627808622041
248,"heggarty2024",-5.8704557920394,0.0244705671139493,-0.0898180692470495,-0.0573853992348027
249,"heggarty2024",-5.68207106651841,-0.0249737601529971,0.0365343504964666,0.00550558243713551
250,"heggarty2024",-5.65586448091163,-0.0773291774005807,-0.177799378504468,-0.149259968239585
251,"heggarty2024",-5.82375123581546,-0.0133144745658695,-0.0547732206900914,-0.045384247723846
252,"heggarty2024",-5.8602444175092,-0.0155445970157283,-0.0503030675329566,-0.0429348250657236
253,"heggarty2024",-5.82017963752211,-0.0426748288973606,-0.0478173305957518,-0.0522035119229491
254,"heggarty2024",-5.78202663264781,-0.10745759609204,0.0256780358937552,-0.115438038450124
255,"heggarty2024",-6.38582836631532,-0.0184821193746224,-0.0167579534473211,-0.164518474870932
256,"heggarty2024",-5.66690144717031,-0.0062113352767284,-0.0190358002551668,-0.0614279073066685
257,"heggarty2024",-6.08998614826002,0.0818167850686737,-0.170640736986199,-0.145889157387337
258,"heggarty2024",-5.70439727168411,0.0407604874295533,0.025574406449112,-0.0827335949568997
259,"heggarty2024",-6.02326210174999,0.117152698788596,0.0687614347027971,-0.0793043765690703
260,"heggarty2024",-5.8941862990805,-0.0356819956703872,-0.0256657780046588,-0.120074251460469
261,"heggarty2024",-5.90507785924588,-0.054911839936663,0.00487724649346744,-0.102458746119018
262,"heggarty2024",-6.30217328151316,-0.0235805428236477,0.0199118683088575,-0.104533991190299
263,"heggarty2024",-5.78384813926438,-0.0450301359753805,-0.0208586469447278,-0.0151550875677127
264,"heggarty2024",-6.03810743365683,0.0282243604397051,-0.138998409638056,-0.0419683221876106
265,"heggarty2024",-5.6547511129478,-0.164180215970871,-0.120043033207207,-0.148977651500537
266,"heggarty2024",-5.95935039472069,0.0500268716323525,0.0469596509539371,0.0389053506428825
267,"heggarty2024",-5.69742713198273,0.0119883102527507,0.012892601398197,0.00786456764394507
268,"heggarty2024",-5.886013893203,0.0528801129581831,0.0449112812900442,-0.156804075848101
269,"heggarty2024",-5.60307484628463,0.0595674052470098,0.00789501628961354,-0.110267099776672
270,"heggarty2024",-5.44754007258628,0.0291574369484284,0.145084350770208,-0.173092794436882
271,"heggarty2024",-5.78773813258686,-0.143415349149028,-0.0197565927076788,-0.125194243776246
272,"heggarty2024",-5.60074281231601,-0.0132910581391727,0.040623897426503,-0.0774378899538556
273,"heggarty2024",-6.04025089903288,-0.113479929712528,0.0441544823292289,0.00208741636055771
274,"heggarty2024",-5.92292846960288,0.0530339841247511,-0.116696094564191,-0.0724581207863581
275,"heggarty2024",-5.64528318885324,0.019634726699233,0.0975835933732139,-0.122895769046546
276,"heggarty2024",-5.68758089254713,0.131817653614544,-0.0965378444596429,0.0390418121320218
277,"heggarty2024",-6.05978792783282,0.10110307413368,0.157935808627575,-0.065740023692872
278,"heggarty2024",-5.9247062660777,-0.0311598332308839,-0.0650241211285389,-0.0397564117149204
279,"heggarty2024",-5.66469129095867,0.0292079610648786,-0.0276260465752914,-0.2728907821748
280,"heggarty2024",-5.44277588375985,-0.0772508430143217,-0.0880963379325506,-0.124370105330675
281,"heggarty2024",-5.79416681763821,0.0539719011829174,-0.160753737646734,-0.19944368829557
282,"heggarty2024",-5.86361146982297,-0.0920422071625421,-0.0973328584666201,-0.0243740989834234
283,"heggarty2024",-5.9199074498551,0.0124109938312272,-0.136374304236547,-0.181236829992656
284,"heggarty2024",-6.54074757776853,-0.0956707623630152,0.113066314597097,-0.00588633830965358
285,"heggarty2024",-6.21618659019067,0.0126930744622134,0.00835723455326835,-0.00148449810717553
286,"heggarty2024",-5.88293267390973,-0.0919239530740502,0.0619587829704073,0.0358824159005007
287,"heggarty2024",-5.70467134681331,0.0674916293845778,-0.0356215628744879,-0.00645093872665208
288,"heggarty2024",-5.46903594478272,-0.054564552942047,0.0959242368694249,-0.0926462865961744
289,"heggarty2024",-5.9417014098542,0.160335422115961,0.0900458650327539,-0.0662155593016876
290,"heggarty2024",-5.8840737216795,0.0212260119266165,-0.0719591313695684,0.0103584586276151
291,"heggarty2024",-6.17329601235655,-0.133788498817513,-0.0189446892287513,-0.0340554980642401
292,"heggarty2024",-5.64642138487576,0.104769526064017,-0.00563640220848231,-0.211172009120625
293,"heggarty2024",-5.50232077652551,-0.0184499809130061,-0.0580045376768992,-0.0287088675180402
294,"heggarty2024",-6.29979945875292,0.104305141274695,0.00944396613846275,0.0298106618010714
295,"heggarty2024",-5.97287125074192,-0.008126253894251,-0.0488539338293293,0.0225182068782301
296,"heggarty2024",-5.73911994799117,-0.0616748745731154,0.0709504189444813,-0.091313488623897
297,"heggarty2024",-5.84402245061726,-0.0816662937424882,-0.143251777595037,-0.170779542721351
298,"heggarty2024",-5.86165778169825,-0.0451222327276788,0.0272520932170985,-0.118683895334222
299,"heggarty2024",-5.77070072586159,-0.00164242902937045,0.0297109580732325,-0.132112633227503
300,"heggarty2024",-5.59634172820704,-0.0570608452835804,-0.0632287910531267,-0.0131196364060391
301,"heggarty2024",-6.07585428711208,-0.121493917758012,0.0667655059507407,-0.0122570395754017
302,"heggarty2024",-5.7357136807046,-0.106455455068639,-0.0481018309284538,0.0290649078741358
303,"heggarty2024",-6.01895858681902,-0.0980695910069978,0.00764905280746222,-0.0953557463807548
304,"heggarty2024",-6.30228264592597,0.00242940751497519,0.0504507904599378,-0.0270864051794183
305,"heggarty2024",-5.84009737864498,-0.0347878116315428,0.0716286937432022,-0.151067512778642
306,"heggarty2024",-5.80244241485277,-0.0470658722684694,-0.0993213727343076,-0.191789209404697
307,"heggarty2024",-6.6169858049855,-0.12619062266201,0.0229096902570984,-0.0972573700101696
308,"heggarty2024",-5.80889478276521,-0.0388407925161567,0.133087298579112,-0.0317510378743598
309,"heggarty2024",-5.76274157695485,-0.0319839652625099,-0.0602639065009026,-0.108670329941395
310,"heggarty2024",-6.35411066242212,-0.196581711503153,-0.181025080755868,-0.223084971401818
311,"heggarty2024",-6.16152961224497,-0.00571415654973163,-0.0845933036942179,-0.297267406761556
312,"heggarty2024",-6.11864402423346,-0.00534978409267049,0.111854221800564,0.0458898292981591
313,"heggarty2024",-5.64252683298741,0.0698764509266111,-0.156585931512603,-0.0958876379040644
314,"heggarty2024",-5.61914571944196,-0.0925622011239213,0.0566823028656427,-0.00190551351828861
315,"heggarty2024",-5.81187069042175,0.0234153824570077,0.105586786217029,0.0260004906281852
316,"heggarty2024",-5.25010190813591,-0.0430220279129276,0.0442245343394908,-0.0371802422703702
317,"heggarty2024",-6.03011913548979,-0.109248036630608,0.0398686722869344,-0.164642730550303
318,"heggarty2024",-6.07123337276327,0.0360994526326696,-0.110989568348955,-0.0897353454434688
319,"heggarty2024",-6.01934447737091,-0.0671150861573198,-0.112570466200468,-0.10961522343539
320,"heggarty2024",-5.59326948810614,-0.0191510179933596,0.0272580922325517,-0.0524483767002679
321,"heggarty2024",-5.96296724967287,0.0704569054800842,-0.115527269603194,-0.127551692468902
322,"heggarty2024",-6.4380300471303,-0.0997113588997924,-0.00351910731149455,-0.0131527199199852
323,"heggarty2024",-5.58966884987304,-0.010113630060115,0.0515845953344724,-0.0702889002381273
324,"heggarty2024",-6.27038158755366,-0.0570836907256355,-0.0647397005063773,-0.186673707168727
325,"heggarty2024",-5.98438993135169,0.0376241759928398,-0.145306807434253,-0.0830734819471998
326,"heggarty2024",-5.9065880213136,-0.199611899693144,0.0608318447171914,0.00512232516039058
327,"heggarty2024",-5.6965387295857,-0.0768379972402626,-0.0601463581721454,-0.212186715728418
328,"heggarty2024",-5.61566679668527,-0.049503112483526,-0.0869980576367984,-0.169872786329324
329,"heggarty2024",-5.4614601494339,0.0178172622315171,-0.0622140353009563,-0.165808838790254
330,"heggarty2024",-5.73918243073163,-0.0233647058301191,0.0162536000245158,0.0311303458631813
331,"heggarty2024",-5.70122366561266,0.055631014174417,0.0478222181182715,-0.0682083111256402
332,"heggarty2024",-5.52794578634676,-0.018074443474872,0.135078919613185,-0.0460323113576386
333,"heggarty2024",-6.44401135891839,-0.0314194927999975,-0.00187011002220765,-0.150781657224237
334,"heggarty2024",-6.17219920917662,0.00476673387802929,-0.113280659228224,-0.171873682882833
335,"heggarty2024",-5.96581670045496,-0.0167267304309385,0.0120802964528528,-0.118630678561674
336,"heggarty2024",-5.46483456550359,-0.0867164729974541,-0.0404352608804812,-0.108508704874944
337,"heggarty2024",-6.10439683841197,0.00191213427651114,0.0275371911780514,-0.0789777378950743
338,"heggarty2024",-5.82765285655343,0.0904315491460646,-0.098022832271041,-0.0192697633559731
339,"heggarty2024",-5.50389936981254,-0.130577501991627,-0.200570330730693,-0.266738159114885
340,"heggarty2024",-5.98683621284159,-0.0530889514580054,-0.0411541620853968,-0.01097792836929
341,"heggarty2024",-5.92141817553124,-0.119739313934283,-0.0188422336339154,0.0211467237708249
342,"heggarty2024",-5.43669302267812,-0.0314662198868914,0.0136375925184072,-0.18495209237986
343,"heggarty2024",-6.02935082671409,-0.0716718058814007,-0.123246781088687,-0.0531953730945592
344,"heggarty2024",-6.08955207239014,-0.0677462506210235,0.092252356315783,-0.0621727177613677
345,"heggarty2024",-5.57257392318691,0.0481590278290242,-0.0634778984663151,-0.146819331229022
346,"heggarty2024",-5.98242856500641,0.130096155128512,-0.0234389735579993,0.114978586093334
347,"heggarty2024",-5.4025046512634,-0.0658638688549314,0.0152174676082462,-0.039049147616133
348,"heggarty2024",-5.96705001744667,-0.0854762258879374,0.00673527853412351,-0.174060702915388
349,"heggarty2024",-5.86700196904547,-0.116297857498254,-0.0140877037298784,-0.132648696706857
350,"heggarty2024",-5.69944838472851,-0.0723103880608467,-0.166946762521891,-0.146744601103648
351,"heggarty2024",-6.02614056585455,-0.10750922388609,-0.149351165707554,-0.144966969837352
352,"heggarty2024",-5.77624799237551,0.0739945726829613,-0.0183383350931228,-0.164793949902938
353,"heggarty2024",-5.89915423638619,-0.036217846260877,-0.0386994367748092,0.0163171760079026
354,"heggarty2024",-5.82962845119025,0.0551717800006079,-0.0740491749090679,-0.0531550860345398
355,"heggarty2024",-6.04907643187246,-0.00678583866228872,-0.0284434712159773,-0.072719269991741
356,"heggarty2024",-5.7745132655078,-0.0941063696314131,-0.0457559022299774,-0.0508289756060879
357,"heggarty2024",-5.86135150269661,-0.0692015056070658,-0.0463175642983695,0.02807570949039
358,"heggarty2024",-5.91947247756584,-0.0533391779439109,-0.0185364548560461,-0.0891660085575369
359,"heggarty2024",-5.82843840552291,0.059930547456964,-0.162443736179571,-0.109784193748758
360,"heggarty2024",-6.15564649191141,-0.210391125364674,-0.035238348327383,-0.0472447049312066
361,"heggarty2024",-6.1664157574957,0.381212468143131,-0.0297166628189779,-0.0520246443262614
362,"heggarty2024",-5.81564251881373,-0.120678452208262,0.0113991437293473,-0.0327955565747089
363,"heggarty2024",-5.78101619387076,-0.117052012450023,-0.124241843269648,-0.167493728521286
364,"heggarty2024",-6.27296968357117,-0.0724436586394301,0.022521548589184,-0.0841221698242752
365,"heggarty2024",-5.90350864436715,-0.0574833405106417,-0.0989196478285765,-0.102869695749353
366,"heggarty2024",-6.18365141783535,-0.114522848324728,-0.187045696282585,-0.188711580607008
367,"heggarty2024",-5.65391944103344,-0.0861102852040273,-0.139538966390332,-0.244594375681599
368,"heggarty2024",-5.74085134258579,-0.0241828892889388,0.0549726512150213,-0.0291034556912105
369,"heggarty2024",-5.84475991314617,-0.0707787039705124,0.0379860534848327,-0.0561098240443572
370,"heggarty2024",-5.78717460033884,0.076547714073398,-0.0712133366468136,-0.169259068995626
371,"heggarty2024",-5.99887897225766,-0.149791166408376,0.0366845702482403,-0.0803383600999583
372,"heggarty2024",-6.07032887400853,-0.080918663271325,-0.0800233124845816,-0.110817306427663
373,"heggarty2024",-5.86640754545629,0.079249459611216,-0.109633177175542,-0.115234206204736
374,"heggarty2024",-5.9895823033079,-0.0718752727820839,0.0493232292757919,-0.0146147053139048
375,"heggarty2024",-5.44214158967712,-0.052544699825199,0.0422879733047692,0.0971384239714007
376,"heggarty2024",-5.86875014850055,-0.00755902131703843,-0.106943692553694,-0.112403780676592
377,"heggarty2024",-6.12007962950113,-0.00899613816218793,0.0648168074943385,-0.0621546304032715
378,"heggarty2024",-5.59240385683179,-0.0237377673822774,0.0593145760036493,-0.102677812080968
379,"heggarty2024",-6.00613080630899,-0.10084140473591,-0.00867400716414692,-0.281372537596197
380,"heggarty2024",-6.33668805408811,-0.0456136870829204,-0.0226317634485314,-0.0346959895698004
381,"heggarty2024",-5.51743606333548,0.0136276815215788,-0.0866958810996278,-0.095503770102798
382,"heggarty2024",-6.02652590118519,-0.131939018317932,0.0700897506046803,-0.12360841778466
383,"heggarty2024",-5.61221531624982,0.0295158947441703,-0.116211835805509,-0.122395617390737
384,"heggarty2024",-5.86355915179015,0.0162636173807636,0.0751025519239442,0.0086522671826068
385,"heggarty2024",-5.88003401884083,-0.133569833977664,-0.0475071304011344,-0.137467492068467
386,"heggarty2024",-5.6768687858823,-0.0875559163769778,-0.031757438979621,-0.135077783281457
387,"heggarty2024",-6.26199077879481,0.0361174283340264,-0.125192389360698,-0.171117288039947
388,"heggarty2024",-5.92204660946205,0.0200030931596049,-0.065714326610392,0.168056369523834
389,"heggarty2024",-5.85313365447709,-0.0589536203638019,0.00448541552424224,-0.106977746995761
390,"heggarty2024",-5.83832746183608,-0.0384718530694516,-0.023784037493287,0.0173306246157036
391,"heggarty2024",-5.52058699008298,-0.0908154325598599,-0.00533010619165775,0.00674578074713543
392,"heggarty2024",-5.96802142921714,-0.0602323413362433,-0.123830262191483,-0.0938237451261452
393,"heggarty2024",-6.03473667812687,-0.0837933976331706,-0.0812265077685,-0.130009175659419
394,"heggarty2024",-5.63719233106528,-0.0404805719865517,0.0175931326490717,-0.178881484659627
395,"heggarty2024",-5.90189518588919,0.00192397749874584,0.100870516952611,-0.159353961111483
396,"heggarty2024",-5.98960514766861,-0.133653287727193,0.00153382413589491,-0.176752076883302
397,"heggarty2024",-5.56584912073496,0.00638523920381455,-0.229496688245445,-0.185624823702306
398,"heggarty2024",-5.8257122081376,0.00611734607042458,0.0134942990585891,-0.0883476284373651
399,"heggarty2024",-6.17545846554326,-0.125707124695548,-0.0075899225471062,-0.0942447807123507
400,"heggarty2024",-5.80901672400996,-0.0888579652842689,-0.113690084107477,-0.193680080762761
401,"heggarty2024",-5.5891964280636,0.00868002078824595,-0.0847582236317267,-0.126948864957842
402,"heggarty2024",-5.56412663323534,0.00120262821608265,-0.110343682694664,0.0115389467006942
403,"heggarty2024",-5.8270187431534,0.00204124640977931,0.060065472470226,0.00403455305260465
404,"heggarty2024",-5.65964630053563,0.00852935479256284,-0.0670096921764591,-0.0402669498941002
405,"heggarty2024",-5.65877590791057,-0.00292695164774671,0.083722244545904,-0.0497954556952173
406,"heggarty2024",-5.89835307043171,-0.0867539955135605,0.111298725479842,-0.141580351290898
407,"heggarty2024",-6.09185612470449,-0.180793410941212,0.0176473432561831,0.0280120993959664
408,"heggarty2024",-6.37588539289031,-0.0825164976015347,-0.10465168355289,-0.0943744966818374
409,"heggarty2024",-5.67079731710557,-0.0399542728988612,-0.0250221210949505,-0.10856460642169
410,"heggarty2024",-6.07053972529157,0.00356720619737609,-0.147076130336911,-0.116413510799303
411,"heggarty2024",-5.94246011712162,0.0519586720156877,-0.00816032872818964,-0.0271530846812285
412,"heggarty2024",-5.82152309373739,-0.0083558470784096,-0.09698563608403,0.006431439424189
413,"heggarty2024",-5.89870290231403,-0.0271920361873751,-0.00189729636085163,-0.0326284551084113
414,"heggarty2024",-5.4958075341828,-0.00705121018243302,-0.0806211962075666,-0.0715165124647388
415,"heggarty2024",-5.97333875152025,0.063109200709969,-0.000573009229998409,-0.0687070042119777
416,"heggarty2024",-5.50495777201604,-0.113449530540757,-0.0246628352137618,-0.127569542233659
417,"heggarty2024",-5.84475571189129,0.108609121617203,-0.137779233159502,-0.0649319976992765
418,"heggarty2024",-5.98635915822928,-0.0234298161520974,-0.0358308494628957,-0.0539205429393716
419,"heggarty2024",-5.88335581044113,0.0444807976484111,0.0276618877172208,0.11635639122105
420,"heggarty2024",-6.12659660192285,-0.0614457051743092,-0.0736638413260811,-0.0605082810649232
421,"heggarty2024",-5.87559907549184,-0.0332997211415017,0.0208037870334986,-0.0430952926613378
422,"heggarty2024",-5.7026505164578,0.00197587171699912,-0.00577736663980382,-0.114337104364489
423,"heggarty2024",-5.81945608783519,0.045178893494692,0.0794983883456396,-0.196343495970193
424,"heggarty2024",-5.84851047447745,-0.108670462031726,-0.0227659888636554,-0.170092519389272
425,"heggarty2024",-5.8239190528176,-0.0402081495616346,0.0469298571105676,-0.0493970092254017
426,"heggarty2024",-6.09592703930714,-0.0525446467715666,-0.103914964811325,-0.106961658618393
427,"heggarty2024",-6.46362853412748,-0.00838676297966367,-0.0122498374048886,0.0263811984283072
428,"heggarty2024",-5.87721413688459,0.055172486332959,0.027167178815446,-0.0869091947030423
429,"heggarty2024",-5.44913236020801,-0.120369200100842,-0.0540917775641043,-0.213660272277278
430,"heggarty2024",-6.23287264589539,-0.103352127568232,0.0824086204903106,-0.0411165272839538
431,"heggarty2024",-5.75691597440402,-0.172399330979267,0.0298411404304664,-0.128070061752244
432,"heggarty2024",-6.50434517397094,-0.0380806408466155,-0.0402184652147942,-0.104300945012517
433,"heggarty2024",-5.72344747074033,-0.074851694641142,-0.162776786212793,-0.185736319030362
434,"heggarty2024",-5.76891965694013,0.0366297967840957,0.111201928430048,-0.0267788331291568
435,"heggarty2024",-5.88334856922064,-0.0236694241805878,-0.0134428910423314,-0.0477451406554519
436,"heggarty2024",-6.08484561616993,0.0675821337780969,-0.0413676755249986,-0.0962549099869799
437,"heggarty2024",-5.85987389773002,-0.00783297875124556,-0.0460674346078187,-0.144648295255814
438,"heggarty2024",-5.75931431956428,-0.0764432135765703,-0.0241446069560221,-0.0637460096395593
439,"heggarty2024",-5.68687959480441,0.1078784094454,-0.00718091224643863,-0.0793673600273794
440,"heggarty2024",-5.79715139936467,0.0838321732951184,-0.1201690223508,-0.0948712480562498
441,"heggarty2024",-5.78016369230795,-0.0366224548979498,0.00160443281642309,-0.0254953472589579
442,"heggarty2024",-6.34864252872159,-0.0824921633301662,-0.041722510928785,-0.039439978091797
443,"heggarty2024",-5.91805883769904,-0.087027606508752,-0.122818074598133,-0.150275493165159
444,"heggarty2024",-6.18418847231039,-0.0468458456825781,-0.198211447521211,0.00389816495931905
445,"heggarty2024",-6.25591419646848,-0.00558434792718746,0.0283543058750003,-0.069428602280808
446,"heggarty2024",-5.82332751222317,0.0615453142956935,-0.10496764721862,-0.152721784280079
447,"heggarty2024",-5.71396028038054,0.0734854700239372,-0.0229038365195626,-0.176519993297751
448,"heggarty2024",-5.57727785103096,0.0323463821130651,0.0784053024774505,-0.110105084345778
449,"heggarty2024",-6.03478821931644,-0.0168614215400002,-0.0739151127604379,-0.110069327062754
450,"heggarty2024",-5.7029441041787,0.0486149679990429,-0.112680307472943,-0.166500274926171
451,"heggarty2024",-5.8441633765402,-0.083387615956707,0.128551838534687,0.0414355185183977
452,"heggarty2024",-5.71227594384469,0.118627001592074,-0.00982133781207973,-0.11571970257899
453,"heggarty2024",-6.33979452281975,-0.0436606084023349,-0.102687025031543,-0.0680002750584083
454,"heggarty2024",-5.97299039465482,-0.0608095236728792,0.0684596661089245,-0.0316352186497503
455,"heggarty2024",-6.18627657766309,-0.0593892612305703,-0.0787720503626758,-0.166269843787304
456,"heggarty2024",-6.09375323714546,-0.0757764689907853,-0.110423413716237,-0.154761208788839
457,"heggarty2024",-6.03196148091617,-0.0437166267141729,-0.106268527374162,-0.173732316128811
458,"heggarty2024",-5.86331629173481,-0.103921285213373,0.0355756980127205,-0.208412713843301
459,"heggarty2024",-5.96225270259384,-0.00395095506768384,0.0569398456837172,-0.0705392736523517
460,"heggarty2024",-5.87247349141663,-0.0308175063656289,0.0147020778037438,-0.0356519196264345
461,"heggarty2024",-5.89135488346222,-0.154696396292398,0.0254045950243499,-0.12123178684218
462,"heggarty2024",-6.0332769078629,0.031076390432028,0.0898232721062282,0.0770645097536979
463,"heggarty2024",-6.14765484071332,0.0102461627075715,-0.033427156774794,-0.0825681219631761
464,"heggarty2024",-5.68685512967862,0.0903750449730771,0.127585927367479,0.0401188850610693
465,"heggarty2024",-6.0773568598141,0.101345705167876,0.00543760198839516,-0.0579114630121956
466,"heggarty2024",-5.59600886672175,-0.124829194657562,-0.0596538047069375,-0.202861056186058
467,"heggarty2024",-5.66931099262143,-0.21027756709622,0.0670475810494603,-0.0566005070312955
468,"heggarty2024",-5.63773710737479,-0.026171532559231,-0.146822074729593,-0.040135348594334
469,"heggarty2024",-6.38653407678285,0.0982678527770241,0.0742174212780085,0.0972090413466986
470,"heggarty2024",-6.20086041507553,0.0214382635824864,0.0517013094896691,-0.0894727572470317
471,"heggarty2024",-5.90486955890357,0.0355680172705764,-0.0734070319144735,-0.0915283287481788
472,"heggarty2024",-6.26454369658881,-0.0593133357721219,-0.0407301868272437,-0.292454336007643
473,"heggarty2024",-6.1071810376328,-0.060737062240316,0.0355771773344801,-0.0378118438202119
474,"heggarty2024",-5.58784453362203,0.127810651138095,-0.0825153642469714,-0.185384916837786
475,"heggarty2024",-5.9315906633464,0.142212513753499,-0.119075735639732,-0.0604831877998097
476,"heggarty2024",-5.71645360049239,0.076673663872888,0.140747377477361,-0.112587746417457
477,"heggarty2024",-5.96910842346097,-0.0345907765597783,-0.00934198226316522,-0.0114895208585484
478,"heggarty2024",-6.00990354678913,-0.0599495341380976,-0.0892868095381954,-0.0852045195045759
479,"heggarty2024",-6.240823160927,-0.0863009193902863,0.0234162578215417,-0.0223710726858837
480,"heggarty2024",-5.96888972600132,-0.0983533956190098,-0.154311908896617,-0.01872360958086
481,"heggarty2024",-5.82800467210895,-0.0874189547263856,-0.0609417359478844,-0.276538015547341
482,"heggarty2024",-5.80963073790433,-0.17372530521761,-0.0861817028518901,-0.0426848986308795
483,"heggarty2024",-5.68173084197457,0.119495266805359,-0.11877860648775,-0.167350983629841
484,"heggarty2024",-5.85203484712431,0.0021383137371969,-0.0294004842700034,-0.0871611933797636
485,"heggarty2024",-5.94696692023531,-0.147351014824017,0.102740642512697,-0.108101353741389
486,"heggarty2024",-5.72209621142521,0.00850654954022148,-0.104880426957499,-0.0210499134433068
487,"heggarty2024",-5.68229634976376,-0.0397970655023687,-0.156404508785398,0.00107860861095667
488,"heggarty2024",-5.91026394490946,-0.0650679661803893,-0.00286189825450944,-0.173872980970318
489,"heggarty2024",-6.02784769741644,-0.0847986775737691,-0.0473765725949072,-0.133846671019347
490,"heggarty2024",-5.66650629153772,0.0104562216062832,-0.219008525215672,-0.14319956627456
491,"heggarty2024",-5.42934199297406,0.0874711465077709,0.046337830014056,-0.097661436803595
492,"heggarty2024",-6.44497058166765,-0.0750252197477461,-0.0757857535050723,-0.146268663490581
493,"heggarty2024",-5.40039384758843,-0.0844211276606283,-0.0308182053277597,-0.169210253950916
494,"heggarty2024",-5.8082392677279,-0.0965976092298601,-0.00153848334743016,-0.0992495084577714
495,"heggarty2024",-6.54727059742467,-0.314987386574153,0.238478709200738,0.102727509718604
496,"heggarty2024",-5.86461552016265,-0.0932291805790236,0.0922768768315796,-0.101958562068833
497,"heggarty2024",-5.46213464388907,-0.0590254795437068,0.0746124250215103,-0.117777181906705
498,"heggarty2024",-5.75464375379461,0.0364241478375678,-0.00196782972432371,-0.140168197710878
499,"heggarty2024",-5.77511432890586,0.01719283897798,-0.137265868795137,0.0400122922081833
500,"heggarty2024",-6.04797573679157,-0.0106950725367433,0.0111533900759083,-0.111555202974417
501,"heggarty2024",-5.72165235057212,0.230264512609426,0.156759449009797,0.117100384017599
502,"heggarty2024",-6.81980946081578,-0.030473790318565,0.0145658150051565,-0.0415595631867867
503,"heggarty2024",-5.70703172056684,0.145843133066136,-0.118963238435725,-0.139638733841792
504,"heggarty2024",-5.72177000713608,-0.122696589384984,0.00910175760584176,-0.143411716127921
505,"heggarty2024",-5.84096536781216,-0.197135773862103,0.123081359024521,-0.0315196346152716
506,"heggarty2024",-5.56212876008805,0.0856879054209726,-0.0219563913765019,-0.0755150843185249
507,"heggarty2024",-6.13159261211508,0.0630286958946482,-0.0116907343744441,0.0790845879146961
508,"heggarty2024",-6.53294623015373,-0.0614920334345682,-0.174923065230473,-0.145862211102736
509,"heggarty2024",-5.84783268176662,0.0924562437108251,-0.0717010353244565,-0.0512961039860256
510,"heggarty2024",-5.83939925077626,0.0419054411113656,-0.0499132151973316,-0.192536314583996
511,"heggarty2024",-5.65515826240709,0.0512319588544003,-0.0642829071840483,-0.0777489527598749
512,"heggarty2024",-6.04313657701549,0.0108670976612718,-0.0342042354717307,0.0528026495069893
513,"heggarty2024",-6.88617992673676,-0.0741534143437685,0.0149383054782603,0.00904572656150707
514,"heggarty2024",-5.76146091831674,-0.00860967224374751,0.0728258837146792,-0.212226549143973
515,"heggarty2024",-5.95158921141321,-0.0427973815975452,-0.0534256284670762,-0.180903900763381
516,"heggarty2024",-5.6045820811957,0.0182861834738797,0.0710887150358,-0.0457061004820075
517,"heggarty2024",-6.14790341212741,0.00861903393579016,-0.143524205803801,-0.0861498956239751
518,"heggarty2024",-6.18384951929002,-0.110916352775375,-0.0492042145961556,-0.0631050948435558
519,"heggarty2024",-6.47800627525454,0.038429422054181,-0.0471323352541876,-0.154294985858935
520,"heggarty2024",-5.99788490084058,0.0139375295153718,-0.110669685991314,-0.161542562610456
521,"heggarty2024",-5.65517226187536,-0.0212309852301049,-0.149899306183785,-0.0523368090703903
522,"heggarty2024",-5.83890439064129,0.0347678337427942,-0.00388111778409845,-0.127826613437194
523,"heggarty2024",-6.02159476267131,-0.16833952133722,-0.0358627139101554,-0.241687266567932
524,"heggarty2024",-6.17271254983521,0.0128080595504726,0.105642650193611,-0.226992746473582
525,"heggarty2024",-5.98102985609484,-0.0137041143307094,-0.138270215782451,-0.208968099529661
526,"heggarty2024",-6.09399745787155,0.0522696661857324,-0.0203835722810226,-0.0316701927960154
527,"heggarty2024",-5.9020907094997,0.0572624908095437,0.0187007079577949,0.100849831011896
528,"heggarty2024",-6.05156940516101,-0.0210329248123891,0.143033828891828,-0.115852028766287
529,"heggarty2024",-6.08964511877872,-0.0407555707540608,0.123491439921651,-0.118587119785211
530,"heggarty2024",-6.03098910348298,-0.0191016346489602,-0.114695196214353,-0.267588760846769
531,"heggarty2024",-6.20226941805014,0.108288194951762,-0.0522722850036828,0.12353322637133
532,"heggarty2024",-5.86006666375909,0.033358897211872,-0.0952518152008612,-0.0910220096184056
533,"heggarty2024",-5.48022040204356,-0.0170896150580642,0.100892648214679,-0.124153648639882
534,"heggarty2024",-5.36805791470822,0.0308317846121364,-0.133004223769351,-0.0348264711661411
535,"heggarty2024",-5.84244921053871,0.158254199078027,-0.0674457279798559,-0.0693178712600115
536,"heggarty2024",-5.65871965886471,-0.108247557725678,0.00950728829352846,-0.129436707916956
537,"heggarty2024",-5.9602769620059,-0.0855616036971678,-0.0276806788278611,0.0132678476908002
538,"heggarty2024",-6.2141235556359,0.0269165923962403,0.000673146599361334,-0.0505438235482966
539,"heggarty2024",-5.95819358620182,0.00126607084382891,-0.0535510374640775,-0.0637432061126
540,"heggarty2024",-5.90339564989207,-0.057972934876167,0.0623465349463196,0.0454973142401205
541,"heggarty2024",-5.62368000615058,-0.0053560647425525,0.00359437860713918,-0.040981090749102
542,"heggarty2024",-6.03146269137929,-0.0766602743535639,0.0543032792306188,-0.262856015259753
543,"heggarty2024",-6.05732803842852,-0.11502021716555,0.0527915063775457,-0.0815568466933043
544,"heggarty2024",-5.98365707059872,-0.117784063874181,-0.0792940075327712,-0.087632311281572
545,"heggarty2024",-5.68194989657898,0.110709244009001,-0.125332909914844,-0.0751515947606936
546,"heggarty2024",-6.04159910895475,0.0417966574266473,-0.113195931689877,-0.169345515053704
547,"heggarty2024",-5.78960730934441,0.013790600564291,-0.0106044992867108,-0.0280976953729379
548,"heggarty2024",-6.58301150950745,0.0369670747858123,0.152542933879604,-0.154942162073689
549,"heggarty2024",-6.01442942170061,-0.0620379357698479,-0.0449627027300412,-0.025227742112216
550,"heggarty2024",-6.29121526012356,0.00883989378062981,0.0440046569473899,-0.0552783405734085
551,"heggarty2024",-5.91711459757346,0.0200615541291903,-0.00719430038596407,-0.138335773640164
552,"heggarty2024",-5.86147511612946,-0.120805273723112,-0.102542757032877,-0.0549252469199567
553,"heggarty2024",-5.54602505660326,-0.0426234983196721,0.0387683158691247,-0.143026230146997
554,"heggarty2024",-6.1138902207734,0.0255665945852482,-0.0991637037271391,-0.0765889247401736
555,"heggarty2024",-5.85054693865704,-0.0937761162781544,-0.0164640467068063,-0.183874660893208
556,"heggarty2024",-5.31715964551035,0.0173607629393073,-0.138093262259866,-0.122007041029786
557,"heggarty2024",-5.65017003666481,-0.0878963719934465,0.151835858140974,-0.178117475858526
558,"heggarty2024",-5.92885213948774,0.0754310382205538,-0.0635798553061096,0.0369325702662227
559,"heggarty2024",-6.07729047167792,-0.019097063144549,0.049038706568504,-0.0823362689565626
560,"heggarty2024",-5.66945963149642,-0.144035226290613,0.00144069528250501,-0.199734597744325
561,"heggarty2024",-5.75965225429916,-0.043505451211282,-0.0757040787485504,-0.146946990202748
562,"heggarty2024",-5.59706481040279,-0.136608672650345,0.0333903577386855,-0.0617141114050976
563,"heggarty2024",-5.93108110350255,0.208347033139731,-0.0239861490175956,-0.0196626026673662
564,"heggarty2024",-6.02117086922924,-0.00791207476910307,0.103826641425786,0.048320064740229
565,"heggarty2024",-5.55596479822241,-0.0470891469130079,0.0436006007074463,-0.0977093969070701
566,"heggarty2024",-6.02053161510016,-0.0510076736286239,0.00163895224552928,-0.0861667094340583
567,"heggarty2024",-6.15670652943264,0.0451903815165764,-0.0864023596026759,-0.158095700534559
568,"heggarty2024",-5.90970448891417,0.00974927765899283,0.0239586945500044,0.0642337934017439
569,"heggarty2024",-5.8854103590572,-0.0414034281878597,-0.0242849704653223,-0.139205569300288
570,"heggarty2024",-6.08035213320201,-0.00507625693609579,0.0570638685833537,-0.0472764038707533
571,"heggarty2024",-6.04368446195848,-0.00803614165707356,-0.0423770029564587,-0.0828460263907487
572,"heggarty2024",-6.1585670430032,-0.0435660085028046,-0.153875967457493,-0.169248377915837
573,"heggarty2024",-5.79202155205187,0.10211265917388,-0.107514328488172,-0.0676362074595511
574,"heggarty2024",-5.68248558490152,0.0407074429632465,-0.0772510964131888,0.0244298591700366
575,"heggarty2024",-6.00750013917316,0.0744558775438039,-0.114186652868018,-0.0890467192964786
576,"heggarty2024",-6.06088916403135,-0.139815147520977,-0.0612503093099755,-0.115712526610166
577,"heggarty2024",-5.83225175329683,-0.0529286226340229,-0.0434179759082798,-0.0218729694074531
578,"heggarty2024",-6.01266489699363,0.0918986162256885,-0.126780263849482,-0.00350502253399401
579,"heggarty2024",-5.77361304382654,0.00846842164291093,0.026467502210124,-0.0784580739522148
580,"heggarty2024",-5.67214765462201,0.0684608539967457,-0.102652618758363,0.00301705745257653
581,"heggarty2024",-5.82792035659623,0.0143200223625088,-0.127301082846694,-0.162412524140233
582,"heggarty2024",-5.8131506552853,0.04068682361992,-0.106362594494538,-0.144234277560395
583,"heggarty2024",-5.90814997200633,-0.184095087871101,0.0948316625730946,-0.0936022980268433
584,"heggarty2024",-5.74753821761631,-0.172960361078989,0.0530190575804991,-0.210050848675364
585,"heggarty2024",-5.73478516252933,-0.0965209094995159,-0.0280997402689224,-0.069387854664615
586,"heggarty2024",-5.86781214552928,-0.0558058351110808,0.182632455513264,0.183654825603324
587,"heggarty2024",-5.8319010016952,-0.0224565331154836,-0.0873048824830944,-0.0152553281222178
588,"heggarty2024",-6.23428869080187,-0.0137261418485355,-0.206348191521726,-0.158850613655157
589,"heggarty2024",-5.94134706260515,0.0743354843586054,0.0616304855044772,-0.0885711153881505
590,"heggarty2024",-5.852550538558,-0.06446137469206,0.00652719039383335,0.0433107732137564
591,"heggarty2024",-5.64766148337732,0.070885234101318,0.087441170165773,-0.104822480429851
592,"heggarty2024",-5.8500612706607,-0.00380312368026063,0.0564722960339377,0.0514089373572621
593,"heggarty2024",-5.78052744252642,-0.0946683546306302,-0.0246712565688483,-0.143431944186461
594,"heggarty2024",-5.81330778256996,-0.0807108761551358,0.0355626405831895,-0.0424574036654908
595,"heggarty2024",-5.81846714604815,0.0345262643552368,-0.0329683868743275,-0.00429604954061342
596,"heggarty2024",-5.78824544779771,-0.0535221632231665,-0.0667591445432169,-0.0889218875536448
597,"heggarty2024",-6.06927891063237,-0.0371669204014096,0.0922688477736967,0.0546694706299393
598,"heggarty2024",-5.91498007023978,0.00373495516589718,-0.0164590933719253,-0.0354281080944651
599,"heggarty2024",-5.57577554959505,0.0422201511585404,0.0377014784563202,0.0786600410932412
600,"heggarty2024",-5.83121241089804,-0.0825765404440651,-0.0328239735113782,-0.160430050246528
601,"heggarty2024",-6.15302797046201,0.0225717211369944,-0.0657029564603607,-0.184557128299423
602,"heggarty2024",-5.74278438946093,-0.128252226672418,-0.0386421925996224,-0.200883901847774
603,"heggarty2024",-6.02020179892934,-0.0975527809730124,-0.102838500191952,-0.0735695530196854
604,"heggarty2024",-5.68591104983547,-0.0225575269615811,-0.0178965387108532,-0.0398486335492576
605,"heggarty2024",-6.24471528524571,-0.0381403645425743,-0.086994701359086,-0.142966744426978
606,"heggarty2024",-5.98041181648792,0.0219031733319149,-0.00503116357781707,-0.131666106613681
607,"heggarty2024",-5.74394507293166,0.0185435816091924,-0.0590680993756673,-0.129205068263433
608,"heggarty2024",-5.79456342652478,-0.0645831197299964,-0.172074660480805,-0.242143581322958
609,"heggarty2024",-5.84669664749182,0.0369582890902691,-0.136312905613193,-0.170640106715843
610,"heggarty2024",-5.78031645048105,-0.0685521821339401,0.0235381166581401,-0.107865665579153
611,"heggarty2024",-6.1695529931569,0.0441534808742735,-0.124327121523851,-0.152893365214972
612,"heggarty2024",-5.58322547613827,-0.0661117232988766,0.0299337234621025,-0.0919988926308543
613,"heggarty2024",-5.43650871355249,-0.0812466404660917,-0.0667021340876055,-0.174583855984544
614,"heggarty2024",-5.75347979019874,0.0440210043193074,-0.220330391972077,-0.0908932116002847
615,"heggarty2024",-5.9330438647363,-0.0713875257088765,0.0812521201177195,-0.0649978888344332
616,"heggarty2024",-6.17784634789502,-0.0781732141184741,-0.203896624546556,-0.209883289680138
617,"heggarty2024",-6.08149133598164,0.0404463995218227,0.0160604386803757,0.0057444084063841
618,"heggarty2024",-6.05516543852979,0.0439052578180599,-0.0097540446582897,-0.0427962067147143
619,"heggarty2024",-6.15351786171699,-0.0728984024757768,-0.0441252167331494,-0.0574142345494911
620,"heggarty2024",-6.46390346114978,-0.135183850109793,-0.0293466733272984,-0.0520184146490878
621,"heggarty2024",-6.42959666272848,-0.196584362190202,-0.0266854692866576,-0.0226352653961038
622,"heggarty2024",-6.12855337237166,0.0179687338575408,0.0942877958015826,0.0206601857614505
623,"heggarty2024",-5.83949478090897,-0.106819171882644,-0.0544959478811569,-0.0978607122891738
624,"heggarty2024",-5.96496743683365,-0.093309927703826,-0.125056577907236,-0.023775829926337
625,"heggarty2024",-6.17304130780633,0.148543210407946,-0.016951766056748,-0.0553535038766903
626,"heggarty2024",-5.9232409742776,-0.0280678458119052,-0.139907410937702,-0.0752705696094366
627,"heggarty2024",-5.93453046086413,-0.0669138864470841,-0.0283278484272895,-0.0449886856391869
628,"heggarty2024",-5.74313934496087,-0.034013722019543,-0.0286910382601724,-0.219828531761239
629,"heggarty2024",-5.93378228686214,-0.0532776407503949,0.0999459630900838,-0.120462369915535
630,"heggarty2024",-6.41778463382796,-0.150021264875099,0.0666013013609142,-0.0355825978067273
631,"heggarty2024",-5.70957763457905,-0.0710841524606172,-0.0779061911949174,0.071372308719888
632,"heggarty2024",-6.08505508233736,0.108508437686227,-0.0139318824264513,-0.0234208981617535
633,"heggarty2024",-5.7990132326749,0.0302112683710009,0.0406082405697127,-0.163728407794556
634,"heggarty2024",-5.98929550316038,-0.0392730570377931,-0.194793129372431,-0.0983880995329325
635,"heggarty2024",-5.79931074312754,-0.00571628844172134,-0.0284052975630461,-0.0844657827232225
636,"heggarty2024",-5.58338807577541,-0.130134040612834,-0.0762581465795993,-0.275980341869013
637,"heggarty2024",-6.09711756409476,-0.0218386353102539,-0.0514193607121952,-0.0873197523109345
638,"heggarty2024",-5.4937200729444,-0.0687235385675005,-0.0841919307519482,-0.0370276959784212
639,"heggarty2024",-5.98862366184007,-0.0873854952688239,0.0369256274068618,-0.179079233156663
640,"heggarty2024",-5.63385168102859,-0.0141716823402397,-0.0137962309728161,-0.101485496565402
641,"heggarty2024",-5.44875419282739,-0.101943471024269,0.00219772255630511,0.0116028182630025
642,"heggarty2024",-6.14070266801682,-0.0759219937626802,-0.0711220617937438,-0.0511891536955119
643,"heggarty2024",-6.21106960230687,-0.141452514179563,-0.0654557665747646,-0.298231448851476
644,"heggarty2024",-5.64826315537273,-0.0307422092047502,0.0251801485756923,-0.0586170257857889
645,"heggarty2024",-6.04761987257462,0.00160461581414443,0.0304442728425396,-0.178168849258895
646,"heggarty2024",-5.77713184126933,-0.122695142969235,0.0442189052778487,-0.0903607582190531
647,"heggarty2024",-5.95441441327501,-0.164242464475205,-0.100129020898218,-0.194652125517783
648,"heggarty2024",-5.88488186808612,0.00427156686643195,-0.051274055491169,0.0192952306156388
649,"heggarty2024",-5.79283429383013,0.0981960721975115,-0.044603853243524,-0.102534553459933
650,"heggarty2024",-5.88088030312012,0.0508805682557986,0.0994154513665556,-0.0766650312047869
651,"heggarty2024",-5.68639511291623,-0.0655306012513216,-0.0360956822499117,-0.149556897588164
652,"heggarty2024",-5.72626781209608,-0.0552667229198976,-0.0263168738087955,-0.123287009202884
653,"heggarty2024",-5.98572469328035,-0.0971478711073065,0.0275466473631752,-0.226608227584853
654,"heggarty2024",-5.64537192394151,-0.0559411873635892,-0.0243586885816894,-0.166235782406613
655,"heggarty2024",-5.93584001085467,-0.050440870262392,0.0642181012906442,-0.0325676742371991
656,"heggarty2024",-5.65127512196035,0.0317163429309461,-0.00910524166368424,-0.198376765883729
657,"heggarty2024",-5.59129507249691,-0.0841313845462448,-0.0359229679088756,0.0679858262316429
658,"heggarty2024",-6.25478234408528,0.0722160837148182,-0.141118787960056,0.035733495696364
659,"heggarty2024",-5.51539006845467,0.0932511614460155,0.0344095577695401,-0.0168157250216518
660,"heggarty2024",-5.72423406104738,0.00843077981993587,-0.111271922931155,-0.0316069580710688
661,"heggarty2024",-5.89069334528432,0.0787582305396813,-0.0692621528704539,-0.193332982836526
662,"heggarty2024",-5.66065948276278,-0.00560520062848575,-0.0657760575741429,-0.0275735159427059
663,"heggarty2024",-6.08312162280175,-0.060597861916852,-0.0605025649144971,-0.0614317420035101
664,"heggarty2024",-5.93048745824382,-0.0270289060178417,-0.0530003176664528,-0.155544664321662
665,"heggarty2024",-6.0638779903538,-0.0272061481626563,-0.127720722575657,-0.0864563873248697
666,"heggarty2024",-5.64220244735989,-0.00748024427503661,-0.0367094245637366,-0.184351309544251
667,"heggarty2024",-5.80309662645846,0.0590572694201084,-0.102957405387012,-0.125259940219462
668,"heggarty2024",-5.41679920829924,-0.0693902849807821,-0.0828770607115865,-0.168280447102383
669,"heggarty2024",-5.71254619070184,-0.0309746225572582,0.191497931792477,-0.0663540500727602
670,"heggarty2024",-5.58029577538178,0.0605389205165171,-0.0514191883712816,-0.075112855110577
671,"heggarty2024",-5.92098805552769,0.0668665183114034,0.0194090236654506,-0.0165461015762489
672,"heggarty2024",-5.92711622139799,0.0649791895010134,-0.0170614701238988,0.0367972158720539
673,"heggarty2024",-5.64187687257458,0.0120069431680589,0.109960475053247,-0.153531603009552
674,"heggarty2024",-5.98722701363002,0.0113112818129467,-0.00831945421983084,-0.149106493224928
675,"heggarty2024",-6.00832180365149,0.0462955726772517,-0.172991435152275,-0.0606575342624356
676,"heggarty2024",-5.69798734523761,0.079780034275607,0.00584539403846173,-0.104501883213509
677,"heggarty2024",-7.20932818310933,-0.22642437168284,-0.0540877706933739,-0.084103064802328
678,"heggarty2024",-6.2185774120688,-0.10646311150827,-0.0604358158833983,-0.0683629744802011
679,"heggarty2024",-6.21932699106618,-0.0348542906565516,-0.0369808239498133,-0.1175818247393
680,"heggarty2024",-5.95155161935336,-0.121638532101342,-0.054435176408099,-0.052076911746095
681,"heggarty2024",-5.76842172920227,-0.0460301062239079,-0.0795831721447921,-0.0713838426073753
682,"heggarty2024",-6.19710830690604,-0.0534874451630919,0.129275841612032,-0.0255246011976125
683,"heggarty2024",-6.59819352378835,-0.145138374806315,-0.0329686734385291,0.135922800877966
684,"heggarty2024",-5.96352459347195,0.0134681666412738,-0.0532006954838976,0.123136074414123
685,"heggarty2024",-5.8488590818366,0.0902955855412656,-0.0774165536571837,0.0534980070700259
686,"heggarty2024",-5.64305611380394,0.0026446535592613,-0.171380088225733,-0.1452485982144
687,"heggarty2024",-6.1706405636088,-0.0332890584004499,0.0912267319672865,-0.144041649070639
688,"heggarty2024",-5.80036906614822,0.073495222884227,-0.0552533033137163,-0.10488195730991
689,"heggarty2024",-5.70384265970478,-0.154346395106376,-0.103690173542217,-0.201522655835965
690,"heggarty2024",-5.86416101570767,-0.0557887962542464,-0.0926880964222309,-0.175764103865592
691,"heggarty2024",-5.86458096784286,0.0652631591509334,-0.046871336603564,-0.233787326776426
692,"heggarty2024",-5.93815931709263,0.252577111105856,-0.0110804102076033,0.106970394683801
693,"heggarty2024",-5.95255208600271,0.0790130137533485,0.0856038226992091,-0.138496122038907
694,"heggarty2024",-5.55936076280425,0.0199087945575675,-0.146117268470689,-0.137670260800754
695,"heggarty2024",-6.44141304845211,0.0348353283163884,-0.0455518680158244,-0.140953934449792
696,"heggarty2024",-5.98446500650698,-0.0346958098844343,-0.0179415366836078,0.0021857673462303
697,"heggarty2024",-5.76942734964071,-0.1422451003356,0.0139327131135945,-0.0899283618905994
698,"heggarty2024",-6.27074577224646,-0.0568146677563771,-0.0449876628047051,-0.0556014107496579
699,"heggarty2024",-5.42697521124351,-0.101256138111958,-0.0429364689875361,-0.161298681219263
700,"heggarty2024",-5.86399305029505,-0.0866941766300056,-0.0840272017976249,-0.0833447941225878
701,"heggarty2024",-5.91043110728055,0.0489940115764555,-0.0391798118326096,-0.220596190192115
702,"heggarty2024",-5.93050603589324,-0.0318974049796649,-0.0627409535171763,-0.0629384461172893
703,"heggarty2024",-5.81700301118918,0.0846633751707633,0.0324020174411702,0.00559779545665411
704,"heggarty2024",-5.9412009148338,-0.0209613859001333,-0.0547043708345573,-0.0114177838277918
705,"heggarty2024",-5.49832055416391,-0.0347084434365847,-0.000679503729792863,-0.0752985825562393
706,"heggarty2024",-6.02121383679748,0.072232581915642,0.0156339015101146,-0.114137193056503
707,"heggarty2024",-6.11483525713318,-0.101004420497904,0.0845531726912376,-0.163097478813106
708,"heggarty2024",-6.07750518898856,-0.082844357489479,0.00146851347827091,-0.146104841063083
709,"heggarty2024",-5.63255978436865,-0.0162747993722699,-0.137727222481253,-0.0754290395959765
710,"heggarty2024",-6.14640953882316,-0.0623848347450222,-0.0428211931377821,-0.0365748055629394
711,"heggarty2024",-5.49189296437111,-0.0572712566584745,-0.12442825303925,-0.124505521053104
712,"heggarty2024",-6.22745698749063,-0.0553428075283925,-0.100070470681718,-0.125705144895291
713,"heggarty2024",-5.75960315321305,-0.0380536260798139,-0.082143026800623,-0.0625690891576697
714,"heggarty2024",-5.90911477113409,0.0435650099268894,-0.122849749203937,-0.0560634497118756
715,"heggarty2024",-6.14241682069116,0.0278947604756918,0.112370585478403,-0.0793692358106014
716,"heggarty2024",-5.36749602602191,-0.0104213974497958,0.127967114422349,-0.140320321357089
717,"heggarty2024",-5.63252142528517,-0.0728413235849532,-0.0148542896097307,-0.0425355476836735
718,"heggarty2024",-5.93271057166498,0.0473882946134596,-0.136974877338376,-0.095721287671421
719,"heggarty2024",-5.79475959039215,-0.0396514909553475,-0.179161328748346,-0.0902026924164208
720,"heggarty2024",-6.16108885198431,-0.0621165584958959,-0.21063080841414,-0.15216170007842
721,"heggarty2024",-5.87589478737221,0.112072423624686,0.0125312139928424,-0.0241173862663064
722,"heggarty2024",-6.06720467810138,-0.0587994647822324,-0.155355457633271,-0.107047114187621
723,"heggarty2024",-5.88404503259356,0.0321536091798861,0.0412104998225324,-0.10798289065466
724,"heggarty2024",-5.81136641879315,0.0324895261993404,-0.0498909164729088,-0.132988353251196
725,"heggarty2024",-5.59638841576748,-0.059324985689285,-0.178163983761415,-0.16731946424526
726,"heggarty2024",-6.02539515243793,-0.0206911364566225,-0.061674105601849,-0.215182174901275
727,"heggarty2024",-6.10162510909874,-0.231134260940592,0.0643104295220948,-0.14848709874906
728,"heggarty2024",-5.98012566503781,-0.0581642179994244,-0.177098512855366,-0.0668078628184148
729,"heggarty2024",-5.48628603057302,-0.0439564213460141,-0.081992066981186,-0.165903831135964
730,"heggarty2024",-5.9978318999842,-0.122490360547605,0.120799233742688,0.0282218077518242
731,"heggarty2024",-5.79266868081481,-0.0418603684601431,-0.0204570689429965,-0.0727393245329714
732,"heggarty2024",-5.95614118666682,-0.0825880750367101,-0.0716571232339974,-0.214838059053064
733,"heggarty2024",-6.13713576628122,0.00907371453393862,0.115328052511579,-0.0646760253790672
734,"heggarty2024",-5.96618200737754,-0.0473348967407845,-0.277960725386492,-0.229564951343898
735,"heggarty2024",-6.33944798437594,-0.086908697994293,-0.0596522614138724,-0.12134136033608
736,"heggarty2024",-5.94539932636671,-0.0685208935102375,-0.00889174418640797,-0.0967425456125138
737,"heggarty2024",-6.45689111100539,-0.101985262372203,0.0408607103017257,0.0386486436608247
738,"heggarty2024",-5.93968414865886,-0.0158062615940394,-0.124773470405255,0.0568390507981506
739,"heggarty2024",-6.29523386754531,-0.127687700601162,0.110180281234956,-0.0375954223443112
740,"heggarty2024",-5.89726279433321,-0.0689691101856598,0.0172571113641394,-0.048741602897419
741,"heggarty2024",-5.78880771045402,-0.126012238894423,-0.00977571722911002,-0.115096673196886
742,"heggarty2024",-6.68513683274964,0.00186774057983187,-0.0447516705887885,-0.0477086450009055
743,"heggarty2024",-6.05203968648246,-0.122791497474765,0.0620810172254496,-0.0347643682757818
744,"heggarty2024",-5.66590081898723,-0.0689142075565434,0.0205073204490557,-0.0726610018857091
745,"heggarty2024",-5.62275278753248,-0.104802439220201,-0.104094776490028,-0.102565154085089
746,"heggarty2024",-5.86249522044353,-0.00743277857314845,0.00925918902062872,-0.0218608780163218
747,"heggarty2024",-6.32679765349162,-0.0234528330230288,-0.0767303184130488,-0.099429424702071
748,"heggarty2024",-5.62870482644779,0.0249493563845062,-0.0268701011728513,-0.154079143924345
749,"heggarty2024",-5.54198264107083,-0.179660457691265,0.0324521922863436,-0.034632658916767
750,"heggarty2024",-5.88346434281707,0.0741760744327637,-0.0680966380844306,-0.0657058838658134
751,"heggarty2024",-5.77473389560266,0.0855408627712379,0.103602353107071,-0.0697950305970125
752,"heggarty2024",-6.0111839365352,-0.0278220258304053,0.0868381381522022,-0.107221641277759
753,"heggarty2024",-5.95754913552769,0.0778456096807184,-0.0544578684238134,-0.2007389029358
754,"heggarty2024",-5.81419870100413,-0.109141993069115,0.0443271300620922,-0.245091249000971
755,"heggarty2024",-6.03452118710069,-0.186397497936939,-0.0114118432556894,-0.189651965351264
756,"heggarty2024",-5.75375396867364,-0.0805008598182825,-0.0860667087394658,-0.0206075754191811
757,"heggarty2024",-5.90000722518205,-0.0912301332113217,-0.170859879491856,-0.130115398814723
758,"heggarty2024",-5.85886997548388,-0.0496901662777297,-0.0881441122633475,0.0321544905707671
759,"heggarty2024",-5.98933953006888,-0.00262499252222368,-0.0140789180469759,-0.00209182954615114
760,"heggarty2024",-5.82467640766377,0.127203236332924,-0.129663604145977,-0.101417024958435
761,"heggarty2024",-5.82102494766919,-0.0903917396991856,0.0672912838085881,-0.026678972420949
762,"heggarty2024",-5.65103057005384,-0.148063619781711,0.0342846968295411,-0.141896982100834
763,"heggarty2024",-5.94198619246498,-0.119108712021032,0.0096735719570616,-0.162627393020936
764,"heggarty2024",-6.04275514189113,-0.0807433313019863,0.002345078388569,-0.124344945755685
765,"heggarty2024",-5.73466202993408,-0.224197855812407,-0.170977494601467,-0.0947006999322034
766,"heggarty2024",-5.91721471009141,0.00237759460271012,0.206005463255331,0.00148113838023605
767,"heggarty2024",-5.88201418328293,-0.0317436106266702,0.0132410068333855,0.0749375269283222
768,"heggarty2024",-5.72622806433425,0.0117190559622476,-0.0442317541213924,-0.178776816692385
769,"heggarty2024",-5.74376567127076,-0.0579797415421999,0.0368401134725942,-0.00814195623718679
770,"heggarty2024",-5.83146949313901,0.0935978045681852,0.0997875243000551,-0.0361748784907336
771,"heggarty2024",-5.78714979037052,0.065000277126859,0.0690439923085233,0.0754751531193934
772,"heggarty2024",-6.04754138714823,-0.0517958610075128,0.0844227679366933,0.117751643464987
773,"heggarty2024",-5.61965012386093,-0.0574809677146132,0.00529606470330324,-0.0216329597570236
774,"heggarty2024",-5.77486372051619,-0.101812953509032,-0.0279358606016022,-0.167829946034135
775,"heggarty2024",-5.88451641539335,-0.0770009614311734,-0.0435468530988939,-0.049455652783899
776,"heggarty2024",-6.00255489340541,-0.111258897891797,-0.119303411251765,0.00325273642166827
777,"heggarty2024",-5.65751666026567,0.0728115706823194,-0.104646866786521,-0.116466222584972
778,"heggarty2024",-5.99190146771726,-0.0821182664010034,-0.0764245777068172,-0.0376521494022394
779,"heggarty2024",-5.49764314477716,0.0577142331822262,-0.0972746397578336,-0.0161850377409276
780,"heggarty2024",-5.77532377260861,0.0768865805087617,-0.176876748611949,0.0787691778812794
781,"heggarty2024",-5.58944658962897,0.0261172548019605,-0.0800268477736653,-0.0465573423666912
782,"heggarty2024",-5.87913791165928,0.0392158989563181,-0.0532147978734739,-0.102605134807408
783,"heggarty2024",-5.96780389737101,0.00170606655557297,-0.104621836364673,-0.0633618111039365
784,"heggarty2024",-5.57548523905433,0.0400265838346048,-0.0124293466710589,-0.0521367783291175
785,"heggarty2024",-5.86917987665483,-0.147733683259261,-0.22827005806196,-0.271155045757293
786,"heggarty2024",-5.92564284794991,-0.00513776750196808,-0.0799794634917398,-0.0904944514189425
787,"heggarty2024",-5.74152375516084,-0.0832837974994607,0.0293700335740766,-0.145745547715564
788,"heggarty2024",-5.47421250431152,-0.259578757014307,0.0151948225492246,-0.38981147395595
789,"heggarty2024",-6.02211600839111,0.0855049986486484,-0.0406262121204118,-0.0559524352250568
790,"heggarty2024",-6.1035044754699,-0.0657259708230811,-0.0680070359223371,-0.0829011872902138
791,"heggarty2024",-6.19028029724746,-0.172060022189645,-0.0695800286283455,-0.0935127946621662
792,"heggarty2024",-6.00130086787448,-0.000128263026934146,-0.00269743804378332,-0.150983278972351
793,"heggarty2024",-5.68631794902242,-0.0786607616341476,-0.0483028357297101,-0.0777348203157883
794,"heggarty2024",-5.9492325290118,-0.0926191878687735,-0.0636814856588659,-0.250563932613005
795,"heggarty2024",-5.77356078345165,0.0205711152615365,-0.070153718854563,-0.117988722170612
796,"heggarty2024",-6.22538841060386,0.0962774185242403,0.0448034092137045,-0.0468287772772391
797,"heggarty2024",-5.9540609903234,-0.0264086417712767,-0.0780920895578002,-0.0263455384668907
798,"heggarty2024",-5.7808312725964,-0.0367507807102117,0.00550171807571555,0.0313778036494171
799,"heggarty2024",-6.25711377948565,0.0659602799276278,0.0809773860695373,0.0680913629002674
800,"heggarty2024",-5.83251254813912,-0.110814969612425,-0.063990391623326,-0.327118143574074
801,"heggarty2024",-5.86374850784438,-0.0286411764789338,0.044904997761298,-0.176626210399815
802,"heggarty2024",-6.17895417487637,-0.110707638026953,0.0761479765004795,-0.0712580578346887
803,"heggarty2024",-5.70874379528018,-0.0991385572806574,-0.154351103706536,-0.159737394311803
804,"heggarty2024",-5.82530859451793,0.0115800509096556,-0.199029244685337,-0.140829231258689
805,"heggarty2024",-6.19353788055063,-0.235917064587632,0.0791451715230632,-0.153660321928014
806,"heggarty2024",-6.10997238713837,-0.0403249714956711,0.0725322825775699,-0.00520182951984518
807,"heggarty2024",-6.0077055508669,-0.17523983140251,0.056688407728781,-0.172908418062125
808,"heggarty2024",-5.63048726809161,-0.13486194844394,0.0470813637715214,-0.187058139209231
809,"heggarty2024",-5.80361076507988,-0.152309128010752,0.0504912645161438,-0.0633236542737611
810,"heggarty2024",-6.14398660115219,0.00352465900893681,-0.129194976576855,-0.157491474415087
811,"heggarty2024",-5.99297121127886,0.0820340627138294,-0.00816447708062887,-0.091858925816171
812,"heggarty2024",-6.13024465167118,-0.037741691310038,-0.0478829807380696,-0.164255593800737
813,"heggarty2024",-5.99249024652892,-0.0567333824772396,0.115204474473289,-0.230598774039947
814,"heggarty2024",-5.78548388156833,-0.0157724937714618,-0.1834597627242,0.0250321046153231
815,"heggarty2024",-5.89465706518004,-0.0360337983517294,-0.0811209561545313,-0.0346501425936308
816,"heggarty2024",-5.88945774442235,-0.221641143263894,0.0316822133748412,-0.170738126651268
817,"heggarty2024",-6.02690597306696,-0.0759122540338382,-0.142846155621717,-0.282708554145718
818,"heggarty2024",-5.80827696800726,-0.106195092816941,0.0231923377305569,-0.0467030548771061
819,"heggarty2024",-5.96309700262644,0.00369295340819872,-0.0567633775722542,-0.171654830672235
820,"heggarty2024",-6.89038767059672,-0.16104903290616,0.0870924340020699,-0.0346200197298971
821,"heggarty2024",-5.99897885059917,0.0802515643037569,-0.0539255874138103,-0.0615545408682609
822,"heggarty2024",-5.36051696711243,0.122426182414068,0.0989735993613475,-0.082232832778154
823,"heggarty2024",-5.80748345429649,-0.165676035756025,-0.0895543890794638,-0.0625837135645618
824,"heggarty2024",-5.90945497738674,-0.0802154910667298,-0.0795383260358675,-0.0823910780230495
825,"heggarty2024",-6.29750691105683,-0.172257140192146,-0.00872336977999309,-0.12564663861788
826,"heggarty2024",-6.2745574665247,-0.107991489221975,-0.0341492240341705,-0.0766994272042861
827,"heggarty2024",-5.85550442228685,-0.0112547023829883,-0.0971863165990147,-0.0758145321591959
828,"heggarty2024",-5.70072046681763,0.0252844196980548,-0.119989121225046,-0.0918740263864433
829,"heggarty2024",-5.92029768739026,0.0752784093287249,0.0284231660189047,-0.115709277855835
830,"heggarty2024",-6.04723367489164,0.161628808279341,0.0661828041323135,0.267284829035041
831,"heggarty2024",-5.82216861969411,0.028944582763998,0.0519321819573118,0.135527463102255
832,"heggarty2024",-5.87651829676931,-0.105142526792788,0.0161081376492783,-0.0261457084836883
833,"heggarty2024",-5.94845130366737,0.0442336797271714,0.0353115125043608,-0.149946233024609
834,"heggarty2024",-5.85903979241199,0.0367640245847956,-0.00393747358279024,0.160685546762461
835,"heggarty2024",-5.51700186364969,0.0151505630387032,0.0606651073085279,-0.106752434101968
836,"heggarty2024",-5.80607204804373,0.0477447902847448,-0.0883721913269021,-0.160776639191924
837,"heggarty2024",-6.16648315670331,-0.117702202511982,0.0423143033640422,0.00283515951860266
838,"heggarty2024",-5.54778065390429,-0.122745108612138,0.00580476969978141,0.0642196978521548
839,"heggarty2024",-5.84136904612695,0.0719781559805558,0.00875712773996691,0.00250208477653417
840,"heggarty2024",-5.96151936580655,0.139282840412459,-0.156391463947036,-0.0376733086045315
841,"heggarty2024",-5.82972497456023,-0.0216411673122667,-0.18772674234908,-0.1272756538303
842,"heggarty2024",-5.89114459245446,0.0572218893603074,-0.00205766466206837,-0.0938993136754261
843,"heggarty2024",-5.96777794913279,0.061942847292456,0.0196943650474477,-0.0434132747649207
844,"heggarty2024",-5.82033922129548,-0.0614010077574423,0.0366209244373227,-0.0295155068209703
845,"heggarty2024",-5.65129780759423,-0.0459704745877588,0.0346557177950783,-0.197603504811681
846,"heggarty2024",-6.40167844933041,-0.018094064860729,-0.0609513503257294,-0.0423475472086311
847,"heggarty2024",-6.3836567660432,-0.128021347049302,0.0251916837149667,-0.0780525543442847
848,"heggarty2024",-5.82190915391882,-0.0543543356025364,-0.00179058938425689,0.0117732513763952
849,"heggarty2024",-5.73762996969005,-0.026379887935303,-0.111731936690524,-0.101699307343586
850,"heggarty2024",-5.97623550013283,-0.0594423294751198,0.0348918908024472,0.0278713320738472
851,"heggarty2024",-5.95401698171172,-0.176729552095541,-0.0814342968469292,-0.0441949198876052
852,"heggarty2024",-5.87610091749598,-0.0501264179828663,0.139546063011472,0.0312288667963647
853,"heggarty2024",-5.97436778800447,-0.0313214144932129,0.0389425098917334,-0.130790311911672
854,"heggarty2024",-5.80499075044168,0.0539410013733367,-0.128115633367089,-0.093915128088585
855,"heggarty2024",-5.97688137117259,-0.0413406116550481,-0.0628227759440552,-0.0411890788536018
856,"heggarty2024",-6.54744065443162,0.0602783189032421,0.0857785333481417,-0.00253070328871477
857,"heggarty2024",-6.17942714210626,-0.0927249008940374,-0.00771561123938158,-0.108783425413908
858,"heggarty2024",-6.18358192960218,0.0435254715434937,0.000291003436824949,0.0462934479516571
859,"heggarty2024",-5.8228876802943,-0.172811639352385,-0.0270360864182398,0.0299122641545577
860,"heggarty2024",-5.56751934654705,0.153057814803212,-0.0212863816861374,-0.0924398575119413
861,"heggarty2024",-6.33164862822051,-0.0411482812859597,0.05136613342049,-0.0176278329826883
862,"heggarty2024",-6.22786322804938,-0.167790432862668,-0.137806494121434,-0.0650397596134932
863,"heggarty2024",-5.54248281260715,0.119862904589623,-0.0824885507188216,-0.0821638520190553
864,"heggarty2024",-5.64917485859087,-0.0936746943029204,0.106941755714522,0.00747868828929606
865,"heggarty2024",-5.99606586981775,0.103405566679205,-0.0368033178445433,-0.0460804724346354
866,"heggarty2024",-5.80886782502404,0.0579554158852031,-0.110691776024874,-0.0329163795143298
867,"heggarty2024",-5.93961608054601,-0.125735936690382,0.0174464661973585,-0.24647994730075
868,"heggarty2024",-6.1163134000871,-0.0435216060178244,-0.0130939380170911,-0.00306832944274069
869,"heggarty2024",-6.25015800689864,-0.0393674526823666,0.0280368877002282,0.128187747709582
870,"heggarty2024",-5.61291738879425,0.0892606204639993,0.0196192439240232,-0.263186731675994
871,"heggarty2024",-6.20481632963701,0.111857189584516,-0.0565077518874763,0.053730949070217
872,"heggarty2024",-6.31208995202697,-0.0463214722282159,-0.118020898802477,-0.0817479093323167
873,"heggarty2024",-5.86746576320179,0.0899830608845502,-0.0444306925132359,-0.0658680366825543
874,"heggarty2024",-5.86329322684614,0.0122717418193994,-0.0547231436860183,0.0256603579834915
875,"heggarty2024",-6.26090611583611,-0.13874567992542,0.060256039780698,-0.0691792925013858
876,"heggarty2024",-5.70175520302644,-0.0186044924165013,-0.13407573082947,-0.101233231150065
877,"heggarty2024",-5.62560747345643,0.0727657682450176,-0.186351059353676,-0.176240894097972
878,"heggarty2024",-5.79261649038745,0.0677853833391962,-0.0903493530968761,-0.0758927195489493
879,"heggarty2024",-6.48402734642252,-0.146693209868147,0.0243269161095213,0.0173230562101785
880,"heggarty2024",-5.97092007596467,-0.0998149002097611,-0.0222994676293192,0.209934397948114
881,"heggarty2024",-5.49856585986271,-0.0598828417936071,-0.0424706623253642,-0.139699794338539
882,"heggarty2024",-6.77046404778426,-0.160265573593561,0.0246504782347764,-0.254797321625077
883,"heggarty2024",-5.94505098287248,-0.146896740685104,-0.0413103685623676,-0.2203776677011
884,"heggarty2024",-5.93682599045684,0.00890677367590539,0.0366905080656459,-0.077078478870397
885,"heggarty2024",-5.76491718304411,-0.24953681983022,0.0470887199421458,-0.307348735834366
886,"heggarty2024",-5.97837058574721,0.130303715083673,-0.0173486203246402,0.0347110117997794
887,"heggarty2024",-5.89085875000458,0.038136252003927,0.0887228629054184,-0.0181630979217678
888,"heggarty2024",-5.64196358631169,-0.149298741464035,-0.0443545808299512,0.0870492411353813
889,"heggarty2024",-6.3562159512037,-0.0646981898590638,0.0404172802910013,-0.114360844973499
890,"heggarty2024",-5.88122017218253,-0.0491967630413226,-0.0360119159680813,0.000434309161447094
891,"heggarty2024",-5.89032654266154,-0.134844603666823,-0.000840858801951977,-0.210564126801165
892,"heggarty2024",-5.83087038885631,0.00314168791060668,-0.0347783294585538,-0.141060780014362
893,"heggarty2024",-5.64316726160425,-0.179950382180673,0.0562930303830567,-0.213274671071849
894,"heggarty2024",-5.91404084026204,-0.0417328637719777,0.0320248918251809,-0.10867349205314
895,"heggarty2024",-6.25761723704288,0.048528533576135,-0.0901636050089375,-0.0343474664541134
896,"heggarty2024",-6.07997509066828,0.0629246376578016,-0.116910276100652,-0.128164207259636
897,"heggarty2024",-6.18960071923094,0.01398326809875,-0.0897489407407004,-0.195764058670336
898,"heggarty2024",-6.0039617064224,-0.0285877400508189,-0.0975797787246477,-0.133393487529025
899,"heggarty2024",-6.03347597839806,-0.245090780764806,0.0114984787383621,-0.16188461848645
900,"heggarty2024",-5.82583995997856,0.00876487645674194,-0.0034633702473577,-0.0276036543648957
901,"heggarty2024",-5.74092574056539,-0.00960323821478695,-0.0684981452784965,-0.136377739688114
902,"heggarty2024",-5.91416096481284,0.0457886557050312,-0.0790331060635596,-0.109625880746628
903,"heggarty2024",-5.46532240131991,0.115060873679014,-0.0243939498178251,-0.0975809635492601
904,"heggarty2024",-6.09967037376494,-0.112378799135611,-0.0583835900478885,-0.0758379251624049
905,"heggarty2024",-5.89070511547835,0.0225659615985801,-0.106352894050144,-0.113658088036821
906,"heggarty2024",-6.04261485781608,0.0163679639416206,-0.138297361120711,-0.112257702733346
907,"heggarty2024",-6.10652722395305,0.0263860298292215,-0.0183026034472557,-0.0231737366855028
908,"heggarty2024",-6.18080110962903,0.0327439999041548,0.0616948557149224,0.0125731167965658
909,"heggarty2024",-5.95623871862001,0.0155560888330173,-0.0234946282154256,-0.0935433686127401
910,"heggarty2024",-5.79682903938708,-0.152271279651352,0.00586417054111581,-0.0343487502935155
911,"heggarty2024",-5.62261393935816,-0.0623642236854925,-0.161374932151013,-0.386915260352211
912,"heggarty2024",-5.91650928458719,-0.16715381801797,-0.035753011879702,0.0844191796017928
913,"heggarty2024",-6.55781462423545,-0.052829145053388,-0.152288895152225,-0.103564837010932
914,"heggarty2024",-5.84377474791974,-0.0212343611598925,-0.00595779565737404,0.0118228852580239
915,"heggarty2024",-6.02798359897661,0.0821937764158652,0.0141986789321682,-0.12335302286773
916,"heggarty2024",-5.69059963777252,-0.0189622100117288,-0.239625084130374,0.0664437507445135
917,"heggarty2024",-6.19550674837828,0.020186974007596,-0.0834674979070154,-0.189873462386282
918,"heggarty2024",-6.0201311593589,-0.0191303929925347,-0.0210232560750012,0.00989133850083783
919,"heggarty2024",-6.12165183812732,-0.0731085197015877,0.0336250590706092,0.00775261156172252
920,"heggarty2024",-6.07018508197339,-0.0794684799296563,0.000198814594520189,-0.272425288468569
921,"heggarty2024",-5.61077215867722,-0.0499335807804369,0.00737152129666266,-0.0215960393466662
922,"heggarty2024",-5.85354906671445,0.0230935199207809,-0.0904762864005156,-0.164970295722933
923,"heggarty2024",-5.75792407616657,-0.095687069784204,-0.103570441347624,-0.170788811545877
924,"heggarty2024",-5.7554637415922,-0.00758123307352745,-0.161475342749824,-0.0127249444123401
925,"heggarty2024",-5.86545296806227,-0.0745324713371096,-0.0726215124626484,-0.0875630310753129
926,"heggarty2024",-5.95308171680932,0.0304690215364672,-0.0343612546148294,-0.0518650237140751
927,"heggarty2024",-5.764786573696,-0.0310671863013357,0.035649560144429,-0.0952986055257198
928,"heggarty2024",-5.84348268629872,-0.0670685069433605,0.0245852569642009,-0.10683714458953
929,"heggarty2024",-6.07355439155789,-0.0679448166926509,0.115992105347571,0.0506848871821147
930,"heggarty2024",-5.88430763767884,0.106963227435815,-0.0860826710621098,-0.157784118687613
931,"heggarty2024",-5.82279243543556,-0.0213679185668462,-0.106068035662386,-0.0281081217614082
932,"heggarty2024",-5.88987289504976,-0.0700977645451916,0.082557688356712,-0.121708913487759
933,"heggarty2024",-6.02104476407573,0.0274780712051636,-0.0933873701315318,-0.111620652056507
934,"heggarty2024",-5.79402071961651,-0.0119224499443888,-0.0864654855457146,-0.152353310241965
935,"heggarty2024",-5.85417650682684,0.0367853994727786,-0.0638192847521476,-0.195914310513567
936,"heggarty2024",-6.44461359114577,0.0703222596316523,0.0315356949169909,-0.0769083433005034
937,"heggarty2024",-5.86612210297286,0.160758332319156,-0.119153640099443,-0.120884614422231
938,"heggarty2024",-5.71347407509361,-0.158814490942659,-0.0502765295332663,-0.131539014917625
939,"heggarty2024",-5.43837441076624,-0.0355244282885063,0.015370306407605,-0.053368289369424
940,"heggarty2024",-5.99227267107999,-0.0578360286371506,-0.0414040752588788,-0.0627312242421765
941,"heggarty2024",-5.76745310343571,0.0163867131127727,-0.158938012730419,-0.0384047140686043
942,"heggarty2024",-5.67812804619093,0.0144846428879753,-0.1321282255797,-0.0015288850420837
943,"heggarty2024",-5.61677093645996,-0.0194417474752101,0.00563709813439986,0.0219903001556035
944,"heggarty2024",-6.03613288971313,0.0230785004054493,-0.0207996810065557,-0.0356245835223397
945,"heggarty2024",-6.12103976062781,-0.130111995728368,0.00129043704954857,-0.205451644236064
946,"heggarty2024",-5.98503022456057,0.0686679259150467,-0.159186612948195,-0.107882168535227
947,"heggarty2024",-5.89220372998477,-0.120615442927237,0.00498972210908701,-0.0219705129225265
948,"heggarty2024",-5.77087152003497,-0.0514118925848258,0.0269402120771988,-0.0558244227762774
949,"heggarty2024",-5.86240639038463,-0.0434836143346371,-0.0021817327446725,-0.14973714282171
950,"heggarty2024",-6.30470366973308,-0.0608773117220819,-0.113913438318003,-0.235447348317837
951,"heggarty2024",-5.71550588088922,0.0430946982360756,-0.0307828361164793,-0.166496759767672
952,"heggarty2024",-6.02728554904979,-0.0488545821835783,0.0470037943746345,-0.0585434769079196
953,"heggarty2024",-5.83823565893514,0.0959813144109685,-0.0694680696736152,0.0253610424964379
954,"heggarty2024",-5.70182831020205,0.0478847609563215,0.0673158363326543,-0.0500543722072157
955,"heggarty2024",-6.09148059849504,0.0279478505450891,0.0541914980200515,0.0447954429472597
956,"heggarty2024",-6.12180832317458,-0.0931328532439429,0.00530293765224056,0.0547913986038058
957,"heggarty2024",-5.96754636985127,-0.0141159960587374,-0.0272283669600138,-0.0379745493950493
958,"heggarty2024",-5.71802687421011,0.163865281642832,-0.0505598988402105,0.079221078204729
959,"heggarty2024",-6.12805495055336,-0.112649774943218,0.00942680824841331,0.02135679155579
960,"heggarty2024",-5.89526560214182,-0.0269349116855779,0.0486199885959783,-0.171887916302911
961,"heggarty2024",-6.13416013712619,-0.000384781342601236,-0.092050337236074,-0.158324965308171
962,"heggarty2024",-6.0392414770353,-0.102996712227948,-0.136059350633115,-0.230462964011229
963,"heggarty2024",-5.69507654471604,0.0492819792228268,0.146390515270956,-0.117498138913146
964,"heggarty2024",-5.77153267231985,-0.114070214767991,-0.177666378232833,-0.0996788475782015
965,"heggarty2024",-5.5777772638587,0.0231749816173717,0.152681171815695,-0.0816813715292839
966,"heggarty2024",-6.00677459702687,-0.00965595719788523,-0.0188510126549747,-0.232639019718935
967,"heggarty2024",-6.13781121035602,-0.0625860360230998,-0.0679090400048353,-0.0503893875591858
968,"heggarty2024",-6.36894678219556,0.00134890819569156,-0.0757526880854002,-0.0442125042598771
969,"heggarty2024",-6.28711867938009,0.00860369998118916,-0.0905636240995073,-0.134674590261397
970,"heggarty2024",-5.68405904569605,0.0608898864486926,-0.0124860022040641,-0.144058187116543
971,"heggarty2024",-6.06230455425278,-0.263461963965213,0.0657991318635403,-0.0908358008419635
972,"heggarty2024",-5.62992838822888,-0.157342356097561,-0.126670586479234,-0.0651042749169219
973,"heggarty2024",-5.46103551067134,0.117580758142678,0.0935825056374525,-0.0288742492515947
974,"heggarty2024",-5.5129403914835,-0.0418587819573873,0.0206674433329363,0.171663573701408
975,"heggarty2024",-5.92384303827101,-0.00436673258873144,0.0175287923661949,-0.115436731689719
976,"heggarty2024",-6.03789523552579,-0.00387142962947607,-0.111908932182195,-0.126005778969807
977,"heggarty2024",-5.8517793300737,-0.0848966913995122,-0.0222368263432047,0.0870908297538111
978,"heggarty2024",-5.85425281770943,-0.0886471195619783,-0.0133550733995247,0.020681826873091
979,"heggarty2024",-5.68697681685115,0.0678479254550737,-0.0676641757149153,-0.110427656200832
980,"heggarty2024",-5.89320893503321,-0.0806571552032058,-0.0545683289528256,-0.177437355677128
981,"heggarty2024",-6.02557736845422,-0.106786112694931,0.0140836299194182,-0.120629862451906
982,"heggarty2024",-6.15126187675874,0.0101597916420988,0.122660102879856,-0.000567748766395721
983,"heggarty2024",-5.91787697814867,0.0403700423806316,-0.0978981349904661,-0.117683909908273
984,"heggarty2024",-6.39188819140453,-0.134502096414924,0.116943655957619,-0.0930397982377492
985,"heggarty2024",-6.03326973129,-0.0850616619568545,-0.0743640909819038,-0.0714535396335467
986,"heggarty2024",-6.10177178455897,0.0200903246238737,-0.042136669946152,-0.0785203761083735
987,"heggarty2024",-5.74170553131165,-0.0613026371113253,-0.0219328029303079,-0.262791346055102
988,"heggarty2024",-5.81154132202014,0.0612005203262424,0.033092538309969,0.0251982655578242
989,"heggarty2024",-6.04991184740245,-0.035468796550939,0.0194159855536762,-0.0666680464788911
990,"heggarty2024",-5.90705437728703,-0.01966406241361,-0.0316832498682348,-0.0218530892463267
991,"heggarty2024",-5.72035933935064,0.0945689863105785,0.162212022368511,-0.136710405855297
992,"heggarty2024",-5.67699298887057,-0.071099336094392,0.0129247556873556,-0.203538195025853
993,"heggarty2024",-5.88921495984303,0.0144961437169373,0.0206466635111637,0.038400900194218
994,"heggarty2024",-6.59446768857895,-0.0570056234341806,-0.0826115531744941,-0.0979601699337094
995,"heggarty2024",-5.99702928797734,0.0205013669649052,-0.00645845613931799,-0.127834867864174
996,"heggarty2024",-6.00243885341694,0.160199277308013,0.028006488804101,-0.0331716508154063
997,"heggarty2024",-5.7714405584275,-0.00449851020769895,-0.0795111906929468,-0.117433900394421
998,"heggarty2024",-5.88511031180258,0.0289268917273979,0.00284391876495663,0.0421207954623917
999,"heggarty2024",-5.9306617022077,-0.0422382303250557,-0.0535254571156618,-0.0410776647992326
1000,"heggarty2024",-6.0163112177945,-0.141529611438586,0.0107320573283742,-0.160623137172158
1001,"heggarty2024",-6.08301919169695,-0.0834215426494796,0.143297752823874,-0.153035216898781
1002,"heggarty2024",-5.80762381213224,-0.0152255483056443,-0.0541275836757179,-0.074180675329393
1003,"heggarty2024",-6.3187875723745,-0.11909258856991,0.0391500284790727,-0.0310989253702319
1004,"heggarty2024",-5.87681294256805,0.13958398875686,-0.022077803504435,-0.0422165982574862
1005,"heggarty2024",-5.91760425195446,-0.0292771665517257,-0.0528919826206629,-0.31377751147195
1006,"heggarty2024",-5.83714203045491,-0.0439659294507033,-0.0783187024005395,-0.0642068458887544
1007,"heggarty2024",-6.01881658214772,-0.00897781714071999,-0.0154132721851498,-0.0774380822450792
1008,"heggarty2024",-5.57791254754924,-0.0194389976607533,-0.153690241021216,-0.120494677327004
1009,"heggarty2024",-5.81371506038673,-0.000285859899678614,-0.0167028929727637,-0.141054026816228
1010,"heggarty2024",-6.53648368992087,-0.149700817856775,-0.101453006657174,0.0449102430465713
1011,"heggarty2024",-5.87534807397374,-0.0101770604713309,0.135968530110753,-0.108461239388909
1012,"heggarty2024",-6.21502817235622,-0.137967027835164,0.0494426404202676,-0.123913117441107
1013,"heggarty2024",-5.60257282222631,-0.0224771161299829,-0.0573559042642593,-0.0457984713563266
1014,"heggarty2024",-5.7916101979407,-0.0189969502712676,0.0424897637732756,-0.154573674648913
1015,"heggarty2024",-6.06360065935145,-0.104310827587805,-0.105851366290504,-0.0749067299350546
1016,"heggarty2024",-5.83021261379064,0.0148245323322398,-0.00645118512031572,-0.0678139008687311
1017,"heggarty2024",-5.79475850685757,5.02963692724529e-05,0.055790039692611,-0.0926480467989977
1018,"heggarty2024",-5.85493323897986,-0.0780300464075447,-0.0248256584020503,0.0545925714753007
1019,"heggarty2024",-5.69486285671379,0.0176811905306757,-0.085207922417174,-0.188820872467042
1020,"heggarty2024",-5.74156276616786,0.0149767027472253,0.0205884399540001,-0.150175279908848
1021,"heggarty2024",-5.70560047649498,0.0183264047155521,-0.0596968056567339,-0.0394472468344598
1022,"heggarty2024",-5.8996828646328,0.112562458694475,-0.0506395831493333,0.00444121768570203
1023,"heggarty2024",-5.64026900162123,-0.175774317974259,-0.016876418468013,-0.133816298285136
1024,"heggarty2024",-5.87033079434086,0.0355998635295756,-0.11423445530509,-0.0203993321884255
1025,"heggarty2024",-6.21790570228993,-0.0991014238164461,0.0400858126152055,-0.0956148894752197
1026,"heggarty2024",-5.88328797019707,-0.109543905718818,-0.019691053452741,-0.0982700355456964
1027,"heggarty2024",-5.84051966308675,-0.0435120395829342,-0.0448492795115817,-0.0229371120889869
1028,"heggarty2024",-5.85495194582143,-0.0522705786793852,-0.0537093754430637,-0.109247573239661
1029,"heggarty2024",-5.6165883954591,-0.0376153638912918,-0.0529032325227133,-0.0839028058974397
1030,"heggarty2024",-6.23916774333526,-0.113644157235668,-0.0206310030984421,-0.0982863484396001
1031,"heggarty2024",-5.78975366321967,0.0272958028623852,-0.0176019676738224,-0.114120330908386
1032,"heggarty2024",-5.89962935274472,0.005770878934291,0.0765467316963667,-0.139636595939945
1033,"heggarty2024",-5.73444866970746,-0.0477062814174119,-0.0758327905250007,-0.0585789488489003
1034,"heggarty2024",-5.74661922046961,-0.0539747182891693,0.107399207565513,-0.229437737093759
1035,"heggarty2024",-6.09502963498537,-0.0638305664584027,0.171732038998361,-0.123382321986362
1036,"heggarty2024",-5.7551697409618,-0.152617241942605,-0.0871500981415955,-0.157114018874116
1037,"heggarty2024",-5.80078275536449,-0.070410335384444,-0.101297432028948,-0.303661162966685
1038,"heggarty2024",-5.69078053072532,-0.0488231324629538,0.0161536141632979,-0.0903232692315731
1039,"heggarty2024",-6.12065698437415,-0.0445773881365632,-0.039518741713143,-0.167889452664606
1040,"heggarty2024",-5.04569559124104,-0.12064364550006,0.165483537209618,0.123895946675714
1041,"heggarty2024",-5.86926053156748,-0.0231039084560444,-0.0531917321897367,-0.152567150971029
1042,"heggarty2024",-6.06686578960023,-0.125036393358052,-0.0853953216771698,-0.162190827780772
1043,"heggarty2024",-5.82226895828134,0.0734261809169211,-0.126470457905041,-0.102961086195536
1044,"heggarty2024",-5.28363737132532,-0.0526189552441239,-0.0330389403019414,-0.0980009929145747
1045,"heggarty2024",-6.04173720353054,0.0175328572455624,-0.159508059218798,-0.100965859278066
1046,"heggarty2024",-5.9258576523386,-0.0445915968957213,-0.121006813502461,-0.0359412018185955
1047,"heggarty2024",-5.99631600819195,-0.101611413239014,-0.0956880107686816,-0.101224226423349
1048,"heggarty2024",-6.01937321778548,-0.027775290704681,-0.110809040831244,-0.131682994733642
1049,"heggarty2024",-5.99899990716451,0.0765521650179744,0.0363604543821928,-0.0972980194223657
1050,"heggarty2024",-5.99294604007578,-0.0302985073002189,-0.0748639370666991,-0.122927723879575
1051,"heggarty2024",-5.98578100820049,-0.0274218325917887,-0.047446967172212,0.0513315632659925
1052,"heggarty2024",-5.95728238483622,-0.140462565514785,-0.167519412851929,-0.283594121989921
1053,"heggarty2024",-5.84664483620753,-0.0873419751390346,0.0380285705712762,-0.117617366236129
1054,"heggarty2024",-5.57240285937422,-0.0378656956953439,-0.205658851557534,-0.0933847819886467
1055,"heggarty2024",-6.18435728990702,0.0404410931330254,-0.0637244624062364,-0.0306774726357095
1056,"heggarty2024",-6.72895694429412,-0.167023434754455,0.172234359500026,-0.0377882827213863
1057,"heggarty2024",-5.93049773896382,0.00236326836525552,-0.0831170102332447,-0.182587412826181
1058,"heggarty2024",-5.90234204572772,0.0396759166328805,0.0725882780399069,-0.0942551869625841
1059,"heggarty2024",-5.98751874019242,-0.00578822621273638,-0.0617319937077496,-0.0981158598595603
1060,"heggarty2024",-5.90257047608029,0.035872592436941,-0.03894321476172,-0.132383600996236
1061,"heggarty2024",-7.42245580234114,-0.136865824898903,0.0814577146389043,-0.254187689382719
1062,"heggarty2024",-5.77689734370144,-0.0844956753861352,-0.199378943968673,-0.205417839455495
1063,"heggarty2024",-5.92364782080333,-0.168406628899047,-0.0762446108636387,-0.128873551306131
1064,"heggarty2024",-6.39024356825164,-0.0618885050517936,-0.171522302709495,-0.00458402373287274
1065,"heggarty2024",-5.88627643253493,0.0577620234391926,-0.176877234005462,-0.00519030528731497
1066,"heggarty2024",-6.16695635580153,0.0397430001690831,-0.0970865438520162,-0.061948647617233
1067,"heggarty2024",-6.01553401087672,-0.0120779338726256,-0.00411891752782226,-0.0357672143938832
1068,"heggarty2024",-6.00085711457417,0.00730711869103519,-0.0646653025576727,-0.0906057835012849
1069,"heggarty2024",-6.38539626454579,0.000481814664684997,-0.0171313806377074,-0.036145438123224
1070,"heggarty2024",-6.12672556884544,0.0472189080998311,-0.0344851990285902,-0.00916784204406458
1071,"heggarty2024",-6.10385957663526,-0.153087089919381,-0.00366895414093748,-0.111096582685464
1072,"heggarty2024",-5.99108503957385,-0.0487253932140726,0.0254678348110203,-0.129845720353987
1073,"heggarty2024",-5.85603114853789,0.169464800549317,0.0217421516366695,-0.182398207714682
1074,"heggarty2024",-5.72728405520376,-0.0229078048120217,-0.172498117541806,-0.0739120683590014
1075,"heggarty2024",-6.22958380177197,-0.0102514883141556,-0.10341549575435,-0.0625463229498145
1076,"heggarty2024",-6.06200994078862,-0.0921746885357826,-0.0693589457216174,-0.147630806066177
1077,"heggarty2024",-6.00771954623886,-0.029672572876212,0.00247933622230833,-0.126557574205975
1078,"heggarty2024",-5.90799164082107,0.0442296573053198,0.0817102712514429,-0.0213353314843658
1079,"heggarty2024",-5.68812264687899,-0.244940426660599,-0.0206394726392512,-0.0289696314326921
1080,"heggarty2024",-6.14998380008009,-0.142289197937738,0.0565873289009923,-0.0120017610797915
1081,"heggarty2024",-5.87444643113662,-0.0230652480069674,-0.109197383210756,-0.214697421008737
1082,"heggarty2024",-6.05114793137532,-0.0199408219016814,0.0463771492832132,-0.0894860462140995
1083,"heggarty2024",-6.03924393895036,-0.094270090612005,-0.0287943536045185,-0.0607905975914985
1084,"heggarty2024",-5.74858509546664,-0.0233201631568404,-0.0645191132929597,-0.0290381140689436
1085,"heggarty2024",-6.08758471939738,-0.133947943725311,-0.103552184835745,-0.114195830720802
1086,"heggarty2024",-5.86076485301237,-0.0309244687029405,0.0713002644513272,0.0703535012219826
1087,"heggarty2024",-5.56593206414625,-0.0699543239031555,0.0905572692393346,-0.272132603518439
1088,"heggarty2024",-5.85586603315182,0.113278332794336,-0.0342260871638438,-0.0572300709740003
1089,"heggarty2024",-6.08080329215142,-0.107217217917848,-0.0273777253219562,-0.0858736199071561
1090,"heggarty2024",-5.95081566319684,-0.016217759510524,-0.0932882432893267,-0.129285615590587
1091,"heggarty2024",-6.02235169131011,-0.0795956658186431,-0.0466548784224474,-0.0541009245247463
1092,"heggarty2024",-5.63781074180923,-0.011312316677618,0.0644414527364064,-0.0342980809428448
1093,"heggarty2024",-5.8315907742692,-0.0772350715384058,0.0367637130038221,-0.171077291729615
1094,"heggarty2024",-6.10392535451648,0.0999435757990402,0.129904396441185,-0.0443186614249786
1095,"heggarty2024",-5.60893911875374,-0.059266196879083,-0.0631981242530389,-0.135344829459257
1096,"heggarty2024",-6.25817924602572,-0.0587801389985376,-0.063253364808024,-0.0799027535903559
1097,"heggarty2024",-5.91451672042982,-0.0417985443835773,0.0296000226579177,-0.0894596891020597
1098,"heggarty2024",-6.50044321581707,-0.0361092341963405,-0.00846589644530296,-0.060648853558867
1099,"heggarty2024",-6.41896761743098,-0.0701922266994791,-0.00530610828005199,-0.0786250889706699
1100,"heggarty2024",-5.72587532352266,0.0284669616715584,-0.11762647454199,-0.0764551557459211
1101,"heggarty2024",-5.64688287728424,0.0411970656365293,0.0153895560639191,-0.0543976090700961
1102,"heggarty2024",-5.29753643168188,0.050121080443165,-0.0535689859327193,0.0221618978342728
1103,"heggarty2024",-6.00430307040499,0.0115142832505976,-0.0789332736773918,-0.190421681808394
1104,"heggarty2024",-6.48420725696842,-0.0938947087413806,-0.135758553074813,-0.130246615474587
1105,"heggarty2024",-5.87200571989426,-0.0210619950324685,-0.0378612967908242,-0.0549996060751643
1106,"heggarty2024",-5.74473173728957,-0.148642623344519,0.0496822312454003,-0.037287770205272
1107,"heggarty2024",-5.7218703924261,-0.119721014936866,-0.075061569118904,-0.139068442025327
1108,"heggarty2024",-6.01692270354168,-0.00220619684008559,0.0320023640407703,-0.0302593681438384
1109,"heggarty2024",-6.46827765410535,0.116399202052573,-0.036751356499714,0.0245017115800797
1110,"heggarty2024",-6.84904125712434,-0.149874520475033,0.217328716671464,-0.188829940511336
1111,"heggarty2024",-5.98410331845971,-0.0212873141282228,-0.0725839339335594,-0.0139219957391417
1112,"heggarty2024",-6.11964504109291,0.0147078802016061,-0.133453131091649,-0.154142467410291
1113,"heggarty2024",-5.67870962740542,-0.0392877172670095,-0.106613393021689,-0.198076979908537
1114,"heggarty2024",-6.05673128134591,0.0108906766448837,-0.0601911809596362,-0.0955682552815347
1115,"heggarty2024",-5.88270667724094,-0.0528627740390965,-0.0073229532972421,-0.0931417310551669
1116,"heggarty2024",-5.91576645208314,-0.0089175147981673,-0.0707174391200455,-0.0264877811995688
1117,"heggarty2024",-5.64783398223907,-0.0850456248777498,-0.0618664202125432,-0.22900152273745
1118,"heggarty2024",-5.95072607327012,-0.000938895489571882,-0.0683620082808892,-0.147172347637846
1119,"heggarty2024",-6.14864984929318,0.0765217829546482,0.00719330807404966,0.0108622640707385
1120,"heggarty2024",-5.783436131402,-0.12161184662381,-0.0548783286639021,-0.0448638920947689
1121,"heggarty2024",-5.734053049845,-0.0621762275856923,-0.0215842990127876,-0.226707034905462
1122,"heggarty2024",-5.99816226314933,-0.136796605131662,0.0163391089774028,-0.0362614532735789
1123,"heggarty2024",-6.11779041563479,-0.226205355692434,-0.0515781760383083,-0.315688342846249
1124,"heggarty2024",-5.80130989608556,-0.0441826885578984,-0.0459141829630048,-0.106110360215364
1125,"heggarty2024",-6.05493656952216,0.0656570361523462,-0.00155360182840719,-0.0231221998191337
1126,"heggarty2024",-6.01305193071707,0.105229415550293,0.0622919020082686,-0.19732655772287
1127,"heggarty2024",-6.23337689240566,0.0393860963563219,0.0617396798026284,0.0297529149802736
1128,"heggarty2024",-6.26576550317747,-0.0880841152600677,0.143282686203965,-0.0184705319533669
1129,"heggarty2024",-5.99471462837114,0.0747754667058288,-0.0921629749563358,-0.101137526456082
1130,"heggarty2024",-5.83622146558095,0.085024466792758,-0.0773469390427716,-0.0692721883052699
1131,"heggarty2024",-5.66544451846006,0.0228346968248367,-0.0427333263376131,0.0207246228629378
1132,"heggarty2024",-5.92785198467323,-0.137031012906233,0.203574319805283,-0.0698842104071706
1133,"heggarty2024",-5.80740746390082,-0.0129265475356592,-0.0829799354361703,-0.0341544135751672
1134,"heggarty2024",-6.06546705522719,-0.107790210641172,-0.00217621447303484,-0.0321106144160562
1135,"heggarty2024",-5.91337097164903,-0.106383229933459,0.0432723456452516,-0.0267731690037588
1136,"heggarty2024",-5.99863035285708,-0.076275068333254,-0.104673133374568,-0.0498475322324214
1137,"heggarty2024",-6.08811946799741,0.0983916291574636,-0.12434434905666,-0.262147392097045
1138,"heggarty2024",-5.64101207788934,-0.0359912130555568,0.00839151949310973,-0.222936369375929
1139,"heggarty2024",-5.7177278298388,-0.02005928265271,-0.154945830075781,-0.00606980890734928
1140,"heggarty2024",-5.60773116074849,-0.00198334214925727,-0.0669341020636881,-0.137664906319436
1141,"heggarty2024",-6.13796512610041,-0.0577136583381615,-0.0562157580573985,-0.179756231128894
1142,"heggarty2024",-6.30147637068955,0.00883946510513113,-0.112279292355385,-0.00989558167052564
1143,"heggarty2024",-5.77802251260282,0.0477321536435747,-0.0197981559948949,-0.111762047668974
1144,"heggarty2024",-6.42310027579104,-0.0695389174410366,0.0246675618990019,0.0563225196626391
1145,"heggarty2024",-5.88125315293017,0.0491520944834687,-0.0771192463189329,-0.11367862753588
1146,"heggarty2024",-5.63483503718556,0.0291551098255222,-0.108642274880646,-0.137263592601719
1147,"heggarty2024",-5.70771573966091,-0.00541059811325359,-0.0760312249508558,-0.118678847433375
1148,"heggarty2024",-6.07292311295812,-0.0208639730768419,-0.0296202059886454,-0.21157699857614
1149,"heggarty2024",-5.79238287519446,-0.0619251345142521,-0.0648187703452907,-0.0207970816896268
1150,"heggarty2024",-6.66385058160767,-0.0305560302826773,0.124282976611051,0.0349053947988292
1151,"heggarty2024",-6.04817614102549,-0.0135007892209047,-0.0273136706136602,-0.00955346154544944
1152,"heggarty2024",-5.83027306104257,0.0245909331728338,0.072422048597677,0.0100440235791211
1153,"heggarty2024",-5.71492906874878,-0.146269977508697,-0.0736743080495368,-0.124067058544405
1154,"heggarty2024",-5.68076863468984,-0.00953093555884653,-0.013002881577147,0.000398712678338843
1155,"heggarty2024",-6.14244697364008,-0.00294871385400772,0.00473919039906072,-0.0667770224161495
1156,"heggarty2024",-5.99046327568522,-0.0244084518728377,0.0733934692311026,0.0461200514694582
1157,"heggarty2024",-5.95436800878193,0.0294047961273908,0.0228202894531446,-0.0302934249197316
1158,"heggarty2024",-5.87334350596902,0.0528033564909473,0.0441335367218709,-0.0423153539718182
1159,"heggarty2024",-6.34520776291802,-0.0475334765681008,-0.0260211476531204,-0.100124913481873
1160,"heggarty2024",-6.02611150824063,0.0320340359474383,0.0280069300120724,-0.00126134984052617
1161,"heggarty2024",-5.7601350488031,0.0332481232014011,0.0663704606055981,-0.140870114707578
1162,"heggarty2024",-5.91158493251721,0.0846557430245715,-0.000740267439529867,-0.0920689914744852
1163,"heggarty2024",-5.86551167979034,-0.00903117909730957,-0.104438774020598,-0.126201728547965
1164,"heggarty2024",-5.96341295425059,-0.022137747097693,-0.00699131626403953,-0.136762277573623
1165,"heggarty2024",-5.87662695658359,-0.183341891385826,-0.000502170129148778,-0.138809757524302
1166,"heggarty2024",-5.72168374856836,-0.000809521286575498,-0.0262767617478518,-0.0558954909666986
1167,"heggarty2024",-6.14583640757876,-0.00379150307534483,0.000446265157455315,-0.023764845724107
1168,"heggarty2024",-5.80568878759473,-0.097342945639682,0.123096719063187,-0.111364759144641
1169,"heggarty2024",-5.73584776505145,-0.0450282813651375,-0.0901063976722812,-0.208604814714753
1170,"heggarty2024",-5.8107011800853,-0.0850192971599693,-0.0501312049871751,-0.118107897243127
1171,"heggarty2024",-6.19253288973739,-0.0546176720560918,0.0583106890990855,-0.0594353164534868
1172,"heggarty2024",-6.07919391286003,-0.0588593838065322,-0.0420561472086392,-0.131347496208229
1173,"heggarty2024",-6.01694392771384,0.0679258029783097,-0.0729262195601846,-0.0644718827935992
1174,"heggarty2024",-6.14470901054974,-0.0938275609727962,-0.0955384735407473,-0.140675161421272
1175,"heggarty2024",-5.45678797560451,0.0693385262671319,-0.0242629883025638,-0.0503723982791967
1176,"heggarty2024",-6.34283703022483,-0.135260956463948,-0.0928211193257554,-0.0190644588421725
1177,"heggarty2024",-6.62247795396639,-0.0828949766707419,0.0868773439547423,-0.0931210767219185
1178,"heggarty2024",-5.60973212258464,-0.0724374939915938,-0.0584941343224987,-0.274623346114514
1179,"heggarty2024",-5.8717256653025,-0.0707881787998183,-0.137915934646993,-0.018965825323985
1180,"heggarty2024",-5.79186827821837,0.0211158325650252,-0.159430644319079,0.0799423534560483
1181,"heggarty2024",-5.78572607443007,-0.117408587926092,0.0717801862873268,-0.0337755504279653
1182,"heggarty2024",-5.57666502265532,0.0829015639840148,-0.140427662130697,-0.0956861682634324
1183,"heggarty2024",-5.90683741748723,-0.028826982733312,-0.0964918616453882,-0.0474834426097243
1184,"heggarty2024",-5.62391509677842,0.031972920765498,-0.128472277259442,-0.0626297037375941
1185,"heggarty2024",-5.70487103934928,-0.00716663251791549,-0.109125912939361,-0.164534992890729
1186,"heggarty2024",-5.94645824934603,0.010533457866408,-0.148796357662599,-0.101724694121665
1187,"heggarty2024",-6.05157538970067,-0.298846982374633,-0.0389955288286539,0.00659767039735747
1188,"heggarty2024",-5.8220325674259,0.0824467696519614,0.0275433785694874,-0.132912123267994
1189,"heggarty2024",-5.76336942637709,-0.116159646579162,-0.17503880201619,-0.106218670828689
1190,"heggarty2024",-5.55943020789827,-0.053308761873822,-0.0323914260944898,-0.0414467515297467
1191,"heggarty2024",-5.82895074051086,0.0675459754291172,-0.0480137989491794,-0.0826958047377906
1192,"heggarty2024",-5.84497403360041,-0.194537569736724,-0.0827277337256074,-0.269709197687172
1193,"heggarty2024",-5.95554878121284,0.0359133897730836,-0.00912226416411751,-0.178221342186984
1194,"heggarty2024",-6.10246031746396,-0.0610997711666554,-0.0474283035149185,-0.138220577239186
1195,"heggarty2024",-6.56710693682465,-0.12589984094656,0.0775574740602493,-0.110528607139137
1196,"heggarty2024",-5.8578951591843,-0.0635230063848473,-0.0662131621980316,-0.0462628430663535
1197,"heggarty2024",-5.88006188334537,-0.121249227440001,0.0706975526383979,-0.148032546014559
1198,"heggarty2024",-5.71437778221331,-0.0373347535814828,-0.0117970178477712,-0.172400478704836
1199,"heggarty2024",-5.88645706787836,0.129708870529506,-0.120500545754299,-0.0357263424547617
1200,"heggarty2024",-5.88771356120724,-0.0996257144983775,0.000502547713753443,-0.0349105350971682
1201,"heggarty2024",-5.80224348273582,0.0199244817078868,-0.0464412819691144,-0.0616967958592197
1202,"heggarty2024",-6.1732551797673,-0.114982656188653,-0.0083793487498967,-0.0454749153487096
1203,"heggarty2024",-6.10119230036802,-0.0479259339285019,-0.0498883437546052,-0.112167418818821
1204,"heggarty2024",-5.90518507081531,-0.00582066479621493,0.0448793480576602,-0.116660773234251
1205,"heggarty2024",-6.27086242248937,0.0232491027344102,0.0658002490478106,-0.0797229588040174
1206,"heggarty2024",-6.3620873461281,-0.0381577604666445,-0.0335552327083176,-0.236077339059895
1207,"heggarty2024",-5.91470943046384,0.0419887030706123,-0.051398773268052,-0.149342012362888
1208,"heggarty2024",-5.83200650204346,-0.0577100558613912,0.0744520905090928,-0.207366298877902
1209,"heggarty2024",-5.63360294218024,-0.0647896217747197,-0.0405518312676294,0.120429772451406
1210,"heggarty2024",-6.03898218374442,-0.369465947789627,-0.0304422475242651,-0.0879857096492637
1211,"heggarty2024",-6.31089396020386,0.14090852192395,-0.030487239816974,-0.126178592978182
1212,"heggarty2024",-6.05305872946763,0.0983836063460708,-0.0460557425798199,-0.144183681974423
1213,"heggarty2024",-6.89544980192837,-0.0501171809144109,-0.00305578274817495,-0.0532329388919531
1214,"heggarty2024",-6.28410967595331,-0.157473203453735,-0.0681163609517027,-0.202838596971546
1215,"heggarty2024",-5.71553576492985,-0.0624971457667123,0.0576763624338491,-0.0120618153695608
1216,"heggarty2024",-6.52644990185667,-0.138242462625308,0.0582783252970709,-0.12119395471125
1217,"heggarty2024",-5.94872511574066,-0.00527364765097274,-0.0933512066112846,-0.102078795190591
1218,"heggarty2024",-6.2395242231132,0.0470683424433903,0.0040758072114212,-0.0898431528828991
1219,"heggarty2024",-5.58960874993949,0.00119187626299943,-0.0517391004434734,-0.131556307742584
1220,"heggarty2024",-5.92293635922753,-0.0520317014790637,-0.18144753104573,-0.231356498708224
1221,"heggarty2024",-6.2811185392124,-0.110120332391179,-0.0745926388801371,-0.123328832491224
1222,"heggarty2024",-6.06824804811437,-0.118129990655303,-0.0611044783466213,-0.0963617555249351
1223,"heggarty2024",-5.52324671625711,-0.243370710924929,0.079509607194908,0.0571230075661989
1224,"heggarty2024",-6.00654798758556,-0.0280939159024442,-0.180207008176411,-0.187217065776758
1225,"heggarty2024",-5.80933451554484,-0.00877852911620773,-0.0486212946409545,-0.147899067047449
1226,"heggarty2024",-5.84483662617044,-0.0630262036515769,-0.00929525570962509,-0.178079223110999
1227,"heggarty2024",-6.03867402133683,-0.114957603025433,0.00643099042270802,-0.105307898087142
1228,"heggarty2024",-5.69193649272669,-0.000839395574685186,0.0519098125156109,-0.124354851360603
1229,"heggarty2024",-6.46133201304923,-0.110278726704174,-0.112568994914887,-0.000336442188785345
1230,"heggarty2024",-5.77179867101415,-0.0108553183628338,-0.100100091617493,-0.168998346516433
1231,"heggarty2024",-5.89798464638397,0.0651182006611826,-0.00462829408326468,0.0507134921001035
1232,"heggarty2024",-5.89101140120744,-0.0327351552483101,-0.0388171241134254,0.0375619982156317
1233,"heggarty2024",-6.04796037080812,-0.0332295850862509,0.006304266678512,-0.110707266759756
1234,"heggarty2024",-5.71431039153729,0.127765265548341,-0.132795189391211,-0.165758659695066
1235,"heggarty2024",-5.85334886994642,-0.0468332229976531,-0.07237996295008,-0.115637112718174
1236,"heggarty2024",-6.15205373464939,-0.130700809887657,-0.165419649113793,-0.123159722739244
1237,"heggarty2024",-5.88325908998017,0.0535580051232187,-0.0166783633979717,-0.069600152942429
1238,"heggarty2024",-6.90356183918423,-0.0438479977500378,-0.0698832834641456,-0.110871041317653
1239,"heggarty2024",-5.64685592668246,0.0177036164006315,-0.161312459025691,-0.111170753502327
1240,"heggarty2024",-5.86058958924793,-0.142856564783495,-0.137573518828044,-0.0218753037798145
1241,"heggarty2024",-6.37351428514366,0.0219009164297327,0.0122936171554666,0.000619360373512883
1242,"heggarty2024",-5.77465654985297,-0.00868557645769103,-0.0528375249522793,-0.107056688837408
1243,"heggarty2024",-5.81679539708932,-0.118547397285425,-0.0493411013802289,-0.218774988880367
1244,"heggarty2024",-6.1420431760109,-0.0998924486835054,-0.00213894533733405,-0.00249255361651859
1245,"heggarty2024",-6.38036778722268,-0.0225864205933177,-0.120649886158616,-0.1235237577354
1246,"heggarty2024",-5.7638341834084,0.0667526261881106,-0.151110448107892,-0.0951958548895475
1247,"heggarty2024",-5.78725796765805,-0.0478668033588804,-0.0323463728735865,-0.100895129462248
1248,"heggarty2024",-5.58329215377664,0.0762739022593942,-0.021498791361364,-0.0257493852237804
1249,"heggarty2024",-6.03379688684614,0.0158710451587395,-0.10751765463458,-0.137291204058958
1250,"heggarty2024",-5.91438633865301,-0.0246642497315045,-0.0399198095443153,-0.13883215479734
1251,"heggarty2024",-5.84335468748008,-0.0947262972630901,-0.0820397690411168,-0.09885462013341
1252,"heggarty2024",-6.03465510965126,0.0715320917686283,-0.0314095048439811,-0.0813705628538533
1253,"heggarty2024",-5.96348451517494,-0.0854144167099582,0.0286596173616055,-0.0983034400045795
1254,"heggarty2024",-5.69997236946378,-0.0773825114536858,-0.105957026970908,-0.126086144547203
1255,"heggarty2024",-5.94120238984685,-0.00242266113257571,-0.107082741785398,-0.0489982656537741
1256,"heggarty2024",-6.12868817488094,-0.0642501565068536,-0.130730876902517,-0.0613460055250549
1257,"heggarty2024",-5.93925585022008,0.0721604174380021,-0.138418088888668,-0.211398166214796
1258,"heggarty2024",-6.02457040483534,0.0536760369021106,-0.0467712052061216,-0.183875140561104
1259,"heggarty2024",-5.73770023687483,-0.00597545277086852,-0.0631384718142615,-0.1556328239386
1260,"heggarty2024",-5.89912218284848,0.0105356815426416,-0.144396953608695,-0.125147913491742
1261,"heggarty2024",-6.08188069244944,0.0265839656687951,0.0924099498676091,-0.0728685801200285
1262,"heggarty2024",-5.92890899523492,-0.0943833669754632,-0.0416458474955303,-0.133914408907706
1263,"heggarty2024",-5.94355247760335,0.0821429612506341,0.0330317470108845,0.00270254980573939
1264,"heggarty2024",-5.80752870770106,-0.148176336897389,-0.0127652864938498,-0.0954618099833696
1265,"heggarty2024",-5.96098155174338,0.0513920396224735,-0.0104276914345813,-0.0965382545585031
1266,"heggarty2024",-5.85898419827243,-0.0559553398107091,-0.0951680515417608,-0.214425650374547
1267,"heggarty2024",-5.85015185422177,0.0266784101153227,0.0389174789779945,-0.0346980352637264
1268,"heggarty2024",-5.96040634681286,-0.0368471986743745,0.0101861738728394,-0.0260537788989521
1269,"heggarty2024",-5.93642071672462,-0.0951824932230431,-0.0661580566157153,-0.158703526545715
1270,"heggarty2024",-5.88203946508451,-0.0828732361306705,0.0227595054129954,-0.0712736357879782
1271,"heggarty2024",-6.22712737556875,-0.0954090504465574,-0.0275470752706446,-0.238060450755769
1272,"heggarty2024",-5.77489877152947,-0.00839915944732677,0.0846974801712995,-0.115618647942344
1273,"heggarty2024",-5.73981948982475,-0.0172793870840052,-0.166250230052984,-0.38204593700363
1274,"heggarty2024",-5.56542356966964,-0.0198445430590162,0.0392410426525025,-0.0719888088089034
1275,"heggarty2024",-5.86776617342849,-0.119136915130684,-0.0243406928997296,-0.0991839122518709
1276,"heggarty2024",-6.10598859681678,-0.0601434614532812,0.0824315750037597,-0.121568746330934
1277,"heggarty2024",-5.79161787092028,0.0427643469085326,-0.165011073320637,-0.00129954771419018
1278,"heggarty2024",-6.1268576761808,-0.125615408938715,-0.236115476414519,-0.182574952648283
1279,"heggarty2024",-5.7799611295781,0.0108310327205671,-0.0466262421675756,-0.035558073525367
1280,"heggarty2024",-6.24998097052023,-0.0697795124966735,-0.0123876645711617,-0.0261536279065758
1281,"heggarty2024",-5.89126103116608,-0.0033149288190308,0.0257070713726422,-0.144767558527458
1282,"heggarty2024",-5.74417775891368,-0.145708530255184,0.0774259356444279,-0.0160189223615824
1283,"heggarty2024",-6.08047972929725,0.0254746987816057,-0.00386590833001661,-0.0561556510797311
1284,"heggarty2024",-5.57088538194108,0.0890968131418417,-0.123363871761177,-0.0759050209891474
1285,"heggarty2024",-6.1608369136292,-0.153154261884313,-0.0436571914533549,-0.015764189047666
1286,"heggarty2024",-5.69672904439487,-0.00671370665370814,-0.0332388694368642,-0.153801807190955
1287,"heggarty2024",-5.95898360441781,-0.0818801038974669,-0.0399940860476768,-0.0820239122526483
1288,"heggarty2024",-6.07190801779031,-0.1537609573516,-0.0719479454849838,-0.142632609295388
1289,"heggarty2024",-6.12475936535276,-0.0702124386883186,0.0416558424308893,-0.0443047257014076
1290,"heggarty2024",-5.78286638223547,-0.107353448554283,-0.019998550135309,-0.049157979849046
1291,"heggarty2024",-5.94304620788713,-0.0999744951620605,-0.109529670449485,-0.0487492779795981
1292,"heggarty2024",-5.74847005878749,-0.083298316789785,-0.0625380105401332,-0.0601546457251406
1293,"heggarty2024",-5.77104870203655,-0.10520306732988,-0.0845173029830166,-0.236094173066077
1294,"heggarty2024",-6.1461721174135,0.0746475488734329,0.00407709261745871,0.0987220358321105
1295,"heggarty2024",-5.83166637734215,-0.0215817391440717,0.00626862240809136,-0.0207344349131615
1296,"heggarty2024",-5.80574096379745,-0.0873755086413867,-0.0777634995839365,-0.0361034057575395
1297,"heggarty2024",-5.90138802142135,-0.0539635444950055,0.069177029548825,-0.0219178865268887
1298,"heggarty2024",-5.9124316935421,-0.0819557124751669,-0.0649193434228959,-0.254453850856267
1299,"heggarty2024",-5.69086112470391,0.0195440390713153,0.0162210941571349,-0.0859694304287992
1300,"heggarty2024",-5.9451210554217,-0.17570971888957,-0.0375162737967376,-0.0171532078934796
1301,"heggarty2024",-6.22822805337405,0.0449678380604,-0.148181468816234,0.0188126227917106
1302,"heggarty2024",-5.67864721323561,-0.0263577841000801,0.0821076857357259,-0.187922485809271
1303,"heggarty2024",-5.81594447436993,-0.0947237339357697,-0.10844910753618,-0.0746501712474113
1304,"heggarty2024",-5.74320265200618,-0.00820764466577583,-0.128671225057597,-0.198511251538617
1305,"heggarty2024",-5.84521723904396,0.0291498736269876,0.108950380658131,0.0121713198615594
1306,"heggarty2024",-5.87573858447229,-0.0610130850453363,0.096400264189636,-0.0672261177392778
1307,"heggarty2024",-5.90358691348278,0.0186088743580198,-0.168491383571554,-0.207530304873543
1308,"heggarty2024",-6.10575992591147,-0.0616660581371748,0.0262133329673683,-0.0731957397300256
1309,"heggarty2024",-6.0411711910072,0.098884070653075,-0.0400736934364279,-0.0925572277767032
1310,"heggarty2024",-5.77350165231426,-0.128351437228923,-0.0225899329004284,-0.115936366908115
1311,"heggarty2024",-5.92471054100215,-0.08080880880179,0.000268039197293891,-0.109720211341165
1312,"heggarty2024",-6.07038650695784,-0.115931195809277,0.0599837116467584,-0.0253365758321091
1313,"heggarty2024",-6.07436703164641,-0.0488414279397754,-0.0275392300032695,-0.0337396926285072
1314,"heggarty2024",-5.87494917013669,-0.206570966361454,0.073190929698003,-0.140720178553222
1315,"heggarty2024",-6.19637367068586,-0.0433282880864644,-0.00811509856630221,-0.161651560162319
1316,"heggarty2024",-5.88484258260559,-0.107019284997198,-0.0548327356331029,-0.124276905533897
1317,"heggarty2024",-5.65530805300338,-0.0752209832133042,-0.0040156478308658,-0.267201324391119
1318,"heggarty2024",-6.59393972228481,-0.12233519311135,-0.0680776527049098,-0.132878631878606
1319,"heggarty2024",-5.8646040300975,0.0708251474413114,0.0466297826310664,-0.0469274252249573
1320,"heggarty2024",-5.7533246253498,-0.0603517996056927,0.178551382960006,-0.0737849724695011
1321,"heggarty2024",-6.05304550320631,0.021069099400008,-0.0655678968438223,-0.0735748499732785
1322,"heggarty2024",-5.89239051936692,-0.0197712983544378,-0.0875822398068365,-0.0997863273294145
1323,"heggarty2024",-6.09914976826763,0.0462347723391143,-0.0583789090767263,-0.102576845392977
1324,"heggarty2024",-5.70184350880825,-0.0394814564184421,-0.00524544596995469,-0.0927674918764133
1325,"heggarty2024",-5.98034444932248,-0.0521936877325249,-0.0606389069976593,-0.102669420891724
1326,"heggarty2024",-6.46152894610397,0.072715804451209,0.111597282314967,-0.0832142050067419
1327,"heggarty2024",-5.5704019632555,-0.0424615621119855,0.0128880326735172,-0.049055669168177
1328,"heggarty2024",-6.03490436970311,-0.0207389171819443,0.181554328701625,0.0476820563765932
1329,"heggarty2024",-5.95124639899338,-0.13639657642469,0.0496803669955012,-0.0054645559849677
1330,"heggarty2024",-5.50367672122488,-0.0113145765472014,-0.0374011949216812,-0.117740828149941
1331,"heggarty2024",-5.81402645546704,0.0258502762230003,-0.0273095284771549,-0.116658174973871
1332,"heggarty2024",-5.76325851721563,-0.00635700382289834,-0.0798387812423694,-0.0656461123409079
1333,"heggarty2024",-5.93357546009851,-0.142899688032854,-0.0371355567531611,-0.145992521228093
1334,"heggarty2024",-6.11035369085016,-0.0497888857171931,0.0460657767706584,0.0484342715031558
1335,"heggarty2024",-5.93295031114173,-0.00630953379477611,-0.0678961361595706,-0.0425505146779562
1336,"heggarty2024",-5.45266974986117,-0.0454665183224753,0.0770616228997612,-0.0927835881600581
1337,"heggarty2024",-6.02310112636868,-0.119332908564658,-0.110274411883332,-0.0820200520099251
1338,"heggarty2024",-5.29941831443383,-0.0898539585062817,0.091924533991673,-0.0779086847366022
1339,"heggarty2024",-5.98961683852036,-0.0378310017618252,0.0294839528735148,-0.130692965651799
1340,"heggarty2024",-6.06070460072352,0.00435102636495576,-0.0622544642769996,0.00248727422765853
1341,"heggarty2024",-5.60932626617876,-0.0411669452967964,0.0350634887510177,-0.0648210511473994
1342,"heggarty2024",-5.72622159102416,-0.00242392397912235,-0.0215709066043982,-0.0546983619006971
1343,"heggarty2024",-5.81093945572033,-0.0481292359338452,0.0333065883788861,-0.0133210019818365
1344,"heggarty2024",-6.21427672365838,-0.108027471836891,0.0379865274146302,-0.141032102584985
1345,"heggarty2024",-6.23466641357411,0.0568516136062702,-0.0566332448581909,0.0452281491113144
1346,"heggarty2024",-6.09492252301016,0.0113585825454838,-0.0188718731449106,-0.0217783400636208
1347,"heggarty2024",-6.3768401187671,-0.0981774646203784,0.0374786621896046,0.00301750441091421
1348,"heggarty2024",-5.75482013184194,0.0513823900628818,-0.230550884944498,-0.134721425173426
1349,"heggarty2024",-5.99563278391268,-0.00403484765211264,-0.127908667303122,-0.103560875291799
1350,"heggarty2024",-5.79566565980972,0.0236792320301948,0.0369697686137542,-0.0527584141164925
1351,"heggarty2024",-5.78689941571919,-0.164234411374887,-0.00550959530229928,-0.180648136419758
1352,"heggarty2024",-7.26962088699051,-0.0158675313709946,0.0574743064958347,-0.051117364477089
1353,"heggarty2024",-5.71274680395773,-0.119204771574691,-0.0215493786630555,-0.172894965235657
1354,"heggarty2024",-6.03358885544819,-0.0326827919530765,-0.0628516243697211,-0.0962203118019606
1355,"heggarty2024",-5.7286745319204,-0.0713954585054589,-0.0088751596169806,-0.0957186337092963
1356,"heggarty2024",-6.07708690202775,-0.0321445131113289,-0.100470795761519,-0.176307548284293
1357,"heggarty2024",-5.99175248203098,-0.0432532721359671,-0.0665651024675386,-0.132910202374652
1358,"heggarty2024",-6.09481881504868,-0.0358016379914938,-0.0148434582622186,-0.21158195681313
1359,"heggarty2024",-5.8377123292084,0.0139369663144596,-0.108721689646532,-0.172060100276857
1360,"heggarty2024",-5.90754541196107,0.0179817023774469,0.00941835939810201,0.0656763389596656
1361,"heggarty2024",-6.05972441731353,-0.0428312786133286,-0.0633236363384257,0.0338233168122576
1362,"heggarty2024",-5.86619846893602,0.0418280054200748,0.0280298566338927,-0.109031230759411
1363,"heggarty2024",-5.81830712708269,0.00599606927769893,-0.0288638288376352,0.0272140637415632
1364,"heggarty2024",-5.87552933814534,0.00583698232957325,0.0712013290768154,-0.0459003779305769
1365,"heggarty2024",-5.78378609527307,-0.0201940232382763,-0.01484560341943,-0.0938912255944316
1366,"heggarty2024",-5.87725952431572,0.028005348413596,0.0926509068298056,-0.0395217952690296
1367,"heggarty2024",-6.0181647218644,-0.0438663512960252,0.00307279368295174,-0.127397368932372
1368,"heggarty2024",-5.75339659067267,-0.0658062665231503,0.200139522775783,0.00853972393651967
1369,"heggarty2024",-6.10430539525108,-0.125094365285971,-0.03503762326495,-0.0914376463805838
1370,"heggarty2024",-5.88434131652414,-0.0360469866631584,-0.0933765774194924,-0.167171096723793
1371,"heggarty2024",-6.72840474998988,0.0856860228483441,-0.113570735268922,-0.132778770704664
1372,"heggarty2024",-6.2208317905725,0.0109653861698988,0.0993232449073609,-0.0169702549766926
1373,"heggarty2024",-6.25215535242538,-0.109583004352229,0.0829742358350122,0.0510256738533271
1374,"heggarty2024",-5.98610883942422,-0.0836982232717899,0.0249684462003776,0.017504697354227
1375,"heggarty2024",-6.19420018048659,-0.0738040343710258,0.0463269472319022,0.0575124037382448
1376,"heggarty2024",-5.62073208511218,0.0541801335554191,-0.150925727113634,-0.213226133660553
1377,"heggarty2024",-5.10586412350281,-0.0097461857761379,-0.0533774859172815,-0.129461615023772
1378,"heggarty2024",-5.63215460582963,0.105304623195746,-0.108750867237701,-0.037919867036359
1379,"heggarty2024",-6.39833746134428,-0.0358337512028841,-0.0290825948613534,-0.028070314374098
1380,"heggarty2024",-6.30665037553947,0.0509424128032772,0.165723174896601,0.112627338639511
1381,"heggarty2024",-6.0817537665749,-0.0485243249171457,-0.0439720098095695,-0.0106432639833329
1382,"heggarty2024",-5.76588127639983,-0.016165912034269,-0.196055739602158,-0.156059788490569
1383,"heggarty2024",-5.87454466574196,-0.0702167025873189,-0.0191123950656222,-0.111935757475181
1384,"heggarty2024",-5.54937451616518,-0.0245978709554118,-0.00128238865613032,-0.0910436737320474
1385,"heggarty2024",-5.38798772690566,-0.0224382204653301,-0.0365991303096305,-0.151638391962373
1386,"heggarty2024",-5.95837588590695,-0.0820811068133266,0.0968350179087203,-0.137575055006835
1387,"heggarty2024",-5.39540575797443,-0.143040046624233,-0.0333759968383826,-0.125651120570109
1388,"heggarty2024",-6.33565388088145,-0.0856445370550279,0.0461963064640244,-0.0732082439140003
1389,"heggarty2024",-5.72729093615302,-0.0928022612617244,0.0146678368862101,-0.00765427098527355
1390,"heggarty2024",-5.93345883101982,0.0706422899560407,-0.0180921881569731,-0.0729504888306582
1391,"heggarty2024",-5.98091591742685,0.00573761809896844,-0.0723262599836596,-0.120454322792139
1392,"heggarty2024",-5.51012881789244,-0.0239622545786226,-0.0759228365765847,-0.133374119369469
1393,"heggarty2024",-5.79474540777193,-0.114911815070189,-0.0769789281949445,-0.0312514427390137
1394,"heggarty2024",-5.79021737735884,-0.285256513038869,-0.106144996081503,-0.174568194329389
1395,"heggarty2024",-5.85858837240094,0.0895928379030818,-0.0198665831359953,-0.0996034393016491
1396,"heggarty2024",-6.05238125789843,-0.0397039339113936,0.111704546709208,-0.0271518498718032
1397,"heggarty2024",-5.85512063925244,0.127902923488913,0.0614970422438934,-0.112958193290497
1398,"heggarty2024",-6.32345180013415,-0.124409718412391,-0.163080138062319,-0.245274130987995
1399,"heggarty2024",-5.77603217812655,0.0687169352890308,0.0536035026017394,-0.049007693559217
1400,"heggarty2024",-5.95955335359472,-0.116790730384267,-0.0896374294089758,-0.215151826183981
1401,"heggarty2024",-5.9358234683162,-0.0319243458327129,-0.131653912970961,-0.277948869387543
1402,"heggarty2024",-5.88081490997691,-0.0829086577065321,0.0181149086400431,-0.144352462544007
1403,"heggarty2024",-6.02483584398423,0.0631673664366009,0.0844394287474131,-0.102381993993586
1404,"heggarty2024",-5.70203479790954,0.0768902784528923,-0.123037102561964,0.01355130143402
1405,"heggarty2024",-5.89002761159966,-0.0739621647222659,0.0409560134583341,-0.0439688289357799
1406,"heggarty2024",-5.85923580310783,0.0326154231900566,-0.123653139312183,-0.107642600101482
1407,"heggarty2024",-5.72787404844227,-0.0433891976198668,-0.0476413536710215,-0.12621345521517
1408,"heggarty2024",-6.02353447176832,0.0949082662226041,0.0275763790879293,-0.153834540573807
1409,"heggarty2024",-6.01654521661578,-0.149838846097864,-0.0381892949388766,-0.0566873540815297
1410,"heggarty2024",-6.1880618902791,0.0438046394721773,-0.0889041645102041,-0.185004110841805
1411,"heggarty2024",-6.02014394877547,0.0288053344261092,-0.257089712654573,-0.115454465445199
1412,"heggarty2024",-6.0609381593391,-0.0808753560295733,-0.0148804651006558,-0.0824130243308462
1413,"heggarty2024",-5.84416126151047,-0.0030830347399291,0.0448988314579079,-0.0631072719808014
1414,"heggarty2024",-5.44000446660625,-0.110186958657554,-0.0468825974200735,-0.230620741662006
1415,"heggarty2024",-5.80368018777794,-0.00526807326506124,-0.0330533130554109,-0.0514940317651565
1416,"heggarty2024",-6.16490537830113,-0.110413470509952,-0.127685150393682,-0.149916850682112
1417,"heggarty2024",-5.67471418749778,-0.112455550829333,0.0342459692125816,-0.160858990565754
1418,"heggarty2024",-6.40537868481812,-0.0927173509406367,-0.097572725725538,-0.0863100921427281
1419,"heggarty2024",-5.9123116047488,0.124212677530615,0.0156967199937786,-0.0719575525080051
1420,"heggarty2024",-5.86674493755253,-0.00856334835307006,-0.151641758054474,-0.0906098010064548
1421,"heggarty2024",-6.04974510623438,0.0461258939722862,0.169834966452057,0.114157967945986
1422,"heggarty2024",-5.93405150578965,-0.115335549936424,0.0625930557293514,-0.102890584536111
1423,"heggarty2024",-6.17928588385336,-0.0280042738202958,-0.00913229671264747,-0.177196334859198
1424,"heggarty2024",-5.54650955137322,0.0368879210723349,-0.0266004449917422,-0.0889006051584131
1425,"heggarty2024",-5.76847047848082,-0.151952017937585,0.0263774902333949,-0.0787238144728588
1426,"heggarty2024",-5.86274618704837,0.0978271609002338,-0.0424246220102401,-0.0556839976448463
1427,"heggarty2024",-5.75954897923346,0.0679557427012996,0.0275622967901412,-0.0437726299972052
1428,"heggarty2024",-5.75919949646334,-0.125233574695115,-0.0564903112203224,-0.174851381747103
1429,"heggarty2024",-5.98897632078744,-0.0118486095280933,-0.0734690296747252,-0.194959011675611
1430,"heggarty2024",-6.10021848431414,-0.14285617310879,0.109785571999855,-0.0833719201277609
1431,"heggarty2024",-5.86436270317976,-0.048737091237961,-0.0547591723255015,-0.0794523750365768
1432,"heggarty2024",-5.49095691426402,-0.099238885693217,-0.0401807875289167,0.0396824478796266
1433,"heggarty2024",-5.98392880704347,-0.05863044833966,0.0173043466131087,-0.0827246517768567
1434,"heggarty2024",-5.80336428406879,-0.0652952034893984,-0.004824844776881,-0.147376322972235
1435,"heggarty2024",-5.75728745043501,0.101410912957572,-0.0125154902103371,-0.0294940505982115
1436,"heggarty2024",-5.89850374814835,-0.147102505943831,0.0631675464378229,-0.0102539138073452
1437,"heggarty2024",-5.91192734322848,-0.0741801626138715,-0.099644281763685,-0.0266816438915056
1438,"heggarty2024",-6.3583789915016,-0.0963835292959189,0.0624689464748929,-0.118842546917829
1439,"heggarty2024",-5.87849116222149,0.0340331357249827,-0.0604331873248163,-0.0887181774947463
1440,"heggarty2024",-5.83018624121374,-0.0834038037262392,-0.0467581873334335,-0.198086445770603
1441,"heggarty2024",-6.06824321811951,0.00215339413142094,-0.0610083445642803,-0.12464781586524
1442,"heggarty2024",-5.51129901680656,4.0942799555267e-05,-0.119240446271164,-0.0724179875447334
1443,"heggarty2024",-5.79223910575403,-0.108186525147541,-0.0466269023588169,-0.0417921179944904
1444,"heggarty2024",-5.6807142987191,0.0342451105944443,-0.130465202937496,-0.103910871391761
1445,"heggarty2024",-6.05857541716161,0.039064971892877,0.100656479505852,-0.015229848356995
1446,"heggarty2024",-6.20503163616311,-0.0140588563561714,0.138099085148553,-0.0309678986579638
1447,"heggarty2024",-5.85411763881931,-0.203375368144973,-0.00395219988859582,-0.0132370201756123
1448,"heggarty2024",-5.74864846845866,-0.00521955746452987,-0.0966586496153707,-0.0732758390028093
1449,"heggarty2024",-5.69145092285611,-0.0869912765350709,-0.029388645565263,-0.101791343120197
1450,"heggarty2024",-5.94751116021584,-0.138082173264554,-0.02089128542381,-0.00271186104277793
1451,"heggarty2024",-6.05725909244378,-0.120928179917521,-0.0667081276091889,-0.0731646740805524
1452,"heggarty2024",-5.64710486663673,-0.103789785301499,-0.0829540114829738,-0.127473042272967
1453,"heggarty2024",-5.99989005546726,-0.0878020216815397,0.0931457643682699,-0.146419086205525
1454,"heggarty2024",-6.28612900203378,-0.0713185345845328,-0.0184449698621433,-0.0193980122090481
1455,"heggarty2024",-6.15657435965059,-0.069596140386945,-0.0042750278623007,-0.218230236417296
1456,"heggarty2024",-5.90427202451361,0.133432935574278,-0.024352979064563,-0.0903838579855829
1457,"heggarty2024",-5.70089863058346,-0.128802869614876,-0.0385598356832091,-0.148970412741389
1458,"heggarty2024",-6.06146044411895,-0.0252409396529267,0.0336838115379231,-0.0892247659239349
1459,"heggarty2024",-5.88879228438784,0.0043205429984858,-0.00868905040094332,-0.0994616283783627
1460,"heggarty2024",-5.57120320262543,-0.053174094055745,0.104621288444499,-0.130709047696742
1461,"heggarty2024",-6.07640736852403,-0.0354738239731891,0.00297111685384712,-0.084839309447223
1462,"heggarty2024",-5.7957004561432,-0.0668070033097706,-0.0859711832805043,-0.0196344951559653
1463,"heggarty2024",-6.23980255225383,0.0145588428392719,-0.004452372991205,-0.0892242299317295
1464,"heggarty2024",-5.67330708809614,-0.0552592810697279,-0.0709904952916576,-0.0988248942362811
1465,"heggarty2024",-5.62237795946159,-0.157022768158829,-0.0691740775455035,-0.283517201650375
1466,"heggarty2024",-5.73561893971472,-0.188964956788603,0.0514036098215869,-0.0956191013816209
1467,"heggarty2024",-5.82324634736316,-0.0111664414088802,-0.0458581767627384,-0.0289193758955642
1468,"heggarty2024",-5.76763443388471,-0.00887620699139803,0.0198565000362547,-0.0799428336286491
1469,"heggarty2024",-5.93148830780063,-0.0641468053016608,0.023509518716619,-0.109591778625646
1470,"heggarty2024",-5.83343282906705,-0.188559035609899,-0.0438092773851897,0.0257735909527277
1471,"heggarty2024",-6.29799584167321,-0.0520727102611172,0.0707287358050839,-0.0621015152860836
1472,"heggarty2024",-5.84888778595179,-0.0523759141313493,-0.00114500250694371,0.0252627211219717
1473,"heggarty2024",-6.03469547351526,0.027782542123836,0.105856038502122,-0.00343504637558299
1474,"heggarty2024",-5.12414605784601,-0.215323992719865,-0.030016376120509,-0.277857652032959
1475,"heggarty2024",-6.00693465277388,-0.108191233011903,0.00604286332865606,-0.148616899924639
1476,"heggarty2024",-5.82464618476822,0.0212511535084677,-0.0667868998066908,-0.0526376859971747
1477,"heggarty2024",-6.17915612245316,-0.0740537265531888,-0.109078017280901,-0.248414649383265
1478,"heggarty2024",-6.16877525376769,0.0339519591364166,-0.0306403372611084,-0.0514086739811541
1479,"heggarty2024",-5.98384689459411,-0.022557077088198,-0.151073656554166,-0.157862032003783
1480,"heggarty2024",-5.74444158762066,-0.0849299193314852,0.094981525386556,-0.0565312894356042
1481,"heggarty2024",-5.86594889178495,-0.0180697168204572,-0.131820414505538,-0.0599407443682541
1482,"heggarty2024",-5.83801638040904,-0.11262488431965,-0.06494787646918,-0.169987158383922
1483,"heggarty2024",-6.10691641077085,0.120678887771761,-0.169025799181566,-0.186281382843867
1484,"heggarty2024",-5.96615437445452,0.126397363422452,-0.100908548271231,-0.140291870274516
1485,"heggarty2024",-5.53312773120935,0.0520081163242149,-0.0744294174619561,0.0571270142804067
1486,"heggarty2024",-6.28029170737066,-0.0719740858604206,0.00809392153055525,-0.131137643178105
1487,"heggarty2024",-5.76399010297051,-0.133414045197471,-0.000488482246718505,-0.0878274527722025
1488,"heggarty2024",-6.85614949227929,-0.188469513589869,-0.0537376876151101,-0.215835573558279
1489,"heggarty2024",-5.83073692693583,6.9549046732217e-05,-0.0745741303830401,0.038804198178655
1490,"heggarty2024",-6.2231448658047,-0.0532789680459311,0.000989018736678282,-0.124528393282971
1491,"heggarty2024",-6.82820062426469,-0.0999344860794963,0.0257402340046582,0.0107814386735993
1492,"heggarty2024",-6.78574466530688,0.000581470454690571,-0.0708650459002225,-0.0472339510365416
1493,"heggarty2024",-6.46754728364569,-0.027227508872992,-0.0275988592538019,-0.114957728370252
1494,"heggarty2024",-6.10862113365677,-0.143786244906968,0.0636913290696551,-0.0161430104384859
1495,"heggarty2024",-6.01389390195365,-0.00842151327932031,0.0342205496870802,-0.0768462266273919
1496,"heggarty2024",-5.75647582230036,0.0249901743008693,-0.137232707705389,-0.112710070891928
1497,"heggarty2024",-5.71999646223885,-0.209827164420716,0.108547951078479,-0.121126059582267
1498,"heggarty2024",-6.18942375972882,-0.0533325484187468,0.037314272532421,-0.0865035228538096
1499,"heggarty2024",-5.61466905639916,-0.0647054602535565,-0.0644108936861982,-0.0884964274170234
1500,"heggarty2024",-5.87137753780013,0.0411295394109605,-0.135164869540657,-0.094511035111572
1501,"heggarty2024",-6.11604018952147,-0.0744518208172632,-0.0238488893863468,-0.0812311260068302
1502,"heggarty2024",-5.70159225331389,0.0072538023465336,0.0368320715184307,-0.0428249527042089
1503,"heggarty2024",-5.54579886036722,-0.0465900681776952,-0.0516318844749577,-0.029705301928471
1504,"heggarty2024",-6.25810908046157,-0.0360731145264511,-0.147499620641181,-0.135935566943194
1505,"heggarty2024",-6.0308573488963,0.0758339685409957,-0.0180038073645278,-0.130157796028279
1506,"heggarty2024",-5.98742389816238,-0.186805877851158,-0.0273949785377669,-0.0220782701396528
1507,"heggarty2024",-6.12947916555016,-0.0675192678923585,-0.129432267197618,-0.191245295428601
1508,"heggarty2024",-5.20293490561083,-0.0346480716113771,-0.042128084687247,-0.138027111923763
1509,"heggarty2024",-5.82136198750476,0.0199456647089287,-0.169643120274296,0.0621567227596699
1510,"heggarty2024",-5.80514670769824,-0.0116766872606357,0.0117984939873467,-0.127705617123284
1511,"heggarty2024",-5.86961251148308,-0.0320458703975067,-0.0489659992475881,-0.158623315958803
1512,"heggarty2024",-5.57480641737526,-0.0231796491588818,-0.12324440714695,-0.234542624069581
1513,"heggarty2024",-5.75640073245025,0.036597210367868,0.0178312640141411,-0.0410543233679772
1514,"heggarty2024",-5.4776528035465,-0.0836917024929156,-0.136908752057029,-0.0259346574521747
1515,"heggarty2024",-5.94012107731891,-0.146745393472539,-0.0155611441027207,-0.205898158415502
1516,"heggarty2024",-5.70263957956084,-0.124744351396976,-0.102758536867111,-0.270354746057791
1517,"heggarty2024",-5.8239382499116,0.00237960439211076,-0.0869897785120228,-0.268435388451548
1518,"heggarty2024",-6.22749118373103,-0.12524206718235,-0.0640478936685579,-0.0554875522067775
1519,"heggarty2024",-6.36433347469969,-0.015888485627738,-0.0404747592731458,-0.11163019425023
1520,"heggarty2024",-5.75769153399165,-0.0793469708857636,-0.0449189657129734,-0.160628842859383
1521,"heggarty2024",-5.52211736860098,0.0175406092853028,-0.109810957855922,-0.135932800295445
1522,"heggarty2024",-5.69804079430563,-0.0126034926226938,0.00754140343382191,-0.0755780373130887
1523,"heggarty2024",-6.1348305071156,-0.077520203036085,0.0187489586899438,-0.16394022414231
1524,"heggarty2024",-5.62261235070899,0.113336733139004,0.0375052019039602,-0.00188535837619554
1525,"heggarty2024",-6.02286462537635,-0.111439268815146,-0.177105154914322,-0.0763750427909634
1526,"heggarty2024",-6.15284881810783,-0.0129095108186978,-0.0602899691498822,-0.0494779476106424
1527,"heggarty2024",-5.88003994694407,-0.155141801981216,-0.0666053694394457,-0.0272232730949206
1528,"heggarty2024",-5.75499704190853,0.0467906123551236,0.0175577983446043,0.00448732532112597
1529,"heggarty2024",-5.75102548010073,-0.0110570592232732,-0.0855122034299454,-0.154537656274007
1530,"heggarty2024",-5.73464436602212,-0.0319420433203979,0.0346545979850118,-0.0532075971831677
1531,"heggarty2024",-5.82287997058721,0.0951875295386149,-0.0680360740246956,-0.0551215194288416
1532,"heggarty2024",-5.23751600749913,-0.0166142345069478,-0.00421468208016606,-0.0236002800549974
1533,"heggarty2024",-5.6998278865434,0.122499522748413,-0.108747004287526,-0.0277727471248746
1534,"heggarty2024",-5.52481785208139,0.0773443144214294,0.170380559896323,-0.193410800949921
1535,"heggarty2024",-5.73800017125902,-0.0455017641476138,-0.267341598857638,-0.139832067412066
1536,"heggarty2024",-5.80243185802749,-0.0851209530597612,0.0235797972131409,-0.245556009768376
1537,"heggarty2024",-6.12545749787894,-0.0296532992920336,-0.000555063372942973,-0.116407729050952
1538,"heggarty2024",-5.99861232430102,-0.0156007474206498,-0.175499182040243,-0.157458950548907
1539,"heggarty2024",-5.97133486639625,0.0309775902949473,-0.0221178193936148,-0.0745209982084739
1540,"heggarty2024",-5.69781996409492,0.0784555445375816,-0.00507018536523033,0.0443097994454994
1541,"heggarty2024",-6.17166145138367,-0.165402495155471,-0.124713667850537,-0.228242305887756
1542,"heggarty2024",-5.81301067941438,-0.0461898054777469,-0.0570975921762056,-0.0664294211440317
1543,"heggarty2024",-5.74656041783022,-0.0247774849850636,-0.102848373923862,-0.0627959047074879
1544,"heggarty2024",-6.16165237339294,0.0448060340842645,-0.04121729729884,-0.113061809727092
1545,"heggarty2024",-5.89550238585136,0.0242790026162937,-0.0563644247590409,-0.144051786836328
1546,"heggarty2024",-5.73099887953392,0.00931487504591822,0.0963971955829095,-0.0942599916526991
1547,"heggarty2024",-6.1896381125162,-0.0106653403040249,0.00490513140052428,-0.0126259167951467
1548,"heggarty2024",-5.95433392674306,-0.074885407598487,-0.0653892950012828,-0.0484412987425165
1549,"heggarty2024",-5.5576874769467,0.0303543884474529,-0.118684635689715,-0.09962005106321
1550,"heggarty2024",-6.20931681884319,-0.0190667811910225,-0.0301826481928394,-0.0324770920641203
1551,"heggarty2024",-6.22646224776503,-0.0540414210097514,0.0534000760098131,-0.0162755540322417
1552,"heggarty2024",-5.96064414577011,-0.103146425833374,-0.0401504315278582,-0.041540507035462
1553,"heggarty2024",-5.91898694873741,-0.0616610422249385,-0.0463497635145842,-0.0173199878058604
1554,"heggarty2024",-5.90860187516635,-0.0704608222355098,0.0354020262851141,0.0464235866659802
1555,"heggarty2024",-5.78328943554027,0.0235497835808881,-0.220038044648915,-0.117672908936339
1556,"heggarty2024",-6.27435285419658,-0.212952049581206,0.0544041364574519,-0.0813351057246712
1557,"heggarty2024",-5.77729194819876,-0.154230422799087,0.0838910130601871,-0.0598373103373805
1558,"heggarty2024",-6.02602011453585,-0.0607950742839714,0.0943657794076104,-0.0438145447661607
1559,"heggarty2024",-5.63805025140698,0.00973106386745242,0.0416504382563498,-0.0125459833000104
1560,"heggarty2024",-5.86503342493317,-0.0568393733821697,-0.0555125229240469,-0.177690069360884
1561,"heggarty2024",-6.30147001635489,0.0267685816203097,0.0624161442580588,0.00703740709857834
1562,"heggarty2024",-6.06952106938839,-0.103878720805028,0.0325264906424701,0.102982552942406
1563,"heggarty2024",-5.69459632751798,-0.113937358464316,0.015451857661347,-0.115583552318548
1564,"heggarty2024",-5.91162685583743,-0.135970875259321,0.025352237650525,0.0535728322663667
1565,"heggarty2024",-5.8071537673104,0.0188806802225868,-0.106720006262579,-0.144405252947541
1566,"heggarty2024",-5.6763150560526,7.68447293616364e-05,-0.113648469627834,-0.00522210963912773
1567,"heggarty2024",-5.87219087988937,-0.0376220750793476,0.0252304570908569,-0.0775970796347292
1568,"heggarty2024",-6.3250715056667,-0.0228722921872792,0.016341087240007,0.0037626185436707
1569,"heggarty2024",-5.72201448271808,0.0332193549846298,-0.0537275701430421,-0.208697206507035
1570,"heggarty2024",-6.40309788786435,0.108957667242926,-0.0630638738328123,-0.0382554507180216
1571,"heggarty2024",-5.88343203846302,-0.112055699546635,-0.0773548310060522,-0.0466469246238012
1572,"heggarty2024",-6.31386473570178,-0.0984510474844011,-0.0591414804332487,-0.159268570897768
1573,"heggarty2024",-5.87952861094219,-0.192042085527549,0.0343785693754931,-0.0767818919269455
1574,"heggarty2024",-5.67482237378115,-0.00512158673708472,0.0503159147090341,-0.0848856951202746
1575,"heggarty2024",-5.98861474775804,-0.00234199152655705,-0.0080966740531123,-0.122898507323787
1576,"heggarty2024",-5.53683079616338,-0.0205722330949234,-0.0524537417393211,0.0262100638892033
1577,"heggarty2024",-6.09465290014897,-0.0210753300468879,-0.114165481265863,-0.107436926510305
1578,"heggarty2024",-5.85609896160756,-0.0184630822409691,-0.0458406465568125,-0.110163671712467
1579,"heggarty2024",-5.83814315907524,-0.0653122607543911,-0.0404722592868058,-0.0664774547797539
1580,"heggarty2024",-5.79489398104339,0.0783347932782187,-0.0790537324652364,-0.0209785801857848
1581,"heggarty2024",-5.82298879849144,-0.0764227037337632,-0.0992805983264198,-0.0278259729823453
1582,"heggarty2024",-6.11813877408073,-0.0536812425381826,0.0280569007519978,0.0414018641559247
1583,"heggarty2024",-5.79818620643845,0.0343315173495152,0.0123308730069747,-0.000372135249967596
1584,"heggarty2024",-6.0280964401194,-0.173742966411247,0.0766935412699086,-0.113020174900816
1585,"heggarty2024",-6.31970708364097,-0.0458825290818539,-0.0702179602615852,-0.0567329085454979
1586,"heggarty2024",-5.08489448946902,0.0518472003835227,-0.199457154073027,-0.189294743213059
1587,"heggarty2024",-6.02093055038468,-0.091299012012386,-0.107351003957276,-0.0623873786668645
1588,"heggarty2024",-5.65883026478014,-0.0467511232245254,0.0913132828319642,-0.0919622783045535
1589,"heggarty2024",-5.91363564476246,-0.188773582486747,-0.0243673815910017,-0.16299990282515
1590,"heggarty2024",-5.60864352481371,-0.098719651439243,-0.08789732304562,-0.198221443582762
1591,"heggarty2024",-6.24633143653108,0.0316128686500024,-0.00686235147085144,-0.192919772985836
1592,"heggarty2024",-6.1631533719969,0.0093172581140281,0.0718086618814113,-0.0122885587324609
1593,"heggarty2024",-6.3246565470141,-0.0376885047774548,-0.0416076378269865,-0.130810745747344
1594,"heggarty2024",-5.82114051290428,-0.014839332506414,0.0433825188511012,-0.0800121569913914
1595,"heggarty2024",-6.29049888040943,-0.0359770983372737,-0.0897413599133758,-0.195798090223944
1596,"heggarty2024",-5.52857272966317,-0.164547616892716,-0.0763084078210475,-0.243658394744812
1597,"heggarty2024",-6.1012926031934,0.0240358100689568,-0.0214705861525543,0.00715070197355228
1598,"heggarty2024",-5.89114306214766,-0.0879326283501948,-0.0636849717702783,-0.0756969302492234
1599,"heggarty2024",-5.26795324933538,-0.10056728629616,0.0035806206176363,-0.168974733939955
1600,"heggarty2024",-5.9928194674634,-0.0885408342611673,-0.0254543706111735,-0.149999122920177
1601,"heggarty2024",-5.71263777512939,-0.000177414151752243,-0.0260532877223872,-0.139940309652273
1602,"heggarty2024",-5.80635866961959,-0.191718539899017,-0.0350709622966628,-0.0451976184998013
1603,"heggarty2024",-5.70544832403437,0.0201194148828189,-0.0198514113911625,-0.133904996730309
1604,"heggarty2024",-5.73209207402969,0.0246553748838538,0.0514749164937328,-0.196864390908861
1605,"heggarty2024",-5.90506629747529,0.00716040707909392,-0.129144901562943,-0.102565343488138
1606,"heggarty2024",-5.79416204500133,-0.0455065399645536,0.0867228580966316,-0.0554561136025513
1607,"heggarty2024",-5.93619815235407,-0.0779300668848835,0.0277074221540927,-0.104384196676245
1608,"heggarty2024",-6.35189374171169,-0.20585723071003,0.0200371635414383,0.0898160637861371
1609,"heggarty2024",-5.55756519414473,0.130244078909712,0.00524885762841989,-0.0748449638876272
1610,"heggarty2024",-5.98215953974606,-0.0870296126018121,0.000292890167390644,-0.128313165195354
1611,"heggarty2024",-5.58359975295299,0.0540706485859836,0.0322205435703221,0.0485159959734682
1612,"heggarty2024",-6.62832987081163,-0.0385708584649689,-0.124617078368002,-0.156494036136399
1613,"heggarty2024",-5.76691527540649,-0.045431409892051,-0.0378968412741472,-0.125205373980908
1614,"heggarty2024",-5.30124706466831,-0.146650289206459,-0.0616542611902273,-0.0855229247200075
1615,"heggarty2024",-5.92669087211414,-0.0797046082403316,-0.00211972147893925,0.0298643261293478
1616,"heggarty2024",-6.00334626442008,0.00816086674229565,-0.0464454249631303,-0.124155031873782
1617,"heggarty2024",-5.91007404436831,-0.0558819095918088,0.0595802031538285,-0.0630673186339314
1618,"heggarty2024",-5.95848315582164,-0.101778451254251,-0.125740967952437,-0.155284629879707
1619,"heggarty2024",-5.8558415628535,-0.0573847367416464,-0.0392061458124236,0.062253022426334
1620,"heggarty2024",-6.00972194117308,-0.0699349759905705,-0.0738548993488213,-0.00900193695428354
1621,"heggarty2024",-6.0807208202683,-0.0747479225413199,-0.0623807088786425,0.049980947578624
1622,"heggarty2024",-5.75810180855633,-0.0590587890297147,-0.0456184357336504,-0.161585161647478
1623,"heggarty2024",-5.74804833616678,0.0391065680550025,0.0392131055603607,-0.197506186877771
1624,"heggarty2024",-6.15113299264942,-0.0801283420737545,0.0377837349659016,-0.145595534904669
1625,"heggarty2024",-6.09544038223749,0.041859537232571,-0.0724696639702651,-0.00153882910634281
1626,"heggarty2024",-6.02978750659073,-0.0161669471911243,0.0227045714444034,-0.0397940899812375
1627,"heggarty2024",-5.6654033539373,-0.0225333536763159,-0.051470341795545,-0.13076568293349
1628,"heggarty2024",-5.82855721987359,-0.079988866353416,-0.0543072056649722,-0.194706208587168
1629,"heggarty2024",-6.16439858677677,-0.0242250859122627,0.0188970880697568,0.0646332708017092
1630,"heggarty2024",-6.1305817596682,-0.0659393919316133,-0.0101275397062297,-0.0228189942034502
1631,"heggarty2024",-6.04585864806084,-0.0358554539075806,-0.0454871626012961,-0.0207344211513646
1632,"heggarty2024",-5.64666687903358,-0.175271170233684,-0.0835412607637457,-0.0888269815959442
1633,"heggarty2024",-5.90529556844174,0.0173681853232598,-0.0412838163185119,-0.0248753670063538
1634,"heggarty2024",-6.0829972782224,-0.110019355914024,-0.16621484014178,-0.180575535478259
1635,"heggarty2024",-5.79234700558191,-0.0406093898220477,0.0684125543071319,-0.0416157357377275
1636,"heggarty2024",-6.15944994285933,-0.0372645966575555,-0.0127837368731387,-0.0151159460816216
1637,"heggarty2024",-5.81750156866745,0.00107370226768071,-0.0888304088123784,-0.14699999673495
1638,"heggarty2024",-6.20137279534593,0.0492006020364293,-0.154248439771233,-0.146691937391094
1639,"heggarty2024",-6.03853785346525,-0.0339020991017641,-0.0307871412580312,-0.15379441201396
1640,"heggarty2024",-5.51918781456442,-0.188187083134618,0.0193503252210611,-0.0971889296507508
1641,"heggarty2024",-5.97843764201871,0.0563962872088698,0.00842921018791902,-0.116249823222269
1642,"heggarty2024",-6.15240931195941,-0.0557262146868138,-0.0601195610885079,-0.105250610560222
1643,"heggarty2024",-5.65102910839735,-0.0755830683114362,0.0338200092503495,-0.0312346445381688
1644,"heggarty2024",-5.51848978096232,-0.0447475523918279,-0.0819381076744004,-0.166257505709047
1645,"heggarty2024",-5.75936613433091,-0.160135012885495,0.0974912254543436,-0.0315991996851215
1646,"heggarty2024",-5.84193723773935,-0.0769582129711228,-0.0641391248663506,-0.293131945157458
1647,"heggarty2024",-6.3746198939163,-0.0307583343421815,-0.101326399553216,-0.0329154661395943
1648,"heggarty2024",-5.81929267921669,-0.0293857330954082,-0.196679368111038,-0.108846236096995
1649,"heggarty2024",-5.95674465178053,-0.0597168881805651,-0.029191294823009,0.01519226026674
1650,"heggarty2024",-5.74422451000998,-0.0807484973178018,-0.0256562916595529,-0.169113905199685
1651,"heggarty2024",-5.50901279195737,-0.0255630660988156,0.245683969787022,-0.176161912114315
1652,"heggarty2024",-5.72508573661574,-0.0198987611225448,-0.0289482858995547,-0.110192523184442
1653,"heggarty2024",-5.6808782577014,0.069496832493655,-0.100902239718452,-0.0835007822002216
1654,"heggarty2024",-5.6074238634387,-0.0106228842079288,-0.108546653670965,-0.0204068801542317
1655,"heggarty2024",-5.39981913363043,-0.12574371585059,0.0656554618441753,-0.0407724142776275
1656,"heggarty2024",-5.75000263262541,0.0506655404468287,0.0974582561630726,-0.0664482040468758
1657,"heggarty2024",-5.99077517671858,-0.0551549511772861,-0.0537879791451275,-0.130874475331443
1658,"heggarty2024",-5.88338492628045,-0.0803078088036897,-0.134368194604278,-0.0536093830689709
1659,"heggarty2024",-6.57135803120489,-0.0200858287271098,-0.079221412759378,-0.168779776141376
1660,"heggarty2024",-5.77977800740982,-0.231034688442905,0.0313455384520806,-0.242461537819725
1661,"heggarty2024",-5.89547671054947,-0.0255102991005457,-0.0797385646715389,-0.063077748251549
1662,"heggarty2024",-5.91330944793661,-0.0472680975557266,-0.0992669463783128,-0.130599731443285
1663,"heggarty2024",-5.94551450632828,-0.01668497591493,0.1576233444479,-0.122387176686959
1664,"heggarty2024",-5.8401092468777,-0.164312311346203,0.0406896053877244,-0.090051233055485
1665,"heggarty2024",-6.07150725771329,-0.109435409779908,0.0505030885486003,-0.064533563993331
1666,"heggarty2024",-5.78366993861038,0.00808527277624055,0.137445767020802,0.0635952282210452
1667,"heggarty2024",-6.04138417456683,0.0111620727000651,-0.0892729285510555,-0.0873407410554555
1668,"heggarty2024",-6.15493319445894,-0.184046140138299,-0.063371823809823,-0.16288547341465
1669,"heggarty2024",-5.33713630136351,-0.0345522774351099,0.0459073729579128,-0.0522309871898341
1670,"heggarty2024",-6.27344666150164,-0.00644785420542824,-0.157302604885762,-0.0806275342420816
1671,"heggarty2024",-6.74247795395226,-0.0868256172774881,-0.114356379715991,-0.0422395272730239
1672,"heggarty2024",-6.22954494781118,0.0393385277714192,-0.0529340187675645,0.0449471699611576
1673,"heggarty2024",-6.11649347033202,-0.226939349012639,0.0190578808674827,-0.0677760469544276
1674,"heggarty2024",-5.86668893311086,-0.187672040301108,0.0894989045554872,-0.135778340187983
1675,"heggarty2024",-5.74066296601371,-0.108395127886776,-0.094457108639153,-0.171980538073897
1676,"heggarty2024",-5.97969300544905,-0.096317795026356,-0.159524794084615,-0.126112761779386
1677,"heggarty2024",-6.20381056763512,0.0169620335443122,-0.0292076090787685,-0.0434174581522569
1678,"heggarty2024",-6.13883303228134,0.0874043646576068,0.0205144708216475,0.0251879285093053
1679,"heggarty2024",-6.19950176495436,0.0608430033001154,-0.114900464405667,0.107901448477118
1680,"heggarty2024",-6.01115423318897,0.0945061720538017,-0.038964048799623,-0.077048186122758
1681,"heggarty2024",-5.82249295505741,-0.0217294916575121,-0.0457726468446675,-0.0980618135442701
1682,"heggarty2024",-5.83695522979882,-0.0648985549285564,-0.0299687105793509,-0.178029152805235
1683,"heggarty2024",-5.84440612157607,-0.0311068726522931,-0.0964786373491827,-0.0393639704358908
1684,"heggarty2024",-5.87810060830185,-0.0083039414094902,-0.0922537728912844,-0.0432172269975534
1685,"heggarty2024",-5.13388724356214,-0.094072418310685,-0.0116622749770073,0.00575521760896175
1686,"heggarty2024",-6.09452596102064,-0.00209347993838017,-0.0411230566642734,-0.301555378198688
1687,"heggarty2024",-6.04755331748917,-0.0422212989852726,0.000908431946755779,-0.16840270733112
1688,"heggarty2024",-5.82502612986033,-0.105686276471432,-0.0692334417525457,-0.136598056402214
1689,"heggarty2024",-5.95391336084653,0.0726679645366271,0.0357475699021948,0.0230255980645642
1690,"heggarty2024",-5.6632805491623,-0.012723194161979,0.0217063053861073,-0.0818194668320009
1691,"heggarty2024",-5.93829776380661,0.111616397476834,-0.0327869898817348,0.0902669634272501
1692,"heggarty2024",-5.97842337690745,-0.0156440349245318,-0.0135445887138687,-0.113399063967001
1693,"heggarty2024",-5.62706481234665,0.00126870839401771,0.0962793863792353,-0.123091735561185
1694,"heggarty2024",-5.8876731088124,-0.0116512796215261,-0.0046334187178145,0.0250745720221665
1695,"heggarty2024",-6.074498486481,-0.106865055645739,-0.0156866700252274,-0.156818359268329
1696,"heggarty2024",-6.01802474952356,-0.0832821510897548,-0.026728019923022,-0.0403559055865111
1697,"heggarty2024",-5.74725678141869,0.0195927858387417,0.0754744911957704,0.00393554177022615
1698,"heggarty2024",-5.87247466545591,0.0180735971984522,-0.149493224086518,-0.0482838893733159
1699,"heggarty2024",-5.9048936593339,-0.110857095475181,0.0871137938514097,-0.0495250422172376
1700,"heggarty2024",-6.27443307257291,0.046242237623443,-0.0468979150019534,-0.178159789362259
1701,"heggarty2024",-6.32343344260122,0.00089499092812578,0.00790917808702029,-0.0745729577011278
1702,"heggarty2024",-5.86858921743775,-0.0521134474313513,0.015492983562281,-0.211024675435487
1703,"heggarty2024",-5.76356403729859,0.0580730788414737,0.0206573466888873,-0.193361760913228
1704,"heggarty2024",-5.87647436093331,-0.258098009157363,0.201247376754622,-0.0227552564049633
1705,"heggarty2024",-6.0387530926392,-0.0288625802590197,-0.146024900585493,-0.0884462136818136
1706,"heggarty2024",-5.71609033599901,0.0208044366624746,-0.0429819963067851,0.03688819737988
1707,"heggarty2024",-5.68939698852311,-0.0315767624678368,0.0567198124840023,0.0509282536626948
1708,"heggarty2024",-5.94713279198063,-0.0306961726983985,-0.157024011722434,-0.00157303943020894
1709,"heggarty2024",-5.70341256762928,-0.0311834703858223,0.0806707030730856,0.0143383387523527
1710,"heggarty2024",-6.36905760104056,-0.00210641267306692,-0.0725058900823912,-0.0271838272473183
1711,"heggarty2024",-5.90271781510535,-0.0892108824096891,-0.115286519141844,-0.196865549235335
1712,"heggarty2024",-5.8580597652994,-0.177111226811556,-0.0849858092255641,-0.0549177413646097
1713,"heggarty2024",-5.93208137565105,0.0655223375159655,-0.0136216581891817,-0.244981303620533
1714,"heggarty2024",-6.01572727417875,-0.0374073833038133,-0.0359037120084138,0.00627165018703428
1715,"heggarty2024",-5.79921208256183,-0.104631677365975,-0.126469570081107,-0.123000402612499
1716,"heggarty2024",-6.05724380632051,-0.000340349067827117,-0.0813942657350984,-0.144930534637325
1717,"heggarty2024",-5.64396289083384,-0.0733190417370653,0.0595129188685013,-0.0624635484818507
1718,"heggarty2024",-5.75673972469847,-0.0473778060376685,0.029530235554658,-0.0890016261164349
1719,"heggarty2024",-5.73443209250321,-0.0960565505700006,0.0953139204841347,-0.0449691589582013
1720,"heggarty2024",-6.13078337471901,0.0586181617124987,-0.0634339635794105,-0.158077267843663
1721,"heggarty2024",-5.7361044199605,-0.0921069865640107,-0.0559434273852286,-0.274288737583669
1722,"heggarty2024",-6.11665845361798,0.0162673994200185,-0.0291505771794286,-0.0815589127677119
1723,"heggarty2024",-5.73296720451707,-0.141902261937651,0.0787231827280175,-0.00550840422546394
1724,"heggarty2024",-7.03200435411666,-0.22329235211798,0.0651213142730369,0.206265294614198
1725,"heggarty2024",-5.59883540771106,0.0182329425434313,-0.144337663820324,-0.0981007140927112
1726,"heggarty2024",-6.01560725181191,-0.0774783363165461,-0.0304626757012524,-0.0519021546860804
1727,"heggarty2024",-6.05808931151376,-0.0638981727950006,-0.0770877153625265,-0.202015776924315
1728,"heggarty2024",-5.68452241403123,-0.0012015607764397,0.051069165579513,-0.153772178120251
1729,"heggarty2024",-5.95044467234986,0.0350848522394931,-0.0293747095845103,-0.124835784016513
1730,"heggarty2024",-6.20080210701975,-0.0753161119301276,0.153891799649911,0.0578485224324614
1731,"heggarty2024",-5.6134138061593,-0.0752496412588297,-0.00217746046879688,-0.10042992841917
1732,"heggarty2024",-6.2184157975476,-0.0634012733712906,0.0125543249625804,0.0775776369291509
1733,"heggarty2024",-5.84975359683676,-0.0557565388438931,-0.0515628139357937,-0.241573911745698
1734,"heggarty2024",-5.72063353101615,-0.0578910843510288,-0.018691818321621,-0.0113430372071122
1735,"heggarty2024",-5.90188575155485,-0.0350312470410688,0.0402705917555738,-0.0282383188795812
1736,"heggarty2024",-5.75658100727877,0.0356516135509713,0.00479707520969476,-0.145165607627106
1737,"heggarty2024",-5.35168750832473,0.0899917661180251,-0.240527909814541,-0.117688161153177
1738,"heggarty2024",-5.95704625706511,-0.0520976177593168,0.0469906778269753,-0.0655379346541143
1739,"heggarty2024",-5.948756696134,-0.038821013341965,-0.0754089942706238,-0.0819183570782979
1740,"heggarty2024",-6.2955345045057,-0.0889459364383093,0.0604132975839201,0.00758588256092056
1741,"heggarty2024",-5.90192145456509,-0.00696461209997905,0.0699504450383972,-0.252816891824946
1742,"heggarty2024",-5.55938685454821,-0.134144407806336,0.0290434137553343,-0.177461012626445
1743,"heggarty2024",-5.86097024414419,-0.036044340535874,-0.109607081181708,-0.162270327689061
1744,"heggarty2024",-6.48529243025895,-0.0947152388566334,0.0134237515128283,-0.0296938981861452
1745,"heggarty2024",-5.67146338819693,0.0970867910067668,-0.113264885786488,-0.085433445362879
1746,"heggarty2024",-5.7927415387786,-0.00279027799517593,-0.171778354561295,-0.13813516417257
1747,"heggarty2024",-5.82043250615729,0.0158828323510592,-0.0198079768359703,-0.18152292678399
1748,"heggarty2024",-5.61781187261216,-0.0990852085392305,0.0992868604405243,-0.198744769490987
1749,"heggarty2024",-5.81781908607521,-0.000904878379383509,0.0786479266647142,-0.144961566758428
1750,"heggarty2024",-6.00352010820052,0.0433085527497844,-0.0454216476970614,-0.121786888325287
1751,"heggarty2024",-5.68320740227661,0.103426040148089,0.152295656757707,0.0461825407967075
1752,"heggarty2024",-6.52874016504381,0.016833705876995,-0.107545117303462,-0.0800605183750704
1753,"heggarty2024",-5.81112154794877,-0.0236061687310657,0.0443390209847577,-0.0937241272741234
1754,"heggarty2024",-5.67647304448641,0.00654098798409615,0.0048015541932333,-0.0931191912413425
1755,"heggarty2024",-6.31602041459888,-0.0305894377530636,0.0227485156262578,-0.128011842701062
1756,"heggarty2024",-6.16454291512558,0.0409735169495636,-0.0757311828139085,-0.10310969518295
1757,"heggarty2024",-6.14220629196156,0.0112434193665757,-0.152356712964692,-0.147685751361402
1758,"heggarty2024",-6.03945748402498,-0.0312662262549494,-0.0590261485478748,-0.0707810093099548
1759,"heggarty2024",-5.77637586542847,-0.06008478082526,-0.0059428407151079,-0.0817588420765724
1760,"heggarty2024",-5.91602085100389,-0.15488430417751,0.0803679035319758,-0.141583243351408
1761,"heggarty2024",-5.93374102449079,-0.044087325487964,-0.0713724226251134,-0.120351774644484
1762,"heggarty2024",-6.26354520302535,-0.180863187697876,0.138106691730692,-0.124017358018849
1763,"heggarty2024",-5.23588796120311,-0.105710946571175,-0.0466804884673327,-0.203317570375711
1764,"heggarty2024",-5.82190855237821,0.000514464045500505,-0.0777475543452055,-0.116402092771763
1765,"heggarty2024",-5.45704617216572,-0.0626812514468737,-0.0751737718880594,-0.0571379843098577
1766,"heggarty2024",-6.41803519232421,-0.0876982901220195,-0.0900018811146937,-0.0893594475009249
1767,"heggarty2024",-6.12462855883997,-0.245206126016938,0.0968822390677351,-0.145247866501151
1768,"heggarty2024",-5.80275525414026,0.0193873865537449,-0.11510008891852,-0.0585465224595686
1769,"heggarty2024",-5.88384600969461,-0.080135687006941,0.125079351525037,-0.101983036986814
1770,"heggarty2024",-5.90116959222857,0.0435643704151458,0.00213729863787314,-0.108646606058059
1771,"heggarty2024",-6.16651099969126,-0.00186276299480022,0.0682566535854072,-0.0367846604801881
1772,"heggarty2024",-6.07421711533204,-0.0372904656406522,-0.0314578007825842,-0.102176814536497
1773,"heggarty2024",-5.8409978382492,0.0529573542431919,0.0735434133137392,0.020225927168917
1774,"heggarty2024",-5.97513624111252,-0.120572285866043,-0.0429853021229075,-0.127126719660377
1775,"heggarty2024",-5.89813502418459,-0.125481928004705,0.110642642437762,-0.120240046353908
1776,"heggarty2024",-5.96444171734881,-0.0519679579930013,-0.0670054833565267,-0.0134614462055272
1777,"heggarty2024",-5.48242725010302,-0.0383919969581552,0.164334647548553,0.0424864992679388
1778,"heggarty2024",-6.47028920494539,-0.140891797910572,0.0382650943533602,-0.0644942873757259
1779,"heggarty2024",-5.83514971274921,0.0583097828475866,-0.0497247970230446,-0.0251268650350697
1780,"heggarty2024",-5.90864020858189,0.0458779326561653,-0.00880927090367505,-0.0479568333807355
1781,"heggarty2024",-5.54519183894543,-0.0113153641142123,-0.153968927773386,-0.202151078278628
1782,"heggarty2024",-6.21142054837641,-0.0197479847217013,-0.174702524264948,-0.127200583189648
1783,"heggarty2024",-6.44585205436689,-0.0432609893447434,0.0725611947378625,-0.1237935450422
1784,"heggarty2024",-6.38029920550086,0.0201810904665813,-0.0498279256916425,-0.0861266864245261
1785,"heggarty2024",-5.46686344462632,-0.00811597374747111,0.00541124011284841,-0.0588650805355695
1786,"heggarty2024",-5.94872511398666,-0.132604563149484,-0.027784982110226,-0.0656739385773423
1787,"heggarty2024",-6.13608955514629,-0.138681149964088,0.0103671198795947,0.0133273184236114
1788,"heggarty2024",-5.6570736877375,-0.12070270197541,0.064136567383513,-0.165867775250589
1789,"heggarty2024",-6.03477407882418,-0.052259841558457,0.0340830780574844,-0.0381799986843063
1790,"heggarty2024",-6.18473437385403,-0.0295569615575553,0.128477527826069,-0.180799373560915
1791,"heggarty2024",-6.46676448215929,-0.0575279242138599,0.0284300335478556,-0.000363458812181991
1792,"heggarty2024",-5.93210211807525,0.0561376739002695,-0.050918950855189,-0.226959974711599
1793,"heggarty2024",-6.17823015083818,-0.0959967488263547,-0.0721556095745172,-0.147072457625182
1794,"heggarty2024",-5.86289188819483,0.0301746114664223,-0.106625803608248,-0.172466378203175
1795,"heggarty2024",-5.59453542251443,0.0808205620441914,-0.0824519040974093,0.111439396266319
1796,"heggarty2024",-5.82596036112881,-0.0569864693045143,0.050084648208613,-0.110022334170898
1797,"heggarty2024",-5.76136657319698,0.038107122529014,-0.092051042955484,-0.113134115914716
1798,"heggarty2024",-5.62973176124133,-0.0331988197010864,0.0032029822928715,-0.0478799427248846
1799,"heggarty2024",-6.03784893792386,0.0103099663901094,0.0684076453732571,-0.0995153457830315
1800,"heggarty2024",-5.72235006415821,-0.0169221521548202,0.00351732098549757,-0.206620299316322
1801,"heggarty2024",-6.33794726591995,0.0364978091320614,0.00113253981173438,-0.052990628299362
1802,"heggarty2024",-6.41991040553712,-0.204869751214566,-0.0804507790410588,-0.0607362101761127
1803,"heggarty2024",-5.84412395685112,-0.0307704508938784,-0.0310092835021586,-0.144945192259381
1804,"heggarty2024",-5.84089180200346,-0.00565123918256,-0.0125961923982685,-0.0949099586508443
1805,"heggarty2024",-5.6084870039696,-0.0491290874188275,0.100637113399227,-0.00453559731141279
1806,"heggarty2024",-5.86703881487323,-0.0955325158467587,0.0183211186787519,-0.00415195845047444
1807,"heggarty2024",-5.98948146249492,0.00570480044010373,-0.0327867147887351,-0.0259196536841288
1808,"heggarty2024",-6.24103734628701,-0.0395876168138976,-0.0286955810331126,-0.105762335960661
1809,"heggarty2024",-5.56589037279632,0.124581641017768,-0.0730424287546551,0.032486549125051
1810,"heggarty2024",-5.7528699699927,-0.0427490384654367,-0.0406875539430525,-0.0741187752025697
1811,"heggarty2024",-5.88446569356976,0.0415542917856968,-0.0121383448056277,-0.0302192242044488
1812,"heggarty2024",-5.77903515159457,0.0681782576530239,-0.124758095098135,-0.121905680040601
1813,"heggarty2024",-5.89711511895005,-0.0905010669156111,-0.00488413491614787,0.00466368334986843
1814,"heggarty2024",-5.82004516924071,0.218597061773513,-0.193357092064302,-0.244348394959168
1815,"heggarty2024",-5.90562192419241,-0.0120482047981351,-0.0941922701265973,-0.0978852734863404
1816,"heggarty2024",-6.09163988054958,-0.028990822342156,-0.116754905622898,-0.101956277306865
1817,"heggarty2024",-5.68219759905093,0.0123581713477445,-0.134292157940598,-0.133245765649022
1818,"heggarty2024",-6.05937214933757,0.106898017883335,-0.173461283523596,0.0891118271066037
1819,"heggarty2024",-6.19952709044877,-0.0660259645962492,0.0819556663035394,0.0631992022424919
1820,"heggarty2024",-5.84792183729135,0.0426035702448175,-0.0401986611088303,-0.0495392738294139
1821,"heggarty2024",-5.98182322871878,0.0534261210296207,-0.00369916980971432,-0.046048220742796
1822,"heggarty2024",-5.75996901215431,0.0580182972661143,-0.136471671471657,-0.280639442367298
1823,"heggarty2024",-5.50999146220186,0.053901830938722,-0.219516150832515,-0.159900721699811
1824,"heggarty2024",-6.56902950021,-0.173885911004719,-0.0403118844782638,-0.013397433902562
1825,"heggarty2024",-5.96448868542598,0.0502809689549272,-0.0432364179304443,0.0515927146084505
1826,"heggarty2024",-5.94692090532921,-0.168616651892595,0.0350558271029822,-0.0638995315426241
1827,"heggarty2024",-5.69943655331095,-0.145719712637314,0.0339201108934695,-0.140881061949302
1828,"heggarty2024",-5.80555970507384,0.155694877901142,-0.0397301014308512,-0.0798118868785639
1829,"heggarty2024",-5.89801394713976,0.0988635794440749,-0.0285033457898673,-0.215700151157851
1830,"heggarty2024",-6.60065463183054,-0.0173983639285789,0.0197408908498661,-0.19125685257269
1831,"heggarty2024",-6.39915008321657,-0.135144933670028,-0.0401330103472114,-0.0863481693568075
1832,"heggarty2024",-5.33165759045133,-0.173177073215163,-0.119526664933607,-0.211122521911691
1833,"heggarty2024",-5.93771418320853,-0.0786567094128224,-0.053922502826431,-0.203645798049943
1834,"heggarty2024",-6.15335583783298,-0.152702000681257,-0.0252969196727267,0.0308968507306727
1835,"heggarty2024",-5.70859811611236,0.0122327539305031,-0.126363489958647,-0.079126236058928
1836,"heggarty2024",-6.05656730115236,-0.0539708940291493,0.00850006599316275,-0.039569329635491
1837,"heggarty2024",-6.50411231457063,-0.0707762030738877,-0.0865720821778877,-0.0197428132040532
1838,"heggarty2024",-5.78562087927957,-0.0804861922263368,0.161280617126094,-0.0567387191542641
1839,"heggarty2024",-5.96879253085023,0.0627712904558881,-0.0509530496591865,-0.139477484843614
1840,"heggarty2024",-5.71820641170057,-0.0873023215090048,0.0420104922225284,-0.0423448309061009
1841,"heggarty2024",-5.95332427884033,-0.0241044434543092,0.156400815922718,0.0307682396011306
1842,"heggarty2024",-5.87566424361904,-0.0445639123901743,-0.0797236650894187,-0.194417783601774
1843,"heggarty2024",-5.68280186484928,-0.133732059440904,-0.0761792693563127,-0.0831077549869481
1844,"heggarty2024",-6.01482771848285,-0.0304516343774702,0.0471771244533169,-0.162013063624123
1845,"heggarty2024",-5.87601337134943,-0.0825994210540942,0.0259997057060812,0.00165628869047477
1846,"heggarty2024",-5.7603755412909,-0.125480450309283,-0.113157031918117,0.0258152487156946
1847,"heggarty2024",-5.76459907205305,-0.0314436158268499,-0.0430093189793045,-0.103281410459508
1848,"heggarty2024",-5.93150622182403,-0.209519009783065,-0.113362976164201,-0.0671836194911737
1849,"heggarty2024",-5.73001952903221,0.0108412992485185,-0.0451601410493999,-0.305490852975934
1850,"heggarty2024",-5.70959656285658,0.0160400290906016,-0.0196777677228221,-0.103928193825853
1851,"heggarty2024",-5.74928783048007,-0.111419475692916,0.109712763165158,-0.031811218755545
1852,"heggarty2024",-6.71368495292361,-0.145840330376888,-0.0483896016976224,-0.0631765570632364
1853,"heggarty2024",-6.00906244025523,0.0854504804794149,-0.0774469861892031,-0.133147096841272
1854,"heggarty2024",-5.81884794137842,0.00618508670851456,-0.00720689579205377,-0.0693079751108943
1855,"heggarty2024",-5.79213894803073,-0.018534995111231,-0.0265478561894419,-0.0488626306070574
1856,"heggarty2024",-6.23229110075837,-0.103483646457623,0.0330111423711451,-0.0139083797886658
1857,"heggarty2024",-5.94045789748305,0.0811980038161195,-0.0807137669122838,-0.144881826656458
1858,"heggarty2024",-5.99114783370003,0.0180192471316159,-0.0814662304205188,-0.089649575122127
1859,"heggarty2024",-6.0909572032693,-0.11167325224774,0.00760954808646896,-0.0788561211077238
1860,"heggarty2024",-5.85586530557562,-0.181941610669042,0.105298346420853,-0.215575465328019
1861,"heggarty2024",-5.71946074971146,-0.0370915048571613,-0.0755571509503915,-0.233570602714309
1862,"heggarty2024",-5.92290056463521,-0.0463674980934197,0.0156816872864899,0.0251296910309845
1863,"heggarty2024",-5.88363150930363,-0.0673194826585032,-0.0798135447468937,-0.0952085171870272
1864,"heggarty2024",-5.54742281778046,0.00206161505664775,-0.135943971865405,-0.124406896191543
1865,"heggarty2024",-5.81235784394454,0.0893390021771423,-0.0106122202060393,-0.0633779577987748
1866,"heggarty2024",-5.95672678153953,0.0157761767544187,0.0618927045288218,-0.0247575038440315
1867,"heggarty2024",-6.27515916907792,-0.0422396066422556,0.133213029281893,-0.135650159853505
1868,"heggarty2024",-6.05494391582543,-0.00559810775033162,0.00816333671962437,-0.102563954185338
1869,"heggarty2024",-6.22929613251564,-0.0135964983572989,0.00734531026143862,0.0681202544684291
1870,"heggarty2024",-6.51112747994537,-0.085228836915077,-0.0279942594691753,-0.06117570678136
1871,"heggarty2024",-6.14984223224221,0.0260294823495969,0.0128189260496314,-0.199325344137345
1872,"heggarty2024",-5.73420790849389,-0.0755854643185395,0.00107067442750116,-0.084988141448134
1873,"heggarty2024",-6.57578652258742,0.0713408505466056,-0.0605594473618135,0.0146147243872286
1874,"heggarty2024",-5.57698299647902,-0.106513425759295,0.0208751038897942,-0.0338599279212106
1875,"heggarty2024",-6.10474073850039,0.0401759898946845,-0.0812148804805752,-0.218620589392275
1876,"heggarty2024",-5.81758631144237,-0.109132190516885,-0.161459801141313,-0.045340435666751
1877,"heggarty2024",-5.60163987870944,0.0537470630917669,-0.107266773118833,-0.20710483954875
1878,"heggarty2024",-6.13236233346647,0.0664332119369878,-0.0302124865457756,-0.119773057259526
1879,"heggarty2024",-6.01261827202307,0.0376255804043962,0.0768366064753651,-0.0223421231854926
1880,"heggarty2024",-5.84492021426369,0.085625163101828,0.0743745635604969,-0.0586776888811631
1881,"heggarty2024",-5.66840518624479,0.0895722426609755,0.0663124682525804,-0.124845678825318
1882,"heggarty2024",-5.79091153564244,-0.12171077732691,-0.013943123962988,-0.00827278207243417
1883,"heggarty2024",-5.68994418325465,-0.0813636153294454,-0.110803604579486,-0.229427736792418
1884,"heggarty2024",-5.96063279312005,-0.042402586370696,0.0243042595104843,0.00671802284573518
1885,"heggarty2024",-5.87943405156505,0.0237482053565428,-0.0744977946927516,-0.142435214643101
1886,"heggarty2024",-6.37634318869015,-0.120337642011469,0.0756607432853943,-0.130235696890292
1887,"heggarty2024",-5.74565967297477,-0.0323798759184137,-0.0419765731034354,-0.151711667714406
1888,"heggarty2024",-5.812154549277,-0.100300123483413,-0.0309543093368128,-0.137247515792152
1889,"heggarty2024",-5.75941857011871,-0.00370219398426912,0.0511098160084122,0.0478903982629403
1890,"heggarty2024",-6.22505244326435,0.0150092410414643,-0.1239698952117,-0.111226048956794
1891,"heggarty2024",-5.87608325535532,-0.0369845691126803,0.144669913331804,-0.0722740256748901
1892,"heggarty2024",-5.95425066949896,-0.0646372732706764,-0.0778223875130253,-0.0799284407578556
1893,"heggarty2024",-6.20691314769398,0.00685057608707016,-0.00488189476451441,-0.0942162767301563
1894,"heggarty2024",-6.12806190066019,-0.0726201113565528,-0.0632561166010062,-0.0570126896301102
1895,"heggarty2024",-5.638585705236,0.0183361347043082,-0.118067551892744,-0.21762467937337
1896,"heggarty2024",-5.99016831345411,-0.101297626546212,-0.0214298135129292,-0.172536450529696
1897,"heggarty2024",-5.81056096168603,-0.0270451854149157,-0.0538955189577297,-0.116618662565754
1898,"heggarty2024",-5.66156243450121,-0.0919014588500912,-0.12337901353292,-0.0068705478930476
1899,"heggarty2024",-5.79561613935376,-0.0443373705884983,0.0151580591332267,-0.0461697668786296
1900,"heggarty2024",-5.89225063595801,-0.0181332471823273,-0.129955447694187,-0.0326544204246796
1901,"heggarty2024",-5.87512472573128,0.0219115219937937,0.0228378806672314,0.0717111312104237
1902,"heggarty2024",-5.77031108197664,-0.064944541854158,0.0268968966798368,-0.00154066279720684
1903,"heggarty2024",-6.00435262845518,-0.0880878894355282,-0.192564003076675,-0.100916832377564
1904,"heggarty2024",-5.65982700613273,-0.179923121590875,0.084327696988976,-0.10635455545143
1905,"heggarty2024",-6.00343920432968,0.123216828867187,0.0863182004116287,-0.0582382469573937
1906,"heggarty2024",-6.11776012717453,0.0740898144465623,-0.181720639850339,0.00598349117847036
1907,"heggarty2024",-6.09836996151404,0.00740517537030021,-0.138951594505263,-0.0912056939261021
1908,"heggarty2024",-5.9999094444132,-0.136796865216545,-0.105079926095413,-0.0848303999188963
1909,"heggarty2024",-5.58692325041028,-0.112716404111605,-0.0614034850594865,0.0247799907637599
1910,"heggarty2024",-5.80235294235593,0.0215376836207857,0.0400508654667671,0.0271213437146752
1911,"heggarty2024",-6.08212671277575,-0.0102649179493977,-0.074417353722056,-0.0790383679821321
1912,"heggarty2024",-6.15390468652185,0.0383021251988201,0.189270657525079,-0.0332647137740719
1913,"heggarty2024",-5.79348053171275,0.00833578804726649,0.0795803681797114,-0.0436581245239933
1914,"heggarty2024",-6.07964927540334,0.0190219339229044,-0.0221641399571148,-0.0980519535310673
1915,"heggarty2024",-5.63969885542009,-0.128616020933319,-0.0657241971735007,-0.284904976058726
1916,"heggarty2024",-5.98514132097281,-0.121258532791658,-0.0209911454725724,-0.262811129495539
1917,"heggarty2024",-5.92500297157243,-0.0448844635422101,-0.0120588912768658,0.0114868320970911
1918,"heggarty2024",-5.84114178621467,-0.22680405303171,-0.0967846733387457,-0.0620982524772848
1919,"heggarty2024",-6.02672540574887,-0.137954895706273,-0.160199290169961,0.0155300163660859
1920,"heggarty2024",-5.55625079012467,0.0984480766578246,0.0511163396832231,0.0564332761011787
1921,"heggarty2024",-5.71632629743949,-0.0767806198223555,0.0269472923710118,-0.0510098472404229
1922,"heggarty2024",-5.90540932701784,0.00405726158494762,-0.0444055651853104,0.0145273023317542
1923,"heggarty2024",-5.91723816694755,0.0331842184102002,-0.136342003040136,-0.103978787660366
1924,"heggarty2024",-5.88871077490563,0.0693182429195514,-0.059753597747583,0.0268073692987191
1925,"heggarty2024",-6.3503568779214,-0.05003453712628,-0.0512695730060174,-0.067149380022069
1926,"heggarty2024",-5.89660513413394,-0.0787479564380061,-0.0536760510687333,-0.115557819014106
1927,"heggarty2024",-5.74643269965135,-0.0579347859145552,-0.0451290716602022,-0.128502796394835
1928,"heggarty2024",-5.72334384191555,-0.0595551058946596,0.0630339751281363,-0.0419981099460208
1929,"heggarty2024",-5.64046180939199,-0.0455925213469805,0.0341745883909659,-0.00198886983110092
1930,"heggarty2024",-6.085412822082,0.0506989629508615,-0.100035402602626,0.0701631465465961
1931,"heggarty2024",-6.18589464953548,0.000772440592531089,-0.0722333659311719,-0.143875769205519
1932,"heggarty2024",-6.00111747969886,-0.0190087804687823,-0.0335052086858054,-0.0414730719633439
1933,"heggarty2024",-5.86800424224081,-0.135081881427312,-0.0284533451954845,-0.102804912616491
1934,"heggarty2024",-5.91267949677402,-0.0512465942214824,0.0890236827279507,-0.0247660546513578
1935,"heggarty2024",-5.83634925243048,-0.0574519399179294,-0.0368685010662143,-0.0950692195746692
1936,"heggarty2024",-5.83002134728013,-0.0612162756892018,0.0601635185965923,-0.0884197822795819
1937,"heggarty2024",-6.06080888053351,-0.0371318115437858,0.122597666338795,0.00604092989483303
1938,"heggarty2024",-6.11463081258824,-0.17881909959848,-0.00706084021514464,-0.125495340493305
1939,"heggarty2024",-6.53465467514973,-0.0836662446430723,0.0783499350716189,-0.127882782768562
1940,"heggarty2024",-5.98810142793595,0.0469950763895422,-0.0387274271784871,0.0195723128035254
1941,"heggarty2024",-5.96279933509338,-0.0874170779824388,0.148703383068272,-0.0985081947188642
1942,"heggarty2024",-5.85897221503596,0.029760580057201,0.026195568414907,-0.0249910516061185
1943,"heggarty2024",-6.60775292108226,-0.111650920348433,-0.0437163725492527,-0.0975012359203132
1944,"heggarty2024",-6.35412452537087,-0.0514667059168415,0.17900234882284,-0.152542659913227
1945,"heggarty2024",-5.72571801382207,-0.00202668803000745,-0.0748464213133884,-0.150176068317836
1946,"heggarty2024",-5.95046106809227,-0.0664878632033519,-0.0583431552958782,0.0136319973285639
1947,"heggarty2024",-5.50441666505724,-0.0603834732217121,0.0887540856085081,0.0523899634795761
1948,"heggarty2024",-5.82190649372191,-0.0887905803960829,0.0284810031651105,-0.0460145298299889
1949,"heggarty2024",-6.49404683456995,-0.103896762360016,-0.168360833566002,0.0567457065851125
1950,"heggarty2024",-5.85062248314665,-0.0348635127838021,-0.149562322601574,-0.212368883831339
1951,"heggarty2024",-5.74433083016498,-0.0289806110752123,0.0600614848234579,-0.0191124690824261
1952,"heggarty2024",-5.44202356738711,-0.161732617979797,0.106929045109299,-0.121127967740029
1953,"heggarty2024",-5.81822696714435,-0.0855828864345927,0.0201822488773366,-0.0461415015866327
1954,"heggarty2024",-5.64507791585984,0.0464721044344512,-0.0403490599752368,-0.0332837653637762
1955,"heggarty2024",-6.07450336906073,-0.061590365047561,0.0256076461287682,-0.00150604751312787
1956,"heggarty2024",-5.99434798632154,-0.141253777197658,0.0594345334662258,-0.0710312394148223
1957,"heggarty2024",-5.26278120034696,0.0336298920096793,0.133675409552068,-0.00663581788098068
1958,"heggarty2024",-5.62721647677665,-0.200932802660265,-0.0720203949783154,-0.107577953577811
1959,"heggarty2024",-6.33695683330145,0.0647116498236907,0.0230935643029085,-0.00593564235265089
1960,"heggarty2024",-6.23754093804418,-0.0853386089842788,-0.0356304467077532,0.0356112513326031
1961,"heggarty2024",-6.20982817328009,-0.0167953682328759,0.00792193049031248,0.0150535093285551
1962,"heggarty2024",-6.27765338440377,-0.0202193362432764,-0.0063258136289484,-0.113939942711526
1963,"heggarty2024",-5.76406609222135,-0.0853276856751306,-0.00520303716946031,-0.0391820627357934
1964,"heggarty2024",-5.89030186643208,-0.0465608349998647,-0.101993070064615,-0.189365003653459
1965,"heggarty2024",-5.86876103661091,0.128849737068212,0.0202615120126676,-0.0592680193784893
1966,"heggarty2024",-5.89447665101007,0.00134212846319913,-0.0807314818271865,-0.0299993854924598
1967,"heggarty2024",-5.83519729525056,0.0642180038717581,0.0468464179356066,0.0521533169878315
1968,"heggarty2024",-5.98509329477078,-0.0797647764164647,0.19418833733258,-0.0548524232281429
1969,"heggarty2024",-5.85365181277374,-0.112121378826602,0.0388944407573832,-0.23043080169603
1970,"heggarty2024",-5.80052164963614,0.0575902157685407,-0.0339847702612658,-0.135001876843697
1971,"heggarty2024",-5.83117201584169,-0.00401114972956715,0.0815930336007028,-0.0618455157096071
1972,"heggarty2024",-5.81741332185259,-0.143385635138417,-0.111348406832428,-0.0676503080411232
1973,"heggarty2024",-5.79996159598453,0.00578977663767867,-0.0636479361783883,-0.104769123212555
1974,"heggarty2024",-5.91568685163876,-0.0198572646137023,-0.0686291868588134,-0.0874107685372792
1975,"heggarty2024",-5.82948281851549,-0.0293487503371405,0.00319679571613321,0.0202631305625773
1976,"heggarty2024",-6.25409908344971,-0.0557134565065265,-0.0187592497770581,-0.186125936889807
1977,"heggarty2024",-6.1055920426426,-0.0995810910355877,-0.0315059384419127,-0.0825739367617739
1978,"heggarty2024",-5.88163465417876,0.0801680133082163,0.0513611825923713,0.00417543077428365
1979,"heggarty2024",-6.21378030729827,-0.129114985979531,-0.0291164432243041,-0.136786713806123
1980,"heggarty2024",-6.44717424232199,-0.0667640180823428,-0.0648574724663507,-0.268436580448001
1981,"heggarty2024",-5.77246300098694,-0.0180586821194014,0.00546458651381185,-0.263984385877789
1982,"heggarty2024",-5.78901248843554,-0.0628589842617324,-0.0237337349978109,-0.0791438009765547
1983,"heggarty2024",-5.88995775904987,0.024750970276445,-0.0544359074862944,-0.106634112959092
1984,"heggarty2024",-6.55907576328543,-0.113777100204482,-0.0478672722052362,-0.11006278353828
1985,"heggarty2024",-6.02454469873058,0.11029036447363,-0.0068496284331724,-0.0713709301063175
1986,"heggarty2024",-6.31944775781939,0.0201843061364651,0.0637561225515257,-0.0654174981153765
1987,"heggarty2024",-6.6827923975804,0.0112880794080456,-0.0124722400439904,-0.123646523386635
1988,"heggarty2024",-5.76742630644674,-0.128675265993297,-0.0165659963325404,-0.021502727803328
1989,"heggarty2024",-5.82491851559592,0.0166669961312169,0.00678416541279225,-0.09870495083699
1990,"heggarty2024",-5.9863021036312,-0.0559903972008102,0.041676474558964,-0.138962203973346
1991,"heggarty2024",-5.34655503303301,0.00827987129560639,0.00983073753176993,-0.134297073394198
1992,"heggarty2024",-6.14220372811347,0.0331874047808921,-0.0817182537590004,-0.177309718054859
1993,"heggarty2024",-6.12737401288838,0.113826805947654,-0.0794923387502625,-0.0678617845535122
1994,"heggarty2024",-5.72024199940725,0.00817389239134674,-0.197830775266233,-0.260239162385603
1995,"heggarty2024",-5.73093617578269,0.0219381642321642,-0.10803648048689,-0.0107480540305257
1996,"heggarty2024",-5.65333165780504,0.0560705468543432,-0.0508188363130374,-0.144651800360988
1997,"heggarty2024",-6.26483488281094,-0.0077181591887696,0.0374978256623084,-0.0842687906977106
1998,"heggarty2024",-5.8234082736681,-0.0431084378965007,-0.0582011206470608,-0.0889423321165169
1999,"heggarty2024",-5.88225334224542,-0.0206495138668901,0.00520779429258342,-0.0609177638772789
2000,"heggarty2024",-5.66984241766131,0.0488906100432795,0.182813355183739,-0.0177255931141543
2001,"heggarty2024",-6.38049181084259,-0.0307695455476695,-0.0833597584797081,-0.0427637877332131
2002,"heggarty2024",-6.11143043735459,-0.0170819130001982,0.0340278150104358,0.0560863062472592
2003,"heggarty2024",-6.03779017393802,-0.124390946142948,0.10743442668628,-0.124609068997464
2004,"heggarty2024",-5.82304626613114,0.0448840528165851,-0.0694013175943471,0.00288912302126691
2005,"heggarty2024",-5.89373134923515,-0.0201249531597286,-0.212193360086369,-0.201989288198717
2006,"heggarty2024",-5.81995287136342,-0.0365335439775083,-0.145127936060851,-0.132223234416118
2007,"heggarty2024",-6.24582828066606,-0.0154939925802769,-0.0633433842739619,-0.0554155262805952
2008,"heggarty2024",-6.1681663684484,-0.0256410055107004,0.0529091223373381,-0.1934869936458
2009,"heggarty2024",-5.79413759109404,-0.194258613455192,-0.0422777252430648,-0.169962551042564
2010,"heggarty2024",-6.21522488160117,-0.0171244197160489,0.093069745449856,-0.0710731102794481
2011,"heggarty2024",-5.86252528927201,-0.0852493272603768,-0.0788192672854227,0.0306506301412541
2012,"heggarty2024",-5.92874018090795,-0.00849893311725071,-0.0791185642346665,-0.0865085563152704
2013,"heggarty2024",-5.91563276235962,-0.0261125357120466,0.0256804407485239,-0.156357818413333
2014,"heggarty2024",-5.99821608984286,0.127493866534851,-0.10085582472087,-0.171900214306497
2015,"heggarty2024",-6.14293311205897,0.0096870792616534,-0.0879067782443569,0.0346179700124218
2016,"heggarty2024",-5.96535682415582,-0.0312296966604229,0.0425218631945333,-0.0792472460359716
2017,"heggarty2024",-5.93334182322921,0.0893783552022424,-0.0823010545960078,0.0262402796058032
2018,"heggarty2024",-6.01706055648955,-0.0189792488640913,0.0294687463538067,-0.0887182105028805
2019,"heggarty2024",-5.71345546521732,-0.0216094706402006,-0.0257946362171518,-0.133792846762046
2020,"heggarty2024",-6.16061525761264,-0.0842250904349616,0.174716232270743,0.0785928126257564
2021,"heggarty2024",-6.96008029780955,-0.0825584874766665,-0.0922182772671225,-0.110752430862306
2022,"heggarty2024",-5.63297550081101,-0.0926938874567369,-0.00407247898078453,-0.215156637710553
2023,"heggarty2024",-5.657868242208,0.0351768816478512,-0.156259773657819,-0.0596728553185279
2024,"heggarty2024",-6.1527055659698,-0.121147323439434,0.0778592010513027,-0.104500478243966
2025,"heggarty2024",-5.55896902762474,0.0133332899350834,-0.0597425790670213,-0.0621559236501943
2026,"heggarty2024",-6.08875470652756,0.0349852474093115,-0.0327129243337091,-0.0446077117503488
2027,"heggarty2024",-5.95527949891489,0.0180106995487721,0.00623348277959899,0.133994056965885
2028,"heggarty2024",-5.71645507239001,-0.0119216498880928,-0.0040286998474785,-0.107493446164242
2029,"heggarty2024",-6.40194407840263,0.000231712151649426,0.107865257241939,-0.173648842339703
2030,"heggarty2024",-5.45441988839981,0.0993602187498406,-0.278673969886182,-0.188600041744216
2031,"heggarty2024",-5.6956592691697,-0.0202166135847543,-0.0251424080035211,0.0432052309774147
2032,"heggarty2024",-6.06231794224703,-0.0614126175469355,-0.0776765349343374,-0.126852678350869
2033,"heggarty2024",-6.17743119545817,-0.0321891989751322,-0.106288135542992,-0.0947568636055237
2034,"heggarty2024",-5.66042131988739,-0.0407904613118641,-0.187973995091702,-0.163013023446788
2035,"heggarty2024",-6.11230234444086,0.0168355423118827,0.0526712516763149,0.0969341277573505
2036,"heggarty2024",-5.80040702037425,0.0249493323321499,-0.0900608009941183,0.0573348906587594
2037,"heggarty2024",-5.7128104073372,0.081142013510449,0.0553099352289515,-0.0957943538789545
2038,"heggarty2024",-5.9603459387367,-0.0499652746239353,-0.133113973145519,-0.0642089490655995
2039,"heggarty2024",-5.72231854774002,-0.137941138815766,0.0485548138824151,-0.107488378755738
2040,"heggarty2024",-6.30190404951054,-0.143960561939406,0.049680938698968,0.00304479258122396
2041,"heggarty2024",-5.80237145723171,-0.0171704352599645,0.017392115391154,-0.192544905919348
2042,"heggarty2024",-5.86873073055284,-0.0185816927337811,-0.125547030014712,-0.0545699678008181
2043,"heggarty2024",-5.97086371688719,-0.0220847009351536,-0.016832726535202,-0.145189683829656
2044,"heggarty2024",-5.61467940988255,0.0454417555498995,-0.0722531642583864,-0.0411989584066722
2045,"heggarty2024",-6.04954106696365,-0.0623851591456142,-0.0911788757565254,0.0117287969457649
2046,"heggarty2024",-5.92262729217266,-0.0208931632788709,-0.0220352430740818,-0.169451811991661
2047,"heggarty2024",-5.79691670537107,-0.0584261960055351,-0.127615616632102,-0.186258933547896
2048,"heggarty2024",-5.81039357307794,0.0479232347794325,-0.108527871393564,-0.0692110170485625
2049,"heggarty2024",-6.10774435108214,-0.0785422902676343,-0.115610690374979,-0.153793603720597
2050,"heggarty2024",-6.02872584203923,-0.157776633016321,-0.191608335234443,-0.177253921477692
2051,"heggarty2024",-5.68624704189022,-0.0952293150746247,0.0155040393845866,-0.240036247325892
2052,"heggarty2024",-5.87519250973938,0.198423778642377,-0.0576808157082988,-0.143841529899044
2053,"heggarty2024",-6.11397002676439,-0.0220298796648878,0.162251470978966,-0.107950731562246
2054,"heggarty2024",-6.22421216588073,-0.0601577415919021,-0.0755350846744786,-0.103647996412166
2055,"heggarty2024",-6.21426082946825,-0.0792565770132903,0.0368961937564793,0.00803916343851514
2056,"heggarty2024",-6.30960945981702,-0.126458765137329,0.0196603110088563,-0.0758265627655878
2057,"heggarty2024",-5.31676739075685,-0.025463202989114,-0.0774196967769303,-0.0496668992777398
2058,"heggarty2024",-6.06824644924801,-0.194700846927173,0.047922226649692,-0.00945812268185609
2059,"heggarty2024",-6.42000759276679,-0.0720884531522981,0.0607661892189595,-0.115090480198512
2060,"heggarty2024",-5.95302188409886,0.015788628069532,0.016806396176983,0.113903506279919
2061,"heggarty2024",-5.71564784428612,-0.0565118020584535,-0.130889922186307,-0.0540006784553483
2062,"heggarty2024",-5.72358245617522,-0.0782502447383106,-0.0979500179257313,-0.154794671203476
2063,"heggarty2024",-6.12185693769626,0.00450638110946496,-0.00248912381239874,-0.058966474613252
2064,"heggarty2024",-6.00396466216546,-0.0488965301370971,-0.0229205981547208,-0.118837793480211
2065,"heggarty2024",-5.79786793922535,0.144084419743386,-0.0779904518356087,-0.04058333131942
2066,"heggarty2024",-5.70720521618088,-0.0752781418878989,0.00086742303298324,-0.0889558221256634
2067,"heggarty2024",-5.61652503062526,-0.0695393215896568,-0.203309995525007,0.0343550220376821
2068,"heggarty2024",-5.92619899382144,0.111264400222759,0.0178906957366363,-0.102831743423444
2069,"heggarty2024",-5.67498073347076,-0.155560125926815,0.226146714569282,-0.110314169155897
2070,"heggarty2024",-5.72172376698922,-0.155547049024384,0.0187914392364535,-0.0693353023585072
2071,"heggarty2024",-5.99299000119164,0.00879478623102229,0.00315977214549807,0.00680435324746811
2072,"heggarty2024",-5.90467674343936,0.0670807928524008,-0.108628072819052,0.000850100327621103
2073,"heggarty2024",-5.89309974473194,-0.0247264518702159,-0.0403093299189627,-0.0686895883939649
2074,"heggarty2024",-5.60969711871569,0.142764019932668,-0.170744026781935,-0.15525302599727
2075,"heggarty2024",-6.16118846094627,-0.0974665675951899,-0.134798436330548,-0.270984017620608
2076,"heggarty2024",-6.12065580830784,0.174347846902604,0.0020219710146951,0.0645752565816029
2077,"heggarty2024",-6.23495799266636,-0.145310527477775,0.0104360472090762,-0.136529081550295
2078,"heggarty2024",-5.83509826045588,-0.0239044128505881,-0.0206391645624709,-0.141802469907467
2079,"heggarty2024",-5.49374408284922,-0.0394922862208439,-0.0257114062297606,0.00296320062931347
2080,"heggarty2024",-5.88469264950513,-0.0693329820154293,-0.101865011862729,-0.152013032414017
2081,"heggarty2024",-5.77781131083869,-0.0882250190824947,0.0193823772322423,-0.167228120024899
2082,"heggarty2024",-6.29360736397093,-0.154455775525379,0.0696653626669656,0.00199928279797907
2083,"heggarty2024",-6.47048108384064,-0.0941085852194946,0.0228191529533249,-0.069784835125586
2084,"heggarty2024",-6.2325794268598,-0.144220891192943,-0.106988944480582,-0.154397933345947
2085,"heggarty2024",-6.97106288654505,-0.0834822287543242,0.123143443638185,0.0646439830588074
2086,"heggarty2024",-5.83433871855361,0.0554761488469955,-0.0697203235267346,-0.117872908730063
2087,"heggarty2024",-7.8455982004004,-0.0347702472454611,0.0908479401598387,-0.0986508984395697
2088,"heggarty2024",-5.79701541975744,-0.0904006672702381,0.0138617476792063,-0.0453973253035892
2089,"heggarty2024",-5.66442835329231,0.0500292577514935,-0.110918041503483,-0.153704138412573
2090,"heggarty2024",-5.86530787772334,0.0581265042955443,4.25364519128571e-05,-0.0732010343747096
2091,"heggarty2024",-5.62393455969188,-0.0257578929054227,-0.105836025324348,-0.0544226875208138
2092,"heggarty2024",-5.84891434209865,-0.0217953629310411,0.0746460882076727,-0.0874627870573696
2093,"heggarty2024",-5.82312564376914,-0.11151192412356,-0.0776026867101461,-0.0585567234293352
2094,"heggarty2024",-6.02453746816308,0.00987286247543792,0.00991201452557434,0.039709366544147
2095,"heggarty2024",-6.46105606200091,-0.0346799529102419,0.0360247132179333,-0.0590589850957184
2096,"heggarty2024",-6.23470027339027,-0.00618273678445093,-0.115447269815418,-0.112319830878208
2097,"heggarty2024",-5.98814165867043,-0.023243272189063,0.0783006353486471,-0.0555983386656182
2098,"heggarty2024",-5.60560576662927,-0.0475494198704812,-0.186580450230333,-0.270469299476086
2099,"heggarty2024",-5.61497845438819,-0.0312304597519431,-0.0135657421083493,-0.0581795472304552
2100,"heggarty2024",-6.01280404344215,0.026555272111143,0.0208178288346617,-0.0385354537870318
2101,"heggarty2024",-5.74846050548004,-0.0899495201951022,0.0394560229235868,-0.224501683811719
2102,"heggarty2024",-6.06648550617128,-0.0590162089271403,-0.0383218784957913,-0.0494660109517902
2103,"heggarty2024",-5.85371638315915,-0.0972395944697976,0.0855086370682591,-0.0892235576664813
2104,"heggarty2024",-5.73437786945497,0.116798554531645,-0.124744541961097,-0.0636449751467671
2105,"heggarty2024",-5.66481280761359,-0.125094645289895,-0.0753250743787081,-0.0845863515797766
2106,"heggarty2024",-6.31146165760899,-0.0763149765172712,0.0360826637822176,-0.0550871671754062
2107,"heggarty2024",-5.34147921036685,-0.099977749309094,0.00645942239278859,-0.0663931695739626
2108,"heggarty2024",-6.84554191487042,0.00438770419792666,0.0111650727713512,0.00840943118750086
2109,"heggarty2024",-6.03681204723108,-0.209777105118507,-0.00913898601153829,-0.0766850396305644
2110,"heggarty2024",-5.82608544860881,-0.0277727364314849,-0.0852901224521304,0.00214122629257331
2111,"heggarty2024",-5.71883300098811,0.0103253551790173,-0.0655699527160867,-0.162777409855664
2112,"heggarty2024",-5.79969883180821,-0.12186455866386,-0.0849711098535027,-0.00332461398639024
2113,"heggarty2024",-5.63141811708674,-0.0487431709311685,-0.0386409820352058,-0.0736521169625972
2114,"heggarty2024",-6.41028643829963,-0.0272510834353786,0.0079371685712113,-0.0429610385277716
2115,"heggarty2024",-5.90119584149308,-0.0305509625781084,0.0540392606253414,-0.00730457727281801
2116,"heggarty2024",-5.6597408635983,-0.108469854001295,0.10549218809889,-0.0379549847619582
2117,"heggarty2024",-6.11456114083765,-0.119343389710548,-0.134116204259316,-0.0418751840835624
2118,"heggarty2024",-6.0855660331951,-0.00418589347402212,-0.0557573318159236,-0.0722511493356855
2119,"heggarty2024",-5.63834711963201,-0.112245402368732,-0.00642764445622505,-0.00444079759485398
2120,"heggarty2024",-6.50702297147623,-0.188581915785261,0.00308743081656771,0.0314942708132798
2121,"heggarty2024",-6.26751422190795,-0.0586849090101147,0.0718130805752825,-0.07227949237097
2122,"heggarty2024",-5.86998261046896,-0.116960184474934,-0.00861299134148942,-0.109724280987429
2123,"heggarty2024",-6.08576624215519,0.198890285460317,0.0294579534282957,-0.0205279628528442
2124,"heggarty2024",-6.29925610503506,-0.0619265465898942,-0.0701480285048468,-0.0959440745113876
2125,"heggarty2024",-5.96408653347024,-0.126028561567445,-0.142527185351913,-0.10457449062021
2126,"heggarty2024",-6.48934168428411,-0.187475099500842,0.100955697324283,-0.0812983261773097
2127,"heggarty2024",-6.75149443471448,-0.0978978891585999,-0.0258274933602152,-0.15662857663927
2128,"heggarty2024",-5.31700435981711,-0.0631264515997131,-0.114148389753374,-0.0863859501322912
2129,"heggarty2024",-6.14898014370225,0.0959241903150422,0.00289536498404917,-0.00206265483188815
2130,"heggarty2024",-5.58395266781083,-0.1063683905443,0.00989941322441529,-0.187779192715241
2131,"heggarty2024",-5.9136187782233,-0.0135971411309161,-0.240296487433279,-0.147602015920414
2132,"heggarty2024",-5.86961935416203,-0.0397918952639434,-0.144904064687262,0.0252120629469824
2133,"heggarty2024",-6.02356587786879,-0.108296494219526,-0.0711412191948921,-0.0297464665685224
2134,"heggarty2024",-5.79632986465476,-0.0530454248691454,-0.0695842918523745,-0.00254922643430689
2135,"heggarty2024",-5.90086568608236,-0.0202200879477519,-0.0834539035557906,-0.100689773601175
2136,"heggarty2024",-6.02596514219374,0.0496611008363496,-0.157517695654301,-0.0491577658560256
2137,"heggarty2024",-6.0484710732306,0.0667846206990577,-0.0628003475681345,-0.0175421012253063
2138,"heggarty2024",-5.94718319960464,0.0523503928429656,-0.0274427076801819,-0.0412959886173056
2139,"heggarty2024",-5.84680597523375,0.0445177152796732,-0.0385769446611484,-0.149232010822217
2140,"heggarty2024",-6.90977718799219,-0.00605748704259638,-0.0667708533364871,-0.158234327146966
2141,"heggarty2024",-5.90003080306756,-0.00500355302961296,-0.0122979385676824,-0.1288786858922
2142,"heggarty2024",-6.45522191054678,-0.150755377453214,-0.0596242814961754,-0.0464693733923503
2143,"heggarty2024",-5.59330062165851,-0.133082164683062,0.124329458784084,-0.0720866463068159
2144,"heggarty2024",-5.64130106328771,-0.234823363421615,0.0513081710835691,-0.148503970593825
2145,"heggarty2024",-5.92869356567352,0.124891287949146,-0.0293460521726637,-0.12609798934672
2146,"heggarty2024",-5.93244425469247,0.0118771111057023,-0.0043774938008122,-0.015168943164541
2147,"heggarty2024",-5.65306542630652,-0.041203077401979,-0.0370024326009501,-0.082034039996075
2148,"heggarty2024",-5.64021369690423,-0.0842699837606373,0.0580311394239353,-0.063097631746988
2149,"heggarty2024",-5.96797324319037,-0.0646359620623819,0.0176145073088624,-0.0704998694073042
2150,"heggarty2024",-5.8008743200388,-0.0121062030292402,0.0157468032039859,0.125622336482675
2151,"heggarty2024",-5.75541859190605,0.0226537921817832,0.0045581996147064,-0.239955561883506
2152,"heggarty2024",-5.91803375235245,-0.0686362066258026,-0.0271907959959288,-0.146133791364758
2153,"heggarty2024",-5.56165122708989,-0.00395184203449525,-0.0392845827166378,-0.051323322700851
2154,"heggarty2024",-6.00689597025407,-0.0819489933708901,-0.0699178555193908,-0.0618634081955005
2155,"heggarty2024",-5.59878684421443,-0.0291759349531142,0.0376603363877394,-0.117672702902868
2156,"heggarty2024",-5.77601616008348,-0.105267429981033,0.0691584226352794,-0.12287155228084
2157,"heggarty2024",-5.86630302429568,0.0552344134708855,-0.0425122663756081,-0.136366802315958
2158,"heggarty2024",-5.92743986870415,0.020114249892269,-0.0458050305494557,-0.146680927166104
2159,"heggarty2024",-5.99421342826074,-0.0947268689401118,-0.167949527300683,-0.219501892263275
2160,"heggarty2024",-5.90588161388375,-0.0866680377380416,-0.00962071577783568,-0.00634566811635906
2161,"heggarty2024",-5.94485253679792,-0.0414861201105138,-0.134333291928302,-0.104466669233021
2162,"heggarty2024",-6.00584088642068,-0.0310987716633416,-0.0944204475865517,-0.0429104115340208
2163,"heggarty2024",-6.44897041008672,0.0347554458823058,0.10759143170529,-0.0606538855412066
2164,"heggarty2024",-5.61804419065252,-0.00437952109039333,-0.195087420090794,-0.113919027785782
2165,"heggarty2024",-6.11319032324494,-0.0501768342931264,0.0151628525018656,-0.0673965922915375
2166,"heggarty2024",-5.70710853500897,-0.0025079824359455,-0.0791361266232345,-0.166936214755979
2167,"heggarty2024",-6.13385397292955,-0.0238960332173424,0.0112327418393106,-0.109514197637515
2168,"heggarty2024",-6.09558948772627,-0.0198263865543953,-0.0714936697634541,-0.0710453348075173
2169,"heggarty2024",-5.8929314094233,-0.0334969080777363,-0.0382734918705052,-0.0282478749239291
2170,"heggarty2024",-6.22159080396241,0.0453801941512768,-0.126681711203594,-0.117545926730646
2171,"heggarty2024",-6.10443094661276,-0.0176991710720129,-0.107962665583708,-0.108172441163421
2172,"heggarty2024",-5.45658839050233,-0.0456755473888652,-0.0318344792276684,-0.100938402142768
2173,"heggarty2024",-5.93696140671905,-0.0331640012203804,-0.0899721462534995,-0.0737466858338576
2174,"heggarty2024",-5.93897594021448,-0.0418021944128841,-0.0749758747860186,0.0127264793018485
2175,"heggarty2024",-6.08269520560436,0.00621082738770012,-0.108131640824924,-0.146717818753627
2176,"heggarty2024",-5.43849052935828,-0.0248153545600262,0.0342637481885627,-0.115194678225269
2177,"heggarty2024",-6.15838436458571,-0.148341595910308,0.0405645369853157,-0.0239918802780054
2178,"heggarty2024",-5.42210447495991,0.0292132834068573,-0.131297904219932,-0.103176528182347
2179,"heggarty2024",-6.58030956728368,-0.191830408755982,-0.0591926953736059,-0.123273869580503
2180,"heggarty2024",-5.87197679868882,-0.00492706183862102,0.146274917094602,-0.0470622728797523
2181,"heggarty2024",-6.21383818972206,-0.0426083703571475,-0.0795693986634157,0.0397189193123793
2182,"heggarty2024",-6.18351328575348,-0.0711388942067093,-0.0458577651397551,-0.0266288999677731
2183,"heggarty2024",-5.74663064373603,0.194044424130219,-0.0564225324869948,-0.0680880183628467
2184,"heggarty2024",-5.84945713220708,0.100641735843672,-0.0230029442323268,-0.104856234165827
2185,"heggarty2024",-6.01821300941039,-0.0572823344206808,0.0505093239559345,-0.110947338169045
2186,"heggarty2024",-6.04122703053111,-0.116573032869204,0.114209795781337,-0.10300078987662
2187,"heggarty2024",-6.15508231905814,0.0285353175528377,-0.00118647319393175,-0.0148504247524555
2188,"heggarty2024",-5.82710432053664,-0.0844353235203124,0.108679268378778,0.16976556073848
2189,"heggarty2024",-5.97939888709701,0.0965632801021039,-0.0381099002611679,-0.125822810786933
2190,"heggarty2024",-5.95753045312541,-0.0114689916662136,0.042007624510476,-0.174698843099245
2191,"heggarty2024",-6.10294468880792,-0.080888100083668,0.0183468583879302,0.0713268817182889
2192,"heggarty2024",-5.70013690914568,-0.171263377410137,-0.0335712904054072,-0.235276937001595
2193,"heggarty2024",-5.75384180516421,-0.130985108989542,-0.0380249094809173,-0.0723588032295538
2194,"heggarty2024",-5.70167897889425,0.0191920645429864,0.00258967219254317,-0.0773068171873445
2195,"heggarty2024",-5.63766207519035,-0.0928907927762692,-0.0288949606120668,-0.0885841214784784
2196,"heggarty2024",-6.05392006516864,-0.00997890884700634,0.0341617323850891,-0.0394737501042725
2197,"heggarty2024",-5.78236939736841,-0.0281077193761035,0.0765871380573158,-0.0817645762753837
2198,"heggarty2024",-5.3039237717565,0.00723023905764379,-0.0638996343341254,-0.114169845911956
2199,"heggarty2024",-6.01463875655979,0.0215121477704902,0.0360116131667094,-0.102180179203879
2200,"heggarty2024",-6.67643179265175,-0.093564220339934,0.0589401171274628,0.0122245273398937
2201,"heggarty2024",-5.77724695838371,0.108037779556658,-0.13295459173975,-0.0463343316116849
2202,"heggarty2024",-5.97284932712727,-0.0729732993831637,0.0322597949053235,-0.0256274634652465
2203,"heggarty2024",-6.02119082300598,-0.00458270557259641,-0.111785025652864,-0.102313588750713
2204,"heggarty2024",-6.03482802991187,0.12438481275363,-0.151508207889801,-0.0665948404698029
2205,"heggarty2024",-6.67265572486837,-0.0511034048327383,-0.082866467718021,-0.0381591263157396
2206,"heggarty2024",-5.53906921332473,0.0822647318370702,0.0700733135187377,-0.134128757253896
2207,"heggarty2024",-6.30274181961455,-0.0109796624248933,-0.0402129721145484,-0.0291015939653368
2208,"heggarty2024",-5.89273323537723,0.0403651563587847,0.0195752447800385,0.0480486913309513
2209,"heggarty2024",-5.72550101247815,-0.126361550228354,0.0564135479854517,-0.0589899448049598
2210,"heggarty2024",-5.8288725531862,-0.154096944447347,0.133026726817394,-0.149287912226819
2211,"heggarty2024",-5.83846053765018,-0.0473492355333913,-0.125387712141324,-0.148251461676589
2212,"heggarty2024",-6.01171116971469,0.0234299015069947,-0.127859267640075,-0.0226859405767353
2213,"heggarty2024",-6.00374515859732,-0.0283762288709211,-0.0358982041290427,-0.0510941493170185
2214,"heggarty2024",-5.79214605029092,0.102193607017838,-0.0346085411865948,-0.164878603799385
2215,"heggarty2024",-5.66009600927429,-0.0305046206071351,0.0335978170068208,-0.108326260304267
2216,"heggarty2024",-5.84904903004349,-0.182282657957751,-0.00116838097897229,-0.1041814439061
2217,"heggarty2024",-5.94208688242042,-0.0885534374747183,-0.108672260142107,-0.26153107824844
2218,"heggarty2024",-5.86142394058044,-0.0634479879272675,0.176032888923386,-0.0484044668945625
2219,"heggarty2024",-6.05307692088297,-0.172241457705551,-0.0442194352872538,-0.0871427896618946
2220,"heggarty2024",-5.80836492849769,-0.0351748194426637,-0.0745057881541407,-0.100695556489818
2221,"heggarty2024",-5.95674091560665,-0.086098326087095,-0.0374249294158233,-0.0249454033918362
2222,"heggarty2024",-5.67741896928904,-0.0236709824889946,0.0302226005955396,-0.0799393923383641
2223,"heggarty2024",-5.82658548822772,0.0272090770289422,0.0667355797072949,0.0226296421614791
2224,"heggarty2024",-6.19239904726434,-0.0421422199771146,-0.167129060780937,-0.11796316792105
2225,"heggarty2024",-6.20857431927269,-0.0631801884950698,-0.0167135459441215,-0.216071653780231
2226,"heggarty2024",-5.84617486814603,-0.0226574108180519,-0.00350292664987694,-0.0942684589628046
2227,"heggarty2024",-5.65136231038458,-0.0358823964067167,0.0313472732110509,-0.0945330997612574
2228,"heggarty2024",-5.87822023558103,0.0101134337454207,-0.135198303010711,-0.115997547996271
2229,"heggarty2024",-6.0871498579803,-0.0119532735448705,0.0221574433701212,0.0431616092904535
2230,"heggarty2024",-5.89142512308895,0.0360395761629909,-0.0461590854162451,-0.106120791359462
2231,"heggarty2024",-5.63621013991247,0.128639098633137,-0.0198040138992701,-0.087583446504695
2232,"heggarty2024",-6.85157526119739,-0.152940423896832,0.00169814028848576,-0.27938206435924
2233,"heggarty2024",-5.63817619715708,-0.0472408160914007,-0.110575460069717,-0.0355007437494327
2234,"heggarty2024",-5.74873542245235,0.0124178695288932,-0.0239708745807134,0.00927459316116869
2235,"heggarty2024",-5.9242010419877,-0.0414024631022486,-0.0900249818785296,-0.185290933593558
2236,"heggarty2024",-6.72141436586905,-0.209003998660449,0.0417165355102269,-0.131367194208343
2237,"heggarty2024",-6.02641246842843,-0.0255024659011807,-0.120870961293107,-0.112690312920615
2238,"heggarty2024",-5.52723576957163,-0.0686434771249641,0.0997276248316587,-0.121579799834538
2239,"heggarty2024",-5.79448801662306,-0.0880960801380759,-0.175163219872679,-0.116985730606378
2240,"heggarty2024",-6.12518780119721,-0.0637057981512057,-0.0609722268805859,-0.165535914147111
2241,"heggarty2024",-6.18498754647875,-0.0157103273873116,-0.0476360105298418,-0.0783197509803582
2242,"heggarty2024",-5.80937525249688,-0.049040662308861,-0.124760975932252,-0.0290007874244118
2243,"heggarty2024",-5.81954488394812,0.0990055472223483,0.0453470042760045,-0.0326299095491053
2244,"heggarty2024",-5.80514090638438,0.00657037369179635,0.0306858126254601,0.0123204161364264
2245,"heggarty2024",-5.88612827681312,-0.037507443807244,0.0550420040886523,-0.0806475286329843
2246,"heggarty2024",-6.11344189807192,0.142030901211271,-0.105179463092091,-0.132066105090632
2247,"heggarty2024",-5.71767144003613,-0.0627439018783441,-0.00469554530346977,-0.182478281448518
2248,"heggarty2024",-5.84715887180062,0.0015233630611176,-0.0918446127108488,-0.143343557287372
2249,"heggarty2024",-6.07339693148464,-0.0834213736926397,-0.107678730402434,-0.0189180024517389
2250,"heggarty2024",-5.65519043136818,0.00977871824797563,-0.0589229269442414,-0.193673039518996
2251,"heggarty2024",-5.84781869691358,-0.167145232826117,0.0783782502305952,-0.0351578321542252
2252,"heggarty2024",-5.74654359161517,0.0172341465871083,-0.0357111919035954,0.0210444970171587
2253,"heggarty2024",-5.81625718854152,-0.0423927317830967,-0.088996110139038,-0.0388364992793754
2254,"heggarty2024",-6.1324423797433,-0.107215013301881,-0.031290565809675,-0.00475437067483481
2255,"heggarty2024",-5.65479305243046,0.113886065820006,-0.0619281888976564,-0.160647265569102
2256,"heggarty2024",-5.86388223506798,-0.155875841633341,0.0670351396684346,-0.16265968484898
2257,"heggarty2024",-6.13450735025708,0.163940349584993,-0.206321360549031,-0.0766920217706504
2258,"heggarty2024",-5.7159333602539,0.00559705907716566,-0.0327407519495151,-0.0489024680527719
2259,"heggarty2024",-5.7905614201569,-0.0789182798629033,-0.160591903062065,-0.0291896113342542
2260,"heggarty2024",-6.22086900128559,-0.0630968015136922,-0.0147314749377805,-0.0855131003210642
2261,"heggarty2024",-5.76263118669831,0.0973602606078868,-0.0227021325225618,-0.0844581666942052
2262,"heggarty2024",-5.82242692661176,0.00735484249137468,-0.0957888692151286,-0.024228150028495
2263,"heggarty2024",-5.75436782227084,-0.0866693160662644,-0.0122477453067969,-0.135825058267321
2264,"heggarty2024",-6.07896377327527,-0.012829101032503,-0.0275142592665584,-0.00100930345051682
2265,"heggarty2024",-5.87937866545561,0.0293328494063646,-0.0858597612795064,-0.0269417671692481
2266,"heggarty2024",-6.14982817856915,-0.0139332256030286,0.00961963368269472,0.0585878937089981
2267,"heggarty2024",-5.90335958547745,0.0272520656354422,0.0110815965841994,0.0854536279562133
2268,"heggarty2024",-5.97439356812132,-0.208714604231119,-0.0206751718371426,-0.159093192156457
2269,"heggarty2024",-6.17027123511505,-0.0576503402849135,0.0390130726415185,0.0112876383484792
2270,"heggarty2024",-5.8742522184776,-0.146914922770396,0.0743251460077038,-0.165709569820618
2271,"heggarty2024",-5.8963771404491,-0.176438476738077,0.0941226762505594,0.00516153635810268
2272,"heggarty2024",-5.95312157928453,0.0901213599246812,0.0485294457863364,-0.0313445911389616
2273,"heggarty2024",-5.90556476316849,-0.0403922006733828,-0.0104614716096505,-0.0114644916152481
2274,"heggarty2024",-5.66090555844663,0.0564369400797929,0.0230006968268178,-0.033540992552929
2275,"heggarty2024",-6.03480198183902,-0.0465658280929743,-0.0111512385835394,-0.0344724259590455
2276,"heggarty2024",-5.64593956299233,-0.0382664017041848,-0.0298792023074087,-0.0457303811097952
2277,"heggarty2024",-5.81238255981923,-0.0492903764506468,0.0540340573655283,-0.0574520046803598
2278,"heggarty2024",-6.10259795920426,0.0400349123527787,0.0355674040001474,0.0111239842721727
2279,"heggarty2024",-6.09950106362196,-0.000130027255967447,0.103147433518593,0.0619982552964759
2280,"heggarty2024",-6.10623229658553,0.0473690382503464,-0.21051313022769,-0.169495288763993
2281,"heggarty2024",-6.03823696262285,-0.0226364360479236,-0.094733714512554,-0.168042439505304
2282,"heggarty2024",-5.68797505996172,0.0121189783631894,-0.0397083072868404,-0.180946760782943
2283,"heggarty2024",-5.62047121338992,0.0861671968485222,0.0851013819973207,0.0932952748381486
2284,"heggarty2024",-5.92848036937087,-0.051509123796806,-0.0142561335407204,-0.0916897667762733
2285,"heggarty2024",-6.23183871224176,-0.0456675642287529,-0.0586767809321214,-0.0858174657423132
2286,"heggarty2024",-6.06873623142638,-0.0984246218339979,-0.0486864873682585,-0.0804948742135538
2287,"heggarty2024",-6.41949232234135,-0.078383264932468,0.0216826483480902,0.0040989636976655
2288,"heggarty2024",-6.10853216708386,-0.212930917561,0.0337011597913218,-0.0601822717011521
2289,"heggarty2024",-6.00909130199712,-0.0236088677787535,-0.114301025172554,-0.187501382607464
2290,"heggarty2024",-6.16242985281104,0.015671918629156,0.0557687050146323,-0.0108221559521151
2291,"heggarty2024",-6.06240247418663,-0.0278248565822834,-0.0221975912010353,-0.0411177788334613
2292,"heggarty2024",-5.56772058340091,-0.023541513763381,-0.121656825278348,-0.127571559835363
2293,"heggarty2024",-6.12479973772008,-0.081949766628419,-0.0853196226375376,-0.0342665066174921
2294,"heggarty2024",-5.68877659646865,0.0508865782215343,-0.0683979471317161,-0.091409928680758
2295,"heggarty2024",-5.95025367375362,-0.0938708218292193,0.0302695818622918,-0.170081786263125
2296,"heggarty2024",-6.46003621291219,0.0248597110757866,0.0731474869298545,0.0602436541160967
2297,"heggarty2024",-5.77970887216027,-0.0963480332643186,0.103739727190213,-0.0270897946304122
2298,"heggarty2024",-5.25848972971813,-0.137415538818572,0.0506057813696307,-0.0765420459528345
2299,"heggarty2024",-5.71887094550723,0.000923930339028258,-0.0795203518179652,-0.0837984813020993
2300,"heggarty2024",-5.77192013191882,-0.0507018152918586,0.0874171876937619,0.0134916498741989
2301,"heggarty2024",-5.68346850037192,-0.0981245973451646,-0.153640748728301,-0.190084255456321
2302,"heggarty2024",-6.06963506199075,-0.22076753335876,0.0165554389203956,-0.0453632513427014
2303,"heggarty2024",-6.03255133484834,-0.0201520024463504,-0.0636049680211734,-0.0614198658258075
2304,"heggarty2024",-6.06748698376344,-0.0429001047355054,0.0540776395781335,-0.0458308052653661
2305,"heggarty2024",-6.04568211155611,-0.104700819388208,0.00585002546191977,-0.0854093491229105
2306,"heggarty2024",-5.67248998494546,-0.186872462951886,0.0251660107256484,-0.0526289495139512
2307,"heggarty2024",-5.89021820110512,-0.094293368285049,-0.117311825984054,-0.178992984977811
2308,"heggarty2024",-6.0558869593908,-0.206254172927045,0.063127642531239,-0.0531236356014594
2309,"heggarty2024",-6.15605065536847,-0.138415148999373,0.114975709708645,-0.14760861768382
2310,"heggarty2024",-6.10006709012439,0.0101984708783464,-0.260089664785582,-0.158291207014462
2311,"heggarty2024",-5.47764892429556,-0.0132949547187206,-0.16539282586013,-0.16044593801119
2312,"heggarty2024",-5.95701939104329,0.0239588418566676,-0.116636214164221,-0.0692570874015092
2313,"heggarty2024",-6.29686511351978,-0.226715396545728,-0.00451364091153084,-0.278185488356265
2314,"heggarty2024",-6.47233832356722,-0.00455744981427425,-0.0452719362512867,-0.0643540243754113
2315,"heggarty2024",-5.95461453094947,0.0310335498879327,-0.0739748921488954,-0.0493500850116285
2316,"heggarty2024",-5.71615440532897,-0.0273235120473267,0.0184359613228848,-0.0852374726839562
2317,"heggarty2024",-6.07806307478665,0.058521636996064,-0.100957340463462,-0.0209460521285309
2318,"heggarty2024",-6.13518707747739,-0.114526912967484,0.0159331743337345,-0.0609473846115304
2319,"heggarty2024",-5.86078219326167,-0.150064300289557,0.167050778845516,-0.131153305262652
2320,"heggarty2024",-6.163644787196,-0.101123513445977,0.0980435422862785,0.0168577183625137
2321,"heggarty2024",-5.63942577321844,-0.0228285024322091,-0.106769289491873,-0.0412327006512245
2322,"heggarty2024",-5.96524856078461,-0.0356941084520591,0.0124112351307041,-0.0437669505981445
2323,"heggarty2024",-5.93899931663142,0.171259754849447,0.0433841907093113,-0.0167176731597921
2324,"heggarty2024",-5.8431003265318,-0.0477108695974183,-0.0957936813859296,-0.0859637882602566
2325,"heggarty2024",-5.85997718533253,-0.122047259337477,0.034028504673529,-0.0931170667029854
2326,"heggarty2024",-5.87567324697208,-0.0562257479772415,-0.058326778041852,-0.0446817159284137
2327,"heggarty2024",-6.12503071324249,0.0966841849028443,-0.129371373506932,-0.166244633108257
2328,"heggarty2024",-5.83513733848296,-0.0168200273459002,-0.134908393703619,-0.190032702698414
2329,"heggarty2024",-6.3712663972434,0.0998383330148787,0.0503475090431365,-0.048076231102244
2330,"heggarty2024",-5.86757201371466,-0.148526868370452,-0.129104070075846,0.00461496034668527
2331,"heggarty2024",-5.79101544799699,-0.00204258086961184,0.0165584064135795,-0.0416095982780703
2332,"heggarty2024",-5.85086606630298,-0.0731994488541002,0.0590451936745864,-0.0553153600446562
2333,"heggarty2024",-6.05280478700613,0.0265116020038461,-0.124122522559598,-0.0880244404013305
2334,"heggarty2024",-5.80478142331442,0.0246250130455771,-0.0912371001395269,-0.0573291503328371
2335,"heggarty2024",-5.73244748444403,0.0265480539045819,-0.0778809488748469,-0.0962258293780521
2336,"heggarty2024",-6.23138550323017,-0.0595842677860125,-0.0529074722627702,-0.0618438242067184
2337,"heggarty2024",-5.53306649423619,-0.0603062117440381,0.0878660339153705,-0.0919927980229885
2338,"heggarty2024",-5.72665757195561,-0.0891872396924825,0.0906655181593977,-0.0947340468732374
2339,"heggarty2024",-5.96436973515494,-0.168548270921944,0.132279776320196,-0.165948368340742
2340,"heggarty2024",-5.75776926980047,0.0400194576656597,0.00598467149884765,-0.148341796265791
2341,"heggarty2024",-5.67612764323526,-0.184431759953668,0.138864613518044,-0.0795343025816709
2342,"heggarty2024",-5.70366321030145,0.0349393195390751,-0.0280927466521924,-0.10849871245338
2343,"heggarty2024",-6.05426254150984,0.048898958791323,-0.0401155016730767,-0.115672689598814
2344,"heggarty2024",-5.64225949042353,-0.137761487787358,-0.187073153696334,-0.0599934226065709
2345,"heggarty2024",-5.75568944795166,-0.0287678824695484,-0.107438251253614,-0.0985610896270343
2346,"heggarty2024",-5.96800929429498,-0.0885739711574244,0.101007371043985,0.0522684433447816
2347,"heggarty2024",-6.14884639966434,-0.0219169127390988,-0.0447148486799003,-0.149741499851085
2348,"heggarty2024",-5.85790500038109,-0.109220936888809,-0.0623559332697444,-0.10382364130579
2349,"heggarty2024",-5.75712641938637,-0.173899818604235,-0.207380503325444,-0.191935117655962
2350,"heggarty2024",-5.89910491195329,-0.158592368912739,0.115864791824626,-0.160940219233303
2351,"heggarty2024",-6.50045447330615,-0.0904141458332146,-0.0156575448114173,-0.0971945892152171
2352,"heggarty2024",-5.47624922665529,0.0121390620100587,-0.0786146088945209,-0.176964110859989
2353,"heggarty2024",-6.04309580964427,-0.0502338277657935,0.0421821598711423,-0.0978941920745192
2354,"heggarty2024",-5.99066092302196,-0.116151168072968,-0.242581706267464,-0.17398411055706
2355,"heggarty2024",-6.06849902036507,-0.143621804632432,0.074369891319594,0.110913434869063
2356,"heggarty2024",-6.37660960697662,-0.037034832570358,-0.0304702948046564,-0.15674338656928
2357,"heggarty2024",-6.35233209963096,-0.00331939387522993,0.0180245818206233,0.00944080593733865
2358,"heggarty2024",-5.96113788013901,-0.0735946255743365,-0.0575622588259841,-0.165869533222976
2359,"heggarty2024",-6.04837826465365,-0.0686093465836128,-0.0658957400210073,-0.0981721509648494
2360,"heggarty2024",-5.80915427508173,-0.0643947806251565,0.0129582274981705,-0.0190017300174527
2361,"heggarty2024",-5.97253957806412,-0.0502752863206983,-0.104070623074186,-0.00773490145028475
2362,"heggarty2024",-5.86457720658925,-0.0412167904213951,-0.0688991553425867,-0.105709647187649
2363,"heggarty2024",-5.9385982494996,0.00221792616357164,-0.0129221095181619,-0.0774447396167938
2364,"heggarty2024",-5.91555522960095,-0.130812748543947,-0.115514666124084,-0.0108413891635394
2365,"heggarty2024",-5.78459905960601,-0.0888957625002485,0.10268002540277,-0.0834045530469801
2366,"heggarty2024",-6.14863417757501,0.0382415049309857,-0.0242579177528625,-0.197921473823
2367,"heggarty2024",-5.67884303742876,-0.0381455543475909,-0.0504843072607701,-0.0741332485272758
2368,"heggarty2024",-5.7211719197544,-0.102375769499666,0.085260344920011,-0.105820902830213
2369,"heggarty2024",-5.98235081895153,-0.110419606794459,0.114782583527349,-0.0923147569775759
2370,"heggarty2024",-6.20550408528666,-0.0517492736620662,-0.0248379350969771,-0.12004167096342
2371,"heggarty2024",-6.2326135946683,-0.0417515721370889,-0.105394480586017,-0.057245826165391
2372,"heggarty2024",-5.52947195695428,-0.0827395547106628,-0.100737788736096,-0.150936300578368
2373,"heggarty2024",-6.03746834078859,-0.156748801576112,-0.150386319761019,-0.0655269160109651
2374,"heggarty2024",-5.82283005289505,0.0289884530225168,0.00430411355283187,-0.0867692587591875
2375,"heggarty2024",-5.88531366140815,-0.122428203111333,-0.0067419291541166,-0.0887990165852969
2376,"heggarty2024",-5.99789335088181,-0.0221006502184619,-0.0241737521087448,-0.13453685939137
2377,"heggarty2024",-5.5262066468394,0.00311383235801927,-0.172661522406613,-0.234840170814342
2378,"heggarty2024",-5.74477478777997,0.116502175898637,-0.0300626610601853,-0.11833940207331
2379,"heggarty2024",-5.74424329663752,0.169002984793529,-0.102159229319778,-0.0587309010173572
2380,"heggarty2024",-5.89773972333475,-0.147614207289925,-0.0841185803341619,-0.0590352062835058
2381,"heggarty2024",-5.73717901236166,0.094010204981132,-0.060995579824703,-0.0392833905885857
2382,"heggarty2024",-5.65603503184301,-0.0580032309241852,-0.0803116949119026,-0.174951508884152
2383,"heggarty2024",-5.87424188311718,-0.0446771666637118,-0.0842860201623327,-0.192282737070754
2384,"heggarty2024",-6.05589377842277,-0.0707573710727443,-0.0234613379400532,-0.175691149900698
2385,"heggarty2024",-6.04442037181002,-0.127427509075899,-0.0345214825233986,-0.0298754225063208
2386,"heggarty2024",-5.86012700645676,-0.027915598355557,0.00195458274104889,-0.229205869950726
2387,"heggarty2024",-5.91118291108416,-0.130506442309081,0.0198244766914972,-0.13429846437287
2388,"heggarty2024",-5.26189306623339,-0.0396646505153854,-0.124167800117773,-0.0983889124268873
2389,"heggarty2024",-5.86834435075662,-0.0956412829179759,-0.014546169356402,-0.209860764307211
2390,"heggarty2024",-5.86550209408116,-0.0430790369583415,-0.0389734531201768,-0.142546298488876
2391,"heggarty2024",-5.62464488921315,0.08186143889896,0.0906794534526957,0.0612591643713379
2392,"heggarty2024",-5.95464435642344,-0.0635993967239846,-0.129876971735685,-0.0971287158297164
2393,"heggarty2024",-6.42348164063342,-0.187168605672657,-0.0548580763454657,-0.164596513732883
2394,"heggarty2024",-5.96422046863806,0.0369889864011655,0.026805760536452,-0.053271343335681
2395,"heggarty2024",-5.23416727684053,0.064890259467985,0.0669907281643368,-0.0339385611725643
2396,"heggarty2024",-5.96161255872371,-0.0181793335107524,-0.0392155984605225,0.0180460681077852
2397,"heggarty2024",-6.00850398805781,-0.0943290517695145,-0.0234133289086408,-0.182824434152383
2398,"heggarty2024",-5.72460237804312,-0.0243542216241611,-0.0230163514700958,-0.201776482791107
2399,"heggarty2024",-5.79780722009916,0.0776108200887163,0.0290618049375574,-0.0777003033394696
2400,"heggarty2024",-6.08629372469,0.0293206532967,0.0575665015291843,0.0135245446456861
2401,"heggarty2024",-5.82793822353998,-0.0889596557217613,0.0510666651437145,-0.0207866289812729
2402,"heggarty2024",-5.9659096892091,0.0601387122999211,0.0381281854005406,-0.0365938094967375
2403,"heggarty2024",-5.48613485421812,0.0004175020907133,-0.0718709483254343,-0.132952455779937
2404,"heggarty2024",-6.4470327020174,-0.0331892339282734,-0.0872735625716566,-0.154051078716384
2405,"heggarty2024",-5.95702935395804,0.0501122431228182,-0.109003939212496,-0.109957569861065
2406,"heggarty2024",-6.46385895781179,-0.133325110520187,-0.0689484375928304,-0.0540395490600161
2407,"heggarty2024",-5.83064705187861,0.0169712342742945,-0.0441625966685638,0.0200650725053393
2408,"heggarty2024",-5.80066712163522,0.134457602373856,-0.0903845794882945,0.00957264424790764
2409,"heggarty2024",-5.62643896793581,-0.149478301455843,0.0839619998158596,-0.116449044608857
2410,"heggarty2024",-5.72586474943931,0.0616646424216661,-0.093363925834249,-0.0492973192306836
2411,"heggarty2024",-5.6560454568306,-0.00936620006569244,-0.0121590250343218,0.0868229536619644
2412,"heggarty2024",-5.97902301588689,0.00021177549067132,-0.0577780865190415,0.115824495879384
2413,"heggarty2024",-6.04030094332131,-0.0129557716837565,-0.00162070578840252,-0.0872516564025266
2414,"heggarty2024",-5.58492882455195,-0.119799167812735,0.0535517201872143,-0.189740860718366
2415,"heggarty2024",-6.27938752116767,-0.115348697325796,-0.0225550979915408,-0.153429079717821
2416,"heggarty2024",-5.80086756398388,-0.144043939262802,-0.00990619954097635,-0.130914506186473
2417,"heggarty2024",-5.7084335842772,-0.0027746449082698,0.00896742839238477,-0.0601421166571568
2418,"heggarty2024",-5.82024824813835,-0.0564931048975007,0.115166779963687,0.00267017842303235
2419,"heggarty2024",-6.74161723638827,0.0423763773692133,0.0348320098252148,-0.0645630709822154
2420,"heggarty2024",-6.53111461256702,-0.0941191351198003,-0.0604985351919368,-0.216691201820864
2421,"heggarty2024",-6.12598590753527,-0.0401718896302987,0.118788537226504,-0.0507349146508234
2422,"heggarty2024",-6.04049903728579,-0.150271553988451,-0.022318014622762,-0.0837024261390753
2423,"heggarty2024",-5.81631270774608,0.0944962087028838,-0.0519992213547658,-0.0162809626517988
2424,"heggarty2024",-5.82101412491787,-0.0182198580849844,0.0245668558664121,-0.173102360872489
2425,"heggarty2024",-6.10981633499895,-0.060995046264836,-0.0155120800211379,-0.140409601083772
2426,"heggarty2024",-5.81413387458074,-0.0533392165926517,-0.110983628140164,-0.256507042469113
2427,"heggarty2024",-5.70455158410398,-0.0930873250081456,0.108247922044396,-0.126489626235929
2428,"heggarty2024",-5.76453370764163,-0.13858159172224,0.0155731236715384,-0.01647508199009
2429,"heggarty2024",-5.91510764001049,-0.0131592797112976,0.00218805472413449,-0.0618487579905479
2430,"heggarty2024",-5.29415826176163,-0.084090006006028,0.141003667075802,-0.0613917302854383
2431,"heggarty2024",-5.9385313351764,0.0702620695101678,0.0129788727943164,-0.0220416585696048
2432,"heggarty2024",-5.76176943487244,-0.102212194442831,0.0228551955519602,-0.0271735345890566
2433,"heggarty2024",-5.77397689179292,-0.0694863438338961,-0.0300766755986938,-0.143553347921827
2434,"heggarty2024",-5.6478241880372,-0.0795731282222549,-0.0296270799537504,-0.124796085362185
2435,"heggarty2024",-5.92933315127855,-0.0494586618928606,-0.00164513009766845,-0.0680171792548868
2436,"heggarty2024",-6.1175185331233,0.0606186792047765,-0.128326049560562,-0.109294943314232
2437,"heggarty2024",-5.93068561554466,-0.118446873512455,0.0133134607265532,0.0390225827383776
2438,"heggarty2024",-5.57841402405668,-0.0661014560328595,-0.070671915184363,-0.0220642725818472
2439,"heggarty2024",-6.19297125735108,0.0759674486466468,0.01335778984668,-0.0782233598226691
2440,"heggarty2024",-5.55239433465286,-0.171046123325074,-0.0294401461191683,-0.0942593951638871
2441,"heggarty2024",-5.82339506105496,0.130114815020229,-0.0513596935690033,-0.0418840499587144
2442,"heggarty2024",-5.81941712770638,0.130870606950158,-0.13527433345015,0.0110729666396036
2443,"heggarty2024",-5.99195712547448,0.0199656287367865,-0.0316389050844023,-0.0659730427762714
2444,"heggarty2024",-6.25372394660496,-0.203003818652816,0.133831924417212,-0.0691533369003755
2445,"heggarty2024",-5.58378482553132,-0.0680030844164126,-0.00701990954092793,-0.136038009074226
2446,"heggarty2024",-5.7954630019135,-0.0355508274332716,-0.114055081099602,-0.0993822277035571
2447,"heggarty2024",-6.76786077913462,-0.0939787037626845,0.021287079648581,-0.220743536878915
2448,"heggarty2024",-6.31514130309699,0.13020160239266,-0.0263377777250201,0.133573833031557
2449,"heggarty2024",-6.09611163488694,0.00736711844769777,-0.0900433552799761,-0.127272301917323
2450,"heggarty2024",-5.89621445824546,-0.0438103394074326,-0.0942007276358143,-0.139970639517617
2451,"heggarty2024",-6.14882712286385,-0.167985811070802,-0.010083327082766,-0.0359946430879528
2452,"heggarty2024",-6.4285136818994,-0.00453213212689014,-0.0173918971529974,-0.132142648098363
2453,"heggarty2024",-5.97485153879128,-0.0907187273480681,-0.0819750126350306,-0.0110888529929857
2454,"heggarty2024",-5.95396253422957,0.0811196435879358,-0.083052294887446,-0.14063485289159
2455,"heggarty2024",-5.84529416648676,0.0486567248188872,-0.0917985679005007,-0.00790311317030323
2456,"heggarty2024",-5.9129731978342,-0.183654390043289,-0.0886559905606876,-0.232768484418294
2457,"heggarty2024",-5.90020532945266,-0.0417213091910084,-0.140245550491359,-0.136152335436064
2458,"heggarty2024",-5.47773517439823,-0.00282181553738226,-0.166526494997349,-0.161018826113282
2459,"heggarty2024",-5.77714634260865,-0.190317684833367,0.0880506253508954,-0.149193362058373
2460,"heggarty2024",-6.1519363987376,0.0342077845865376,-0.0269076779282071,-0.0705800660523855
2461,"heggarty2024",-5.78443117825534,-0.0332453511902058,-0.159619671289081,-0.201099742699731
2462,"heggarty2024",-5.61986574742188,-0.0939304879194707,-0.0330098563675456,-0.0516528016144242
2463,"heggarty2024",-5.70579986219338,-0.0686938928936861,0.120779153954831,-0.0695709640696236
2464,"heggarty2024",-5.86062098896065,-0.238744201719669,0.00100576010260631,-0.0221394185998519
2465,"heggarty2024",-5.93799019304273,-0.0612166226726524,-0.0550479459978089,-0.188254596245483
2466,"heggarty2024",-6.03956013410996,-0.0512739970710795,-0.0790911434271607,-0.176067920866075
2467,"heggarty2024",-6.08044922776907,0.0823930298515266,0.102787925573907,-0.0621244089215756
2468,"heggarty2024",-6.22850272746747,-0.127852817824967,-0.112791365543626,-0.112137315925316
2469,"heggarty2024",-5.9081737084901,0.0342446059920548,-0.089541076686512,-0.0677299965276988
2470,"heggarty2024",-5.86709478656959,-0.092904454980197,-0.0482284271527311,-0.216580038266252
2471,"heggarty2024",-5.74690872971417,-0.0679519790905783,-0.134274503545303,-0.182035833699935
2472,"heggarty2024",-5.60436721640146,0.0217790193628385,0.0196806309149029,0.0177573077282705
2473,"heggarty2024",-6.035300080825,0.020442497737068,0.0327345153245312,-0.0399127986841034
2474,"heggarty2024",-5.96756329309685,-0.0211561596565131,0.145672034439611,-0.0829323247366
2475,"heggarty2024",-5.85963793032346,-0.109609061224976,0.0154663150565827,-0.140131785103963
2476,"heggarty2024",-5.94172774505213,0.0410358269395987,0.137829486051579,0.131834807834711
2477,"heggarty2024",-5.71428644753894,0.0962332272854119,-0.0771033406981435,0.0015923488559392
2478,"heggarty2024",-6.01730267827969,-0.0892294753125505,-0.0947413162288281,-0.1974365751628
2479,"heggarty2024",-5.73468021491864,-0.0612137426863185,-0.181216891196313,-0.216008447515511
2480,"heggarty2024",-5.71531286466736,0.00409926220159364,-0.0208204640842861,-0.0967327138394151
2481,"heggarty2024",-5.98776998967991,-0.0333297379965158,-0.0147233323983969,-0.134049739832177
2482,"heggarty2024",-5.82037594148052,-0.0315419433959685,-0.0521308553670402,-0.0313153572202253
2483,"heggarty2024",-5.60601107664171,-0.0620088557577941,0.0434399642735439,-0.193324397621981
2484,"heggarty2024",-6.08837501968944,-0.0909462290901384,-0.136172717414008,-0.0492152441516844
2485,"heggarty2024",-5.56386683342645,0.170125102450361,0.0269288064821522,0.167597443307053
2486,"heggarty2024",-6.0071904631968,0.00464751830672766,0.051136125036941,-0.0085472598803114
2487,"heggarty2024",-5.80331591774257,-0.0748147923533309,-0.00290517842671171,-0.136266942760831
2488,"heggarty2024",-5.65777950146075,0.165694807092895,-0.0947428508192959,-0.125314392707561
2489,"heggarty2024",-5.88535439696014,-0.000480874938937295,-0.0152181094769321,-0.103752689906784
2490,"heggarty2024",-5.8233299259118,-0.14016187839617,0.00741747721183442,-0.17697762555002
2491,"heggarty2024",-5.93305966078633,0.0515687436437122,-0.0308735102331677,0.0123569886331214
2492,"heggarty2024",-6.0221340711268,0.0528756666505799,-0.0500124719454398,-0.129544798097442
2493,"heggarty2024",-6.66071593335677,0.013647350176876,0.0114511057833661,-0.0409184209336299
2494,"heggarty2024",-5.95646624699538,0.0750695479178276,-0.0659001594080984,0.0793914928393719
2495,"heggarty2024",-5.83476110853163,-0.0452865576548436,-0.00155368031887366,-0.0512767483426415
2496,"heggarty2024",-5.44717478119645,-0.0119793237628529,-0.0590182505519436,-0.0291879073029131
2497,"heggarty2024",-5.45510039756247,0.0431499012521154,-0.0781916064962721,-0.0872747546993293
2498,"heggarty2024",-5.92275389404713,-0.0922428740162724,-0.0831752369107038,-0.0171762163301256
2499,"heggarty2024",-6.05879690675951,-0.0125171984968494,-0.0641237175579376,-0.151892765139805
2500,"heggarty2024",-5.88703594500058,0.0282474920092324,-0.0657507792186534,-0.0453467842409343
2501,"heggarty2024",-5.95781712192622,-0.0595785547925295,-0.0263912326475098,-0.132141112159863
2502,"heggarty2024",-6.14326348529086,0.107590390391072,-0.0380036119876194,-0.0546932872258676
2503,"heggarty2024",-5.79010494295525,-0.000841246471630064,-0.0154192022687059,-0.0206427455441923
2504,"heggarty2024",-5.85164283395754,-0.0902650964999174,0.0422843061517927,-0.134870853949764
2505,"heggarty2024",-6.07872626404563,0.0287208973340035,-0.146023027002378,-0.0799379549889508
2506,"heggarty2024",-5.95348033518995,0.0477906586116951,-0.0598197024442562,-0.132084637849904
2507,"heggarty2024",-5.6336584485392,-0.0377795004581815,-0.0191993711661315,0.0555962191614064
2508,"heggarty2024",-5.90882472980172,-0.0957605321334324,-0.000129502612737694,0.0237254193134065
2509,"heggarty2024",-5.93898192290249,0.0265394902702415,-0.0338913965770676,-0.0345913944657944
2510,"heggarty2024",-5.90763521062723,0.0267978794868033,-0.091002015052559,-0.0548212102557802
2511,"heggarty2024",-5.89153598885907,0.00465244530768378,-0.0596250499097808,-0.0384905211898612
2512,"heggarty2024",-6.5513189019783,-0.148182028838993,0.158159605289844,-0.109045258013622
2513,"heggarty2024",-6.27441579563729,0.0617349298553242,0.0479418552011872,-0.0893369485440266
2514,"heggarty2024",-5.57043540541511,-0.105383495285867,-0.117648868903159,-0.0888780286014334
2515,"heggarty2024",-5.97722116520673,0.153836380108174,0.0545093772159231,0.0551198825459336
2516,"heggarty2024",-5.91196829210346,0.0841075001164303,-0.0281186849344108,-0.0902557797821732
2517,"heggarty2024",-5.8859466741922,-0.167267770767402,0.0455783183060904,-0.140178306102985
2518,"heggarty2024",-5.7307063095473,-0.0631115160057136,-0.258482127894807,0.00704316027274391
2519,"heggarty2024",-6.25044503701572,-0.0624524033027231,0.0249676686963658,-0.0890312613963358
2520,"heggarty2024",-6.13462489737709,-0.00482512806674576,-0.078123803199106,0.0530075164344229
2521,"heggarty2024",-5.86543279547704,-0.0499193088676692,0.199152523007153,-0.0909836069664608
2522,"heggarty2024",-5.91040872683705,0.00215709800002021,-0.0415086433722868,-0.106696317082625
2523,"heggarty2024",-6.07301048232721,-0.09757728854022,-0.101445528429167,-0.0556872807698714
2524,"heggarty2024",-6.02560115659956,-0.0307602068249244,-0.121263653040962,-0.142428885663945
2525,"heggarty2024",-5.86362050618565,-0.0362718991998214,-0.0367074464460916,-0.0656829398410884
2526,"heggarty2024",-5.84382849620688,0.0199059492868769,-0.0123338895173572,0.0547712905339874
2527,"heggarty2024",-6.02014112635293,0.0180557265155028,0.0422368720263844,0.0107300091083381
2528,"heggarty2024",-5.7773965882371,-0.0127645907789398,-0.0983356372081036,-0.0359150651524883
2529,"heggarty2024",-5.86470911057709,0.025858266635421,-0.048063732925124,-0.127023148094797
2530,"heggarty2024",-5.00524580833768,-0.235197483310101,0.101928110489922,-0.068820458976583
2531,"heggarty2024",-5.81167864242609,-0.117784861011635,-0.069844836023835,-0.164004793328947
2532,"heggarty2024",-5.83980103947899,-0.238888286097774,-0.043350004119653,-0.283469915100358
2533,"heggarty2024",-5.60141269863047,0.0820921276340306,0.0538525936574475,-0.045573891103477
2534,"heggarty2024",-5.82174783072869,0.0562546432959324,-0.0147408511458571,-0.0762223677027073
2535,"heggarty2024",-6.85870060953021,-0.00839300941771132,-0.0266732931696567,-0.0199367146228657
2536,"heggarty2024",-5.66234993238614,0.0828912652101183,-0.0170975490974406,-0.00336909060055858
2537,"heggarty2024",-5.82309686908804,-0.0841189632271189,-0.00465459299247135,-0.0614303884479612
2538,"heggarty2024",-6.01942592283232,0.0144871301396309,-0.0626675544213703,-0.132045531668776
2539,"heggarty2024",-6.66559616274834,-0.296424920062793,-0.077509311761297,-0.1022401957066
2540,"heggarty2024",-6.16555526488882,0.0374594134473743,-0.0706627829763117,0.0552657576169243
2541,"heggarty2024",-5.8262372320763,-0.192330415001091,-0.063319042647255,-0.03170639342966
2542,"heggarty2024",-6.0291588392646,0.00469014710656056,0.0352865654640231,0.0189996962243609
2543,"heggarty2024",-6.0042014741397,0.100923218025824,-0.148333178974309,-0.100320989436127
2544,"heggarty2024",-5.61576373491557,-0.0114602610019579,0.0605290708537368,-0.00820551435561636
2545,"heggarty2024",-6.24962466416491,-0.0817490645073476,-0.096157067749069,-0.0443508007173049
2546,"heggarty2024",-5.81243128900337,-0.0548812363728383,-0.0494725763028108,-0.0957389787718079
2547,"heggarty2024",-5.83041248209678,-0.0189258284634022,-0.0057432967189046,-0.0325652545824771
2548,"heggarty2024",-6.03477900456363,-0.0341957050468006,-0.110365631752332,-0.0992106151053939
2549,"heggarty2024",-5.95801154005182,0.0169662429134792,-0.0987217346560508,-0.0656643915210282
2550,"heggarty2024",-5.82870103142474,-0.103256555836648,-0.0958024169408472,0.012716476597433
2551,"heggarty2024",-5.945783508345,-0.0134476943442682,-0.134739214289584,-0.120743384899602
2552,"heggarty2024",-5.48586128920961,-0.0264542649542795,-0.0341034675889332,-0.071506973802315
2553,"heggarty2024",-6.11625105741913,-0.0667455745770377,-0.0373286798291147,-0.081731182893019
2554,"heggarty2024",-5.72855700736192,-0.0751872945238351,-0.047555058383831,-0.146623190212016
2555,"heggarty2024",-6.1318986633906,0.0713675262874995,-0.0451134826493084,0.0478354748359449
2556,"heggarty2024",-5.438876776418,-0.0872887444965957,0.0875781681322752,-0.202156165650752
2557,"heggarty2024",-5.8944827170499,-0.000517790188049445,-0.0496425356323393,-0.100004716127184
2558,"heggarty2024",-5.80558002076185,-0.104504594242062,-0.0678450577307004,-0.095076092310295
2559,"heggarty2024",-5.94714880532682,-0.0946897159781988,-0.0663433849531368,-0.126378459693437
2560,"heggarty2024",-5.05670908992113,-0.204525507673182,0.075672497060087,-0.182114894927328
2561,"heggarty2024",-5.83960684062818,-0.077018120814558,-0.0882493776415636,-0.0951262550715408
2562,"heggarty2024",-5.80831308534727,-0.0238439522733602,0.0857271008234313,-0.0428870065859884
2563,"heggarty2024",-5.80233461815339,-0.0562483070467418,0.0508004302716837,-0.087196775435105
2564,"heggarty2024",-6.06830812000306,-0.0459930942402248,-0.148010737635739,-0.149362979089571
2565,"heggarty2024",-6.0060068331016,-0.0541772087848517,-0.0258699554094864,-0.00523351157520171
2566,"heggarty2024",-5.91329854942652,-0.0835879207205263,0.147564231097413,-0.259835946699846
2567,"heggarty2024",-5.89494685386274,-0.163679067104298,-0.0840167706385948,-0.183971197241844
2568,"heggarty2024",-5.58260217311152,-0.147745718330009,-0.0510968490565208,-0.256247973215261
2569,"heggarty2024",-5.98800032614592,-0.109789232975686,0.114052806296221,-0.012664164269433
2570,"heggarty2024",-6.46515045029331,-0.124027276964111,0.0202606374325853,-0.12890692442062
2571,"heggarty2024",-5.82914298316332,-0.011971386811291,0.11408486704942,0.099087547945807
2572,"heggarty2024",-6.16402103162995,-0.0293778462448527,0.0201545147937361,-0.0136572753552989
2573,"heggarty2024",-6.2138070553563,-0.134254319615374,0.0034051864788099,-0.108944448484369
2574,"heggarty2024",-5.56991856958395,0.119150209858619,-0.123394669470525,-0.077765349997757
2575,"heggarty2024",-5.76956601539623,-0.0346922400441537,0.00650377936921638,-0.123834685340615
2576,"heggarty2024",-6.10719797015989,-0.0909360438167666,0.0878461356295285,-0.0742358434725377
2577,"heggarty2024",-6.29705346435674,0.0160648172623875,-0.14990642025693,-0.067906192735354
2578,"heggarty2024",-5.9545250870166,-0.149121921316206,0.091471883618773,-0.0427590333571808
2579,"heggarty2024",-5.99331972109969,-0.0273489888220327,0.0325625973991543,0.143048584001448
2580,"heggarty2024",-5.7228868746333,0.057657435458555,-0.174250323343639,-0.177442469324142
2581,"heggarty2024",-5.71898236555964,0.0372105926099628,-0.0154613328416512,-0.0549863582214133
2582,"heggarty2024",-6.25304751194608,-0.093720466034309,-0.0523921963200767,-0.150277017424302
2583,"heggarty2024",-5.71227182359284,-0.0432105766023905,-0.0511775629017796,-0.207947541398399
2584,"heggarty2024",-6.29258719297601,-0.149079629275832,-0.0559822778866642,-0.147076264522088
2585,"heggarty2024",-6.23731059114365,-0.0513315593450385,0.0170353596692556,-0.100410080594025
2586,"heggarty2024",-5.89220389951585,-0.0091707237952057,0.00472157303173457,-0.138599822439009
2587,"heggarty2024",-5.65358729982009,-0.024647929737069,-0.0943152380562356,-0.147783023481937
2588,"heggarty2024",-5.68631164769883,-0.0258640460383405,-0.0410723751079385,-0.00708712306558107
2589,"heggarty2024",-5.8702783337268,-0.0661803726480766,-0.0836917159132526,-0.105122470372324
2590,"heggarty2024",-6.00406344092901,-0.0215122599447268,0.0613162269305401,0.239883961812893
2591,"heggarty2024",-6.04280297200707,0.00879527828467566,-0.0871314138917114,-0.0968420406852969
2592,"heggarty2024",-5.67860162060404,-0.115167583946085,-0.00676344501823788,-0.211162762974973
2593,"heggarty2024",-6.20515185798972,-0.0433386187912381,0.0488363071279438,-0.0239798849067475
2594,"heggarty2024",-6.00544921604342,-0.0609346967435024,-0.0409292081132895,-0.159996471560973
2595,"heggarty2024",-5.81490194035888,0.0891081531692335,-0.0426350196337233,-0.120396939485318
2596,"heggarty2024",-6.34126082527493,-0.10147971393363,0.0970593750800298,-0.0385530905969606
2597,"heggarty2024",-5.95539950109808,-0.0638866113668249,-0.0357556681895834,-0.0640317285691417
2598,"heggarty2024",-5.83645007355922,-0.108897342471408,0.15964552024342,-0.00675675840255598
2599,"heggarty2024",-6.08411015371069,-0.115003785044956,-0.0871193939023551,-0.23364935210795
2600,"heggarty2024",-5.78550537431858,-0.107965522932817,-0.0929000308991778,-0.0739076989969779
2601,"heggarty2024",-5.89907767537733,0.236404178957839,-0.0175373750354856,-0.0887008602131193
2602,"heggarty2024",-5.62888466353052,0.0157772182797389,0.0501161509714669,-0.0800988698050458
2603,"heggarty2024",-5.77852123076303,-0.0369340763722847,0.0420659218133346,-0.101455492555179
2604,"heggarty2024",-5.88061855491442,0.0406470694834755,-0.0683835202791176,-0.0959569077479102
2605,"heggarty2024",-5.8273749464027,-0.0669423295820721,0.0457833111349508,-0.0644773976352883
2606,"heggarty2024",-5.86007969119237,-0.00763929032136135,0.0914754118278204,-0.0450255117998752
2607,"heggarty2024",-6.05577170556805,0.0808276293743673,0.0335148464938661,0.0174959184394081
2608,"heggarty2024",-5.92667205234798,0.0497126630810574,0.0239805806077014,-0.109511208922158
2609,"heggarty2024",-6.19295923551304,-0.0529182798212426,-0.0633985324462085,-0.109112129962342
2610,"heggarty2024",-5.71926291291759,-0.047961706952805,-0.121780605497338,-0.033032464263349
2611,"heggarty2024",-5.82643433697569,-0.0461794307361858,-0.0571214395015327,-0.106509028215579
2612,"heggarty2024",-6.03109753936487,-0.103206403763682,-0.0191113821301225,-0.0133634602588848
2613,"heggarty2024",-5.71200636887995,0.04242002662754,0.10867568767294,-0.0776236794132296
2614,"heggarty2024",-5.59878552851608,-0.110997142931619,0.0158712064385598,-0.0687453917942544
2615,"heggarty2024",-6.12305550144234,0.00636716659786173,-0.112766521083757,-0.169607478452513
2616,"heggarty2024",-5.97745046959397,-0.145434154386235,-0.0422261870204579,-0.100231845019772
2617,"heggarty2024",-5.76558576014805,-0.123868126684871,0.0149866161305967,-0.123862733555674
2618,"heggarty2024",-5.6045844769515,-0.156824792979546,0.0392899489371735,0.0276700461399442
2619,"heggarty2024",-5.91462842685199,-0.0291059573598965,-0.0976577910276862,-0.0721323142852381
2620,"heggarty2024",-6.05631449276575,-0.116360747188001,-0.128801634795708,-0.0656238844241802
2621,"heggarty2024",-5.45845939739413,-0.0290978223817281,-0.060040935320703,-0.014884016569777
2622,"heggarty2024",-6.42219232991413,-0.0751402683936401,-0.0590519162414991,-0.0748702893632281
2623,"heggarty2024",-5.84252117847936,-0.0674306666969985,-0.0400866115530108,-0.0998828416485571
2624,"heggarty2024",-6.52772464431812,-0.0746474752038845,-0.0373637662464954,-0.0223347776585002
2625,"heggarty2024",-6.11420329908524,-0.117444735529017,0.126419123442261,-0.105252712573354
2626,"heggarty2024",-6.04680231409864,-0.0292134909932339,0.0248480795268626,-0.0880210206434841
2627,"heggarty2024",-5.81259539476558,-0.086580040045883,-0.0749868226141893,-0.196257553340104
2628,"heggarty2024",-6.02390316480989,-0.0365086301185186,-0.00947442820800281,-0.0695795479713736
2629,"heggarty2024",-6.39129050737298,-0.190543283198429,-0.059868423350538,-0.174135533292254
2630,"heggarty2024",-5.78634417134565,0.0463328146581755,-0.111447546787434,0.0470478894143543
2631,"heggarty2024",-5.68566026176981,0.0575311152689363,-0.144991352168386,-0.0930710018145312
2632,"heggarty2024",-5.87394868215162,-0.0873061412587206,0.00177634283969014,-0.1063753499631
2633,"heggarty2024",-5.69519885890547,0.0490641887607986,-0.0486296925638149,0.189827152980931
2634,"heggarty2024",-6.04744060111627,-0.0612639552830894,0.0219559529814362,-0.0478541024299645
2635,"heggarty2024",-5.67259316809496,0.0504686040070731,0.0577921974408214,0.0301559105747993
2636,"heggarty2024",-5.89816641657223,-0.00095617170342506,0.219946792353805,0.215741496433177
2637,"heggarty2024",-6.17598018226046,0.0479844693894972,-0.0971006023380852,-0.0684003035898584
2638,"heggarty2024",-6.08310484783255,-0.115872463324049,0.0223927988301516,-0.0542037955616842
2639,"heggarty2024",-5.64498465694475,-0.0249647832781838,-0.0721113798471834,-0.0164232834154185
2640,"heggarty2024",-6.05343740829364,-0.0500644038347726,-0.160474774244973,-0.246316026322067
2641,"heggarty2024",-6.56532042802598,0.0372655747302577,-0.0530162296196352,-0.153167259839505
2642,"heggarty2024",-5.72414766705939,0.00323817591113044,-0.0530507820172671,-0.0218479625788147
2643,"heggarty2024",-5.69097337907234,0.0393421089428625,0.0228884483604645,-0.0418406777355866
2644,"heggarty2024",-5.8071314374146,-0.0963615027555499,-0.0170435683340196,-0.0966692682397156
2645,"heggarty2024",-5.90681792230372,-0.0932013760437183,0.018678739483705,-0.0184777794219535
2646,"heggarty2024",-5.88056400371035,0.018839673418998,-0.0783763481673564,0.0182743762256413
2647,"heggarty2024",-5.92349519335157,0.0328448418738639,-0.0106133119871665,-0.141774447360985
2648,"heggarty2024",-5.84805837608188,-0.0598938366718128,0.0518812578343774,-0.0819031259813151
2649,"heggarty2024",-5.72111120434323,-0.0875218229017491,-0.103354183930057,-0.117449113723573
2650,"heggarty2024",-5.46302840088741,0.0883057266612302,0.0758544239259997,-0.0443581111020914
2651,"heggarty2024",-5.93888651824374,-0.0324367000846455,0.0475834393168044,-0.092517259879597
2652,"heggarty2024",-6.07977480623202,0.0464727611809252,-0.064217586241601,-0.00314806400826101
2653,"heggarty2024",-5.87988478447519,-0.113076784687225,0.111168326614069,-0.116589045125458
2654,"heggarty2024",-5.92541825779758,-0.0205133467384573,-0.139992601576185,-0.0777117266810516
2655,"heggarty2024",-6.00606857478992,0.104380704223278,0.0030548503708677,7.00896651631805e-05
2656,"heggarty2024",-6.06963327394868,-0.085740697277945,0.0157825687120843,-0.0581385537880493
2657,"heggarty2024",-6.06445185453598,-0.142240453820413,-0.0818555338350394,-0.171750210562808
2658,"heggarty2024",-6.02724388893023,0.0448421072247896,-0.183594162245825,-0.123616186123482
2659,"heggarty2024",-5.90031292992393,0.106972913945861,0.0362965065835603,0.0265892142839655
2660,"heggarty2024",-6.08598739560824,0.0693297664932414,0.059924948410729,-0.0632183576767533
2661,"heggarty2024",-5.91771288518512,-0.0942924610982974,-0.100523778500522,-0.204015564689713
2662,"heggarty2024",-5.87984064207906,-0.0982328272188018,0.0550749644797304,-0.0650884896341434
2663,"heggarty2024",-6.07923948750099,0.0579778472633899,-0.0853908934875008,-0.164858147370045
2664,"heggarty2024",-5.69681010456186,-0.110599523101657,-0.0943994832084471,-0.265565381067205
2665,"heggarty2024",-5.52511795488756,-0.051444400734491,0.110749468829545,-0.0890758896715382
2666,"heggarty2024",-6.20585388009564,-0.151847569385227,0.0511385723390154,-0.12311630821871
2667,"heggarty2024",-5.92724941635308,0.0445298314594808,-0.131678971896513,-0.21776306650678
2668,"heggarty2024",-6.04769339257642,-0.10797977190324,-0.149455746285444,-0.0165256685367504
2669,"heggarty2024",-5.66284469761119,-0.109336608279274,-0.055782073716389,-0.129862666706566
2670,"heggarty2024",-5.99163737953466,-0.0267763338805834,-0.0118537475641477,-0.125620805024718
2671,"heggarty2024",-5.76658446597079,-0.172153673745631,-0.060225965896745,-0.25967099071635
2672,"heggarty2024",-5.59927239004998,-0.0839353302886716,-0.021741710185905,-0.126968902897586
2673,"heggarty2024",-5.93321470693931,0.159466399910247,-0.00295407866634985,-0.191822076137302
2674,"heggarty2024",-5.99222706457718,-0.0150550053042638,0.0350706790571146,-0.0626106998502413
2675,"heggarty2024",-5.88355932165815,0.0438112227831303,-0.0176339160035027,-0.118857127341905
2676,"heggarty2024",-5.84811503057044,-0.00702363599151743,0.0448548963428733,0.0380546344530118
2677,"heggarty2024",-6.0152445761306,-0.171169323188766,-0.0150742192223094,-0.192832253113474
2678,"heggarty2024",-5.37064072327935,0.0239626485830254,-0.0945173413782627,-0.140900672322326
2679,"heggarty2024",-5.81107253642776,-0.0332354588003293,-0.065079642116899,-0.151180672872875
2680,"heggarty2024",-6.04622273355992,0.0164127112524244,0.10403336006326,-0.143533171050646
2681,"heggarty2024",-5.86572586733971,-0.0746671569912734,-0.0411309981956114,-0.175439829732054
2682,"heggarty2024",-5.83263966724189,-0.0867555789599201,-0.0024535168137064,-0.195173227289548
2683,"heggarty2024",-5.67277670065703,0.0355097979819942,-0.112225213908212,-0.106218114842348
2684,"heggarty2024",-5.9134055193267,0.0372578309685952,-0.0702862852096309,-0.111279979555434
2685,"heggarty2024",-5.87614978000865,-0.0747806118025823,-0.032124993278391,-0.309493720193234
2686,"heggarty2024",-6.07207829251715,-0.36166913962659,0.145215600453239,-0.0902005976243164
2687,"heggarty2024",-5.77413652367418,-0.191796449882535,-0.0250312991584275,-0.0894676412613011
2688,"heggarty2024",-5.89000168390189,-0.0700913808538413,0.0673542383716082,-0.130009408396986
2689,"heggarty2024",-5.98011062851872,-0.0496604091849396,-0.0434842513915011,-0.260908728052171
2690,"heggarty2024",-6.15233356206749,0.0597952534804065,-0.0559789452502216,-0.0261408373456429
2691,"heggarty2024",-6.06802398745104,-0.0655266542170098,0.0295225810373236,-0.0466912357255322
2692,"heggarty2024",-5.81518803544024,-0.0991022653002687,0.0706782563832763,-0.0276282055569324
2693,"heggarty2024",-5.82226960640246,-0.104673039257301,0.009131831334352,-0.00566216307197643
2694,"heggarty2024",-5.94157761386022,-0.00184839486442108,-0.029671424146281,-0.0192732593395644
2695,"heggarty2024",-5.43647270016224,0.00786217456742055,0.0298233197749657,0.0191152329333568
2696,"heggarty2024",-6.47492723926233,-0.124206808627268,0.0246282006613912,-0.0499148121089686
2697,"heggarty2024",-6.13786946262142,-0.131499688846056,0.0657402895360049,-0.0351939794890261
2698,"heggarty2024",-5.70862118559436,-0.0497332645789693,0.0745554887946234,-0.0908204592700042
2699,"heggarty2024",-5.95252154598777,-0.00516399795630201,-0.0356058616486139,-0.0825698134109529
2700,"heggarty2024",-5.70512166327629,0.141956664115985,-0.145809434869303,-0.013233222943121
2701,"heggarty2024",-5.94278665840836,-0.0982364895637435,0.197175395850111,-0.0170338182809148
2702,"heggarty2024",-6.01795280945354,0.0157371151415947,-0.0319351761450097,-0.0153731001473707
2703,"heggarty2024",-6.12777326634325,-0.103861813004926,0.009711847630917,-0.159180993803047
2704,"heggarty2024",-6.02695726476922,0.0159590541350274,0.0655283223336595,0.0229541922846086
2705,"heggarty2024",-5.82465011129211,-0.130267401417156,-0.00306807406085933,-0.114785108606757
2706,"heggarty2024",-6.39196422500094,-0.0543991981019651,0.127505587360277,-0.0153409284177737
2707,"heggarty2024",-6.23975152123886,-0.12921335908119,0.00111615271054168,-0.180408158498957
2708,"heggarty2024",-6.15276453728686,-0.0381524221719147,0.0076015928903785,-0.139312205811839
2709,"heggarty2024",-5.70217691586997,-0.0892396409346317,-0.0930808874021698,-0.126412374304799
2710,"heggarty2024",-6.0534901571901,0.0127027162887515,-0.197686138305773,-0.0840300090012617
2711,"heggarty2024",-6.13786049291314,0.00702859549784407,-0.109174509171793,-0.0940832427602006
2712,"heggarty2024",-6.21554023034155,-0.0831054799198576,-0.0287933742256246,-0.106578059345465
2713,"heggarty2024",-6.10549405654769,-0.0202903860621996,-0.093167001354849,0.0368584583836786
2714,"heggarty2024",-5.76418442571585,0.000617479043916416,-0.0483227546838859,-0.195594335308711
2715,"heggarty2024",-6.09988608847995,-0.0916166844321101,-0.0113942356804413,-0.164448069272625
2716,"heggarty2024",-5.64880218461358,-0.0414019129616543,-0.143468702805901,-0.147604281486101
2717,"heggarty2024",-6.42158711707866,0.0353656553797666,-0.0603112921145284,-0.0489973280105816
2718,"heggarty2024",-5.46332328781181,0.0189217917800856,-0.169809960182264,-0.144662992926736
2719,"heggarty2024",-5.97894098057793,-0.0986526966722674,-0.0560715840191225,-0.00580849690629652
2720,"heggarty2024",-6.89918828810358,-0.18639839008912,-0.0459327842565362,-0.100784113810791
2721,"heggarty2024",-5.85526084063744,-0.0250964816876657,0.010380928063609,-0.105830448739478
2722,"heggarty2024",-6.05567250948484,-0.0741807968042901,-0.0278007245942174,-0.0661794849744038
2723,"heggarty2024",-5.8192395045328,-0.091338690961861,-0.0894701822020529,-0.0747717421709494
2724,"heggarty2024",-6.05196557128191,-0.00500654706270842,0.0426721192202805,-0.0661291894322655
2725,"heggarty2024",-6.07596934320183,0.0689568175308034,-0.0685389190475938,-0.18939724600798
2726,"heggarty2024",-5.58877338329926,-0.135642474921757,0.0766384838353108,-0.0842374017393185
2727,"heggarty2024",-6.02291095873932,-0.0672742341881095,0.0976064828085431,-0.0389583220324026
2728,"heggarty2024",-6.18543648253043,-0.0105536235639844,-0.0202992633609582,-0.149384725455364
2729,"heggarty2024",-5.62432746016578,-0.0870810453497728,0.0314702999795389,-0.0571239668788225
2730,"heggarty2024",-5.79163014714428,-0.172650432203166,-0.00376677226218639,-0.212669252939509
2731,"heggarty2024",-5.72108911397044,0.0398982412565053,0.0311660540335401,0.0326710770588598
2732,"heggarty2024",-6.02162650095741,-0.0215525290070903,0.100352807220953,-0.103913275064118
2733,"heggarty2024",-6.06701261304618,0.0125108187546166,-0.0332721278122528,-0.0362888323817782
2734,"heggarty2024",-6.33186554801682,-0.194420104694082,0.0257331247020819,-0.0666892713178872
2735,"heggarty2024",-5.88505417063939,0.0107002133516026,-0.0567941861288147,-0.0733317166850719
2736,"heggarty2024",-6.12746583691074,0.000555327676774285,-0.0785775731189509,-0.14893046101805
2737,"heggarty2024",-5.94068121988946,0.0539289360816332,-0.0143505781810711,-0.188686252715633
2738,"heggarty2024",-6.42514643896949,-0.0251158270426692,-0.0539730434435012,-0.0373642375853204
2739,"heggarty2024",-5.56839534775045,-0.0545023996807955,-0.161361191959875,-0.141336632626156
2740,"heggarty2024",-5.7112285711144,-0.0997429103596245,0.0346773203983972,-0.0934997354349527
2741,"heggarty2024",-6.45951951372769,-0.052835239167562,-0.00350095711463425,-0.0724752533607645
2742,"heggarty2024",-5.4449860926567,-0.158566130382157,-0.0401806573270845,-0.101113618287634
2743,"heggarty2024",-5.8626369327025,-0.0426954685896695,-0.019566051147916,-0.169888213203188
2744,"heggarty2024",-5.8397979464972,-0.062960846593114,-0.0603657426757322,-0.261091304077786
2745,"heggarty2024",-5.69126363272939,0.00246955900550549,-0.0356408362269246,-0.0963680110709718
2746,"heggarty2024",-5.84903862983975,-0.0761571689659859,-0.107468754167559,-0.177518177265647
2747,"heggarty2024",-5.88263985181605,0.0785590245099107,0.10500919383508,-0.252141502048172
2748,"heggarty2024",-5.76162744691294,-0.294631047244689,-0.0526553868698607,-0.0700893990058921
2749,"heggarty2024",-6.22701877770375,0.0787963652220818,-0.0589157342175943,0.020425757985993
2750,"heggarty2024",-5.9210246051031,-0.0295585869705633,0.0262985704397401,-0.0959547591027895
2751,"heggarty2024",-5.88990686735113,0.119303542986816,-0.0577352755479799,0.037088028880171
2752,"heggarty2024",-5.88117513022453,-0.0383985586323849,-0.0286735484559988,-0.0673216437545109
2753,"heggarty2024",-5.96030467439867,0.0115719216150453,-0.0307891254831872,-0.161112473607494
2754,"heggarty2024",-6.39499870888968,-0.0209908412961642,-0.0409217054226151,-0.123766218108819
2755,"heggarty2024",-5.98602152842202,-0.0593352269810881,-0.0746942443244001,-0.142490035128365
2756,"heggarty2024",-5.82445141975882,0.0406314639140245,-0.027362086462384,0.00630722485748591
2757,"heggarty2024",-5.66228417584527,-0.0727307270955472,0.0581552318961516,0.0220700708603347
2758,"heggarty2024",-5.65357664577699,-0.111903479854659,-0.038613543407249,-0.0477545795569164
2759,"heggarty2024",-5.72234936778271,-0.0702470773128327,0.0674351332972341,-0.118299904837034
2760,"heggarty2024",-5.65593577449919,-0.0258382574179213,-0.00332436536192305,-0.0646119705889255
2761,"heggarty2024",-5.85776633010698,-0.0330509117432435,-0.0652777446316294,-0.170868221885719
2762,"heggarty2024",-5.87348031899976,-0.00460711247113221,0.154290177495671,-0.0487661984997401
2763,"heggarty2024",-5.76485530153376,-0.105519018307692,-0.121642239452546,-0.2011517393965
2764,"heggarty2024",-6.08678841862217,0.0146477074235242,-0.0496284447846327,-0.0715246958757484
2765,"heggarty2024",-6.05735175949155,-0.0207838317132559,-0.0679382300655737,-0.158346502899622
2766,"heggarty2024",-6.05614822244342,-0.0152542048306039,-0.086291816263799,-0.291617198688881
2767,"heggarty2024",-5.9976941460333,-0.0666620552411048,0.0378111475829912,-0.0556858546379262
2768,"heggarty2024",-5.72848291174132,0.0582114495808864,-0.15292294887782,-0.299427216071064
2769,"heggarty2024",-5.84643551551879,0.0709005346160904,-0.0758897355384298,-0.0283191947462361
2770,"heggarty2024",-5.87837866015697,0.0326241483478234,-0.211688818788825,-0.171547354664099
2771,"heggarty2024",-5.89918046057065,-0.0297217595773495,-0.139058718285788,-0.183546276342944
2772,"heggarty2024",-5.64292104973531,-0.1242340361785,0.0279083082193582,-0.0956248915785405
2773,"heggarty2024",-5.63666743164642,0.0447086183989482,-0.0815520188007398,-0.0833914304136087
2774,"heggarty2024",-5.72430325728672,0.0280443694224414,0.0306803347501357,0.0414193916525717
2775,"heggarty2024",-5.83003551160533,-0.0784259767832886,0.0957656155308508,0.00856324463892438
2776,"heggarty2024",-6.02206496891578,0.104549232341206,-0.0920005483588869,-0.0102620643399894
2777,"heggarty2024",-6.75044374726406,-0.0581034399690122,-0.0122188020935718,-0.0135408717505054
2778,"heggarty2024",-5.80911788030964,-0.0210194886888736,-0.0546860773657511,-0.178997399981053
2779,"heggarty2024",-5.61989707567529,-0.140350056823263,-0.130634694208693,-0.207928585992986
2780,"heggarty2024",-5.89380482395585,0.0586061701539648,-0.134542443162285,-0.0693495726480369
2781,"heggarty2024",-5.87506509273499,-0.0920066677080138,0.10848647925313,-0.0490014086659939
2782,"heggarty2024",-6.01379753187673,-0.172616964782334,0.0635211864429201,-0.175575298228485
2783,"heggarty2024",-6.17193745828148,-0.160964069510439,0.00692428246996003,-0.175719150183687
2784,"heggarty2024",-6.0317622098307,0.0658234381575752,-0.223834007272561,-0.197152815605394
2785,"heggarty2024",-5.58984846602349,0.0426391600700279,-0.0204783023711275,-0.148991854339499
2786,"heggarty2024",-5.94437335777244,-0.112904151606661,-0.0319958984038744,0.0160086681983422
2787,"heggarty2024",-5.48021780984725,-0.0741631073569851,0.0298963310412535,-0.0484459016920162
2788,"heggarty2024",-5.75364666467295,0.0283854501550632,-0.0721745564422188,-0.0757002464592512
2789,"heggarty2024",-5.74332186149336,-0.107232470459846,0.0719549918293652,0.0337650938131764
2790,"heggarty2024",-5.93631572101415,0.0831238489634357,0.0237988883018784,-0.0496891274563718
2791,"heggarty2024",-5.90348704511086,0.0839688050345338,0.00268728585910659,-0.0376492564710934
2792,"heggarty2024",-5.87066009294935,0.0677857675782829,-0.159203783821207,-0.15631108131233
2793,"heggarty2024",-6.07161742550156,0.0015160612702829,-0.00349779603036093,-0.128628749670577
2794,"heggarty2024",-6.27877520779973,-0.0679618611289967,0.0964996160411394,0.0374141503950058
2795,"heggarty2024",-6.08048906220304,-0.0934483025122178,0.0467126452682549,-0.00568849686247911
2796,"heggarty2024",-6.04807103592855,-0.0548645676093202,0.0203519016400023,-0.00450212156707808
2797,"heggarty2024",-5.77454460850662,-0.101823002404826,0.101147935098106,-0.0715212031064552
2798,"heggarty2024",-6.23303848256795,-0.106726816891511,0.133584950284192,-0.126832147032714
2799,"heggarty2024",-5.47598609952315,-0.0376727125903096,-0.0230059481846612,0.00829676756754044
2800,"heggarty2024",-6.02597560333441,-0.274875761324762,-0.0163601618104463,-0.245604093210291
2801,"heggarty2024",-6.08005375358314,-0.0853099212495252,-0.128919876707423,-0.052879725051863
2802,"heggarty2024",-6.13206233711551,-0.0733949165882768,-0.0300335466474596,-0.063698741855125
2803,"heggarty2024",-5.84382565526781,-0.157204940988821,0.00130262720675703,-0.0577389263374434
2804,"heggarty2024",-5.79706504862681,-0.0438231358548734,-0.0393593938023453,-0.0790901721757288
2805,"heggarty2024",-5.72416830609868,0.0505620436888045,-0.074926033667082,0.00184563827266763
2806,"heggarty2024",-5.74724731591486,0.0893361953398496,-0.0470028200742033,0.00633479363127811
2807,"heggarty2024",-6.19297586720169,-0.133730693547207,0.0657415257864976,-0.0115727291364149
2808,"heggarty2024",-5.88956349014286,-0.0400926257886588,-0.0419494720537958,-0.110302526906202
2809,"heggarty2024",-6.04292721359724,0.028924038010851,0.00391150818673485,-0.0461023974370828
2810,"heggarty2024",-5.81453320196076,-0.0175335390970852,-0.0218736112296107,-0.177279339525521
2811,"heggarty2024",-6.03957113237428,-0.052845857818403,0.0750296836775418,-0.0966455226845326
2812,"heggarty2024",-5.71065664257021,0.0100058168133406,-0.133140181291918,-0.00152467437703753
2813,"heggarty2024",-5.99055093663186,-0.0258601131200335,-0.156086185300014,-0.181545708033123
2814,"heggarty2024",-5.91363865647767,0.114834059129789,-0.168548183685149,-0.137036317516193
2815,"heggarty2024",-5.71593095092018,-0.0331313080792783,0.0739409844801697,-0.0773654546535552
2816,"heggarty2024",-5.59587939242405,-0.08743882902615,-0.047949211857406,-0.239546384787084
2817,"heggarty2024",-5.67514221008573,0.0614903753069138,-0.0169885300658502,-0.165608903971448
2818,"heggarty2024",-5.72174326865733,-0.152152361069424,-0.110245868836402,0.0151601071296217
2819,"heggarty2024",-5.86596969236618,0.0307394129190594,-0.0387719220747788,-0.145734705931336
2820,"heggarty2024",-5.70947818308276,-0.163768982776042,0.0670255828217246,-0.0270092802002038
2821,"heggarty2024",-6.23681137057514,-0.0589097641541342,-0.0550540501898292,-0.0766401182545147
2822,"heggarty2024",-5.90307198719525,0.0550904749404599,-0.0481577913257005,0.00411050846717308
2823,"heggarty2024",-5.85041115237034,-0.0885086156078458,-0.0646660779986292,-0.159072579731616
2824,"heggarty2024",-5.69405971062914,-0.0578625853446159,0.074539417782917,0.0583618328110199
2825,"heggarty2024",-6.03974652122314,0.0121896715217769,0.0322895400181191,-0.184498406229816
2826,"heggarty2024",-5.76612139637991,-0.0101138914270406,-0.0435032286216177,-0.020841501187636
2827,"heggarty2024",-5.98786172579023,0.0762414057541789,-0.0267461291954814,-0.0515280864178176
2828,"heggarty2024",-6.09310439088942,-0.0547598449663864,-0.0116017470705207,-0.0700395283689231
2829,"heggarty2024",-6.02954840656272,0.0192707337982279,-0.0416970969136332,-0.0655736920939916
2830,"heggarty2024",-5.62232620449473,-0.0580297140822866,0.00485635131307055,-0.215903856086035
2831,"heggarty2024",-5.98712560380706,-0.0709607798491218,-0.194373574256871,-0.240121518897431
2832,"heggarty2024",-6.02649372438661,0.00718670670266312,0.0890553658568256,-0.0379083303396862
2833,"heggarty2024",-6.05199098857872,-0.105164192833301,-0.0717596610183918,-0.109006988049617
2834,"heggarty2024",-5.68482807858397,-0.144294313846081,-0.0739983462408711,-0.229794853787741
2835,"heggarty2024",-6.80527353993676,-0.061562172042937,0.144863360529147,-0.101660025696997
2836,"heggarty2024",-5.92491036587371,0.0011006373042202,-0.0813834160993374,0.0645333494369778
2837,"heggarty2024",-5.96353492661619,0.010429676065279,0.031924937365391,-0.152062019049747
2838,"heggarty2024",-5.9605198635072,-0.108464454219776,0.0273152252851891,-0.275421341034115
2839,"heggarty2024",-5.9113712859737,-0.0536150726891118,-0.130962268784664,-0.0376675831334563
2840,"heggarty2024",-6.19472121650908,-0.0822874996032609,0.00615155880813968,-0.0434772922512659
2841,"heggarty2024",-6.26469573487469,-0.0290138032604356,-0.00900391689113609,-0.0464947508085051
2842,"heggarty2024",-6.31451590703882,-0.0804408147527177,-0.0340972754873386,-0.103918593536835
2843,"heggarty2024",-5.68525566650297,0.0512746815494519,0.0429700783757608,-0.00783118225594325
2844,"heggarty2024",-5.88519011994893,0.0281249722759233,-0.0243527238295627,-0.116172943371002
2845,"heggarty2024",-5.53197912522767,-0.215704315714879,0.0889977116717497,0.0506688443990816
2846,"heggarty2024",-5.66486150151569,0.130636110766767,-0.00140867921164765,-0.183787962127247
2847,"heggarty2024",-6.09939616773423,0.0107412121727435,-0.0418355852458733,-0.124501296164721
2848,"heggarty2024",-5.64963627212362,0.171960031981779,-0.0843052866091159,0.0385613306379781
2849,"heggarty2024",-6.0149856929428,0.0148685846641827,-0.05123277744098,-0.0963438875954491
2850,"heggarty2024",-5.46905636651324,0.0194182468711458,-0.0544789971667429,-0.057735028074816
2851,"heggarty2024",-6.30143119483622,0.135182408944364,0.080963987723489,-0.00128372497895186
2852,"heggarty2024",-6.17390291134265,-0.0111215241857751,-0.0798649347611234,-0.248008782353479
2853,"heggarty2024",-6.28398601295526,-0.0976995254926371,-0.0905979856353717,0.00388736440055217
2854,"heggarty2024",-6.10291824375442,-0.0104419027802575,-0.0159552512416835,-0.12196670436703
2855,"heggarty2024",-5.61654061793114,-0.0404006377102309,-0.00791333575567779,-0.0928830603130383
2856,"heggarty2024",-6.18080480408471,-0.0598558897471668,-0.202081780340857,-0.0421059459393811
2857,"heggarty2024",-5.80703078052876,-0.104389629796783,-0.17303497091126,-0.148708146010993
2858,"heggarty2024",-5.53540805805571,0.142747823746809,-0.0884544785233054,-0.129447076419187
2859,"heggarty2024",-5.72563989049658,-0.069171884597401,0.0585105876108067,0.0274852799367865
2860,"heggarty2024",-6.25535643233879,-0.090482220418873,0.031045528838304,-0.00350874589840383
2861,"heggarty2024",-6.44455481648844,-0.0484830156144473,0.143689802492637,0.00210077990236874
2862,"heggarty2024",-6.26543787045602,-0.0345877687719704,-0.0780748540794935,-0.13163497794078
2863,"heggarty2024",-5.96853632751776,0.0240522551661926,-0.071333465365828,-0.17399872786083
2864,"heggarty2024",-6.06067565183906,-0.0913782857166359,0.0179451333988281,-0.0781445656620012
2865,"heggarty2024",-5.52261244328342,-0.0867840264323623,0.0320666534887044,-0.186197371812955
2866,"heggarty2024",-5.87590622081042,-0.0325508186477771,0.0234745295159349,-0.0478087113292979
2867,"heggarty2024",-5.89505733394947,0.00794236455974942,-0.107528925405702,-0.0193111114315697
2868,"heggarty2024",-5.36526751630573,-0.0639644043383319,-0.0469590487558467,0.0440490815772996
2869,"heggarty2024",-5.64813056692983,-0.133873867662106,-0.0714040605717449,-0.178705796561059
2870,"heggarty2024",-5.90490635548209,0.0299787301859561,-0.0161401855421363,-0.111010815876627
2871,"heggarty2024",-6.05194267518805,-0.0321414794089739,-0.0767081551371256,-0.23155894489423
2872,"heggarty2024",-5.90116119523381,-0.0118254773815679,-0.112122735817792,-0.0552250172766931
2873,"heggarty2024",-5.7863053271306,-0.00670070979151562,-0.114612004428425,-0.0530805659063198
2874,"heggarty2024",-5.83002419718166,-0.111267064526552,-0.114317119147005,-0.157103301711725
2875,"heggarty2024",-6.02380116614813,0.0593623525451518,-0.0299374220904492,-0.219488921109936
2876,"heggarty2024",-5.60896044434462,-0.107590783546229,-0.0877331591541603,-0.113338771230858
2877,"heggarty2024",-5.97700073771775,0.0896542376430099,0.0082919243728455,0.0211667388813026
2878,"heggarty2024",-5.61943206295555,-0.0203282149346888,-0.00449359229780392,-0.127735272098227
2879,"heggarty2024",-5.53527586278331,-0.000803780270537208,0.130825565717425,-0.423927146157916
2880,"heggarty2024",-5.55048401213549,-0.0823234346445812,0.00925440831984911,0.0399691714626447
2881,"heggarty2024",-5.90064638917877,-0.126772807123954,-0.0546266680239755,-0.0800352272419519
2882,"heggarty2024",-5.60446772192642,-0.0801813410019738,-0.00952453983615227,0.0719195093888585
2883,"heggarty2024",-5.96026767031003,-0.0499489678597687,-0.101975887256426,-0.359426835228191
2884,"heggarty2024",-5.65011655280221,-0.0925775387764943,0.0436569613176747,-0.124073456538707
2885,"heggarty2024",-5.77268058968359,-0.0259014968385516,-0.0923780154355104,-0.0766349599103235
2886,"heggarty2024",-6.27218384247391,-0.0993160352118717,0.0619894468714837,0.0342846688290361
2887,"heggarty2024",-5.76719621667922,0.0608324944844534,-0.0486035808913039,-0.0703542413256443
2888,"heggarty2024",-5.86760738821561,-0.155260759837238,-0.0474771535212583,-0.185663023129675
2889,"heggarty2024",-6.36445738829401,0.136631134232096,-0.130580517805629,-0.0446314832683914
2890,"heggarty2024",-5.80504957289506,0.000175817541072814,0.0351958875111638,-0.0371225089146269
2891,"heggarty2024",-5.6863887364825,-0.00724351118354945,-0.021796854279429,-0.17280332824221
2892,"heggarty2024",-5.81048263169183,0.0194781523562688,-0.0562175840683048,0.00790996122285041
2893,"heggarty2024",-6.12459193827305,0.0590431474182039,0.0490663360888231,-0.224951748629902
2894,"heggarty2024",-5.70073717205674,-0.0790627140988274,-0.0356124916857799,-0.165227623147156
2895,"heggarty2024",-6.34722097357768,0.00596477735453001,-0.0906564598240314,-0.0306014087593487
2896,"heggarty2024",-6.36926108342868,-0.105072546105781,-0.00457349836920126,-0.147708086956758
2897,"heggarty2024",-5.81385970349509,-0.0311113954048787,-0.118376317176388,-0.184644810815113
2898,"heggarty2024",-6.09737497762871,-0.116488193177155,0.00292374494586561,-0.0796883984070247
2899,"heggarty2024",-6.07397626371776,-0.109306221407266,-0.182382091993414,-0.134717898719397
2900,"heggarty2024",-6.33024449462892,-0.118189385255839,0.036337757857045,-0.0533591993196061
2901,"heggarty2024",-6.50534135737768,0.0667241928724669,-0.338968995337839,-0.0689999638988211
2902,"heggarty2024",-5.66161308188057,0.0140664094794128,0.0793845349373637,-0.106880693724978
2903,"heggarty2024",-6.05492612330864,0.020247802189351,0.140796010067289,0.0343088668388773
2904,"heggarty2024",-6.39217211682623,-0.00205279293103405,0.0380555461293944,-0.0301687490410889
2905,"heggarty2024",-6.51878815302579,-0.163211332359647,0.0546714587526813,-0.252523036832874
2906,"heggarty2024",-5.81616006653466,0.115011093797485,0.0085065720655287,-0.117405284260032
2907,"heggarty2024",-5.75341258029546,-0.164636801456439,0.00198847003383994,-0.00211641571010891
2908,"heggarty2024",-5.75225027865802,0.0399299085343228,-0.063411952176976,-0.155370178831993
2909,"heggarty2024",-5.65251571774459,-0.0801514901093336,-0.0142442387468836,-0.000974146615673802
2910,"heggarty2024",-6.01968748177097,-0.122269003378695,0.00844234827018779,-0.0842460119571352
2911,"heggarty2024",-6.30278422173526,-0.0813730015081516,0.0379356467123596,-0.0158160030411734
2912,"heggarty2024",-5.58102131206606,-0.0157656056587112,0.0688910606134951,0.154660926344705
2913,"heggarty2024",-5.74735536698623,-0.150866222259609,-0.0926528983126399,-0.114203025959552
2914,"heggarty2024",-6.15314089656127,-0.000729156901148238,-0.0729846439366022,-0.109734833388727
2915,"heggarty2024",-5.33588241734006,-0.0368784477026764,-0.0157785162721256,-0.0629999538229577
2916,"heggarty2024",-6.20028154277634,0.0680871036316037,0.0419444112075582,-0.0567930584409968
2917,"heggarty2024",-5.73699363541085,0.0173389202499235,-0.155841591658872,-0.122341610664757
2918,"heggarty2024",-5.70626839120352,-0.0970450124296295,-0.0363762375812045,-0.103333175747993
2919,"heggarty2024",-5.82227435965322,-0.0999256197902351,0.0697396149521937,-0.278118427825592
2920,"heggarty2024",-6.09020725507555,0.0871862868673716,-0.0195969839888492,-0.154324715447904
2921,"heggarty2024",-5.86507292908232,0.0328094562480208,-0.00162513629764607,-0.143984557421422
2922,"heggarty2024",-5.63036582109322,-0.11745007053994,0.0599395497000252,-0.158830656440103
2923,"heggarty2024",-5.94842080546238,0.00170596877390526,-0.0342985583445735,0.151758738251888
2924,"heggarty2024",-6.26137513752504,-0.0252315727618181,0.0513586540561336,-0.0417854401771715
2925,"heggarty2024",-5.90645249390761,-0.0462038605055387,-0.0634052283644251,-0.14154850251831
2926,"heggarty2024",-5.89699532995512,-0.138324793814141,-0.0117309844064139,-0.0443676960022528
2927,"heggarty2024",-5.99218653517613,-0.0741794885767875,-0.00865464442104313,-0.116436928134896
2928,"heggarty2024",-5.63343174021113,0.0745115316086136,-0.0462493153562547,0.0588445007328113
2929,"heggarty2024",-5.11482203612627,-0.15946026943067,-0.0205456357321643,-0.186175437197416
2930,"heggarty2024",-5.83547649693032,-0.116547212320991,-0.00870853223483898,-0.128324734320625
2931,"heggarty2024",-5.83419630732194,-0.130748995777631,-0.0884276080188998,-0.119337842776642
2932,"heggarty2024",-6.03789355401435,0.0832104277289979,-0.137557930697035,-0.0854606549569806
2933,"heggarty2024",-5.9297732092679,-0.0180504107799616,0.0507944982580333,-0.104985952091019
2934,"heggarty2024",-5.90883450506388,-0.0641927918431267,-0.00900896712642733,-0.0771009744448964
2935,"heggarty2024",-5.57762419050106,0.00991461906447553,-0.181767350367204,-0.254229388923154
2936,"heggarty2024",-5.48972196621665,-0.00706650509753646,-0.0203698425457679,-0.127700554901375
2937,"heggarty2024",-5.86857361019082,-0.0769699189485581,-0.0391743822352408,-0.047715559165083
2938,"heggarty2024",-5.99507838546219,0.0367636656638607,0.0485480671312176,0.0315756925483471
2939,"heggarty2024",-6.4838059731964,-0.00995000388319522,-0.0159563011991596,-0.201313864940626
2940,"heggarty2024",-5.52805248603775,-0.0480803379039077,-0.0395203306602981,-0.337465901778937
2941,"heggarty2024",-5.79753157662733,-0.0900650588402058,-0.0836088390201161,-0.117025556779492
2942,"heggarty2024",-5.80442105955847,-0.0267689399196192,-0.00727611256838675,-0.0652214315258602
2943,"heggarty2024",-5.75825251668194,-0.0635789815962736,0.0640622172353837,-0.179030757882795
2944,"heggarty2024",-5.89059795456499,0.0749307699932967,0.0846168724150992,-0.0189732613369896
2945,"heggarty2024",-5.62337458413168,-0.0191939776139075,-0.0397730441920789,-0.0327226260862666
2946,"heggarty2024",-6.22038129040931,-0.00128813619746876,0.01939220268223,-0.0584474029684366
2947,"heggarty2024",-6.04698001061004,-0.0903714266265619,-0.101139060777131,-0.173815601129123
2948,"heggarty2024",-5.71450851108726,-0.0539740944875589,0.0664743393013475,-0.130791846942671
2949,"heggarty2024",-4.95062941037278,0.0253849233284702,-0.12401618090809,-0.0485758514932914
2950,"heggarty2024",-5.98505037866175,-0.10165808794041,0.0129360141219241,-0.19435492837097
2951,"heggarty2024",-5.79982723948644,-0.072592197099332,0.0309102261765351,-0.154982376202587
2952,"heggarty2024",-5.58758808825871,-0.0290458816064728,-0.113599744623403,-0.127978915464306
2953,"heggarty2024",-5.75477630891556,-0.0483981594809434,-0.0295962437680701,-0.0382829528960556
2954,"heggarty2024",-6.05032629647908,-0.0657407699072687,-0.0793141663701179,-0.197917704306371
2955,"heggarty2024",-6.03924402746223,-0.197077340297087,-0.0119024961615683,-0.137734045060461
2956,"heggarty2024",-5.61532210225865,-0.0689128488149432,-0.0585846904130978,-0.0016074393328897
2957,"heggarty2024",-5.56182059520847,-0.0834928361102459,-0.124138212954526,-0.200511421865942
2958,"heggarty2024",-6.03738395307549,-0.0461324473660651,-0.0951181303136177,-0.11136699846241
2959,"heggarty2024",-6.00228312164301,-0.158513640966488,0.037096587937025,-0.0149883972731952
2960,"heggarty2024",-6.23393921455254,-0.0898292310929373,-0.072789207642205,-0.207828274817327
2961,"heggarty2024",-5.8362485684501,0.0847221397739614,-0.107104452201417,-0.0251096323860703
2962,"heggarty2024",-5.63458604463297,-0.0380914390271096,0.0399062964352177,-0.0521181056240774
2963,"heggarty2024",-5.68225552606848,0.0441880725786949,-0.154104016020375,-0.240416240299869
2964,"heggarty2024",-6.444098837787,-0.0836642659440422,-0.0183144359255349,-0.164322946642368
2965,"heggarty2024",-5.91699978803362,0.031673019655347,0.0288111194976198,-0.116002530846571
2966,"heggarty2024",-5.53792387661403,-0.0692349367539309,-0.139794918124449,-0.125170995877924
2967,"heggarty2024",-5.78490167695668,-0.00235999617671547,0.0405409741399391,0.0103518183915165
2968,"heggarty2024",-6.08823008882987,-0.0238645264736728,-0.0510827582250684,-0.00911637104897563
2969,"heggarty2024",-5.9653879972468,0.0422889626706127,0.0420140967559108,-0.111805063416971
2970,"heggarty2024",-5.59867916187804,-0.0333462741337052,-0.0927871871441309,-0.0224544641572495
2971,"heggarty2024",-5.75539038690365,-0.101121792785919,-0.0342070125338629,-0.131427885272232
2972,"heggarty2024",-5.8399615964936,-0.0148578269048708,0.0226788554806436,-0.065609871879597
2973,"heggarty2024",-5.77087683266596,-0.0391482202070916,0.114975447969483,-0.110743916634413
2974,"heggarty2024",-5.32256509698923,0.111166675378956,0.046049064164048,-0.0915665900286046
2975,"heggarty2024",-5.85311598796662,-0.107531749776777,-0.0116225131732145,-0.105014804631449
2976,"heggarty2024",-5.16777239939813,-0.0283379243321869,0.0325574046672798,-0.167817481992908
2977,"heggarty2024",-6.0321864495325,-0.00237286468893509,-0.149620677191735,-0.0267470898116472
2978,"heggarty2024",-5.79716263141776,-0.0795083131649189,-0.0211416277544454,-0.0443017140489378
2979,"heggarty2024",-5.68422984222678,0.118128303134689,0.0670621853206939,0.0364446606398969
2980,"heggarty2024",-6.04112490647749,-0.0531691232641526,0.0198656306755856,-0.0655869424429597
2981,"heggarty2024",-5.73054250956056,0.0257473427500628,-0.03327298457638,0.100136689522676
2982,"heggarty2024",-5.84455877004907,-0.0310041855894675,0.0156049231329044,-0.00223432266042015
2983,"heggarty2024",-5.82109166423078,-0.101255839304021,0.02005272667638,0.0051576110023315
2984,"heggarty2024",-6.08676361113141,0.0690790530438836,-0.0617895108035737,-0.148296435819768
2985,"heggarty2024",-5.62587058257132,-0.0192720341244313,-0.0273633114963677,-0.145343094273043
2986,"heggarty2024",-5.84791265233896,-0.0866692007218163,0.0104829050597359,-0.186935542365047
2987,"heggarty2024",-5.6169788777776,-0.019971567931776,-0.0791836229957162,-0.0148681160373619
2988,"heggarty2024",-5.97052240810701,0.0350127526289272,-0.112793845128904,-0.113081974527492
2989,"heggarty2024",-5.7571461760424,-0.0516926035262393,-0.0726955634831136,-0.175491207175842
2990,"heggarty2024",-5.98099001356596,-0.127640161298295,-0.0814029375227839,-0.155791182560996
2991,"heggarty2024",-5.75381816409171,-0.0524661267647142,-0.0238810916734347,-0.102104842398384
2992,"heggarty2024",-5.91209050979657,0.0151561286284658,-0.0922760194433991,-0.0628026863809346
2993,"heggarty2024",-6.20485095794409,0.020836439919918,-0.0587218724753078,-0.024679485382853
2994,"heggarty2024",-5.77649169823776,0.0118859310858378,0.0830205254118888,-0.121274226323215
2995,"heggarty2024",-5.97757454511311,0.0851464104869405,-0.120270608750699,0.0434591094670552
2996,"heggarty2024",-5.4318923246527,-0.06608518686582,-0.0316485502422331,-0.247112177615239
2997,"heggarty2024",-5.68167581116472,0.0764542885813787,-0.253315983837415,-0.115737814730984
2998,"heggarty2024",-5.86000188273946,-0.168885911473517,0.0648414192593648,-0.135823784371187
2999,"heggarty2024",-5.89924160707317,0.03739673442731,-0.073642624571239,-0.0800994590611536
3000,"heggarty2024",-6.29322528841548,0.0389801841216828,-0.070807952768884,0.0301658232921857
3001,"heggarty2024",-6.35156387871188,-0.130849932592239,0.0985540815610407,-0.137489969675966
3002,"heggarty2024",-6.33978685647959,-0.105826152380542,-0.0799962649708569,-0.0815891508498672
3003,"heggarty2024",-5.81105104201529,0.0653899697210086,-0.120176260120164,-0.144223234815317
3004,"heggarty2024",-5.76785746442087,-0.0767082257537134,-0.192833346589475,-0.0930083581942611
3005,"heggarty2024",-5.89343132199546,-0.000606518529857289,-0.164264315183526,-0.106043541445141
3006,"heggarty2024",-6.03583442060093,-0.0618682301608889,-0.0291911125062452,-0.0231174559999241
3007,"heggarty2024",-5.91354181082087,-0.0653071479360785,0.0734553000791039,-0.074643889000333
3008,"heggarty2024",-5.96117785887343,-0.166246930752586,-0.126392027481015,-0.126250882255492
3009,"heggarty2024",-5.90801581359997,0.00506503682658929,-0.0370514481699036,-0.151096319291638
3010,"heggarty2024",-4.82557479524059,-0.103855977388778,0.0231713531727167,0.0248531785190634
3011,"heggarty2024",-5.87477371713388,-0.14990830196044,0.0240981144123454,-0.100541439913331
3012,"heggarty2024",-6.42228920197001,-0.0735358354148816,-0.0256210920557233,-0.0248602998580044
3013,"heggarty2024",-5.91070852783409,-0.079532701555236,-0.0474474243396351,-0.0744919430510386
3014,"heggarty2024",-6.06800029843688,-0.111585034099728,-0.0240372912920665,-0.15498268767952
3015,"heggarty2024",-5.68244498940859,-0.0248505244901447,-0.143858637378883,-0.346743113669866
3016,"heggarty2024",-5.87767713480752,0.0429365566877006,-0.024863720365971,-0.134881651247874
3017,"heggarty2024",-5.69797360847733,0.0320699118895775,-0.240792315442729,-0.171051010156904
3018,"heggarty2024",-5.58666959124462,-0.0758809354107766,-0.109225235277689,-0.0524069942305245
3019,"heggarty2024",-5.96509108718754,-0.000227510904614443,-0.114696121803557,0.0161531774170523
3020,"heggarty2024",-6.02881035385486,-0.0983178402543241,0.0696847892764499,-0.167342367068891
3021,"heggarty2024",-5.86512981061989,-0.172605751097635,-0.144307142912919,0.10030303959804
3022,"heggarty2024",-6.18307967402367,-0.0503386936828524,0.0935131438832916,-0.104472370269075
3023,"heggarty2024",-6.09761903706287,-0.128164285763773,0.0297866089213784,-0.0479134339239017
3024,"heggarty2024",-5.68202199345191,-0.0645405042498924,0.00449633580220965,-0.131802529865705
3025,"heggarty2024",-5.28881496232568,-0.0118885230963565,0.0382940794077739,-0.0501006460969229
3026,"heggarty2024",-5.84503874995524,-0.00423434589407048,-0.0303096253007778,-0.157857349565527
3027,"heggarty2024",-6.39275837133383,0.0506408635640879,-0.108649627794189,-0.118785933757872
3028,"heggarty2024",-6.00369521150747,0.0364609969768735,-0.0632665094209979,-0.170710334767222
3029,"heggarty2024",-5.87262621524143,-0.0905871901218922,-0.06746413865775,-0.135084580303229
3030,"heggarty2024",-5.61701236183894,0.0595937593361673,0.0616265740143064,0.00561220620903573
3031,"heggarty2024",-6.04120918556162,-0.0304206531992917,-0.0142583142961783,-0.197569068360912
3032,"heggarty2024",-6.13464570681806,-0.0971616190723102,0.109889754126759,-0.0217595104753285
3033,"heggarty2024",-5.80278304873267,0.0333801594053589,-0.0510738870132671,-0.0801891421963788
3034,"heggarty2024",-5.93449956369963,-0.0214702361961183,0.00535389944762172,0.043315723665981
3035,"heggarty2024",-5.8848802055617,-0.0157254383451628,-0.163860105631223,0.0442776895188595
3036,"heggarty2024",-5.96081673050058,-0.038221503926522,0.12513119963514,-0.116435774455625
3037,"heggarty2024",-6.24131215168613,-0.075688143297548,0.0750773831787328,0.0272738818947268
3038,"heggarty2024",-5.96474689155981,0.0155927685256965,0.0836179658297037,0.0465827251986596
3039,"heggarty2024",-5.91944306883924,-0.0182424388000111,-0.0518256231130474,0.120111102025168
3040,"heggarty2024",-5.68493668774701,-0.0128246261956979,0.082878042656615,-0.0775692175968818
3041,"heggarty2024",-6.05637278728287,0.0209986840240189,0.0159009906472615,-0.0787657935782035
3042,"heggarty2024",-5.70900981482172,0.155562404409477,0.0282055424202544,-0.0471759456709177
3043,"heggarty2024",-6.29277191731017,-0.205464620791408,-0.0510778538027945,-0.0595241273854159
3044,"heggarty2024",-5.82706492676175,0.0917287420573788,-0.0136525058024913,-0.157925276946417
3045,"heggarty2024",-6.3420781194132,-0.233966512823519,-0.00325709426409785,-0.106600697127559
3046,"heggarty2024",-5.73331790689158,-0.0109336995801852,-0.0426630522581723,-0.103548983068006
3047,"heggarty2024",-5.94069334564025,-0.0504647263638933,-0.097206032775587,-0.115192218893057
3048,"heggarty2024",-6.30043496215927,0.106763651251925,0.0802750220380942,0.0318513301712631
3049,"heggarty2024",-5.87883815937448,-0.0941912094781097,-0.0132223909222215,-0.0314078612974176
3050,"heggarty2024",-6.58080460603458,-0.0920432450976285,0.0418306995216469,-0.0669280054610576
3051,"heggarty2024",-6.02550533803058,-0.0604827784469201,-0.0712066593913012,0.000924300697010671
3052,"heggarty2024",-6.39797057404894,-0.0573764036077599,0.033845203284036,-0.0162966972132082
3053,"heggarty2024",-6.4425852877881,-0.194655784047584,-0.0472684156201233,-0.117957688856885
3054,"heggarty2024",-5.78893596035538,0.0201695127369519,-0.0113741888981337,-0.0360684128680224
3055,"heggarty2024",-5.31351002728173,-0.056896645612641,-0.0370148151517247,-0.0629864814304983
3056,"heggarty2024",-6.07784994646864,0.0372897179529748,-0.161982928976245,-0.019623672102775
3057,"heggarty2024",-5.53875226584632,-0.154493472484889,-0.0321515557705558,-0.0244941976227637
3058,"heggarty2024",-5.93420354087167,-0.042207497116288,-0.139300849633666,0.028362229257002
3059,"heggarty2024",-5.8844471348499,-0.0743666105303751,-0.100092874870304,-0.170631845584584
3060,"heggarty2024",-5.78389457483919,-0.095867294590899,-0.085205202037164,-0.129549746638409
3061,"heggarty2024",-6.00072864701166,-0.0217064462547586,-0.0895443621945876,-0.145714138498279
3062,"heggarty2024",-6.10444678605175,-0.0781336757591106,-0.0442841674181513,-0.103793342776876
3063,"heggarty2024",-5.54647841686952,0.0492554392273982,0.0268317583580418,-0.0795483076261422
3064,"heggarty2024",-5.65700581581998,-0.0646693152301427,0.0963218248165396,-0.145160040895352
3065,"heggarty2024",-5.93677935552187,0.0661182076152219,0.158486316310468,-0.0232145043777864
3066,"heggarty2024",-5.77762893460999,-0.0239833028414791,0.029753519981814,-0.0777132818565501
3067,"heggarty2024",-6.08610141114284,0.0734713370623993,0.0114183763240104,-0.0816114019389753
3068,"heggarty2024",-5.72255312177105,-0.2067507722412,-0.14330098234365,-0.0913555272617071
3069,"heggarty2024",-6.29208388199976,-0.11525517943923,-0.128756937473283,-0.243089591096735
3070,"heggarty2024",-5.95734573876805,0.043710236246647,-0.0247255755133402,-0.015701826772418
3071,"heggarty2024",-6.23775529050846,0.0154708748022619,0.0602035780930487,-0.00349127883161531
3072,"heggarty2024",-5.43798184667458,-0.0698033049378043,-0.235353670406412,-0.00148383750573297
3073,"heggarty2024",-5.71716381207312,-0.152589147461831,-0.0870914555943472,-0.212767093576803
3074,"heggarty2024",-5.91554163779817,0.118745060538124,0.0220677049332899,0.00938814586362057
3075,"heggarty2024",-6.46780107070472,-0.0807643558789425,-0.00720043824536697,-0.0574318701648762
3076,"heggarty2024",-6.54660181331468,0.0528015140713109,-0.0037409001723268,-0.0358212808409263
3077,"heggarty2024",-5.5777370821308,-0.00786135671293049,-0.0209828256361182,-0.0971718262710751
3078,"heggarty2024",-6.07315302907117,-0.0623357869781878,-0.000850458739137338,-0.0405162042314619
3079,"heggarty2024",-5.97279668913878,-0.107986041202563,-0.0949088949091191,-0.13084523425696
3080,"heggarty2024",-5.6993547161475,0.0529872111389836,0.126952668256458,-0.0158763569293284
3081,"heggarty2024",-6.03849219710546,-0.0211574223709852,0.0467074179679442,0.0011278984540213
3082,"heggarty2024",-6.25063239661657,0.0637698351162816,-0.125831984317035,-0.0613608987402417
3083,"heggarty2024",-5.97115652286474,0.0527491027061038,0.0289445412541254,-0.04876383514804
3084,"heggarty2024",-5.8475286136445,-0.0607563765589337,-0.120855401209799,-0.0861961820197817
3085,"heggarty2024",-5.70108825240958,-0.0351996131580096,-0.0518213526236788,-0.0739612895070504
3086,"heggarty2024",-5.88267851707848,-0.060406925455853,0.00895390245877508,-0.123007812080237
3087,"heggarty2024",-5.87527844584694,0.0311461520701776,-0.148602937570027,-0.0312600406711137
3088,"heggarty2024",-5.98878766804707,-0.0894708636529006,-0.16705927854569,-0.143103319728542
3089,"heggarty2024",-5.81969805789513,-0.10152442719502,-0.0100154438952653,-0.041192655495007
3090,"heggarty2024",-5.99752550162248,0.0553837683264818,-0.119156141835763,-0.196383693825373
3091,"heggarty2024",-5.59917776204765,0.036305078215633,-0.0256652825208742,-0.0630574524292758
3092,"heggarty2024",-6.78414999532692,0.0347154811437586,-0.140985369347031,0.242340991522706
3093,"heggarty2024",-5.83369279062397,-0.154202762544449,-0.0500663532977098,-0.117720384895834
3094,"heggarty2024",-6.04051037956103,0.0203926910355078,-0.0219644778203019,-0.0833166002693835
3095,"heggarty2024",-5.7600013298589,-0.0274803233783649,0.0443240409503013,-0.207535946472875
3096,"heggarty2024",-5.82882726086092,0.0489531647176703,-0.0339551187534625,-0.211654705500571
3097,"heggarty2024",-6.00938816522598,-0.141874987841278,-0.0070649194005545,-0.0287717997521699
3098,"heggarty2024",-6.252623981453,-0.101116169940194,-0.0076371354828816,0.00926256697465794
3099,"heggarty2024",-5.91347115753539,-0.052375225275255,-0.0106696387422986,-0.128911686538261
3100,"heggarty2024",-5.76525682944389,-0.0171228638891002,0.108299452381579,-0.0179372973230331
3101,"heggarty2024",-6.00402504739254,0.052191394457962,-0.0631108399885107,-0.0528573609404611
3102,"heggarty2024",-5.9733086195575,-0.0827514302431914,-0.0456081751415765,-0.142454119361373
3103,"heggarty2024",-5.43055369473053,-0.0268700327586559,-0.116109443452837,-0.110675409103955
3104,"heggarty2024",-5.98408432797487,0.0623532864642309,-0.056876780872372,0.0270456909190018
3105,"heggarty2024",-6.38933122846344,0.0715896116183931,-0.145706444915545,-0.185094457263404
3106,"heggarty2024",-5.72956095186596,0.0277107996917868,-0.141496986315082,0.0293332047469379
3107,"heggarty2024",-5.85559666922646,-0.00414465426756866,-0.110941562273628,-0.109459473550859
3108,"heggarty2024",-6.17141722868883,0.0878951846395474,0.0142266138872939,0.0684919683807425
3109,"heggarty2024",-5.75654631836142,0.000482001869569985,-0.140041872415368,-0.216102687758129
3110,"heggarty2024",-5.91925009146504,-0.0661399057602447,-0.1724609415084,-0.154453837219099
3111,"heggarty2024",-5.75414503802918,0.0119354179190574,0.000896068273286359,-0.101392496332941
3112,"heggarty2024",-5.95015742108299,-0.0669125147215505,-0.113808032648945,-0.169703629317209
3113,"heggarty2024",-5.72770923206967,0.00871758319719383,0.00802890727495099,-0.00596157712975633
3114,"heggarty2024",-5.93491242184677,-0.0694727827175718,0.0320570202745483,-0.0286778092904571
3115,"heggarty2024",-5.81926317156357,-0.108104409648752,-0.059974904724784,-0.0556176971124896
3116,"heggarty2024",-6.03077070881101,-0.153091304053963,0.131074212374511,-0.162251362799157
3117,"heggarty2024",-6.0561152941396,-0.0321767540806168,-0.115425197072269,-0.0282799684311471
3118,"heggarty2024",-5.69891334667999,-0.154002916393846,0.0894574376259206,-0.215242716603386
3119,"heggarty2024",-5.77331728629096,-0.0878110920546417,0.0821279133762633,-0.124125032840527
3120,"heggarty2024",-5.91071391071427,0.00894862656809263,-0.011203522205206,-0.0421144956762064
3121,"heggarty2024",-5.86536600076981,0.134883171172228,-0.0895407522329534,-0.128638767381406
3122,"heggarty2024",-5.88339541621025,-0.0526390101962592,-0.128652591217029,-0.107908194167407
3123,"heggarty2024",-5.9943130372349,-0.0124619203378456,-0.037711199914644,-0.0954516908513364
3124,"heggarty2024",-6.15880257585977,-0.00103914918105886,-0.154511939027223,-0.0539640531431291
3125,"heggarty2024",-5.76387251533352,-0.21246226391091,0.0679470621514223,0.0730813489077592
3126,"heggarty2024",-5.81129353974637,0.043696991487631,-0.0998815126203975,-0.12007607830954
3127,"heggarty2024",-7.03686107962714,-0.076240763493493,-0.0549739389915522,-0.00513720383830926
3128,"heggarty2024",-6.27609238673092,-0.111803287172724,0.123880213945625,-0.0263524325052683
3129,"heggarty2024",-5.91133997277733,-0.0428186443735332,0.0198332303320657,-0.0310330195585772
3130,"heggarty2024",-5.77405832113156,-0.128298625193856,-0.0117285654843459,-0.0842185153675433
3131,"heggarty2024",-6.25104015567419,-0.074418746278976,-0.0550850797728625,-0.18310924600883
3132,"heggarty2024",-5.00058122653065,-0.128819497463871,0.0491097278448911,-0.0267011154810558
3133,"heggarty2024",-6.05675228406863,-0.0562745644878701,-0.00427901637154999,-0.0615091636470214
3134,"heggarty2024",-6.12722619393122,-0.0965482732960523,0.0458199433643439,-0.0295758573463927
3135,"heggarty2024",-5.86101654973211,0.039834067404118,-0.050178106167616,-0.172957936706383
3136,"heggarty2024",-5.58114485821177,-0.0643821047618621,0.00232954543362588,-0.128311482333931
3137,"heggarty2024",-6.10484195397888,0.0810016034710488,-0.0518617742016166,0.0140153177657635
3138,"heggarty2024",-5.77996015358553,0.0659930222972276,-0.194006374529805,-0.176288786663142
3139,"heggarty2024",-5.80763221813897,0.0152181534915952,-0.0211903627085321,-0.0982944948817761
3140,"heggarty2024",-5.6098354726435,-0.0640539122520217,-0.0819632909152157,-0.122585958938309
3141,"heggarty2024",-5.82543704718908,-0.0298657032806511,0.0260978721885222,-0.0522579160589826
3142,"heggarty2024",-5.62402894974385,0.0589462773813665,0.0509883855986794,-0.0695563268130945
3143,"heggarty2024",-6.22603079276494,-0.107275134070033,0.00973059317121119,-0.113591573983369
3144,"heggarty2024",-5.84277784645068,-0.0841285232782777,0.0616180602084491,-0.111470220118293
3145,"heggarty2024",-6.87893382119427,-0.146069634314482,-0.0440121511527251,-0.0950582486265669
3146,"heggarty2024",-6.07996111360845,-0.126629893476355,-0.0675394239324714,-0.15698311684749
3147,"heggarty2024",-5.94967496209662,0.0603565057683687,0.0264977480560603,-0.118739651044405
3148,"heggarty2024",-5.95199329234529,-0.169951948669871,0.0393373805401267,-0.0247739305289555
3149,"heggarty2024",-5.29589066817176,-0.09115219480798,0.00250481165064217,-0.284472798214129
3150,"heggarty2024",-5.44413346024292,-0.0188909428549752,0.221149983482872,-0.125740989831216
3151,"heggarty2024",-5.04335545756132,-0.0343327728962032,-0.0186048617305119,-0.0449825905980964
3152,"heggarty2024",-5.9196103006879,-0.0144460641116647,0.0305682296625772,0.00700909631704162
3153,"heggarty2024",-5.90067040462482,-0.0275428464485895,-0.114517059361998,-0.0816195968387112
3154,"heggarty2024",-5.85745009743097,0.033794557675133,0.00292900263743302,-0.208282203234564
3155,"heggarty2024",-6.02885856151763,0.13843199152941,0.0807452363545838,0.0870142030989426
3156,"heggarty2024",-5.83708046034469,-0.1280309449704,-0.015703612393038,-0.0838361631925586
3157,"heggarty2024",-5.83271608187668,-0.0767178391895696,-0.0233370618068522,-0.0767032350048402
3158,"heggarty2024",-6.21557048221463,-0.0525453525660353,0.0613506264234212,-0.0314394649072069
3159,"heggarty2024",-5.19615809600905,-0.0255510396351679,-0.0193570850548469,0.038876421909498
3160,"heggarty2024",-5.90952830487663,-0.0192973898647655,0.144363924964546,-0.120432756203059
3161,"heggarty2024",-6.03920084332626,0.106753884466894,0.0336282096151412,-0.149580265836737
3162,"heggarty2024",-5.74387960729445,0.0643271709316429,-0.101528707236632,-0.162305285597315
3163,"heggarty2024",-6.02876404067965,0.0228228549668964,0.00897927067546851,-0.0569115144511662
3164,"heggarty2024",-5.9666264015174,0.0166297710100238,0.000936554560567248,0.0218012809308454
3165,"heggarty2024",-5.64669535356565,-0.0541458789095776,0.0689742315888109,0.0169990359190088
3166,"heggarty2024",-5.77682100983622,-0.0558772580008189,-0.0284357797750848,-0.226361563745984
3167,"heggarty2024",-5.84725384892626,-0.0308405749570171,-0.0800519340224312,-0.231271967028082
3168,"heggarty2024",-6.08819867866589,0.0134024347839363,-0.0585198728618739,-0.087432833719392
3169,"heggarty2024",-5.9377528593119,0.0914573917458198,0.091124094693574,-0.0171858600928043
3170,"heggarty2024",-5.65496776867078,0.0305906627136838,0.028137376591523,-0.117191166055766
3171,"heggarty2024",-6.01644454476168,-0.040600932662451,-0.0819139443539717,-0.327786552479937
3172,"heggarty2024",-5.89910193270645,-0.0435756678473818,-0.101429723461551,-0.10579302914549
3173,"heggarty2024",-5.72546819429635,-0.0201775121180513,-0.221637691553936,-0.1482365945739
3174,"heggarty2024",-5.64674488535985,-0.0427700436579831,-0.139963993710359,-0.176768074553253
3175,"heggarty2024",-6.22562170478824,-0.0616387829087151,0.060683549049355,0.0488238149546722
3176,"heggarty2024",-6.02000160012244,0.115431537735333,-0.119848737267584,-0.122874173262379
3177,"heggarty2024",-6.0411789865017,0.0152234627818985,-0.21215744889044,-0.196287658721805
3178,"heggarty2024",-5.85408776761511,-0.019368301166001,0.00658166327976378,-0.135813033541565
3179,"heggarty2024",-5.57943652682143,-0.000483483828490699,-0.0637556594413169,-0.134641426932005
3180,"heggarty2024",-6.08767464089072,-0.102966763972777,0.0367974244678654,-0.143383349859269
3181,"heggarty2024",-5.93123419854513,-0.143321337308384,-0.107976461738214,-0.142189452733513
3182,"heggarty2024",-6.63010269671476,-0.0685723486541315,0.0750297805391049,-0.109131672770429
3183,"heggarty2024",-5.99778375343311,0.046676760117841,-0.0588305046828871,0.0600452828836467
3184,"heggarty2024",-5.895305959267,-0.000651303094608882,-0.0491882368683152,0.0298665615732929
3185,"heggarty2024",-5.92405219819879,-0.0261830957623237,-0.0057087157067936,-0.00248884349838331
3186,"heggarty2024",-5.99315902939681,-0.099441157840317,-0.104678086024546,-0.125150462925294
3187,"heggarty2024",-5.76684624801134,-0.0741294724833479,-0.332670063820921,-0.214536125240674
3188,"heggarty2024",-5.88957527633972,-0.124103815574261,0.0932365921103413,-0.251522383403304
3189,"heggarty2024",-5.9461063055863,0.00268936282672022,-0.00507025873375825,-0.092360285442206
3190,"heggarty2024",-5.93073710377722,-0.0232855862014669,0.0733597810325247,-0.11578615820758
3191,"heggarty2024",-5.93008377637737,-0.0458690338635864,-0.134388664146042,-0.111448920009007
3192,"heggarty2024",-5.86025210931994,0.0290015376665855,-0.0528188903041656,-0.0727355531866404
3193,"heggarty2024",-6.23871347313204,-0.0833836254159549,0.105334652139988,-0.042857604096928
3194,"heggarty2024",-5.44177610474144,0.0110278052540123,0.0272411459076588,-0.0724397783790101
3195,"heggarty2024",-5.91157899520541,0.0430159889179775,-0.0737561792935447,-0.0180599110323367
3196,"heggarty2024",-6.06734712300613,-0.0911776843732717,-0.137564378532119,-0.0540198913018958
3197,"heggarty2024",-6.09621304628484,-0.00676526699949267,0.0633495326412516,-0.0164220299270914
3198,"heggarty2024",-5.93401442665124,-0.0217111638217421,-0.115091245427761,-0.0309514226593411
3199,"heggarty2024",-5.81579496787485,-0.128278597208599,0.0658441338018382,0.201835934083611
3200,"heggarty2024",-5.94146612546141,0.103800885139202,-0.00743928752760564,0.000711827542801876
3201,"heggarty2024",-6.13813085257201,-0.0813414607201564,-0.0633679771986753,-0.116972193895248
3202,"heggarty2024",-6.27042547554594,0.0148442095800935,-0.0908469076659213,-0.102025084766827
3203,"heggarty2024",-5.93627733101335,-0.0643201938661571,-0.0388784362740105,-0.0514072503546259
3204,"heggarty2024",-5.95570701300532,-0.170319253408436,0.052390704124952,-0.226027915391612
3205,"heggarty2024",-6.20289245251969,-0.0760175650875802,-0.0855424463511335,-0.0478148064344411
3206,"heggarty2024",-6.00226719937476,-0.0493930100569393,-0.151889630690295,-0.0886181377889637
3207,"heggarty2024",-5.43540206638522,-0.0442497485275078,-0.17634446160047,-0.124034306586733
3208,"heggarty2024",-6.18604347247378,-0.0788913816788713,0.0783328886935706,0.0978334253897073
3209,"heggarty2024",-5.88300862750992,0.0230262926814737,1.89990222704078e-05,0.0142370165300156
3210,"heggarty2024",-6.01579204886683,-0.0225514658058951,0.0206333806037994,-0.0157861876352851
3211,"heggarty2024",-6.70096788844531,-0.145759034952577,0.0977537613676387,-0.0900723382328611
3212,"heggarty2024",-6.00241860229901,-0.0274109481993163,-0.111323229871595,-0.288762226196688
3213,"heggarty2024",-5.76139959485036,0.0263274676879623,-0.126018977191401,-0.224821756924578
3214,"heggarty2024",-6.31089595681981,-0.13957882750159,0.0303121124297716,-0.0571018653266867
3215,"heggarty2024",-6.30464414927442,0.00616305698307643,-0.103845946280201,-0.0662633319541984
3216,"heggarty2024",-5.93667626628019,-0.139712474458642,0.0133028735793497,-0.193509023971005
3217,"heggarty2024",-5.78965177110442,-0.000632658622873702,-0.103919875637061,-0.139269498779105
3218,"heggarty2024",-5.89264924119308,-0.0744701998791591,-0.00165616774250932,-0.219821617695145
3219,"heggarty2024",-6.00925394391722,-0.187594627051295,-0.0197675977534328,-0.181856821981082
3220,"heggarty2024",-6.00963880691737,-0.049135055263181,-0.199381361487694,-0.127674318571399
3221,"heggarty2024",-5.84105864824695,0.116703259042996,0.0359083516515249,-0.150428994593883
3222,"heggarty2024",-5.25037028039227,0.0444598174465485,-0.0234453927899044,-0.155279357304286
3223,"heggarty2024",-6.07573158459562,-0.0486716413946005,0.080558920797027,-0.0227601460657399
3224,"heggarty2024",-5.8165064668676,0.0344344775266999,0.0667177953693716,0.101464186682785
3225,"heggarty2024",-5.93901560896466,0.00191322135232813,-0.0825844643782214,0.0412591928447853
3226,"heggarty2024",-6.08076323823494,-0.236525006648481,-0.122577860214941,-0.235834527904204
3227,"heggarty2024",-5.68967924859396,0.115125547993059,-0.0222687462173799,-0.108033739726496
3228,"heggarty2024",-6.31538534411658,-0.0911975065183731,0.100853419182513,-0.0628292408813271
3229,"heggarty2024",-6.0165302618673,-0.197005999258388,-0.212594486159915,-0.211828771624828
3230,"heggarty2024",-5.95755398751221,-0.0942031348837731,0.0350078797325434,-0.0146411954668826
3231,"heggarty2024",-5.98807691322602,-0.222635573544584,-0.0500951492951061,-0.137230864132095
3232,"heggarty2024",-6.08010149453213,-0.040612680439337,0.036799369450623,-0.0762623780615702
3233,"heggarty2024",-5.80797791287808,-0.0111438495744438,-0.0816645163655702,-0.0851875466906517
3234,"heggarty2024",-5.98333152572105,-0.0683783515096331,-0.00711744713281713,-0.0442589176088393
3235,"heggarty2024",-5.92547663523033,-0.136782562653135,-0.0433404810542974,-0.167117201697183
3236,"heggarty2024",-5.73975343386242,0.107543612456555,0.06341739787676,-0.115113614001181
3237,"heggarty2024",-6.33503328444133,-0.0727589763098463,0.113906890959349,0.0246749729578655
3238,"heggarty2024",-6.3906921339213,0.0313575409808065,0.183522895216933,-0.0216018573457335
3239,"heggarty2024",-5.818909277226,-0.0395996923925521,-0.11342955589694,-0.105444190144227
3240,"heggarty2024",-5.87262811380999,-0.0177489440750075,-0.0508958603366334,-0.0391884017683857
3241,"heggarty2024",-5.55840475153719,0.00540031720902267,-0.167644496908047,-0.140908452962013
3242,"heggarty2024",-5.94383742587661,0.0426814434374866,0.120728041161538,0.000694917283821482
3243,"heggarty2024",-5.59925839827364,-0.0430541409813769,-0.112396820316891,-0.205080375610839
3244,"heggarty2024",-6.18455434272026,-0.0288049212850714,-0.100115830543782,-0.0565634184899656
3245,"heggarty2024",-6.03477092119255,-0.0153434194916194,-0.0121623758955854,0.0500337874328361
3246,"heggarty2024",-6.57245631221406,-0.212605956699076,0.051460868128282,-0.0686943895493144
3247,"heggarty2024",-6.0797056405559,-0.0518497336665578,-0.0761221992723113,-0.0747479855869313
3248,"heggarty2024",-6.19141581028791,-0.160175486444689,-0.00426727099880124,-0.0981524045461852
3249,"heggarty2024",-5.89636847633265,0.11934449706382,0.0329216900044994,-0.0248108278287826
3250,"heggarty2024",-6.06171932730618,-0.0798990074314058,0.00241024633234859,0.0167561454692538
3251,"heggarty2024",-5.76503420463975,0.0272496282706414,-0.0159907957156133,-0.111062625605897
3252,"heggarty2024",-5.78426166478955,0.0430773080664601,-0.0204530070586321,-0.0260164775535755
3253,"heggarty2024",-6.17227427700803,-0.201626077243931,-0.0621289213383635,-0.0107817492686439
3254,"heggarty2024",-5.59659868926177,-0.0302375114466669,-0.0279916027874642,-0.143847578387255
3255,"heggarty2024",-5.95401132666602,-0.0572884996570569,-0.109656546643899,-0.120881929915795
3256,"heggarty2024",-5.86100068316972,-0.0385306388180868,0.0107227283457662,-0.0288674603937988
3257,"heggarty2024",-6.07458755568462,-0.000945644243249326,0.0179958601181714,-0.0807644393666276
3258,"heggarty2024",-5.82612507401184,-0.131836715174439,-0.0104445391184255,-0.0732649087151357
3259,"heggarty2024",-5.6266748493019,-0.122560651894154,-0.0962256537833951,-0.192008739245847
3260,"heggarty2024",-5.96346376358373,0.0314457206028276,-0.0515503362117901,-0.00882027643753138
3261,"heggarty2024",-6.09215440299421,-0.107380947738538,0.0920231528949369,-0.163548789969343
3262,"heggarty2024",-5.64132171407939,0.0197865342732407,-0.0929234561147902,-0.211236945258005
3263,"heggarty2024",-5.60904814840422,0.0882381221844342,-0.0216598980878127,-0.209958514405309
3264,"heggarty2024",-5.58224332423921,-0.0806360091189246,-0.143589539841737,-0.268022892969808
3265,"heggarty2024",-5.87108136115088,0.0187931912045743,-0.103220744226951,-0.17988672171932
3266,"heggarty2024",-6.46157625272129,-0.107572197168938,-0.00965490279665597,0.0129711337453874
3267,"heggarty2024",-5.94130057659258,0.0270718319348791,0.0493380862526613,-0.0316946161012916
3268,"heggarty2024",-6.05966512625256,-0.0415052746455442,0.0833323800045247,-0.100718228724332
3269,"heggarty2024",-5.8078762530548,-0.0959153303274486,0.0696004522546688,-0.204354932615592
3270,"heggarty2024",-5.73573887218853,0.0751250216998054,-0.0894393712943791,-0.171840029307205
3271,"heggarty2024",-6.00944422045807,-0.121956056541332,-0.125779363234835,-0.153739885195224
3272,"heggarty2024",-6.23751904418747,-0.0768757208314234,-0.0586457045959395,0.143910632798902
3273,"heggarty2024",-5.47896769716964,0.0256094672756096,0.0631325072898645,-0.0370524603129545
3274,"heggarty2024",-6.05306169669696,-0.0717869515055284,-0.143161778594144,-0.130758453109091
3275,"heggarty2024",-5.8688103447861,0.00917717385095657,-0.0636451742425064,-0.11537369145495
3276,"heggarty2024",-5.79970857463697,0.039413139458198,0.026950630683641,-0.0226287303963172
3277,"heggarty2024",-5.90046183422631,-0.0468484027381115,-0.129005913806742,-0.217162430415832
3278,"heggarty2024",-5.81501368559829,0.0367598793388613,0.0666387028662932,-0.085393532803958
3279,"heggarty2024",-5.81436962357375,-0.0540487441587112,-0.0601794210619961,-0.13554339938047
3280,"heggarty2024",-5.31832954090283,-0.0282206442549309,-0.111262147774227,-0.0806223690917121
3281,"heggarty2024",-5.72571457070567,0.140987503442602,-0.123205232495932,-0.130384073559774
3282,"heggarty2024",-6.08990983601942,-0.0397891340375793,0.017602999455516,-0.104114252233763
3283,"heggarty2024",-5.84929709255033,-0.0445272722451334,-0.099809816619938,-0.0604731698403322
3284,"heggarty2024",-5.69026561292637,0.0071295108580781,-0.0652895846057952,-0.141123261954562
3285,"heggarty2024",-6.02520877709607,-0.11841902361784,-0.0609688833516866,0.0528807611912359
3286,"heggarty2024",-5.92382744146363,0.123591081383651,0.142529629600341,-0.0322961552130198
3287,"heggarty2024",-5.89269984192401,-0.0588434592792851,-0.0578756839331818,-0.0647196764173992
3288,"heggarty2024",-5.70720913275085,-0.000730555261317514,-0.0672450308172507,-0.193211866621948
3289,"heggarty2024",-5.6717806454021,0.146471615181525,0.0807278045225896,-0.217081177230117
3290,"heggarty2024",-5.707954423133,0.0777738132000134,0.067600972646776,-0.0428589855246953
3291,"heggarty2024",-6.7515929780245,-0.267079911131917,0.0344370792674675,-0.00321157981205534
3292,"heggarty2024",-5.75269823572238,0.175540978064604,0.0578726144394847,0.0553551800259673
3293,"heggarty2024",-5.73547186769693,-0.022729951399475,0.130528904668494,-0.0367599201571307
3294,"heggarty2024",-6.71981652104941,-0.0668377841562065,0.0150728548258628,-0.0416553460130595
3295,"heggarty2024",-6.03526541858739,-0.018716690715111,-0.0706560965349807,-0.167297662915464
3296,"heggarty2024",-6.07588119473873,-0.00516157394586041,0.146683617119535,0.159115079221113
3297,"heggarty2024",-5.813196620601,0.111325851050903,-0.160603980946592,-0.222759758698517
3298,"heggarty2024",-5.8836904107642,-0.0284607838716601,-0.0552451857663207,-0.0471463707686121
3299,"heggarty2024",-6.17572934621987,-0.0352244607919302,-0.0195635693272885,-0.14611081717685
3300,"heggarty2024",-6.39095848464536,-0.0733296471260111,-0.0537935441455725,-0.118806809670432
3301,"heggarty2024",-5.83631602315559,-0.0105238614618969,0.0443152180398244,-0.057561832256235
3302,"heggarty2024",-5.58116764411191,-0.138965286735331,-0.00547783357341351,-0.14910920134644
3303,"heggarty2024",-5.93117845577013,-0.122837049875334,0.055964258493372,-0.172629517354319
3304,"heggarty2024",-5.55620720033553,0.0348767048006752,0.052137408541663,-0.0275121109695519
3305,"heggarty2024",-6.1007587359149,-0.0674805428452068,-0.140049603194956,-0.19015767416329
3306,"heggarty2024",-5.93172155679362,-0.0919199489162462,0.083045329825601,-0.16057329348171
3307,"heggarty2024",-5.8641297459094,-0.110128400701494,0.0428978042881224,-0.0232808354531709
3308,"heggarty2024",-6.47637714524393,-0.0676457966500715,-0.0152045630259264,-0.0943858389902078
3309,"heggarty2024",-5.46232265230562,0.0549514256818027,-0.0575132778471345,-0.0242738505045431
3310,"heggarty2024",-6.24320907124129,-0.180623733788715,-0.0410406156769912,-0.0293995632532875
3311,"heggarty2024",-6.04422572903687,-0.0767023404476974,0.0559953228051582,-0.07322353465237
3312,"heggarty2024",-5.84087923804309,0.152321031449585,-0.0468667892963272,-0.104866388020751
3313,"heggarty2024",-5.80318442985039,-0.0323265833491615,0.0346886900394609,-0.0949951951672014
3314,"heggarty2024",-6.13475817363733,0.0846361745581789,-0.0230672437196534,-0.149001684330449
3315,"heggarty2024",-6.60492081597876,-0.00245564747244889,0.027112476934579,0.0184181703200098
3316,"heggarty2024",-5.9614811437564,-0.0849154388856174,-0.100870675111206,0.00952828339946379
3317,"heggarty2024",-6.00772254456527,-0.198860235863915,-0.0991739050210559,-0.138116824708057
3318,"heggarty2024",-6.00607139457509,-0.123935103921722,0.0141569241096998,-0.071701596936406
3319,"heggarty2024",-5.35605403781139,-0.115109873570023,-0.00122486792596012,0.116585983102696
3320,"heggarty2024",-5.50841721744576,-0.0510722932875709,0.0173725484980721,-0.27011776362428
3321,"heggarty2024",-5.88077358090694,0.0803355369564343,0.0460345550587532,-0.195081094494167
3322,"heggarty2024",-5.47988739331072,-0.0381742366769217,0.0886525706152022,0.0249871141612488
3323,"heggarty2024",-5.61875091839787,-0.0554207709883285,0.143477838855281,0.0138423957932583
3324,"heggarty2024",-6.0982219966287,-0.0681302595702304,-0.148580312434699,-0.194916160832788
3325,"heggarty2024",-5.69717175502233,0.0262434724419033,-0.0014604329145987,-0.0602608256613462
3326,"heggarty2024",-5.07564829352545,-0.0866551521116843,-0.0456895613123262,-0.088757754267403
3327,"heggarty2024",-5.50573119249167,0.0286475680276624,-0.0346535557345398,-0.0620568190102496
3328,"heggarty2024",-5.85380426665996,-0.0308664918427878,-0.0079254971710466,-0.0227525063591114
3329,"heggarty2024",-6.12412083539585,-0.0486605111554045,-0.0530402077940692,0.00696768689293091
3330,"heggarty2024",-5.79203017249428,-0.086442354875452,-0.00659622699099404,-0.0179684109160932
3331,"heggarty2024",-5.75432594032932,-0.0593456505637669,0.030729117983489,-0.0558806017902458
3332,"heggarty2024",-6.30634214720287,-0.0683813066822767,0.161316477482029,-0.0491910296537744
3333,"heggarty2024",-5.73531610143635,-0.0389253534747932,0.00262995311814157,-0.136930383657646
3334,"heggarty2024",-6.1939538318596,-0.0264074427384448,0.0495865128125659,-0.0306733665383505
3335,"heggarty2024",-5.7985323760027,-0.0256688401786045,-0.0844152433051071,-0.0672072246469055
3336,"heggarty2024",-5.78638222302576,-0.101411127979956,-0.0340082940139842,-0.129711597225201
3337,"heggarty2024",-5.70368212059482,-0.17028002930883,-0.102915360652352,-0.0993981732240196
3338,"heggarty2024",-5.99898472347309,-0.0253087331356408,0.00820159995763275,-0.0426139096828981
3339,"heggarty2024",-5.95011660208231,-0.0209632754242015,-0.130821461926693,-0.112326147346334
3340,"heggarty2024",-5.8656821735875,-0.102367880857194,-0.00515514459011607,-0.100222687610011
3341,"heggarty2024",-5.75287801669694,-0.0823038328329889,-0.0619783510562047,-0.0829480576662168
3342,"heggarty2024",-5.88140095783827,0.0858654235100544,-0.144630285978906,-0.145055296460265
3343,"heggarty2024",-5.74908692802159,-0.0362326173841666,-0.0673160692793919,-0.20037326230095
3344,"heggarty2024",-5.90719236561757,-0.0524150106421812,-0.0292596641364064,-0.0990743435298055
3345,"heggarty2024",-5.74328827452229,-0.0590977746039207,-0.0401412353318722,0.0563260017832249
3346,"heggarty2024",-5.84720451041667,-0.0250657504134882,-0.103476597397932,-0.0839747402304299
3347,"heggarty2024",-6.005126982678,-0.297936496586666,-0.0551158900375727,-0.108362713409788
3348,"heggarty2024",-5.88562789098758,-0.129288204299071,0.0542640094323875,-0.241116715258291
3349,"heggarty2024",-5.96490672415001,0.00866802165880203,-0.0894976589028789,0.0594725310887735
3350,"heggarty2024",-5.75708114209569,-0.0339395400330503,-0.0920154596178352,-0.206756633613529
3351,"heggarty2024",-5.44352090705232,-0.0622698475640117,-0.114506899562945,-0.152406102479238
3352,"heggarty2024",-5.74482362203982,-0.0312440454484406,-0.0482403596259807,-0.0849332664052106
3353,"heggarty2024",-5.85111936033521,0.0323306213504612,-0.0200023961746498,-0.289562499016888
3354,"heggarty2024",-5.95213870212155,-0.0162253692778509,0.0535522618997785,-0.0024652498244509
3355,"heggarty2024",-5.89881821119939,0.0567516486462186,-0.107900221273019,-0.145361662846954
3356,"heggarty2024",-5.85464935382699,-0.020480143457487,-0.0635138040817446,-0.113119748711805
3357,"heggarty2024",-6.02528485648506,0.0728705878145147,-0.0390208119847841,-0.150651816992113
3358,"heggarty2024",-5.79824134043978,-0.00516540153578159,-0.106149021081306,-0.151501942537297
3359,"heggarty2024",-5.74217533039691,-0.0558906911246899,-0.0385794746345271,-0.0490327117626954
3360,"heggarty2024",-6.35168237317189,-0.0126830099130024,-0.00514169572166616,-0.0373837610890578
3361,"heggarty2024",-5.95272765893874,0.00887319766889512,-0.169800944013625,-0.129518275501704
3362,"heggarty2024",-5.6150614383886,0.167465597238651,-0.0503548926160697,0.117869789735569
3363,"heggarty2024",-5.92162896939858,-0.0235120064443057,0.00949269830791612,-0.0197739476636998
3364,"heggarty2024",-5.84079300578096,0.0597039919975927,0.03125591293038,-0.187699146058173
3365,"heggarty2024",-6.1225037640947,-0.00742036078577267,-0.00454245769356421,-0.0375252530812703
3366,"heggarty2024",-5.83747682541208,-0.0598855007794679,0.0289905639248178,-0.0895521768977967
3367,"heggarty2024",-5.81037101183527,-0.082989658010638,-0.221169840229885,-0.117517729959631
3368,"heggarty2024",-5.72212389664155,-0.0156042282128734,-0.0361966855188602,-0.0538621450006122
3369,"heggarty2024",-5.59125851696696,0.205800322159032,0.0247000983012395,-0.0591942142870572
3370,"heggarty2024",-5.76339124898114,0.0114321929282243,-0.0338417167000513,-0.0906307166411448
3371,"heggarty2024",-6.25317839480648,0.0712458125548292,-0.0467238971689191,-0.13922917024115
3372,"heggarty2024",-6.13038052715697,-0.0145064001275153,0.0358497616459603,-0.0543465344646804
3373,"heggarty2024",-6.19435242624581,0.0023963826818375,0.0239847784084291,0.0552098569520233
3374,"heggarty2024",-6.23970556581502,0.0546997336082594,-0.0879712544825269,-0.031459899414175
3375,"heggarty2024",-6.11424555810503,-0.0194541274190825,-0.0690242217265401,-0.0323745996256657
3376,"heggarty2024",-6.03999447231335,-0.0476618670179096,-0.0612439593760553,-0.0206808017222764
3377,"heggarty2024",-6.16547592292874,-0.023960644093894,0.00737186466254978,-0.168235413906041
3378,"heggarty2024",-5.71330463874922,0.0511799132170744,-0.0644960382884296,-0.180939472169328
3379,"heggarty2024",-5.98076787599487,-0.26493004493187,-0.0509174968433817,-0.0452306210369642
3380,"heggarty2024",-5.6027337282112,-0.0820814544009922,-0.0948366956091964,-0.0146749760152471
3381,"heggarty2024",-5.90116645403985,-0.0662314954941883,0.172987500466757,0.050117761320201
3382,"heggarty2024",-6.24436197192427,-0.0146010524093134,0.0384748485898765,-0.0016949794757496
3383,"heggarty2024",-7.1212353501795,-0.082768284527754,-0.0712715234310136,0.00142002793254936
3384,"heggarty2024",-6.148075566031,0.0577403336701144,-0.122054491104253,-0.0499581191959883
3385,"heggarty2024",-5.85792293783951,-0.120271190727389,-0.0163506661299473,-0.0960241306626415
3386,"heggarty2024",-5.82269301627764,0.0268023884900942,0.00960062342181396,-0.0951772319352831
3387,"heggarty2024",-5.95839398451197,-0.070131562692353,0.127923974144107,-0.169995496156298
3388,"heggarty2024",-5.87976636055724,0.0571295194024737,-0.0238058182682289,-0.0149450978634936
3389,"heggarty2024",-5.62996320600017,0.0590776994592887,0.099403519601085,-0.080051770586878
3390,"heggarty2024",-5.71857928876423,0.013093025847252,-0.344790362437117,0.0296514431156215
3391,"heggarty2024",-6.05773261387878,-0.0749749523923304,-0.0181771271952114,-0.0708303320980787
3392,"heggarty2024",-6.18251732736946,0.0396634069932037,0.202420188402513,-0.015961786536142
3393,"heggarty2024",-5.28602211751819,0.050407340660566,-0.0834163175332707,-0.109850357440988
3394,"heggarty2024",-5.97124716521867,-0.00216862778661081,-0.0277003636716845,-0.143265550811413
3395,"heggarty2024",-5.88705079283035,-0.0574653188120003,-0.0705505659539347,-0.00750347712918924
3396,"heggarty2024",-6.03066991972964,0.0129129270506864,0.0145948694514205,-0.127530480999913
3397,"heggarty2024",-5.96027191857008,-0.0455839496676406,-0.0607464583490015,-0.149291972623631
3398,"heggarty2024",-5.82688256546254,0.000246334876917716,0.00236584412574224,0.0332131342014482
3399,"heggarty2024",-5.74514523286228,-0.0978396355496739,0.0496718713445503,-0.191845100459734
3400,"heggarty2024",-6.07615113346726,-0.0111631236003057,-0.0324964344605742,0.0103865421738306
3401,"heggarty2024",-5.86155978065929,0.0218617377925179,-0.0363535643124712,-0.110137589915503
3402,"heggarty2024",-5.56308535501115,-0.0493444849051246,-0.0143155803105203,-0.0236140600923503
3403,"heggarty2024",-6.27663292245896,-0.164018617439374,-0.121853888567835,-0.0739145602413811
3404,"heggarty2024",-5.90293549302316,-0.0470171688131354,-0.191975212829915,-0.248552292735539
3405,"heggarty2024",-5.74396324444514,-0.197247871546575,0.0887199340232355,-0.208712335331468
3406,"heggarty2024",-5.57100225483154,-0.0474285029203333,0.0345066011189661,-0.186123520988907
3407,"heggarty2024",-5.62297311187252,-0.00790324334110553,-0.0883168059598442,-0.0355884540021014
3408,"heggarty2024",-5.96890070253859,0.0881130607359628,-0.106591818773794,0.0527627045061798
3409,"heggarty2024",-6.16780870490648,-0.0252710619328169,-0.0483103753803508,-0.0695566059975938
3410,"heggarty2024",-5.86177518513442,-0.0362689066983881,0.0559759879177156,-0.064143159104278
3411,"heggarty2024",-6.5088658059774,-0.126477626346647,0.0651210762732586,-0.0695440604021899
3412,"heggarty2024",-5.84236542809394,-0.0240158786139474,0.0216759545022577,-0.059312072042095
3413,"heggarty2024",-5.9445312505803,-0.0548148633447029,-0.00438553259322883,-0.00678558684540318
3414,"heggarty2024",-5.54635040383087,-0.0337817113850159,-0.0233013351152643,0.0285767714985033
3415,"heggarty2024",-5.89829147799963,-0.12119892189958,-0.11791514817532,-0.207134200560621
3416,"heggarty2024",-6.04052890003076,-0.126976659190627,0.00679508619957967,-0.0421574109423581
3417,"heggarty2024",-6.17547450855644,-0.131229021733568,0.11233669564688,0.0757225849069924
3418,"heggarty2024",-6.58114768409102,-0.134127751124734,-0.0507678811345357,-0.108441520490639
3419,"heggarty2024",-5.88422731432786,-0.0963888750325056,-0.051511410143117,-0.107856995715938
3420,"heggarty2024",-5.95546450284715,0.0243107143392808,-0.0236332515547602,-0.156991875502225
3421,"heggarty2024",-6.05417505090849,-0.083526975277693,-0.0626994819532934,-0.148317736639727
3422,"heggarty2024",-5.89640385824396,-0.042435224648618,-0.186095026883588,-0.17569420080682
3423,"heggarty2024",-6.11505251823444,-0.0907485336552216,0.119361527809825,-0.0720004247186526
3424,"heggarty2024",-5.81917579674833,-0.0300482508831764,0.0916335576843083,-0.204617915365594
3425,"heggarty2024",-5.840974234345,0.00930355378583337,-0.141261254210908,-0.114434103959404
3426,"heggarty2024",-5.70800816082645,0.0193110467002185,-0.0161165879517675,-0.0868412584861818
3427,"heggarty2024",-5.97183409233324,-0.0886992968783167,0.0153307393998728,-0.0819691917496297
3428,"heggarty2024",-5.74655962870594,-0.0911971078644809,0.0725192385167735,-0.0168447709302783
3429,"heggarty2024",-5.96275776850705,0.0206767905411015,0.0474964239199875,-0.129018459712224
3430,"heggarty2024",-5.97589596707419,0.0659211871835311,-0.0545678057269003,-0.123584599800334
3431,"heggarty2024",-6.28612129923745,0.021805041726503,0.0844294153461727,-0.149675461912336
3432,"heggarty2024",-5.93684689444313,-0.17767771990576,0.104176623179433,-0.205319632946675
3433,"heggarty2024",-6.05058225111288,-0.150296259934589,-0.0412289831449654,-0.100064508165975
3434,"heggarty2024",-5.57640767126064,-0.0225970343270894,0.0854735369675936,0.0172121244471208
3435,"heggarty2024",-5.85653687725065,-0.031115770271997,0.140309968556526,0.0021366729687059
3436,"heggarty2024",-5.83994641486199,-0.00524203740477893,0.047248078815169,-0.0764590678757398
3437,"heggarty2024",-5.72268818064952,-0.0700890276274998,-0.0500376002174412,-0.141352363255012
3438,"heggarty2024",-6.1387778314864,-0.00569803124253478,0.0219197419658264,0.0643227442761597
3439,"heggarty2024",-5.99028151818006,0.122345651939359,-0.201642227145839,-0.085139162867696
3440,"heggarty2024",-6.30778065030287,0.0602994968295304,-0.0420746295125989,-0.044415624979111
3441,"heggarty2024",-6.03203070654502,-0.0413024913299063,-0.105651583042619,-0.0266156691058129
3442,"heggarty2024",-6.38459174761678,0.00538648639057769,0.0792152785968104,-0.0304422770972054
3443,"heggarty2024",-5.76756863891969,0.0914470925397765,-0.00673848907401613,-0.012548738191042
3444,"heggarty2024",-6.05151637839011,-0.149160837961036,-0.0374276140834173,-0.0762175213855921
3445,"heggarty2024",-5.91537135437941,-0.0260603784776514,-0.0604128635425785,-0.109785933288118
3446,"heggarty2024",-5.68095094781017,-0.0751402080642856,-0.1946736805032,-0.158345469688432
3447,"heggarty2024",-5.84803007246699,-0.032312232300341,-0.0233748935102842,-0.0906634683513933
3448,"heggarty2024",-5.8219111361123,-0.153180406057168,-0.0968907543922271,-0.106065719562891
3449,"heggarty2024",-6.09152974282496,-0.0479559203089731,-0.172583706990255,-0.101947634939669
3450,"heggarty2024",-5.56912602136188,-0.0053669306043879,-0.137602199043506,-0.229000210302872
3451,"heggarty2024",-6.06666888953614,-0.113231917809455,0.0851092774250277,-0.00111376262959278
3452,"heggarty2024",-5.73791067900923,-0.0727560816487002,-0.0546135367684251,-0.0520476363003206
3453,"heggarty2024",-6.28412262523253,-0.0390785105793949,0.0698038633314239,-0.0217455844444779
3454,"heggarty2024",-6.06696970416532,-0.0442188508526774,-0.118587769933975,-0.0692826873194349
3455,"heggarty2024",-5.76611641933265,0.0135576088067497,0.0459632294064717,-0.119174127495874
3456,"heggarty2024",-5.84205565638161,-0.0438436825638942,0.0318638400472219,-0.108162680048381
3457,"heggarty2024",-6.29211044535873,-0.087309711062238,0.030059644238555,-0.0424018691510534
3458,"heggarty2024",-6.13362018704046,0.00105123853972152,-0.0644320734170162,-0.0654606759301795
3459,"heggarty2024",-5.91149095258241,-0.0122231449143667,-0.00504150208136428,0.0387991211511191
3460,"heggarty2024",-5.78502427905859,-0.197216199541228,-0.0802500462326153,-0.113127795923917
3461,"heggarty2024",-5.94887372812872,-0.140690005601617,-0.168870540116156,-0.0283479768080754
3462,"heggarty2024",-5.8374957196643,-0.131162973470087,-0.169097177793356,-0.156566025460194
3463,"heggarty2024",-6.00127797174915,-0.16508876748602,-0.00692134736832573,-0.0699886677815926
3464,"heggarty2024",-5.86104197061627,0.0311938210403187,0.00683282089767224,-0.129582272384773
3465,"heggarty2024",-6.05286619230082,-0.0300499983106783,-0.171405622303939,-0.185167454597595
3466,"heggarty2024",-6.03587610402792,-0.071045539715036,0.180793343676043,-0.0504716586491514
3467,"heggarty2024",-5.7482353005081,0.15018147599458,-0.153481104687421,-0.0415808999287765
3468,"heggarty2024",-6.24176927350543,-0.00381259798995609,-0.0149282024376276,-0.126124870673117
3469,"heggarty2024",-5.91355084594431,0.0479849801447332,-0.0161252039291993,-0.163741387099306
3470,"heggarty2024",-5.92305358618212,-0.0531032235129728,-0.0465581107689196,-0.164660508972242
3471,"heggarty2024",-5.67783920213606,0.0103457196500508,0.0501668058594942,0.000125513927543547
3472,"heggarty2024",-5.90988202193838,-0.0326507593137025,-0.058095223821899,-0.133534867416462
3473,"heggarty2024",-5.86933937478435,0.0146752625266581,0.0726361777606582,-0.0438943413950779
3474,"heggarty2024",-5.91481281252424,-0.0657412845724613,0.0051242411262195,-0.195580212817576
3475,"heggarty2024",-6.24796567222086,-0.190713542216265,0.0497641072525758,-0.0924201209813277
3476,"heggarty2024",-5.71356292352803,0.0826169623886425,-0.238739829326124,-0.131618406918171
3477,"heggarty2024",-5.49834914086826,-0.0233216778831715,-0.0299504935494913,-0.148270563950402
3478,"heggarty2024",-5.65269797650163,-0.076488726196186,-0.028592992815056,-0.0175602928237098
3479,"heggarty2024",-6.26033498626978,-0.0698867753602372,0.0492358496992175,-0.156594636182841
3480,"heggarty2024",-5.54897785332881,-0.0587036538040201,-0.13049582253419,-0.190526787006308
3481,"heggarty2024",-6.33182350244933,-0.124874268091053,-0.112297460455207,-0.19207075386707
3482,"heggarty2024",-5.55693513194992,-0.0315049129687123,-0.0519786796713481,-0.136308292569971
3483,"heggarty2024",-6.14281370675771,-0.255457266039308,-0.0967521917689869,-0.180254793125281
3484,"heggarty2024",-5.91835336997468,-0.0782268112489741,-0.00451115619041107,-0.0977255536839266
3485,"heggarty2024",-5.74376181652306,-0.0239596933275106,0.0642011697309375,-0.146535549675903
3486,"heggarty2024",-6.49621567973197,-0.0310222469913293,0.0724929172207709,-0.086513307256326
3487,"heggarty2024",-5.95267156208253,0.0731476182543377,-0.0134484385580241,0.031933342789145
3488,"heggarty2024",-6.09846957951645,-0.0814710234135701,0.00917448934639448,-0.0385597906255477
3489,"heggarty2024",-6.50769747362424,-0.135187836102321,-0.043418587541503,0.0222877485625934
3490,"heggarty2024",-5.94662466316956,-0.0250779848474348,-0.176871065420148,-0.00420696519056967
3491,"heggarty2024",-6.06431306745298,-0.305860155410442,-0.120108827619927,-0.0580739629680283
3492,"heggarty2024",-6.05618578921753,-0.120769382942863,-0.013029008750756,-0.0182721457801749
3493,"heggarty2024",-6.19167261787436,-0.0766682917663479,0.0746688643316337,-0.15149996493485
3494,"heggarty2024",-5.38873753372027,-0.120507583315133,0.0983371914554651,-0.00929747976963425
3495,"heggarty2024",-6.42065965237687,-0.020106085325687,0.0695115659795009,0.0407164422900868
3496,"heggarty2024",-6.18043924794793,-0.192619625221289,-0.0380471650943401,-0.128809083595792
3497,"heggarty2024",-5.30241057289816,-0.0263520239989339,0.111516702278893,-0.133382570009335
3498,"heggarty2024",-5.78966013646555,-0.168136668891883,-0.102854527527761,-0.0942562909795985
3499,"heggarty2024",-6.04624065009925,-0.103313762891232,-0.110845567448624,-0.038694304683689
3500,"heggarty2024",-6.22956341567413,-0.153226003280014,0.00924318951166027,-0.203045260649551
3501,"heggarty2024",-5.6417069497833,-0.0725323090201393,0.038242689749952,0.0193104314492696
3502,"heggarty2024",-5.90308754836737,0.122503664033755,-0.147599584816174,-0.188832966723957
3503,"heggarty2024",-5.80094794080118,-0.0414379293572784,-0.160434347252651,0.00879933553758713
3504,"heggarty2024",-6.07833716852832,0.0551902183644731,-0.117853321008569,-0.126505653893467
3505,"heggarty2024",-5.6621540212439,-0.0438238185043899,-0.0582921130314519,-0.146220138826704
3506,"heggarty2024",-5.91040279360392,0.00486194665801374,-0.176127191610984,-0.179378936936131
3507,"heggarty2024",-6.30833388710162,-0.0237332819956131,0.0989234450463077,-0.18025373193158
3508,"heggarty2024",-6.46968334605413,-0.0685814733988254,0.063300367198931,-0.101344229200539
3509,"heggarty2024",-5.7085422410435,-0.0624467868975695,0.0140675877696299,-0.0679772272670819
3510,"heggarty2024",-5.86589510679124,0.00315643858576755,-0.0538363044689046,-0.110606101523203
3511,"heggarty2024",-5.94313482602353,-0.182735396049646,0.00432753131576005,-0.147125417415509
3512,"heggarty2024",-5.98665447838676,-0.117260022355328,-0.148613787310106,-0.0286485330499423
3513,"heggarty2024",-5.56455628525925,-0.112294429483829,-0.0656456692418086,-0.0961551951511083
3514,"heggarty2024",-6.2382241833606,-0.212451161433955,-0.103928858897195,-0.108464483040701
3515,"heggarty2024",-6.30705454626808,-0.0654336453185159,-0.0235514738904387,-0.059479898512565
3516,"heggarty2024",-6.46632720945532,0.0376932540361982,-0.0205944602621605,0.0630376673788232
3517,"heggarty2024",-5.95565197121456,-0.05607985231613,-0.0639042187238845,-0.0902663926874675
3518,"heggarty2024",-5.85645929714036,-0.126776117574741,-0.0161004531589178,-0.0671127675481175
3519,"heggarty2024",-5.42597025690565,0.0760278861377059,-0.038112566309201,-0.134243050774724
3520,"heggarty2024",-5.84324442755238,0.0770495878641973,0.0306229289880511,-0.129091851482644
3521,"heggarty2024",-5.74341924298574,-0.116722847580402,0.0334398270368161,0.0405438616061689
3522,"heggarty2024",-5.82794945667337,0.0421936280940896,-0.109344874445502,-0.0926498868805527
3523,"heggarty2024",-6.11558319572921,0.0401873533449432,-0.0032548570972938,-0.103737044962625
3524,"heggarty2024",-5.89300933994104,-0.0470839013340296,-0.119104810647941,-0.14962606595448
3525,"heggarty2024",-5.85597169397615,-0.0746429728612815,0.099891084560552,0.0679952185598472
3526,"heggarty2024",-5.90960989349161,0.0124261864326366,-0.0167178741738287,-0.061949194868831
3527,"heggarty2024",-6.3183743911344,-0.0183861764538498,0.0365819198140693,-0.216779063904739
3528,"heggarty2024",-5.73088759661363,-0.0270995033724044,-0.0750132680746567,-0.0920585872502661
3529,"heggarty2024",-6.13721144983819,-0.103338517688461,-0.106406671969721,0.01704305638515
3530,"heggarty2024",-5.42411209003803,-0.0579617777465597,0.00820200403042281,-0.22879854059795
3531,"heggarty2024",-5.7057227953292,-0.0279868711705611,-0.111301268351408,-0.0415988803027127
3532,"heggarty2024",-6.30080675865861,-0.0447089383839544,0.00186571072629883,-0.0324533694424701
3533,"heggarty2024",-5.88175782392354,0.0457486657764657,-0.043604784042869,-0.0688334553296378
3534,"heggarty2024",-5.79330000619757,-0.02742325905659,0.110024389799749,-0.0967034863775801
3535,"heggarty2024",-5.81261489709833,0.123964762664334,-0.0860754441001789,-0.0146397849095497
3536,"heggarty2024",-6.08265791522558,-0.0462752033455368,0.034713108593046,-0.00492117167274952
3537,"heggarty2024",-5.67740917495408,0.13125672853976,-0.0909246747218914,-0.175459050076224
3538,"heggarty2024",-6.03610089653422,-0.0998473442775457,0.0213241087336293,-0.106688288913161
3539,"heggarty2024",-5.83258600227341,-0.0418207034271866,0.0856593594305221,-0.122426756375214
3540,"heggarty2024",-5.89864743336141,-0.0132388914582575,-0.050434943867062,-0.118940511679933
3541,"heggarty2024",-6.36726293437298,0.0339454795484805,0.0854841605122693,0.180057128712848
3542,"heggarty2024",-5.7586295107734,0.0416649415708562,-0.0878250630321452,-0.0987652069940107
3543,"heggarty2024",-5.59208174149594,0.0132061900331182,-0.0957074052417015,0.116574654818963
3544,"heggarty2024",-5.78401661670214,-0.0144977949269497,-0.044149693742408,-0.0713505447991563
3545,"heggarty2024",-6.16444366744246,-0.0406667583038814,-0.0811036766568339,-0.0942670425723065
3546,"heggarty2024",-5.82441075707001,0.0451122881057565,0.0977331731377807,-0.0661862307816069
3547,"heggarty2024",-5.7445000326913,-0.143648211967178,0.0113820671349881,-0.0647343334115894
3548,"heggarty2024",-5.79968872790739,0.0281518494084872,-0.0381001179169849,-0.052729298446567
3549,"heggarty2024",-5.80370677505741,-0.0583155058768277,-0.103135570402583,-0.168010218366361
3550,"heggarty2024",-5.84502000043941,0.0141138932903826,0.00940527509047841,-0.0666350103813801
3551,"heggarty2024",-5.7783039324477,-0.0246394088113592,-0.0124229427843271,-0.100344032734286
3552,"heggarty2024",-5.53890398869368,-0.0339810690392066,-0.0477621558626664,-0.150514591825957
3553,"heggarty2024",-6.04596581838183,-0.0102998061106572,-0.120242526578058,-0.118102341157224
3554,"heggarty2024",-5.80816561258754,-0.136512015330163,0.00907705711659407,-0.133581346779598
3555,"heggarty2024",-5.93566711785365,-0.0359101684124316,-0.0787194113673029,-0.0781804884980054
3556,"heggarty2024",-6.2041126773515,0.105401518547864,-0.0470283212152897,-0.188384923032884
3557,"heggarty2024",-5.79278778739643,0.0112882733465458,-0.0332564962486116,-0.0964484899288336
3558,"heggarty2024",-6.61254881186909,-0.112323362451734,0.072490917858501,-0.00593492683714188
3559,"heggarty2024",-6.17369336903722,-0.180671643251433,-0.1401895954745,-0.0465079000319369
3560,"heggarty2024",-5.60588750399184,-0.0171920486831641,-0.0561972716952018,-0.382887418218471
3561,"heggarty2024",-5.90992271325135,-0.0366737887078936,-0.000151401665191925,-0.0565574826773598
3562,"heggarty2024",-6.01249401792743,0.0208471734880563,-0.0441987309452439,-0.00167865589437257
3563,"heggarty2024",-5.76688830527371,-0.108717271777482,-0.155460056003493,-0.0964868710949208
3564,"heggarty2024",-6.13197711542594,-0.021928706099012,-0.0434030496882607,-0.226318244215318
3565,"heggarty2024",-6.05807066482501,0.00620113002405239,-0.0455883587285694,-0.100164597554269
3566,"heggarty2024",-5.83386165728468,-0.0797925211750602,-0.0402511306185055,-0.16237294028123
3567,"heggarty2024",-6.10568783005546,-0.0442085719537095,0.0279402418984682,-0.0896433446203649
3568,"heggarty2024",-5.78238016977432,0.0625022562486457,0.0583725014334245,-0.000948522403098848
3569,"heggarty2024",-5.98062771329257,-0.0523419388988121,-0.0385127689465669,-0.0853296779728727
3570,"heggarty2024",-6.01717070705273,-0.000580099858536015,-0.0301627056625396,-0.114023474801555
3571,"heggarty2024",-6.23587898040891,-0.00362975989855161,-0.163374096188142,-0.100511425231759
3572,"heggarty2024",-5.73600778757545,0.043842756110534,-0.115632768961507,-0.0913664658304798
3573,"heggarty2024",-6.0581248673678,0.0877223654621387,-0.00337897216260126,-0.168102583632485
3574,"heggarty2024",-6.14702423157356,0.0808019065134927,-0.00587007050531951,0.0309001800626819
3575,"heggarty2024",-6.1318237069041,-0.0494167152977392,0.0501367276619718,-0.0628475564176997
3576,"heggarty2024",-6.03034751870587,-0.0635754386629247,-0.034560929704863,-0.194771522376313
3577,"heggarty2024",-5.86926402250169,-0.0398697836987354,0.0267921813601247,-0.0896391970186167
3578,"heggarty2024",-5.75840290277039,0.0179840089915344,-0.128285395829633,-0.115461315093089
3579,"heggarty2024",-6.08896804012838,-0.0839104438984773,-0.0839535605452472,-0.139357460212255
3580,"heggarty2024",-5.94992089676962,-0.123688260042422,0.031868710371115,-0.0968673772122279
3581,"heggarty2024",-5.76417957829614,0.0100753097232054,-0.145985825470788,-0.10969447756702
3582,"heggarty2024",-5.96836858160576,0.0815983733052176,-0.113401733086313,-0.216427088688912
3583,"heggarty2024",-6.11933781473976,0.0503683840399748,0.0515074940594356,-0.0174603348698373
3584,"heggarty2024",-5.982815249377,-0.0447315652813508,-0.0663776434900924,-0.098251444705621
3585,"heggarty2024",-6.08702868437195,0.00902624399466485,0.00630209998673937,-0.0711264910010474
3586,"heggarty2024",-6.05020069386069,-0.134969129017703,-0.0193433865955196,0.100794754526857
3587,"heggarty2024",-5.80567078870029,-0.0698267157522739,-0.0466330461046406,-0.0518114744666731
3588,"heggarty2024",-5.73286653476963,0.0844504944750249,-0.0251330335791437,-0.0636694248282408
3589,"heggarty2024",-5.41003440540427,-0.0469712113183731,-0.147966520967608,-0.171367754721732
3590,"heggarty2024",-6.0963782301936,-0.0979181252825759,-0.10109772272124,-0.254035137956897
3591,"heggarty2024",-6.0679265118257,0.256499004811562,0.0672522561870516,-0.00281475505874524
3592,"heggarty2024",-6.15053542265519,-0.0804293285772523,0.0362133430114716,0.0532967423496226
3593,"heggarty2024",-6.05504929417005,-0.161928685793091,0.0448811196946752,-0.195669046936415
3594,"heggarty2024",-5.47752339437308,-0.144668411595755,-0.0624470061458468,-0.067832284188064
3595,"heggarty2024",-5.67218882090028,-0.00996671003735431,0.0857592465603647,-0.102617514047028
3596,"heggarty2024",-6.04773627492828,-0.0476937761248245,0.121566161828712,0.122162292687491
3597,"heggarty2024",-6.5437614820551,0.00112705622987364,0.117617455516786,-0.0936210505595439
3598,"heggarty2024",-5.80795200378423,-0.0652144876049695,-0.0393255888722157,-0.191530859068455
3599,"heggarty2024",-5.59954200902851,-0.0655944803464347,0.0799301718009271,-0.185950915697668
3600,"heggarty2024",-6.20439859299021,-0.0778714339132547,-0.0880346027291987,-0.137627760233674
3601,"heggarty2024",-5.62129390835655,0.0281732941360774,-0.0460877976179534,-0.0218959527359352
3602,"heggarty2024",-5.86354538211354,-0.087507699793152,0.0474262016556215,-0.021239852833204
3603,"heggarty2024",-5.78599157313868,-0.112874271013511,0.102313821689119,-0.120722013443344
3604,"heggarty2024",-5.84565268536696,-0.104037283954504,-0.0420976980887746,-0.220182421737888
3605,"heggarty2024",-5.91600469559685,-0.144874497111402,-0.0111343265423932,-0.208980370669283
3606,"heggarty2024",-5.7324430445891,-0.0784285941411581,-0.0164536807267892,0.00371915639704094
3607,"heggarty2024",-5.86986542582831,-0.0242904597184207,0.00677486986116194,-0.0597970336786104
3608,"heggarty2024",-5.84228701938282,-0.0636507134795198,-0.00324281204998015,0.01038603513956
3609,"heggarty2024",-5.96761306366351,0.0433462145097959,-0.0859964300524216,-0.0411535815306573
3610,"heggarty2024",-5.83970297481452,-0.0733827946714255,0.139659633469405,-0.113555032426183
3611,"heggarty2024",-6.2849846687123,-0.0744428515533969,-0.0898360711955781,-0.0513903055948864
3612,"heggarty2024",-5.81872286478891,0.00700130216128277,-0.0904102379160678,-0.0605137541703218
3613,"heggarty2024",-5.75640957658256,0.0611624468882898,0.0495048896066268,-0.0235636419538091
3614,"heggarty2024",-5.88345907018543,-0.0651757832436663,0.00274776745379193,-0.0438430429332178
3615,"heggarty2024",-5.9466145365064,-0.00157646248879866,0.0650780736336954,0.0312165896467365
3616,"heggarty2024",-5.65691019574119,-0.187250199206629,-0.0855597981455665,-0.109455184257602
3617,"heggarty2024",-5.61231452610229,-0.0176201915307238,0.177122750422501,0.0425027393980548
3618,"heggarty2024",-6.55688307670163,-0.227659933637974,-0.00743388422117408,-0.189543051050662
3619,"heggarty2024",-5.8968448653901,0.0344989061571716,-0.0614261771400148,-0.10724842465676
3620,"heggarty2024",-5.86900676827496,-0.0651147362142779,-0.0161396372635899,-0.122353045124942
3621,"heggarty2024",-5.9121946785256,-0.0855798104672876,-0.203958464170009,-0.0946341657214966
3622,"heggarty2024",-6.91310036760535,0.0438350224454484,0.0367425453032467,-0.0441480049959326
3623,"heggarty2024",-6.29984595281896,-0.0775047756387852,0.0231405084818503,-0.154806452199222
3624,"heggarty2024",-5.9054567560783,0.0963903037121365,0.00692148886033069,-0.136887160328456
3625,"heggarty2024",-5.65746035566347,-0.0808201162321318,-0.03187963863621,-0.0756545227408623
3626,"heggarty2024",-5.95268594936825,-0.0705551702682295,-0.0985714624411196,-0.189187966424974
3627,"heggarty2024",-5.66012458689763,0.0394147099518146,-0.113231913737355,-0.11378660009801
3628,"heggarty2024",-5.85559876388899,-0.0164232253554756,-0.107998770931891,-0.26971317739498
3629,"heggarty2024",-6.64340619992547,-0.0924709806000856,-0.00177591433513483,-0.0828043510806197
3630,"heggarty2024",-5.51314991187624,0.0508816830696888,-0.0801825947597479,-0.217278601253465
3631,"heggarty2024",-5.9388601185927,0.0870840199215161,0.0391171467972375,-0.0615665446217195
3632,"heggarty2024",-5.77060145255667,-0.0678092351187904,-0.0127312772384243,-0.166542815534997
3633,"heggarty2024",-5.84322901197934,-0.0346018485467186,-0.061661363681378,-0.216322892791621
3634,"heggarty2024",-5.6261350658919,0.0699784428642836,0.0437987155454588,0.255652370629252
3635,"heggarty2024",-5.61755291941647,-0.0829026848671212,-0.0388874850546534,-0.0921170535885585
3636,"heggarty2024",-5.98607141296861,-0.085033334129361,0.128215826273015,0.0653658729629734
3637,"heggarty2024",-5.9128269459539,-0.0493462532133275,0.080239630842599,-0.21340620125839
3638,"heggarty2024",-5.89984035359055,0.0193722821501249,-0.0533672468567584,-0.13316836538135
3639,"heggarty2024",-5.69478128466777,-0.0945590812346587,0.0345527124087981,-0.0687236076823793
3640,"heggarty2024",-5.98420412207376,-0.12356842136693,0.0760063988344375,-0.12505029307258
3641,"heggarty2024",-6.25257051889294,-0.037363390697261,0.00268967084114724,-0.145537111681644
3642,"heggarty2024",-6.19600106135274,-0.12048696659568,-0.0622313687493063,-0.156960891090449
3643,"heggarty2024",-5.99579192995564,-0.0980208601203121,-0.103478029832072,-0.0857837481057642
3644,"heggarty2024",-5.92598862985351,-0.0576446976693046,0.0219891333914945,-0.0895188400361452
3645,"heggarty2024",-5.97308220450743,-0.0703158893623567,-0.0151174993603873,-0.140094075889776
3646,"heggarty2024",-5.99424519452537,-0.0975870391040614,-0.101825475367283,-0.0986959716940603
3647,"heggarty2024",-6.11379777354171,-0.0188093063178639,-0.0793224947579094,-0.024771463806034
3648,"heggarty2024",-5.03188069926634,0.102212986033714,0.0950432002342789,0.0235744155513299
3649,"heggarty2024",-5.58401845771446,0.150738066680739,0.0548618191992577,-0.0742079467979228
3650,"heggarty2024",-5.60555967175,0.00845588090120587,0.0113379069292173,-0.071746630505895
3651,"heggarty2024",-6.19405089899065,-0.0322356839989974,-0.0712547114834909,0.0606403708384347
3652,"heggarty2024",-6.21959695770552,0.0195637211075931,-0.137770744933689,-0.182201953769297
3653,"heggarty2024",-5.83546871138782,0.119271034174909,-0.0271127635511193,-0.15245524734409
3654,"heggarty2024",-5.97331259389053,0.00879432092768108,0.00265657791297261,-0.0460606269308985
3655,"heggarty2024",-5.89409205453139,0.0191660334147392,-0.0660285438754385,-0.0618993111970609
3656,"heggarty2024",-5.93538689917514,0.0813074480575668,0.00580779835534399,-0.0652467144110554
3657,"heggarty2024",-6.00635927578525,0.0177003191572412,-0.0265724413396747,-0.0773375125059292
3658,"heggarty2024",-6.25696313698879,-0.0874270967385419,-0.0721803017879369,0.0130240116974078
3659,"heggarty2024",-5.77093127227533,-0.0288924094849618,-0.0492479699297694,-0.172677675971611
3660,"heggarty2024",-5.78432793470972,-0.0435561034611417,-0.116802748565498,-0.10657291098185
3661,"heggarty2024",-6.47922493151755,-0.10685273634104,-0.0747123206038785,0.0033533642132425
3662,"heggarty2024",-5.83052670872834,-0.1004170866536,-0.195560285971824,0.0028873870656822
3663,"heggarty2024",-5.87111498255373,-0.0679455838521682,-0.044955301855816,-0.154380803869891
3664,"heggarty2024",-6.14279747674978,-0.0809980780318428,0.0665871826927704,-0.0676946952958472
3665,"heggarty2024",-5.68477942155929,-0.0573454348656111,0.0120580660528469,-0.0494093051339547
3666,"heggarty2024",-5.94707550318817,-0.0868962345283927,-0.0858312728533019,0.137640436486143
3667,"heggarty2024",-6.0458819615374,0.0548940442847549,-0.1725885723677,-0.168840850128186
3668,"heggarty2024",-5.85904879003098,-0.0542466854145862,-0.0991162670144113,-0.128915027621839
3669,"heggarty2024",-5.90507271136737,-0.0344257671107211,-0.0765820567605593,-0.171480784197545
3670,"heggarty2024",-6.16151224408122,-0.0299669205572407,-0.0612675261208297,-0.0337859098870816
3671,"heggarty2024",-5.97774913233088,0.0651135850042167,-0.142131769622416,-0.0456008486422283
3672,"heggarty2024",-5.77620087378118,-0.0766749676557471,-0.0292458083262813,-0.104032275557095
3673,"heggarty2024",-6.05521783064417,-0.0987246327855767,-0.0923185451519074,-0.21777930361517
3674,"heggarty2024",-6.01416596739587,-0.06018247802758,0.00709244981763294,-0.055131731768048
3675,"heggarty2024",-6.29199783123426,0.0622086791655305,-0.133440367819963,-0.0893165243025126
3676,"heggarty2024",-6.04686787895946,-0.0259958696213806,0.118135055200717,-0.0117539570520799
3677,"heggarty2024",-5.67720756768645,0.0786903377029281,-0.0934935754344774,-0.0205310492741151
3678,"heggarty2024",-6.42477137661031,-0.00976027156806036,0.158021248879515,-0.12578477672114
3679,"heggarty2024",-6.15430527317879,-0.102580207173586,-0.113856067482665,-0.21414625874747
3680,"heggarty2024",-6.05662296284053,-0.114547407062088,-0.00721291372017267,-0.146831200614448
3681,"heggarty2024",-5.95284651640756,-0.0218363868091369,-0.043883867136351,-0.0931515431954224
3682,"heggarty2024",-6.13036648979434,-0.067253484476423,0.062326050483117,-0.0841475243247102
3683,"heggarty2024",-5.99547949656178,0.0285279922379267,-0.0851081049698535,-0.18192846207037
3684,"heggarty2024",-5.72967279989256,-0.0238554886210018,-0.168089445006544,-0.125558999144721
3685,"heggarty2024",-6.04271683669759,-0.127072515859193,0.0754447021092474,-0.0484628443716679
3686,"heggarty2024",-5.94045771450929,-0.0138879201215044,-0.118347577969297,-0.048707694306061
3687,"heggarty2024",-6.19193165256981,-0.023577097839397,0.176028379777749,0.0331682160888232
3688,"heggarty2024",-5.79228431789838,-0.0303494341197543,0.0156329580413572,-0.0529829469717033
3689,"heggarty2024",-5.92855318489711,0.00206873351480637,-0.129482999822048,-0.0535731612173619
3690,"heggarty2024",-5.79264643910943,0.00721832298184046,-0.019068348535955,-0.1372399508893
3691,"heggarty2024",-5.97633492357128,-0.0642785825890928,-0.0240540789122258,-0.0262446365053321
3692,"heggarty2024",-6.06811881713659,-0.0235675658079047,0.00727286570893008,-0.105641820461889
3693,"heggarty2024",-5.4432864079301,-0.0611843594668894,0.0587493386813578,-0.082005232780234
3694,"heggarty2024",-5.89840960608726,0.00402026206684074,0.00860049301717115,-0.142526977494808
3695,"heggarty2024",-6.14791677468773,0.044410295939312,-0.00308300568794285,-0.0871243573462312
3696,"heggarty2024",-5.71502290468458,0.0428897453555254,-0.0519893960822427,-0.0903275069050148
3697,"heggarty2024",-5.82390572595888,0.0381114688169819,-0.0860845424628401,-0.067514507540417
3698,"heggarty2024",-6.57448869600217,-0.0830705589654891,0.0310412109619918,-0.059762930742011
3699,"heggarty2024",-6.07489591981185,-0.0941023310488728,0.0692173374440082,-0.126710235365228
3700,"heggarty2024",-6.5312093739519,0.0474112425565293,0.0063714872060418,-0.125702145352885
3701,"heggarty2024",-5.88896499248445,-0.10050427403469,-0.0147353553007296,-0.0799782577506684
3702,"heggarty2024",-6.07595902269833,-0.00481365882043495,0.112493832185283,-0.0742328973756785
3703,"heggarty2024",-5.77142547753409,-0.0534537907475362,-0.104921738036422,-0.0344133365920847
3704,"heggarty2024",-6.15856203534179,-0.0820739702882801,-0.0709941370528659,-0.147092326448897
3705,"heggarty2024",-5.85129917540859,0.0776333340804329,-0.0637209186973399,-0.115125416082915
3706,"heggarty2024",-6.42611534092005,-0.206867073608351,-0.105295457027728,-0.10112227375671
3707,"heggarty2024",-6.22009866653119,-0.0981818119420147,-0.189355653315467,0.040467331511131
3708,"heggarty2024",-5.68356038418835,0.051490115631138,0.029780558931185,-0.0320209996388727
3709,"heggarty2024",-6.09159078062626,-0.128628220417639,0.0271081797403129,-0.188343220804249
3710,"heggarty2024",-5.77901424078239,-0.0122126652048605,-0.0486874903479634,-0.0617677383865968
3711,"heggarty2024",-5.66407220961665,-0.0352629685279797,0.0986605684891231,-0.0203347964879238
3712,"heggarty2024",-5.62517982062608,0.112367168989576,-0.104743551425832,-0.175368294156683
3713,"heggarty2024",-5.85331602403921,-0.0108006897716887,-0.126672232691858,-0.0396046359766182
3714,"heggarty2024",-5.96628547315411,-0.0429666125690363,0.00256807959511994,-0.0328735940603075
3715,"heggarty2024",-6.11058662779139,-0.114404323878551,-0.107943999895357,0.00660818988846093
3716,"heggarty2024",-6.32336366983797,0.0217439853090287,-0.0729806096253688,-0.0146959279001413
3717,"heggarty2024",-5.88696069348874,-0.134452146115777,0.0467104075232203,-0.0865886846690254
3718,"heggarty2024",-5.72706397119015,-0.0513731514916626,0.101086008209197,-0.0853418833801337
3719,"heggarty2024",-6.18468737048013,-0.119317335096855,0.0466080913449404,-0.0593078648204416
3720,"heggarty2024",-5.53972860867814,0.113264216503858,-0.0638458904315682,-0.0708220614988738
3721,"heggarty2024",-6.13777086295322,-0.0452270209786709,-0.0197258202616477,-0.162369003481357
3722,"heggarty2024",-6.36635396829977,-0.177290981003996,-0.109387584465293,-0.171672398215298
3723,"heggarty2024",-5.70880231565912,0.14340019467067,-0.172116331848859,-0.116003415684735
3724,"heggarty2024",-5.82004085869814,-0.139197823515416,0.0448204739110878,-0.144772963134618
3725,"heggarty2024",-5.97733216735539,-0.201456088885416,0.0692380932587365,-0.0937390422690583
3726,"heggarty2024",-6.08389355996051,-0.0255353549075049,-0.120741558265615,-0.118615029806494
3727,"heggarty2024",-6.45223494602034,-0.00606418743893202,-0.0833310342979313,-0.0245611932122917
3728,"heggarty2024",-6.41030788695389,-0.10722898704358,-0.0750599082223526,-0.00460017396437351
3729,"heggarty2024",-5.8527413644124,-0.00567077171413989,-0.0588146928914063,-0.0469338928147837
3730,"heggarty2024",-6.42610505024413,0.0395923196936802,0.106907815675574,0.0417013187592662
3731,"heggarty2024",-5.72905355960653,-0.0534119472224534,-0.051591870968715,-0.152670393152567
3732,"heggarty2024",-5.94900240375939,-0.0478880379560359,-0.00935649139934414,-0.0914400280352479
3733,"heggarty2024",-5.94900620660526,-0.00536313372798787,-0.0410116809249902,-0.0182484984869262
3734,"heggarty2024",-5.89972427799694,0.108984056729703,0.0225015536905922,-0.0570565109700544
3735,"heggarty2024",-5.65880847248069,-0.0490100837294381,-0.0286110979941248,-0.0703602100727266
3736,"heggarty2024",-5.66809200590772,0.0582156082797384,-0.122035341760455,-0.124840088530186
3737,"heggarty2024",-5.75355366045401,-0.0807086312881541,-0.0931814079630195,-0.18947716040444
3738,"heggarty2024",-6.06208422447417,-0.047828138450736,0.0481449581783415,-0.0590174906461695
3739,"heggarty2024",-5.41470283523925,0.0450958528415141,-0.0554370598589213,0.0165501452218734
3740,"heggarty2024",-5.79783512920671,0.0043037307656234,0.00661209391599111,-0.0901707826091812
3741,"heggarty2024",-5.63059259190708,-0.0844034934518798,0.0278975386841815,-0.166024268285492
3742,"heggarty2024",-5.78587444850401,-0.0278537737075634,-0.0269428626355889,-0.116949745032544
3743,"heggarty2024",-6.06585620662094,-0.0119501709406938,-0.0472100748459337,0.00988620609178636
3744,"heggarty2024",-5.81661877174639,-0.00286336602588233,-0.152218143115947,-0.133745623040447
3745,"heggarty2024",-6.12320718421522,0.0199479233215851,-0.0536027808475944,-0.00181478868093251
3746,"heggarty2024",-6.34685371042643,-0.00106792303978788,-0.0201351972628938,0.0472885662923106
3747,"heggarty2024",-5.7266068083864,-0.0583320802877482,-0.108145083957837,-0.14340099986058
3748,"heggarty2024",-5.68436754491678,0.0635734343114007,-0.144626612029325,-0.189841353272918
3749,"heggarty2024",-5.54999770652696,0.0249359431843103,-0.0180422131195679,-0.0761102388201832
3750,"heggarty2024",-5.59133924912521,-0.0126953867454931,0.00347967544832584,-0.169458124784306
3751,"heggarty2024",-5.86809226337579,0.0120570074901716,-0.0526045583085459,-0.138512367768771
3752,"heggarty2024",-5.89649211268432,-0.112338905011418,-0.0365397382379795,0.0525123479652038
3753,"heggarty2024",-5.98024375109732,-0.1025737753636,-0.111801050413557,-0.0846492696238333
3754,"heggarty2024",-6.2670176350604,-0.137425576611235,-0.0122902138098374,0.166789652774664
3755,"heggarty2024",-5.84797276314797,-0.0274347263562874,-0.0880132568093711,0.0308153360954061
3756,"heggarty2024",-6.35614666942506,0.176375600590475,-0.0903237041929985,0.0104008230255397
3757,"heggarty2024",-6.32444274652549,0.121882588530282,-0.00235895850551202,-0.0581034882679127
3758,"heggarty2024",-5.73424912209174,-0.0107631840719672,-0.0257990389560255,-0.170085440561617
3759,"heggarty2024",-6.36709298740863,-0.00391613119610245,-0.00690928626096433,-0.0480112413512921
3760,"heggarty2024",-5.70159849184094,-0.036039466535369,-0.124140743854513,-0.0330963689112058
3761,"heggarty2024",-5.98290577517525,-0.0434915090184779,-0.0824104139155452,-0.0878073655118641
3762,"heggarty2024",-5.44773171648096,-0.0145722167463303,0.0470759900402348,0.0858783245497343
3763,"heggarty2024",-5.95562594826585,-0.177181999162171,-0.027380380748835,-0.0497809949761393
3764,"heggarty2024",-5.84969258048428,0.010987413151733,-0.0881760840910038,-0.0633178184987812
3765,"heggarty2024",-5.74604717002281,-0.0497663321188033,0.0216284320205209,-0.104653174421959
3766,"heggarty2024",-5.91107416651768,-0.0573795715430605,-0.0702922532308452,-0.149090613717566
3767,"heggarty2024",-6.15349903361245,-0.0726451934646702,0.0129478137990214,0.0480869583352203
3768,"heggarty2024",-5.86786616767917,0.101903457325729,-0.0835316921259076,-0.0440855437215239
3769,"heggarty2024",-6.048414337226,0.107649522965302,-0.143150192637754,0.0540096717703188
3770,"heggarty2024",-5.88667466384272,-0.0359629204221808,-0.0138632641201651,-0.0136851288563051
3771,"heggarty2024",-6.33159906873699,-0.207490748768117,0.0718525261458867,-0.0820934558123559
3772,"heggarty2024",-5.91512549531981,0.0328649539859244,0.0831485391271525,-0.0490213849300783
3773,"heggarty2024",-6.02906596761331,-0.0278752396401219,-0.1093892588964,-0.190868695155651
3774,"heggarty2024",-6.08605947355939,-0.0209427640433341,-0.153476743958699,-0.0790677687879527
3775,"heggarty2024",-5.69979081930337,-0.0376222980964329,-0.0658930883669696,-0.193244820182872
3776,"heggarty2024",-5.76352670313231,-0.0284790354472324,-0.0561672951706206,-0.101916301963544
3777,"heggarty2024",-6.95398621111172,0.0226202826296346,0.0530548645558112,-0.036682247472835
3778,"heggarty2024",-5.89155253069444,0.0431334498077259,-0.0395334151233029,-0.0659017544454012
3779,"heggarty2024",-6.0917615099044,-0.0637985192555211,-0.0686431756175584,-0.0897027161593311
3780,"heggarty2024",-5.95552812429547,-0.0501281018642977,-0.000732397108810741,-0.103848871898505
3781,"heggarty2024",-6.14021060689782,-0.0559624956284894,-0.0917769819626915,0.0422446004409071
3782,"heggarty2024",-5.71843661473661,-0.27249019759288,-0.0461227978976099,-0.106815853433609
3783,"heggarty2024",-5.75895077928445,-0.163470441544069,-0.0690226638850678,-0.0705905158050013
3784,"heggarty2024",-6.00390751114001,0.0259157090220156,-0.0237410027497938,0.113107836321532
3785,"heggarty2024",-5.59737557824841,-0.0905122884441685,-0.105762112856692,-0.112214537365529
3786,"heggarty2024",-5.95471704739741,-0.0400329469307657,0.0861389388488199,-0.0126443041958372
3787,"heggarty2024",-5.71504682571043,-0.0791944126859113,0.112828158794036,-0.158877944272488
3788,"heggarty2024",-5.93416063707063,0.0187900197005384,-0.0823847460608084,-0.123758317408361
3789,"heggarty2024",-6.04777725229856,0.111920879180235,0.0186345528315038,-0.00619658390280069
3790,"heggarty2024",-6.13367908315435,0.102662550054114,-0.02515257843959,-0.0098043139259102
3791,"heggarty2024",-5.90670633096531,-0.141172119414814,0.138356221710769,-0.0158806539789259
3792,"heggarty2024",-5.72584607828316,0.10318562273757,-0.0450132903525606,-0.065021880977052
3793,"heggarty2024",-5.90200577762868,-0.129497488190949,0.0588198707464953,-0.094588549068885
3794,"heggarty2024",-5.56774902435476,0.0609776976989014,0.0299289694785151,-0.142559895587956
3795,"heggarty2024",-6.23743776496764,-0.170925107066571,-0.0915160887441731,-0.130368362265782
3796,"heggarty2024",-6.19303553974902,-0.161984489658342,0.115278671759196,-0.120715462491138
3797,"heggarty2024",-5.71674367171607,0.055549765158744,0.0143293298526953,0.0139391217371918
3798,"heggarty2024",-5.62080407879264,-0.118308574385565,-0.0112642037461517,-0.103038266205579
3799,"heggarty2024",-7.03369065851368,-0.0462526264516041,0.0480681679926206,-0.167059227594985
3800,"heggarty2024",-6.46480691085382,-0.0505352180479004,0.0789946052328759,-0.0164825321301876
3801,"heggarty2024",-5.82869438440628,0.0759480674661533,-0.0115175174206765,0.0697829900611594
3802,"heggarty2024",-5.83434170604896,-0.00291804666610775,0.000254516633414789,-0.148823328669918
3803,"heggarty2024",-6.13834955742577,0.056350844590526,-0.0503429790670148,-0.0182914396756327
3804,"heggarty2024",-6.56639447579212,-0.186336373643801,0.0381314793645421,0.012523022307694
3805,"heggarty2024",-5.75380696148997,-0.00618016607720497,0.019780851225391,-0.176217034831436
3806,"heggarty2024",-5.89528322196626,-0.0570797423295684,0.0125808214441257,-0.142826382105045
3807,"heggarty2024",-5.94928326879295,-0.0838375797271426,-0.050832145841116,-0.0474635434860955
3808,"heggarty2024",-6.02728102560674,-0.0973490051979836,-0.0675318697157714,-0.147301804303885
3809,"heggarty2024",-5.87348106761789,-0.0768252275986778,0.0461212256010056,-0.0340899419127583
3810,"heggarty2024",-5.88406372580848,-0.0388521337953266,-0.074137977038636,-0.177946676309899
3811,"heggarty2024",-5.13008217944565,-0.153858119307225,-0.104131594642866,-0.138137365751036
3812,"heggarty2024",-5.32279231211113,0.0343372136506074,0.0879708527225246,0.0171273073612623
3813,"heggarty2024",-5.60302009605443,-0.165959079381293,0.0445562502556969,-0.0225100674589285
3814,"heggarty2024",-5.80832505412585,0.169395087805821,0.0281765584919889,-0.164323190607563
3815,"heggarty2024",-6.31175627700127,-0.101329951581842,-0.113364660908952,-0.238954693285061
3816,"heggarty2024",-5.46687331746735,0.0240587445514219,-0.0566956980367159,-0.00413221693268608
3817,"heggarty2024",-5.80811670721708,-0.116947833139689,-0.0980969655187771,-0.09083438202503
3818,"heggarty2024",-5.78099516465975,0.0506551589853198,0.0419801503629373,-0.251845260945754
3819,"heggarty2024",-5.66903676792995,0.020440119938847,-0.0500725589593702,-0.0425074811230836
3820,"heggarty2024",-5.88778710526747,0.00821813885247273,-0.0576047759083449,-0.0379263648845276
3821,"heggarty2024",-5.60195750591556,0.0149154273201437,-0.124707114463018,-0.102128594241456
3822,"heggarty2024",-5.95956150746242,-0.0304106616181537,-0.11724123317709,-0.036641201764516
3823,"heggarty2024",-5.49527446501143,-0.133105038963926,0.0147475766066873,-0.0937842411674784
3824,"heggarty2024",-5.65714160084988,-0.143825138812315,-0.00264406830368127,-0.172975334615008
3825,"heggarty2024",-5.68328004871686,-0.0468487113839221,-0.0825280116434887,-0.0932099080011733
3826,"heggarty2024",-5.35569983146523,-0.215002195762817,-0.0537427061422218,-0.255299996889952
3827,"heggarty2024",-5.89348114712528,0.00578748215278659,0.00793852700113272,-0.0818845584961967
3828,"heggarty2024",-5.80694183383723,-0.0996225814782193,-0.0339893884104921,-0.0406342972891596
3829,"heggarty2024",-6.11196994312723,-0.0490133589972127,-0.0820272698289682,-0.210692811740192
3830,"heggarty2024",-5.60804468188886,-0.0102977234598938,0.0143791204520824,0.000317079862629506
3831,"heggarty2024",-6.01865634246738,-0.00217855661646802,0.0494931182637951,-0.178026967934873
3832,"heggarty2024",-6.09324169935467,-0.170897592464925,0.0193424667700957,-0.140850579195492
3833,"heggarty2024",-6.09008825080541,-0.0119517713262008,1.07983328805177e-05,-0.105025260063692
3834,"heggarty2024",-6.38517973431121,-0.0186838014469114,0.00456329681722901,-0.232072272449618
3835,"heggarty2024",-5.58459967555735,-0.0346243295373901,-0.0659466357935882,-0.111013245549022
3836,"heggarty2024",-5.83009771202857,-0.134961797634899,-0.0298529300955569,-0.125917247272375
3837,"heggarty2024",-5.82129190576204,0.00502741696636371,0.0178486917373057,-0.101135628587643
3838,"heggarty2024",-6.15088135074589,-0.0246995424495353,-0.175968354602505,-0.0806036948590895
3839,"heggarty2024",-6.14323513794119,-0.0851351588197172,-0.0854962889907382,-0.043930850195069
3840,"heggarty2024",-5.85075688077669,-0.105903030394618,-0.000404656084727235,-0.0677095169134747
3841,"heggarty2024",-5.77770635488989,-0.041874580421206,-0.0648752308833871,-0.075206841188697
3842,"heggarty2024",-6.20012607157521,0.023388711245455,0.0264227661189982,-0.146197129804268
3843,"heggarty2024",-5.49584396705292,-0.0973360085738223,0.22580414820703,-0.159484787755129
3844,"heggarty2024",-5.3391967001294,0.00756211046473416,-0.220456193759931,-0.112307418332736
3845,"heggarty2024",-5.80949177063683,-0.143168919907717,0.0107945576072651,-0.167548666293005
3846,"heggarty2024",-5.78965743531252,0.0652562138516675,-0.0857224918106728,-0.129627115524202
3847,"heggarty2024",-5.93156921156625,-0.115724277337905,-0.225585679530189,-0.178905288377082
3848,"heggarty2024",-5.95433217778034,0.0405542466722005,-0.122566377944596,-0.0817523410929043
3849,"heggarty2024",-5.64064057168566,0.0909241326571044,-0.0189667558560325,-0.0115880416745258
3850,"heggarty2024",-5.97717861118579,0.00693166411818156,-0.0374909084690312,-0.178650231634273
3851,"heggarty2024",-5.82351853076964,0.0117693791173685,-0.132635496651028,-0.161016497199721
3852,"heggarty2024",-5.69466416117646,-0.088147589462241,0.00273735548038903,-0.0285895627314376
3853,"heggarty2024",-5.61496280245732,0.104858107060191,-0.069727023506151,-0.148587323319624
3854,"heggarty2024",-6.22699440131383,-0.0715984338809837,-0.0426743992030924,-0.0965713253754128
3855,"heggarty2024",-5.81872796381156,-0.0716420691419875,0.00455412663643169,-0.0843579207228508
3856,"heggarty2024",-5.64784436137341,-0.140027770903953,-0.0650549324666902,-0.0988551760105429
3857,"heggarty2024",-6.20708035635298,-0.0131451384243289,-0.157572490312135,-0.191615315284945
3858,"heggarty2024",-5.96023154274425,-0.0939102701445249,-0.0211357177266809,-0.224813431501489
3859,"heggarty2024",-5.66954344457016,-0.0691779581729227,0.0548109586493201,-0.188995685951336
3860,"heggarty2024",-5.87395005502873,-0.106249626580778,0.0321847642339578,-0.117255539374072
3861,"heggarty2024",-5.70675568585937,-0.120464757666255,-0.10456035024375,-0.00356790634304713
3862,"heggarty2024",-5.50226192435755,-0.0180650415934648,0.0791755793193254,-0.236025150718185
3863,"heggarty2024",-5.8343129194954,-0.0672839762905467,-0.0224556842742745,-0.0845758223280618
3864,"heggarty2024",-5.84523632695244,-0.0834797746906977,-0.0123755142244222,-0.120215596417345
3865,"heggarty2024",-6.06738543110733,-0.0352506503852958,-0.061171814707912,-0.113055910496992
3866,"heggarty2024",-5.89976224492896,-0.131727456778313,-0.0688736321765945,-0.200935893610049
3867,"heggarty2024",-6.07364296444758,-0.117212671641144,-0.130504216958122,-0.140159445889197
3868,"heggarty2024",-5.63038294168665,0.0472486849450791,0.119621407399669,-0.037784665581585
3869,"heggarty2024",-5.90196582901294,-0.0139514332886734,0.0302060224407371,0.0211787744160452
3870,"heggarty2024",-5.82568485635479,-0.0388652180000331,0.0559362424994527,0.090931846921728
3871,"heggarty2024",-6.11878090493823,0.000859309872323049,-0.232439613612779,-0.0626018781619573
3872,"heggarty2024",-5.81770633752402,-0.0444959288434305,-0.0675535435325386,-0.100147300808141
3873,"heggarty2024",-6.27462298689977,0.0143957647655662,-0.0423265429119582,-0.0014635283939953
3874,"heggarty2024",-5.92701072663619,0.0387875569380585,-0.00217145072407093,-0.180562243476853
3875,"heggarty2024",-5.80426583205703,0.0553407907782442,0.0633825475133375,-0.0166131814890959
3876,"heggarty2024",-5.98226018448018,-0.108605295260185,-0.00012116931549494,-0.0485791868417531
3877,"heggarty2024",-6.13545517815635,-0.0420680034384575,-0.101184416118557,-0.0872044005751347
3878,"heggarty2024",-6.10041441221155,0.0690788922271821,-0.0290557251528314,-0.140010652348099
3879,"heggarty2024",-5.71110137927971,0.054376551831841,-0.12958081851341,-0.115102478260759
3880,"heggarty2024",-5.64581905651716,-0.0772472138805212,-0.112268914623992,-0.114943564293813
3881,"heggarty2024",-5.93878782684418,-0.0931450917847829,-0.190150215825425,0.0533100803254576
3882,"heggarty2024",-5.88681906737235,0.108234241091359,0.0450921408926019,-0.0535065962699756
3883,"heggarty2024",-5.90899956312391,0.0727736217095718,-0.0207765868112074,-0.000678070596532498
3884,"heggarty2024",-5.57184828749068,-0.0259170824721048,-0.182460755379649,-0.126288670759093
3885,"heggarty2024",-5.71838990815272,0.0044441126323161,0.00183823535015721,-0.0289573072421046
3886,"heggarty2024",-5.82048921769864,0.0444944587014306,0.0633779052751097,-0.221659520170544
3887,"heggarty2024",-5.90667793230447,-0.0535722300440493,0.0886584513659246,-0.095123025810056
3888,"heggarty2024",-6.01178124394933,-0.0978331410300563,0.0226511624707871,0.0278458559011637
3889,"heggarty2024",-6.21016002746531,-0.0302100339893075,-0.029116294113932,-0.147789941651235
3890,"heggarty2024",-5.70243252198754,0.0999316632524603,-0.140401127826049,-0.109293508215701
3891,"heggarty2024",-5.99869184148933,-0.0858829183334859,-0.150673785661488,-0.156320978219236
3892,"heggarty2024",-6.1005037650737,-0.0233550391686174,0.0536753136348429,0.000436502006189228
3893,"heggarty2024",-5.4294909564872,0.0363312766575009,-0.115930782528321,0.02331517129891
3894,"heggarty2024",-5.88238395207513,-0.0137825675271241,0.102107430396894,0.106643627535468
3895,"heggarty2024",-5.67956053882082,-0.118519079996932,0.0412966389413805,-0.0701491052110407
3896,"heggarty2024",-5.69409727002103,-0.118529881084277,0.115932538838464,-0.0772302678816198
3897,"heggarty2024",-5.88597692225238,0.00425725149952998,0.0816724972121235,-0.033574849914348
3898,"heggarty2024",-5.85070706828937,-0.115717742628433,-0.000280877990048087,-0.117349901224764
3899,"heggarty2024",-6.22066656284791,0.0697497567907998,-0.0419778478608925,-0.024223902607904
3900,"heggarty2024",-5.82127865888169,-0.0157182921806967,-0.0255852506261459,-0.202479258413267
3901,"heggarty2024",-6.11906415181177,-0.0278236318123209,-0.00333178798641122,-0.0461983938759909
3902,"heggarty2024",-5.62933743098317,-0.0687384472224824,-0.147169757240325,-0.129884537475267
3903,"heggarty2024",-5.87626462740015,-0.0355195027281431,-0.0188771462277257,-0.169958312116675
3904,"heggarty2024",-6.3991229357681,-0.0736718929007306,0.0658634077619458,-0.122741251550964
3905,"heggarty2024",-5.82590220256456,-0.0948176230562959,0.0388455077724514,-0.162867171015066
3906,"heggarty2024",-5.58755830624522,-0.131196776123498,0.0277565924213674,-0.112021820806315
3907,"heggarty2024",-5.98951148655591,-0.0913540624726248,-0.0501308756126099,-0.134478713658679
3908,"heggarty2024",-5.84827246646186,-0.209007159610323,0.142005780788812,0.192530681720249
3909,"heggarty2024",-5.72680577596697,-0.0647688053735032,-0.0711305579561767,-0.205184112740055
3910,"heggarty2024",-5.76624386867203,-0.170310752145929,0.0409458614299124,-0.174703219084236
3911,"heggarty2024",-6.5309218468801,-0.0784876115750201,0.0938617089721985,-0.171767728112176
3912,"heggarty2024",-6.95625805419566,-0.15177153017448,-0.0419212477687692,0.0265757926269709
3913,"heggarty2024",-5.8578380813562,-0.0792467017324463,-0.0302139369354608,-0.245803620783196
3914,"heggarty2024",-5.815567036353,-0.0718002177578838,0.0419411462935419,-0.153671488604344
3915,"heggarty2024",-5.55488167484561,0.00787553692459779,0.131882618811838,-0.0541213772979014
3916,"heggarty2024",-5.91988717451468,-0.0102008036501362,0.0195735192510104,-0.0561669989635388
3917,"heggarty2024",-5.44788657048767,-0.0625506357623702,-0.042100496884227,-0.0340951707982449
3918,"heggarty2024",-6.33245964053546,-0.0318452368897687,-0.0248618647348006,-0.342274045369872
3919,"heggarty2024",-5.63838389501289,0.0201758385375085,-0.0777748998049842,-0.0601278872373785
3920,"heggarty2024",-6.04945834058878,-0.138977959662715,-0.0342255814132783,-0.0709341899562601
3921,"heggarty2024",-5.97844642997502,-0.0415710631173739,0.10404484256494,-0.0906462781554669
3922,"heggarty2024",-5.67484192838289,-0.185116836950112,-0.00136741739855288,-0.0587187340165372
3923,"heggarty2024",-5.46983259964404,-0.290424920421164,0.0456545695204336,0.137008545928021
3924,"heggarty2024",-5.98690931006275,-0.180246673758331,-0.0756168938802374,-0.147516151633073
3925,"heggarty2024",-6.01356485610976,-0.0874549104872473,-0.00364845331964088,-0.127427373511347
3926,"heggarty2024",-5.87429850439742,-0.0719788340843302,-0.0185678320131722,-0.0744152927034876
3927,"heggarty2024",-5.8160979584435,-0.0450992771981086,-0.113049443025647,-0.0537334796179986
3928,"heggarty2024",-5.21251205852723,0.00695065014080365,0.0108215135688982,-0.245774193262281
3929,"heggarty2024",-5.75516493602925,-0.0466285229446704,-0.024660309492705,0.00906048007187972
3930,"heggarty2024",-6.43374900846118,-0.173883121794447,-0.0412513542066633,0.0358376822260921
3931,"heggarty2024",-6.20108884259492,-0.0957706663719007,0.0763441175583628,-0.0838281785855128
3932,"heggarty2024",-5.85663533224693,-0.0615009504731877,-0.0453537129086289,-0.205290065224202
3933,"heggarty2024",-5.9433093764623,-0.00985669954380797,-0.011252202531854,-0.158610835204204
3934,"heggarty2024",-5.91121530960537,-0.0574776387140709,0.114628984756183,0.00126621054850824
3935,"heggarty2024",-5.68328804259641,-0.0816740331837431,0.0097725682813144,-0.188465384409873
3936,"heggarty2024",-5.86533409986569,-0.106179156942758,0.0183939770766228,-0.0629528984589623
3937,"heggarty2024",-5.97724068800316,0.0315941914487152,0.0463468760637184,-0.0158210640692311
3938,"heggarty2024",-5.74179284586581,0.032925463753657,-0.0522917501549041,-0.0359070831277192
3939,"heggarty2024",-5.72718108473276,-0.0646821794142798,0.112469880159613,-0.134764207736423
3940,"heggarty2024",-5.77989327526474,-0.0441144720480318,0.0294725084940621,0.0288376303290411
3941,"heggarty2024",-5.81967810171896,0.00748756225536073,-0.135301332158185,-0.137044260021162
3942,"heggarty2024",-6.19312098072582,-0.157386911568899,-0.0431889006251556,-0.213309773793568
3943,"heggarty2024",-5.85441276183217,0.059035427588963,-0.218953241746709,-0.278327427741245
3944,"heggarty2024",-5.46404612461791,0.0877210882885993,-0.0390329236466314,-0.192322112439059
3945,"heggarty2024",-6.34472903973186,-0.0132841760522684,-0.0380938074543153,-0.0385484215187541
3946,"heggarty2024",-5.63684389339283,-0.0490994313345988,-0.0895748903457353,-0.0563909998104857
3947,"heggarty2024",-5.58768217583492,-0.132557955487215,-0.015560501949353,-0.130112652198893
3948,"heggarty2024",-5.8269889309854,0.00147870713899371,-0.15964412052943,-0.0843572281013877
3949,"heggarty2024",-5.68418989366742,-0.0616050836088104,0.129678313079545,-0.0731714860085406
3950,"heggarty2024",-6.66900758055421,-0.0651622677557941,0.159260709697958,0.141588127217034
3951,"heggarty2024",-6.05349973226641,-0.0931806487874951,-0.03822035554264,-0.271584727909511
3952,"heggarty2024",-5.5414431733999,-0.0742319866964026,-0.0674841827881177,-0.160654526413662
3953,"heggarty2024",-6.05855901643126,-0.176379656258777,0.155415212249026,0.0115281253560424
3954,"heggarty2024",-6.1053445924123,-0.0732709623778987,0.0691260592764924,-0.0326281792351845
3955,"heggarty2024",-6.29146869029725,0.0903742311076282,-0.0592084511881179,-0.178401391776693
3956,"heggarty2024",-5.81000758937168,-0.182247631349034,0.0498726219912713,-0.179229459804752
3957,"heggarty2024",-5.70154358569701,0.036481886236072,-0.122532446655337,-0.128815581633997
3958,"heggarty2024",-5.66422752751297,-0.103610760520594,-0.00491842361763953,-0.110095791437129
3959,"heggarty2024",-5.88023839552388,0.134914926624563,0.0125009198005641,0.0765145550781237
3960,"heggarty2024",-5.67863654199238,-0.0587396264093009,0.0536944191564344,-0.239882437478521
3961,"heggarty2024",-5.78679320510549,0.0112564146661474,-0.206117466594839,-0.0477356769610349
3962,"heggarty2024",-5.86877853376586,-0.0595188838825102,-0.0392314665866121,-0.0539575902371341
3963,"heggarty2024",-5.69949970096937,-0.0734357572269505,-0.0738787265213816,-0.0508885539585237
3964,"heggarty2024",-6.30383989627187,-0.0152507690550708,-0.00617648930700745,-0.0931792428968142
3965,"heggarty2024",-6.06000756974329,0.075119104111474,0.0593095948869281,0.0381960086866329
3966,"heggarty2024",-6.00674844913029,0.00844461472493817,-0.104325994407139,-0.0205000459365463
3967,"heggarty2024",-5.88392636249109,-0.0490947152563212,-0.0403746783231238,-0.0645709622562455
3968,"heggarty2024",-6.00234054609152,-0.0640468687341954,-0.154328351922399,-0.0516530375318453
3969,"heggarty2024",-6.48508615266486,-0.0614498503618359,-0.0508097849242841,-0.0685804711950223
3970,"heggarty2024",-6.05745936148204,-0.026841959691981,-0.0212619960305539,0.0102646146287084
3971,"heggarty2024",-6.54291688389884,-0.0350003191573504,-0.011357496614131,-0.0480452221197104
3972,"heggarty2024",-5.76819895500172,-0.0210921291399975,0.066216812429986,-0.0796429816655282
3973,"heggarty2024",-6.18292882771823,0.061325234842986,-0.008832035554842,-0.142996440770942
3974,"heggarty2024",-5.68548049775647,-0.0263998026199919,-0.0530896164568891,-0.223517837387404
3975,"heggarty2024",-5.5882834214054,-0.0449916670149713,-0.11877619376199,-0.136700044055747
3976,"heggarty2024",-6.08422343045938,-0.0171125942802322,0.00295088442114595,-0.104142448627989
3977,"heggarty2024",-5.93129149500708,-0.00259129945363264,-0.00188873303024538,-0.0862269474847933
3978,"heggarty2024",-5.94214988599305,-0.0624601039213242,-0.13528076640947,0.076527095933045
3979,"heggarty2024",-5.33394085431111,-0.239167051403032,-0.0532110982924348,-0.267382308531009
3980,"heggarty2024",-5.85799785074073,-0.095749444728703,-0.0434349065496662,-0.100640370233892
3981,"heggarty2024",-5.89072637318528,0.0620091476732402,-0.114597376913844,-0.118710141592003
3982,"heggarty2024",-5.90869205014365,0.0785296340771262,-0.027855846439053,-0.00234622469094009
3983,"heggarty2024",-6.01240829319411,-0.0863184035980796,0.0568345893967214,-0.138902702107186
3984,"heggarty2024",-5.80841782193293,-0.0248627400142296,-0.0152688316837122,-0.082001279564482
3985,"heggarty2024",-5.84040897504112,0.107707520668692,-0.148579161086918,-0.0837080949548304
3986,"heggarty2024",-5.93990817259994,-0.0252004316514405,0.0136832724767474,0.0125039274218198
3987,"heggarty2024",-6.18174180576216,0.12698725731939,0.0477548933564734,-0.00216610489959803
3988,"heggarty2024",-6.04102660009357,-0.118807389506793,-0.0558920356286061,-0.0651137467777982
3989,"heggarty2024",-6.36886611595577,-0.0307736536222076,-0.0864506510509735,-0.152177976380586
3990,"heggarty2024",-5.87155428552094,0.0573071064543985,-0.0582619154025312,-0.129191955166433
3991,"heggarty2024",-5.77242277847365,0.118616045683782,0.104750412509238,-0.104424956771669
3992,"heggarty2024",-5.8892559423061,-0.0625906680290684,-0.160582498994032,-0.104964885402087
3993,"heggarty2024",-5.84997194374526,-0.194994562926014,-0.117466591247173,-0.103963357456024
3994,"heggarty2024",-6.17348797417145,0.0409261605825047,0.11676551480865,-0.141578593997389
3995,"heggarty2024",-5.91182019986681,-0.0252787437398192,-0.174076386122925,-0.184135747577427
3996,"heggarty2024",-5.69291495092919,-0.0121804246891959,0.165436588004306,0.0122508769816138
3997,"heggarty2024",-5.91487771170164,0.0563464524313744,0.0511394624814098,0.0413522163328216
3998,"heggarty2024",-5.88626416582133,-0.0734803058494908,-0.0169743074712661,-0.136091822623159
3999,"heggarty2024",-5.62209291460512,-0.143687976941741,0.141651854057596,-0.132303769670701
4000,"heggarty2024",-6.11208628586419,-0.0893399626646566,-0.101479869659903,-0.0354939763899591
4001,"heggarty2024",-5.96357388743445,-0.0220389234924129,-0.0954325894548817,-0.0846770386244
4002,"heggarty2024",-6.06608860753015,-0.057951972195967,-0.142105238021057,-0.0823570633217205
4003,"heggarty2024",-5.9200800246681,-0.114207606049228,-0.0429606904671151,-0.0571457021350976
4004,"heggarty2024",-6.7707036460292,-0.116826127069675,-0.0196236153359647,-0.0990116731456591
4005,"heggarty2024",-5.78782724964609,-0.0210846383748531,0.0259101252255238,-0.0776651950081836
4006,"heggarty2024",-5.9281032095386,-0.0143992368080507,-0.0348217600265332,-0.160717624821955
4007,"heggarty2024",-6.06457851015197,0.00338536328089476,0.0398225558576745,-0.148816682248778
4008,"heggarty2024",-5.9459273451265,0.0862044658495289,-0.0707757632899366,-0.139689005982483
4009,"heggarty2024",-5.52762045639677,-0.106921692206433,0.0116928390310133,-0.229404038252043
4010,"heggarty2024",-5.70766963353007,0.0838970359189766,0.310953585503037,-0.157485910918099
4011,"heggarty2024",-5.84104522284017,-0.0660146675919225,-0.0869391784120998,-0.0493246125907662
4012,"heggarty2024",-5.91445389466702,-0.0460943590662296,-0.0135310679481878,0.0153732576833056
4013,"heggarty2024",-6.21591666219428,-0.070952474392849,-0.0291393367616091,-0.0788097891595547
4014,"heggarty2024",-6.13026745956334,-0.212460640525253,0.0487366416745028,-0.220012890996112
4015,"heggarty2024",-6.25301339699158,-0.13289566133108,0.136884102829505,-0.0312696393502341
4016,"heggarty2024",-5.81178740422724,0.000820875755314655,0.0166510166316126,-0.143887892678645
4017,"heggarty2024",-5.83775093651405,-0.0441134225209809,-0.00700575108948516,-0.142813327352175
4018,"heggarty2024",-5.76451803575259,-0.100827747779459,-0.0106543380284948,-0.137636425735285
4019,"heggarty2024",-6.03006600024181,0.056078172243986,0.00317643365048172,-0.0624868851060524
4020,"heggarty2024",-6.43879856478528,-0.0355224480327833,0.0100235398576969,-0.0404904497569629
4021,"heggarty2024",-6.12452597524865,-0.133507831166228,-0.0986029863884731,-0.0383761016781673
4022,"heggarty2024",-5.73428496277843,-0.113134020108478,-0.130697059076845,-0.151234335030343
4023,"heggarty2024",-5.9019573753686,-0.176186392390253,-0.000886076777038894,-0.0108026668760754
4024,"heggarty2024",-6.07067738119209,0.10288481838007,-0.000204563649042401,-0.0667815622923508
4025,"heggarty2024",-5.58948483462351,-0.0528454914163741,0.125400981225976,-0.205351054444512
4026,"heggarty2024",-5.859982251309,-0.0519502301551818,-0.0346085352769839,-0.204765290288893
4027,"heggarty2024",-6.41925719606175,-0.0516219737493943,-0.0287700391959836,-0.0593996612224324
4028,"heggarty2024",-6.00889868976974,-0.0520662806349462,0.00255012396304719,-0.0571717706937224
4029,"heggarty2024",-6.23817471808605,-0.226159652807565,-0.109398609451837,-0.126059326771342
4030,"heggarty2024",-6.25884213913994,-0.0382394521276472,-0.0221366685148249,0.0332398418960954
4031,"heggarty2024",-6.19822369004105,-0.0793549032456258,-0.0218484447774467,-0.114353468091687
4032,"heggarty2024",-5.70954876827012,0.130111611047022,-0.275642747924991,-0.220979782924382
4033,"heggarty2024",-5.59334922284588,-0.0180006180042676,0.0264565590886964,-0.129664317185608
4034,"heggarty2024",-6.05816454694592,-0.00343317367806029,0.150296614740164,-0.296444774552573
4035,"heggarty2024",-5.87162455692322,-0.00512310590726657,0.0510299063720281,0.0439360395442823
4036,"heggarty2024",-5.801564243375,-0.0595899760546433,0.0492677588902724,-0.010092003469553
4037,"heggarty2024",-6.24652255854328,-0.116894377947056,0.0374507608900169,-0.0594859816044507
4038,"heggarty2024",-6.29572258616537,-0.118567657824362,0.0239233503975364,-0.0599472107866498
4039,"heggarty2024",-5.41159324872938,0.0530144263353981,-0.0878112978004497,0.108153601056252
4040,"heggarty2024",-5.72738550228336,0.00583145279953257,-0.0306010618390151,-0.0656176791661361
4041,"heggarty2024",-5.57083281985566,0.00765197694922636,0.0106608047414299,-0.0533587109801215
4042,"heggarty2024",-5.70024395707465,0.121867415992717,-0.0336465615794404,-0.0458602977784077
4043,"heggarty2024",-5.80442402027629,-0.00979607450987681,-0.077560067584619,-0.130163866854422
4044,"heggarty2024",-6.39289707599369,-0.0586186534125033,-0.0541921440104512,-0.151615371190495
4045,"heggarty2024",-5.8373747771859,0.029488774645557,-0.110102617148807,-0.0630561069139822
4046,"heggarty2024",-6.75058366346146,-0.0857770328321192,0.0698993061566542,0.0711051135128264
4047,"heggarty2024",-6.04195552680512,0.00225493711653495,-0.0829821598837531,-0.121032154363451
4048,"heggarty2024",-5.81985937503984,-0.05087625568202,-0.0980663869161994,-0.0200752894101214
4049,"heggarty2024",-6.16467977568849,0.0336456644179823,-0.0758617888400974,-0.141068629974157
4050,"heggarty2024",-6.22163539280564,0.0214528937788626,-0.0695033240335657,-0.131241252683437
4051,"heggarty2024",-5.75334628635176,-0.00171635341739133,-0.0848248599766286,-0.135832325733839
4052,"heggarty2024",-5.77621012650308,-0.194049747871657,0.066653973178553,-0.154567849223222
4053,"heggarty2024",-6.87807745404067,-0.0281015829340961,-0.050256440399167,-0.0612386623482378
4054,"heggarty2024",-5.6059571891134,0.0500565287752846,-0.0704803690120985,-0.0146302661039576
4055,"heggarty2024",-5.26880995401337,0.0812450290392219,0.050334577792094,-0.0889934328214372
4056,"heggarty2024",-5.56826427309531,-0.160674643630483,-0.0224515326704532,-0.186014122528537
4057,"heggarty2024",-5.80931506999522,-0.10595398177566,0.0184932287956437,-0.198428225348468
4058,"heggarty2024",-5.79811693632866,0.0503575172124793,-0.031774970402568,-0.191024791578961
4059,"heggarty2024",-6.23830071868128,-0.211430731310214,-0.0538319847771237,-0.0727120300733684
4060,"heggarty2024",-5.76531658327508,-0.0624013845461322,0.0563332801589193,-0.126415874869945
4061,"heggarty2024",-6.01546169330058,0.0349063748156507,0.110491751904477,-0.0302008377419275
4062,"heggarty2024",-5.53400981444988,-0.0643609647108817,-0.0220607059744684,-0.109968493197395
4063,"heggarty2024",-5.88582078143464,-0.0118743870707329,-0.0549395789784346,-0.162831980150032
4064,"heggarty2024",-5.86528670417716,-0.0262291540733774,0.0442748870702545,-0.0838348506463422
4065,"heggarty2024",-5.93723691760103,-0.060998838010187,-0.0900082607018785,-0.2081226400026
4066,"heggarty2024",-5.9581853019533,-0.05568129683655,-0.038690773757051,0.110087018359534
4067,"heggarty2024",-5.89979495087138,-0.00917455684403697,-0.0639828449126368,-0.17129773750781
4068,"heggarty2024",-6.0004213650337,0.0625343360901785,-0.0558213612817502,-0.0143823701464082
4069,"heggarty2024",-5.90280397207234,0.0101249902814431,-0.0487021855029646,-0.0810190681657131
4070,"heggarty2024",-5.92682085705077,-0.0437337420891818,-0.0150494164159621,-0.169507419922147
4071,"heggarty2024",-6.01008053152307,-0.0792520183571545,-0.140964234144934,-0.187802444747123
4072,"heggarty2024",-6.57341371241949,0.0213273455991672,0.0198361344406079,-0.0188248788223159
4073,"heggarty2024",-6.09285930760695,0.101360270248625,-0.0329054437796854,-0.0957265712613143
4074,"heggarty2024",-5.41302525617019,-0.0127227041897594,-0.0537751346307465,-0.0734506503460193
4075,"heggarty2024",-5.96357350224983,0.00911785683956143,0.0507439457439741,-0.0604724381496861
4076,"heggarty2024",-5.71720391448099,-0.0399582755467347,-0.0694641680160469,-0.158479626547047
4077,"heggarty2024",-5.6042518901068,0.0518762831858231,-0.0082294012608023,-0.196583690091785
4078,"heggarty2024",-6.92076786051008,-0.147127331804895,0.106514080649812,-0.113947575002821
4079,"heggarty2024",-5.78866448516176,0.0595551072895243,-0.050162140328887,-0.207467755009403
4080,"heggarty2024",-5.89872393298983,0.0101327518627886,-0.0421931697441463,-0.0743389986213671
4081,"heggarty2024",-5.53434784369825,0.0472432854908049,-0.0281733857357472,-0.0957504163724558
4082,"heggarty2024",-6.00852491780955,-0.101290141723916,-0.0783474151635654,-0.145808951376043
4083,"heggarty2024",-5.75990634541957,-0.0385954605410008,-0.0263057655196867,-0.181029788152785
4084,"heggarty2024",-6.33391735322625,-0.0751579335386215,-0.0840679784016127,-0.207143020576686
4085,"heggarty2024",-5.64124856738831,0.0628417161209337,-0.0682595076924728,0.0486045774931982
4086,"heggarty2024",-6.13219353724599,-0.036498059530402,0.026714850753698,-0.0767311125805569
4087,"heggarty2024",-5.99945840802183,-0.199130105358024,-0.0343554433480595,-0.0282177136608449
4088,"heggarty2024",-5.6791678044629,-0.0144296003966394,-0.0815636847896695,-0.148153974880156
4089,"heggarty2024",-5.9617657015904,-0.061711368877884,0.101505860078067,0.00825853902478006
4090,"heggarty2024",-5.83207207846845,0.0586105213666656,-0.108597372085066,0.00117591234657496
4091,"heggarty2024",-6.07822455056656,0.0433379214892838,0.0755217265414513,-0.166704777877324
4092,"heggarty2024",-5.74298488360308,-0.0629385855786214,-0.149143462438077,-0.142856347320914
4093,"heggarty2024",-5.65002512600847,-0.0823347190822925,-0.0103768434746441,-0.068387324460439
4094,"heggarty2024",-5.98434719585498,0.00891816581068709,-0.0620860367616029,-0.0325123829232924
4095,"heggarty2024",-5.97681305271028,0.00274559762203151,0.079675071014008,-0.0661954907770141
4096,"heggarty2024",-6.03938785792373,-0.247557608584306,-0.0256169039364681,-0.155615990863255
4097,"heggarty2024",-5.93540838319462,-0.0202412627396903,-0.126887545530597,-0.0889666799717604
4098,"heggarty2024",-5.97171213147229,0.100019266691004,-0.109633225810488,-0.07603123401616
4099,"heggarty2024",-5.82965432072545,0.0236331800320649,-0.127130666131403,-0.134807253212455
4100,"heggarty2024",-5.85319005698922,-0.122642067564548,0.0243794703066809,-0.0731078423910645
4101,"heggarty2024",-6.31707615760324,-0.166950585502385,-0.106901013330009,-0.139948327844895
4102,"heggarty2024",-6.48980902323478,-0.0982759627054219,-0.0354988462377011,-0.123964837623224
4103,"heggarty2024",-5.47907842301937,-0.114472808690305,0.0642511853506998,-0.00115985428584094
4104,"heggarty2024",-5.79659997416324,0.0769809361952337,0.0187483901232556,0.000238904009353163
4105,"heggarty2024",-5.62280985313497,-0.0453868391541647,0.00778283045314291,-0.118770959676734
4106,"heggarty2024",-5.7410039646794,0.0112623027526217,-0.0826445967611881,-0.0681999112845756
4107,"heggarty2024",-6.03232051067121,-0.135640813144256,0.126403278022748,-0.25456112887018
4108,"heggarty2024",-6.0090396375795,-0.0176427560150165,-0.216160467896807,-0.0902023095625527
4109,"heggarty2024",-6.03721156890536,0.0754258401379611,-0.192285053670215,-0.0896000509942514
4110,"heggarty2024",-5.67828244143647,-0.00979341781985291,-0.037721690789251,-0.0673126725608684
4111,"heggarty2024",-5.89068975211067,-0.0212267937670263,-0.0430397947372356,-0.0460546086496339
4112,"heggarty2024",-5.87951324300799,-0.0454051057587154,-0.0559841441266158,0.0232517476532382
4113,"heggarty2024",-5.22505235011818,-0.115211990232289,-0.130953956508224,-0.152812994197364
4114,"heggarty2024",-5.63113668135126,0.019660133165904,0.0255955659488404,0.0767193711548105
4115,"heggarty2024",-5.90751469979409,-0.0832969853653256,0.00552277928417368,-0.0353468351632977
4116,"heggarty2024",-5.88326094907162,-0.014974054063881,-0.129697387415133,-0.0851916002668995
4117,"heggarty2024",-6.06298546110969,-0.264026297597561,-0.0830850071702741,-0.147237402778874
4118,"heggarty2024",-5.71599818525383,-0.0494992639537295,-0.0499034685241489,-0.163029064485116
4119,"heggarty2024",-6.13623324685113,0.0293986368716129,0.021462401089388,0.114640634646766
4120,"heggarty2024",-5.88129866526786,0.0481139799908078,-0.0420396912851138,0.163219696350246
4121,"heggarty2024",-5.95396513444954,-0.0683133565276871,0.0840834445507984,-0.0591680880639843
4122,"heggarty2024",-6.03449447075684,-0.166670065188907,0.0279582448264019,-0.162657615327168
4123,"heggarty2024",-5.90555786192605,-0.0187196439520796,-0.103546977918245,-0.1663774862114
4124,"heggarty2024",-6.59188507682167,-0.0876383953742598,0.0892853513626515,-0.00703824119156797
4125,"heggarty2024",-5.96824242104127,0.015798786418089,0.0286821872871873,-0.000317081784364458
4126,"heggarty2024",-6.05940792516113,0.00139840566971784,-0.0278920286299316,-0.0143045425770981
4127,"heggarty2024",-6.02709512395337,-0.0414267641306051,0.0352901887451253,0.0463672361890963
4128,"heggarty2024",-5.83418822313722,-0.0263358844950123,-0.000555062256825042,-0.0974092675459323
4129,"heggarty2024",-5.83891621503306,-0.0323055494941095,-0.061284270348511,-0.0327454421925815
4130,"heggarty2024",-5.73560941048412,0.0209773288207005,-0.0322837887281643,-0.0968869580466461
4131,"heggarty2024",-5.71131920610693,-0.0353013925225367,-0.0517895403245144,-0.156962634800511
4132,"heggarty2024",-5.83522736007,0.00356571825004375,-0.0562280331679481,-0.101408379334474
4133,"heggarty2024",-6.11097117480316,-0.00739115243716779,-0.110755675038762,-0.0509015659566777
4134,"heggarty2024",-5.93995604065608,-0.00130523709687555,0.0316059071305633,-0.0566028871950018
4135,"heggarty2024",-5.55675707766393,-0.160646663997127,0.0428323853789835,-0.186256887366837
4136,"heggarty2024",-6.04324010279199,0.0411264316707023,-0.090222497693525,-0.0957174489784559
4137,"heggarty2024",-4.87145321605851,-0.0690340806269863,-0.0509388730325547,-0.131377951843215
4138,"heggarty2024",-6.00626249162409,-0.111943405542908,-0.137928636062731,-0.159509370601389
4139,"heggarty2024",-5.85754367505559,-0.0112805585507778,0.023576693028236,0.0196059907911956
4140,"heggarty2024",-6.7000962340711,-0.0826885466714515,0.0996893396995675,-0.0823136431189617
4141,"heggarty2024",-5.77403828462822,0.102632615659019,-0.087029081415202,-0.0727806955672172
4142,"heggarty2024",-5.80140800656498,-0.141777238338135,-0.0810232183111264,-0.0644372788258644
4143,"heggarty2024",-5.80990763087171,-0.0258134028628578,-0.145075755292566,-0.117294379934677
4144,"heggarty2024",-6.01266684542514,0.0489101732178733,1.74567564968763e-05,0.0328882095341497
4145,"heggarty2024",-6.08136818389575,-0.044807336921107,-0.0566939717175438,-0.0811739253234495
4146,"heggarty2024",-5.91108139730654,0.0677935475476975,-0.088235302825928,-0.155478847724148
4147,"heggarty2024",-5.89399460721909,-0.142650373975478,-0.130928093516079,-0.0604091795569869
4148,"heggarty2024",-5.77095752568614,-0.0585431019973298,-0.213311444446077,-0.163270312936965
4149,"heggarty2024",-5.75297794814006,-0.0724699874573157,0.100363895717313,0.0104623998782025
4150,"heggarty2024",-5.91290822388262,-0.0272817620367723,0.0746101042818381,0.0131672190821122
4151,"heggarty2024",-5.94696326631134,-0.0910898736743417,-0.0458232345960203,-0.0210535801246551
4152,"heggarty2024",-5.90228210459163,-0.0916117919617116,-0.0571834325918673,-0.151669337717515
4153,"heggarty2024",-5.87286672941049,-0.0401140798124797,-0.078491830669124,-0.0600450463523658
4154,"heggarty2024",-5.89678809213845,-0.0392280931204326,-0.0708023073489919,-0.152097209077058
4155,"heggarty2024",-5.63295548100969,-0.152601763107783,0.0504526236076662,-0.088857647845367
4156,"heggarty2024",-6.0856767747878,0.000655193407162784,0.0747068855312178,-0.109679830387296
4157,"heggarty2024",-5.75598474035422,-0.114954828971531,-0.032748369458214,-0.103012847619559
4158,"heggarty2024",-5.80950142199797,-0.0874534749555375,-0.0717764815179432,0.0297461362946692
4159,"heggarty2024",-5.90551524304854,0.084687905557705,-0.0105141653452468,-0.084415638115799
4160,"heggarty2024",-6.08097083316527,-0.0627588386184969,-0.0997040275788101,-0.0859125688613293
4161,"heggarty2024",-5.91496507799154,-0.0472223634590004,0.00836294343346084,-0.0949838267660731
4162,"heggarty2024",-5.91877427886985,-0.193510240009955,-0.0770745676911009,-0.131270978656203
4163,"heggarty2024",-5.99685793783068,-0.182914504338495,-0.0263583376212645,-0.092766478290229
4164,"heggarty2024",-4.93160734546859,-0.00291051165782578,0.0260560264426073,-0.143961585199868
4165,"heggarty2024",-5.70884487445239,0.0940087288583598,0.0822799881026601,0.0498238785127149
4166,"heggarty2024",-6.04092769763511,-0.0245487556393052,-0.30766027679975,-0.0876791997522615
4167,"heggarty2024",-5.70657562972013,0.094365269361914,-0.132664314265259,-0.267315453450483
4168,"heggarty2024",-5.60152140588143,0.0181974994332279,0.0109533178391028,-0.125755028542949
4169,"heggarty2024",-5.714400593936,-0.00505867449781536,-0.00927630415050843,-0.071663674366193
4170,"heggarty2024",-5.72725344190225,-0.110958620916996,0.0350253485469797,0.00465871581717852
4171,"heggarty2024",-5.89857089137668,-0.0974343564920902,-0.167888755474895,-0.138403799427497
4172,"heggarty2024",-5.76005534658742,-0.00317633625429202,-0.0344154413999298,-0.0978737361287033
4173,"heggarty2024",-7.05180029634619,-0.0236542828899618,-0.123763238655372,-0.108773643721734
4174,"heggarty2024",-5.77620476305892,0.0663839482682397,-0.100016670829492,-0.107582909026749
4175,"heggarty2024",-5.95055616670564,-0.0499438554707966,0.0293906607137154,-0.170535369374593
4176,"heggarty2024",-5.70465723898829,-0.0115953216624017,-0.110860561497213,0.00150218444097697
4177,"heggarty2024",-5.94061318282504,0.048528779382524,0.0980899447043865,0.0198142258120408
4178,"heggarty2024",-5.80479804168204,-0.0662638722798929,0.00673409100240837,-0.136965093159742
4179,"heggarty2024",-6.0693493005071,-0.0558341501769328,0.0153563581381269,-0.0727835665232909
4180,"heggarty2024",-5.82048644846456,-0.030147444401033,0.0484976563809155,-0.210785778770698
4181,"heggarty2024",-5.91097036304962,0.080986634948382,0.0263213529624397,-0.0829173875177911
4182,"heggarty2024",-5.9300753643105,0.0956489657239869,0.0472745149309875,0.00643552120881091
4183,"heggarty2024",-5.80303477662271,0.0105519387788123,-0.055457943280004,-0.190639669624958
4184,"heggarty2024",-5.84539640992804,-0.124537262450384,-0.197550375239386,-0.0973628774517923
4185,"heggarty2024",-6.25910806865677,-0.165008897047124,0.148747448833014,-0.0481161444267269
4186,"heggarty2024",-6.06467545011991,0.00183863624280832,0.00942757185823528,-0.12855272240688
4187,"heggarty2024",-5.9391544375831,0.112600802638872,-0.0849204552556607,-0.0243842730213449
4188,"heggarty2024",-5.66305965786317,0.0217936265729434,-0.111655628207976,-0.164386758139212
4189,"heggarty2024",-5.62101562020043,-0.00335670171270306,-0.0517900779854483,-0.045343625508647
4190,"heggarty2024",-5.57146764562982,-0.086527932353206,-0.00241448267757391,-0.0300977492641944
4191,"heggarty2024",-5.87095398223785,0.0263332747684146,-0.141455688666724,0.02666937643742
4192,"heggarty2024",-6.27964894887415,-0.109274703760799,0.0783031350054472,-0.191339526715982
4193,"heggarty2024",-5.86928050808864,-0.0363610226359389,-0.0121576773436615,-0.0265581766399635
4194,"heggarty2024",-5.62125743034969,-0.0321296425049269,0.0529215865941707,-0.0635893978542291
4195,"heggarty2024",-6.04696324552237,-0.0549515087590365,-0.103267545521434,-0.120043746327018
4196,"heggarty2024",-6.83411480031037,-0.0614738330203039,0.0111041465492814,-0.0587098618315319
4197,"heggarty2024",-5.96894278297728,-0.0210829062540885,-0.00504143679209813,-0.0659852978450105
4198,"heggarty2024",-5.9336962690739,-0.0422291097285729,0.0733272620380345,-0.0687045538864892
4199,"heggarty2024",-5.73199406977778,-0.138988398336883,0.0286789697786944,-0.0728530328965303
4200,"heggarty2024",-5.77260412440999,0.035860149653395,-0.0150786926213132,-0.154074046066685
4201,"heggarty2024",-6.25195973568472,-0.0249764039968334,-0.076528424069149,-0.0641606988049632
4202,"heggarty2024",-5.94664146514859,0.00120885542636532,-0.0513416393121535,-0.300648114224197
4203,"heggarty2024",-5.84256466387493,0.040287339066968,-0.267507758235035,-0.126464439192044
4204,"heggarty2024",-5.53418010917442,0.0426119127648419,0.02964746123575,-0.267016245858506
4205,"heggarty2024",-5.63965848072487,0.063249932046599,-0.109172693810045,-0.0442009911020957
4206,"heggarty2024",-5.76757122928729,-0.0983019278918271,0.20131321259233,-0.108174057953842
4207,"heggarty2024",-6.26902438807667,-0.044920384030049,-0.069868873389809,-0.100709173946946
4208,"heggarty2024",-6.37958419108946,-0.0315911269408075,-0.066504418664873,-0.11101581943256
4209,"heggarty2024",-5.68896863872829,-0.0978452425376557,0.0737226622848715,-0.0199423902762478
4210,"heggarty2024",-5.79904540076877,0.00190434814416902,0.0743491822514455,-0.133936537000277
4211,"heggarty2024",-6.24162169074565,0.0587043317022484,-0.0144098221802313,-0.0703082819148105
4212,"heggarty2024",-5.82535558368524,0.0525892602458635,0.116704895158012,-0.104791733902281
4213,"heggarty2024",-5.81121849585226,-0.0391392919138583,0.0240058682794588,-0.0720420784474149
4214,"heggarty2024",-5.87281732453427,0.103733332690668,0.0626193458161713,0.000393658496152459
4215,"heggarty2024",-5.87010557371593,0.123396467311585,0.134123913601621,-0.00316208452792948
4216,"heggarty2024",-6.77763529467775,-0.0814701012237115,-0.0161581145209897,0.0605669839178491
4217,"heggarty2024",-6.219425401556,-0.176491573180424,-0.146686813354081,-0.0480662786181275
4218,"heggarty2024",-5.97116052474377,-0.066303444129488,-0.054512019214528,-0.0858392907558316
4219,"heggarty2024",-5.82987543612103,0.00198629216973163,-0.152854749733319,-0.129450611086832
4220,"heggarty2024",-6.46976402829752,-0.175199209255534,0.143329465540062,0.0437489740900597
4221,"heggarty2024",-5.48898442143291,-0.0457524942665369,-0.0192937111909088,-0.113437968657762
4222,"heggarty2024",-5.54981418507762,-0.0519655063194805,-0.0453614289581727,-0.0813554617584985
4223,"heggarty2024",-5.72230714027101,-0.164104498523149,-0.019213779880939,-0.0316298679405545
4224,"heggarty2024",-5.70189590928904,-0.0689617980975019,-0.0959649800027839,-0.174224258612971
4225,"heggarty2024",-5.90283616852926,-0.0267091196027803,-0.0277371055629115,-0.131725242996611
4226,"heggarty2024",-5.44293293657467,-0.0162852883323414,0.103062046009959,-0.166966957002659
4227,"heggarty2024",-5.75754400703529,-0.0504992106596529,-0.0151498724598713,-0.0955738658348867
4228,"heggarty2024",-5.70475405318297,0.00553254693838257,0.0698566825904108,-0.110702225901143
4229,"heggarty2024",-5.94935584134288,-0.00844834781450323,0.0791090013538984,-0.0797282396861395
4230,"heggarty2024",-5.78266588862693,0.0051924129763499,-0.0591074772223897,2.19965819047649e-05
4231,"heggarty2024",-5.93225166448692,-0.0366067888078468,0.0405963983019694,-0.091118602677641
4232,"heggarty2024",-5.9550863201019,-0.00747831893681515,0.0441553946599993,0.037267816845504
4233,"heggarty2024",-6.18749247021616,-0.137524452186213,0.179418380068343,0.0625583799584931
4234,"heggarty2024",-5.73619463436544,0.111748972055132,-0.0494692379455761,-0.0123304965944641
4235,"heggarty2024",-5.84801741418571,-0.0301298063466881,-0.119415351088106,-0.14653751217671
4236,"heggarty2024",-5.89355540675813,-0.140511566206186,-0.0255063655347229,-0.0541153645896861
4237,"heggarty2024",-5.61325950426699,-0.102594751729131,0.152201061260321,-0.281217470331192
4238,"heggarty2024",-5.9310201703235,-0.120004320514709,-0.0357374362022638,-0.288617381227611
4239,"heggarty2024",-5.87090963731571,0.0658185823974066,-0.0544120838685098,-0.236227262972235
4240,"heggarty2024",-5.78459328160132,-0.171685963632432,-0.136422068030055,-0.222359332383018
4241,"heggarty2024",-5.96349214382116,0.00577646323235563,0.0261560658873283,0.0246865206223173
4242,"heggarty2024",-6.45129362149665,-0.116391733181976,-0.00465778754321405,-0.0894305853676222
4243,"heggarty2024",-6.0080459012832,-0.0156033266164924,-0.157246521658505,-0.192065676810033
4244,"heggarty2024",-5.96076075936297,-0.0710087798705441,-0.00506387767782622,0.019993241146914
4245,"heggarty2024",-5.74484830320803,-0.0708715908413839,-0.0464015797310506,-0.177683817471838
4246,"heggarty2024",-5.71517845774298,0.0195237914353025,0.00215904504788312,-0.0262161471872745
4247,"heggarty2024",-6.22097101387452,-0.0446192516363862,-0.0903619434819302,0.0280713487759597
4248,"heggarty2024",-5.59197167409815,0.0361028427570326,0.0169308140453483,-0.0246958032676309
4249,"heggarty2024",-5.95028197646844,-0.00174310743267144,0.0707274825728429,-0.152775099619293
4250,"heggarty2024",-6.01338613857501,-0.0317393196311319,-0.109674793411705,-0.101980092571117
4251,"heggarty2024",-6.00008747470076,-0.10587637877175,0.0799348380272858,-0.20151667585044
4252,"heggarty2024",-6.15760701409647,-0.0855738278736217,0.0465675029138859,-0.0249108821177859
4253,"heggarty2024",-5.76414377845132,0.0732369350053033,-0.0148084931640933,0.0878785021113223
4254,"heggarty2024",-5.6262942864945,-0.0457800298048442,0.0271973156264376,-0.0969658014491232
4255,"heggarty2024",-6.51365606276572,-0.102466824815042,-0.0160108620982767,-0.0555656243472802
4256,"heggarty2024",-5.87778830095087,-0.0517694455658347,-0.0833202039296098,-0.185594108300718
4257,"heggarty2024",-6.0132801660898,-0.0733705144650814,-0.101634449068936,-0.00796172681333329
4258,"heggarty2024",-5.85861768839911,0.00173609886769805,-0.0275211841086185,-0.0265001844515781
4259,"heggarty2024",-5.9146196474479,0.00690948579944033,0.0856097271947397,-0.123805589670768
4260,"heggarty2024",-5.91472503367284,-0.0644794581977875,0.144391058084704,-0.123967063188238
4261,"heggarty2024",-6.16165093379997,0.00152944338537421,0.0601946131988838,-0.0155936239446335
4262,"heggarty2024",-6.11243231819368,-0.0514400182180165,-0.0089084124670882,-0.000390459169057737
4263,"heggarty2024",-5.92210711136569,-0.0818386508333847,-0.204782324784004,-0.217437075644834
4264,"heggarty2024",-5.76718879698654,-0.11853420285732,-0.0587955316274715,-0.158170976577694
4265,"heggarty2024",-5.87564396342712,-0.00715076196773204,-0.106537573730036,-0.0878733958176829
4266,"heggarty2024",-6.23668625699697,-0.226159140632298,0.0233588153567097,-0.0942722650836059
4267,"heggarty2024",-5.8392545558774,-0.0247223669256778,-0.003712943780946,0.0547972140091818
4268,"heggarty2024",-5.79288912411109,0.0384401851565679,0.0261287364241635,-0.113404476867775
4269,"heggarty2024",-6.240492600435,-0.03286652508403,-0.047694702215389,-0.0989410614364681
4270,"heggarty2024",-5.769236978075,-0.0941193141382348,0.0438248400342814,-0.105957847104944
4271,"heggarty2024",-5.71959513003208,-0.0103415078724125,-0.121968826365723,-0.154620776319628
4272,"heggarty2024",-6.08752887239543,-0.0511056524772865,-0.118946733216731,-0.116362512767434
4273,"heggarty2024",-5.93058002275612,-0.0555964869368648,-0.104874194746671,-0.08907197799296
4274,"heggarty2024",-5.87118678568936,-0.101607020134015,0.0391579002263281,-0.0920781774640874
4275,"heggarty2024",-6.48480665877629,-0.153623323374037,-0.0548696500721728,-0.0527147026259576
4276,"heggarty2024",-6.24092044259121,0.0101516251888174,-0.00999795476942254,0.105082946367949
4277,"heggarty2024",-5.61746787566012,0.00048609636077297,-0.0569398708362526,-0.0564495684499511
4278,"heggarty2024",-5.59578872501632,-0.170719103090627,0.0628745474370564,-0.0165247461171851
4279,"heggarty2024",-5.85008498556502,-0.0531513172794063,0.0352228530113537,-0.095592287057153
4280,"heggarty2024",-5.95476364069197,-0.0499178957206608,0.0405123885968939,-0.00641331365472457
4281,"heggarty2024",-5.8164067297257,0.00604749854804504,0.00338116871757993,-0.00317567579840691
4282,"heggarty2024",-6.10341442798923,0.00129436825234498,-0.171372476604651,-0.0646278015189329
4283,"heggarty2024",-6.22393520979951,-0.109970961658465,-0.0765925358679277,-0.043497209821314
4284,"heggarty2024",-5.82418807024881,-0.166884400977384,-0.061653675507372,-0.213449916631061
4285,"heggarty2024",-5.89505511823906,0.0464577201702232,-0.152722228176637,0.0238400007981371
4286,"heggarty2024",-5.88326772642188,0.000451826967194751,0.0123908076141208,-0.0497842807752267
4287,"heggarty2024",-5.61005027229292,-0.135796577096147,-0.0846126103109452,-0.0715153248033856
4288,"heggarty2024",-5.9167056422364,-0.0695418538083616,-0.0508870685496405,-0.0423282728177158
4289,"heggarty2024",-5.87549073798155,0.0104785896498168,-0.0119231317921278,-0.14956000470005
4290,"heggarty2024",-5.90497994280426,-0.0505232168568255,0.113710494067904,-0.0748729218828794
4291,"heggarty2024",-6.019886052128,0.048311959825809,-0.0236227081215824,-0.0711960696927616
4292,"heggarty2024",-6.11447280106258,0.0474730758015131,-0.0972924816955146,-0.0344380575248851
4293,"heggarty2024",-5.54805138759316,-0.0888620720836332,-0.0124775647170897,-0.0993551452478461
4294,"heggarty2024",-5.91102568438384,-0.0518124804673396,-0.103627226743159,-0.0755898440926321
4295,"heggarty2024",-5.75609307391134,-0.011204351992317,-0.179175281076966,0.0310013485706287
4296,"heggarty2024",-5.77753569129867,-0.0410407874502372,0.0257920562316022,0.0124631258250981
4297,"heggarty2024",-5.73427577040398,0.05292182962341,0.072087758026862,-0.196511425413164
4298,"heggarty2024",-6.2140430279025,-0.0841514046603146,-0.0738629508810016,0.00585227949957286
4299,"heggarty2024",-5.67269345389591,-0.000594527698487092,-0.0699870709659123,-0.231836380431609
4300,"heggarty2024",-5.7406894488163,0.0111391461512995,-0.0391657224266023,-0.0924905661771196
4301,"heggarty2024",-5.77352371838489,0.0113645869854533,-0.0779528753405494,-0.0318933656241736
4302,"heggarty2024",-5.87006722643206,-0.0320781773856296,-0.0719699759443363,-0.128914318092256
4303,"heggarty2024",-6.6596705828692,-0.0237761831285157,0.00811857411593171,-0.040680580803973
4304,"heggarty2024",-5.96038792545672,-0.0303579899358432,0.0306529728238471,-0.000968158537602959
4305,"heggarty2024",-5.7045312095327,0.0064206967523616,0.0465049763680245,0.0678282622087192
4306,"heggarty2024",-6.28271173954303,0.0241269591158847,-0.0654122989586977,-0.138895208639498
4307,"heggarty2024",-6.27675433221423,-0.0663018244810705,-0.105716233186068,0.00435802977989253
4308,"heggarty2024",-6.03249185631547,-0.0472203073465289,0.109456205825043,0.0985879009126035
4309,"heggarty2024",-5.86022088787623,-0.125314417228374,-0.060984733976952,-0.181577572486432
4310,"heggarty2024",-5.5784708373464,-0.0802265971270161,-0.062497031613197,-0.0979913725414057
4311,"heggarty2024",-5.72511677206344,-0.0679391089816875,0.046622919198824,-0.165861237610803
4312,"heggarty2024",-5.93656962516135,-0.0803597814209918,-0.0766306459497213,-0.116751147797137
4313,"heggarty2024",-5.89587401172211,-0.0367714541982517,-0.0726889305725313,-0.195251621073868
4314,"heggarty2024",-5.97896137708019,-0.0189126908431567,-0.113362876014961,-0.0717970034967092
4315,"heggarty2024",-5.54519980800316,-0.132484485107373,-0.0905967651873178,-0.193807143102464
4316,"heggarty2024",-6.39054769701341,-0.0641449784735192,-0.217500625783269,-0.238376321805361
4317,"heggarty2024",-5.94726679987122,0.0252931748372968,-0.0564631109317074,-0.106543240304389
4318,"heggarty2024",-6.06041722704609,-0.0899974783387464,0.0266307546975056,-0.119243798152366
4319,"heggarty2024",-5.91373396633066,0.0678623932099684,0.161324431209994,-0.00986816179814169
4320,"heggarty2024",-5.40339499434627,-0.0237208770669489,-0.0755834509494409,-0.145664299599398
4321,"heggarty2024",-5.9203332096187,-0.102804048089965,0.0502853197253734,-0.108386529610954
4322,"heggarty2024",-5.90389608726652,-0.216288477081698,0.0363783618778591,-0.252383958440537
4323,"heggarty2024",-5.69082480547384,0.102908690312919,-0.0579145268286829,0.021610529560353
4324,"heggarty2024",-6.04033564692495,-0.0589030008842873,0.00629370986878959,-0.0643925798268278
4325,"heggarty2024",-5.37158855437991,0.0897207044637869,-0.0702336230809422,-0.0664548473842871
4326,"heggarty2024",-5.61876353902154,0.0424194979724324,-0.0411142552931429,-0.00648348845408251
4327,"heggarty2024",-5.83365271754037,-0.0558933944160578,-0.0655759843993427,-0.123440479711454
4328,"heggarty2024",-5.82943756712024,-0.103908418015708,-0.00974614954273362,-0.00779739370239992
4329,"heggarty2024",-5.55286923765252,-0.0122135509411276,-0.00263084530305238,-0.0999497344150594
4330,"heggarty2024",-5.98354615872517,-0.0474358800716724,-0.162564946341728,-0.0607936693456526
4331,"heggarty2024",-5.82889669919062,-0.152995654970576,-0.0320747911621093,-0.174086468132491
4332,"heggarty2024",-5.76804488179773,-0.0294272936460561,-0.0145135247772249,-0.0847770999728933
4333,"heggarty2024",-5.84952130782042,-0.00146315670661982,0.0605708645003363,0.0732880279874379
4334,"heggarty2024",-5.91203175510378,-0.186856264459036,0.0242403973761774,-0.0804169797237491
4335,"heggarty2024",-5.92909411489329,0.0356692765168713,-0.126789006088445,-0.118697778580006
4336,"heggarty2024",-5.81264953165941,0.0265750560837451,-0.0213909515683266,-0.0921416364063237
4337,"heggarty2024",-5.79353670618639,0.124739863527557,0.0604083805820152,0.057667028378156
4338,"heggarty2024",-5.6887155791526,-0.0454988943717588,-0.0911593988893339,-0.00743910989636148
4339,"heggarty2024",-5.41054464459371,0.0727643574155634,0.0079790638482241,-0.0545588994274547
4340,"heggarty2024",-6.0179539351143,-0.00865928011278011,-0.0201259806447858,-0.0768760531053778
4341,"heggarty2024",-5.65844657183754,-0.0256165180516113,0.000174586643758503,-0.0051013854664364
4342,"heggarty2024",-5.6575006712716,-0.00806696470055515,-0.0424720734651883,-0.0250349031312852
4343,"heggarty2024",-6.21128957327562,-0.133890723477958,0.018364820300009,-0.0102890538693249
4344,"heggarty2024",-5.90592113238245,-0.0847130298236348,0.00787657226698067,-0.200049199009267
4345,"heggarty2024",-5.93258867949628,-0.0855666193095075,-0.0118844402891912,-0.0346754412605576
4346,"heggarty2024",-5.74259979160275,0.0676070577840082,0.059020396127097,-0.201570229715803
4347,"heggarty2024",-6.30676243100782,-0.171753698545103,-0.121527723041291,-0.0690418631822067
4348,"heggarty2024",-5.86586796267736,0.100531731183335,0.0347339060916946,-0.0417488674773844
4349,"heggarty2024",-5.53819824286318,0.023531439378661,-0.0987636213424224,-0.0909655338386915
4350,"heggarty2024",-5.97303597711544,-0.0591533407414728,-0.0822805252155438,-0.103432835522816
4351,"heggarty2024",-5.85348812566253,0.0403510032965285,-0.0124591470048488,0.039392700313748
4352,"heggarty2024",-5.77904180876844,-0.087923898955207,-0.162120143450371,-0.109576333757001
4353,"heggarty2024",-5.87028783865849,0.00375675223876645,-0.050249721334089,-0.188944433684369
4354,"heggarty2024",-5.61794456287799,-0.0789064069000608,-0.0892345873152713,-0.16812951354161
4355,"heggarty2024",-5.76804272081104,0.00887750908315772,-0.0111090302487442,-0.0284822591989263
4356,"heggarty2024",-6.07408716269292,-0.0278336503977965,-0.0709593927004093,-0.124378066360027
4357,"heggarty2024",-6.17301325837573,-0.190738144227147,-0.175999269760257,-0.147661184261952
4358,"heggarty2024",-5.67483871735551,0.0340670092371264,0.0147017256265497,-0.0228424987867566
4359,"heggarty2024",-5.66581936788921,0.05004231810734,-0.0247748459331789,-0.148893919187897
4360,"heggarty2024",-6.31339869687737,-0.204445725294121,-0.00291824164898823,-0.00530108521931335
4361,"heggarty2024",-5.98518392573302,-0.146214648485644,0.088027904694222,-0.188120537661956
4362,"heggarty2024",-6.22750420782211,-0.112351721534554,0.0405166562011,-0.00104278828004529
4363,"heggarty2024",-5.9725088664534,-0.0168343433054533,-0.0557221367105667,0.086935967896707
4364,"heggarty2024",-5.93362239496481,-0.0936248436282666,0.0270819273231265,-0.0919428606283561
4365,"heggarty2024",-5.66484963029015,-0.0817322246176835,-0.0564037469948382,-0.0733226827868227
4366,"heggarty2024",-5.94976401737987,-0.0664620069737919,0.0213758317190046,-0.117412970412821
4367,"heggarty2024",-5.79407501900024,-0.0515817920652345,-0.146036807063293,-0.195431919091172
4368,"heggarty2024",-5.94883883841247,-0.0463762868662594,-0.051503251979394,-0.117937403067416
4369,"heggarty2024",-6.27315170857225,-0.143546986516462,-0.0497186745310997,-0.165684691037827
4370,"heggarty2024",-5.81001234119607,-0.1067167092004,-0.0977815302196276,-0.13554152909134
4371,"heggarty2024",-5.92350099780966,0.0280174036004299,0.160159138448632,-0.181948489347344
4372,"heggarty2024",-5.54032882636989,0.0805533516069138,0.0890024623376456,-0.0662135637609012
4373,"heggarty2024",-5.96569998374743,-0.134221415893283,-0.0541405453967856,-0.153682076489555
4374,"heggarty2024",-5.85574670451618,0.0538357623306931,0.0321721730572943,-0.226714671361129
4375,"heggarty2024",-6.0303778113066,-0.0676321360373547,-0.171451149001982,-0.190508545623277
4376,"heggarty2024",-6.01677409619367,-0.163002668141981,-0.158032631649353,-0.159141952447652
4377,"heggarty2024",-5.9459800052061,-0.194536099370186,-0.103448638766403,-0.176324671703719
4378,"heggarty2024",-6.09023547489248,0.0469156191320841,0.0573366439020889,-0.0889915787443247
4379,"heggarty2024",-5.99550081756292,-0.0490385996119811,-0.00852700451091605,-0.0178757158821507
4380,"heggarty2024",-7.08106549411808,-0.00523602284076997,0.104131883736581,-0.131116630693392
4381,"heggarty2024",-5.92192326941465,-0.123646900368164,0.103733938272809,0.0533673150013536
4382,"heggarty2024",-6.11705102105102,-0.137046590317371,0.0138699447518403,-0.149543291329263
4383,"heggarty2024",-6.5657304784285,-0.113147764437635,-0.125440216417887,-0.227788423368101
4384,"heggarty2024",-6.18802513841344,0.105577541119797,-0.067479867202437,0.041266003449729
4385,"heggarty2024",-5.8530103068083,-0.139923628343991,0.0325092707401197,-0.0998763422543119
4386,"heggarty2024",-5.75989631015998,0.110187269792104,-0.0143752990716553,-0.0588139514137796
4387,"heggarty2024",-6.1047886516358,-0.011819575053218,-0.187749319335467,-0.276790775306307
4388,"heggarty2024",-6.07311082142046,-0.0173891158810179,0.0490655161161441,-0.0916336726156897
4389,"heggarty2024",-5.508733251657,-0.0261273393617633,0.045099148193624,-0.0301541678942565
4390,"heggarty2024",-5.73774395596723,0.0545051746678209,0.0439814122212308,-0.0406199655772876
4391,"heggarty2024",-5.92921693618467,0.012428426858867,-0.0209172310820145,-0.104930423225057
4392,"heggarty2024",-6.12793676909893,-0.0503626372404622,0.0312085173324961,-0.0345744867044607
4393,"heggarty2024",-6.02665448341688,-0.155455663429204,0.00489351358314629,-0.163257917730784
4394,"heggarty2024",-5.78892106083128,0.0572498374645812,-0.140632147521047,-0.0573334151630155
4395,"heggarty2024",-5.48410480058447,-0.160352637058191,-0.00984136947577497,-0.0359179553179205
4396,"heggarty2024",-6.00918508067634,-0.0587082952811186,-0.129606154529582,-0.0522600919231367
4397,"heggarty2024",-6.41743744063355,-0.0552317327770742,-0.0430829544326144,-0.173413771227198
4398,"heggarty2024",-5.57535376905586,-0.0642939634945547,0.0139324425409663,-0.120781481434406
4399,"heggarty2024",-5.98168351464612,-0.0424666005835995,0.00658576807234477,-0.0978448486313263
4400,"heggarty2024",-5.97682759332601,-0.0173796304722008,-0.135774360973888,-0.197140906289495
4401,"heggarty2024",-5.86557510008225,0.0356452627226516,0.0221272370189135,-0.0715765495654193
4402,"heggarty2024",-5.72756257126929,0.0509265790825536,0.0346816601405172,-0.0500775773704713
4403,"heggarty2024",-5.68938773809115,0.048356329906418,-0.0172698614956357,-0.0552504599697897
4404,"heggarty2024",-6.06116618167759,-0.03240858713909,-0.105535924467661,-0.158932552551561
4405,"heggarty2024",-5.77219160701449,0.0524468564716488,-0.0264847170481299,0.0224319411883059
4406,"heggarty2024",-6.36872638597732,-0.0314905532792424,0.0439238770352,-0.0598969406299618
4407,"heggarty2024",-5.67314972152608,-0.000436152799636772,-0.0825463951667095,-0.0716295791166637
4408,"heggarty2024",-5.8059454367782,-0.183946868578358,-0.023841352659102,-0.152057175782118
4409,"heggarty2024",-5.82936953836755,0.0731832682331174,-0.00156439891175731,-0.0271231986031329
4410,"heggarty2024",-5.90142255836635,-0.0615021261612695,-0.125202054576703,-0.120882117867021
4411,"heggarty2024",-5.59981165353428,-0.0299938075703945,-0.0360510898751589,-0.204024918329998
4412,"heggarty2024",-5.91405499183065,-0.0387074701768906,-0.0321894153964911,-0.0296500780177598
4413,"heggarty2024",-6.45951570934559,0.140189191462875,-0.05060608808461,-0.0928257589679599
4414,"heggarty2024",-6.45855086595872,-0.0469074723193252,-0.0221696733795513,-0.184624181931414
4415,"heggarty2024",-6.32677714557197,-0.127955716840584,-0.105724640436474,-0.0542596557057998
4416,"heggarty2024",-6.21002846918997,-0.141972248033531,-0.127655760412843,-0.10553477261924
4417,"heggarty2024",-5.69937300460756,0.0301894254415566,0.0638456706036604,-0.104133169022824
4418,"heggarty2024",-5.60410830304269,0.022125796525686,-0.103180886864388,-0.0599842803872609
4419,"heggarty2024",-5.87492414825222,-0.066496031364167,-0.0532082039195162,-0.0646937715213874
4420,"heggarty2024",-5.88964026998726,-0.13909627542619,-0.0399013312415993,-0.127240507000944
4421,"heggarty2024",-5.86929418470938,-0.0365088959491179,0.00631463268691609,0.03065683514952
4422,"heggarty2024",-6.05944013126524,-0.146472782323155,-0.101565499668059,-0.140497651817607
4423,"heggarty2024",-6.03051817732504,-0.0803936386363101,-0.0693704680124717,-0.152148538946563
4424,"heggarty2024",-5.79542131822371,-0.158163264811029,-0.00199956941428689,-0.202690970169692
4425,"heggarty2024",-5.86993462822945,-0.0691452717974789,-0.218678022294514,0.0700216641822081
4426,"heggarty2024",-5.99011687348411,-0.00913569793026607,-0.0900096497999633,-0.0674958275560332
4427,"heggarty2024",-6.11372641559441,0.00477963895273396,0.0193403842613919,0.089748237711989
4428,"heggarty2024",-5.87188815691997,0.0113399969519301,-0.0448616275368603,0.0354166062735331
4429,"heggarty2024",-5.84393634059104,0.0753263495506143,0.0591324942116497,-0.0159532926271788
4430,"heggarty2024",-5.92593495663546,-0.136622816681853,0.000364404727445193,-0.156684061945676
4431,"heggarty2024",-5.85824951251583,-0.0186774555964278,0.0157900175783063,-0.0671490682168479
4432,"heggarty2024",-5.818276100075,-0.0192146731396162,0.0176915105956887,0.0348818697610156
4433,"heggarty2024",-6.08095932302795,0.0387063228881937,-0.0262704212189732,-0.146007420433578
4434,"heggarty2024",-5.84175056692398,-0.0731561932558121,-0.0239972476120335,0.0293504041120688
4435,"heggarty2024",-6.01402608425144,-0.130789760051499,0.0427727973098207,-0.163741110601245
4436,"heggarty2024",-6.00247661162879,0.0563527414083959,0.0875856490293097,-0.180437892083226
4437,"heggarty2024",-5.87146679576569,-0.0137898139373409,0.0395625173060705,-0.11832011584786
4438,"heggarty2024",-5.71881152586063,-0.143941508492068,0.0326322893942243,-0.0867133107388602
4439,"heggarty2024",-5.79684520026547,-0.0105180962331397,0.0564950524235039,0.0486765743040119
4440,"heggarty2024",-5.94813742231539,0.00581321644204931,0.00912779842388686,-0.000725996066118818
4441,"heggarty2024",-5.85137477696671,-0.0185661651137417,-0.123757598547931,-0.0910362718407786
4442,"heggarty2024",-6.3810948136514,0.0751206686011293,-0.0403136712239497,0.121254351190638
4443,"heggarty2024",-5.95027416861321,-0.105115730762469,0.0058482248325729,-0.187771329533035
4444,"heggarty2024",-5.50053063251029,-0.135188390132205,0.176220573903325,-0.0479796409223435
4445,"heggarty2024",-5.96534010348342,-0.0759331184193071,-0.0523940150553655,-0.0934956671603862
4446,"heggarty2024",-6.03954163654495,-0.085548718186573,0.194206906953374,-0.234235908563001
4447,"heggarty2024",-5.98695831156258,0.00371638681812249,-0.065280421973298,0.00290610332269675
4448,"heggarty2024",-5.65952489011344,-0.17559355521922,0.00541813566106252,0.0709414704659241
4449,"heggarty2024",-5.79083441474713,-0.0248273677331516,0.0960794137993676,0.00171400227367926
4450,"heggarty2024",-5.93623323904186,-0.136867412792751,0.140949850771817,-0.0645511461526152
4451,"heggarty2024",-5.90872814089935,-0.0498012298312763,0.172338742241739,-0.12769261021124
4452,"heggarty2024",-5.82142329190807,0.0194364266019425,0.033084376536021,-0.00935235231660196
4453,"heggarty2024",-5.6727381242483,-0.0156643202056871,-0.0916104709882377,-0.105744546304616
4454,"heggarty2024",-5.56615473108108,0.0835889761301508,-0.0377912039636562,-0.100737940193268
4455,"heggarty2024",-5.94916406365794,0.0867473719757023,-0.0389926185395091,-0.0608239951616412
4456,"heggarty2024",-6.21734464516771,-0.00877582868316308,-0.0680400351918945,-0.138427981381562
4457,"heggarty2024",-5.94304373035489,-0.0254418647892536,-0.0398854815386192,-0.171549277227391
4458,"heggarty2024",-6.30598161800304,-0.077646075522496,0.109547705959815,-0.0621299714200219
4459,"heggarty2024",-5.9207377395627,-0.131238999450422,0.0275483088004814,-0.0632252906603103
4460,"heggarty2024",-5.71042358070908,-0.208009114813536,0.0689072160278678,-0.0464798666482407
4461,"heggarty2024",-5.87511223281706,-0.0754925736348666,-0.103340240771112,-0.167334565948043
4462,"heggarty2024",-6.78093918449169,-0.0423192707509815,-0.119669997276893,-0.0489307319320323
4463,"heggarty2024",-5.82297323228606,-0.0447555103034577,-0.0991068200179765,-0.042689262818196
4464,"heggarty2024",-5.81699367614536,-0.0800775031155317,-0.057345201596122,-0.00170046900395812
4465,"heggarty2024",-5.69226843647608,0.0471804408290662,-0.119167675790236,-0.275714283798575
4466,"heggarty2024",-5.6535225711809,-0.0716225752235684,-0.0453077850597422,-0.0869401450449814
4467,"heggarty2024",-5.69813788618352,0.0831933761429967,-0.0589020471671929,-0.0958169291543387
4468,"heggarty2024",-6.08315889866036,-0.109791397426346,-0.0892068544307215,-0.10056038132025
4469,"heggarty2024",-6.38599049093313,-0.023969205135768,-0.194478763252932,-0.0733168442761265
4470,"heggarty2024",-5.89700055831678,-0.00547746763567366,-0.039426264735435,-0.14387122373298
4471,"heggarty2024",-5.83654083651823,-0.0311680680923925,-0.161581563801673,-0.110537604316542
4472,"heggarty2024",-5.79241702304782,-0.0106050189269848,-0.0539379551908159,-0.0188658869845016
4473,"heggarty2024",-5.85053244259383,-0.0653930503076452,-0.0676710622593052,-0.0302166614992026
4474,"heggarty2024",-5.6006716674902,-0.0778981854998826,-0.024068187539722,-0.176595309880228
4475,"heggarty2024",-5.76908368385211,-0.114424364749995,-0.000968548587792578,-0.0735458885584063
4476,"heggarty2024",-6.09771688789702,0.0185236070573275,0.0758536762598552,0.00570306018706198
4477,"heggarty2024",-5.66888074115086,-0.0846124066531613,0.0108658107924589,-0.0977704385356594
4478,"heggarty2024",-6.09329458311956,-0.0676922147663499,-0.0890103231239006,-0.0758819890843106
4479,"heggarty2024",-5.83452574194822,0.00503331807040008,-0.127514741180963,0.00410483616943109
4480,"heggarty2024",-6.30868693335116,-0.0693842535660033,0.0170956737854665,-0.011359336733987
4481,"heggarty2024",-5.74630701414076,-0.0113638215266855,0.0131184737513977,-0.179036238977893
4482,"heggarty2024",-5.80438575388218,-0.119351650928255,-0.0601590742574979,-0.182547945400092
4483,"heggarty2024",-5.78745915772996,-0.0812121972942263,0.00849600630142495,0.045765331723022
4484,"heggarty2024",-5.8271967574023,-0.0200491997358914,-0.00323074635121777,-0.115972389162869
4485,"heggarty2024",-6.0634680352323,0.0353651011786121,0.0771897823424232,-0.0407390076288234
4486,"heggarty2024",-5.80917267436778,-0.0943792526124039,-0.0598092937123766,-0.117649985772384
4487,"heggarty2024",-5.85177963060017,-0.03253379509534,-0.0581436753700345,-0.0180842550816532
4488,"heggarty2024",-6.44850815221429,-0.180181349834612,-0.0335942698533064,-0.0131158255987391
4489,"heggarty2024",-5.86998272878779,-0.050111678054267,-0.106435165717358,-0.0157297559649823
4490,"heggarty2024",-5.86583058660803,-0.166258726579569,-0.064559777099159,-0.20792616843143
4491,"heggarty2024",-6.04807958211805,-0.0283183715863553,-0.0717565772759309,0.00527472055325171
4492,"heggarty2024",-5.90974712291043,-0.0919707211934344,-0.0550630224551613,-0.118422685747982
4493,"heggarty2024",-5.7609377629071,0.173659747781369,-0.0661454339589553,-0.0625081847174964
4494,"heggarty2024",-5.96122474350941,-0.13858690319659,-0.0214927964355225,-0.0834551764814964
4495,"heggarty2024",-5.8888334787518,-0.09716330191786,0.0456622609083095,-0.158013061241308
4496,"heggarty2024",-5.7731729595726,0.139255190904511,-0.152007165948216,0.0634811778537798
4497,"heggarty2024",-5.73771892354366,-0.0447564165707588,0.0412044012270859,-0.086707301809614
4498,"heggarty2024",-5.70365966179794,0.0374984011868842,-0.152878148757649,0.127519439975745
4499,"heggarty2024",-6.21487959675458,-0.0784625069307186,-0.0713147941531617,-0.0178138671538149
4500,"heggarty2024",-5.35702755420258,0.106887560117005,0.0643003596812526,-0.251336273214775
4501,"heggarty2024",-5.90812206787546,-0.0848209508376731,-0.0462277863979712,-0.219599333333717
4502,"heggarty2024",-6.02129060616713,0.00277837659009264,-0.0455317273422903,0.0319382250326453
4503,"heggarty2024",-6.05312256751111,0.0316178152118829,-0.00647228370326583,-0.0501243172805138
4504,"heggarty2024",-6.25814791599154,-0.0448397221972761,-0.041463876467359,-0.0623665486993437
4505,"heggarty2024",-5.77326924209258,0.0492823260225816,-0.103496368791437,-0.150851782919013
4506,"heggarty2024",-5.88688918210603,-0.00267906811174281,-0.055828546566081,0.0160002041279366
4507,"heggarty2024",-5.82119636787574,-0.0928562821074531,0.0212715519384057,-0.105044864263576
4508,"heggarty2024",-6.26770174900142,-0.221235003970779,-0.0176859611705204,-0.189372834934126
4509,"heggarty2024",-5.91603091397126,-0.0426272744296741,-0.0736386616263759,0.029586891880355
4510,"heggarty2024",-5.99323383836725,-0.176070967905447,-0.0113308334601258,-0.108123562348545
4511,"heggarty2024",-5.63656337071206,-0.0013226433044241,-0.00202088832297555,-0.00491944572934276
4512,"heggarty2024",-6.72391910716951,-0.066270881629599,-0.0198660498765246,-0.0325393679511411
4513,"heggarty2024",-5.93346688193983,0.0325472901796845,0.0583634725094049,-0.00785880587670027
4514,"heggarty2024",-5.84819837494424,-0.0549253757192944,-0.042504712646616,-0.0403083598993633
4515,"heggarty2024",-5.74161262813682,0.00680513866076675,-0.0870712620787634,-0.132131080190861
4516,"heggarty2024",-5.97417929578166,0.0603820047856033,-0.0651980669025019,-0.0436884055492401
4517,"heggarty2024",-5.81683452239567,-0.097955788356448,-0.115230198980137,-0.142967226335929
4518,"heggarty2024",-6.37456498597549,-0.218386395595301,0.0709636006478574,-0.155629729494238
4519,"heggarty2024",-5.88000603939805,-0.0834618584455756,0.0908228258054307,-0.0821095913139827
4520,"heggarty2024",-6.03146914244619,-0.0737353603904637,-0.0426953424994168,0.046237305428645
4521,"heggarty2024",-5.90780211310906,0.0346217299197144,0.130001677680423,0.0359796258345068
4522,"heggarty2024",-5.9826703549324,-0.0951289279823193,-0.012774706783108,-0.181979620645619
4523,"heggarty2024",-5.65357417260678,-0.122251749994175,-0.00428864525367104,-0.128322252203321
4524,"heggarty2024",-5.96589804331259,-0.0743326963085211,0.0382236008834767,-0.156227830063868
4525,"heggarty2024",-5.89599788435846,-0.0267005773779249,-0.0725208261593165,-0.0878675120391974
4526,"heggarty2024",-5.80541320427027,0.0255303472650399,-0.030100829089352,-0.0196763269175528
4527,"heggarty2024",-6.01816076478767,-0.199168340423573,0.00241084406706755,-0.0497958822275534
4528,"heggarty2024",-5.87585471537365,-0.0669314358058916,-0.0205285483265907,-0.127413117169972
4529,"heggarty2024",-5.79143552290251,-0.0111413501127559,0.113496820129571,-0.11632943988574
4530,"heggarty2024",-5.91621537019213,0.062358316776476,0.0804867907572126,-0.0727799497379778
4531,"heggarty2024",-5.83986739576966,0.0476693356592667,-0.101119493701942,-0.160370538088841
4532,"heggarty2024",-5.8249372637711,0.00649015352568048,-0.109735974643235,-0.0902412058940084
4533,"heggarty2024",-6.61016017855623,-0.117988325355723,0.0630399761045878,-0.0921314202390933
4534,"heggarty2024",-5.47678679009728,0.0534976737835793,-0.0725577997726119,0.09884217033623
4535,"heggarty2024",-5.96669444619777,-0.016068023299442,-0.0291400661927258,-0.168164090888446
4536,"heggarty2024",-5.96054695433747,-0.0349784916040243,-0.157521240083638,-0.137613510173682
4537,"heggarty2024",-5.98326582523211,0.0078998641207706,-0.0647973789290842,-0.0870188892128455
4538,"heggarty2024",-6.7335304943386,-0.104924183556799,-0.00359726572687453,-0.0213561333603932
4539,"heggarty2024",-5.82276383717228,0.00315128986165663,0.00402995541119549,-0.0900726283134312
4540,"heggarty2024",-6.24120046090411,-0.0288789817222344,-0.0606803320916897,-0.0933856823362541
4541,"heggarty2024",-5.57089942342018,-0.111110325211061,0.0314388091127811,-0.014259257707725
4542,"heggarty2024",-5.99792317191064,-0.00335106322621866,-0.147462334105775,-0.185534211268999
4543,"heggarty2024",-5.79667652750086,-0.0355170170062412,0.0461963368515039,-0.0530368314710596
4544,"heggarty2024",-5.71709404332665,-0.0693403546880699,-0.0287618740607077,-0.0957768578293344
4545,"heggarty2024",-5.59514433806342,0.104955084659121,-0.227638525769761,-0.252386120244849
4546,"heggarty2024",-6.07811254078821,-0.0959775927915456,0.0267349961379782,-0.153098990562691
4547,"heggarty2024",-5.78791879258185,0.024216687154666,-0.102243008144775,-0.145189859909679
4548,"heggarty2024",-5.80023674814344,-0.021975673228305,0.00278556877795916,-0.118023694326553
4549,"heggarty2024",-5.75597016639102,0.0278476324048135,-0.19499051574692,-0.238638862637856
4550,"heggarty2024",-5.83761438040714,-0.0710791633899069,0.191031164845522,-0.025369200443765
4551,"heggarty2024",-5.58063017382532,0.0181028680221029,0.0471712393755082,-0.128132840759085
4552,"heggarty2024",-5.88806170204295,-0.0277240136172888,0.0185808699993966,-0.034692653083789
4553,"heggarty2024",-6.03111335354449,-0.0609988275068596,0.0218476344672379,-0.0983396748113197
4554,"heggarty2024",-5.8215379499071,-0.120759757358069,-0.0926701117553512,-0.0444893423363552
4555,"heggarty2024",-5.15792913661453,0.0405586099890779,-0.167347472167647,0.0141039207624811
4556,"heggarty2024",-5.08266799823502,-0.243993112995099,-0.0554236496972104,-0.224987996890402
4557,"heggarty2024",-5.8031717513668,-0.0697519704491928,0.0323452441894371,0.0393610145787866
4558,"heggarty2024",-6.15725840811476,0.0181938223210762,-0.0229576667926764,-0.09445732820182
4559,"heggarty2024",-5.53068759354712,-0.0736975248112935,0.0574546622565925,-0.0944698955503769
4560,"heggarty2024",-5.68357062335455,0.0862438178948837,0.0752727771596166,-0.0113997326832075
4561,"heggarty2024",-5.8541507667511,-0.0408820117795944,-0.0273690621540914,-0.122823848081447
4562,"heggarty2024",-6.29421480023344,0.0588101033502983,-0.0789243661493326,-0.09506916493615
4563,"heggarty2024",-5.88793251332625,-0.0729400008979216,-0.057300040453695,-0.221979268958723
4564,"heggarty2024",-5.96618261843669,-0.0189949509799856,-0.0606311603875729,-0.129884371079769
4565,"heggarty2024",-5.95974765522188,-0.0741661597761091,0.0334230704765274,-0.0846876951640537
4566,"heggarty2024",-5.89747774867018,-0.00376381135764743,0.0185581599470195,-0.0314974063505602
4567,"heggarty2024",-5.75417458954421,0.0124627742633363,-0.0715808626146881,-0.0855789932447287
4568,"heggarty2024",-5.60326387407129,-0.0809887962279636,-0.0426885153332192,-0.121721854100543
4569,"heggarty2024",-5.6197809396553,-0.146800900686821,0.0559721914528743,-0.169293189858225
4570,"heggarty2024",-6.10421440614529,0.0242152094818581,-0.0498160153831439,-0.0728318396118988
4571,"heggarty2024",-6.19818531453807,-0.0570535848327435,0.117008105212539,0.00423455456842703
4572,"heggarty2024",-6.15819738120613,-0.105340661122072,0.0517509846512776,-0.117192117005498
4573,"heggarty2024",-6.28247155565051,-0.0958339915984769,0.0589971164952999,-0.0309518750990878
4574,"heggarty2024",-5.77663962103698,-0.00969384305613535,0.00200741051329197,0.0929936560754716
4575,"heggarty2024",-6.21161022663643,-0.127754384045408,0.0193468000988385,-0.163401634400158
4576,"heggarty2024",-5.66809273777909,-0.0229557606223468,-0.12083003216259,-0.1932036139261
4577,"heggarty2024",-5.67128255559623,-0.0459732235508465,-0.0695916350441826,-0.0669866978962039
4578,"heggarty2024",-6.10723323352376,-0.0786083386789782,-0.0231116945453648,-0.0505853890031899
4579,"heggarty2024",-5.71519491631833,0.179172186187391,-0.00949695520846125,-0.129853790076851
4580,"heggarty2024",-6.12617954269318,-0.0648528231496894,0.0689883240875991,-0.149046200134735
4581,"heggarty2024",-6.26997418905478,-0.0977307890147951,0.026413363487627,0.00687705867455074
4582,"heggarty2024",-5.93257601833849,-0.0700527287608063,0.0147753163951902,0.0259500392871685
4583,"heggarty2024",-5.82449561435151,-0.0739171214908812,0.117017077310436,0.00595834100645678
4584,"heggarty2024",-6.42457320729813,0.0618901029919062,-0.160847419429317,-0.131454778682782
4585,"heggarty2024",-6.26390772964348,-0.0255378941741526,-0.0165886017524917,-0.0732825772416494
4586,"heggarty2024",-5.77439966647126,-0.0196572528652458,0.0353799458825571,0.0788607921433628
4587,"heggarty2024",-5.99619159310252,-0.156154683998813,-0.0187980015065504,-0.165234325574508
4588,"heggarty2024",-6.1279595483165,-0.207215349640554,0.0322979157753333,-0.0216071775308503
4589,"heggarty2024",-5.7020064043072,0.0514748297554965,-0.200364108561931,-0.176207993108826
4590,"heggarty2024",-5.46837349107425,0.000589257297210816,0.0350877501383923,-0.132816506023183
4591,"heggarty2024",-5.76824274557032,-0.118770778382508,0.0695998130367475,-0.0904157145158274
4592,"heggarty2024",-6.18876912801497,-0.0475906768611605,-0.0316577385946261,-0.0291898505701351
4593,"heggarty2024",-5.71865850030324,-0.0936007288269323,-0.0214065962622848,-0.128124841598865
4594,"heggarty2024",-5.83893813449854,-0.0378345312221676,-0.118361570817748,-0.134210627274798
4595,"heggarty2024",-5.98585447838191,0.0495425085139198,0.0997598395526934,0.0213939568561632
4596,"heggarty2024",-6.08727859931399,0.0120929508198019,-0.172005357763112,-0.0933566421435755
4597,"heggarty2024",-5.8308064857679,-0.0470284065571558,0.0329781075181394,0.0665485442024107
4598,"heggarty2024",-5.89457336095165,0.0768649631043644,-0.0304419909494329,-0.134864989434677
4599,"heggarty2024",-5.89095101696857,-0.0639379819819556,-0.0553808379518905,-0.124575762047812
4600,"heggarty2024",-5.82854925095132,0.00396598672504395,-0.127839458214273,-0.00218434314968709
4601,"heggarty2024",-5.85055297761422,0.000814923041990274,0.0198825273098251,0.0611512150840897
4602,"heggarty2024",-6.24080138353788,-0.10873932201045,-0.0813303853876391,-0.258250387451046
4603,"heggarty2024",-5.844357671635,-0.0894637747561174,-0.107296515274934,-0.109799889973013
4604,"heggarty2024",-6.03819289521928,0.124842472970267,-0.0397808593456322,-0.12758513010613
4605,"heggarty2024",-5.68038288781732,-0.0177914996343453,0.00576189133495177,-0.0644333794205002
4606,"heggarty2024",-6.19276395785019,-0.0162359978326265,-0.0337228836821743,-0.00566002096288697
4607,"heggarty2024",-5.61946984705316,0.0447939039089293,0.154127905591358,-0.0712257014959193
4608,"heggarty2024",-5.64826525082043,-0.0818211738107816,-0.0453507560777739,-0.140847945908899
4609,"heggarty2024",-5.90072429307909,-0.0107714784913434,0.00900622291711764,0.0584313201974134
4610,"heggarty2024",-5.7334598312279,-0.0574945695753083,0.0718577583288907,-0.030850988435628
4611,"heggarty2024",-5.91824555300599,-0.0555658072408115,-0.0302212345324273,-0.0597667206384051
4612,"heggarty2024",-5.82747105450452,-0.125748897969122,0.0885882284278363,-0.00726311012622069
4613,"heggarty2024",-6.08424562313341,0.0167428189054839,-0.00838891157882654,-0.165270319728111
4614,"heggarty2024",-5.84119075076452,0.148983417932809,0.0862009342417207,0.0312454755743382
4615,"heggarty2024",-5.71687634205095,-0.000697200956579965,-0.0782682778024427,-0.151648041447788
4616,"heggarty2024",-5.83606603049613,-0.137150146398488,0.0654391118134538,-0.11034421594823
4617,"heggarty2024",-4.65571097987367,-0.158657368070709,0.0780516145272296,-0.0164257146580314
4618,"heggarty2024",-6.54563296607746,-0.154268059774562,0.0551333299442653,-0.0059511680769085
4619,"heggarty2024",-5.93836096386931,0.000707669654322989,-0.0613742090144746,-0.132399987441347
4620,"heggarty2024",-5.97696605215741,0.00621003283266688,-0.0305702381299756,0.000480265840297326
4621,"heggarty2024",-5.29253386916885,-0.103371898503561,-0.0231461700884383,-0.130803175257305
4622,"heggarty2024",-5.91742672828882,0.00651094259804516,-0.0600587127965286,-0.122108035500192
4623,"heggarty2024",-5.18622051586982,0.0146666814691586,-0.0832869186048908,-0.183758324605725
4624,"heggarty2024",-6.20719094366453,0.00515546840458318,-0.0615592093514019,-0.140536623581278
4625,"heggarty2024",-5.59006426033664,-0.148266998506391,-0.0981663346914859,-0.0650587355831871
4626,"heggarty2024",-5.9714469284045,0.0519216979244016,0.0156388858091687,-0.0774302068574278
4627,"heggarty2024",-5.57527646938077,-0.013099669243813,-0.00241908162717718,-0.0184095306363232
4628,"heggarty2024",-6.14961614194934,-0.179988122869116,-0.0607184208380236,-0.0914634203501351
4629,"heggarty2024",-6.05665929762787,-0.0233211595231641,-0.191832413066693,0.0922898566921422
4630,"heggarty2024",-5.64045032472472,-0.0764728604196678,-0.0558904200950047,-0.101301088911176
4631,"heggarty2024",-6.29837476735662,-0.0266283431100532,-0.0709145320477551,-0.199603594870926
4632,"heggarty2024",-5.87698318905964,-0.0593752771726675,-0.144776447512644,-0.137743591823191
4633,"heggarty2024",-5.85685962399458,-0.0318848959025886,0.0376074328665557,-0.0263364670877413
4634,"heggarty2024",-5.93988143471541,-0.0147261190234865,-0.127179388230802,-0.123984385009629
4635,"heggarty2024",-5.54560224401706,0.0170541083663358,0.0367718133821469,-0.0437460797495664
4636,"heggarty2024",-5.7893701375503,0.0745650699510809,0.00531415910764034,-0.105515023108009
4637,"heggarty2024",-5.34975033964327,-0.0481726806882893,-0.0302242524530689,-0.071147026868218
4638,"heggarty2024",-6.04876020347234,0.0700268276749906,-0.0755135042616674,-0.0664184015857703
4639,"heggarty2024",-5.67420452494253,-0.0819371909804602,0.0111965251347148,-0.155248231820622
4640,"heggarty2024",-5.87561125573133,-0.127321861835992,-0.0456582566048849,-0.15630389198047
4641,"heggarty2024",-5.95175186639437,-0.00304736081769486,-0.1302918553634,-0.0916089592215957
4642,"heggarty2024",-6.04975988162963,-0.0120957387071228,0.0474929796270875,-0.0681597628845065
4643,"heggarty2024",-5.86035132449391,-0.092441232415354,0.0104070390206699,-0.201271038572909
4644,"heggarty2024",-6.03559856294516,-0.0519501212836411,-0.0323187635989336,-0.0550401145093731
4645,"heggarty2024",-5.93675468137298,-0.0574445781059089,-0.118770213285763,-0.0964535075538316
4646,"heggarty2024",-6.05862400450493,-0.218253020337117,0.0884826198929787,-0.125187012672872
4647,"heggarty2024",-5.83893283509782,0.0403724652026897,-0.0308702889148387,-0.071198409550253
4648,"heggarty2024",-6.01687090954691,-0.0406460423020486,0.0706721535858795,-0.107368302839694
4649,"heggarty2024",-6.15832481128985,-0.0118390251911593,-0.0777714602308633,0.00698154979539974
4650,"heggarty2024",-5.93148389632047,-0.100166654842653,-0.0489242531605943,-0.107703996697862
4651,"heggarty2024",-5.84719769754624,-0.0998270383972691,0.00771251592530299,-0.0771632320937026
4652,"heggarty2024",-6.34565291233991,-0.0948046484569425,-0.0126962856125273,-0.0921961802256754
4653,"heggarty2024",-6.16662720623284,0.00853180875300354,-0.154087666738815,-0.0276990608308045
4654,"heggarty2024",-5.995649942918,-0.00344553105983262,0.0293481333874136,-0.03825952533661
4655,"heggarty2024",-5.87996638180302,0.0260927151127987,-0.0469656681809869,-0.138334460266084
4656,"heggarty2024",-5.87527989359198,-0.0661950664091574,-0.0915801729354265,-0.141504342129509
4657,"heggarty2024",-5.86468093819917,-0.122144598620292,-0.102918004678694,-0.0502702963835489
4658,"heggarty2024",-6.00085720235925,-0.00141487339295095,-0.00639566490383326,-0.146522287599004
4659,"heggarty2024",-5.82727545332241,0.0335948008337642,0.0435928101870572,0.0424213251300567
4660,"heggarty2024",-6.21002775612144,-0.108992899254323,-0.0161457247954404,-0.0275177027683348
4661,"heggarty2024",-5.73957041430002,0.135185499561356,-0.091249999963019,-0.0584761774047939
4662,"heggarty2024",-5.97547782374572,-0.0686864180152159,0.0387687411274541,-0.107949448690553
4663,"heggarty2024",-5.65495951442883,-0.149925839508751,-0.190198241009262,-0.200783481251134
4664,"heggarty2024",-5.94709204078358,-0.029279422947615,0.0598781933791619,-0.112468750514992
4665,"heggarty2024",-5.79279243587779,-0.0199464271969437,0.0293044680619152,-0.170850214323823
4666,"heggarty2024",-5.55977180343477,0.0197822324404063,-0.185272955325766,-0.00228610198495169
4667,"heggarty2024",-6.08240155240514,-0.0448796225651928,0.00686708588856145,-0.051848662568189
4668,"heggarty2024",-5.85704971306977,-0.12651898179124,-0.0605583652410673,-0.11485953155227
4669,"heggarty2024",-5.99989397606129,-0.154339623410512,-0.0153313114446588,-0.0916739751951725
4670,"heggarty2024",-5.72378806796419,-0.057131752110884,0.108954774173648,-0.0705529002159111
4671,"heggarty2024",-5.83587143490612,0.101483162344865,-0.0722059330878276,-0.0729742836762935
4672,"heggarty2024",-5.78843263205289,0.0198129755021313,-0.180831619641766,-0.149657367644975
4673,"heggarty2024",-5.76993814081843,-0.0924105988425584,-0.105155956738502,-0.289517981220581
4674,"heggarty2024",-6.05813818810519,-0.0825151794529158,-0.19631179320985,-0.0896349885908317
4675,"heggarty2024",-6.09324399324662,-0.125951310268222,-0.02492485280972,-0.0356815663286261
4676,"heggarty2024",-6.03675916617669,0.000567218064389896,-0.214239913969429,-0.0949295218106448
4677,"heggarty2024",-5.62507976032991,-0.0742507053450832,-0.0178365772578865,-0.110954379407854
4678,"heggarty2024",-5.87757432969082,-0.0305094310538625,0.00828799884500296,-0.0210829801960265
4679,"heggarty2024",-5.76540148361343,-0.0892297287825008,0.0991855770438474,-0.0573614138071574
4680,"heggarty2024",-5.88123170909003,-0.131815781926657,-0.175860221267223,-0.0501703327296965
4681,"heggarty2024",-5.78186330561609,-0.110602226292361,0.105136231614077,0.00403383628881583
4682,"heggarty2024",-5.64313081197199,-0.0597907758459291,0.0520147336906848,-0.145737945398811
4683,"heggarty2024",-6.099670573028,-0.11105021325424,-0.0505000405255457,-0.101405701976448
4684,"heggarty2024",-5.86517265809674,-0.0119996882732356,-0.0170317045878606,-0.0585608127680338
4685,"heggarty2024",-5.95235764630669,-0.0109021505375005,0.00749153867122938,-0.0534279710672101
4686,"heggarty2024",-5.78290523809172,0.0071654831473876,0.086060421114689,-0.0781980377402729
4687,"heggarty2024",-6.08823903560541,-0.0148760127403207,0.0714445446419127,-0.112262955766344
4688,"heggarty2024",-6.0200440917108,-0.122840883553132,-0.0396447738326512,-0.138171677200043
4689,"heggarty2024",-5.49624661860917,-0.126970834396991,-0.0875117263370477,-0.263118038386796
4690,"heggarty2024",-6.01604645296161,0.000149892570880809,-0.0311994561415735,-0.0647908385231362
4691,"heggarty2024",-5.98475779440413,-0.0670849461507591,-0.0222415963752413,-0.110439928677341
4692,"heggarty2024",-5.43596517371878,0.0383686354136022,-0.211181773669552,-0.252228027777735
4693,"heggarty2024",-6.22436398796762,-0.116084243887844,0.0540435109842097,-0.0613967287994907
4694,"heggarty2024",-6.36161152425702,-0.0324098250276841,-0.0932641327701054,0.0626438230568869
4695,"heggarty2024",-6.06485164122071,0.0521547531535725,-0.0048408846220314,-0.04410120230046
4696,"heggarty2024",-5.36773338905678,-0.0929016104780198,0.170741085870895,-0.0220805413108464
4697,"heggarty2024",-5.86551061847376,0.0406963751784779,-0.133893328210906,-0.0599382284465454
4698,"heggarty2024",-5.91342701317519,-0.100489459678915,-0.0714868020678412,-0.0949221652536226
4699,"heggarty2024",-5.91485290563053,0.0144506514321907,0.164651898633503,-0.104186637773201
4700,"heggarty2024",-6.63667478958108,-0.152962621272803,-0.0583808766466695,-0.113797901062477
4701,"heggarty2024",-5.76084018879124,-0.0133497692876572,0.105607838890258,0.00927372498186928
4702,"heggarty2024",-6.25666205006471,-0.0580098481670477,0.0072974813889537,-0.060020857783064
4703,"heggarty2024",-5.44942007834706,-0.040105174090088,-0.138037870696703,-0.146256179283046
4704,"heggarty2024",-5.69591346447893,-0.118514876819356,-0.00350782018950465,-0.1130512256568
4705,"heggarty2024",-5.8076993175054,0.0848894917738415,0.0342866742765508,-0.0303102487892303
4706,"heggarty2024",-5.81842521888674,-0.0963021934040034,0.0142678967763556,-0.0786187392267629
4707,"heggarty2024",-5.49289707662912,-0.0196816954969524,-0.0794431597691327,0.0786205572423175
4708,"heggarty2024",-6.37282207685877,0.0179179361976447,0.0869939581379667,0.0844688877462058
4709,"heggarty2024",-5.67232114221767,-0.0840594039829586,0.0473355345783548,-0.176402976088273
4710,"heggarty2024",-5.9436330294582,-0.00754395746256244,0.0456649064910976,-0.0609981648182451
4711,"heggarty2024",-5.68699919935929,-0.0352941424648709,-0.000945388140742152,-0.165132498498156
4712,"heggarty2024",-6.09698426589305,0.0311475057140486,-0.062532064754575,-0.0418343086718182
4713,"heggarty2024",-5.71292869863783,0.0673151198825955,0.0712452179602558,-0.0158861022809463
4714,"heggarty2024",-6.02481717739762,-0.0396599726511641,-0.152270449443687,0.198525115938451
4715,"heggarty2024",-5.88726776607691,-0.0417627392983859,-0.0390504531446769,-0.161646961203597
4716,"heggarty2024",-5.54003391309553,-0.0953369951204514,-0.0396387615920579,0.0270113652829644
4717,"heggarty2024",-5.72342769889315,-0.0356100356066468,0.137379026228485,0.0293987415720143
4718,"heggarty2024",-5.89175022233724,0.102430973870174,-0.0408623731792076,-0.0370859531115577
4719,"heggarty2024",-5.97621712570094,-0.0329401925748974,-0.113590375402727,-0.0789872932243861
4720,"heggarty2024",-5.90489029790905,-0.0505444736611433,-0.0537707539015198,-0.187403888545748
4721,"heggarty2024",-5.96990550124383,0.0162477656381257,-0.054177869295478,0.00648351495901708
4722,"heggarty2024",-5.9485280895626,0.11352819625903,-0.140158203300571,-0.033634046212602
4723,"heggarty2024",-5.94906717498761,-0.0504698350464892,-0.0376660729195556,-0.0535532120171713
4724,"heggarty2024",-5.70085952171001,0.0813431630365566,-0.140329796428118,-0.170252571827788
4725,"heggarty2024",-6.56485322583447,-0.0119793212502681,-0.0662756204924017,-0.183585193582253
4726,"heggarty2024",-6.14267444204586,0.0571923698581717,-0.0337478751152373,0.116710524231305
4727,"heggarty2024",-5.80177388401397,-0.0847205213576768,-0.0452260523776867,-0.0775126321285715
4728,"heggarty2024",-5.74068488438253,0.0297235675688573,0.172027863128648,-0.0304938138680067
4729,"heggarty2024",-6.05902082754062,-0.0431373368152586,-0.0579743277319347,-0.140339670924866
4730,"heggarty2024",-5.91475161479006,0.00418429183171297,-0.0646167528267579,-0.0902367454693389
4731,"heggarty2024",-5.77099998505722,-0.00271287192374758,-0.0779308999328899,-0.00801010621925533
4732,"heggarty2024",-5.79742707370997,-0.167752892962128,-0.0611461971436674,-0.139889327134451
4733,"heggarty2024",-5.73340255783417,-0.0218476995956833,0.168406637904819,-0.161445923506712
4734,"heggarty2024",-6.09951843235997,-0.0552565262770252,-0.22115568945278,-0.211401681557969
4735,"heggarty2024",-5.4107311042249,-0.00790932835447389,-0.0204004600584425,-0.0607525589137498
4736,"heggarty2024",-6.32791369608088,-0.154528931011665,0.0487386233181898,-0.122781492257505
4737,"heggarty2024",-5.92062752556141,0.0502556127126091,0.0104705111869662,-0.0625540104329516
4738,"heggarty2024",-5.58071580580692,0.0120670484037462,0.0464064880526208,-0.0549538995204326
4739,"heggarty2024",-6.16101556845174,0.0487132726920641,0.0819018655875587,-0.0667657244985525
4740,"heggarty2024",-6.10701109972579,0.0135651953791196,-0.0667551573584945,-0.0914381425355669
4741,"heggarty2024",-5.93980530365007,-0.0310378814283122,-0.0682839100431845,-0.13654807883713
4742,"heggarty2024",-5.85687122332249,-0.00759098514416615,0.0376517039947519,-0.0112495774120939
4743,"heggarty2024",-6.23950801918601,-0.0768359903607665,-0.00175718116880108,-0.0710674132635493
4744,"heggarty2024",-5.80057555023256,-0.0151545770205796,-0.0125925279538739,0.0891771503145817
4745,"heggarty2024",-5.54827279041064,-0.00930911141415111,-0.0304541385008651,0.0885201685504493
4746,"heggarty2024",-5.18052638432709,-0.142521048104505,-0.0315909166477406,-0.0191512782351672
4747,"heggarty2024",-6.29722558039828,-0.0409646798671891,0.0152838557773934,-0.0706255439761635
4748,"heggarty2024",-5.82969881391861,-0.014308275990702,0.0431396083321354,0.00994720656386949
4749,"heggarty2024",-5.85897392659233,0.0457106772737452,-0.0234039500866264,0.0741621102298576
4750,"heggarty2024",-5.90348465562661,-0.130233588764303,-0.000662943488433189,-0.126124318945435
4751,"heggarty2024",-6.10695265478762,-0.128500429464431,0.0664958338117802,-0.0574788636928808
4752,"heggarty2024",-5.64525174599165,0.0215154620430905,-0.0813967555238741,-0.102586314090555
4753,"heggarty2024",-5.997176144264,-0.0758552975553131,-0.0840256626943238,-0.0563148025651665
4754,"heggarty2024",-5.45338692822857,-0.0862428058258455,0.0697413270816612,-0.118776155214266
4755,"heggarty2024",-5.73025075755466,0.0459364815816225,-0.0156134972308986,-0.125740295502688
4756,"heggarty2024",-5.72662535840027,0.022905122693773,-0.127878425019118,-0.105765742182074
4757,"heggarty2024",-5.7622461416016,0.185993824389933,0.0929368628305528,-0.0449328734125656
4758,"heggarty2024",-6.15328825017923,-0.116510613431352,-0.0263337794654554,-0.218253787437845
4759,"heggarty2024",-6.336957782696,-0.0331854115240794,0.0459742289667188,-0.0564954803660292
4760,"heggarty2024",-6.07876118384978,-0.124704345920071,-0.0556614304934432,0.0185880803602071
4761,"heggarty2024",-6.24722619172941,-0.104873764371945,0.0395209339495012,-0.152200559000076
4762,"heggarty2024",-5.84522915507048,-0.00752249485219628,-0.109433074031506,-0.0693958945645095
4763,"heggarty2024",-5.5282262367479,-0.0203205548160982,-0.135261015610191,-0.176249800043766
4764,"heggarty2024",-6.19670403524694,0.0592476608252155,-0.0457613320765755,-0.00234176265380417
4765,"heggarty2024",-5.64454248481753,0.0505419930261595,-0.117973595171565,-0.116822554814052
4766,"heggarty2024",-6.2986785292869,-0.130810590127971,0.0566154420769946,-0.036055702877827
4767,"heggarty2024",-6.05711347574935,-0.06253477264355,-0.0801097654410222,-0.0723109852357798
4768,"heggarty2024",-5.81881931780934,0.106090731751022,-0.0231674411011995,-0.0510105082460199
4769,"heggarty2024",-5.69289090772484,0.154348331550907,-0.165220776445084,-0.216857607304289
4770,"heggarty2024",-5.67450428867246,-0.0906312702479744,0.0690093015758437,-0.178262883010079
4771,"heggarty2024",-5.79957531253839,0.0927994659025798,-0.0781697693702459,0.0769424763817864
4772,"heggarty2024",-5.91044291971199,-0.126876594084312,-0.134375621735442,-0.117913167136807
4773,"heggarty2024",-5.85039678337801,-0.252597051548685,-0.190090867799839,-0.196674979264294
4774,"heggarty2024",-6.15615837309916,-0.171022211463253,0.0643682522173587,-0.0661393704693404
4775,"heggarty2024",-5.823321466665,-0.128180541359802,-0.0591886196225155,-0.0326764276207449
4776,"heggarty2024",-5.92084656260279,0.0108922053567739,-0.020980097001821,-0.130648255987351
4777,"heggarty2024",-6.2209639898217,-0.0691196227190478,0.0192855875700447,0.0443695917805251
4778,"heggarty2024",-5.87903279797267,-0.0519342618421791,-0.183365142030397,-0.188376637861959
4779,"heggarty2024",-6.26227313130257,-0.0325766112258046,-0.115560299041106,-0.133177897910202
4780,"heggarty2024",-6.22212688742418,-0.149474333924295,-0.160157414104806,-0.0262852906748564
4781,"heggarty2024",-5.46970900979997,-0.113463116925712,0.0530098156095104,-0.0849218333185251
4782,"heggarty2024",-6.1590778532882,0.0158872261879525,0.0511479156663676,-0.080093185133983
4783,"heggarty2024",-5.91075774470367,0.00298916164739564,-0.0820764531785393,-0.159928157292079
4784,"heggarty2024",-5.72002293125325,0.0812843737104752,-0.0245673574711526,-0.0521572906192533
4785,"heggarty2024",-5.88643533475859,0.0433962872581041,0.0122689265791747,0.0406315994424958
4786,"heggarty2024",-6.06324577744878,0.206552375244232,-0.0449161893413832,-0.129469801268592
4787,"heggarty2024",-5.83243692830406,-0.0263063737791703,-0.0547877811287675,-0.0271440857784304
4788,"heggarty2024",-5.87670314210843,0.0148572922351481,-0.0678463833425767,-0.130239272166751
4789,"heggarty2024",-5.83527726330948,0.00655261524573638,-0.0514807740349228,0.022977487198663
4790,"heggarty2024",-5.9723296525292,-0.11226526998251,0.0913465728729397,-0.0626143520214983
4791,"heggarty2024",-5.62981241204306,-0.204755030093015,0.0183290732150016,-0.104816403733594
4792,"heggarty2024",-5.50451662636302,-0.135300563735006,0.0610425139668864,0.0635957126746214
4793,"heggarty2024",-5.10028370967854,0.0530608991064891,-0.0787893556540202,-0.0944728861588246
4794,"heggarty2024",-5.90859671279979,-0.00663464518046666,-0.124618649294318,-0.0717536990125571
4795,"heggarty2024",-6.01608795267639,-0.0601254471988236,0.0315257919274768,0.0058949930465615
4796,"heggarty2024",-6.10244014817407,0.0865537588096741,-0.089318870247367,-0.0677402954883364
4797,"heggarty2024",-6.09564257244113,-0.115404718501771,-0.0345346453288675,-0.0963979718828854
4798,"heggarty2024",-6.41770982567936,-0.0232199987897842,0.0503940357875842,-0.0411413426388378
4799,"heggarty2024",-6.03445228996948,-0.0166892865341467,0.0365108301969149,-0.0802108110880832
4800,"heggarty2024",-6.205345625862,-0.00951887014191907,-0.117459490452312,-0.0627385144375579
4801,"heggarty2024",-5.73653187540505,0.227750352010728,-0.0159990646987379,0.0827150663617446
4802,"heggarty2024",-5.81628439833116,0.0165758719167941,-0.0820797498611626,-0.0449174737855325
4803,"heggarty2024",-5.79113386530098,0.0183443709903365,-0.0490551490294417,-0.0263027122869342
4804,"heggarty2024",-5.89771819311263,0.0211145067659296,0.0424626285998754,-0.0535920823486543
4805,"heggarty2024",-6.01950486153299,0.0111068140609951,-0.0593562719579125,-0.103113762697826
4806,"heggarty2024",-5.78597961688289,-0.190101207002349,-0.015757723558473,-0.0582147148914035
4807,"heggarty2024",-5.80888348837111,0.0200165004758335,0.00393330939981498,-0.0472832321557624
4808,"heggarty2024",-5.96984756678127,-0.0759729500028562,0.0338792101420523,-0.125860609556019
4809,"heggarty2024",-5.93807833819782,-0.102109837860415,-0.0778115635089108,-0.197226246262683
4810,"heggarty2024",-5.63542250120533,-0.023576098097875,-0.00245266384261623,-0.144878267197819
4811,"heggarty2024",-6.26748319306614,-0.0492519069481315,-0.00732489988435544,-0.185327691510667
4812,"heggarty2024",-6.24894028089951,-0.0533122078748947,0.0616592388277108,-0.229003791458464
4813,"heggarty2024",-5.18286492428503,-0.0152047335705154,0.00690001564069266,-0.0555859176626418
4814,"heggarty2024",-5.75346440588425,0.0200029765644796,0.0163429297428499,0.0420920329337909
4815,"heggarty2024",-5.93108515386379,-0.148743062562422,0.00578914837452077,-0.103767831203191
4816,"heggarty2024",-5.74192907323871,-0.100958742887716,0.0205545087164347,-0.181568115760252
4817,"heggarty2024",-5.93887147110787,-0.0229770868897685,-0.0813394967642037,0.0172399620525396
4818,"heggarty2024",-5.98125476251817,-0.0593469062953048,0.0531421574720136,-0.0456207767324756
4819,"heggarty2024",-5.71802822622274,0.00194731122754277,-0.0349555454404996,-0.0955346106806584
4820,"heggarty2024",-5.95219786674929,-0.0218837099739708,-0.0367913319210912,-0.177200311685945
4821,"heggarty2024",-5.56778466521817,-0.0927407702055342,0.117926335788912,-0.0745485773755371
4822,"heggarty2024",-5.48872075451222,-0.0116351329227954,-0.00494537611082668,-0.164190911877044
4823,"heggarty2024",-6.43016196715139,0.00638743931536112,-0.0421214960996879,-0.0956152679165806
4824,"heggarty2024",-5.90502345735194,-0.00731539095038219,-0.0852024057286507,-0.067584442548201
4825,"heggarty2024",-6.02685398434392,0.0267846508583223,0.0474916518865139,-0.0788604140952729
4826,"heggarty2024",-5.7207735438352,-0.0745020915179177,-0.0585981905419915,-0.132673948402092
4827,"heggarty2024",-6.29367691466568,-0.0190017634344325,-0.143146402409317,-0.196860807229324
4828,"heggarty2024",-5.69788690956702,-0.0285325258940246,0.0502241369396523,-0.264024727198247
4829,"heggarty2024",-6.11310928548949,-0.124430642513707,0.0537671667793365,-0.0671358377685811
4830,"heggarty2024",-5.77318101209834,-0.0951252616685152,-0.097817238964789,0.0860895257683996
4831,"heggarty2024",-6.19721590853964,-0.00450739382944645,-0.0211497779880472,-0.013938315741243
4832,"heggarty2024",-6.40364432830645,-0.0265725813592941,-0.0114617436119221,-0.126712848263803
4833,"heggarty2024",-5.72942057318571,0.0404387244281885,-0.0140956146081134,0.0717463234347833
4834,"heggarty2024",-5.96041783176336,-0.106499223608608,0.0974456467085119,-0.0554424074438962
4835,"heggarty2024",-5.92023647762898,-0.198609013183786,-0.00199887151282037,-0.0191727491716346
4836,"heggarty2024",-5.72031135845587,-0.0961236214283574,0.00362530080338046,-0.0861848690199662
4837,"heggarty2024",-5.77961989697136,-0.0501012102004346,-0.111271513903303,-0.115753266214172
4838,"heggarty2024",-5.71424396499172,-0.139900193055784,0.0601706789749649,-0.074086800588764
4839,"heggarty2024",-5.92003368730729,0.0408569762581003,-0.102446432924266,-0.187099262822612
4840,"heggarty2024",-6.05484725021147,-0.154798231847994,-0.0904115887012852,-0.110377612542681
4841,"heggarty2024",-5.96328214788213,-0.000392103949511568,0.135767968131788,-0.00882479544350744
4842,"heggarty2024",-5.66577566092746,-0.0261409612520696,-0.110289260462763,-0.0313585302019257
4843,"heggarty2024",-6.62695729354528,-0.191978092381426,-0.0870242648319139,-0.139128246227818
4844,"heggarty2024",-5.75170185258345,0.0100365311163715,-0.0839534078650953,-0.191952115660807
4845,"heggarty2024",-5.91813276516283,0.0881910714648794,-0.305690379944928,-0.183398713485167
4846,"heggarty2024",-6.21119457522769,0.0128338841491949,0.0146850330024249,-0.0194100049060882
4847,"heggarty2024",-5.96997147833675,-0.0769942095294773,-0.0387092940640326,-0.0671919577981678
4848,"heggarty2024",-5.62641058638368,0.0101242386643544,0.0191702062831228,-0.0747472473538162
4849,"heggarty2024",-5.84800817592943,-0.0842114504419149,-0.158757708856401,-0.148728569145759
4850,"heggarty2024",-5.97795175237208,-0.06477611693569,0.116448636155926,0.0747226007645633
4851,"heggarty2024",-5.87426961388953,-0.037660949656895,0.134591349130919,-0.117910330179103
4852,"heggarty2024",-6.10937986143154,-0.0642456898724487,0.0408968192219773,-0.144149802367906
4853,"heggarty2024",-6.12835746231657,-0.043041653929987,0.0539068539848815,-0.14155562191533
4854,"heggarty2024",-5.94648943845811,-0.039795758098414,0.0349891895788594,-0.0807082428485658
4855,"heggarty2024",-5.54275043904934,-0.0241651191997304,0.0322221317723048,-0.11214666512731
4856,"heggarty2024",-5.90778910590115,-0.0829918008133486,-0.0614568996290592,-0.186505278126045
4857,"heggarty2024",-5.75761229393335,0.051569355531135,-0.00462908295060049,-0.197397263858662
4858,"heggarty2024",-5.76930389905865,-0.087615291341349,-0.00532928234555059,-0.0416039721251
4859,"heggarty2024",-5.75451502984776,0.0345970086669708,-0.0017130939743159,-0.102677137902531
4860,"heggarty2024",-6.34891881527414,-0.132327020843792,-0.123056406739758,-0.0271058391048373
4861,"heggarty2024",-5.86269469934498,0.00147266394100761,-0.0178693664022472,-0.197640422392475
4862,"heggarty2024",-5.80057960536877,0.0429640208043976,-0.0138573842839253,-0.0610207260969501
4863,"heggarty2024",-6.03384714140873,-0.173480512656749,0.107894251599291,-0.0200584334006226
4864,"heggarty2024",-5.98784320893049,0.00322927464242888,-0.0652049496033718,-0.0558809495531038
4865,"heggarty2024",-5.91099078579544,-0.119248562489213,-0.0590398420227307,-0.0383250418622059
4866,"heggarty2024",-5.88410992953587,-0.0743207225693155,0.192608230947131,0.0523077917037918
4867,"heggarty2024",-5.69669971687694,0.000504579488204476,0.0506588715190296,-0.0553080243656199
4868,"heggarty2024",-6.0677019354415,-0.0676716677422955,-0.0583183103801059,-0.141353811991406
4869,"heggarty2024",-6.18339820892904,-0.0263720807853458,-0.153115146269911,-0.184796540878048
4870,"heggarty2024",-6.10045590036681,-0.13556911849185,0.00693235648947094,-0.169680048672693
4871,"heggarty2024",-5.8466078590618,-0.0404210243515932,-0.0132772417948282,-0.100957046636915
4872,"heggarty2024",-5.92130543177539,-0.0612791783819618,-0.0294857771073233,-0.227176596547721
4873,"heggarty2024",-6.2568284600287,-0.0883184350464473,-0.0740271593218508,-0.175948982992059
4874,"heggarty2024",-5.8752301721213,0.121074963733226,-0.210719315219656,-0.0719957543756582
4875,"heggarty2024",-7.12411941055078,-0.0203825495010228,-0.0601669314341829,0.0483538911098351
4876,"heggarty2024",-5.79256484281443,-0.0976640156230294,0.0199683589756389,-0.021838633227386
4877,"heggarty2024",-5.91956042410206,0.0604084956737351,-0.0773255846617454,-0.0219758280825021
4878,"heggarty2024",-5.84675252784528,0.193193067233924,-0.181166646140598,-0.0250281169808955
4879,"heggarty2024",-6.38750486849619,-0.101975489712775,-0.00181011026335021,-0.0367533553337026
4880,"heggarty2024",-5.84879578423463,0.102655837350612,-0.0654688277165154,-0.054502643275353
4881,"heggarty2024",-5.64477759122387,0.00849274796534256,-0.0357205784682802,-0.039127849108805
4882,"heggarty2024",-6.27308823774309,-0.183466809148754,0.130191589894463,-0.043325222812931
4883,"heggarty2024",-5.74468836147245,-0.0428214838027344,-0.0677085898843051,-0.0564360914344868
4884,"heggarty2024",-5.86704436834704,0.0356615702033291,0.000521597875223306,0.102649464519378
4885,"heggarty2024",-6.00458518720721,0.0154109157710309,-0.0737460649042015,-0.0533077361735785
4886,"heggarty2024",-5.98238583955048,-0.019487597732749,0.0600938654737515,-0.116025337106071
4887,"heggarty2024",-6.30884926351444,-0.11495533674722,0.0566584802128652,0.0369491289643938
4888,"heggarty2024",-5.64338622205366,-0.0690446830127911,-0.05382089455767,-0.0813961510110527
4889,"heggarty2024",-5.76638280224959,0.111528102604803,0.0334922478983316,0.00354748602263896
4890,"heggarty2024",-5.96863608393851,-0.0144094713527512,-0.122080484718328,-0.0970209645971449
4891,"heggarty2024",-5.91057116064095,-0.139753567332219,-0.0624387215221108,-0.171627736101006
4892,"heggarty2024",-5.83571239443914,-0.10814588388713,-0.00906794943904146,-0.193809339867934
4893,"heggarty2024",-6.10244572037133,-0.0686758657122747,-0.0167951579652345,-0.102872467816115
4894,"heggarty2024",-5.80163441345325,0.0157554067387583,-0.0105177687298738,-0.21073702511399
4895,"heggarty2024",-5.81328696584713,0.0824314321566552,-0.0880029129936248,-0.13867123236021
4896,"heggarty2024",-5.42408582947259,-0.0882246731200511,-0.0965098340015743,-0.220820857893845
4897,"heggarty2024",-5.87668241137294,-0.0622731930058168,-0.0823206047923997,-0.0809124286586104
4898,"heggarty2024",-5.88580284676375,-0.0746113298939491,0.129822213096045,0.01085265496848
4899,"heggarty2024",-5.46645355424561,0.116900500477133,0.113691559480302,0.075133073343406
4900,"heggarty2024",-5.81454569078083,0.0230346479264986,-0.142173490213376,-0.0588777974857892
4901,"heggarty2024",-5.45827875382955,0.00520080741888357,-0.0434277013227843,-0.0406107048464401
4902,"heggarty2024",-5.91933739227477,-0.0880682653768438,-0.0304780724036335,-0.0172784410273022
4903,"heggarty2024",-5.72987203005961,-0.0245533820562588,-0.134826758210325,-0.12943863469802
4904,"heggarty2024",-6.52722067484509,0.0376839401471864,-0.0418357997581731,0.049354126488629
4905,"heggarty2024",-5.60512022760797,0.0213277088391991,-0.119722144214428,-0.0703884868433658
4906,"heggarty2024",-5.84376191589361,0.14235545924038,0.0230845084915188,0.019847816821821
4907,"heggarty2024",-6.15278178855127,-0.0592953449513493,0.0237022212427441,-0.0897526143841895
4908,"heggarty2024",-5.84113929364488,-0.0323384097655889,-0.0197130779738501,-0.0795717368393916
4909,"heggarty2024",-5.88913696877691,-0.0354144690373727,0.00729757355904347,-0.0411482230809668
4910,"heggarty2024",-5.72088464269675,-0.0998832640427641,-0.20739943344508,-0.448216082895229
4911,"heggarty2024",-5.98260874514983,-0.0279228124766589,-0.136607514440631,-0.249029086776077
4912,"heggarty2024",-6.0119080594541,-0.0267888997598291,-0.0525423213961807,-0.0310153549025069
4913,"heggarty2024",-5.37307354777,0.0254060540207844,-0.00368514753731671,-0.101423634165183
4914,"heggarty2024",-5.75058056088447,-0.00809374607645602,-0.0816205390788075,0.0773587223288721
4915,"heggarty2024",-6.21012955494308,0.0396861420478859,-0.100414591830768,0.0972925875462109
4916,"heggarty2024",-5.73619022609128,-0.0143901994763211,0.0585249090501378,-0.0093276396593492
4917,"heggarty2024",-5.83628462032441,-0.164454955626572,-0.0345601257863772,-0.146677656455979
4918,"heggarty2024",-5.59003672454047,0.0595958993467054,-0.0908712694183822,-0.0274883475306429
4919,"heggarty2024",-5.97785896442202,-0.0531076744539742,-0.0628995743729111,-0.09321988416547
4920,"heggarty2024",-6.08447513437794,-0.086029769457729,0.0424117558261757,-0.157024976221361
4921,"heggarty2024",-5.67053905795752,-0.10456881622649,0.0341438956714202,-0.0937001985661538
4922,"heggarty2024",-5.83422419825611,-0.112761825241947,0.110002447270787,0.0816142567068546
4923,"heggarty2024",-5.74873351356264,-0.0584279569642089,0.0223523826173068,0.0101322644782239
4924,"heggarty2024",-5.66356300813474,-0.0994250453698294,0.079720448042612,0.0232633385368462
4925,"heggarty2024",-6.01230648793791,-0.0202349051309339,-0.112259516949523,-0.171314874354348
4926,"heggarty2024",-5.75232033588351,0.0268905770242888,-0.110327133259152,-0.180291418020001
4927,"heggarty2024",-5.93446127491829,0.00295291900766351,-0.0440841373487493,-0.0477568756529698
4928,"heggarty2024",-6.35530566573914,-0.0959351834838784,-0.104440676573391,-0.160683257889775
4929,"heggarty2024",-5.84104886263307,0.0559110937301804,-0.0553471137511472,-0.119979074356678
4930,"heggarty2024",-5.72504375069642,0.0725954859624631,-0.0771915989663096,0.0380575137099147
4931,"heggarty2024",-5.86462225766202,-0.0855392955491202,-0.0992541795251583,-0.0913773727466632
4932,"heggarty2024",-6.52475658390738,-0.132105262803898,0.0113677432641129,0.00662283871503393
4933,"heggarty2024",-6.1729828199496,-0.101340221380773,-0.0716572331759852,-0.125402336333951
4934,"heggarty2024",-6.08181837680184,0.0515663190241263,0.0749381486327252,-0.127998266258733
4935,"heggarty2024",-5.728060692546,-0.0355576598923269,-0.00110363913658332,-0.0689963854664092
4936,"heggarty2024",-5.92049266160766,0.0294428626421126,-0.0662929484709646,0.0422537174360949
4937,"heggarty2024",-5.70607003227404,-0.0450027973658655,0.0567621896504781,-0.170485585193927
4938,"heggarty2024",-5.57346125893728,-0.0207033368169705,0.00208621074285795,0.0541032509168351
4939,"heggarty2024",-6.62787900001208,-0.121912522714821,-0.0452262569199062,-0.00832396612963284
4940,"heggarty2024",-5.96882476113401,0.020221300237884,0.0434298181068801,0.0184814418779157
4941,"heggarty2024",-5.86786297912595,0.0483979664376381,-0.130438880159695,-0.0376566525607989
4942,"heggarty2024",-5.76786905541784,-0.0576561215797363,0.0474698774333637,-0.133332746855401
4943,"heggarty2024",-5.73735452107014,0.0445928122633604,0.0501892897709369,-0.10290603819079
4944,"heggarty2024",-6.00658528696584,-0.0446811983468148,-0.0254139140408434,-0.0209152797900205
4945,"heggarty2024",-6.05074208788365,-0.042258839470343,-0.0289204432813695,-0.0174032964709383
4946,"heggarty2024",-5.89262919607069,0.0829751319780988,-0.0101239965170542,-0.113692356376153
4947,"heggarty2024",-5.43298221746053,0.0428058675521567,-0.0740733168907906,-0.0617332897942106
4948,"heggarty2024",-5.87734620492335,-0.157074821585353,-0.191137815377738,-0.0634144049831739
4949,"heggarty2024",-5.74827803360538,-0.212190968260085,0.00782500185688324,-0.130815079860058
4950,"heggarty2024",-6.18369217517297,-0.134721482943878,0.0562642547211561,0.00677945232285777
4951,"heggarty2024",-5.86846439919623,-0.20819920617865,0.145264917032711,0.00643503131996899
4952,"heggarty2024",-6.01718585237955,-0.0163200804056673,0.0418298272756232,-0.0480633001729804
4953,"heggarty2024",-6.00761473676815,0.0169106459325119,0.0734724340350124,-0.185782327038937
4954,"heggarty2024",-5.26012632878787,-0.181656620533984,-0.0798375939228835,-0.28612710496872
4955,"heggarty2024",-6.04557856977786,0.0362197160212123,-0.0112083421994634,-0.0878052759225835
4956,"heggarty2024",-5.69249210157958,-0.090569890127696,0.0304824532074169,-0.145192860777042
4957,"heggarty2024",-6.13291795560547,-0.0536192475670229,-0.0594446505244933,-0.180806830475752
4958,"heggarty2024",-5.50063965472461,-0.12939665662159,-0.00517382554492605,-0.0150252575014449
4959,"heggarty2024",-5.94744618379835,-0.00142877722142006,0.0416657227096428,-0.0579339767754544
4960,"heggarty2024",-5.93244962820497,-0.0105925304882702,-0.0577359594448581,-0.0776351413824245
4961,"heggarty2024",-5.81816347623517,-0.0701046953587346,-0.0231448234494433,0.00561402216810735
4962,"heggarty2024",-5.31429080558611,0.013067885272977,-0.12923316629013,-0.308175221137511
4963,"heggarty2024",-5.93469955985952,-0.126020293895987,-0.0185106543680126,-0.239530213183665
4964,"heggarty2024",-5.84213458938719,-0.0901317450772072,-0.123889653126024,-0.23408738933101
4965,"heggarty2024",-6.5323654982251,0.0125494307279229,0.0706218192421957,0.0141676686462324
4966,"heggarty2024",-5.98402562744023,-0.0837974109169819,-0.0740610511921888,-0.156358994578012
4967,"heggarty2024",-5.84339243310066,-0.141900214971115,0.0571166966289793,0.130411954319602
4968,"heggarty2024",-6.42759061899886,-0.24202546986755,0.104869236366707,0.066854973366005
4969,"heggarty2024",-5.75830609830595,-0.00376266796667888,-0.174731244738718,-0.286530420927544
4970,"heggarty2024",-6.43285108066734,0.0120824438867674,-0.0151820340140752,-0.140633364660949
4971,"heggarty2024",-5.84941822549888,-0.067855980654151,0.0514564412411821,-0.128422973052746
4972,"heggarty2024",-5.99835686892837,-0.0152755151644999,-0.0431378982057497,-0.144298034562244
4973,"heggarty2024",-6.19304033662217,-0.0697757789478258,-0.0955564138647076,-0.107176556605845
4974,"heggarty2024",-6.42776022543455,-0.0475795156705633,0.0395462102475479,-0.121919643393849
4975,"heggarty2024",-5.33858729317615,0.0335902679651134,0.0117369980237876,-0.0463817513251854
4976,"heggarty2024",-5.69765574748205,0.0668691275194359,0.0636698909586309,-0.0706406649239267
4977,"heggarty2024",-5.84420543959342,0.0467275581429874,-0.0667006590198876,0.0657788812300129
4978,"heggarty2024",-5.75911926272271,0.0389364422606918,-0.0121508732021961,0.054109157597389
4979,"heggarty2024",-5.56936761062215,-0.178174489762304,0.0240830836048758,-0.208794855367133
4980,"heggarty2024",-5.89073770411285,-0.0274935137054311,0.00707076054905652,-0.0685842172707185
4981,"heggarty2024",-6.56147362057309,0.00890550073212725,-0.0120886107564831,0.00531806044492342
4982,"heggarty2024",-5.91321656752732,0.0239721379284643,-0.164380460532574,-0.105000699037468
4983,"heggarty2024",-5.90936311288761,-0.0586989271137872,0.0316384155490954,-0.0452727931216545
4984,"heggarty2024",-5.78278030418198,-0.0746233816478722,-0.0471409912120058,-0.0978705650304412
4985,"heggarty2024",-6.50879208502852,-0.00841406144704867,0.0463509293028162,0.00593287844521735
4986,"heggarty2024",-5.63478310118012,-0.00575972537947956,0.0399000213013457,-0.147477058940021
4987,"heggarty2024",-5.91356590005666,-0.0848782759256397,0.132802301549282,-0.00991205136292679
4988,"heggarty2024",-5.69726528576109,-0.0605538754226152,-0.133867349273647,-0.159272295613298
4989,"heggarty2024",-5.72115784082511,0.0277703612400406,0.00570333292510253,-0.0368719814746121
4990,"heggarty2024",-5.53351657259089,-0.0586918346751378,0.143819312287097,-0.0794907453936239
4991,"heggarty2024",-5.81288208817944,-0.0983706656275299,0.0585959033511987,-0.110255960841767
4992,"heggarty2024",-5.81403536207943,-0.0734475183248572,0.0629490288770923,0.0225332794069755
4993,"heggarty2024",-6.33052427268553,-0.100802570508521,0.00490616054439271,-0.161662566413123
4994,"heggarty2024",-5.88704559212691,-0.050504556027035,0.0541825067578677,-0.177220863311757
4995,"heggarty2024",-6.55447076807714,-0.0419588346375323,-0.0974264435105791,-0.072512113044922
4996,"heggarty2024",-5.92159659480378,0.100692441719345,-0.024332629724059,-0.206340157715409
4997,"heggarty2024",-5.68799644267805,0.0616220280883113,0.0403142086976327,0.00594299837609038
4998,"heggarty2024",-5.8378586429262,-0.098778000111092,0.0246395019405371,-0.0597601439445704
4999,"heggarty2024",-6.40721682938707,0.0254959368728523,-0.012224417137661,0.0248199038593482
5000,"heggarty2024",-5.88248898332203,-0.00340063670930463,-0.053949617465753,-0.0995508407885068
5001,"heggarty2024",-5.64092150330096,0.0394348567762457,-0.084046588863548,0.119252912312693
5002,"heggarty2024",-5.92366908093829,0.0246734128552582,-0.109746636221671,-0.167046058731215
5003,"heggarty2024",-6.76183396628504,-0.147983044198832,0.00356224188740356,-0.0549368699655167
5004,"heggarty2024",-5.72464865834339,-0.0445935624891676,-0.0264203469616579,-0.157123132969168
5005,"heggarty2024",-5.8685453610529,0.010313022425531,0.0636134354373702,-0.210687852958729
5006,"heggarty2024",-5.91312674101138,-0.0558491528075891,0.0989256580187838,-0.0635064924294795
5007,"heggarty2024",-6.13914071286086,0.0917833548229045,-0.0980152708184276,0.0587737292721386
5008,"heggarty2024",-6.02809077374024,0.0475717651497272,0.026312948815118,0.101999310283851
5009,"heggarty2024",-5.76609044832121,0.0907148176702539,-0.0920906293973594,-0.0795212538564869
5010,"heggarty2024",-6.28949577223931,0.0693996058157756,-0.00174289179229655,-0.191003460634302
5011,"heggarty2024",-5.97837921557677,-0.0614792567889668,0.00636505773844589,-0.184549410259684
5012,"heggarty2024",-5.95245031407678,-0.0803081304417257,-0.00835969587899964,-0.0594674138895674
5013,"heggarty2024",-6.25748058443667,-0.124482379784807,-0.195372482944201,-0.115400579118148
5014,"heggarty2024",-5.83939037317268,-0.109596967417007,-0.103844521315217,-0.149733708741377
5015,"heggarty2024",-5.75716425573664,0.0293723823951884,-0.00311063605508084,-0.100615703569133
5016,"heggarty2024",-5.84049020962809,-0.0191708558582632,0.0570912890754497,-0.104088901490471
5017,"heggarty2024",-5.59748489073409,0.0316697064766008,-0.0795644199817717,-0.175774884829644
5018,"heggarty2024",-6.01095910365617,0.103603275427744,-0.129297189394083,0.00708475531347285
5019,"heggarty2024",-6.23888126056336,-0.0708190396017803,-0.208779385659531,-0.216075388037889
5020,"heggarty2024",-6.26233262840623,-0.100033182172011,-0.00436314702115226,-0.0128381770697624
5021,"heggarty2024",-6.01348489463396,-0.140234563099709,0.038458750677593,-0.0816619814220085
5022,"heggarty2024",-5.56447222861612,0.0133730794581237,-0.0746349557991678,-0.0614089146657482
5023,"heggarty2024",-6.26004886659113,0.060573188533139,0.0163525535027823,-0.0882443896639995
5024,"heggarty2024",-5.23036139646763,-0.0820066883715044,0.134944559671393,-0.0731015098779219
5025,"heggarty2024",-5.93668237225623,-0.0785633474020777,0.0164741774247493,-0.0160984205482253
5026,"heggarty2024",-5.7996366846579,0.00670834374514036,-0.0945562265871346,-0.120960026852317
5027,"heggarty2024",-6.13421129956663,0.0717325332746622,-0.0157016084921873,0.00465770369822316
5028,"heggarty2024",-6.05684742934123,-0.145405637606521,0.00967939999602953,-0.16328034472158
5029,"heggarty2024",-6.11129001160362,-0.022683002703102,-0.0226642477047415,-0.021520299714123
5030,"heggarty2024",-5.80643985780027,-0.0023382324595185,-0.0467487644121022,-0.0353301175940045
5031,"heggarty2024",-5.8224693850461,-0.0197933484181505,0.0425940023708189,0.129165463660585
5032,"heggarty2024",-6.04327697323758,-0.110418257399058,-0.0345104082923764,-0.177472228589804
5033,"heggarty2024",-5.98654429743645,-0.172976141949724,0.0125096552947224,-0.0603719213868958
5034,"heggarty2024",-5.78425128227586,0.0984594463880996,-0.167481859614461,-0.037893205617365
5035,"heggarty2024",-5.50451782568267,-0.0199764358171962,-0.0761290972973694,-0.190201858706617
5036,"heggarty2024",-6.3177670917332,-0.126507106960248,-0.034495051896662,-0.209587167860123
5037,"heggarty2024",-6.41948043995755,0.0364272568788465,0.0199864641366834,-0.109080904015062
5038,"heggarty2024",-5.91663730506738,0.0353455287946309,-0.204638985495407,-0.0535670709457248
5039,"heggarty2024",-5.86210648346682,0.00430762177112406,0.0146790459768262,-0.0215317628551467
5040,"heggarty2024",-5.32186689991643,-0.0609939220425403,-0.116886710437984,-0.179832725910784
5041,"heggarty2024",-5.91286927019652,0.0121241566066134,-0.0356482604312478,0.0684802612989228
5042,"heggarty2024",-5.9380935518713,-0.0941356782441183,-0.00496697507987534,-0.0820058208098559
5043,"heggarty2024",-5.09343271629994,-0.00794745888696546,-0.130838294456898,-0.163150182882966
5044,"heggarty2024",-5.97773618916055,-0.0275809738249192,-0.166289639230717,-0.0418731591802945
5045,"heggarty2024",-5.82775673636663,0.0132491724404197,-0.106814198706016,-0.169936951738656
5046,"heggarty2024",-5.98563444528165,-0.0636901108707165,0.0858087440931245,-0.0369311963945021
5047,"heggarty2024",-5.73332454315896,0.0907341821464498,-0.171875148971024,-0.123908405230974
5048,"heggarty2024",-5.75186132598673,0.0441449228459578,-0.110674017770902,-0.0654524046410361
5049,"heggarty2024",-6.34918326321516,0.0015980801460104,-0.186035709906683,-0.0817683268938569
5050,"heggarty2024",-5.89962960537484,0.00107102147592736,-0.309339104923428,-0.166182927670339
5051,"heggarty2024",-5.53983329024106,0.0314033844896608,-0.107583381781529,-0.188002663511337
5052,"heggarty2024",-6.02030049714681,-0.238142990273919,-0.00494189458690045,-0.174698210573891
5053,"heggarty2024",-6.26900325691931,-0.0333703341789306,-0.0750089209532546,-0.0447555542216787
5054,"heggarty2024",-5.77684444735248,0.00146563221921772,-0.171469973205283,-0.0714130147655087
5055,"heggarty2024",-6.04820158934028,-0.0272055707955065,-0.0825777396378969,-0.222791331418754
5056,"heggarty2024",-6.44988863514886,-0.0834970785956275,-0.0347300197098701,0.109901775035215
5057,"heggarty2024",-5.89447974099013,0.0104811674192038,-0.107652823300159,-0.0533529590794409
5058,"heggarty2024",-5.63580582939076,-0.0441817355882249,-0.097481013841125,-0.272072427079839
5059,"heggarty2024",-6.09127589531472,-0.0473329786662692,0.0630783390778265,0.0177101482230839
5060,"heggarty2024",-6.04383899446746,-0.184936824236068,-0.0246341177552224,-0.178409602386178
5061,"heggarty2024",-5.76055718699585,-0.0370494981239638,0.0103260631385753,-0.0906685996604409
5062,"heggarty2024",-5.74701300663135,-0.145864094376445,-0.107572909548413,-0.148548589160883
5063,"heggarty2024",-5.89965579259341,0.0102298950796675,-0.0596119557918061,-0.211890431421711
5064,"heggarty2024",-5.84764292551375,-0.000188611840856098,-0.0873903234242068,-0.0241726259668488
5065,"heggarty2024",-5.71309962956844,-0.0329229387222367,0.0515489980487244,-0.0536833569916852
5066,"heggarty2024",-5.89614377030268,-0.00374001884413038,-0.0121635963201582,-0.15029750913429
5067,"heggarty2024",-5.93510898096188,0.00919796269652989,-0.0662573940806094,-0.111357560999092
5068,"heggarty2024",-5.76902512705862,-0.0250512113518284,0.00530575533290907,-0.109356709424692
5069,"heggarty2024",-5.56109511812614,-0.0208520672889137,-0.0668828513078748,-0.155508806784892
5070,"heggarty2024",-5.80688816905615,-0.0660635727778125,0.0279592917989392,-0.131913918982167
5071,"heggarty2024",-5.78517444082845,-0.00393796079611278,-0.00486475413631309,-0.0768729707131343
5072,"heggarty2024",-6.26419469994152,-0.0156846284733442,0.0448992654473906,-0.00712790702343143
5073,"heggarty2024",-5.67698785803643,-0.0278013038138933,0.0193296666357567,-0.0593520475945117
5074,"heggarty2024",-5.98238211506518,-0.00669640093281603,0.0354014747166275,-0.093234997643907
5075,"heggarty2024",-5.92045896262429,-0.0330268862023123,0.0642457119695551,-0.184448490452218
5076,"heggarty2024",-5.71399067062372,-0.0652764855617624,-0.0267795108663784,-0.154447549033258
5077,"heggarty2024",-5.85242375165925,-0.0393172289256756,-0.182742981711817,-0.177265655900618
5078,"heggarty2024",-5.60519421760146,-0.0930056555568698,0.0309133169012704,-0.0361525819340509
5079,"heggarty2024",-6.27689921908608,-0.0259029307799171,-0.128714062608951,0.0134681855818305
5080,"heggarty2024",-5.7219858510472,0.0326578952383545,-0.0627982632932947,-0.079430713287346
5081,"heggarty2024",-6.90065691673974,0.0520841604751193,-0.100485661449144,-0.0851978388830394
5082,"heggarty2024",-5.65604153920095,-0.0534068197404435,0.0612476004456704,-0.151609070800678
5083,"heggarty2024",-5.89782022283784,-0.0713440888849133,-0.121685583438184,-0.194358823112366
5084,"heggarty2024",-6.17556371352435,-0.0381152303361136,-0.172492833925056,-0.133006329179632
5085,"heggarty2024",-5.79039231256358,-0.0232894132584875,-0.142691080627516,-0.068722886148072
5086,"heggarty2024",-5.95289194195934,-0.0314148648310387,-0.200049130061404,-0.105794644116501
5087,"heggarty2024",-5.85145845966776,-0.101764633537714,-0.0920166146084462,-0.0314177495572762
5088,"heggarty2024",-6.06657018169786,-0.0830284990292118,0.049967689079141,-0.0681603664857668
5089,"heggarty2024",-5.91888996962009,0.0238187303742687,-0.066534336493604,-0.22249475694621
5090,"heggarty2024",-5.86616418526916,-0.0295029934641466,-0.115125659107949,0.0113408279298648
5091,"heggarty2024",-5.88050774292153,-0.00502375926739134,-0.0255707377697727,-0.140095920307195
5092,"heggarty2024",-5.75275013858935,-0.00848993473343198,0.074061540364139,-0.152083331270949
5093,"heggarty2024",-6.3224559323893,-0.0980471723346276,-0.024198805571221,-0.0621973247497037
5094,"heggarty2024",-6.19192034540392,0.059040524950013,-0.0124054208554458,-0.000503927912242744
5095,"heggarty2024",-6.03973929332002,0.0332938526194016,0.0173309692576032,-0.0703397714423851
5096,"heggarty2024",-5.82364051904407,0.00662627343333478,0.0702991001250661,-0.0639789450319418
5097,"heggarty2024",-5.74305490875996,-0.0379166017179583,-0.112119935405097,-0.073288865484284
5098,"heggarty2024",-5.99554074316478,0.0355353838185721,-0.0815668069191762,0.0701136757867582
5099,"heggarty2024",-5.64676662980838,-0.0159375056712141,-0.0161573334734009,-0.228544287471951
5100,"heggarty2024",-5.86107732278256,-0.0563861513251622,-0.0645224805629232,-0.0820819796196374
5101,"heggarty2024",-5.87089623631721,0.0701434558076209,-0.039160424294216,0.0122757052500371
5102,"heggarty2024",-5.77438811781569,-0.098454957506142,-0.15837612263639,-0.234803488435803
5103,"heggarty2024",-5.81771725610194,-0.00876638136937948,-0.0419614260578638,-0.107421861621021
5104,"heggarty2024",-6.12706840178566,-0.0668151763523782,-0.0470072073188586,-0.0498669105481543
5105,"heggarty2024",-5.71434986794185,-0.0262618531537199,-0.00342936449433393,-0.0747756007983844
5106,"heggarty2024",-6.39416818854168,-0.00403236923066797,-0.0383467117190261,-0.240567005184809
5107,"heggarty2024",-5.72562919789282,-0.0913536167361311,0.00396380193356513,-0.161749976793012
5108,"heggarty2024",-6.74048379748881,-0.0624087225823075,-0.100359422377543,-0.118841792231948
5109,"heggarty2024",-6.37493599882374,0.0594536431145371,0.0803219844077004,-0.0485838732393205
5110,"heggarty2024",-5.72710758148213,-0.0296698586313594,0.0824590315738899,-0.0258270318986948
5111,"heggarty2024",-5.9787231773615,-0.0461508707669504,0.00287887879072637,-0.196639920441256
5112,"heggarty2024",-5.52053484781516,-0.182481626664541,0.0824265067524981,-0.145045502449678
5113,"heggarty2024",-5.87508460233803,0.0330335163933965,-0.012208878466075,-0.0676860632063933
5114,"heggarty2024",-5.8617952675249,-0.069816701257311,-0.133126381738774,-0.0794832477835827
5115,"heggarty2024",-5.67007172194491,-0.00248564400109784,0.0555170801724159,-0.142280113117072
5116,"heggarty2024",-5.97509950341036,-0.0135706725494376,-0.0687834396474644,-0.167192391465005
5117,"heggarty2024",-6.11188571673745,-0.0729613813684497,-0.0671208931004969,-0.0751470399455909
5118,"heggarty2024",-5.57077864280068,-0.104379803710248,-0.0692653298407905,-0.0729703317345474
5119,"heggarty2024",-5.71312831777217,-0.110360919293922,-0.00518598326205731,-0.0690774960767176
5120,"heggarty2024",-6.18900914228121,-0.0133784048471369,0.098741228916682,0.0606687083952555
5121,"heggarty2024",-6.2213997038268,-0.115220019675835,-0.179993520093503,-0.230474956129226
5122,"heggarty2024",-5.25756868203413,0.0371389529642443,-0.117327826905761,-0.135960150498461
5123,"heggarty2024",-5.99043669115744,-0.0289395747825201,-0.0568412541073112,0.0702362322431335
5124,"heggarty2024",-5.58244820230571,-0.0243509305147932,-0.104003825139259,-0.0956261920864251
5125,"heggarty2024",-5.93602987697837,-0.0298166350997826,-0.0066504486714469,-0.0582295551830639
5126,"heggarty2024",-5.80305499559964,0.110340684995608,-0.101109237623065,-0.0562827689655586
5127,"heggarty2024",-6.1705539559088,-0.00277073471002322,-0.0518377334472313,-0.143453368899756
5128,"heggarty2024",-5.84777498894883,-0.00630815652951589,-0.098527544404334,-0.165752982022446
5129,"heggarty2024",-5.68400314903384,0.076026249739169,-0.188463777653,-0.00825397681659272
5130,"heggarty2024",-5.65794572799004,-0.0587254433133299,0.0545592687724958,-0.115056978440068
5131,"heggarty2024",-6.00171160393403,-0.0968230674591687,0.0735407277664041,-0.00879079355555828
5132,"heggarty2024",-6.0069216788377,-0.00795861639418015,0.0432298002409299,-0.0202738832482121
5133,"heggarty2024",-5.55791100621693,-0.0359546567969963,0.0679095177692995,-0.0911930416515365
5134,"heggarty2024",-5.93286801248153,-0.0740885628083021,0.0808707407355062,-0.0223749359785745
5135,"heggarty2024",-5.47391227063828,-0.113291596877318,0.0887802032388886,-0.136957945742398
5136,"heggarty2024",-6.07062849998976,-0.120099418559723,-0.0305363539634753,-0.126581790848649
5137,"heggarty2024",-6.20857439040564,-0.0529690442005191,0.0438369972712371,0.0390216240023852
5138,"heggarty2024",-5.98477322816513,-0.138572758741765,-0.0275267352157375,-0.129656267446155
5139,"heggarty2024",-5.87674509710483,-0.136930012822033,-0.057925552599376,-0.0850696348603896
5140,"heggarty2024",-5.79389131078235,-0.0452732281206794,0.133533378563755,0.0677138389969679
5141,"heggarty2024",-5.91623732555304,0.00829945182844704,0.0316015869834848,-0.138373876590244
5142,"heggarty2024",-5.58598970540424,-0.107376180942885,-0.12424978615356,-0.165661701613164
5143,"heggarty2024",-5.86089413167022,0.0557408400316463,-0.0697983380768135,-0.0686211354787417
5144,"heggarty2024",-5.6892860711271,-0.102305577718126,-0.134511657669999,-0.0757983315477029
5145,"heggarty2024",-5.88595892857504,-0.117668207456046,-0.0220138520276916,-0.131962381351637
5146,"heggarty2024",-5.85910831425931,0.028533599099471,-0.118802500432031,-0.141504626781385
5147,"heggarty2024",-5.76617531323887,-0.102672926536308,-0.095614504934289,-0.0723914879463088
5148,"heggarty2024",-6.3335017726951,-0.0309067868716231,0.0154992513025978,-0.198284831793351
5149,"heggarty2024",-5.83551854235149,0.046854513436369,0.0789794670627143,-0.0230909018376227
5150,"heggarty2024",-6.09176307102956,0.0121875140551122,-0.0948572914786275,0.030614738737433
5151,"heggarty2024",-5.77872143813076,0.0116924505314413,-0.0385713968025643,-0.0395899433465669
5152,"heggarty2024",-5.7701726570733,-0.0268989310595153,0.0500568234325135,-0.118806076283237
5153,"heggarty2024",-5.86009512351599,-0.109746661336577,-0.0151751297446827,-0.21048491811083
5154,"heggarty2024",-5.67815164442114,-0.0919550348175539,0.270277052177796,-0.0440574899776406
5155,"heggarty2024",-5.82922836073975,-0.0436233579319357,-0.113809707784679,-0.0420817345683426
5156,"heggarty2024",-5.71890443064096,0.0430318410760725,0.0264436267852708,-0.0724277542054575
5157,"heggarty2024",-5.70376338635591,0.109895315076096,0.0306917666943534,-0.106210457670462
5158,"heggarty2024",-5.82729381524997,-0.0454145406487973,-0.087287097421254,-0.107031779886018
5159,"heggarty2024",-5.94232112004931,-0.0919208940378763,-0.0224504583354957,-0.111288410704729
5160,"heggarty2024",-6.02723205767814,0.0458179950105918,0.0514278063669913,-0.0302533103986988
5161,"heggarty2024",-5.887622447135,0.0389198742392046,-0.205351173832952,-0.0446252260755295
5162,"heggarty2024",-6.24086345820171,-0.0478941678097342,-0.0160906513083314,-0.120255056216043
5163,"heggarty2024",-5.72096577977942,-0.0188353151835859,-0.0240882321412289,-0.136048030447862
5164,"heggarty2024",-6.08973595393779,-0.043380546885475,-0.0896868576385148,-0.16050576646818
5165,"heggarty2024",-5.20817999991257,0.0936297701326242,-0.0400688522946255,-0.104525446091686
5166,"heggarty2024",-5.75159440229916,-0.0168710162124286,0.0680963557185476,-0.0412992613574603
5167,"heggarty2024",-5.55135409636159,-0.12658659206882,0.00191682769598982,-0.157012399009447
5168,"heggarty2024",-5.84873580242131,-0.0143789418354714,-0.0611780336356228,-0.0157815000792117
5169,"heggarty2024",-5.80092595304623,-0.0243247452952933,0.0590122432455591,-0.139163001168323
5170,"heggarty2024",-5.75901052403854,0.0845197205733194,0.0878173256674273,-0.0644328178930531
5171,"heggarty2024",-5.85131053803485,-0.0654143340829897,-0.00543394085047447,-0.0230548675489453
5172,"heggarty2024",-5.56576892301872,0.0458741818296279,-0.117813544833263,-0.0989535802966829
5173,"heggarty2024",-6.10660009102113,-0.114355470988856,0.0739892725061727,-0.0600305313137803
5174,"heggarty2024",-5.98971548956832,-0.169575152419981,-0.0751586153827299,-0.102444473823434
5175,"heggarty2024",-5.85814357795457,-0.098958781649378,-0.0234626368225334,-0.0913067469290372
5176,"heggarty2024",-6.06249193432372,-0.0280533890884009,0.133831637998884,-0.102258378822474
5177,"heggarty2024",-5.7337904023938,0.0939654698199097,0.049397638802388,-0.0445911346500956
5178,"heggarty2024",-5.6385795395173,0.0669531647226436,0.0574815379972924,0.0115735056238433
5179,"heggarty2024",-5.96196758363312,-0.0409371759985932,-0.0481977676303576,-0.0773032646472697
5180,"heggarty2024",-5.77376150724339,0.0887560976150659,-0.118056319954193,-0.131963383847561
5181,"heggarty2024",-6.00351201915488,0.0165983758819129,0.0273954899190275,-0.17029827450482
5182,"heggarty2024",-5.47769885166961,0.0359630369989778,-0.0447553646716677,-0.167196847720997
5183,"heggarty2024",-5.95416664723801,-0.0453227021773778,-0.0875273590149189,-0.084954961796545
5184,"heggarty2024",-5.9150105198977,-0.0825879735624948,0.12965958680094,0.0105941620249886
5185,"heggarty2024",-5.86344874788424,-0.00486623677206657,-0.190847219851894,-0.0756157060934417
5186,"heggarty2024",-5.80960283756794,0.0035994340221327,0.0718090120790076,-0.154931726320239
5187,"heggarty2024",-5.72606652182097,-0.0100136987267353,0.00660462143649499,0.0198520558625564
5188,"heggarty2024",-5.69468833401216,0.00964652788547847,-0.0381232909036585,-0.154031767242242
5189,"heggarty2024",-5.61477766512458,-0.0464215018414954,-0.0765274705394398,-0.0964353289698675
5190,"heggarty2024",-6.46756405600838,-0.0600537506195864,-0.121179522509016,-0.0414390385478271
5191,"heggarty2024",-5.93621676423994,-0.139748540602467,0.0759456916059371,0.0203810689581508
5192,"heggarty2024",-5.93984582797456,0.0329989902935221,0.00358294264371957,0.034845692019899
5193,"heggarty2024",-6.25588412843612,-0.054636756479253,-0.107927559372736,-0.139063150517682
5194,"heggarty2024",-5.90660889291149,-0.0841206173682546,-0.0408273518215333,-0.143774471727246
5195,"heggarty2024",-5.87886110274437,-0.0155875460561737,-0.0935337275581859,-0.232654508357096
5196,"heggarty2024",-5.96771792260789,-0.000374294098684795,-0.042585775524045,0.0465304199588035
5197,"heggarty2024",-6.09513098442543,-0.0896891398191284,-0.0661546449353956,-0.0780631407988275
5198,"heggarty2024",-5.7513436643845,-0.118254229970717,-0.156045612648889,-0.15693718748528
5199,"heggarty2024",-5.69258498272131,0.0225309279615547,-0.104149822889389,-0.107505142262185
5200,"heggarty2024",-6.13499460851922,0.00859506366396437,-0.0300433586189921,-0.0643840959073061
5201,"heggarty2024",-5.74849063145669,-0.111104473325948,-0.0650590776419199,-0.251542828526192
5202,"heggarty2024",-5.90228822324399,-0.0673855579007068,-0.0038280327392056,-0.0695671761824365
5203,"heggarty2024",-5.60333139162416,-0.0398988798438984,0.0576223251164535,-0.295002787998443
5204,"heggarty2024",-6.19711678024675,-0.0138091339647645,0.0626150828833275,-0.108464419179213
5205,"heggarty2024",-6.16595590670873,-0.030072229721515,-0.14210940440006,0.0374222510301382
5206,"heggarty2024",-5.6447637503807,-0.037190245657993,-0.011861675817318,-0.0769154061661328
5207,"heggarty2024",-5.86079079931589,-0.0376855550977261,-0.0329526560107404,-0.0899597069783793
5208,"heggarty2024",-5.83360971439682,-0.0199905917738611,0.104999781303994,-0.0962590664147818
5209,"heggarty2024",-5.77853456156337,0.018087535936545,-0.0265439346336116,-0.122005372585589
5210,"heggarty2024",-5.65874916117706,0.0264036458158771,-0.0644898893483754,-0.054049431531591
5211,"heggarty2024",-6.08840417164822,0.0117402616921786,0.0561767748549782,-0.00848728183413977
5212,"heggarty2024",-5.93075250657439,0.0106241359383822,-0.0895628364300634,-0.148820340899224
5213,"heggarty2024",-5.98948248201742,0.0621391327632694,0.0307891205369619,-0.0768269907362588
5214,"heggarty2024",-6.04427422572308,0.0136165541025125,0.056420157946853,0.0467016198159853
5215,"heggarty2024",-5.11013785655381,-0.0694346728604459,0.0551778324525651,-0.152815120709223
5216,"heggarty2024",-5.78311017412806,-0.0187928843684228,0.0517669494318844,-0.00347416148433044
5217,"heggarty2024",-6.21192824688667,-0.0340099795714207,-0.150943359323193,-0.131800771897685
5218,"heggarty2024",-6.08719750743457,-0.109806496512982,-0.0357507314912456,-0.0306069781605565
5219,"heggarty2024",-5.78634661099155,-0.0119226113435054,-0.0649047759093804,0.0613346861263646
5220,"heggarty2024",-6.31096583308174,0.0208062794136119,-0.0665223993665919,0.029197313356566
5221,"heggarty2024",-5.92012407641014,0.0469107769945997,-0.0175323873609887,-0.081809943519895
5222,"heggarty2024",-6.03040688817685,-0.114518158625284,-0.0395887321106314,-0.129114497430682
5223,"heggarty2024",-5.94999510744928,-0.064835954491056,0.000213912333316694,0.041993553413302
5224,"heggarty2024",-5.69144521008988,-0.0346200708421572,-0.131932639128468,-0.105205737607103
5225,"heggarty2024",-5.49791707531366,-0.0315015429988645,0.00755120918702414,-0.161222840333172
5226,"heggarty2024",-5.9992010986917,-0.0706029697640348,0.0187496001424121,-0.0814587981227236
5227,"heggarty2024",-5.90771020181303,0.00270112859138255,-0.0911999388845071,-0.295789979134444
5228,"heggarty2024",-5.75880517364754,-0.0199375465716644,0.0775598341405278,-0.0889234203444042
5229,"heggarty2024",-6.03670936518787,0.0423012568698684,0.00406951540617544,-0.0987714122659191
5230,"heggarty2024",-5.79612790337229,-0.0658052448287826,-0.0817860563735569,-0.0801705278288024
5231,"heggarty2024",-5.62848893585633,0.0957904755759453,-0.0156565333903769,-0.0664489257611039
5232,"heggarty2024",-6.00693609257109,-0.127373302481693,0.14705933385275,-0.0962697080628048
5233,"heggarty2024",-5.83843955879285,-0.0206388089419606,-0.120288494322283,-0.250445976941512
5234,"heggarty2024",-5.87307652024059,0.0664093957940899,0.177079232080751,-0.112764843940275
5235,"heggarty2024",-5.58094612985088,-0.141893270681217,0.00356425319064493,0.00448429689188361
5236,"heggarty2024",-6.02837012372202,0.00236153054420057,-0.0638906120983004,-0.102986502868741
5237,"heggarty2024",-6.08513898236208,-0.104622657497801,-0.0314198901616331,-0.00710359453075072
5238,"heggarty2024",-6.3911104113438,-0.0847824473039624,-0.038890791000743,-0.0335508478963969
5239,"heggarty2024",-5.99406199935528,-0.0835694199103097,0.00788031272509582,-0.100015999062808
5240,"heggarty2024",-6.04149227096866,-0.0664252775512874,-0.102828799228833,-0.089580140102064
5241,"heggarty2024",-5.85182110264874,-0.000243095136406428,-0.206854434388654,-0.140853524463757
5242,"heggarty2024",-6.08734773427195,-0.0733553763539061,-0.00991424906011206,-0.050068017384255
5243,"heggarty2024",-5.66642127631709,-0.0827920775434465,-0.134152790610075,-0.0672647120112942
5244,"heggarty2024",-6.0963451051127,0.0766437256473067,-0.213452757497655,-0.0302146834989801
5245,"heggarty2024",-5.57939580049591,-0.000546678125913912,-0.0218473804904165,-0.0158838302406948
5246,"heggarty2024",-5.881069723044,-0.128796740830317,-0.139212942523024,-0.00148316777354726
5247,"heggarty2024",-6.48084162878119,-0.0945506592527787,0.0302175847087354,-0.0332797972936567
5248,"heggarty2024",-5.83774031636312,0.057584056392518,-0.0252063063586514,-0.115272731882705
5249,"heggarty2024",-5.91935628122875,0.0784045090109774,0.0585170179243155,-0.159045481468964
5250,"heggarty2024",-5.75274445497385,0.048033938783855,0.0319188960322433,-0.0383531414979191
5251,"heggarty2024",-5.98735752671527,0.00538568505937866,-0.0249554668719594,-0.115460140799821
5252,"heggarty2024",-5.87211470223952,-0.0350707481808228,0.161472521040828,-0.108824296695946
5253,"heggarty2024",-5.88040460940547,-0.085775344416227,-0.037754766425049,-0.20523642093609
5254,"heggarty2024",-5.68135172262228,0.139500371359204,-0.0671767410017744,0.0943728052896031
5255,"heggarty2024",-5.97096851885308,-0.114839436304937,0.0792437699423856,-0.0895839200528654
5256,"heggarty2024",-5.70487762840854,-0.0806094650645325,-0.0351803297693601,-0.146366673788917
5257,"heggarty2024",-5.44190289350313,-0.079872534509693,-0.209740748823912,-0.088501516093175
5258,"heggarty2024",-6.17657626562961,-0.0204101213332916,-0.0647748748512089,0.0458559566007507
5259,"heggarty2024",-6.14964324468562,-0.0105192287692324,0.0164323127135219,-0.184521175986829
5260,"heggarty2024",-6.10788888666861,-0.120664031048619,0.0766532602123897,-0.063972307107042
5261,"heggarty2024",-5.94660571037311,-0.134643792772007,-0.0416278752049828,-0.159982997740529
5262,"heggarty2024",-5.72563784697185,-0.0805467395677895,-0.00030642753352856,-0.207588442872266
5263,"heggarty2024",-5.86589157211504,0.0404279025992981,-0.0392304242350778,-0.0166205307093638
5264,"heggarty2024",-5.82275190055589,0.00189409161919778,-0.0340634062620256,-0.0755021513771783
5265,"heggarty2024",-5.63396493100579,-0.017497997033846,0.0566382359429178,-0.0655981445309469
5266,"heggarty2024",-6.06283003070372,-0.0425406020939515,-0.00809070649129535,-0.10801786489139
5267,"heggarty2024",-5.64011319355925,-0.125953069193613,0.11110747066748,-0.0595981300709384
5268,"heggarty2024",-5.53198195403958,-0.0407560393674826,-0.115280463194179,-0.082884805960517
5269,"heggarty2024",-5.86224084641337,-0.00433433629648026,-0.0417661136932279,-0.105850797576246
5270,"heggarty2024",-5.93840670708582,-0.00928719251123937,0.00513086610579597,-0.136795429777142
5271,"heggarty2024",-6.04042263501977,-0.125704169534202,-0.0623317961461813,-0.0262772415406991
5272,"heggarty2024",-5.84778155946217,-0.00303041685975819,-0.0127341436578037,-0.123346291210967
5273,"heggarty2024",-6.59854555399292,0.133512979650095,-0.106125421688818,-0.00286407821595382
5274,"heggarty2024",-5.78578288178813,-0.0568341583208591,-0.038075795834262,-0.171374195516146
5275,"heggarty2024",-5.97265520474564,0.00701188009202244,-0.11852941526654,-0.208064198574905
5276,"heggarty2024",-5.96992516366151,-0.173274402792802,0.0480721852420463,-0.112648470193296
5277,"heggarty2024",-5.89931622113078,0.00733746434915288,-0.194369099951556,-0.115763298345155
5278,"heggarty2024",-6.44158918790465,0.0272467939981417,0.0778314178616658,-0.0180117986181003
5279,"heggarty2024",-6.04340171159215,-0.0432203292711984,0.00438376192079929,-0.112052348033279
5280,"heggarty2024",-6.08104597923544,-0.000915059990593899,-0.0655971703416177,-0.0969724177902105
5281,"heggarty2024",-5.82557560520737,0.136181561787626,0.0965723553970754,0.0656859759206706
5282,"heggarty2024",-5.94292822786135,0.0809738764114578,0.113746437405154,-0.0357495110077195
5283,"heggarty2024",-5.57409926775292,-0.035311821822698,-0.0220395884395132,-0.27820655696304
5284,"heggarty2024",-5.77478015893812,-0.00907010119030151,-0.0621422490722914,-0.19782901289248
5285,"heggarty2024",-5.93253174428822,-0.0347966239958081,-0.102486423709444,-0.143579587927027
5286,"heggarty2024",-6.08966407959239,-0.0927104287425623,0.0568274150162068,-0.195869554514169
5287,"heggarty2024",-5.56105635159762,0.0960609356949867,0.00269230414106569,-0.236750156721684
5288,"heggarty2024",-5.85278728976879,0.00187867813195394,0.0453467064440921,-0.142472256452303
5289,"heggarty2024",-6.00316812030547,-0.0191366863269457,-0.0853418999408732,0.0688569836333411
5290,"heggarty2024",-5.75596717302249,-0.0192997519520172,-0.023841676094686,-0.0817555322673545
5291,"heggarty2024",-6.07119386988417,-0.0870201325503216,0.0247899414906424,0.0549253837883431
5292,"heggarty2024",-5.96365108942262,0.152343622380635,-0.0949339976556477,-0.15966422206592
5293,"heggarty2024",-5.89376746280982,-0.124882406932788,-0.0722684736885621,0.0108256545695989
5294,"heggarty2024",-5.75113927709627,0.12285524760764,-0.003004749810392,-0.110682558329604
5295,"heggarty2024",-5.533100888489,-0.0860783975337038,0.084237458703515,0.0094578324177676
5296,"heggarty2024",-5.63360660842456,-0.0181326735367368,0.102336770397237,-0.112332640355661
5297,"heggarty2024",-5.85887131296117,-0.143336285535442,0.11412533401336,-0.188825744627884
5298,"heggarty2024",-5.56577516065683,-0.051040060630006,0.0353095285467435,-0.221441728184283
5299,"heggarty2024",-5.83402049722904,-0.0951890850496191,-0.206804632943486,-0.301836723341122
5300,"heggarty2024",-5.97737207398201,0.0169535553446684,-0.111253373102079,-0.145334944301828
5301,"heggarty2024",-5.88259400734309,-0.00881312068294251,-0.0515985858410991,-0.127080613748664
5302,"heggarty2024",-5.89341885201788,-0.0533271888843567,-0.00506113373354435,0.0184737653648624
5303,"heggarty2024",-5.48728867421143,0.0307800053832336,-0.153246716224492,-0.103560749902145
5304,"heggarty2024",-5.8612383931841,-0.132970255442394,-0.0657165822474438,-0.0511951847473619
5305,"heggarty2024",-5.90394513133188,-0.0292435040860496,-0.0280419591166666,-0.206570397780796
5306,"heggarty2024",-5.80713357242457,-0.112310566136026,-0.0268987995979784,-0.0974115880614057
5307,"heggarty2024",-5.7601394934856,0.00770467870750273,-0.0348057726976839,-0.0483898064041175
5308,"heggarty2024",-6.1080735589462,-0.00955871395132063,-0.0632858959358225,-0.199172893103263
5309,"heggarty2024",-6.14427787676758,-0.168306928398438,-0.0758127154021523,-0.137074567223574
5310,"heggarty2024",-6.14541039218389,-0.126593330529016,-0.0100703874593257,-0.0395846510760091
5311,"heggarty2024",-5.54126601158099,0.0448797250915001,-0.196289520729043,-0.000542476370209876
5312,"heggarty2024",-5.52538931242594,-0.0105772113102161,-0.00716415996257916,-0.054884596120178
5313,"heggarty2024",-5.7846540953221,0.0423602208894066,-0.13095189447527,-0.0976130906306796
5314,"heggarty2024",-5.63146168396963,-0.0372611038123886,0.0348942375870918,-0.151216417815213
5315,"heggarty2024",-5.91381883326982,-0.0563186383019629,0.145584515664616,-0.0472782761060752
5316,"heggarty2024",-5.84256450364429,-0.0220920723980177,-0.130766117707522,0.052328507166577
5317,"heggarty2024",-5.56160551868639,0.0684588190310551,-0.093675155420038,-0.0919170244554523
5318,"heggarty2024",-5.7359610668206,-0.0539043267592971,-0.106491542842262,-0.171807350467258
5319,"heggarty2024",-5.7556256711868,0.0676831376515922,-0.162761365442538,-0.157935165903856
5320,"heggarty2024",-5.50348720580831,-0.13440291758764,0.154361164692504,-0.141004488400473
5321,"heggarty2024",-6.15534275997874,0.0475944140911773,-0.0720507677050307,-0.0860243846058498
5322,"heggarty2024",-5.93617428226791,0.0141663568660842,-0.0363325639717982,0.0784772727558109
5323,"heggarty2024",-6.19971381129661,-0.110560233588421,-0.0644306171028679,-0.167693139845705
5324,"heggarty2024",-5.59735091570102,-0.0756484516879359,-0.231354080079246,-0.228689453352299
5325,"heggarty2024",-5.83390717477725,0.00227449686091363,-0.00312207601933491,-0.00239306778674301
5326,"heggarty2024",-5.90516785344207,-0.09718401385994,-0.0440490710340311,-0.0273075853538828
5327,"heggarty2024",-6.5427990208211,-0.080097322649463,-0.152489042094244,-0.0193866803605268
5328,"heggarty2024",-7.52041732903352,-0.0561407108713139,0.0880561951211619,-0.0266650352816096
5329,"heggarty2024",-6.9327419695625,-0.0284812471156623,-0.0114368780226962,0.173027126682572
5330,"heggarty2024",-5.67226420026569,-0.0178895344212695,-0.0856220105862768,-0.0741052358164183
5331,"heggarty2024",-5.88099348975952,-0.0292450603008106,0.0084036343156579,-0.0967695637509362
5332,"heggarty2024",-5.90404275206934,-0.0333215706173757,-0.130866999852586,-0.08316980626236
5333,"heggarty2024",-5.81342536997395,-0.111828850057174,-0.0650301531302003,-0.0208929280328696
5334,"heggarty2024",-6.03855894812908,-0.0496965371989237,-0.0384285889085946,-0.0356820240489007
5335,"heggarty2024",-6.06578002716485,-0.149745851200831,-0.191143411799662,-0.0804779539752673
5336,"heggarty2024",-4.97684950015025,-0.153119315687534,-0.231063165183365,-0.157472729199105
5337,"heggarty2024",-5.92767040525124,-0.144249156149004,0.0843887477790921,-0.0139681155802403
5338,"heggarty2024",-5.8825473442685,-0.100884587860015,-0.121548067892793,-0.250218328924657
5339,"heggarty2024",-6.31134507922476,-0.0393552949298479,-0.104799413557779,-0.134508360114175
5340,"heggarty2024",-5.86456298087385,-0.0764293214152161,0.167840632315256,-0.0532895573958402
5341,"heggarty2024",-5.95385788521074,-0.066866906111271,0.0605228233191842,-0.0176194945761251
5342,"heggarty2024",-5.67241355284835,0.0235975998128661,-0.0325715181354324,-0.134973228304218
5343,"heggarty2024",-6.37340420089201,-0.0539307377038427,0.112827973658423,-0.0848070637477644
5344,"heggarty2024",-5.8295793055947,0.0741372195354723,-0.033422368026463,0.00619845154854568
5345,"heggarty2024",-6.37727309398923,-0.00504504347599804,-0.0280280009667462,-0.0116632513688702
5346,"heggarty2024",-5.43831541935187,-0.119663316438654,-0.0588455018382702,-0.0481926939903621
5347,"heggarty2024",-5.87235601418178,-0.0668100448430463,0.0375452706578537,-0.222643303789916
5348,"heggarty2024",-6.04862424804704,-0.181236943753728,-0.0869748121979227,-0.0175864183755771
5349,"heggarty2024",-5.91829553539015,-0.0545335211733342,-0.00830334177762946,-0.113599180209133
5350,"heggarty2024",-5.98603249197721,0.120214306615319,-0.0909350299711589,-0.176555568383734
5351,"heggarty2024",-6.53762054968152,-0.15004860101888,0.0328760628794105,0.0105436230346968
5352,"heggarty2024",-6.02682492098295,-0.122854644446657,0.031312272264,-0.0246019459915024
5353,"heggarty2024",-5.56706991312218,-0.0863551712902718,-0.0312337294384385,-0.0353900321169105
5354,"heggarty2024",-5.92532946017896,-0.0616939039772756,0.039127077412851,-0.141325531481898
5355,"heggarty2024",-5.89668611014653,-0.0263313566706183,-0.188006091518988,-0.230109164306869
5356,"heggarty2024",-5.90927813695081,-0.156217372056087,0.151916378320522,-0.23953697275558
5357,"heggarty2024",-5.65155030218293,0.0223815442630919,-0.018866323307937,0.111236628713761
5358,"heggarty2024",-5.52411473563844,-0.0298091052791592,0.000467802788534387,-0.156252919441372
5359,"heggarty2024",-5.84832941561589,0.0310007291310673,-0.0265199313942753,-0.250047942446838
5360,"heggarty2024",-5.82832717846682,-0.0372393233090534,-0.0617594152777595,-0.0578257730796037
5361,"heggarty2024",-5.6987133091056,-0.137416201576179,0.03240610246458,0.0754190941178208
5362,"heggarty2024",-6.15769012676826,-0.0219917419002527,-0.0934132208217238,-0.117167554113336
5363,"heggarty2024",-5.98016078825292,-0.116230961584092,-0.0629553851693645,-0.170730885145396
5364,"heggarty2024",-6.23702362413687,-0.0361224521241938,0.0398029876114399,-0.0407665202339093
5365,"heggarty2024",-6.77504088967074,0.0668725728007515,-0.0460265705540117,-0.0936909307183956
5366,"heggarty2024",-5.67864054231397,-0.0203329169106357,0.0283898114988327,-0.0520950420205869
5367,"heggarty2024",-6.02334492078948,0.0281571127792613,-0.157052118086745,-0.188859465031167
5368,"heggarty2024",-5.78383064608661,0.00860530805587242,0.0887893376951506,-0.0747410075876076
5369,"heggarty2024",-5.78932707698833,0.0425854257936229,-0.0825450056651664,-0.0954268313313795
5370,"heggarty2024",-5.79349537665482,-0.112114393119504,0.080265026836382,-0.228857267935154
5371,"heggarty2024",-6.7411534090582,-0.01487853834563,-0.0452017095230252,-0.164297234817367
5372,"heggarty2024",-5.44211625462773,-0.0656338935945078,-0.0890174454485176,-0.156976472874567
5373,"heggarty2024",-5.93099017482561,-0.0944790156450212,0.0857940816637766,0.000575406597787331
5374,"heggarty2024",-6.37142879301694,-0.053472557613404,-0.0947821062812909,-0.197892360998537
5375,"heggarty2024",-5.97912471688975,-0.158099207253155,0.0492523108558061,-0.105742988178787
5376,"heggarty2024",-6.2969709436049,-0.123467287777924,-0.143252504632586,-0.0365093381145979
5377,"heggarty2024",-5.80528542345477,-0.0719150413024348,0.0119199741933299,-0.00407852549161241
5378,"heggarty2024",-6.13637171111512,0.0626777398177368,-0.223506195007761,-0.070014418232716
5379,"heggarty2024",-6.24350013577432,-0.0518190927672493,0.046196982894146,0.0117648294566911
5380,"heggarty2024",-6.23826471842519,-0.0520766218449736,0.0996419574672864,0.12395985053412
5381,"heggarty2024",-6.6324417970775,-0.00175204860078152,0.014534109325975,-0.0238542391457809
5382,"heggarty2024",-6.20431262687679,0.0442863170610481,-0.0436258924972269,-0.0992978910741005
5383,"heggarty2024",-5.76259071959774,-0.0897110345987827,-0.0855802580003961,-0.112895513513982
5384,"heggarty2024",-5.86024109856376,-0.0867244868839938,-0.0142734034733108,-0.174948907057922
5385,"heggarty2024",-5.85130961045169,0.0107423493005374,-0.0399591661750501,-0.157155992571606
5386,"heggarty2024",-5.85199333671415,-0.078761987612976,-0.0535069432226659,0.0560505072136101
5387,"heggarty2024",-6.60529568565022,-0.0970377588573108,-0.0218337411513567,-0.0524516212268736
5388,"heggarty2024",-6.05822191558943,0.0360431633968531,-0.0145421115156662,-0.1584308205269
5389,"heggarty2024",-5.00554116125323,-0.0517308821807111,-0.0111508585903551,-0.0792936019666318
5390,"heggarty2024",-6.01695217714419,-0.0159684480780665,-0.0918558500301809,-0.156318080617151
5391,"heggarty2024",-5.68177996896465,0.0108538491889405,0.035766069000453,-0.156353092639287
5392,"heggarty2024",-5.83904586476594,-0.0606188645395514,0.111184696396228,-0.0310532265209634
5393,"heggarty2024",-5.47775128901012,-0.0444131495781415,0.0394936691101827,-0.0070850755639504
5394,"heggarty2024",-5.80036989150358,0.0486411165376705,-0.0112851058854871,0.0116633984763961
5395,"heggarty2024",-5.29615805688285,-0.0057246863353019,0.0909795137435557,-0.171249582524774
5396,"heggarty2024",-5.90961193624532,-0.0480509229398841,-0.0882471691086854,-0.160361398841706
5397,"heggarty2024",-6.05303779105084,0.0461272202583584,-0.150560668463664,0.044364159257856
5398,"heggarty2024",-5.83459267432321,-0.0888254608968772,0.0318241565382076,-0.00584943990913722
5399,"heggarty2024",-6.04255069797614,-0.020443683729223,-0.0744161421637323,-0.0230305914589267
5400,"heggarty2024",-5.85019062071118,-0.114014397749237,-0.0314149919993291,-0.180410216266159
5401,"heggarty2024",-5.83204514363976,0.0804559237566,-0.00799481910835917,-0.170180368835242
5402,"heggarty2024",-6.23584997866706,-0.0440819427888029,-0.0127154450509227,-0.0882575226458398
5403,"heggarty2024",-5.46536322257261,-0.193899396675346,-0.0529114347438189,-0.107924919788107
5404,"heggarty2024",-5.81487059792035,0.000882024110561076,-0.0176669541601002,-0.215853555751707
5405,"heggarty2024",-5.85623328996077,0.104457806092859,-0.0394392560131439,-0.00354143569018135
5406,"heggarty2024",-5.99327656914808,-0.0621732480077727,0.111762452127606,-0.122152030566496
5407,"heggarty2024",-6.13170483567127,-0.193711482922181,0.0279949983107446,-0.219159445771884
5408,"heggarty2024",-5.97259831271102,-0.0540589812082865,0.0324431486064387,0.0255877241224939
5409,"heggarty2024",-5.84263933441315,-0.0733564759054063,0.0206530058950991,-0.109883567060397
5410,"heggarty2024",-6.15292766360191,-0.061926975477669,-0.0522265612396139,-0.150747131645075
5411,"heggarty2024",-5.5248790290482,-0.0347325232207725,0.0934234476929668,0.120813009300807
5412,"heggarty2024",-5.77138517259306,0.112925122725021,-0.0616051737564705,-0.171775310766965
5413,"heggarty2024",-6.0108748006482,0.0457830736990371,-0.0126510484718393,-0.0486412228941507
5414,"heggarty2024",-5.60609896000003,0.0138252636168023,0.0743035843302779,-0.113889954583965
5415,"heggarty2024",-6.02372867634512,-0.0519213959905968,-0.0138720084558234,-0.137806880214224
5416,"heggarty2024",-5.85718281775225,-0.0496535586428711,-0.196820255341636,-0.300794531001613
5417,"heggarty2024",-5.81215076191709,-0.106524064115395,0.00783608822118317,-0.117139652500715
5418,"heggarty2024",-6.0124917886537,-0.025162385773164,-0.0675357704093313,-0.0675426992904444
5419,"heggarty2024",-5.62372160941187,-0.128144457616927,0.0150124399112874,-0.116669068213284
5420,"heggarty2024",-5.80319813536194,-0.0706162209837179,-0.0393908230265214,-0.148584284918311
5421,"heggarty2024",-5.78301472649437,-0.0701032645320474,-0.0772383709786874,-0.18178573227907
5422,"heggarty2024",-5.97965924221441,-0.0998743552962755,-0.126154509130765,-0.178054619152513
5423,"heggarty2024",-5.85233761624885,-0.0861646359745628,-0.0779160413367696,-0.00553868052897999
5424,"heggarty2024",-5.94023379341466,0.0312290841887957,-0.0721528337580871,-0.113661826860188
5425,"heggarty2024",-6.18261155424782,-0.118655926559846,-0.0224942694819647,-0.1269351264799
5426,"heggarty2024",-6.00608874018348,-0.13438524340045,-0.105202905777745,-0.0607724827321214
5427,"heggarty2024",-5.78182055907288,-0.0852838183957835,0.00795880284328094,0.0644778250723943
5428,"heggarty2024",-5.90612708214988,-0.0535158458186061,-0.0758224111484995,-0.186022842445303
5429,"heggarty2024",-5.82803436732754,0.0513983091220848,-0.0306815703067819,0.00538920321941562
5430,"heggarty2024",-5.6821068003679,0.00814367195458834,0.0494829673781821,-0.136167119619903
5431,"heggarty2024",-5.92046808893943,-0.0245949110202512,0.024271900436331,0.174285394088643
5432,"heggarty2024",-5.71645117558377,-0.0304243721220196,-0.0283222620418336,0.435842240787265
5433,"heggarty2024",-6.07199961200485,-0.13357431629565,0.0720983907386596,-0.0720510786615999
5434,"heggarty2024",-6.02149092753915,-0.149419762333996,-0.0394781815691326,-0.0500466832100766
5435,"heggarty2024",-5.91322565121081,0.0103778936160121,-0.0839320545559783,-0.0212011046403843
5436,"heggarty2024",-6.01893240137665,-0.0333918216098246,-0.172053308000959,-0.16358372620801
5437,"heggarty2024",-5.92433581844114,-0.138969373009783,-0.191589280079685,-0.138693075577362
5438,"heggarty2024",-6.71734435795744,-0.087109344778881,0.013465515296719,-0.112691128806009
5439,"heggarty2024",-5.71553397934944,-0.0113443785104151,-0.06470207248527,-0.118376952779546
5440,"heggarty2024",-6.03438318183164,-0.19353360671324,-0.205128431354954,-0.128985629578045
5441,"heggarty2024",-6.12750714674986,-0.126296096795355,0.0839289806173653,-0.179482788334766
5442,"heggarty2024",-6.1841796511239,-0.0126964910929596,-0.137084232490636,0.189877745901559
5443,"heggarty2024",-5.75608951570046,-0.0634122213908337,-0.129360485781353,-0.15752440045454
5444,"heggarty2024",-6.16967593150878,0.0151903783235957,-0.0118003303233053,-0.0898877124133665
5445,"heggarty2024",-5.88909710998671,-0.0679105882623027,-0.173042920612469,-0.208609844140778
5446,"heggarty2024",-5.79505461560748,-0.0440912398751626,-0.166601102021939,-0.206011862121774
5447,"heggarty2024",-5.69797501103312,-0.046703714146244,-0.125499546441913,-0.182698443152604
5448,"heggarty2024",-5.86179597896582,-0.157017385472826,-0.0226288527613352,-0.0260109697162277
5449,"heggarty2024",-5.96786368383072,-0.0803421547613127,-0.0453825131912367,-0.0978367715062017
5450,"heggarty2024",-6.11343673797584,-0.107857823792421,0.0141880444964475,-0.0312642042714367
5451,"heggarty2024",-5.97426442559798,-0.0323712186424361,0.0180467716762557,-0.039204871886276
5452,"heggarty2024",-5.80399106181962,-0.204612454767208,-0.038308023859653,-0.124115368525149
5453,"heggarty2024",-6.05953119573497,-0.0015068230145732,0.0221586400209824,0.10949408735797
5454,"heggarty2024",-6.27106445186072,-0.0837250190495814,-0.146537147306183,-0.0795680690013923
5455,"heggarty2024",-5.95741147482127,-0.120690221284358,0.132225169940557,0.122717965889875
5456,"heggarty2024",-6.0953388314519,0.00925807534674018,0.0119886236167095,0.0280442956348386
5457,"heggarty2024",-5.80271685715423,-0.0479759006930227,-0.0050262250051747,-0.073705959393066
5458,"heggarty2024",-5.54097071093124,-0.189293988217013,-0.0489642499376942,-0.322219950643968
5459,"heggarty2024",-6.08450181811273,-0.0446328208456282,-0.0332326048639967,-0.0761656124077013
5460,"heggarty2024",-6.07693648701749,-0.14382347043222,-0.140314167132396,-0.213047079935577
5461,"heggarty2024",-5.82865788803426,-0.0330322046959825,-0.0570274970859123,-0.0766747584371819
5462,"heggarty2024",-6.04240167759296,-0.117888143933711,0.024084184632031,-0.145906392267169
5463,"heggarty2024",-5.65401134887319,0.0494732370234941,-0.046285386484467,-0.157588209819218
5464,"heggarty2024",-5.63565693582729,0.006772403943266,-0.0560871048951463,-0.102885920506183
5465,"heggarty2024",-6.01684534888646,-0.0195976631560051,-0.0303094696243444,-0.0722920902612727
5466,"heggarty2024",-5.75874610241062,0.0486800142174733,0.0258844834683126,0.0791859517615686
5467,"heggarty2024",-5.82403485591862,0.0885332702752432,-0.0438300268928343,0.00256717767155171
5468,"heggarty2024",-5.81827796866319,-0.0110749743742794,-0.0852776787289409,-0.267241787173841
5469,"heggarty2024",-6.12662416755852,-0.0813495323005629,0.0686984892076586,-0.102912360924519
5470,"heggarty2024",-6.03217776203707,-0.0938084783954415,-0.0607484135213694,-0.0971283263632388
5471,"heggarty2024",-5.54001362927251,-0.0514808233801923,-0.0579568956866233,-0.128237440705359
5472,"heggarty2024",-5.86766911159973,-0.0596237341715933,-0.124625472496809,-0.00461854201274653
5473,"heggarty2024",-5.56516541649898,0.0711588955343515,0.173592790614713,-0.00174381335916607
5474,"heggarty2024",-6.04207332100706,-0.0148596126845021,-0.0706529758886083,-0.163976046132402
5475,"heggarty2024",-6.00848199217057,-0.0866488013906154,0.0213511360077644,-0.0999008865416441
5476,"heggarty2024",-5.51239818265299,-0.0424855664570442,-0.0569196135458541,-0.253687627419866
5477,"heggarty2024",-5.80503853664514,-0.153770664951448,0.0225128941097334,0.172404292252434
5478,"heggarty2024",-6.60528913803532,-0.157205513547216,0.0807320902408729,-0.123978219245141
5479,"heggarty2024",-5.95536729180737,-0.0613809034117233,-0.0240856558776719,0.0781163100530313
5480,"heggarty2024",-5.87181329444292,0.0142627832360748,-0.0132058031955952,-0.129868954313468
5481,"heggarty2024",-6.06333694288503,-0.102039530334487,-0.104651327113881,-0.200280763760323
5482,"heggarty2024",-6.01011775223521,-0.0592517693337995,-0.0894270245249349,-0.0181095172593969
5483,"heggarty2024",-6.01275557045971,0.0284035047012626,-0.0605971775784086,-0.0999773440233259
5484,"heggarty2024",-5.34135388552563,-0.01377183435055,-0.0331003414607831,0.0490952909013595
5485,"heggarty2024",-5.59979722890332,0.0474038822950704,-0.00651622267545727,-0.121811386260135
5486,"heggarty2024",-6.1106635641485,-0.108732244968591,-0.0703476108867229,-0.0946265411689953
5487,"heggarty2024",-5.82225166694889,-0.0138244096394803,0.0377500780098683,0.134365095734348
5488,"heggarty2024",-5.98087758067361,-0.153661412885573,0.0746384562434439,-0.0734668794071869
5489,"heggarty2024",-5.96540144857772,-0.0135821269052361,0.126485217480872,-0.0185784805402811
5490,"heggarty2024",-6.00412794556,-0.0312851893684201,-0.104560642921272,-0.0454892126896735
5491,"heggarty2024",-6.09482849430301,-0.0078952573919682,0.00626462171658614,-0.199482152448329
5492,"heggarty2024",-5.99806506229301,0.00355918351665708,0.0343957778152988,-0.085790403861313
5493,"heggarty2024",-5.86613774873839,-0.108824749286808,0.0364258967766029,-0.170762443067486
5494,"heggarty2024",-6.18050848033621,0.0516770547492826,0.0583723764481759,-0.00412405015723723
5495,"heggarty2024",-5.95087131172501,0.0251979526952082,-0.0400219119829058,-0.115676579404862
5496,"heggarty2024",-6.300839650244,-0.0619360172294496,-0.0648887511100117,-0.111199741349349
5497,"heggarty2024",-5.73547609500445,0.018879066898171,-0.127626957816426,-0.0783924516267655
5498,"heggarty2024",-6.39671503934555,-0.0277940322724209,-0.0365048176639719,-0.117233388506995
5499,"heggarty2024",-5.64112975514909,-0.135482260145524,-0.0401671852201855,-0.0847536514597259
5500,"heggarty2024",-5.86973585135602,0.0943447417441192,-0.0573441479008436,-0.0613142857366661
5501,"heggarty2024",-6.13854163337893,0.0647660984111473,0.070334828185089,-0.0875856475139041
5502,"heggarty2024",-5.45866134551428,-0.0405111854067037,0.00274574148281066,-0.0208273174317188
5503,"heggarty2024",-5.76072702097941,-0.114062139257689,0.000934764489256008,-0.123329797445977
5504,"heggarty2024",-5.60016748146839,-0.0569437851061575,0.0727009182177633,-0.0495640368070201
5505,"heggarty2024",-5.79781944787036,-0.189887667134679,0.0323027621517924,-0.0734328772076675
5506,"heggarty2024",-5.70634434594345,0.0272883010428223,-0.0678215571418704,-0.0778450129365951
5507,"heggarty2024",-5.48353271969727,-0.100163124737815,0.159983207060191,-0.082536850160762
5508,"heggarty2024",-5.69570816479043,0.0594824954378975,-0.05317531524741,-0.0757300176719604
5509,"heggarty2024",-5.59006186605609,-0.110121392607502,0.128010777585782,-0.0836420003235335
5510,"heggarty2024",-6.15504371295484,-0.155949814993316,-0.0344942132753157,-0.0947948170391206
5511,"heggarty2024",-5.70883894287436,-0.0174107333018069,-0.0742580415926071,-0.0873176129561207
5512,"heggarty2024",-5.95177182853586,-0.0514117896583201,0.0301867651001248,-0.0335603077537634
5513,"heggarty2024",-5.63556623316519,-0.0727486110110369,0.0228198307064795,-0.0109163068951858
5514,"heggarty2024",-5.50605870120682,0.0456160514106455,-0.0600866399155085,-0.194306740158388
5515,"heggarty2024",-6.86201529587486,0.0178026046450783,-0.0667456507187329,0.00181848075812712
5516,"heggarty2024",-6.54395385685828,-0.0126368937918753,0.0499816265751027,0.0279349599394944
5517,"heggarty2024",-6.33970979693458,-0.174603362859446,-0.0186247510978871,-0.0857053868480858
5518,"heggarty2024",-5.82805019536463,-0.0667884965991237,0.0635908822789166,-0.0800321784372453
5519,"heggarty2024",-5.69578170012264,-0.0186955142443406,-0.0448698519484635,-0.13860510695641
5520,"heggarty2024",-5.60106531450124,-0.166312550771536,0.0197012955123836,-0.0689107373395749
5521,"heggarty2024",-5.75875130132577,0.00567047292573934,-0.124962236639463,-0.0809001361245742
5522,"heggarty2024",-6.01661180968349,-0.0535248508341579,0.0571809613684737,-0.0795821106804324
5523,"heggarty2024",-5.57485829062125,-0.144116167048378,-0.0158078583675919,0.0512111972498866
5524,"heggarty2024",-5.75255335295576,-0.333308898683679,0.0298988559104685,-0.0882038631787509
5525,"heggarty2024",-5.93436602426838,0.0880135284601167,-0.0194755357066657,0.00758523489771391
5526,"heggarty2024",-6.30996506089332,-0.0271293085553086,-0.077087061605427,-0.212709662777032
5527,"heggarty2024",-6.14671090423802,0.0515057861192803,2.27613941924457e-05,-0.0924111403581926
5528,"heggarty2024",-6.21118472041935,0.0371123512812427,-0.0856490078384584,-0.21556485839164
5529,"heggarty2024",-5.91307926534424,-0.0304369166300905,-0.0715371542753505,-0.0616430018993846
5530,"heggarty2024",-5.87384771832512,0.0123197268577239,-0.185916946178685,-0.0342258974319894
5531,"heggarty2024",-5.63474389237233,-0.00409837601495019,-0.0255776593247853,-0.0782225871514191
5532,"heggarty2024",-5.83882267039156,-0.159356429065582,-0.144951452716238,0.0291981703343599
5533,"heggarty2024",-5.6080227595719,-0.0978024203691148,0.130053682153658,0.0171561227115981
5534,"heggarty2024",-5.6681920748554,-0.0625539841715476,-0.0972824023774586,-0.105033635434237
5535,"heggarty2024",-5.96196049186768,0.00332476399896401,-0.0264159666910933,0.0270334991312492
5536,"heggarty2024",-5.59797841565239,0.0477665432662709,-0.0713973872445575,-0.0774411531199493
5537,"heggarty2024",-5.62782073726315,-0.0390574059031454,-0.0744725335918081,-0.125388219337243
5538,"heggarty2024",-5.23806518485857,-0.00332184382278848,-0.0368418892510181,-0.23503732108888
5539,"heggarty2024",-6.15977178863369,-0.0213407656169685,0.0387451990084775,0.198370418562989
5540,"heggarty2024",-5.95727769555191,-0.08083715031806,0.0128948601175537,-0.0536385649370998
5541,"heggarty2024",-5.94439107613675,0.00435898108438784,-0.0581593540068599,-0.0640934523916578
5542,"heggarty2024",-5.92738169600093,-0.0484005040914544,-0.115010515902115,-0.126642428685628
5543,"heggarty2024",-5.93519103599144,-0.142359946202837,-0.0259383491298146,-0.0788639348540681
5544,"heggarty2024",-5.88087169562307,-0.0526039025596843,-0.0615250902695967,-0.0955009946327404
5545,"heggarty2024",-5.85136348935176,-0.0241675940365536,0.0480502682610044,-0.0561799557196122
5546,"heggarty2024",-6.04686159637018,-0.0851526701302846,-0.0189354349202351,-0.0177695033972764
5547,"heggarty2024",-6.09448436717256,-0.084199386919359,0.0858245537500453,-0.0686102582035822
5548,"heggarty2024",-6.25170286225209,-0.0470558347961689,-0.0588246443791487,-0.136830519283751
5549,"heggarty2024",-5.92992741416718,-0.0894573238503724,-0.0025860631891527,-0.0406104468770409
5550,"heggarty2024",-5.61251630874882,-0.0252191890513279,0.023845617620245,-0.108480678785806
5551,"heggarty2024",-5.71490528081336,-0.0904040827566185,-0.0219396269242024,-0.101353338803543
5552,"heggarty2024",-5.67042995765738,-0.00632676573226538,-0.0714045366863732,-0.0602868009823135
5553,"heggarty2024",-5.85611291267439,0.0386051393760303,-0.085742882988425,-0.0757748262665101
5554,"heggarty2024",-5.70643598034929,0.0127373786623503,-0.0859845161330696,0.0934983846824762
5555,"heggarty2024",-6.0278704132907,-0.126723743847297,-0.0706644185550465,-0.0572591973550898
5556,"heggarty2024",-6.10027482609862,0.10536490713113,-0.0764432127434376,-0.110490292667708
5557,"heggarty2024",-5.9041918360238,-0.0567428950471513,-0.0854402439565115,-0.00307824977371849
5558,"heggarty2024",-5.81271012339683,-0.0566323488890163,-0.0543317047744812,0.00269102175243941
5559,"heggarty2024",-6.08171653702203,-0.112590188687278,-0.138336888180432,-0.0850573968528813
5560,"heggarty2024",-6.2563927093266,-0.0983260612668871,0.0523329358209565,0.00699117913971749
5561,"heggarty2024",-6.40830747453864,-0.0295367104743774,0.0258311984329175,-0.000337210875703561
5562,"heggarty2024",-6.49146575202096,0.0093979001564104,-0.157589989600675,-0.18268320901315
5563,"heggarty2024",-5.57666955188733,-0.127670262369523,0.0318893005280384,-0.18789222589957
5564,"heggarty2024",-5.89204311378277,-0.127947583289645,-0.213940704567814,0.100209747440436
5565,"heggarty2024",-6.04388769361202,-0.0636866771254438,-0.0170624319256219,-0.139014500201656
5566,"heggarty2024",-6.06279483890368,0.0607641887547861,-0.000566093636377128,-0.0929594286370775
5567,"heggarty2024",-5.71394606549989,-0.103347057544154,-0.0213677083064929,-0.0240842179798955
5568,"heggarty2024",-5.81595014997296,8.71368210718037e-05,-0.0702774975123416,0.0399016015491702
5569,"heggarty2024",-5.9002666496831,-0.0447359369489218,-0.0263940967732378,-0.0641760188974808
5570,"heggarty2024",-6.07098899796163,-0.0361675719390065,0.0761634698138344,-0.103566987981921
5571,"heggarty2024",-6.1405235462859,-0.0234443455194372,0.0917983917211748,0.0225877947408387
5572,"heggarty2024",-5.92381791813168,0.0225570192694208,-0.00397979920978783,-0.160349356654499
5573,"heggarty2024",-5.63213138018529,-0.18532560892252,-0.0514949751122347,0.0680745645252745
5574,"heggarty2024",-5.92774064658276,-0.0834921516915197,-0.00740164136340923,-0.159363828363882
5575,"heggarty2024",-5.10487160157161,-0.117286145664644,0.178676638989663,-0.379202174216262
5576,"heggarty2024",-5.98440155255257,-0.168821960645741,0.0846112120541917,-0.210099601629289
5577,"heggarty2024",-5.71999900953089,-0.0548541972321062,0.0523694936543088,-0.232069131692221
5578,"heggarty2024",-5.97728426821268,0.0780313353927954,-0.0892286281387972,-0.0761375420697828
5579,"heggarty2024",-5.622822950138,-0.106008338277114,0.0107942506924678,-0.0311667033171487
5580,"heggarty2024",-6.09690286379438,0.017689467633194,-0.146872070067066,-0.0418978394746292
5581,"heggarty2024",-5.7882230457269,0.03046973426863,-0.102480702118962,-0.123403367765827
5582,"heggarty2024",-5.91884135131373,0.0546137919774373,-0.0611195203894675,-0.127519760463244
5583,"heggarty2024",-5.7810576756783,-0.027391043203751,0.100617333507488,-0.189799421534642
5584,"heggarty2024",-5.51811989245067,-0.023495682399219,-0.12635665246493,-0.183102511261869
5585,"heggarty2024",-5.90337659708428,-0.0410951052356363,-0.178505898173045,-0.282544256233383
5586,"heggarty2024",-5.88980445832542,-0.125656338216377,-0.0481629885346118,-0.215918199812697
5587,"heggarty2024",-6.35292707963565,-0.127314291334021,-0.0143957243771216,0.0352937345029307
5588,"heggarty2024",-5.74857416486586,0.0730363889539313,-0.00579201661358365,-0.154059850303479
5589,"heggarty2024",-5.81654117784591,-0.0541740530496264,-0.022264022095882,-0.185271439513594
5590,"heggarty2024",-6.21034339056357,0.018205982156733,0.0813044880505003,0.103197974311514
5591,"heggarty2024",-6.22345990236304,-0.1686155753793,-0.0477230395093022,-0.237130239908211
5592,"heggarty2024",-5.97627818794802,-0.0405846504355779,0.0701784244199139,-0.0536962143842283
5593,"heggarty2024",-6.02132013119762,-0.0657755447673485,0.063641398094574,-0.0532747392990405
5594,"heggarty2024",-6.4862579883139,-0.0394047672621511,0.0229349626102573,0.0413670123022766
5595,"heggarty2024",-6.00272581670534,-0.0981028358710669,-0.0615181918049841,-0.0873019363154611
5596,"heggarty2024",-5.84276169938168,0.0137106421712186,0.0881150237420391,-0.156931487151118
5597,"heggarty2024",-6.07156324596264,-0.0249549551410651,-0.137671220305864,-0.0478101447050622
5598,"heggarty2024",-5.78663999099347,-0.111779868572938,-0.0964780064405236,-0.143663582558562
5599,"heggarty2024",-6.043302721886,0.0558460469026172,-0.0586315728180081,-0.0646195000090833
5600,"heggarty2024",-4.9614171811848,0.00849836356826571,-0.146208734614525,-0.37053482941011
5601,"heggarty2024",-5.85926097786478,-0.0443940404637665,-0.00491530181793156,-0.0347722663793778
5602,"heggarty2024",-5.97018032582663,-0.103797786409871,0.0327644878536503,-0.0258021819271719
5603,"heggarty2024",-5.77934272507485,-0.0590687094086879,0.00834183402013464,-0.13411588758749
5604,"heggarty2024",-5.96975229579175,-0.0354456162239501,-0.0350481723529051,-0.0109772193846036
5605,"heggarty2024",-6.12757229142715,-0.169203171207624,-0.195819996385646,-0.114065299206099
5606,"heggarty2024",-6.0172643249938,0.0192217318359948,-0.165241109477315,-0.0416015983459556
5607,"heggarty2024",-5.73000908152859,-0.00175384960501596,-0.034227905126594,-0.226636646872148
5608,"heggarty2024",-6.6182358066711,-0.0960127300582024,-0.0137344042240231,0.022722165980323
5609,"heggarty2024",-6.79354070924343,0.0192077902880571,-0.074739381161015,-0.0931873015206292
5610,"heggarty2024",-5.71454645379641,-0.0498728332323443,0.0510596426696521,-0.0653676932041572
5611,"heggarty2024",-6.00480534110144,-0.0454587471777127,-0.010570455415054,-0.00580854093733624
5612,"heggarty2024",-5.69622759067428,-0.0214357788746665,0.0290528144910936,0.0627787448757544
5613,"heggarty2024",-5.78955450148643,-0.027362441235657,-0.0479603912072945,-0.0945488886234123
5614,"heggarty2024",-6.04532336874035,-0.0587171324386873,-0.0456978591075837,0.0161900070437712
5615,"heggarty2024",-5.88440020038942,-0.0156016377061595,0.0935691352459262,-0.150630828554855
5616,"heggarty2024",-5.68805645664961,0.0834128025793287,0.122936077936138,-0.0426888733779576
5617,"heggarty2024",-6.12728354215404,-0.0328923757958982,-0.0782602276659267,-0.0751446470146246
5618,"heggarty2024",-6.21228125321758,0.0294123957881865,-0.107927991670075,-0.0923454530102624
5619,"heggarty2024",-6.25067626882342,-0.157092737285211,-0.185258495524522,-0.01185649387614
5620,"heggarty2024",-5.94526299031461,-0.0274991706187402,0.0366757224125825,-0.0419549289358966
5621,"heggarty2024",-5.97960943379002,-0.110516795724133,0.011031795178309,0.0561902433954753
5622,"heggarty2024",-6.04109176050273,0.0452186298529316,-0.120700753532282,-0.131005843991105
5623,"heggarty2024",-6.42678789288957,-0.1039402135098,-0.040369072532923,-0.0423743386070981
5624,"heggarty2024",-6.16988523081223,-0.0322299277912346,-0.112033002559706,-0.0653234423943498
5625,"heggarty2024",-5.65617471373707,-0.0879913188403431,0.0606359899345745,-0.133066157492604
5626,"heggarty2024",-5.435654601855,-0.0186384576948889,-0.0467117422067162,-0.224857601089074
5627,"heggarty2024",-6.05920821746561,-0.108662897658829,0.0443612883963037,0.00561481410714411
5628,"heggarty2024",-6.15871311554856,-0.0794448179665731,0.0611408575041429,-0.0931494943486073
5629,"heggarty2024",-6.59300643280559,-0.142162654572506,-0.258176724732886,-0.215618731567926
5630,"heggarty2024",-6.1638914351026,-0.185096794197839,-0.0647358041801485,-0.127092678856754
5631,"heggarty2024",-6.29253468576789,-0.0131178811574538,-0.00433227312604554,0.0486345271241791
5632,"heggarty2024",-6.2481013882889,-0.0524916385271191,-0.00481735296887491,-0.0385734169361364
5633,"heggarty2024",-5.84525291967515,0.089305253399401,-0.0171068648885479,-0.183295980630486
5634,"heggarty2024",-5.48997944665393,0.0584523728962843,0.00153380436437064,-0.0443964346261542
5635,"heggarty2024",-5.92569225238531,-0.118624119897554,0.0235684080928437,-0.093488030159664
5636,"heggarty2024",-5.95135624492915,-0.0449453327044472,-0.00766505783387038,-0.0209974486791635
5637,"heggarty2024",-6.04772953099718,-0.133052191149504,-0.0922763945716624,-0.0718941701820191
5638,"heggarty2024",-5.61132473059314,-0.0995080882411274,-0.0811136818508025,-0.0732086848828006
5639,"heggarty2024",-6.13609403593147,-0.0844172904199609,0.15796750641265,-0.0393624678364973
5640,"heggarty2024",-5.83478474619383,0.00110335049131329,-0.0177569792458749,0.0073757261946436
5641,"heggarty2024",-5.97693171695255,-0.000606299572880834,0.0968881727712231,-0.0317407015550194
5642,"heggarty2024",-6.19755173805869,0.0352661317302693,-0.0249818506926304,0.0285507401633511
5643,"heggarty2024",-6.27894493335445,-0.1223905541054,0.0743374912611456,-0.187910978641281
5644,"heggarty2024",-5.69680288357674,0.0252789694868071,0.00840308145667276,-0.0725610617146004
5645,"heggarty2024",-5.73664729946939,-0.00385516222095268,-0.049893225418551,-0.0629960946206761
5646,"heggarty2024",-5.52625534554125,0.0203799802668202,-0.00705186666176771,-0.182678621887098
5647,"heggarty2024",-5.72597915699421,-0.00304325637724002,0.00650990957518645,-0.149652162232565
5648,"heggarty2024",-5.82725725926306,-0.0428885718946464,-0.0378284827710166,0.0322711362400565
5649,"heggarty2024",-5.85769840485508,-0.0781398142667834,0.0458337932929315,0.0942680570003859
5650,"heggarty2024",-5.83630214418466,-0.0394281194242755,-0.0398569724126749,-0.244857424894816
5651,"heggarty2024",-6.24966974040965,-0.160447881686346,0.0666114815976274,-0.166336708814828
5652,"heggarty2024",-5.7736591793926,-0.237834483726043,-0.0563402359257978,-0.0587445545442897
5653,"heggarty2024",-5.95456795426559,-0.0415610647303448,0.0305668159016169,-0.00981488420266028
5654,"heggarty2024",-5.90553415884201,0.0257552905994585,-0.0650241842706324,-0.104604117496375
5655,"heggarty2024",-7.27772748602953,-0.076722045267421,0.0297432364939882,0.0364021206947361
5656,"heggarty2024",-5.67582194528254,0.0734456548199696,-0.0479401628013922,-0.0716411811764287
5657,"heggarty2024",-5.53014423915639,-0.051189448020337,-0.00270285457887665,-0.279262084291405
5658,"heggarty2024",-6.18012723079574,-0.0903953479628727,0.00765057407526155,0.0296059444094642
5659,"heggarty2024",-5.80576011776323,-0.060058938480204,-0.108421148260551,-0.0813216250351015
5660,"heggarty2024",-5.79810868437647,-0.114398390414056,0.00831953877735222,-0.128290381012732
5661,"heggarty2024",-5.79652756303262,-0.0923202005731736,0.0290258102961935,-0.0640149819872271
5662,"heggarty2024",-5.73910637249459,-0.0496192732509558,-0.110731152103628,-0.155899042899561
5663,"heggarty2024",-5.56715954576258,-0.00720880353544841,0.0440346015984206,-0.26197687408392
5664,"heggarty2024",-6.03298755036808,-0.0679826224330109,0.00319603564514729,-0.0288010997368723
5665,"heggarty2024",-6.43088728698608,-0.0488168833009303,-0.0527146099543852,-0.0841393090594913
5666,"heggarty2024",-6.07420429611002,-0.00024189515126162,-0.156726977943118,-0.181624454067884
5667,"heggarty2024",-5.79173012362894,0.0295356503711877,-0.250255104143903,-0.198546486766032
5668,"heggarty2024",-5.98278671105892,0.00452564832577279,0.0427850080296002,-0.0322617906751605
5669,"heggarty2024",-5.86827906684742,-0.186339270932648,-0.0475193863990641,-0.0467531162001087
5670,"heggarty2024",-6.17613460761583,-0.0940302311086036,0.0436902001805107,-0.124902248546008
5671,"heggarty2024",-5.94545703276464,-0.045297290263147,-0.0883840256773221,-0.149768127197324
5672,"heggarty2024",-6.37967627516958,-0.0390084480867872,-0.0574083902063977,-0.0560834849636982
5673,"heggarty2024",-5.84859804090952,0.0155670032732783,-0.0305408038997419,0.0484505613636064
5674,"heggarty2024",-6.1191149991167,-0.0281614297060725,-0.105240398739265,-0.136433621594345
5675,"heggarty2024",-5.84727341904374,-0.0954881348363035,0.0333991672970297,-0.0978109494670059
5676,"heggarty2024",-6.08984748448441,0.0915978991597342,0.110262095862707,-0.186978079995912
5677,"heggarty2024",-5.72349604802507,-0.0427809392991069,-0.0343246321500981,-0.210130223099631
5678,"heggarty2024",-5.60466719133898,0.125015930725213,0.006178748774026,-0.132610709473147
5679,"heggarty2024",-6.04468628397696,-0.0520421392852536,-0.080346381866617,-0.173525438695761
5680,"heggarty2024",-5.92734789896696,-0.134727027513769,0.0300798412446003,-0.144850739287342
5681,"heggarty2024",-5.94226972770723,0.0283952327579955,-0.118536083904991,-0.164251370073265
5682,"heggarty2024",-6.05868404930585,-0.109644845671097,-0.073275883347054,-0.165014015646142
5683,"heggarty2024",-5.60518346796004,0.0352035421784633,0.0722591867957572,-0.11028601845397
5684,"heggarty2024",-5.74525194881817,0.0876973091389546,-0.175670618909185,-0.168869240592341
5685,"heggarty2024",-5.93172098539679,-0.00829614673797889,0.0357969507351487,0.110530403105481
5686,"heggarty2024",-5.9376239156923,-0.0802149032182829,0.0929156460322265,-0.0955381055838422
5687,"heggarty2024",-5.99713898909422,0.106974752023212,0.0658457527720912,-0.00442371814059443
5688,"heggarty2024",-5.81995596283953,-0.0820771248867003,-0.0891007222042535,-0.113410586916378
5689,"heggarty2024",-5.7232916262879,0.0272482616819121,0.0656866468925332,0.0388955515011789
5690,"heggarty2024",-5.75571270705977,-0.0519175382406589,-0.0642346885942137,-0.134423608000571
5691,"heggarty2024",-5.88499532053127,0.0483191047556102,-0.0686911228380644,-0.0348137553369672
5692,"heggarty2024",-5.66068662109715,-0.106227768574062,0.0485926828140762,0.0859016152487542
5693,"heggarty2024",-6.09581858104139,0.0535309280102733,0.0997848299680746,0.0307538348515904
5694,"heggarty2024",-6.3546260987772,-0.0399292688454208,0.0396706701455118,-0.0416407085476835
5695,"heggarty2024",-6.32596613075179,-0.0877839359857049,0.0371124059707397,-0.0111121654190375
5696,"heggarty2024",-5.85543801229348,-0.00555019266988511,-0.0646894914761445,-0.119699391536006
5697,"heggarty2024",-6.00059693016092,-0.0143672630815912,-0.0545125970497917,-0.191057324756261
5698,"heggarty2024",-5.89364228427738,-0.00414150856143894,-0.0492923042312629,0.0349123179734586
5699,"heggarty2024",-6.22140485051754,0.0753442983222404,-0.140679387709495,-0.00943021367869613
5700,"heggarty2024",-6.18278737386445,0.0300649563329583,-0.114205265303529,0.0959755152521173
5701,"heggarty2024",-5.78275961172829,-0.0513199441262003,0.000257757202222635,-0.0913777410124728
5702,"heggarty2024",-5.91913734366016,0.168128824628804,-0.0560127055697783,-0.102419233958647
5703,"heggarty2024",-6.03944340139866,0.00513487890715131,-0.0545195817761671,-0.00586064690224592
5704,"heggarty2024",-6.05857162393973,-0.0572278495759029,-0.0775975316235278,-0.0918168563426461
5705,"heggarty2024",-5.88581772287752,-0.0195179727820322,-0.0253159123410513,-0.158311842371106
5706,"heggarty2024",-5.99663379455452,0.0232314080865568,0.104918523244793,-0.140134140543578
5707,"heggarty2024",-5.94047641722054,-0.028977850222998,-0.0372023263752736,-0.113471833671861
5708,"heggarty2024",-6.04746550344218,-0.0520096499249708,0.0635654204203558,-0.00541699518170696
5709,"heggarty2024",-5.6973746273213,-0.105844039264276,-0.0785225135917891,-0.0852223459128973
5710,"heggarty2024",-5.76901965268589,0.126416208664325,-0.105830136235792,-0.105537779690414
5711,"heggarty2024",-5.78178590413229,0.00111826789438187,0.0159106274746585,-0.156338735242163
5712,"heggarty2024",-5.78796989478686,-0.123763952341516,-0.0352788569335644,-0.20439797517036
5713,"heggarty2024",-5.56607777603636,-0.208156627791583,0.0847254695184668,-0.0240171094207051
5714,"heggarty2024",-6.61980264168265,-0.0428294759353552,0.0696884091496365,-0.080542027825371
5715,"heggarty2024",-5.91694725261645,0.0775641771415464,0.108321747608017,0.0313522233425586
5716,"heggarty2024",-5.97318559698187,-0.122248957085336,0.0570646528191901,-0.0250865626824922
5717,"heggarty2024",-6.0691750374569,0.148200702965425,0.0416225974326998,-0.0607035920507598
5718,"heggarty2024",-5.94498193349759,-0.0982125839495428,0.120139081492295,-0.0950967591651376
5719,"heggarty2024",-5.88935672587121,-0.0264390866220169,0.0512326355267524,0.00804822765104416
5720,"heggarty2024",-5.57627887450661,-0.0960251364650681,0.0597169342188753,0.00872296941444686
5721,"heggarty2024",-5.97428976882898,0.0622093542616288,-0.0608105467942977,-0.0537487707935144
5722,"heggarty2024",-5.77965152826702,0.0739023669128431,-0.0660849660826909,0.0157454905216543
5723,"heggarty2024",-5.94349002789774,-0.0113523087415636,-0.101542772090816,-0.0525781682042038
5724,"heggarty2024",-5.8257306482023,-0.0798486211230777,-0.0786362830500974,-0.128925500646232
5725,"heggarty2024",-6.1098886359246,-0.150030975719785,0.0327081695105671,-0.0529774716066655
5726,"heggarty2024",-5.82964048568527,0.00654798699618543,-0.0743008073883881,-0.0769313489842424
5727,"heggarty2024",-5.66973978783918,-0.0627484159136093,-0.0132021598885559,-0.199411146009135
5728,"heggarty2024",-5.81815631699702,-0.0626798269333507,0.105740623404201,-0.0373886431883636
5729,"heggarty2024",-6.01910753249341,-0.109020681939683,-0.098150365355083,-0.0641292348505798
5730,"heggarty2024",-5.97351271071691,-0.0313479644251079,0.0714188133106855,-0.0376227630029614
5731,"heggarty2024",-6.0604981553274,-0.0276620889644364,0.0976971315218336,0.0514080489130822
5732,"heggarty2024",-6.02582422442511,-0.154308524042741,-0.0480800999908826,-0.113502137751866
5733,"heggarty2024",-5.78629968326802,0.0828061268459813,0.128061295360914,0.0585785469956375
5734,"heggarty2024",-6.19798709388866,-0.0333335559151659,0.152876911097599,-0.0621763045029027
5735,"heggarty2024",-6.07575296881393,0.0189594351362325,-0.0419899151955384,-0.0635349723617055
5736,"heggarty2024",-6.25346657876308,-0.100401736651292,-0.0402281239252944,-0.0512924336783721
5737,"heggarty2024",-6.36578256046283,-0.216720109554601,-0.134654513386846,-0.0867420506354757
5738,"heggarty2024",-5.71294870173481,-0.0676757813922173,0.0855581032853246,-0.0736972211205936
5739,"heggarty2024",-5.9144831857546,0.108727650864824,-0.0171476073686575,-0.159239824081609
5740,"heggarty2024",-5.52122637327833,0.173113097308385,-0.170592247654706,-0.225800108060966
5741,"heggarty2024",-5.85743703585909,-0.00530695359759414,0.0153744275574128,-0.011838582890842
5742,"heggarty2024",-5.86421054616287,-0.041020377739848,-0.0451495639315645,-0.159421391030156
5743,"heggarty2024",-6.27446544461731,-0.00974541675103804,-0.177784336550032,-0.0965891140087829
5744,"heggarty2024",-5.71646582392502,0.042784267518898,-0.0556973758960274,-0.0879687928071008
5745,"heggarty2024",-5.75877078905942,-0.125074583656175,0.208338184620589,0.00314505974290653
5746,"heggarty2024",-5.60258250781944,-0.0691651541342976,-0.0293654362496403,-0.0535289731978721
5747,"heggarty2024",-5.97050337768644,0.00714875493729302,-0.00793401503395133,-0.0337509320020743
5748,"heggarty2024",-6.27816794435754,-0.0192379347336601,-0.0982294560602136,-0.156595823780944
5749,"heggarty2024",-6.02196734318338,-0.115615432840091,0.0486748056870906,-0.254154359038462
5750,"heggarty2024",-5.890794254973,0.035672864272685,-0.108180499580448,-0.0982531729837953
5751,"heggarty2024",-6.05458488254926,-0.0160183447627077,0.0823470504607595,-0.0623941119430911
5752,"heggarty2024",-5.76985866213081,0.0805424007791056,-0.0915975124676726,-0.0762940048392172
5753,"heggarty2024",-5.65308117116562,-0.0122904830684919,-0.0908139126449468,-0.136341718555203
5754,"heggarty2024",-5.76269592744792,-0.0476930895248291,-0.00524912324035328,-0.105307702927182
5755,"heggarty2024",-5.76975153845769,0.0582469014056751,-0.0491773968220173,-0.0960533699522708
5756,"heggarty2024",-5.90313660546107,-0.0100215179604567,0.01456319111366,-0.113143712999456
5757,"heggarty2024",-6.0232542527598,0.0945809989791734,-0.00623023601073403,-0.0624447237704294
5758,"heggarty2024",-5.89061394380454,-0.164565239290475,0.103582380835713,0.015302615838986
5759,"heggarty2024",-6.398030955714,-0.0616226935368561,-0.00606536219888146,-0.0607416299557544
5760,"heggarty2024",-5.66636164654794,-0.110794080728747,0.105031601891775,0.000602100300922884
5761,"heggarty2024",-5.7718792431825,-0.195519084167058,0.119868002838858,-0.0332938336873329
5762,"heggarty2024",-5.56868382312141,0.0114042598539185,-0.0409387026802325,-0.0140085170021299
5763,"heggarty2024",-5.932129811107,0.0568361052800868,0.105794549512679,-0.0613563468346765
5764,"heggarty2024",-5.57445713521962,0.0542390034114735,0.0198285405009426,-0.069880691828818
5765,"heggarty2024",-6.12818310726155,-0.0788418232491345,-0.00685973890984264,-0.0037973598520757
5766,"heggarty2024",-5.82243531109831,-0.0469635443469282,-0.0147817262780395,-0.0664843303389065
5767,"heggarty2024",-5.52269469850525,-0.0113134141391096,0.0226462739956311,-0.00894803527313436
5768,"heggarty2024",-5.60530542530955,-0.119441483180823,-0.0463343467094082,-0.122288359735413
5769,"heggarty2024",-5.93770657018112,-0.0732882283448106,0.00350681245845151,-0.224621950600989
5770,"heggarty2024",-6.0317099291718,-0.0365715446826759,-0.106812836835215,-0.0355755033807063
5771,"heggarty2024",-5.72476454047276,-0.0433466531309262,0.0206763705973347,-0.164582060267418
5772,"heggarty2024",-6.44618433980842,0.0334530892654102,-0.0256130895288989,-0.0641683866969152
5773,"heggarty2024",-5.75472299021025,0.00411469998113278,0.0285623702253002,-0.0907677135327702
5774,"heggarty2024",-5.61518420939727,-0.126960616506755,0.0626360438534731,-0.229874520433899
5775,"heggarty2024",-5.927760083911,-0.0534998926138335,0.0141251105080966,-0.253121850082602
5776,"heggarty2024",-5.59621289672907,-0.027261853541072,0.019449965753336,-0.078313578141174
5777,"heggarty2024",-6.01619146596317,-0.172874203183001,0.105303200175289,-0.0585363906794725
5778,"heggarty2024",-5.78576865783635,-0.0972847953790858,-0.0209296525309381,-0.0179816305911904
5779,"heggarty2024",-6.0596782795513,-0.0874402503020981,-0.175892415596306,-0.0356990888052645
5780,"heggarty2024",-6.28647986786854,-0.0331930094911383,0.0127681410671626,-0.0195643390349391
5781,"heggarty2024",-5.76038334850556,0.0630393620689804,0.086491502699719,-0.0285304005103569
5782,"heggarty2024",-5.72344359368546,0.0309129506308156,-0.114972722615467,0.0141674473858025
5783,"heggarty2024",-6.22839915910582,-0.107167234894617,0.119162559116067,0.0371165024958771
5784,"heggarty2024",-6.01075282904337,-0.048459355965895,-0.108576253864185,0.0191752180103054
5785,"heggarty2024",-5.80874098437244,-0.0604774719536106,-0.0216071109317428,-0.0364632896412887
5786,"heggarty2024",-6.24852156064272,-0.0115568303901651,-0.0448227465666487,-0.0759848839125706
5787,"heggarty2024",-5.75578809917106,-0.129175857559924,-0.0850607657189934,-0.0147448741156921
5788,"heggarty2024",-5.93938696880639,0.0348463462941379,-0.054476377459008,0.0141742409508237
5789,"heggarty2024",-5.97634293624856,-0.100860257591817,0.0172919028007975,-0.129323198679347
5790,"heggarty2024",-5.91305463546273,-0.0576459048394402,-0.144990338814193,-0.0174414823643236
5791,"heggarty2024",-6.316161484636,0.0324702097015503,-0.0790014127318087,-0.179152036656224
5792,"heggarty2024",-5.50997660309835,-0.0136184483452848,-0.0103445495748277,0.00267733331079862
5793,"heggarty2024",-6.50042772481929,0.0463961503346865,0.0828187597268767,0.00765223634655194
5794,"heggarty2024",-5.72611231609658,-0.00384937515916691,-0.0682719454475597,-0.232512005159159
5795,"heggarty2024",-6.19405989586993,0.109427776176316,-0.0266752704125931,-6.02329862521574e-05
5796,"heggarty2024",-6.32635562726671,-0.0866952275572114,-0.129796989750539,-0.188068278817203
5797,"heggarty2024",-5.74468947236885,-0.0228188091249819,0.0578905768764399,-0.1159207604344
5798,"heggarty2024",-6.06178560238128,-0.0299249466449486,-0.0978904320786994,-0.0546738695816166
5799,"heggarty2024",-6.0429123461017,0.0577301895197397,0.0665990775942157,0.0195467545856966
5800,"heggarty2024",-4.51788627981726,0.0114006908667338,-0.0242777360149815,0.0584928553846934
5801,"heggarty2024",-5.87332171963632,-0.0901096378696646,-0.18170262691518,-0.12318918920642
5802,"heggarty2024",-5.93299557068193,-0.0281600179686095,-0.0600437983365816,0.000185653784274458
5803,"heggarty2024",-6.10168645254701,-0.0616806205348934,-0.0572860899332061,-0.173431893042265
5804,"heggarty2024",-6.07857587559866,-0.0286214490864093,0.0404060982458804,-0.169312263180346
5805,"heggarty2024",-5.91717385696005,-0.108666449429597,0.0108928535158857,-0.0399143922331828
5806,"heggarty2024",-5.76050367945539,-0.0347178988174974,-0.126462440738355,-0.146342987020656
5807,"heggarty2024",-6.24849210581372,-0.140820116271894,-0.0444821821481359,-0.112989466592698
5808,"heggarty2024",-6.25911924863123,0.00964745438095655,0.102006846019428,-0.025441781924096
5809,"heggarty2024",-5.9717558426939,-0.0650011820274569,0.0539731580581165,-0.132337304292863
5810,"heggarty2024",-6.17722128738336,-0.133461626051459,0.0529851384898717,0.0104095049743328
5811,"heggarty2024",-6.1144995543144,0.0113522953049262,-0.0248846692964908,0.056982785919924
5812,"heggarty2024",-5.98830810089952,-0.103015007630987,0.0872957395098207,-0.0898791994853434
5813,"heggarty2024",-6.05225988551049,-0.0246783436033399,-0.0875843692408838,-0.153054402449664
5814,"heggarty2024",-5.7751007044724,0.0576478885647603,0.130701768549938,-0.0259504553109289
5815,"heggarty2024",-5.74098291846563,-0.113502599998302,0.0071045929283161,-0.145592209103463
5816,"heggarty2024",-5.89017620931386,-0.0101110614420594,0.00401718637800919,-0.184511526579323
5817,"heggarty2024",-5.9269798022912,-0.000429967852433565,-0.133913216277191,-0.0691241912985084
5818,"heggarty2024",-6.27941399143725,0.0326561194824682,-0.0195548444274653,-0.0216915813209538
5819,"heggarty2024",-6.02386134812899,-0.127817188184445,0.0321715846623837,-0.169167428761409
5820,"heggarty2024",-5.69764608667728,-0.0433063997386544,-0.0222440439154641,-0.0313604741600774
5821,"heggarty2024",-5.90029798080902,0.0717645122560087,-0.131408132260068,0.00717202593778756
5822,"heggarty2024",-5.90374533370491,-0.00294190289869204,-0.119854221204004,-0.163417850282303
5823,"heggarty2024",-6.09107181832759,-0.0720122574429923,-0.0532970835341411,-0.0984766578662525
5824,"heggarty2024",-6.15156996074534,-0.121249730187971,0.0639215398747315,-0.067716720522961
5825,"heggarty2024",-6.19432996035891,0.0983127418189052,-0.132823934923265,-0.152647340554673
5826,"heggarty2024",-5.9819450716843,0.144895164115675,-0.0756435273352912,-0.197432035230511
5827,"heggarty2024",-5.69861917445806,0.0117725338865585,-0.000105720005534975,-0.0511288320009441
5828,"heggarty2024",-5.94810181612285,0.0188973160937983,-0.0110624744104394,-0.0475878446684022
5829,"heggarty2024",-5.80163193869525,0.0302229256326666,-0.0644786895252727,-0.109822320150952
5830,"heggarty2024",-5.40163637736336,-0.0343058773801788,0.00189536375255121,-0.118339781262544
5831,"heggarty2024",-5.87477019390129,0.0062699461938207,-0.145559705898012,0.006347024451487
5832,"heggarty2024",-5.48274966398662,-0.100675767741091,0.0846199555630255,-0.0809612371012522
5833,"heggarty2024",-5.52027932356032,-0.0836883140855083,0.00484900103755563,-0.0167579561635632
5834,"heggarty2024",-5.72427642107545,-0.0028752397382821,0.0594082818696934,-0.16141684813849
5835,"heggarty2024",-5.69089339186853,-0.0266373505554086,-0.143426084540751,0.0849288380821824
5836,"heggarty2024",-6.13933748385636,-0.0598241003039306,-0.0565292702160065,-0.113599807716729
5837,"heggarty2024",-5.83970061632063,-0.0891169046059207,-0.00424057686251398,-0.075820510024404
5838,"heggarty2024",-5.80765443450731,0.00714208283877764,0.054071865586883,-0.136407716815114
5839,"heggarty2024",-6.16451229654551,-0.0424481126935023,0.00814002061729869,-0.0855378367683464
5840,"heggarty2024",-6.00868027689956,-0.111788931428405,0.00420492306524832,-0.0918610465858832
5841,"heggarty2024",-6.10811372543154,-0.0625817304626839,-0.143542612405097,-0.00997525364597857
5842,"heggarty2024",-5.88021566694477,-0.0479083775225222,0.051178718785083,-0.176217232071133
5843,"heggarty2024",-6.39655453354068,-0.039344020936546,-0.155155777735405,-0.0568794869849189
5844,"heggarty2024",-5.78668187090196,-0.132983541911667,-0.00838002041611562,0.0264118325374167
5845,"heggarty2024",-6.08016311615039,0.0864922200274184,0.0219377566827799,-0.0521953858692576
5846,"heggarty2024",-5.79364535797491,0.0240873870380037,-0.000124405967662654,-0.0645803582259779
5847,"heggarty2024",-5.74446717494034,0.107956413832457,-0.0147945448450131,-0.0594994801791949
5848,"heggarty2024",-5.67321934886298,-0.0864911929025341,-0.067243160452379,-0.123814204996708
5849,"heggarty2024",-6.44213014573135,-0.171847998909062,-0.0829327074942751,-0.168078977108929
5850,"heggarty2024",-5.66867125069466,-0.0207926616174793,-0.0119159850680411,-0.198405505932585
5851,"heggarty2024",-5.75521158844501,-0.0250593294372236,-0.0226800406965582,-0.0311212526390226
5852,"heggarty2024",-6.20327075266544,-0.184200078324655,-0.109915795282984,-0.129378323865503
5853,"heggarty2024",-5.80132803705311,-0.0709176916467245,-0.0651873816082208,-0.0445154610917948
5854,"heggarty2024",-6.05350477053829,-0.0427110024762412,0.0806781771842868,-0.0823883047657992
5855,"heggarty2024",-5.61442453687803,0.119387728951406,0.0398844614497527,-0.122449346821254
5856,"heggarty2024",-5.4833497140422,-0.0175283789824497,0.0979631295305275,-0.0329397315880986
5857,"heggarty2024",-6.05601277896328,-0.0336155757733919,0.0902038620765381,-0.0875284103564204
5858,"heggarty2024",-5.84002533232226,-0.00638244824806857,-0.0997131774823563,-0.161396685615529
5859,"heggarty2024",-5.72647894930098,-0.0752560410506015,-0.0797556733859414,-0.0922868459314032
5860,"heggarty2024",-5.79247227694274,0.001290008415385,-0.0960587942826258,-0.0372291099073362
5861,"heggarty2024",-5.88098935370569,-0.0909096809203871,0.0849979012972363,-0.0455340433787791
5862,"heggarty2024",-5.4380047991385,-0.10179405876926,-0.0448520349754039,-0.048239189752526
5863,"heggarty2024",-5.81154030447239,0.0522571278807579,0.0262037359130462,-0.0675431278719311
5864,"heggarty2024",-6.02982683152319,0.0351083692627843,-0.00250986018788064,-0.105705257929565
5865,"heggarty2024",-6.1908862235488,0.0304985714170883,0.0872218933016332,-0.0351203838220298
5866,"heggarty2024",-5.84487855872222,-0.0876687373531295,-0.0745670667132909,-0.0538458747463537
5867,"heggarty2024",-5.89686928584121,-0.0610274045810774,-0.0298696831571735,0.00973259278581256
5868,"heggarty2024",-5.76531357222795,-0.140121091501845,-0.0722507271752851,-0.193390052230433
5869,"heggarty2024",-6.14761217858388,0.12075007915657,-0.0284516264291045,-0.114004362878488
5870,"heggarty2024",-5.70692485795428,-0.0690467781827827,-0.0361907067438163,-0.0475450313928462
5871,"heggarty2024",-6.12865048155684,-0.0486786396931028,-0.0110249767776807,-0.0432044719546074
5872,"heggarty2024",-5.59413144556536,-0.0581910713898505,0.0670613689411314,-0.110785003581598
5873,"heggarty2024",-6.09795704280453,0.0597504620528287,-0.083605346804095,0.0205338980052553
5874,"heggarty2024",-6.2202576962977,-0.00315359260914165,0.0363076252110567,0.0537614037697413
5875,"heggarty2024",-5.83851580813826,0.0830365811386457,-0.100974969733666,0.0242035841777036
5876,"heggarty2024",-5.99315094586153,-0.0358756832698194,-0.141215004821689,-0.238790014818394
5877,"heggarty2024",-5.97118027396454,0.0178166365889372,-0.136342181150991,0.0130358266944444
5878,"heggarty2024",-5.88393153881981,-0.0828878037491627,0.0458089026898836,-0.0711290331145248
5879,"heggarty2024",-5.94798292169379,-0.198921875319676,-0.0172352679865147,0.0347357466957622
5880,"heggarty2024",-5.76183834612715,-0.0553798902602545,-0.0228897251338325,-0.206533697619905
5881,"heggarty2024",-5.83210575172377,-0.0435695076315146,-0.0609119155560548,-0.115298607323262
5882,"heggarty2024",-5.83974918452079,-0.0215140117689787,-0.199612030749447,-0.197044009591346
5883,"heggarty2024",-5.81677275083913,-0.0231540107067527,-0.0818379521827462,-0.0711963596989999
5884,"heggarty2024",-6.50310554526307,-0.0437054475676796,-0.0350557604177934,-0.136566222012596
5885,"heggarty2024",-5.81751892717657,-0.0984414560423854,-0.0109599129286008,-0.138864508083211
5886,"heggarty2024",-5.96687736116286,0.0156270193853336,0.000611135697825317,-0.131976532728409
5887,"heggarty2024",-5.64242325355813,0.00469875066020997,-0.0832275400789412,-0.0933345368646129
5888,"heggarty2024",-5.74129327017551,-0.0967958696999799,-0.0504367711768019,-0.160811213310566
5889,"heggarty2024",-6.39949223232752,-0.0169203351643825,-0.0404657020103752,-0.0670929064903403
5890,"heggarty2024",-5.68744161526952,-0.0175758042848204,0.0478518903989823,-0.00233287929307229
5891,"heggarty2024",-5.83680129409709,0.0962315978763487,-0.0289609845029404,-0.153733255674556
5892,"heggarty2024",-5.85757864215016,0.0262607860344147,-0.0250851025345243,-0.127056324254983
5893,"heggarty2024",-5.89734711732905,0.0182757792056853,-0.0353928237545793,-0.0572943935163479
5894,"heggarty2024",-5.88144184577803,-0.0225020820999514,-0.0888181146947126,-0.150226652873533
5895,"heggarty2024",-5.73555517602453,-0.0238709712666471,0.040185714933166,-0.176179560103286
5896,"heggarty2024",-5.67873426749915,-0.0130092701710061,-0.012008507404505,-0.0316435738905276
5897,"heggarty2024",-6.06020820081111,-0.0351416603385497,0.0309043151428453,-0.271877411587235
5898,"heggarty2024",-6.10476229457481,0.11974619673057,0.0792679704572204,0.0824105754016893
5899,"heggarty2024",-5.86436733426146,0.0134796269101784,-0.154194933955674,-0.0629829511721825
5900,"heggarty2024",-5.86226066851248,-0.0572788805213274,-0.0245075827487971,-0.117341841152658
5901,"heggarty2024",-5.76100829493843,0.000371386326770031,0.0287253396578273,-0.109010950526854
5902,"heggarty2024",-5.89935481207609,-0.0571818490785989,-0.0504545168587212,-0.113429217023761
5903,"heggarty2024",-6.15439936925968,0.117809105658316,-0.0557265399986685,-0.0664499542572308
5904,"heggarty2024",-5.77459406720674,0.0507013626974339,0.0960006146594524,-0.174717208915588
5905,"heggarty2024",-6.12916507667436,0.0369401046890156,-0.052558162600057,-0.127374972367064
5906,"heggarty2024",-5.85682094792681,0.0386274789622509,-0.0258526033914311,0.000782921485295023
5907,"heggarty2024",-5.49376816032393,-0.0954369988782973,-0.0365357698699862,-0.185702763001747
5908,"heggarty2024",-5.69818382803872,0.0761042186737929,0.0180776116829477,-0.149626340195347
5909,"heggarty2024",-5.44109036484324,-0.00705788880345386,0.105707594334189,-0.103653286890921
5910,"heggarty2024",-6.01524613702719,0.0362915819169159,0.0357873749306074,-0.0665931471969179
5911,"heggarty2024",-5.78959368885556,0.00249516789768327,-0.0161110130273794,-0.0938506534872423
5912,"heggarty2024",-6.00339535919781,-0.112785452138918,-0.0634759823823522,-0.0551367719129135
5913,"heggarty2024",-5.91376246232676,-0.0768787244115029,0.0222952353605914,-0.110675476669436
5914,"heggarty2024",-6.004329732457,-0.0147713240136647,0.0123608431653723,-0.129630116039827
5915,"heggarty2024",-5.66377726227821,0.0557003693101194,-0.0797796625326584,0.0542998005004215
5916,"heggarty2024",-6.0850042471084,-0.0994375850933664,-0.0427790720223072,-0.0912427454605062
5917,"heggarty2024",-5.89857407171507,0.0954926475613091,-0.08512139026096,-0.0216662013627624
5918,"heggarty2024",-5.80047196710234,0.0734761115548482,-0.0204122281405409,-0.114467748418696
5919,"heggarty2024",-6.14062050588331,-0.106641427288069,-0.0547511905307075,-0.0816545523022304
5920,"heggarty2024",-5.87795472088244,0.012446378219193,-0.0614333088506121,-0.0644926546115243
5921,"heggarty2024",-5.68599023318017,0.151070008402842,0.0388227680536601,-0.0930410938555131
5922,"heggarty2024",-6.89356692606947,-0.0881827356964152,0.0582459121561787,-0.225831621107786
5923,"heggarty2024",-5.80033629702607,0.0481095907920854,0.128856128542632,-0.0746190588928632
5924,"heggarty2024",-5.78873015172284,-0.079649092105244,0.00716370991834819,0.0325451596415451
5925,"heggarty2024",-5.85476833072244,0.00171450279212945,-0.0819944740169289,-0.0779733979925585
5926,"heggarty2024",-6.38214132603304,-0.14175195686471,0.0293226675613347,-0.167380874129524
5927,"heggarty2024",-5.75752908916276,-0.0919308852237166,-0.0958055964518602,-0.0841169548611383
5928,"heggarty2024",-6.02218215652706,0.0308856563078318,-0.151933137938799,-0.0988662673645746
5929,"heggarty2024",-6.53786929171903,-0.0689148927348681,-0.174104911991451,-0.187148085162589
5930,"heggarty2024",-6.27645391294043,-0.0239957911727454,-0.0208199371595576,-0.101772937943286
5931,"heggarty2024",-6.03812350036725,-0.0295439782415451,-0.0653692317656772,-0.124455451451132
5932,"heggarty2024",-5.59124201580712,-0.0465069761879466,-0.255329665123898,-0.162729234623227
5933,"heggarty2024",-5.98977930972226,-0.0860696099050924,0.0501797247584162,-0.164575182883569
5934,"heggarty2024",-6.13975196629817,-0.00674028116044828,0.0115107036247499,2.75721234659968e-05
5935,"heggarty2024",-5.97496969360741,-0.0862411333795104,-0.0927503361070066,-0.126312300540134
5936,"heggarty2024",-5.93382523360873,0.0325416928146076,-0.171770848044293,-0.0860398173711868
5937,"heggarty2024",-5.91925946353659,-0.10456689638282,-0.0201786118359996,-0.225115279354181
5938,"heggarty2024",-6.28691561977914,-0.00696707302668352,-0.0778816980644346,0.0951828491877759
5939,"heggarty2024",-5.66396406312419,-0.0123627383516155,0.0908335458310162,-0.122794506499175
5940,"heggarty2024",-5.77393829086221,0.0643579712682315,-0.0773057945301212,-0.148992665072847
5941,"heggarty2024",-5.54312097590141,-0.109465542770097,0.000705706482363788,-0.176238610353215
5942,"heggarty2024",-5.82746308055269,0.0244551342891986,0.0202062386216935,-0.14236882791555
5943,"heggarty2024",-5.92482328757402,-0.0687057714585051,-0.0348503234255527,-0.0067334930302656
5944,"heggarty2024",-5.94328147435415,0.0164633586278091,-0.0730684971664008,-0.0170080655610256
5945,"heggarty2024",-5.89746374051522,-0.0733895031535486,0.0250926722676575,-0.0779460663001966
5946,"heggarty2024",-5.64377339715604,-0.10424110645669,0.0010938202945036,-0.163258237490491
5947,"heggarty2024",-6.08266175723958,-0.0858693800008019,0.0405906610033715,0.0766036304353702
5948,"heggarty2024",-5.89226999668428,0.0649339601879133,-0.0620243989928596,-0.0658197550515312
5949,"heggarty2024",-6.35926384414689,0.0755479836327487,-0.121155880030387,-0.0630668260082693
5950,"heggarty2024",-5.98923676651275,-0.0228999312285399,0.135736587388986,-0.156186757383377
5951,"heggarty2024",-5.6885763583584,0.132832311429521,0.0476534396451588,0.108544874910648
5952,"heggarty2024",-6.20615102835106,-0.0113069443857522,-0.0430032473436952,-0.0962913115660906
5953,"heggarty2024",-5.81434242803213,-0.0285319364124688,0.077140378466626,0.113403704714357
5954,"heggarty2024",-5.86695381517583,-0.0163169986208473,-0.0997789194667132,0.121587626943698
5955,"heggarty2024",-5.82647790421546,-0.177475321235656,-0.0280759018149424,0.0166608485255558
5956,"heggarty2024",-5.79871754046657,-0.0340509584433846,-0.0386557960646342,-0.102114513970737
5957,"heggarty2024",-5.9760304065081,-0.133145681321231,0.0298474525362822,-0.0202006106382313
5958,"heggarty2024",-5.92158898587669,-0.0247510413581146,-0.0561948429521178,-0.0770531767085737
5959,"heggarty2024",-5.81733155434951,-0.0646613059034381,-0.0683198790500608,0.0162270274543072
5960,"heggarty2024",-6.04269670500458,-0.0772508551203706,-0.0651991298456454,-0.0464618720932824
5961,"heggarty2024",-5.69386554581799,-0.104785868232772,0.0273863037426089,-0.0159816650996292
5962,"heggarty2024",-6.02516113061396,-0.00181384935350592,-0.130812847180957,-0.0760213218726842
5963,"heggarty2024",-6.0041126735465,0.0812104568118114,-0.0532363424951525,0.0189370564589076
5964,"heggarty2024",-6.15358586387479,-0.0277227387251722,-0.0263530723380509,-0.00702055760295492
5965,"heggarty2024",-5.72037599971094,-0.192294688032989,-0.0151059936977325,-0.129168984956205
5966,"heggarty2024",-5.82058670035213,0.015097530120969,0.0168656599223651,-0.0205122114055393
5967,"heggarty2024",-6.51841615328084,0.00914839819887717,0.050498808444472,-0.0412902113051215
5968,"heggarty2024",-5.90250277483517,-0.0234762499420225,-0.0172868734097746,-0.242181671877619
5969,"heggarty2024",-5.73005550271699,-0.0535722449100535,0.087728140346424,0.104377454022055
5970,"heggarty2024",-5.58029379810293,-0.058671245182286,-0.0063162164301378,-0.141268396056157
5971,"heggarty2024",-5.62111116416131,-0.0104519018794976,-0.0114746751885689,-0.0840598989674152
5972,"heggarty2024",-5.76651720103313,0.101933857411575,-0.186229342871205,-0.064289888183662
5973,"heggarty2024",-5.48365681816389,0.106667198687638,-0.1638606995885,-0.0647348993044997
5974,"heggarty2024",-5.72041378255526,0.0141067102979708,0.044095286685888,-0.143866097416631
5975,"heggarty2024",-5.85034096328514,0.0161365769489678,-0.0433237394205898,-0.179557382969179
5976,"heggarty2024",-5.78467420192452,-0.117502809908164,-0.0947326416435212,-0.0422067922104132
5977,"heggarty2024",-5.89346005565568,-0.0857287689502076,0.0978839633633099,-0.107466014586942
5978,"heggarty2024",-5.91361998105343,0.00384034049627364,-0.111079981865561,-0.132038429827546
5979,"heggarty2024",-5.96330424594673,0.0353812626241937,-0.0236377182339921,-0.0626899772922505
5980,"heggarty2024",-5.81145949964427,-0.0278895281323186,-0.104049172438621,-0.146049654863566
5981,"heggarty2024",-5.50207243471295,0.0644473746245565,-0.0903388304577758,-0.18809501906213
5982,"heggarty2024",-6.00693207242969,-0.020802541683233,-0.104919944977948,-0.109930712111424
5983,"heggarty2024",-5.99288115884122,-0.118258861503098,-0.0438429377081055,-0.083275804530363
5984,"heggarty2024",-5.89700324119688,0.0412121420738863,-0.022321178260621,-0.106910854676159
5985,"heggarty2024",-5.81751903448413,0.0114393298655819,-0.0285798599852951,-0.136587435090493
5986,"heggarty2024",-6.1172836675597,0.020835880781553,-0.0554428701567352,-0.00631070290980649
5987,"heggarty2024",-5.79375306888458,0.0556765999238274,-0.000716737619843946,-0.129602495371825
5988,"heggarty2024",-5.71131278818004,0.0496680224338912,0.0108810536274858,-0.178496162868281
5989,"heggarty2024",-5.8247034112651,-0.0329498916751121,0.0396270126567336,-0.181252274788201
5990,"heggarty2024",-5.40694821980243,0.0889495982657425,-0.084052190622173,-0.00993220196983647
5991,"heggarty2024",-5.83065765727406,-0.0444664867901149,0.0659451831491424,-0.120064163243987
5992,"heggarty2024",-5.87382675669863,-0.106442408443688,-0.0708134794173706,-0.182702494042116
5993,"heggarty2024",-5.39745810750496,0.0354884010781314,-0.0473114102784977,-0.204652203115779
5994,"heggarty2024",-5.66516738896366,0.220979899726773,0.0801857852369139,0.114966864622204
5995,"heggarty2024",-5.82395342335846,0.0573035397513892,0.14676648601993,0.0372808837664507
5996,"heggarty2024",-5.79560581832432,0.0217192634204014,-0.105386843447741,-0.0175714988258805
5997,"heggarty2024",-5.87535500524723,-0.115857872526285,0.0937134876359228,-0.116189767997058
5998,"heggarty2024",-5.79151583023145,-0.224474952363381,-0.0653214287206259,-0.0775521293788163
5999,"heggarty2024",-5.9404531986452,0.097314904545613,-0.044018311317264,-0.0888725206469548
6000,"heggarty2024",-5.44025886915435,0.00916053646004059,-0.168688521905693,-0.191820811566438
6001,"heggarty2024",-5.87949786594152,-0.0706338658931166,-0.0110142575484974,-0.127937398459865
6002,"heggarty2024",-5.54354435197575,0.0632695106384872,-0.0530532191196125,-0.0243824886031806
6003,"heggarty2024",-6.32820518677123,-0.0694663406414,-0.029552398266734,-0.0314196902867709
6004,"heggarty2024",-6.05992457240324,0.0242364643255559,-0.174877502234824,-0.0774875453466311
6005,"heggarty2024",-6.18777601948215,0.0388623979663577,-0.0774543628163654,-0.100988206182308
6006,"heggarty2024",-6.66419422570239,-0.141501710911505,0.0825823182606172,-0.134559145098112
6007,"heggarty2024",-6.05737291488691,-0.038379824565313,-0.0710429209551943,-0.0770842272000842
6008,"heggarty2024",-5.90619462423631,-0.0115311278148744,0.0712269440177115,-0.0219127028243016
6009,"heggarty2024",-6.10960083564349,-0.142507442005806,-0.0142190164131743,-0.246395874426579
6010,"heggarty2024",-6.16813055101373,-0.0390796233354827,-0.1291345138949,-0.108624572907874
6011,"heggarty2024",-5.82564650877214,-0.105542782921213,0.10378996584315,-0.0240451208137266
6012,"heggarty2024",-5.87451134822923,-0.144130297935164,0.0953648350649517,-0.176305736151944
6013,"heggarty2024",-5.97594898957654,-0.00102475478127671,-0.0154299391298467,-0.198680991758446
6014,"heggarty2024",-5.85378441959054,-0.263572944596335,-0.0850438108197724,-0.203574217247558
6015,"heggarty2024",-5.73500578853143,-0.0451953562671015,-0.00846211312498036,-0.126438520672807
6016,"heggarty2024",-5.83491697056596,-0.104858472418293,-0.0495083101922192,-0.0499070753656265
6017,"heggarty2024",-5.95165414759314,-0.082025660144283,0.109195412872801,-0.136119062263896
6018,"heggarty2024",-5.68716878896061,-0.00616477280406098,-0.0209443741297571,-0.0505209197315355
6019,"heggarty2024",-6.28058673454712,-0.0689348958888215,0.144319871189563,0.066277472135141
6020,"heggarty2024",-6.04528935746795,-0.0725291363525862,-0.0301149122528436,-0.0946380217300986
6021,"heggarty2024",-5.78605087357831,-0.00837198706429101,0.0061571110564921,-0.0148632926701354
6022,"heggarty2024",-5.88621945778762,-0.0845734796376672,0.00927728487522707,0.0460369625586207
6023,"heggarty2024",-5.74571849992013,-0.00637780648161868,0.00889223111220894,-0.259864574279159
6024,"heggarty2024",-6.08517652387195,-0.135028757335284,0.0787214349290708,0.0361362765452915
6025,"heggarty2024",-5.56235180878649,0.118572624113871,0.0426972437294176,-0.0233949817823357
6026,"heggarty2024",-5.68278214412256,-0.0480763043438803,0.082194233596987,0.130813262268641
6027,"heggarty2024",-6.06872263404563,-0.0344851774464607,-0.0293287323637696,-0.0970591864747197
6028,"heggarty2024",-5.84286174104965,-0.0557758339908959,0.149965708165697,-0.157472901601588
6029,"heggarty2024",-5.61815130566709,0.0246061275658985,0.0109652423281836,-0.140490572133956
6030,"heggarty2024",-6.05906723597176,-0.0628063392262806,-0.0467771617496805,0.0325453638741406
6031,"heggarty2024",-5.64641600087897,-0.0394043154461743,-0.0480317278464369,-0.223516954785426
6032,"heggarty2024",-5.93853321706672,-0.250639276721582,0.0523264007984672,-0.112705465383563
6033,"heggarty2024",-6.1093865377956,-0.0616459731687246,0.0586488690485869,-0.0432264298008398
6034,"heggarty2024",-5.83960871095229,-0.0857593101266039,0.158301871906848,-0.0950338164702505
6035,"heggarty2024",-5.71100073356341,0.033925074484571,-0.0703914328034216,-0.130470708813432
6036,"heggarty2024",-5.70147468448,-0.00567178414380233,0.107142778668951,-0.198759235185362
6037,"heggarty2024",-5.92367932551339,0.0335586946715617,0.0251089926293768,-0.0859482411602683
6038,"heggarty2024",-6.11268226496793,-0.0245695333311567,-0.0044463358923597,-0.0641025284001237
6039,"heggarty2024",-6.26190957273302,-0.0464500796373036,-0.136518882651668,-0.0382042305464844
6040,"heggarty2024",-5.67483372064575,0.114660925546578,-0.11237463293757,-0.115121661965274
6041,"heggarty2024",-6.07816142342909,-0.107073150900499,-0.0258208154023671,-0.0970783259865638
6042,"heggarty2024",-5.77689260146639,0.0124684722692012,-0.0809467320309752,-0.0766719631857563
6043,"heggarty2024",-5.97240603743831,-0.0235184614437245,-0.156880665425429,-0.259025339860151
6044,"heggarty2024",-6.06871954323047,-0.00345768633396037,-0.0235123848869703,-0.0774808849826184
6045,"heggarty2024",-5.89321757294081,-0.0196460916163329,-0.0048679742413814,-0.126065979391114
6046,"heggarty2024",-6.0747870948381,-0.0241079057178645,0.0738908054501553,-0.025753008706361
6047,"heggarty2024",-5.92428413101776,-0.215686986777864,0.0325334387768764,-0.193774137919265
6048,"heggarty2024",-5.72216314815164,-0.0436421290807863,-0.0565029123078096,-0.190014338217
6049,"heggarty2024",-5.96326913666534,-0.116283232013828,-0.0502237892553619,-0.167532495452632
6050,"heggarty2024",-5.68959095677316,-0.0300423611175334,-0.148281918500038,-0.132833236394924
6051,"heggarty2024",-5.90958255476976,-0.0936067368501833,-0.0654276842775932,-0.159157381133214
6052,"heggarty2024",-5.7008205347768,-0.118324610358184,-0.0139722030630426,-0.249010066320349
6053,"heggarty2024",-6.16849716577558,0.0811239870713536,-0.000122721231175887,-0.03889444000518
6054,"heggarty2024",-5.86586398435157,-0.0255653212910322,-0.00165687740132371,-0.149863317618505
6055,"heggarty2024",-5.80615590353586,0.00383327506699186,0.132864898915733,-0.0494454293585825
6056,"heggarty2024",-5.73118115895455,-0.122079593021619,-0.0176894679618164,-0.0395459449051986
6057,"heggarty2024",-5.74683050063756,-0.0324373820899121,-0.000841105412951006,-0.0350750269206557
6058,"heggarty2024",-5.67262880899717,0.191184051266191,0.00465333352502666,0.183416239878558
6059,"heggarty2024",-5.79761077507297,-0.0346985308397925,-0.0121807930434581,-0.0654355787002881
6060,"heggarty2024",-5.89120041309272,0.036268640072037,-0.108425995001403,-0.0994705467974531
6061,"heggarty2024",-6.28277130738234,0.0304896061997814,0.0188854288442985,0.0677924663647758
6062,"heggarty2024",-5.6335480631704,0.0410913642429424,0.0324504321903958,-0.0306846639124784
6063,"heggarty2024",-5.96141255107411,-0.0602316352229813,-0.0559284733156402,-0.0768646834861684
6064,"heggarty2024",-6.30807168843822,-0.117940862129645,0.0285021537819105,-0.0835366121956388
6065,"heggarty2024",-6.09463535427799,0.0028368687935047,-0.142705565180307,-0.235709322872466
6066,"heggarty2024",-5.9857825347719,-0.0938730187163786,0.119836285193613,-0.000916360001227048
6067,"heggarty2024",-5.56974390492512,-0.0161448184035353,0.0101553692283966,0.0187520659292131
6068,"heggarty2024",-6.18776951773045,-0.0493337283234418,-0.00493852419761223,-0.00631223299858266
6069,"heggarty2024",-5.86615697224183,0.031058122244624,-0.127614236747169,-0.0731085543680704
6070,"heggarty2024",-5.84917393562114,0.121180393402642,0.0734561018566433,-0.0763393087964892
6071,"heggarty2024",-6.11242450301225,-0.238257630090593,0.0574059857587066,-0.0609338350137171
6072,"heggarty2024",-6.17575967704106,-0.0250318085663273,0.0392578324020755,-0.0538942775063418
6073,"heggarty2024",-5.78657072627069,-0.00632031775538038,-0.0636157402921541,-0.0897144481138269
6074,"heggarty2024",-5.88317526175731,-0.0278125010183009,-0.00861260709945865,-0.0646374435963806
6075,"heggarty2024",-5.74233860911112,-0.134757011125806,-0.156668857882074,-0.286782799525523
6076,"heggarty2024",-5.67271794561958,-0.124612713319682,-0.128961226627059,-0.135508303649154
6077,"heggarty2024",-5.79683108968527,-0.100473118544267,-0.0709895353902076,-0.0594425056880332
6078,"heggarty2024",-6.4496354163987,-0.0343238567679941,-0.120150283134422,-0.11231034564785
6079,"heggarty2024",-6.45670862009089,0.0589592714227484,-0.0760969950794198,0.0671971438033735
6080,"heggarty2024",-5.69740977605686,-0.00473255953193553,0.062207544248261,-0.070641699382254
6081,"heggarty2024",-6.15621924513403,-0.0522658078188336,-0.124601915204638,-0.261865114854624
6082,"heggarty2024",-5.8592412774131,0.109556717236019,-0.0330158699146239,0.0621713110041965
6083,"heggarty2024",-6.64703863086767,-0.141524806035347,-0.139217152873205,-0.0919010972762935
6084,"heggarty2024",-5.74035727240598,-0.017948220678141,-0.162775050014584,-0.109253952729054
6085,"heggarty2024",-5.61658768500148,-0.0587690961844275,-0.149597333103267,-0.00165812937829893
6086,"heggarty2024",-6.01346778338087,-0.00762223915081576,0.106848375619446,-0.042019109521812
6087,"heggarty2024",-5.7871088823389,0.0610991212127564,0.0791913554375846,-0.06406509888707
6088,"heggarty2024",-5.86552160315111,0.0531276752300933,-0.0151272240452867,-0.185588121611378
6089,"heggarty2024",-5.84138366793025,-0.0763358056891586,-0.10253613704745,-0.046170186487584
6090,"heggarty2024",-5.70672557192027,-0.18580089961955,-0.0559060274219606,-0.0995221809404534
6091,"heggarty2024",-5.83220007876786,-0.011772315388187,-0.159496014288003,-0.137516858664294
6092,"heggarty2024",-6.55872568278264,0.00323274395890903,0.0595331632934981,-0.0393843890622218
6093,"heggarty2024",-5.85718304517221,0.0633670495495772,0.0112180735241874,-0.14417821356735
6094,"heggarty2024",-5.64459128494202,0.00165250624378541,-0.103808897317128,-0.0488974075710257
6095,"heggarty2024",-6.14435962436908,-0.0493760226511267,-0.0547486384546176,0.0722156019959206
6096,"heggarty2024",-5.85447666115896,0.0661353153967684,-0.100447341082278,-0.179366816981718
6097,"heggarty2024",-5.67466472103979,-0.0383567252071576,-0.173688441864885,-0.128547322006117
6098,"heggarty2024",-5.91064828049204,-0.0989849735603836,-0.0940067374366353,-0.0886281413515584
6099,"heggarty2024",-5.83414750148526,-0.0615595750845336,-0.0174343826646096,-0.0186504879767059
6100,"heggarty2024",-5.94332756437295,-0.0400001252280574,-0.0661217075881315,-0.0329807894710657
6101,"heggarty2024",-5.66778266188044,-0.127436093263211,-0.0758861536359639,-0.14235559279006
6102,"heggarty2024",-5.86781351800552,-0.00798387005830778,-0.0959937513496456,-0.127365867009389
6103,"heggarty2024",-5.37783199652545,-0.080216151389884,-0.0583606988561826,-0.0440335677551874
6104,"heggarty2024",-6.16871391024396,-0.0454371589794284,0.0389460680607931,0.011926965792542
6105,"heggarty2024",-5.88453380625466,-0.0411496386310271,0.0215390325654055,-0.0663485640569545
6106,"heggarty2024",-5.84413453451972,-0.0765201409381039,0.0791925808283417,-0.153809445861492
6107,"heggarty2024",-5.88228805503756,0.2752906513998,-0.0789781891441572,-0.0727221214460099
6108,"heggarty2024",-5.98999183701018,0.0156000089899512,0.0619174121494764,-0.0942400207354168
6109,"heggarty2024",-6.60578690639814,-0.0716456686646034,-0.0355783963841119,-0.0920957505758146
6110,"heggarty2024",-5.47918619003809,-0.066472386256125,0.014643222686366,-0.269733019447098
6111,"heggarty2024",-5.90407105742119,-0.0655957286093245,0.0445555799853857,0.0604561102973031
6112,"heggarty2024",-6.1741849184817,-0.0472787411184197,-0.104177512468729,-0.263250492294688
6113,"heggarty2024",-5.64447945793786,0.0709291137093815,-0.0570296049753207,-0.0768874347200199
6114,"heggarty2024",-5.99977094740902,-0.0720763561492769,0.0109518656618692,-0.153070854254266
6115,"heggarty2024",-5.90458627499569,-0.121367198317119,-0.0599790428404361,-0.233529314682662
6116,"heggarty2024",-6.04886909179767,-0.0288259933710104,0.0066996726847367,-0.102497246551686
6117,"heggarty2024",-7.10921523957459,0.0722679548114739,0.0633075222064284,-0.0875420383027564
6118,"heggarty2024",-6.09213629252481,0.0741052313386447,-0.0100678880086147,-0.0656262663782306
6119,"heggarty2024",-5.90261237176543,-0.0257867313368912,-0.0433486998248891,-0.147372485603896
6120,"heggarty2024",-6.1359106386875,-0.0464924784769199,-0.0425363807090823,-0.000482531547422993
6121,"heggarty2024",-6.40449260034423,-0.112574779642142,0.0207237415700552,-0.210269983784292
6122,"heggarty2024",-6.20226554730189,-0.0998302800229077,0.0350989166519597,-0.107709170189461
6123,"heggarty2024",-5.69374136957544,0.00289704391809474,0.0205860478970297,-0.167692905786483
6124,"heggarty2024",-5.62422504015094,-0.0289350487333428,0.0672710642122445,0.00324662743047602
6125,"heggarty2024",-6.21796539666629,-0.0139053850828175,0.108094211069078,0.0361370383381019
6126,"heggarty2024",-6.5312063716604,-0.0670594924308647,-0.0299972621836048,-0.0499448885462188
6127,"heggarty2024",-5.58998699029067,-0.028145864883319,0.0637599940427476,-0.0676891100953445
6128,"heggarty2024",-5.8990278992761,-0.0901993689420176,0.00941820019877051,-0.156358193977965
6129,"heggarty2024",-5.94767075899258,0.0151812506064215,0.0940756006363709,-0.145928931141217
6130,"heggarty2024",-6.50327350869268,-0.0117881426372159,-0.0646504641259434,0.0742665542344807
6131,"heggarty2024",-6.01042272804336,-0.0227462025057038,-0.0463108309857469,-0.0320034777843991
6132,"heggarty2024",-5.91450568127567,0.102267061711063,0.0534851650346892,-0.0709880448398907
6133,"heggarty2024",-5.70058082603291,-0.151378408696458,0.0330628917799903,-0.153584736975013
6134,"heggarty2024",-5.78386940880889,-0.0584905435603317,-0.170696831447694,-0.244600139500204
6135,"heggarty2024",-5.87089188752951,-0.0994269273968778,0.0168953994360432,-0.114346840962876
6136,"heggarty2024",-6.97227711054557,-0.0150456271558294,0.0154872697261564,-0.149442251188493
6137,"heggarty2024",-5.87989207909464,0.123246738905665,-0.104148088737363,-0.0605389063640505
6138,"heggarty2024",-5.78526738622889,0.0171497916089702,0.0279957762689079,-0.158253157838121
6139,"heggarty2024",-6.39449948982365,-0.173629842159909,0.00319682375727365,-0.119530539909727
6140,"heggarty2024",-6.55163909860179,-0.114541835936727,-0.0471416726725396,-0.142232501052632
6141,"heggarty2024",-5.40151445335249,0.00913127946989698,-0.0693818552713312,0.025435290956524
6142,"heggarty2024",-5.89138350987235,0.0246605545521002,-0.0135183734065233,-0.137774053264637
6143,"heggarty2024",-5.84575663547013,-0.0635216633429238,-0.137883571117877,-0.0560807524395236
6144,"heggarty2024",-5.66199720137827,-0.00349965447565834,0.108105936876742,-0.0644559596101567
6145,"heggarty2024",-5.64951140026665,0.0162960848127605,0.149586780232472,0.00274770528754378
6146,"heggarty2024",-5.93722723529208,0.0619620248206145,0.0278745885366757,-0.0208834995077236
6147,"heggarty2024",-6.05949215587322,-0.0465653892438458,-0.249680441522719,-0.225333743702921
6148,"heggarty2024",-5.85448232440676,0.0196649950725228,-0.125014655331608,-0.116875294166979
6149,"heggarty2024",-5.79925186093544,0.0225610028236494,-0.0117008715315652,-0.0949349388385484
6150,"heggarty2024",-6.07937895610375,0.0771256677130424,-0.0468104949133978,-0.0310328364223635
6151,"heggarty2024",-5.7253964599404,-0.0250926128769479,-0.0661383135418597,-0.16633937958896
6152,"heggarty2024",-6.11818702090734,-0.051138617569292,0.0305616420228283,-0.0469635245292102
6153,"heggarty2024",-5.7771991650482,-0.0249933926982586,-0.0851917142796559,-0.0672197947057156
6154,"heggarty2024",-5.80204883033176,-0.0201009588874141,-0.0491883087551884,-0.095867214994573
6155,"heggarty2024",-5.98674389096102,0.0426071960499296,0.074356039707513,-0.0680966729110229
6156,"heggarty2024",-6.13223788187501,-0.0877964971139628,-0.0510971670738718,-0.00480699303261071
6157,"heggarty2024",-6.23259423050259,0.00696079444694344,-0.0528208808097426,0.0872378716339107
6158,"heggarty2024",-5.97032248400862,0.125592553573072,0.138488472804154,-0.0836240832838306
6159,"heggarty2024",-5.86685799227981,0.0290020120373895,0.0837739060632947,-0.0268741078616985
6160,"heggarty2024",-5.71414828903281,-0.10652041765003,-0.0273770982003411,-0.196381830660534
6161,"heggarty2024",-6.12833273974165,0.0236617211363943,0.0776528410564873,-0.0594622822595591
6162,"heggarty2024",-5.91352208203872,-0.0637709186059649,-0.0274720914050735,-0.296564338181395
6163,"heggarty2024",-5.91283880257984,-0.0764627585581637,-0.0369895279025251,-0.123379431531596
6164,"heggarty2024",-6.13425799173177,-0.0692093084504446,-0.1069723623413,-0.148341508681771
6165,"heggarty2024",-5.66867862700695,0.00303953226632826,0.0134892103135141,-0.067845896204993
6166,"heggarty2024",-6.95913027238938,-0.0542471391764459,-0.0536566057253399,-0.0791406664572774
6167,"heggarty2024",-6.29638799125602,0.000723751655639513,-0.072414379548472,0.0143922234279406
6168,"heggarty2024",-5.82128764877375,-0.077846643806889,-0.040129652199604,-0.107129721405214
6169,"heggarty2024",-6.05109053542193,0.0782617850751906,-8.15885771656387e-06,-0.0605131143476739
6170,"heggarty2024",-6.05076361361872,0.00639888718488935,-0.0102279026647702,-0.0663061153499536
6171,"heggarty2024",-5.9381073209066,-0.0668790422403791,-0.0872797871655486,-0.0943442175415001
6172,"heggarty2024",-6.07950110485277,-0.0155306502096752,-0.0138880414422471,-0.160782497123538
6173,"heggarty2024",-5.95064419722154,-0.0300704215505673,-0.189670806048826,-0.214818225710331
6174,"heggarty2024",-5.85983418642109,-0.205960173694366,0.062683255406246,-0.180499607670412
6175,"heggarty2024",-5.72534970857146,-0.0111988447051449,-0.0118619431577922,-0.159002199174537
6176,"heggarty2024",-6.2802043453761,-0.0581003459179513,-0.0733516983146326,-0.00811385055266098
6177,"heggarty2024",-6.07607707994289,-0.0780775491791333,0.0718354652524286,0.00809448011027078
6178,"heggarty2024",-6.5517984602196,0.0047529792169791,0.0390373812653127,-0.0819741275940057
6179,"heggarty2024",-5.48964391787861,-0.0653410333661114,0.0430563363610426,-0.10458273817659
6180,"heggarty2024",-5.95028069113541,-0.0759730123962598,-0.0574110646245948,0.046662906712918
6181,"heggarty2024",-6.16770686631268,-0.0579261504382079,-0.00371590884114324,-0.0360283891763186
6182,"heggarty2024",-6.01624908165292,-0.102247159084018,-0.0335698708617012,-0.201887253686753
6183,"heggarty2024",-5.32267457779263,0.0657750990933843,0.0928304463470918,-0.0311192716641915
6184,"heggarty2024",-5.88246801767171,-0.107136696328739,0.00569355124629941,-0.10029369699873
6185,"heggarty2024",-5.90131688244885,-0.00535040225246175,-0.0188439423155549,-0.0592596513588472
6186,"heggarty2024",-5.99312696240259,-0.131952863159112,-0.00542444438867328,0.00739713791779729
6187,"heggarty2024",-5.71937632410824,-0.022270804743689,0.0108587253366892,-0.10412920129075
6188,"heggarty2024",-6.11769542694924,-0.0151927876959555,0.0184214192273088,-0.186755430126638
6189,"heggarty2024",-5.76170876399367,-0.005280907041457,0.0130633816797548,-0.0311172222356681
6190,"heggarty2024",-5.70908950667962,-0.0850504470051167,0.133355082347258,0.0163380804532126
6191,"heggarty2024",-6.06032005197532,-0.0959832464477598,0.00644231332738538,0.0695438722047314
6192,"heggarty2024",-5.97967110290683,-0.0788200272174595,-0.0596900164244525,-0.0634091781846432
6193,"heggarty2024",-5.8376193683251,-0.078442253129001,0.00360637139068538,-0.0117870315453065
6194,"heggarty2024",-6.10130187754041,-0.0561989959327249,-0.0155724451409884,-0.0202210378940324
6195,"heggarty2024",-5.92419098899165,0.0158169967218108,0.0253284196919924,0.0203381195794837
6196,"heggarty2024",-5.77240315031951,-0.00245118962004318,0.0717950832694154,0.0662255536819939
6197,"heggarty2024",-5.99494463488714,-0.10131530026675,-0.0165288286669172,-0.170618004805868
6198,"heggarty2024",-6.00614331940574,-0.105982546862458,-0.0513101828547864,-0.145705448027984
6199,"heggarty2024",-6.0134132333959,-0.195302729527424,0.0211154668032676,-0.178460767063403
6200,"heggarty2024",-6.04933595106617,-0.0578028955084858,-0.0828580950038787,-0.0687605979481933
6201,"heggarty2024",-5.98722120267787,-0.0120418388779896,-0.116240447435991,-0.0613508464605751
6202,"heggarty2024",-5.92734827999269,-0.0329630672824262,-0.0679642116050748,-0.255999346219884
6203,"heggarty2024",-5.73042537443633,-0.108458358162028,-0.0481067384045731,-0.0690240479249038
6204,"heggarty2024",-6.29884829249117,-0.014355859745625,0.0169596189921256,0.0131389325698644
6205,"heggarty2024",-5.74392406791998,-0.0827299216337614,0.0226411407501048,-0.0961980641665081
6206,"heggarty2024",-5.92442496178693,0.0323323651582023,0.00592944257288616,-0.18255760849106
6207,"heggarty2024",-6.11759593448049,0.0247720626679877,-0.0391218836734633,-0.133812442746048
6208,"heggarty2024",-6.29244072297459,-0.130342633000998,0.189705619397827,-0.124454908882144
6209,"heggarty2024",-5.68083036360705,0.00205058388352005,-0.0943739779852573,-0.0817446143487637
6210,"heggarty2024",-6.19496984349248,-0.12500750813235,0.000158212128818426,-0.186240531537713
6211,"heggarty2024",-5.67487192399154,-0.0363265381400616,-0.0423024538920896,-0.0746690377994867
6212,"heggarty2024",-5.80129585954728,-0.0311612889206542,-0.0734979149519936,-0.0508549025098357
6213,"heggarty2024",-6.02293681470032,0.0471604866636782,-0.0850321273272981,-0.0807215776060366
6214,"heggarty2024",-6.01637055737683,-0.0924652711672765,0.0598632902540836,-0.0339983992834502
6215,"heggarty2024",-6.10485053321534,-0.073197345139871,0.0292982822491687,-0.189964170802492
6216,"heggarty2024",-5.98254718530368,-0.0359322414336477,-0.0520066102436945,0.00208441832774694
6217,"heggarty2024",-5.94244805506852,-0.13419675277061,-0.0855231552916783,-0.147642858590727
6218,"heggarty2024",-6.05443243087491,0.0148511842865808,-0.0531019870640271,-0.0802382404009071
6219,"heggarty2024",-6.50347035421756,-0.178200622499908,-0.010099235360616,-0.125134343186388
6220,"heggarty2024",-6.14793536404624,-0.015289689363746,0.0536809084945047,0.0194574126255872
6221,"heggarty2024",-5.7587580525922,0.0229488354724899,-0.112862204239938,-0.00506434525772892
6222,"heggarty2024",-5.75109904236108,-0.0800992915538332,-0.104695056195779,-0.129121138948437
6223,"heggarty2024",-5.84687009273893,0.0542611858327328,0.132245458122318,-0.0621062313754435
6224,"heggarty2024",-5.92052925353006,-0.0991743337257313,0.0588909887882401,-0.0255424640895242
6225,"heggarty2024",-6.20616739995755,-0.114125209655101,0.0960305490708289,-0.129456840517329
6226,"heggarty2024",-6.19248844824723,-0.0641888633923909,0.0735114160033919,-0.221963212833351
6227,"heggarty2024",-5.87235108672146,0.0258321153325443,-0.0779695451529872,-0.204868613631809
6228,"heggarty2024",-5.74132331398331,-0.00909124101247067,0.101889960693136,-0.102472657162201
6229,"heggarty2024",-5.56548038076887,-0.00192728543834164,-0.18612400127762,-0.108279622290807
6230,"heggarty2024",-5.78897370010219,0.0613416644304936,-0.067286878663232,-0.149437121006727
6231,"heggarty2024",-5.84436203004024,0.0464842307387704,0.121247275801978,0.0437681324824307
6232,"heggarty2024",-5.88720011604968,0.0892570201830236,-0.189726957431014,-0.100000675346514
6233,"heggarty2024",-5.82767751642261,0.00390789292648759,0.184001422376461,-0.222592780426596
6234,"heggarty2024",-6.05873406710386,-0.0898803809323299,0.0967905546427713,-0.102482305716856
6235,"heggarty2024",-5.95418087812849,-0.195429470198272,-0.051785689889778,-0.0920297112923868
6236,"heggarty2024",-5.87436083640713,0.0876302985011696,-0.0288612661994716,0.00134973296836105
6237,"heggarty2024",-6.00734807185647,-0.096635902731169,-0.0482368401498841,-0.103034842542384
6238,"heggarty2024",-5.67254838388327,-0.103978440857306,-0.068147077104558,-0.0527804016005613
6239,"heggarty2024",-5.84757331906902,-0.0249008515707199,0.00627330558961077,-0.152247599945407
6240,"heggarty2024",-5.59495054176066,-0.0198596691952082,-0.0532384193151631,-0.192120184428297
6241,"heggarty2024",-5.96059036345165,-0.0590668595891207,0.0916185784615974,-0.0543895337415575
6242,"heggarty2024",-5.7828935162616,-0.068918899640783,0.0603344274541078,-0.0563899022382318
6243,"heggarty2024",-6.29758981242207,-0.0354619055615362,-0.0180545220927281,-0.060882521632383
6244,"heggarty2024",-5.92101293153074,-0.235968803587324,0.149240463019965,-0.27478749946029
6245,"heggarty2024",-6.21163518566437,-0.0112722099802869,0.0145873790954468,-0.0722659293726555
6246,"heggarty2024",-5.80651108709639,-0.0998137941361054,-0.0661928744894795,-0.20032877873281
6247,"heggarty2024",-5.94271767021016,-0.0829761562150754,0.0410768651144038,-0.0352344735645037
6248,"heggarty2024",-5.81960562950061,-0.14183352901676,-0.23662838688333,-0.263998250179494
6249,"heggarty2024",-5.99308821114507,-0.0154379445221806,-0.108353279953718,-0.105305238757519
6250,"heggarty2024",-6.06609563515838,0.0608004024700335,-0.0284969807700469,-0.0297089754593601
6251,"heggarty2024",-5.87606334897836,-0.114677889961342,0.00837625496340711,-0.124343534628517
6252,"heggarty2024",-5.82510742648913,-0.0720414378776946,-0.00582832328120318,-0.0407026496734692
6253,"heggarty2024",-6.17010343882487,-0.064258973150934,0.0281561165693966,-0.022756386525115
6254,"heggarty2024",-5.92960672324393,0.014404241828836,0.0347525876273221,-0.00788038942829832
6255,"heggarty2024",-5.73127760932437,0.0265140231709925,0.0433592048672549,-0.00590708861288011
6256,"heggarty2024",-5.6796188666033,-0.012402100888924,-0.103218435745359,-0.180649459894306
6257,"heggarty2024",-5.64989057725093,0.0378639815989969,-0.105860352598458,-0.227724972021129
6258,"heggarty2024",-5.89114905491151,0.00262782741530642,0.0901374566302984,-0.129561297571087
6259,"heggarty2024",-5.35088907840493,-0.029305667326758,-0.0070625741354211,-0.116752820241162
6260,"heggarty2024",-5.96739427086702,0.0518983168220952,-0.042360778298821,-0.0134234479987486
6261,"heggarty2024",-6.12291043549853,-0.205584040521728,-0.179015231556741,-0.166435899379791
6262,"heggarty2024",-6.85684467184756,-0.103342072837229,0.185971003823513,-0.00714116717843888
6263,"heggarty2024",-6.07719478489718,-0.129737646863026,-0.0474522284090976,-0.150384923980204
6264,"heggarty2024",-5.63166557205653,0.0237798152450174,-0.000577810950522959,0.0332282719573809
6265,"heggarty2024",-6.35957819115387,0.073767294997688,-0.0646198001474778,0.0634249353273673
6266,"heggarty2024",-5.97889829132348,-0.0396863277067054,-0.11914048832978,-0.140276526790675
6267,"heggarty2024",-5.97227372557458,-0.0222527966997511,-0.11057721800261,-0.2107535063433
6268,"heggarty2024",-5.74649605638357,-0.0358857067749341,0.0507403417953669,-0.0473912788961466
6269,"heggarty2024",-5.78424301736385,0.0463929318275283,-0.0801727815264164,-0.00559911181242904
6270,"heggarty2024",-6.47318970638498,-0.240093056953964,0.0473596655789821,-0.160570755727558
6271,"heggarty2024",-6.16422301016593,-0.104244201294167,-0.0488998348302483,-0.0787519510236891
6272,"heggarty2024",-5.91269659004206,-0.0174696772260345,0.0317168523906003,-0.0343698842244103
6273,"heggarty2024",-5.93924276928972,-0.186458465868689,0.0181798145417744,-0.0339837467982847
6274,"heggarty2024",-5.99790455656147,-0.0721929305378819,-0.0365935825363707,-0.0537360672253679
6275,"heggarty2024",-5.70842235262369,-0.00908049883625902,-0.0325602358483211,-0.0552247249639114
6276,"heggarty2024",-5.88943416229811,-0.0812645508032074,-0.174884453190109,-0.117194271180694
6277,"heggarty2024",-5.92038399048624,-0.0426154623067108,0.0824630083808088,-0.12131956983157
6278,"heggarty2024",-5.91349730773746,-0.00638530729891073,-0.173492551813241,-0.0676981496862691
6279,"heggarty2024",-5.84184621439486,0.0810815564561893,0.0551125952477471,-0.0828562785743095
6280,"heggarty2024",-5.81123660321402,0.0146420280267848,-0.176366074460056,-0.106648705987671
6281,"heggarty2024",-5.82314375256991,-0.0596092679958437,0.09844640608989,-0.210850700743466
6282,"heggarty2024",-5.86395613319151,0.0327965570921827,0.00757762677372165,-0.239185145579828
6283,"heggarty2024",-5.95066672627043,0.110667503125257,-0.0463608040813933,0.0781215775807025
6284,"heggarty2024",-6.18717300086423,-0.207462369943166,0.11269428796515,-0.100578741067944
6285,"heggarty2024",-5.88784903637584,-0.0889776571670835,-0.0577310754249137,-0.113710935333243
6286,"heggarty2024",-5.81964618263532,0.0130346253054924,-0.139311001722114,-0.0844529894718857
6287,"heggarty2024",-5.86208006627235,-0.0780712104750619,-0.102463915590443,-0.0295442728588453
6288,"heggarty2024",-6.29379640324176,0.112051157128224,0.0362918230586274,-0.0312790097124776
6289,"heggarty2024",-5.93782148454027,-0.251369517434559,-0.11884006829032,-0.170869070879999
6290,"heggarty2024",-5.90616367829484,0.028508037328889,-0.163442218062069,-0.128354701124459
6291,"heggarty2024",-5.81756544238416,-0.0988968541613217,-0.00381648403612629,-0.176351609994165
6292,"heggarty2024",-5.82568892837381,-0.172677932764144,-0.00471354647336997,-0.0720192074075529
6293,"heggarty2024",-5.33340698558503,-0.0516018857950934,-0.00662327768257349,-0.105393752309338
6294,"heggarty2024",-5.94401710274249,-0.126240135711571,0.204598463973505,-0.102589461434509
6295,"heggarty2024",-5.88167832215962,-0.0929694563024216,-0.00134310363077641,-0.209734119927468
6296,"heggarty2024",-6.02198917013506,0.01230110982597,-0.086790020018205,-0.0943237436550238
6297,"heggarty2024",-5.89881536087363,-0.114119095442032,-0.069615642514771,-0.0991232138081124
6298,"heggarty2024",-5.79724712672897,-0.0495711004541535,0.0987194364637715,-0.121199130001629
6299,"heggarty2024",-6.21725001635372,0.0683178186838607,0.0830752238606581,-0.088160390860089
6300,"heggarty2024",-5.28391702456486,-0.0783926866397996,0.0371293901016261,-0.0280074140511489
6301,"heggarty2024",-5.9702405323528,-0.131405679253732,-0.0189220061650799,-0.0752849021136156
6302,"heggarty2024",-6.0083877368693,-0.0463747044408012,-0.0169162224625582,-0.249120595556546
6303,"heggarty2024",-5.79679367583412,-0.313975024534493,-0.0753005151569813,-0.205676913327999
6304,"heggarty2024",-5.92265626917285,-0.0433934333013141,0.0452035780614484,-0.0249258410222097
6305,"heggarty2024",-5.49383381209759,0.094634991765999,-0.0159742108183022,-0.108106358362178
6306,"heggarty2024",-5.61247695422795,-0.0753123076202968,0.0101531956086425,-0.112998957098622
6307,"heggarty2024",-6.02592979408453,-0.122762890332458,0.000421173996894965,-0.0046126753924801
6308,"heggarty2024",-5.78944371252569,-0.107044587414747,-0.00298877724811275,-0.0353883121738544
6309,"heggarty2024",-5.71672277008076,-0.000378169779946459,-0.0562730745012732,-0.34252286193634
6310,"heggarty2024",-6.13828940799053,-0.0336150499263155,-0.0659557175349405,-0.0243342486665462
6311,"heggarty2024",-5.91031831893092,0.0185617351873497,-0.145149115930854,-0.155184992340838
6312,"heggarty2024",-5.86206171780143,-0.151716370855465,0.111540297214895,-0.0298429202360134
6313,"heggarty2024",-5.82771513972538,-0.0475335771192251,-0.0272718634422887,0.0165805052047809
6314,"heggarty2024",-6.19127009367561,-0.0503713838015587,0.0658982206973464,-0.131805933961517
6315,"heggarty2024",-6.28603326199285,0.0273235631324731,-0.00143561161625234,-0.0864245114591331
6316,"heggarty2024",-5.93048934205691,0.0607821641075299,-0.13589568824148,-0.110187722219579
6317,"heggarty2024",-6.29901229675195,-0.102322281555435,-0.151381540980964,0.0231792815902952
6318,"heggarty2024",-5.48449930335344,-0.000236850894405597,-0.141658721129476,-0.159219912196729
6319,"heggarty2024",-5.6372320976341,0.00373665086649022,0.0445935835331493,-0.0210580895564846
6320,"heggarty2024",-5.90452052092695,-0.088465792660732,0.0882021818138969,-0.0582369739740458
6321,"heggarty2024",-5.3761744825282,-0.0614760673205252,-0.0281808513631316,0.00581107825875549
6322,"heggarty2024",-5.78390977533364,-0.129181481327541,-0.0810952191379153,-0.188246491124693
6323,"heggarty2024",-6.34612455746439,-0.0838339857329333,-0.0367107944598226,-0.070927595271296
6324,"heggarty2024",-5.82499729728402,-0.00552991284759586,0.0503067978114732,-0.155743115386997
6325,"heggarty2024",-5.99203276930337,-0.0728724610149809,-0.049836675062667,-0.0784016202363257
6326,"heggarty2024",-5.8307803999216,-0.0706964492792456,-0.0366207149641048,-0.145478202213061
6327,"heggarty2024",-5.83815162758793,-0.0305980559665798,-0.0545761834436935,-0.176514589718258
6328,"heggarty2024",-5.8811955125667,-0.0455078864144264,-0.1471631964627,-0.187708239543288
6329,"heggarty2024",-6.01459419404473,-0.0957242813632104,0.0346993621785767,-0.0868335430325113
6330,"heggarty2024",-5.99434452549479,-0.190202667774748,0.193836495674945,0.0364425743977434
6331,"heggarty2024",-6.40820607314679,-0.105614999489975,0.00167125097234619,0.0461915939992609
6332,"heggarty2024",-5.63488699262261,-0.0529790260416144,0.142819316594159,-0.221409582650946
6333,"heggarty2024",-5.5991869222915,0.0551447248549572,-0.0339900406531343,-0.0464017441465337
6334,"heggarty2024",-5.74888894335851,0.1605562542474,-0.0491973343125946,-0.0140984042869159
6335,"heggarty2024",-5.51132288441779,0.0817079759193177,-0.106285521897825,-0.0415000784296884
6336,"heggarty2024",-5.69850353480153,0.0633050764451862,-0.0840985784847772,-0.114026767592192
6337,"heggarty2024",-5.84139541142196,-0.0284265539962654,-0.0216565821678325,-0.104386795812366
6338,"heggarty2024",-6.10558640891216,-0.206412729260872,-0.144056725197922,-0.120639011715374
6339,"heggarty2024",-5.68785198462317,-0.00414528362351067,-0.0675337612146416,-0.0919737532814373
6340,"heggarty2024",-6.04057173358168,0.000257058198945913,0.0527373664447744,-0.110323424144072
6341,"heggarty2024",-5.96681092255194,-0.141914126011022,0.0231099457289486,-0.181969783331465
6342,"heggarty2024",-5.85806042598342,-0.113970832599108,-0.160612868018821,-0.130008562791699
6343,"heggarty2024",-5.80697272820017,0.163294371451242,-0.212405740046043,-0.0889091569450971
6344,"heggarty2024",-5.61861908107263,-0.183108776195398,-0.169501553086521,-0.130132226716935
6345,"heggarty2024",-5.88683918127394,-0.0403119560922414,-0.0168313485580633,-0.130139552889128
6346,"heggarty2024",-6.10792230509732,-0.0967633657916178,-0.0621141581697705,-0.0938013048602889
6347,"heggarty2024",-5.75120201344131,-0.0322541943035928,-0.07826927677621,-0.140183122555173
6348,"heggarty2024",-6.2155873472823,-0.0651125326912906,0.0419218062845778,0.0784731403824498
6349,"heggarty2024",-5.74442628327522,-0.107072287510661,-0.0299246683089041,-0.129443032795378
6350,"heggarty2024",-5.88976344576053,-0.105135720190408,-0.0704006695732915,-0.0653694017058551
6351,"heggarty2024",-5.79225380023772,-0.0306529138205332,0.0539736261200218,-0.0743602021890686
6352,"heggarty2024",-6.20968985233006,0.0431749062277133,-0.0740676445207706,0.0274049698757933
6353,"heggarty2024",-5.70149385360994,-0.0423981929264789,-0.00176883674632612,-0.0839413090754023
6354,"heggarty2024",-5.92396888926263,-0.156713435175872,0.00333695745847232,-0.0223813798644596
6355,"heggarty2024",-5.80288176117605,0.0241286560384924,-0.145050210737139,-0.144754597347469
6356,"heggarty2024",-5.91150416338951,-0.13269596689163,0.0988630791381516,-0.130857848257721
6357,"heggarty2024",-6.13114693511016,-0.0142218368458091,-0.00418485649185054,-0.00446288843845368
6358,"heggarty2024",-5.66039297563673,-0.106454817573542,0.016393020182237,-0.0753739193740518
6359,"heggarty2024",-5.83202449630931,0.0955921718544356,0.159493538575329,-0.117605887105248
6360,"heggarty2024",-5.95622979127627,0.0965879186460746,-0.0405442979062907,-0.140377492023497
6361,"heggarty2024",-5.7716924655183,-0.0399807375971275,-0.0369641002593146,0.038469004320551
6362,"heggarty2024",-5.86329146328175,0.103114373814509,-0.027186754677469,-0.0235240858079438
6363,"heggarty2024",-5.76680391621509,0.00255492135460096,-0.0227619567684948,-0.154139781066823
6364,"heggarty2024",-6.34196610458543,0.033987707791269,-0.0678406114536501,-0.0735815559806194
6365,"heggarty2024",-6.06889691739116,-0.0427338090099392,0.0111192078064081,-0.035794215647304
6366,"heggarty2024",-5.41408035783521,-0.0648150879740151,0.0269093853440306,-0.0929140582410242
6367,"heggarty2024",-5.99832208065496,-0.0849574048864423,-0.0141359894172027,-0.140206239025463
6368,"heggarty2024",-5.14567763627566,-0.0282354722354672,-0.0748600557072628,-0.252084693264165
6369,"heggarty2024",-5.8766208620203,-0.0256457111021131,0.0664665747815617,-0.0028360820868961
6370,"heggarty2024",-5.57664843873728,-0.137314047715702,0.0698679600498453,0.0255418309361572
6371,"heggarty2024",-6.21642487208055,-0.188434198237567,-0.0563288729376006,-0.184759389816325
6372,"heggarty2024",-6.19911639445483,0.0655275139968888,-0.112564942793554,-0.140814863303506
6373,"heggarty2024",-5.84327003929174,-0.0609959051178071,0.00443699717455846,-0.146340288355253
6374,"heggarty2024",-5.94636248804547,-0.111610902974219,-0.106135536797716,-0.0774439049771308
6375,"heggarty2024",-5.80394040208734,-0.0688097489389903,0.222176141338031,0.0104930861902881
6376,"heggarty2024",-5.72459964536205,-0.0333170524350742,-0.11179286223759,-0.100114848619383
6377,"heggarty2024",-6.2959719446164,-0.0311316243620813,0.0312151599898078,-0.179804829129453
6378,"heggarty2024",-6.06817676377912,-0.159852222918812,0.00985050278521278,0.210676670844371
6379,"heggarty2024",-5.82847394252438,-0.106023284019081,-0.018650917727817,-0.0555687797353116
6380,"heggarty2024",-6.51534372355663,-0.132712130575738,0.010820350943848,-0.116761859786489
6381,"heggarty2024",-5.98877579284249,-0.0300772130365195,0.0292374373867331,-0.033676305929315
6382,"heggarty2024",-7.37451916472001,-0.133207574832412,-0.0420458663359929,-0.116476626247985
6383,"heggarty2024",-5.8605714867161,-0.0696574329725219,-0.00296558402746057,-0.112658292346894
6384,"heggarty2024",-5.92521232452462,-0.0897454094747874,-0.0499728405373017,-0.104940829268266
6385,"heggarty2024",-6.10642585433045,0.0233454350385662,0.108270819393489,-0.0359383553150092
6386,"heggarty2024",-5.97395564004635,-0.0477554640606624,-0.167873809566095,-0.112866354250276
6387,"heggarty2024",-6.3170304887599,-0.0550530457497354,0.126520051964071,0.0287560685470817
6388,"heggarty2024",-6.07600097275891,0.0517054186593034,0.0640803573732778,-0.0294866526478556
6389,"heggarty2024",-5.69020776329257,-0.0243741833868261,0.0482176578103632,-0.0773973192562995
6390,"heggarty2024",-6.53077227533887,-0.00407875949963091,0.0084254400647045,0.0079403411001524
6391,"heggarty2024",-5.88004273070097,-0.0120814295742646,-0.0131321029726145,-0.111878193957251
6392,"heggarty2024",-6.02347147401001,-0.0150974804268583,-0.141244448867674,-0.0831568380622573
6393,"heggarty2024",-5.98204856214374,-0.119321764054774,0.234306722862358,-0.159869068670418
6394,"heggarty2024",-5.63793597421118,-0.000306204643127509,-0.127992121924104,-0.112073510158659
6395,"heggarty2024",-5.9730770981584,0.0863646775327906,-0.125483482096789,-0.00448797556929538
6396,"heggarty2024",-5.6999243106937,-0.0649706741385462,-0.0655604652970601,-0.138542382874396
6397,"heggarty2024",-5.89580263907194,-0.123518351181831,-0.065521069908486,-0.0982605847552452
6398,"heggarty2024",-5.87980114263526,0.0154783097142065,-0.0851433495773491,0.00962339791325584
6399,"heggarty2024",-5.51614819618844,-0.0442115063438399,-0.153919361039449,-0.0511913416679215
6400,"heggarty2024",-5.80255676210937,0.0274833380351598,0.0105403669921451,-0.120594245553399
6401,"heggarty2024",-5.79825091756492,-0.153494080292418,0.0198481319185426,-0.171480054632322
6402,"heggarty2024",-5.6969862257655,-0.00776371681989516,0.0869052802758007,-0.124001431133501
6403,"heggarty2024",-5.96424776797758,0.0194188881217613,-0.118069200184186,-0.112684952977083
6404,"heggarty2024",-5.96836659192661,-0.0149170408541219,-0.0793932341323785,-0.232746383723683
6405,"heggarty2024",-5.76647907384047,0.153235534082036,0.0123498436264812,-0.176411362529921
6406,"heggarty2024",-6.19108792075791,-0.00291032636774526,0.000560005124564954,-0.0833247709400751
6407,"heggarty2024",-5.83943420987219,-0.0806155054683525,-0.082944554147669,-0.0936679978647714
6408,"heggarty2024",-5.73212798728452,-0.0766786886528813,-0.0996595921642227,-0.128544979633938
6409,"heggarty2024",-6.00443929082814,0.0894005081507799,-0.110257585291977,-0.0112723829764321
6410,"heggarty2024",-6.11738073850163,-0.00223560122450918,-0.0576005180651587,-0.0815585757802352
6411,"heggarty2024",-5.76016215965715,-0.043708096876564,-0.0453505758386062,-0.163603972114745
6412,"heggarty2024",-5.85848158081358,-0.051431748300147,0.0727535111647025,-0.0920843954958303
6413,"heggarty2024",-5.612595847259,-0.00607634263995119,-0.0663531638748211,-0.107920494552438
6414,"heggarty2024",-5.65897443035266,-0.0244928814565859,0.0374379510081727,0.0354616043743426
6415,"heggarty2024",-5.84779834216843,0.046823372092422,0.0348419715588803,-0.090721899685012
6416,"heggarty2024",-5.84541242084874,-0.00269663594864661,-0.154489827615556,-0.208856107833456
6417,"heggarty2024",-5.38711620469658,-0.0719276262299912,0.0162746395340138,-0.317414876481277
6418,"heggarty2024",-5.87117296827739,-0.0815520143209494,-0.0526833073816217,-0.21918829789255
6419,"heggarty2024",-5.81963455859411,-0.00231633452643748,-0.0259349442475879,-0.151581750175873
6420,"heggarty2024",-5.8497042664141,-0.0520794635061761,0.0803183986522736,-0.123297150993756
6421,"heggarty2024",-5.68073651419983,-0.000276743709429581,-0.0373651624731202,0.0271288121598579
6422,"heggarty2024",-5.72580157257109,-0.0279949699477902,-0.109518060147077,-0.158814176345356
6423,"heggarty2024",-5.55658169301314,0.0696176193456892,-0.0581900402258113,0.182733224292313
6424,"heggarty2024",-5.81367542900337,0.0707446596770499,-0.0438217815697316,-0.0487020019194711
6425,"heggarty2024",-5.89511938635116,0.0349448750680485,-0.0517277440982016,-0.00653074273894324
6426,"heggarty2024",-6.42651453271866,-0.189089753543579,0.0194139228854453,-0.14566882154614
6427,"heggarty2024",-6.12830460472875,-0.144566708015415,-0.10783878440198,-0.114091987411769
6428,"heggarty2024",-5.80140308969876,-0.104533567905518,-0.121791146380247,-0.169078235109079
6429,"heggarty2024",-5.71379308666097,-0.00571414397385392,-0.0143327413803937,0.0521764943362279
6430,"heggarty2024",-5.75520471127876,-0.0119128911792403,0.0302305702189704,-0.114734626108195
6431,"heggarty2024",-5.82532975733164,0.0791359046655754,-0.0970990299954109,0.00798855254605715
6432,"heggarty2024",-5.80398638285039,-0.0464459872768141,0.00634893982127456,-0.122909838430876
6433,"heggarty2024",-5.79694969919926,-0.0219361906502749,-0.0263040931986654,-0.10482885676204
6434,"heggarty2024",-6.42065448534733,-0.138287822203141,-0.00598036812972204,-0.208392527334892
6435,"heggarty2024",-5.84944903142461,0.00945282605923885,-0.0424913128684996,-0.136680461789027
6436,"heggarty2024",-6.06336232742755,-0.0175012044387903,0.0488084534217636,-0.0586233742467872
6437,"heggarty2024",-5.91028067266577,-0.105250665332953,-0.0618467089958812,-0.112822927415177
6438,"heggarty2024",-6.02160997472421,-0.0271059803870466,0.01270117493121,-0.0884996689037203
6439,"heggarty2024",-5.84169022844816,-0.0705477239312644,-0.176047078568044,-0.106910808987139
6440,"heggarty2024",-5.94734809024316,0.0377917526177075,0.0844262431472957,-0.0392759414834938
6441,"heggarty2024",-5.65349658141502,-0.0829077250572274,-0.0919329877942527,-0.146838556622443
6442,"heggarty2024",-5.63755113239302,-0.088793488501861,-0.0921082256266909,-0.134177055956268
6443,"heggarty2024",-5.86068860045641,0.0651848916265914,-0.0245043316866005,-0.0724137355259736
6444,"heggarty2024",-6.34188517356152,-0.0458406061737979,0.160874038791679,0.0188594631818701
6445,"heggarty2024",-6.1270417896532,-0.0257370651026759,-0.121889823197485,-0.16732672472407
6446,"heggarty2024",-6.01422886360559,0.00906526528796025,-0.038630192921393,-0.21333163258865
6447,"heggarty2024",-5.76828769377265,-0.0528981804606092,-0.0111132693830854,-0.0174150522061253
6448,"heggarty2024",-5.88766960097256,-0.022003003295319,-0.00526358019275694,-0.124277004716441
6449,"heggarty2024",-5.92716177233659,-0.0106899134622182,0.0282737616524195,-0.12085027527104
6450,"heggarty2024",-6.33079519425856,-0.0785837800935454,0.0451201681426651,-0.0581140449090431
6451,"heggarty2024",-5.86142063858249,-0.0796685559527565,-0.0253204308317299,-0.221016135898375
6452,"heggarty2024",-5.92372896231468,0.0108349798801522,-0.00102292780594716,-0.127741158240973
6453,"heggarty2024",-6.11829412469587,0.0325439000832063,0.0324409276724843,-0.124024795347643
6454,"heggarty2024",-5.64499414719335,-0.130896965956199,-0.0517815026089374,-0.089444551949111
6455,"heggarty2024",-6.38624116704638,-0.0419565470350324,-0.10897973553294,-0.126631557924386
6456,"heggarty2024",-5.87661148237481,-0.181341036652097,-0.0595090609997632,-0.110454134343645
6457,"heggarty2024",-6.12064170689682,-0.0850953211754015,0.102372536961977,-0.100624289720292
6458,"heggarty2024",-6.04522458088511,-0.0457266357845836,0.0454594442828456,-0.0718626453126026
6459,"heggarty2024",-6.06485371879814,-0.0436569087520396,-0.163499079546757,-0.184276608192533
6460,"heggarty2024",-5.96659230895086,-0.198593699296244,-0.122189129060583,-0.0881332622812057
6461,"heggarty2024",-5.89108478020539,-0.0508573761151148,-0.0414798455660019,-0.0999263437485143
6462,"heggarty2024",-5.85998817870502,0.0199208930266643,0.117023452669807,-0.0367536303338174
6463,"heggarty2024",-5.87364735039844,0.0328325246540834,0.0101982673712243,-0.22035904625317
6464,"heggarty2024",-5.81068214369974,0.000672997887468774,-0.085512707194559,-0.188196187034258
6465,"heggarty2024",-6.08188828456511,-0.178247854085068,0.014013567700753,-0.146190381979601
6466,"heggarty2024",-5.82926841898279,0.0439256574312732,-0.238006429185178,-0.235725551705137
6467,"heggarty2024",-5.80194054813645,-0.0146226890621706,-0.162867566669006,-0.125416169859916
6468,"heggarty2024",-5.95865357526307,-0.0589832120583624,0.0820166186717407,0.00559901478020192
6469,"heggarty2024",-6.0826442261278,-0.0679667121487537,0.0166602331039388,-0.0566450069900504
6470,"heggarty2024",-5.88910205677403,-0.0939099526951662,0.0102647150798488,-0.0679071135891067
6471,"heggarty2024",-6.12819138399031,0.129845181158341,-0.100007951269385,-0.130983335612304
6472,"heggarty2024",-5.88353691131859,0.00538280812522854,-0.117006677295554,-0.136570751102594
6473,"heggarty2024",-5.74497831627932,-0.00262206756979338,0.0395301429162819,-0.0999751747729165
6474,"heggarty2024",-6.24660316011116,0.00548924469294958,-0.0684402941657272,-0.112555100513732
6475,"heggarty2024",-5.82200421775413,-0.0698547941819424,0.0920341762263222,-0.119083368947109
6476,"heggarty2024",-5.9285712478677,-0.0361338719489123,0.00493748340783414,-0.123832432852296
6477,"heggarty2024",-5.61712672075362,-0.121896049086629,-0.0337700348483888,-0.00197575589190392
6478,"heggarty2024",-6.17857268658009,-0.00881699017990474,-0.122312218145965,-0.0650983984246529
6479,"heggarty2024",-5.68179064205596,-0.086090591464335,-0.120872039850767,-0.108146225300263
6480,"heggarty2024",-5.85539803969757,-0.12827792273416,-0.0260253746178238,-0.231103637465348
6481,"heggarty2024",-5.61500735006588,-0.167559701295189,-0.169087781694764,-0.20474798235563
6482,"heggarty2024",-5.93606397911539,-0.0389581763358783,0.0421910898096189,-0.0415999441400554
6483,"heggarty2024",-5.75842464478736,0.00331095628706205,-0.0245983512926798,-0.170313044135019
6484,"heggarty2024",-6.2490061520528,-0.252438897727984,0.115187931236355,-0.0914104625131045
6485,"heggarty2024",-5.63715077587359,0.0104995354649757,-0.0264098773345475,-0.120588342239695
6486,"heggarty2024",-5.86391025554142,-0.0942812217647443,0.0285943130388738,-0.218325926217861
6487,"heggarty2024",-5.94571263554826,-0.123626759454146,-0.0258801199233899,-0.0800654656108544
6488,"heggarty2024",-5.86730037879041,0.0191548100379039,0.112002413275893,-0.0166044728722654
6489,"heggarty2024",-5.90348193796031,-0.0960622149535098,0.00204866089994884,-0.136747291037345
6490,"heggarty2024",-5.72080154836507,0.118347735345444,-0.0634075269795664,-0.0658328077241734
6491,"heggarty2024",-5.95497283152758,-0.190761513832588,-0.111988233690505,-0.163045420589927
6492,"heggarty2024",-6.09521172239189,0.00269438261849055,-0.0844597141033871,-0.241295951215659
6493,"heggarty2024",-5.87817488713612,0.0334586108437364,-0.110221363314747,-0.15972381189033
6494,"heggarty2024",-5.97905726318828,-0.0102689781908971,-0.101466458767352,-0.104347039879723
6495,"heggarty2024",-5.77811124639643,-0.0677758415708111,-0.235688331055626,-0.167486018872568
6496,"heggarty2024",-6.07096005969709,-0.0227643416343544,-0.0354954995267202,-0.0334177389767945
6497,"heggarty2024",-6.06250135572947,0.0195369961355507,-0.025505587789972,-0.105778745696698
6498,"heggarty2024",-5.641306706518,-0.0650590216121179,0.103410742371068,-0.104402025871408
6499,"heggarty2024",-5.99210521584629,0.0443854522261553,0.0178370964119434,-0.0442602751210685
6500,"heggarty2024",-5.84990633977954,0.0786864226350027,-0.0918702660851028,-0.117952519521656
6501,"heggarty2024",-5.6513089235267,-0.226748440173094,-0.0706222885755188,-0.111010663579911
6502,"heggarty2024",-5.88369172725507,-0.124130117319809,0.110423355818063,-0.0893392254199269
6503,"heggarty2024",-5.60918546519765,-0.0561187927877961,-0.144561052798254,-0.0850592089598589
6504,"heggarty2024",-5.94366450504476,0.0596697317764223,-0.081061879555768,0.0460026027615683
6505,"heggarty2024",-5.49840341408969,-0.0158137403821241,4.03541076301889e-05,-0.170196161322404
6506,"heggarty2024",-6.03936989730514,0.0146005529313029,-0.108039805387543,-0.0214686826536211
6507,"heggarty2024",-5.7989009335241,0.0199757478689233,-0.135214218531306,-0.0828622663888622
6508,"heggarty2024",-5.83303353892503,-0.00232603661041045,0.159056326583703,0.0295221335360592
6509,"heggarty2024",-5.68547153907023,0.0482601211847691,0.117778483234357,0.103891021587716
6510,"heggarty2024",-6.13696440230175,-0.0320687743253985,-0.0412115198868632,-0.118932416894439
6511,"heggarty2024",-5.86997313787699,-0.083924061154561,-0.0275303907675518,-0.0692611526937613
6512,"heggarty2024",-5.91176509824919,-0.129252265688318,0.278779596862071,0.157012479951342
6513,"heggarty2024",-5.5768813625772,-0.0948157592619867,-0.0617405658462113,0.00408031550498823
6514,"heggarty2024",-6.01403279866372,0.00639933241730352,0.0204204964570771,-0.0515376547540694
6515,"heggarty2024",-6.1931426961586,-0.170780462539232,-0.101766403736598,-0.0482176926286929
6516,"heggarty2024",-6.65112301570313,-0.167435801456674,0.0485956968959776,0.0267797797717017
6517,"heggarty2024",-6.39626862017187,0.0173044926907006,0.0574270272328951,-0.149783972473622
6518,"heggarty2024",-6.31992396781858,-0.106588293689738,0.0442651198933245,-0.0517280499930116
6519,"heggarty2024",-5.70225126186399,0.0354101127402932,-0.112281365898464,-0.0454530369824624
6520,"heggarty2024",-5.91815032939519,-0.0886961822968031,0.012291973031177,-0.089634058048714
6521,"heggarty2024",-6.09050289460339,-0.0797305091197355,0.0263249044391792,-0.0366349509175382
6522,"heggarty2024",-5.67652224787059,-0.100551719410127,0.0156866075967464,-0.00176590706533745
6523,"heggarty2024",-6.21300351626972,-0.0634968766986061,0.162344292775858,-0.0359751798746792
6524,"heggarty2024",-5.76704818249286,0.0753258546883748,-0.013997788940167,-0.043335351154873
6525,"heggarty2024",-5.90683500985002,-0.0461042022367626,-0.0186076929948971,-0.038884291826213
6526,"heggarty2024",-5.86690341149886,0.0100515076205213,0.0339791731631856,-0.0210745313985922
6527,"heggarty2024",-5.8988808109991,-0.0804489757894624,-0.166353422760932,-0.0371839012403023
6528,"heggarty2024",-5.38593812058118,-0.102365138757401,0.110977110634548,-0.130247791097592
6529,"heggarty2024",-6.78553137636834,0.109794721975513,0.106153019869799,0.0466108680713017
6530,"heggarty2024",-6.42487993320602,-0.134219176117233,0.0600897629754428,-0.127928813809754
6531,"heggarty2024",-6.05683053101009,-0.0657235948271088,-0.00546751333474988,-0.0269207886004124
6532,"heggarty2024",-6.26824581449922,-0.121362870489016,0.0172509725531477,-0.0410423341834367
6533,"heggarty2024",-6.14712138176034,-0.0186950409428233,0.0398720559434164,0.0311312290836362
6534,"heggarty2024",-5.92993209291354,-0.0204014888835011,-0.186776433283841,-0.077493300449339
6535,"heggarty2024",-5.84040652038647,0.103648659632716,-0.0291155975599454,-0.0698530716761977
6536,"heggarty2024",-5.87582600503879,-0.0183869526949953,-0.085956364299201,-0.109783756994823
6537,"heggarty2024",-6.82142641086557,-0.110192346819267,0.0205784961706724,-0.0535136093960074
6538,"heggarty2024",-5.98916401441504,0.0709622788775544,0.0495106943303336,-0.0665707715767427
6539,"heggarty2024",-6.07738514501817,-0.0846536599844293,-0.26961645336743,-0.0299393791909198
6540,"heggarty2024",-6.26888660006361,-0.0684311228034696,-0.0310934346955463,-0.00244892375365836
6541,"heggarty2024",-6.00093430518125,-0.0144526781753909,-0.00210840240570039,-0.189145214538453
6542,"heggarty2024",-5.70111813843443,-0.0569465487187946,-0.110306364513941,-0.00505364773903841
6543,"heggarty2024",-5.6904171144546,-0.150836521880026,0.0648509552157795,-0.18790682047721
6544,"heggarty2024",-6.05794857088461,-0.151315431151252,-0.212799789902574,-0.311291620845314
6545,"heggarty2024",-6.36535196487421,-0.0390934805823373,0.103795250899874,-0.0240397123460756
6546,"heggarty2024",-6.01803646239582,0.0508620304500723,-0.0133865903494453,-0.171112912078346
6547,"heggarty2024",-5.72539135321623,0.0476183052887989,-0.0870136162496915,-0.125372728413816
6548,"heggarty2024",-5.73834572329783,-0.050697628444,-0.0723460138488146,-0.138024708692686
6549,"heggarty2024",-5.82603341080834,-0.0178488816678096,0.00352731173981359,0.0589922730087371
6550,"heggarty2024",-5.72497209371608,-0.0986748242841775,0.117378867512958,-0.145747097106964
6551,"heggarty2024",-6.42060450959078,-0.111902567673064,-0.0570476192692895,-0.222408528765386
6552,"heggarty2024",-5.77553130634036,-0.0256374721664143,0.0592399380819387,0.0143695258878092
6553,"heggarty2024",-5.90718711170376,0.0189867567669467,0.0905747617880542,-0.135123090852089
6554,"heggarty2024",-5.86289851215101,-0.110253060272775,0.0251781363571687,-0.0817379710211413
6555,"heggarty2024",-5.78053543143399,-0.00774275736304975,0.0794585173156151,-0.00805122563483088
6556,"heggarty2024",-5.77674317507332,0.0730866741462947,0.0600377988761585,-0.0699626888537669
6557,"heggarty2024",-5.97296999749577,0.0842467383913462,-0.297701171920115,-0.0496481347780391
6558,"heggarty2024",-5.82083941578492,0.0084284958679019,0.0219146167236194,-0.131758214618037
6559,"heggarty2024",-5.98681979741485,-0.0372034643073415,0.027905011415106,-0.0929685281181803
6560,"heggarty2024",-5.9368744483761,-0.0530863424079004,-0.107104671349203,-0.131034808894045
6561,"heggarty2024",-6.11414104376356,-0.159006044627563,0.00312792783059753,-0.0734901493043319
6562,"heggarty2024",-6.17719788701468,-0.0968744981140023,-0.0290650687867876,-0.060804779413386
6563,"heggarty2024",-6.49694165737209,0.00611583960211554,-0.184401095043517,-0.0639945870857029
6564,"heggarty2024",-5.56737601783541,0.0363154221067437,0.0751782017654843,-0.024145315819888
6565,"heggarty2024",-5.70780326307487,-0.00787482312718839,-0.0384026258250714,-0.130392682145504
6566,"heggarty2024",-6.13761836657709,-0.031926330442953,-0.0141731288559284,-0.152506375410821
6567,"heggarty2024",-6.04342154109219,-0.000604843707667897,-0.0233702372662967,-0.126334850875194
6568,"heggarty2024",-6.27356128540749,-0.0832305152745881,-0.0869967725724743,0.0285335954312809
6569,"heggarty2024",-5.84076698037851,-0.0718226550095577,0.022490652913735,-0.228039875250249
6570,"heggarty2024",-6.0955163039475,-0.0804939228523108,-0.119826093485147,-0.067355432173992
6571,"heggarty2024",-6.55915854105635,-0.128389050966782,0.119776136437055,-0.107662740197772
6572,"heggarty2024",-5.8174428805559,0.0223944772871188,0.0852537288353202,0.0500375598464852
6573,"heggarty2024",-6.09349119563194,-0.0205816223193764,-0.0294513320137736,0.0605694525663504
6574,"heggarty2024",-6.16604782889794,-0.0747547869529288,0.0460254970512944,-0.183121004350985
6575,"heggarty2024",-6.02416298465368,-0.0423659128061948,0.00822971813742888,-0.256476117267977
6576,"heggarty2024",-6.44696510426479,-0.0918332972474079,0.0136452106182639,-0.0967070881883277
6577,"heggarty2024",-5.35073910093608,-0.122218329973886,-0.0525372900940309,-0.131772371636443
6578,"heggarty2024",-5.93222717025592,0.10131188763569,-0.0144976510050751,-0.0505962478443841
6579,"heggarty2024",-6.09085622693043,0.0677268162316558,0.0268015252125287,-0.10794545145372
6580,"heggarty2024",-5.94925258144332,-0.0841128266218994,-0.0875836343456974,-0.0685919447167929
6581,"heggarty2024",-5.93511480225981,-0.0514244854754585,0.120487039239365,-0.0360709612282225
6582,"heggarty2024",-5.87079579272839,0.0259358810985897,0.0224490015414098,-0.0498105138192029
6583,"heggarty2024",-6.26278749497383,0.0772733957603963,-0.012527042353032,-0.0411497219494292
6584,"heggarty2024",-5.66397579679553,0.00466251853541952,-0.0883222776644876,0.00734629537641455
6585,"heggarty2024",-5.83485396576646,0.0966680028216929,-0.136943777908274,-0.146039879832253
6586,"heggarty2024",-5.70446891551909,0.00529733622081405,-0.102277712018735,-0.162461757446554
6587,"heggarty2024",-5.79151410657165,-0.146582406066302,0.0321233601343207,-0.185245226397554
6588,"heggarty2024",-5.89729354308371,-0.178510060099996,-0.0350755342161564,-0.180306052899359
6589,"heggarty2024",-6.06077995231698,-0.0387681173156999,-0.0812311668453357,0.122342663086974
6590,"heggarty2024",-5.81868969445875,-0.0289987431834776,0.178693519856597,-0.170438385263515
6591,"heggarty2024",-5.82996798646801,-0.0581379857835745,0.0634697737998641,-0.0295771886105215
6592,"heggarty2024",-5.82299152001319,-0.143514816687753,0.00238352572926327,-0.154433428155675
6593,"heggarty2024",-6.10012744171588,-0.0368244121708842,-0.154604606384055,-0.0750305053820902
6594,"heggarty2024",-5.9260569736442,-0.018509401543813,-0.0495649041224508,-0.0673655552455306
6595,"heggarty2024",-5.90208833906485,-0.129873380307714,0.0549273882611171,-0.116397225935682
6596,"heggarty2024",-5.50443975008595,0.0188993569234154,0.0150645603184006,-0.218832030764691
6597,"heggarty2024",-5.52271968367851,-0.0376545093210556,-0.0559849612808772,-0.158800204408691
6598,"heggarty2024",-5.99476778179753,-0.0107222924523091,0.00676210879235174,-0.0180927230031525
6599,"heggarty2024",-5.91545512740982,-0.0660163565979655,0.00813245713125438,-0.00272813740703981
6600,"heggarty2024",-6.10591073156263,0.092999647571559,0.129114885003264,-0.0105663303804665
6601,"heggarty2024",-6.10532030348415,-0.0720963036993466,-0.0647819427177796,-0.120051561730112
6602,"heggarty2024",-6.24544501004441,-0.222662942532595,-0.0218742703197448,0.0175810413518013
6603,"heggarty2024",-6.53943787042918,-0.175778418973693,-0.0874833505198043,-0.0723077445127929
6604,"heggarty2024",-6.23758003533264,-0.108225042985095,-0.164445639885087,-0.112244709243925
6605,"heggarty2024",-6.13957923988707,-0.0126003123022863,0.0749901963756129,-0.0618408839864349
6606,"heggarty2024",-5.82870424746584,-0.137459088041939,0.0430766200821496,-0.271239570058972
6607,"heggarty2024",-5.53178682407568,0.0441018850490456,-0.00437301095556578,-0.0728370890090368
6608,"heggarty2024",-6.01677373140014,0.0119468804895637,-0.0237463551837344,-0.0425776913836143
6609,"heggarty2024",-5.93530726779839,0.0355646078777956,-0.0213101117268602,0.0334478552874845
6610,"heggarty2024",-5.99891116200634,-0.112106498110114,-0.0975814007406582,-0.118644951635831
6611,"heggarty2024",-5.89570150158379,-0.0241365468739044,0.0528482179457325,-0.0173610713451453
6612,"heggarty2024",-5.20967641913194,0.0334702616575601,0.074128590029312,-0.30978505207606
6613,"heggarty2024",-5.6622553430637,-0.0715470788425154,0.0799921406080605,-0.166876326663303
6614,"heggarty2024",-5.32237595073058,0.0487193361182177,0.0657731283564231,-0.0339566622895228
6615,"heggarty2024",-6.03542108390777,-0.019591349514702,-0.139749492764325,-0.217076181093153
6616,"heggarty2024",-5.8217810141398,-0.0388986129032085,-0.075666482535145,0.0335489294329392
6617,"heggarty2024",-5.73119818514069,-0.0322194948101196,0.0442560817066257,-0.106122275618134
6618,"heggarty2024",-6.09831129453878,-0.0808058431172308,0.0240257483203792,-0.125655730056719
6619,"heggarty2024",-5.97370248397989,-0.0477123482584236,-0.04855221038647,-0.00983188169415147
6620,"heggarty2024",-5.44716304035155,0.0319856854589004,-0.0498789656790823,0.0017343171150468
6621,"heggarty2024",-5.58343657881361,-0.0145476214746114,0.0988139648358225,-0.0340707553470099
6622,"heggarty2024",-5.7870289301345,-0.0177451471526306,-0.073148672264118,-0.168586318678775
6623,"heggarty2024",-5.92105108971618,-0.0538661414724467,-0.0693151425176246,-0.130306794710906
6624,"heggarty2024",-5.74822386700078,-0.0144319777029688,-0.198628969067676,0.07725429262228
6625,"heggarty2024",-6.15694500527686,-0.0885419654847801,0.0541164442039143,-0.0124295162669378
6626,"heggarty2024",-6.02430962362753,-0.0710304323562453,0.0121522628205143,-0.179737760659491
6627,"heggarty2024",-5.8228073229036,-0.0440624310560056,0.0355244924688711,0.0494627160872167
6628,"heggarty2024",-5.89170381165392,-0.0800827845849212,0.00382403415525922,-0.102750238560936
6629,"heggarty2024",-5.74517680770901,-0.0702628187198656,-0.0303879473428993,-0.0672143341306562
6630,"heggarty2024",-6.32441241553273,0.0522762726949862,0.0787844495697496,-0.00443435188288186
6631,"heggarty2024",-5.45260896507052,-0.0425733304718206,-0.0608473942555882,-0.0196614935557677
6632,"heggarty2024",-6.0839298369836,0.0265444310012871,-0.074366790430815,-0.0407919747989003
6633,"heggarty2024",-5.74998026927703,-0.07271490260202,-0.0141731979564559,-0.0293632147877711
6634,"heggarty2024",-6.17195686117932,-0.0286322068308241,0.0249050956868132,-0.0477675891887237
6635,"heggarty2024",-5.72471328727949,-0.000788688102579503,0.0116023489291278,-0.170823261365994
6636,"heggarty2024",-5.89887268423759,0.00384693487648326,-0.0879277729951579,-0.132388232064827
6637,"heggarty2024",-5.83966727593752,-0.0108164360564321,-0.104859977939562,-0.133829983184587
6638,"heggarty2024",-6.00271671199401,-0.0181901852311017,-0.0383880152102825,-0.0681843775468399
6639,"heggarty2024",-5.71708603336145,0.0433913266568624,0.0955951428209773,0.111520377590628
6640,"heggarty2024",-5.8073162824023,-0.0574436748628584,0.195743700332234,-0.128623197692323
6641,"heggarty2024",-6.16185176665314,-0.0859044198440615,-0.113166363698261,-0.0353734646066505
6642,"heggarty2024",-5.96007722160108,-0.015283066763062,-0.0715564427557618,-0.124917239588761
6643,"heggarty2024",-6.1797668635217,-0.145558635695305,-0.11348238485754,-0.00443119080758527
6644,"heggarty2024",-5.99734308769287,0.000129169533466832,-0.124794099498691,0.0343691434322351
6645,"heggarty2024",-5.68999847995441,0.00734211987109995,-0.120656233547984,-0.119652211854839
6646,"heggarty2024",-6.27960532540124,-0.0712581827732563,0.00935428210697975,-0.120650492910486
6647,"heggarty2024",-5.90316046810911,-0.122750234006283,-0.075032721803828,-0.198433841082451
6648,"heggarty2024",-5.87342523453192,-0.0551015793213669,0.0306596174817729,-0.116369184475957
6649,"heggarty2024",-5.50062046389571,-0.121906001989951,-0.00748922146920759,-0.15182318030731
6650,"heggarty2024",-6.10170641386192,0.0342540323264351,0.114084255772577,0.0604463180140061
6651,"heggarty2024",-5.73051336294113,0.106723175494475,-0.0508552265825804,0.0588363958568476
6652,"heggarty2024",-6.30000259087827,-0.123832094639168,0.0133563089646148,-0.0465420983898183
6653,"heggarty2024",-6.08301499476831,0.0472121380886202,-0.0550190811902294,-0.108740434682256
6654,"heggarty2024",-6.10981449200574,0.00953243532669421,0.0329729199090393,0.00552832480915459
6655,"heggarty2024",-6.13234529793669,-0.00382021404677731,-0.041361305761046,0.0331073682467043
6656,"heggarty2024",-5.81161305241167,-0.0604829756111997,0.126509140194223,-0.0360347168684167
6657,"heggarty2024",-5.91226023178373,-0.0687279178126559,0.0877256405400905,-0.0900538530777953
6658,"heggarty2024",-5.81891661004201,-0.120767213508309,-0.0706887515332609,-0.239584265212485
6659,"heggarty2024",-6.05781938632968,0.00419518628478121,0.00954381248721864,0.0080960973049743
6660,"heggarty2024",-5.69404291775896,-0.00145465283486176,-0.0588652803826978,-0.0497825495915058
6661,"heggarty2024",-6.07404098767426,-0.0778685215543573,-0.0683826772659474,-0.231891422223159
6662,"heggarty2024",-5.74523589387988,0.076708641575495,-0.0577691246110595,0.0276669446206202
6663,"heggarty2024",-6.26056087688077,-0.105905305849744,-0.0532837549112508,-0.0347968486387681
6664,"heggarty2024",-6.06995514986906,-0.0970539999867253,-0.115747532040352,-0.141186956901142
6665,"heggarty2024",-5.87807405323341,0.0540032058941,-0.061882784024566,-0.034138913878874
6666,"heggarty2024",-5.94614617270684,-0.071414763218806,0.00847916415765717,-0.0652937749931236
6667,"heggarty2024",-6.17884108903939,-0.0439992483445518,0.044868383245414,-0.0449079729246268
6668,"heggarty2024",-5.76874418480358,-0.0331168443544708,-0.0284884721873037,-0.0206820036661877
6669,"heggarty2024",-5.95778479817346,-0.0670484005492792,-0.120421629113512,-0.072569830153713
6670,"heggarty2024",-6.76627626626159,-0.0441988131415277,-0.095047221751928,-0.0644352192026043
6671,"heggarty2024",-6.07897358015394,-0.0320802891510103,-0.142466494219254,-0.11013900309675
6672,"heggarty2024",-6.21319920421158,0.0563165481759169,-0.00663092360869615,0.15456674548433
6673,"heggarty2024",-5.98208848704543,-0.0896449043791807,0.0500623958143222,-0.254614500569896
6674,"heggarty2024",-7.04566975725928,-0.0123574778092347,-0.0857414792354184,0.0494934901489652
6675,"heggarty2024",-5.6012468774388,-0.0562924539800901,0.0354740511503418,0.0432213735808603
6676,"heggarty2024",-5.93039162924867,0.0806540063169408,-0.0859110621717951,-0.149248020260541
6677,"heggarty2024",-5.98973935669667,0.021174727154182,0.0590784679401024,-0.0959776693701586
6678,"heggarty2024",-5.79856795291523,0.14492460402471,-0.251155701708256,0.0901016636147173
6679,"heggarty2024",-5.80502627103761,-0.0720141995966498,0.113874256795874,-0.000761589136115029
6680,"heggarty2024",-6.13235215425342,-0.117469121236445,0.0701265603048461,-0.172281407783599
6681,"heggarty2024",-6.00957660013292,-0.0124530687646147,0.0711132410771045,-0.163072809780334
6682,"heggarty2024",-6.24870475607946,-0.0279857836925017,-0.059175876818966,-0.0820170651037866
6683,"heggarty2024",-5.85717371890211,0.0105868816183512,-0.0111455063182364,-0.0336454520110245
6684,"heggarty2024",-5.64189043373914,0.0101066542614283,0.0298413430488385,-0.152417399775279
6685,"heggarty2024",-5.45741567773163,-0.0874721603792591,-0.084046113305274,-0.155552364777548
6686,"heggarty2024",-5.61499675932005,-0.0329766467051894,-0.0921005022147948,-0.156974193294948
6687,"heggarty2024",-5.46551707158835,0.0119085707046396,-0.00144175796104582,-0.057636385401506
6688,"heggarty2024",-5.8306904347242,0.140256276826677,-0.0397258925322175,-0.00814272810810759
6689,"heggarty2024",-5.9163517787697,-0.121082411419171,-0.134935376551651,-0.198390871796496
6690,"heggarty2024",-6.12268236681897,-0.124730518160159,-0.0413798666696905,-0.0430861348204259
6691,"heggarty2024",-6.30657477039984,-0.0710728467089135,-0.0760252040126338,-0.0210511662198538
6692,"heggarty2024",-5.77078644031899,0.122158221262773,-0.176222789521139,-0.143899985174979
6693,"heggarty2024",-5.72521776063885,-0.0336673745145935,0.036218988798275,-0.00104481592057066
6694,"heggarty2024",-5.8665600182959,0.0173437125799695,-0.00954605377602044,-8.95336110057899e-05
6695,"heggarty2024",-5.83866276604413,0.0244547157636228,-0.00396932430270345,-0.0991415461211881
6696,"heggarty2024",-5.85379990115632,-0.125239026259929,-0.0916032175983292,-0.147266195455043
6697,"heggarty2024",-5.80009376599502,-0.0493526590225961,0.093421297874345,-0.00740163025899106
6698,"heggarty2024",-5.73553434665126,0.0235773502626442,0.0538348765708678,-0.119518506285574
6699,"heggarty2024",-6.13167407924512,-0.202002554848457,-0.029395951946296,-0.00128964929485843
6700,"heggarty2024",-5.7317560013346,0.0118745928316264,0.0447386488259014,-0.0525642866923059
6701,"heggarty2024",-6.36573507276248,0.230881263494682,0.0160317601399218,0.0796215333296571
6702,"heggarty2024",-5.74444946206497,0.0599049822414568,-0.0752326109385565,-0.0411145865153902
6703,"heggarty2024",-6.1577463304911,-0.0614291625531346,-0.14584908862009,-0.20067815842418
6704,"heggarty2024",-6.18987773165806,0.0027829447872673,0.0349371329242593,-0.0726840173698853
6705,"heggarty2024",-7.19036253108132,-0.215790995705969,0.0166289409973389,-0.144674851769243
6706,"heggarty2024",-6.28730382568313,-0.100915965323228,-0.0307890969052259,-0.0522349913200979
6707,"heggarty2024",-6.47947198762143,-0.0225532276458811,-0.0106781431777144,0.158215732338222
6708,"heggarty2024",-5.84703882034446,-0.00286272869195543,0.0174829263844538,-0.092648422465017
6709,"heggarty2024",-5.86599832005169,-0.038356670385049,0.061229579259627,-0.177466259522948
6710,"heggarty2024",-6.32441565837993,-0.024931277400661,0.0271576340678093,0.00217208796241216
6711,"heggarty2024",-5.86504512981407,-0.0101912785985629,-0.0518303824022205,-0.0345112579943323
6712,"heggarty2024",-6.00343022995672,0.0121805280860565,-0.0627508858437453,-0.137772595211031
6713,"heggarty2024",-5.73352295585066,-0.0823398523833277,0.134261599768494,0.0072474260773363
6714,"heggarty2024",-5.64174099407094,0.0760653734533366,-0.00972901773613205,0.111430358339251
6715,"heggarty2024",-5.29144582366431,-0.0451855060194525,-0.0704885596303753,-0.224975448871587
6716,"heggarty2024",-5.24592850529351,0.0968873260530942,-0.0361567404946033,-0.179761733682784
6717,"heggarty2024",-5.9066133624882,-0.0663289650843765,-0.0700995638160094,-0.0558349934520479
6718,"heggarty2024",-5.71587252462902,0.0811721237924883,-0.0505627991664015,-0.0914720352769309
6719,"heggarty2024",-5.83794357318167,0.0429444081048253,-0.078085132071389,-0.101426417397659
6720,"heggarty2024",-5.92669938989086,-0.0315907964266117,0.0371776737108517,-0.0717694874502609
6721,"heggarty2024",-5.77739379306811,-0.0310855293132885,-0.117544363446829,-0.0998576525578091
6722,"heggarty2024",-5.63913219982391,-0.0498565298974203,-0.0320129800642322,-0.202125094487069
6723,"heggarty2024",-5.59044680995934,0.0717238329429467,-0.145328412111984,-0.1830479848106
6724,"heggarty2024",-5.7687332535671,-0.103173843906081,-0.0126904729522847,-0.0539739388003968
6725,"heggarty2024",-5.83780153267295,-0.184763437570353,-0.056629699698409,-0.112515768879127
6726,"heggarty2024",-5.87882707097439,0.00370507291067737,-0.0148423425327627,-0.0253568846099881
6727,"heggarty2024",-6.74705481040946,-0.0773433427118937,0.0575855740408372,-0.0745059129798725
6728,"heggarty2024",-5.82818893233446,-0.00969622612826836,0.00764480967781086,-0.0834788823128539
6729,"heggarty2024",-5.62022364729557,-0.00200203584297822,-0.109209436959625,-0.049711055785557
6730,"heggarty2024",-6.06412224294452,-0.081992173611607,-0.0830140665979907,-0.150686430631658
6731,"heggarty2024",-5.33662341802147,0.0432689076959262,-0.0488942432532997,-0.0129860863214906
6732,"heggarty2024",-5.70578312408656,-0.0986947531675253,-0.111630554357061,0.0335444968465758
6733,"heggarty2024",-6.50131656883679,-0.133872066485608,-0.0219343532502672,-0.0177176482286088
6734,"heggarty2024",-6.01271316929366,0.0301138252852741,-0.128951017355278,-0.00718580738421189
6735,"heggarty2024",-5.96353265511381,0.0391665878541115,-0.00506920197249656,-0.108524810845002
6736,"heggarty2024",-5.61014581929446,-0.0480353971605896,-0.0162210599230485,-0.1756734021891
6737,"heggarty2024",-5.63821899030532,-0.0373263530985674,0.0487296433009579,-0.142041944331095
6738,"heggarty2024",-6.13868206448714,-0.0061276900778868,0.0473641582406911,0.0904126414212419
6739,"heggarty2024",-5.88574763270157,-0.0351147199309646,-0.107469280897078,-0.138779557099886
6740,"heggarty2024",-6.14654112637978,0.0437295497598857,-0.130098151881698,-0.0495190632437851
6741,"heggarty2024",-5.35165308513646,0.0910984779334375,-0.0344746295354568,-0.0705531770421216
6742,"heggarty2024",-6.42258027179901,-0.110168719339215,-0.104790820507706,-0.099986058823233
6743,"heggarty2024",-6.25249357263969,-0.0382224334745494,-0.0665629598170799,-0.107843706606438
6744,"heggarty2024",-5.96230536407686,0.0220262727404152,-0.0554196198225125,-0.168141887507247
6745,"heggarty2024",-6.4995297512603,-0.134644373919704,-0.0176766076462964,-0.0700846983186231
6746,"heggarty2024",-5.53142152654415,-0.0483170753396021,0.0542995939231624,-0.148758153437415
6747,"heggarty2024",-6.18778962155363,0.00496725038773563,-0.0972863855575352,-0.0761622797371087
6748,"heggarty2024",-5.83744575927669,-0.000608843950762796,0.113586736231388,-0.111513476744446
6749,"heggarty2024",-5.55023677693158,-0.0792496189918796,-0.00454058519649798,-0.14383071946134
6750,"heggarty2024",-5.51572059702943,-0.0992522563268369,-0.0603736409210784,-0.12555033380266
6751,"heggarty2024",-5.74063298310934,-0.126684970964139,0.00257541137759227,-0.143853766495205
6752,"heggarty2024",-5.52452375282684,-0.112566636589073,0.0240396434750978,-0.276358525147441
6753,"heggarty2024",-5.74192180544774,-0.0267790653361393,-0.175646921949634,-0.0557093578036566
6754,"heggarty2024",-5.8137099558525,0.039428721630564,-0.137464312108767,-0.0627480504072967
6755,"heggarty2024",-5.87150995835704,-0.085212716365372,0.00755501800142774,-0.0963420693024633
6756,"heggarty2024",-6.10207111035762,-0.0691700906549629,-0.0987285983190274,-0.256833270058679
6757,"heggarty2024",-5.61960336573248,-0.0738376958676703,-0.0323884036993612,-0.163423468112444
6758,"heggarty2024",-5.90236586954466,0.010542260049466,0.0207903121246308,0.0409441133893207
6759,"heggarty2024",-5.89889391745472,-0.0299283557630263,-0.0493710369145567,-0.00220997796333027
6760,"heggarty2024",-5.88480233208212,-0.00143203721830094,0.0619426591425504,0.0451657434730397
6761,"heggarty2024",-6.09521003514579,0.0798813754577435,-0.00459710248077746,-0.0081597247645095
6762,"heggarty2024",-5.4615315322747,-0.146591597467309,-0.0620370890502758,-0.216375489750213
6763,"heggarty2024",-6.11076270587758,-0.0479612013530016,-0.107757377992704,-0.220185356417582
6764,"heggarty2024",-5.96494734308861,-0.0928801675568077,-0.0600946445280055,-0.143640086430024
6765,"heggarty2024",-5.90975808892964,-0.0586587232999045,0.0649432082025969,-0.10776318827994
6766,"heggarty2024",-5.78867719830333,0.0273151644288339,-0.000224877225854434,-0.091067606419203
6767,"heggarty2024",-5.80677910161872,0.108995305208056,-0.199774650171478,-0.150988179061428
6768,"heggarty2024",-6.02951158426444,-0.182754546147453,0.0823576289180355,-0.13111683895189
6769,"heggarty2024",-5.90235319271044,0.00528218395641207,0.0693876432531079,-0.0712519294985316
6770,"heggarty2024",-5.84498049719354,-0.0107169199692738,-0.232826432389855,-0.0903974298239906
6771,"heggarty2024",-5.7570693352823,-0.17128744268224,-0.0137485361504622,-0.237705139585624
6772,"heggarty2024",-6.30985131266532,-0.0292730338663689,0.0462933963086515,0.0437032229984513
6773,"heggarty2024",-5.73619033478163,-0.100311587514543,0.0702673133146812,-0.0167912925829722
6774,"heggarty2024",-5.9734058065936,-0.107538603164099,-0.063429705424483,-0.197978997469561
6775,"heggarty2024",-6.21654182206347,0.0531425537487482,-0.00777422790183312,0.0387796231367171
6776,"heggarty2024",-5.91723922060345,-0.00734188511541736,0.0149898436079363,-0.0247706893294257
6777,"heggarty2024",-5.92885462671196,-0.0373270959442848,-0.0187722468047988,-0.15800852703712
6778,"heggarty2024",-5.7836201299273,-0.00159890663555254,0.00246642929809771,-0.186434509660594
6779,"heggarty2024",-5.84077021064531,-0.00697492707653933,0.00371798917936959,-0.0306431158106012
6780,"heggarty2024",-6.11957304640696,-0.0404354283385367,0.0147926229195452,-0.147218569154865
6781,"heggarty2024",-6.43020806221237,-0.123016256502074,0.0834025433275503,-0.0760253692570195
6782,"heggarty2024",-5.35471682140615,-0.111716805739734,-0.115924628995855,-0.123585475703124
6783,"heggarty2024",-5.88046781514944,0.0983478222100947,0.0930818010607411,-0.0924302182036032
6784,"heggarty2024",-6.00602422216172,-0.0561489238752455,0.0778410756023448,-0.0226221004428153
6785,"heggarty2024",-5.47333225898637,0.123191616972042,-0.0956837826504578,-0.108451414002072
6786,"heggarty2024",-6.01319122649443,0.0959243546944708,-0.0619614271870999,-0.118740240546028
6787,"heggarty2024",-5.92899477775204,0.0251231807747257,0.0193275830151678,-0.150124388230524
6788,"heggarty2024",-5.8236962058979,0.0187523004890198,-0.0415385372866913,0.0372413977477567
6789,"heggarty2024",-6.11078022601304,-0.0127995173325323,0.0379265695656226,0.0725027544790086
6790,"heggarty2024",-5.86922528799848,0.0603659702718983,-0.0710198570524269,-0.0836047775331512
6791,"heggarty2024",-6.067217194786,0.062048976181346,-0.0776406817649345,-0.0510436285987576
6792,"heggarty2024",-5.85718210522658,0.0258195485857224,0.0104346314947336,-0.202260829996459
6793,"heggarty2024",-5.48506951237716,-0.0863825580124045,0.0134305241882529,-0.0640810095048067
6794,"heggarty2024",-5.54232185992434,-0.0293759237458201,-0.0595078560502925,-0.0749255999629967
6795,"heggarty2024",-6.21948760907112,-0.0397832140910237,-0.0497073757360201,-0.0573645776656038
6796,"heggarty2024",-6.27027304370909,-0.0375872011677167,-0.0966788956433053,-0.199683088634897
6797,"heggarty2024",-5.63096946716697,0.0142048197168206,0.0671117032458747,-0.0858438683549229
6798,"heggarty2024",-5.81886211151601,-0.0300441253609984,-0.0174762050702235,-0.119987159996145
6799,"heggarty2024",-5.86397431144827,-0.0467087334862214,-0.0751472695145773,-0.0422018981884211
6800,"heggarty2024",-6.09418123979681,0.00215996424449109,0.0849864087593757,-0.0414582916678697
6801,"heggarty2024",-6.20379483335755,0.0217116286786733,-0.0896772253076906,-0.0677732669292248
6802,"heggarty2024",-6.04517977895092,0.0174413819031824,-0.0354738280712168,-0.157500535863133
6803,"heggarty2024",-6.16874899998128,-0.130104479521614,-0.0661039605144917,-0.237864617036717
6804,"heggarty2024",-5.66391671667813,0.0955053421387569,0.0356373206217537,-0.0295811379406648
6805,"heggarty2024",-5.72846802138945,0.0528440101802951,-0.15930400083128,-0.0670465538552272
6806,"heggarty2024",-6.38422308630827,0.028026164973042,-0.0238149505047642,-0.186544382298782
6807,"heggarty2024",-5.9093867493778,0.028813384946106,-0.0667379603344801,-0.0507038089643297
6808,"heggarty2024",-5.8162385376351,-0.0473874052775251,-0.0137033795416275,-0.048537818757013
6809,"heggarty2024",-5.87453942309611,0.0189194545687587,0.0578385139502487,-0.0109224603932158
6810,"heggarty2024",-5.99644124374594,-0.00966030244649435,0.0600452771375119,-0.15767126496497
6811,"heggarty2024",-5.7371780947447,0.0616575877466872,-0.0128029230366784,-0.0758269453274703
6812,"heggarty2024",-6.00030683538609,-0.140368965352377,0.0679709285464671,-0.137604644977618
6813,"heggarty2024",-5.94412925508422,-0.0193004093489002,0.0264450702746332,-0.103861199910712
6814,"heggarty2024",-5.67695160480072,0.0584442778998064,0.0208015825158983,0.02024763063371
6815,"heggarty2024",-5.68715160537075,0.0507983953418251,-0.0824606552860726,-0.129016719493102
6816,"heggarty2024",-5.76677736979711,-0.0503505968580955,-0.0269888498746759,-0.097443925216354
6817,"heggarty2024",-5.62740600693313,-0.121715922215976,-0.121076755887742,-0.162589341338081
6818,"heggarty2024",-5.68893730348759,0.065925999675392,0.0792643921812838,0.0471042917200834
6819,"heggarty2024",-6.19383619539812,-0.0902897459016172,-0.0279827674933167,-0.174665423867429
6820,"heggarty2024",-5.89930660858526,0.0949041777351769,-0.0304820861365442,-0.0110009134495859
6821,"heggarty2024",-5.57026716833427,-0.117134630873525,0.112201808392255,0.0214861906168302
6822,"heggarty2024",-5.87386999886026,-0.0450028403544174,-0.0066533787507016,-0.0840463858272308
6823,"heggarty2024",-5.86253734168758,-0.133231133649702,0.124451115606484,-0.167073044491564
6824,"heggarty2024",-6.0627347919933,0.0746570395491803,-0.253282363950064,-0.116178584747659
6825,"heggarty2024",-5.72690500315489,0.0053822248790981,0.0362501462925472,0.0764662232572919
6826,"heggarty2024",-5.89344617872676,0.0848513451773706,-0.152872061374176,-0.158583154639066
6827,"heggarty2024",-6.3766721714059,-0.149194984582729,-0.0609251551425088,0.00541320937641704
6828,"heggarty2024",-5.81263592070981,0.0254529815292015,0.0557110914637213,-0.224674386088888
6829,"heggarty2024",-5.78526530334599,-0.0138796333646158,-0.108214255963208,-0.177339614948496
6830,"heggarty2024",-5.81503035950641,-0.0240404138914675,0.0591326417097393,-0.0696560814700496
6831,"heggarty2024",-5.64025579832012,0.0337833201080307,-0.0980387659998149,-0.17134916824482
6832,"heggarty2024",-5.78904866058985,-0.000982045003690332,0.138167916516214,-0.132616938569063
6833,"heggarty2024",-6.34327625363461,-0.0893390661912532,-0.0390721047061361,-0.00841568054149756
6834,"heggarty2024",-6.05010776722182,-0.0762569611287381,-0.139655389438198,-0.0808546899128925
6835,"heggarty2024",-5.71249048803055,-0.186208662042706,-0.0154092566182875,-0.278311832827424
6836,"heggarty2024",-5.87209739027587,0.134570060644147,-0.0302395709077733,-0.0607763706396678
6837,"heggarty2024",-5.24875933490703,-0.0795646420863971,-0.00914160666721709,0.00686744497307195
6838,"heggarty2024",-5.80183559355611,-0.0580244735712248,-0.0486419228561941,-0.190455657452775
6839,"heggarty2024",-6.56035658321043,0.143318445443481,-0.0291719409479915,0.0676315177053571
6840,"heggarty2024",-5.64674775718667,-0.105867125852678,-0.0788801033496436,-0.103714477967354
6841,"heggarty2024",-6.02373545775422,-0.139132362216221,-0.120087296423594,-0.12060770824742
6842,"heggarty2024",-5.69278004374302,0.0109289752386785,0.0253313460015977,-0.0557572372309682
6843,"heggarty2024",-5.78919711783464,-0.0699025861776361,0.0302680240389904,-0.159253067204331
6844,"heggarty2024",-5.82690546700572,0.0342758950255132,-0.0537940994168144,-0.106319688012123
6845,"heggarty2024",-6.17931840350711,0.00240987390527893,-0.139375392881214,-0.0280057178362519
6846,"heggarty2024",-5.91342386820826,-0.0586129629949967,-0.0151197150960678,-0.15461320709693
6847,"heggarty2024",-4.99162004147718,0.0319887142412011,0.0185040360363841,-0.0979577334455483
6848,"heggarty2024",-5.59744266699008,0.0117527872978317,-0.0199293259657634,-0.111047438254892
6849,"heggarty2024",-5.82808267914234,-0.028969760519241,-0.155864967990895,-0.131291833586153
6850,"heggarty2024",-5.89996387412604,-0.0795615653734622,-0.0684395283493975,-0.182950357164257
6851,"heggarty2024",-6.88756785572476,0.00672998839961968,0.0376957280301882,-0.0712308093554508
6852,"heggarty2024",-6.06737822004649,-0.033865469592202,-0.128257041542883,0.0189431854602541
6853,"heggarty2024",-6.05593928828022,0.0787720848159056,0.0103258067885496,-0.12300660011086
6854,"heggarty2024",-5.75106186171262,-0.0981510543741721,0.10501250794936,-0.0563298661278339
6855,"heggarty2024",-5.74883722557209,-0.0307377788203874,-0.111443634047172,-0.138843961755713
6856,"heggarty2024",-6.26487218293871,-0.111204575720791,-0.0148646011745489,-0.0366941681159653
6857,"heggarty2024",-5.53049472698928,0.0656883541357299,-0.113550758181551,-0.121813075937223
6858,"heggarty2024",-6.35235011533261,0.00344291331255988,-0.0838126391160994,-0.124782507858693
6859,"heggarty2024",-5.83977799592412,0.0343332124175766,-0.0283581721430219,-0.052444030122875
6860,"heggarty2024",-5.55053373683341,0.00183190435070427,0.0105156253357911,-0.106307940239218
6861,"heggarty2024",-5.77182637206353,0.0192122393714833,0.0704187036299901,0.0348272513254224
6862,"heggarty2024",-5.56718524038842,-0.0110133670022206,0.104828409933076,-0.109492286127333
6863,"heggarty2024",-5.9448674299049,0.00376806488505956,-0.0762463556468799,-0.192504561657911
6864,"heggarty2024",-5.77061707229215,-0.0374373329394149,0.0198533085575603,0.0950155784310554
6865,"heggarty2024",-5.78735524176705,0.00795836951777055,0.125052698044395,-0.0998263770462403
6866,"heggarty2024",-6.67032614860989,-0.142928715213561,0.0685876731166139,0.0149383602977359
6867,"heggarty2024",-5.6576950263079,-0.112329188547366,-0.032752152633326,-0.067848208444101
6868,"heggarty2024",-5.52456252885485,0.0829493249166365,0.0289460701994392,-0.00383753515808599
6869,"heggarty2024",-5.83860481273512,0.0202186479775163,-0.0065491143216795,-0.0744639432214102
6870,"heggarty2024",-5.62496775855654,-0.0996258383228318,-0.0315246312424173,-0.120441110041529
6871,"heggarty2024",-6.58943911549185,-0.0491389898482265,-0.118760600008911,-0.116586473497386
6872,"heggarty2024",-5.9408867846937,-0.0955239503204253,-0.0761111326190498,-0.138698724862571
6873,"heggarty2024",-6.37185126283727,-0.0664236181090361,-0.0630014235488389,-0.130011280599928
6874,"heggarty2024",-5.80796675562724,-0.0370637027275001,-0.0173338775334173,-0.109388697530406
6875,"heggarty2024",-5.87476639391033,-0.0477729343828217,-0.0117215618951111,-0.093638686578244
6876,"heggarty2024",-6.12877819319406,-0.151082186986164,0.0707386594596744,0.0138043793083327
6877,"heggarty2024",-6.00323281249718,-0.0561935067117536,-0.0875388006765712,-0.181302108627668
6878,"heggarty2024",-5.59050069687251,-0.0385773014125016,-0.161514122129203,-0.154371774067782
6879,"heggarty2024",-5.70782663060011,-0.0227567763430065,-0.0469286411668252,0.0729830036940476
6880,"heggarty2024",-5.57290384805379,-0.0753192323020991,-0.0180384263569338,-0.157560538131653
6881,"heggarty2024",-6.03700404026245,-0.0333976713317113,0.0311661336380197,-0.155508251339041
6882,"heggarty2024",-5.99425385932655,-0.0227697799931506,-0.125371198140384,-0.213930853124962
6883,"heggarty2024",-5.72138740086075,-0.0682098766197734,-0.0979482727760934,-0.0769965604597716
6884,"heggarty2024",-5.72266609658608,-0.171876319661323,0.120912574380651,-0.144025930983258
6885,"heggarty2024",-6.20664384917297,-0.113496776520143,0.0230194021136911,-0.0165304368396993
6886,"heggarty2024",-5.83097109148271,-0.0310941876263725,-0.0980920001762277,-0.12300277902346
6887,"heggarty2024",-6.15552994932576,-0.0423653589534959,-0.0267710729442829,-0.0455575283592038
6888,"heggarty2024",-5.81893997624406,0.00855345502445841,0.0574737231912107,-0.0142107176505592
6889,"heggarty2024",-5.85748408720614,0.0718533074181099,0.0356702596572443,-0.0494383825301061
6890,"heggarty2024",-5.98906758153089,0.00468092285408044,-0.064354945195838,0.0202509283283828
6891,"heggarty2024",-5.34206082881672,-0.000417240036114676,-0.0597409070993193,0.117565540810321
6892,"heggarty2024",-5.89947063097157,0.0419325235140871,-0.0276025177397629,-0.0491390372520219
6893,"heggarty2024",-6.0520783463895,0.117361661195257,-0.156809691286695,-0.239199776372815
6894,"heggarty2024",-6.24091174061491,-0.00681563486086445,0.114915892373565,-0.186183184619814
6895,"heggarty2024",-5.84569926023343,-0.116651378170114,0.125969853113464,-0.14212258963369
6896,"heggarty2024",-5.76243180312827,-0.0475823049062146,0.103247748305029,-0.00139332634799614
6897,"heggarty2024",-5.9300096387013,-0.0362489691718484,0.0605646789849325,-0.0205966738958202
6898,"heggarty2024",-6.203102252656,-0.0213246978058094,0.0275382769037883,-0.109043758908355
6899,"heggarty2024",-6.10938702079905,-0.019698678582596,0.0920284666984834,-0.113344077961737
6900,"heggarty2024",-5.99204937229988,-0.0569661414088187,-0.116396748490291,-0.0779285538697822
6901,"heggarty2024",-6.08052488400893,0.0692990225704999,0.039274955728373,-0.0688500068465177
6902,"heggarty2024",-6.20759764589646,-0.0867326862589301,-0.11564239138244,-0.115137230774208
6903,"heggarty2024",-5.80581065390009,-0.163932478284241,0.00757669725390954,-0.0951255225316171
6904,"heggarty2024",-5.70650395701022,-0.00323063750584474,0.00539589722605872,-0.250972220046309
6905,"heggarty2024",-5.84632526514474,-0.0586856435717974,-0.246731475856952,0.00440092430483635
6906,"heggarty2024",-5.7764195949371,-0.0572697800446698,-0.102495884777529,-0.19681565834983
6907,"heggarty2024",-5.78487775399211,0.0792623197150435,0.0511852279582151,-0.134222063581532
6908,"heggarty2024",-5.84658964161819,-0.162217169893371,-0.048771127119106,-0.0267590410663204
6909,"heggarty2024",-6.21622417422837,-0.161835657822368,0.0349076513140898,-0.00488277550359797
6910,"heggarty2024",-5.66508571378583,-0.0435378493057379,0.0170606987009675,-0.0887982582782948
6911,"heggarty2024",-5.84643236922742,-0.0689647596507293,-0.0976035050515813,-0.244585964776614
6912,"heggarty2024",-5.20717181166705,-0.0638389665567285,0.0173660042651579,-0.0223790146069062
6913,"heggarty2024",-5.85508083081581,-0.0247509956683691,-0.0710341076612122,-0.104574444021082
6914,"heggarty2024",-6.08619097596631,-0.0994344502468308,0.00233332571372139,-0.165912529596471
6915,"heggarty2024",-5.9807736622868,-0.0520793497632007,-0.0500230158556664,-0.0794533592797286
6916,"heggarty2024",-5.91591272340309,0.0464017971563995,-0.0281700855933787,-0.171522680280537
6917,"heggarty2024",-5.88272297786817,-0.0442446828093261,0.0323126043584186,-0.0546905249271201
6918,"heggarty2024",-5.98690581422364,0.0481173094568354,-0.0181489351479128,0.00841937973382579
6919,"heggarty2024",-5.93174940076012,0.0866291591505975,-0.125551375678324,-0.123638553168983
6920,"heggarty2024",-6.06597931764692,-0.0297814214705627,-0.0443876861362745,-0.103051182766677
6921,"heggarty2024",-5.84570118344172,-0.0246974363439925,0.0663049652092888,-0.137290428566904
6922,"heggarty2024",-5.88316102114075,-0.0269185116303441,0.0729539368529325,-0.0663650271564197
6923,"heggarty2024",-5.42991952514428,0.0579161947550877,-0.0979803239962282,0.0936334152691077
6924,"heggarty2024",-5.61714644718978,-0.129996637468523,-0.00230833870690314,-0.189148731369278
6925,"heggarty2024",-6.08379333033749,0.0424916181646647,-0.0521030573077282,-0.045749909660729
6926,"heggarty2024",-6.08369264494249,-0.12423456064331,-0.0394141097843011,-0.163351851570091
6927,"heggarty2024",-5.99914656242379,-0.0212560529566184,0.0211816685374874,-0.0813727724044791
6928,"heggarty2024",-5.91846875700563,0.192408128416348,0.0415744900577597,-0.186664466029248
6929,"heggarty2024",-5.44546098453187,-0.0225343943576577,0.0464546161177258,-0.0750380846970777
6930,"heggarty2024",-6.33885472582287,-0.117756354536081,-0.0302726723603943,-0.0744951932401377
6931,"heggarty2024",-6.63555851359427,-0.0580242675573657,-0.00643203478386216,0.0812417126523165
6932,"heggarty2024",-6.4052603101377,-0.124748094280001,-0.0202114912479215,-0.0119669377430913
6933,"heggarty2024",-6.29489296550248,-0.0423443739489482,0.0340836776391707,-0.0374750461143719
6934,"heggarty2024",-5.69267502101297,0.122546775815421,0.0468865643798713,0.0190550529418342
6935,"heggarty2024",-5.95351092241157,-0.0162957501374822,0.00340233617992976,-0.035575736375484
6936,"heggarty2024",-5.70801760602028,-0.0743134861783606,-0.108586562371446,-0.196625924672711
6937,"heggarty2024",-6.3852892609286,0.0703387272587385,-0.129874480939753,-0.0497290627618911
6938,"heggarty2024",-6.18616449720004,-0.0467780973884972,-0.0319445139477223,-0.0884901874995815
6939,"heggarty2024",-5.72493882979575,-0.105784815149502,-0.0562028477820341,-0.181128079212138
6940,"heggarty2024",-5.61317936746697,-0.135447344759718,-0.0305983594207565,-0.162057468362607
6941,"heggarty2024",-5.77613673858694,0.0296944468349923,-0.0591209885833249,-0.153498527502631
6942,"heggarty2024",-5.91828629151386,-0.0476205433889151,-0.135333355071415,-0.0771959497723755
6943,"heggarty2024",-5.8460868464118,0.0370302523857692,-0.136115216244669,-0.10066591060614
6944,"heggarty2024",-5.74901830825048,-0.0378512917176228,-0.0151232546145784,0.0887736649070225
6945,"heggarty2024",-5.87052223223718,0.00149971690099174,-0.0559377085537201,0.0325542218831998
6946,"heggarty2024",-5.73814292385167,0.0655458797370674,-0.0543570201331615,-0.119631128700386
6947,"heggarty2024",-5.78374790035122,-0.14240979717799,-0.0909978786417952,-0.102308496252911
6948,"heggarty2024",-5.79886822282979,0.0477629383968969,-0.0919857659872095,-0.00660703406636214
6949,"heggarty2024",-6.04697337331277,-0.0341938702782775,0.00263847796816434,-0.115214884593229
6950,"heggarty2024",-5.83239195678897,-0.233475328888597,0.161980978124266,-0.144736352519586
6951,"heggarty2024",-6.15082607503861,-0.0813092574558489,0.030227273931562,-0.0686713307341326
6952,"heggarty2024",-6.7918296205996,-0.187775802525978,0.0245074720152165,-0.00153222444611684
6953,"heggarty2024",-7.24044692429475,-0.0120768136845135,-0.0247732785087899,0.0412172184776558
6954,"heggarty2024",-6.38483415772111,-0.14892599427097,0.0791382336194718,-0.0976455519960918
6955,"heggarty2024",-5.6862373032669,0.0198708483376601,-0.0325406547889968,-0.139229006007423
6956,"heggarty2024",-6.02786624013899,-0.0352125623060201,-0.0454786078817808,-0.213985407682726
6957,"heggarty2024",-6.19871138896626,-0.00759564438455203,-0.0173232329931529,-0.071431869773765
6958,"heggarty2024",-6.04389796240717,-0.124604372354516,-0.0735010057228233,-0.211359116398388
6959,"heggarty2024",-5.6590765526259,-6.01130038527979e-05,-0.0857178120500832,-0.0192831577046664
6960,"heggarty2024",-5.81692773634263,0.0308594175886446,-0.0556704096313963,-0.0405662215955673
6961,"heggarty2024",-5.93425117873145,-0.0339179568842991,-0.0956067599286591,-0.218241752998867
6962,"heggarty2024",-5.82133511697512,-0.0524007384965874,-0.0531658450873992,-0.0126454463709358
6963,"heggarty2024",-6.16404847368656,-0.0560914045349644,-0.0631184662457717,-0.103613489051916
6964,"heggarty2024",-5.99423868675625,0.0151470749233068,-0.0457270113263141,0.0982931377704131
6965,"heggarty2024",-5.96637325010635,-0.0788313240899738,0.110806250218101,-0.414990173912834
6966,"heggarty2024",-5.62656332105937,0.0518490074955624,0.0757394280237851,-0.134676806441216
6967,"heggarty2024",-5.7664465031311,-0.112810067426138,0.130941323925289,-0.155079837742252
6968,"heggarty2024",-5.62124508112761,-0.0045501778440571,-0.132041076371461,-0.231223649076705
6969,"heggarty2024",-6.17636124883726,-0.0207550947423874,0.131007730064697,-0.197796557922322
6970,"heggarty2024",-6.08877282994109,-0.152108474736563,-0.147443356297176,-0.0164766042779238
6971,"heggarty2024",-6.24835459225071,0.153367927302847,-0.0849970395771916,0.103326125213016
6972,"heggarty2024",-5.69630604253293,0.0352296102937877,-0.0257685307602332,-0.120879926941131
6973,"heggarty2024",-5.5594899892766,-0.0749839888991393,-0.0947488330518086,-0.063603799640075
6974,"heggarty2024",-5.85317335572573,-0.0649687693116579,0.0339359160388682,-0.0987598721880125
6975,"heggarty2024",-5.8207058625103,0.125037937071915,0.00676065451270751,0.0502720569096279
6976,"heggarty2024",-6.01860220073849,-0.00918487541230138,-0.165493965063634,-0.093562331106985
6977,"heggarty2024",-5.75309132563933,-0.177260957078301,-0.0848954334104011,-0.138536640998161
6978,"heggarty2024",-5.8558759413247,-0.0939132563991846,0.0332299116064717,-0.056874168506704
6979,"heggarty2024",-5.75327012092652,-0.0549027170336796,0.0359410648948826,-0.0421733156349352
6980,"heggarty2024",-5.85108130414446,-0.139198469997587,-0.0247243319332328,-0.114011470010329
6981,"heggarty2024",-6.66161246926075,-0.119768992222127,0.110046780639653,0.00455363007078833
6982,"heggarty2024",-5.73739754276691,-0.11616584611474,-0.029527422689301,-0.0123194250872345
6983,"heggarty2024",-6.13398036279007,-0.0603265440264316,0.129417020399563,-0.0428943121773281
6984,"heggarty2024",-5.82058510337101,0.0453104543601234,-0.0542836442474701,-0.0605729499721925
6985,"heggarty2024",-5.58889148131691,0.0320006293144262,-0.0801369716485938,-0.115584952767461
6986,"heggarty2024",-6.12410513825778,-0.0818429031988585,-0.0597310170525893,-0.137753736833111
6987,"heggarty2024",-5.81646240126592,-0.136594723641746,-0.08207246455557,-0.216491429189839
6988,"heggarty2024",-6.06810646018,-0.0642839420930997,-0.0948609425370025,-0.078718428622172
6989,"heggarty2024",-6.02266839415769,-0.0962439190014196,-0.0355709262061797,0.00541983956982781
6990,"heggarty2024",-5.89412248977909,-0.0612620843990952,-0.0858723614898465,-0.0769215761782987
6991,"heggarty2024",-6.21112630526632,-0.0877450743674943,-0.0756218613497644,-0.2616435266211
6992,"heggarty2024",-5.98582318469137,-0.0406177838055206,0.026275202922293,-0.0806930899855917
6993,"heggarty2024",-5.98640837413266,-0.191970184295308,0.0108590458535933,-0.128352186613609
6994,"heggarty2024",-6.44229621367513,-0.00934984247403761,-0.13533867048748,-0.080386524183056
6995,"heggarty2024",-5.5421229463658,-0.0969482917688142,0.0578837296660866,-0.163985370709733
6996,"heggarty2024",-5.79956356331238,-0.189963069950175,0.0341175196131194,-0.0635626489762954
6997,"heggarty2024",-6.12534159141534,-0.144944513881419,0.0276389815783339,-0.0882864573572458
6998,"heggarty2024",-5.85209851318351,-0.0233229660770192,-0.0709612178730189,-0.118379416694122
6999,"heggarty2024",-6.65356988592633,-0.105785829836316,0.040282708578201,-0.000242227332267809
7000,"heggarty2024",-5.88855072959365,0.0145256175280431,-0.151476764186304,-0.0740641732611553
7001,"heggarty2024",-5.79908824170436,-0.0639160825534843,-0.0314440826720334,0.0230552545824785
7002,"heggarty2024",-5.89005904871147,0.00791503123377791,-0.131782148346121,-0.184936276702454
7003,"heggarty2024",-6.00262299564428,0.0339152434756624,-0.0333787458638483,-0.114159857788018
7004,"heggarty2024",-5.79278207537544,-0.122959772478665,0.117888955948295,-0.0577523175805973
7005,"heggarty2024",-5.88641252318262,-0.192658735827855,-0.0122787488695321,-0.175105341528193
7006,"heggarty2024",-5.9523717151109,-0.00737442456895034,-0.122370689253846,-0.151907962238733
7007,"heggarty2024",-6.28773357910393,-0.0301720239002244,-0.0371105500600394,-0.0576387393742346
7008,"heggarty2024",-5.8036777141634,-0.0836644900635978,-0.101089368554102,-0.062422055426594
7009,"heggarty2024",-5.82520741107043,-0.0215671558298213,-0.0442508783707665,-0.042316643133497
7010,"heggarty2024",-5.77783114329976,-0.0213723907283767,0.0861254944843567,-0.019226942428466
7011,"heggarty2024",-5.93934850423167,0.00258322658452819,0.0200082388132785,-0.0937285100286676
7012,"heggarty2024",-5.80228832067813,-0.0108838017365407,0.0921433538764842,-0.0266004603695855
7013,"heggarty2024",-5.47441856921647,-0.130743489052331,0.04068513409984,-0.360237468033463
7014,"heggarty2024",-6.33750970247738,-0.176971929728399,0.0811131827110593,-0.118232353607495
7015,"heggarty2024",-5.78204405758007,-0.0749307816416845,-0.0568282336696444,-0.180784489798154
7016,"heggarty2024",-5.94510016641745,-0.0367824004643271,-0.10234632343649,-0.13396526306326
7017,"heggarty2024",-5.90222764844988,0.000509314652307463,-0.0320274045007485,-0.068281147864306
7018,"heggarty2024",-6.24234453798486,0.0696843533376548,0.0856764124184436,-0.194831052649275
7019,"heggarty2024",-5.76396259704609,-0.00286662808298908,0.0224798649776016,-0.264037070949634
7020,"heggarty2024",-5.38082759226081,0.0157751889296417,0.0958299173586166,0.0272074355886689
7021,"heggarty2024",-5.78147187018593,-0.092400901381185,0.0244189164433182,-0.0975431876389071
7022,"heggarty2024",-6.33830931464746,-0.0664915820760952,0.114490562848779,-0.031268464284947
7023,"heggarty2024",-5.89680713710381,0.0662100005686541,-0.176615334766302,-0.0479323164080122
7024,"heggarty2024",-5.57252963592767,-0.0121413841858563,-0.0125117367144413,-0.0701065684951909
7025,"heggarty2024",-6.09145374404486,-0.14887389452674,-0.0820535374502228,0.0415851717604974
7026,"heggarty2024",-6.06070018400268,0.0710224606181714,0.0552620922197984,0.0476692202927118
7027,"heggarty2024",-5.74374982482045,0.0602787964395435,-0.132542735597417,-0.19966219946572
7028,"heggarty2024",-5.57348950006542,0.102564686093639,-0.205412037799707,-0.16616382086126
7029,"heggarty2024",-5.56005061046146,0.00136514417708438,-0.0980497643943742,-0.0894152009814702
7030,"heggarty2024",-6.15210272287845,-0.0645432282282775,0.0473971440332968,0.013942815325525
7031,"heggarty2024",-5.88089839629734,-0.126042986192403,-0.154786256714362,-0.101848734156312
7032,"heggarty2024",-5.34240117123826,-0.0369528650972593,-0.0700335309390224,-0.0288556294121006
7033,"heggarty2024",-5.84084764411784,-0.0378364738550397,0.0497950443606465,0.102117173784538
7034,"heggarty2024",-5.81333825349435,0.0263252992090024,-0.132240866036627,-0.105921778319932
7035,"heggarty2024",-5.95958599193287,-0.118740463609912,-0.0107353148407852,-0.165044486619793
7036,"heggarty2024",-5.94781066783036,-0.0774931204854284,0.0855461083228045,-0.00309232371447805
7037,"heggarty2024",-5.99519475788658,-0.107413069851565,0.211094836683467,0.0287397603913556
7038,"heggarty2024",-5.98591757403546,-0.0450898233779553,-0.224598274656459,-0.0897245288669444
7039,"heggarty2024",-5.69936598769518,-0.0581765596911477,-0.0381416791907016,-0.171311262975331
7040,"heggarty2024",-5.83818972849093,-0.0502411473843331,-0.0934714282801533,-0.119583573074639
7041,"heggarty2024",-6.20687778099149,-0.163600610616277,-0.0167661976562533,0.0576604586763253
7042,"heggarty2024",-5.95969817093289,-0.010613023446435,-0.0274049874133808,-0.0461011594784854
7043,"heggarty2024",-6.46123738722292,-0.239902403318231,0.0713313369888826,0.192079289059179
7044,"heggarty2024",-6.52980396303748,-0.145037360498309,0.0744508044303948,0.0180597114878528
7045,"heggarty2024",-5.11655573269954,-0.114688678572646,0.105674270395349,-0.0850900061975023
7046,"heggarty2024",-6.00300557804162,-0.095105025650456,-0.0979630517715922,0.00875967883970318
7047,"heggarty2024",-6.0448815326441,0.00191310165544108,0.0588794451044077,0.00478791689192658
7048,"heggarty2024",-5.62449570836767,-0.0658965522925552,-0.00770665373641886,-0.0550828882512854
7049,"heggarty2024",-6.38832504947598,-0.124122245971879,-0.0931034176735098,0.0360114529389577
7050,"heggarty2024",-5.99590422077308,-0.0191673774517507,-0.0518635169981789,-0.0639240390646505
7051,"heggarty2024",-6.09100775303227,0.0245661008697378,-0.0177284150177494,-0.00752912732065285
7052,"heggarty2024",-5.74266110266656,-0.11453029290022,-0.103622801896789,-0.0124827759452197
7053,"heggarty2024",-5.84181586134548,0.132984288013327,-0.0490186703104853,-0.0816155884136957
7054,"heggarty2024",-5.82355052391087,0.0293123053117751,0.0358679817234943,0.027027055234377
7055,"heggarty2024",-5.94132562360764,0.00892253875686808,-0.0231435551598406,-0.0321073892772167
7056,"heggarty2024",-5.46702354091334,0.0555098856334168,-0.03459040482353,-0.11103059645561
7057,"heggarty2024",-5.45578178375435,0.061832052119371,0.0435370068804475,-0.0990567111647
7058,"heggarty2024",-5.79714046528464,-0.0395195612033357,-0.083600486664046,-0.170494155569516
7059,"heggarty2024",-6.01053112303374,0.0312141935557364,-0.106924981836231,-0.0859938108540215
7060,"heggarty2024",-6.26128667942257,0.0430784539605807,-0.0395824430203107,-0.0571162252933615
7061,"heggarty2024",-6.00881444627837,0.00807876561049978,0.0489656872184215,0.0566613272755236
7062,"heggarty2024",-6.23255245701955,-0.126041053435867,-0.0168031051430717,-0.192476019463157
7063,"heggarty2024",-6.59968923606326,-0.129870968391771,-0.0382268125252874,-0.0237648374096642
7064,"heggarty2024",-5.86545244111241,0.0441273928910341,-0.0609429229127019,-0.0921691364651481
7065,"heggarty2024",-5.85336996352102,0.0313117641408359,-0.228235444201567,-0.0845777671231416
7066,"heggarty2024",-6.03830549958103,0.0636612788295808,-0.0257646873085346,-0.0643244517434008
7067,"heggarty2024",-5.99442928201412,-0.0182357785603176,0.042318003101235,-0.0813166613386624
7068,"heggarty2024",-5.554514060269,-0.119412190573015,0.0224681044609351,-0.0867847834992863
7069,"heggarty2024",-5.85985756694783,-0.120774942312466,0.0976124589203402,0.0694043826183912
7070,"heggarty2024",-6.26897641789404,0.00607900276916533,-0.180514274584808,-0.151171030742851
7071,"heggarty2024",-5.85866630363261,0.138198552776795,-0.0419798667293465,0.0984002573203219
7072,"heggarty2024",-5.69971874259179,0.00953719489378851,0.0134839095853694,-0.183342407208068
7073,"heggarty2024",-5.84458404178972,0.0307808553749892,0.0333367659495404,-0.0817786098821545
7074,"heggarty2024",-5.87903578675318,-0.065124533297257,-0.107924583380259,-0.112291317668814
7075,"heggarty2024",-5.9484356513551,-0.0862280978647777,-0.0180755073084493,-0.00646069192377517
7076,"heggarty2024",-5.23448250595465,-0.0822183581617573,-0.00664860845381441,-0.110136345424464
7077,"heggarty2024",-6.01620053102892,-0.0802080652279494,-0.161353684244435,-0.0616853802836543
7078,"heggarty2024",-5.79226015348566,-0.0705654835441057,-0.0933362160797255,-0.190832619696156
7079,"heggarty2024",-5.9092061829505,0.0133283986392717,-0.0669825634420042,-0.126665624170723
7080,"heggarty2024",-5.86053047498032,0.0761603417509854,-0.150795851544841,-0.0815400116192468
7081,"heggarty2024",-6.24570773453021,-0.149360417362729,0.0418644338544334,-0.0858700699808989
7082,"heggarty2024",-5.99399153790931,-0.0925932000740394,-0.075824509989563,-0.100921675007678
7083,"heggarty2024",-6.37760433678757,0.0079021419912633,-0.035616123945713,0.0559764175415805
7084,"heggarty2024",-5.48913524305581,-0.0292269377676896,0.0738548006553438,-0.12228098712693
7085,"heggarty2024",-6.26399328633114,-0.094427931061805,-0.0534852894013619,-0.0545184787796712
7086,"heggarty2024",-5.63882120930683,-0.0337778964470732,0.0315519430923261,-0.232116793400472
7087,"heggarty2024",-5.72454115911547,0.00577774399498729,0.076989390470534,-0.102401405404665
7088,"heggarty2024",-5.66114495170609,-0.0386922994008035,-0.182222470140241,-0.0122138704516018
7089,"heggarty2024",-6.58691945432548,-0.0079403481281215,0.0897285347850551,-0.0659901581212013
7090,"heggarty2024",-5.55529918510847,-0.0338091249817982,-0.0198178556728383,-0.0430244302354096
7091,"heggarty2024",-6.06845703257894,-0.045473033384331,-0.0803900409752064,-0.111685604468001
7092,"heggarty2024",-5.57923839949265,0.0764613190480268,-0.127773786891862,-0.0525053466541105
7093,"heggarty2024",-6.05200534144567,0.00272213294228023,-0.0226055516940716,-0.0825155402163495
7094,"heggarty2024",-5.77267022138112,-0.13670580775897,-0.0722369361031871,-0.141020926196258
7095,"heggarty2024",-6.17061428953355,-0.0510728462053748,0.025494652837612,-0.0597356548572354
7096,"heggarty2024",-5.66739258795185,-0.0390387549446505,-0.0356596595125147,-0.238156424449088
7097,"heggarty2024",-5.5175275441273,0.000850437122329108,-0.00306723640730602,-0.214104985606116
7098,"heggarty2024",-5.87016528588884,-0.0106157114340753,-0.136626618076773,-0.0936237343301056
7099,"heggarty2024",-5.73698558273473,0.0599742887870174,0.0223562113573661,0.108003382641831
7100,"heggarty2024",-5.95274074865964,-0.0584425699237672,-0.0916276307221926,-0.100501434295128
7101,"heggarty2024",-5.83004297445939,-0.0956072466831907,0.0306899257734101,-0.00752364200220944
7102,"heggarty2024",-5.93068435589287,-0.0584741303068355,-0.0471273786297904,-0.22293475301481
7103,"heggarty2024",-5.89873132045524,-0.0219031233756454,-0.121662454163899,-0.251404228814109
7104,"heggarty2024",-5.71640363416075,-0.0361834675673424,0.0485095291571252,0.0336212540526054
7105,"heggarty2024",-5.90215299096217,0.0283721126210747,0.0190304673142776,0.0634340549019631
7106,"heggarty2024",-5.85962185614226,-0.0922498807208621,-0.113704665265394,-0.107070716165228
7107,"heggarty2024",-5.33518976881336,-0.0603606267230844,0.0101458724634859,-0.0446849490081288
7108,"heggarty2024",-6.22645613442805,-0.0250695102313841,0.0732537036399745,-0.132784314761638
7109,"heggarty2024",-5.85871652005896,-0.0377856081433525,-0.0475151480632546,-0.168809004977256
7110,"heggarty2024",-5.92952754134648,0.00147034469998028,-0.0110068142458201,-0.087878840799308
7111,"heggarty2024",-5.90184172191102,-0.0533020813813624,-0.0266178908983706,0.0176357762866828
7112,"heggarty2024",-6.12907794021176,-0.0630471436784442,-0.112878844867828,-0.0743907347467639
7113,"heggarty2024",-5.67889396942413,-0.0370662706800098,0.0169013091244967,0.0964581589124893
7114,"heggarty2024",-5.62510448853744,-0.154491024834584,-0.0461452323288844,-0.0906688250667056
7115,"heggarty2024",-5.87651085016521,0.0501283299991229,-0.200908431935322,-0.0851431037110166
7116,"heggarty2024",-5.57257883291966,-0.155192858608415,0.0074854978407471,-0.163541937156304
7117,"heggarty2024",-5.70799474582582,0.213259252243974,0.0266971576453876,0.10262161130135
7118,"heggarty2024",-5.85580269383527,0.101506132728644,-0.0177582547881584,-0.130042324773011
7119,"heggarty2024",-5.78008881938623,-0.0519009535262047,0.0215084031586668,-0.127753454442698
7120,"heggarty2024",-5.57574758161671,0.0858188883799538,-0.0199886192073625,-0.134025159631085
7121,"heggarty2024",-5.70437610773398,-0.00403936014403895,0.00855945745385412,-0.0438778846878837
7122,"heggarty2024",-5.97024373806777,-0.0756096043399626,-0.0671436506282299,-0.230012837583865
7123,"heggarty2024",-6.3812091303081,0.0455326320902949,0.0674065101303912,-0.0537462022481468
7124,"heggarty2024",-6.00348489588183,-0.0276757330286597,-0.191667322803827,-0.0960380139969858
7125,"heggarty2024",-5.72825857992746,-0.0387492136673233,-0.0789434795383532,-0.0623735410497269
7126,"heggarty2024",-6.08966040662421,-0.0220107894531494,-0.0876974358968055,0.263774450398169
7127,"heggarty2024",-6.19007240678792,-0.0497703409688166,0.0353871991737667,0.00110662920992365
7128,"heggarty2024",-6.34496849796851,-0.00255682675756883,0.0650845737137991,-0.228541023288766
7129,"heggarty2024",-5.76336335332209,-0.072702057929001,-0.0237563723078005,-0.0457337484877699
7130,"heggarty2024",-5.91832645116529,-0.0558623931588667,-0.102927658564199,-0.179913540482225
7131,"heggarty2024",-5.91814177342006,0.0942190383039533,0.0490507441694304,-0.202435084278208
7132,"heggarty2024",-6.33798907737196,-0.172827632563062,0.0196675322945034,0.115741436063129
7133,"heggarty2024",-5.83853854004807,-0.0350540670244283,0.063346141971174,-0.00871548351901044
7134,"heggarty2024",-5.86257747983485,-0.0353836220655892,0.00391467584018732,-0.0790529922905358
7135,"heggarty2024",-5.57150051576053,-0.0178102817690849,-0.0332897372164984,-0.0375216999239328
7136,"heggarty2024",-5.87864311375926,-0.00758538118630214,-0.0849294649985388,-0.119721703434398
7137,"heggarty2024",-5.82141981723654,-0.137880871601368,-0.052068237825754,-0.307491994133229
7138,"heggarty2024",-5.86209843106865,-0.0120280590424785,-0.0559257389622647,-0.158706372554859
7139,"heggarty2024",-5.77494660020765,-0.0531517420144491,0.103277994765753,-0.143344589288979
7140,"heggarty2024",-6.01398652993382,-0.0329614013192234,-0.226917738845561,0.0900072808458814
7141,"heggarty2024",-5.8052180392397,-0.152897133152314,0.0979703474485392,0.0337016943980043
7142,"heggarty2024",-5.93142912217205,-0.0222029093057638,0.0384304220429424,-0.0986409465737011
7143,"heggarty2024",-5.79841600345927,0.0542973980816638,-0.0739444175849565,-0.151695657792751
7144,"heggarty2024",-6.18478930355933,-0.090092027423861,-0.0779309482540525,-0.0886880180418544
7145,"heggarty2024",-5.86990855135579,0.0536749789381256,-0.106517138027977,0.0181883411909413
7146,"heggarty2024",-5.82383498026074,-0.025723594260446,-0.010657440472567,0.0361482226486486
7147,"heggarty2024",-6.00567725048914,0.0238483637375034,-0.113333540183311,-0.0979870524617047
7148,"heggarty2024",-5.73691220369421,-0.0427648949596474,0.0184131153360612,0.0113646978070244
7149,"heggarty2024",-5.74630677545013,0.0097078155052753,-0.0888907229491935,-0.0750046955427216
7150,"heggarty2024",-5.82358327662147,-0.0327902289098983,0.00286070465097815,-0.03837809124427
7151,"heggarty2024",-5.9141086595599,0.0202648224855809,-0.0613219772068842,-0.145864938879772
7152,"heggarty2024",-5.89169896883509,-0.000115410030411781,-0.0955885776629475,0.0561946490989153
7153,"heggarty2024",-5.66873721566001,0.00402139038810771,-0.00835955526942194,-0.0714896333752284
7154,"heggarty2024",-5.6024473914326,0.024546083836299,-0.0846578269861542,-0.164951179906905
7155,"heggarty2024",-6.16076968851167,-0.180564376790012,0.0552706687741451,-0.0929415275088843
7156,"heggarty2024",-5.80096883767799,-0.0191605085051698,-0.107881624500826,0.0430444604307584
7157,"heggarty2024",-5.79892615906715,-0.00985253937911473,0.0994557044338795,-0.0504816793165469
7158,"heggarty2024",-5.8755641400564,-0.040858252952614,-0.0275550678690398,-0.0758914393814587
7159,"heggarty2024",-6.19295122651236,-0.0939773804386567,-0.124220454202747,-0.178145981432447
7160,"heggarty2024",-5.90933998644285,-0.000321383741624279,-0.0332788288430883,-0.032931375081154
7161,"heggarty2024",-5.73531986719696,0.0286427084853412,-0.0912754568226291,0.0174908428117607
7162,"heggarty2024",-5.94548321640756,-0.0617260094776478,0.00312388826885279,-0.120589674786924
7163,"heggarty2024",-5.58101320408642,-0.0663637194999341,-0.135561254994386,-0.18228732975671
7164,"heggarty2024",-5.77700472720322,-0.109706599062321,0.0975890933553373,-0.119179388789384
7165,"heggarty2024",-5.83961498426997,0.111536518847127,0.121132634133382,-0.024366869012922
7166,"heggarty2024",-5.64313908136072,0.000821301525852258,-0.127021606535079,-0.271325523360928
7167,"heggarty2024",-5.88445764010818,-0.0475429015096776,-0.12854375132743,-0.215586658924153
7168,"heggarty2024",-6.04219068757383,0.0126871165310099,-0.0565768980287439,-0.106040375048672
7169,"heggarty2024",-5.68588311144866,-0.12228857884779,0.0533530003275261,-0.0751943977393288
7170,"heggarty2024",-5.75172134258728,0.0885336915666515,-0.0285433497136211,0.179421398559405
7171,"heggarty2024",-5.71275303564642,-0.00871419422835992,0.00994845557597625,-0.219227867394302
7172,"heggarty2024",-5.8232819305714,-0.11209950668633,0.0257549404496371,-0.260412588492941
7173,"heggarty2024",-5.7697717755885,-0.0570667744020882,-0.0789180261010366,-0.252271187285382
7174,"heggarty2024",-6.08532897971139,-0.129062365157525,0.0100907146157799,0.00993249274850679
7175,"heggarty2024",-5.70816278016582,0.115335492160156,0.00374827655573459,-0.0212162275956783
7176,"heggarty2024",-5.91070665571117,-0.0519786689262485,-0.00921492822236769,-0.174838282818839
7177,"heggarty2024",-5.86453836740338,-0.0809079908831041,0.0297878566596266,-0.163461951116778
7178,"heggarty2024",-5.88121062494217,0.178929374475159,-0.0577954933202989,-0.130989367041449
7179,"heggarty2024",-5.81840722161641,0.0221374997706161,0.0473646640698486,-0.00443476165266547
7180,"heggarty2024",-6.77939694187174,-0.154201395056036,0.021984075168096,-0.00449774152449832
7181,"heggarty2024",-5.71392128644161,-0.0221514589846491,0.0835132265134987,0.00335231198486893
7182,"heggarty2024",-5.98088440011262,0.0294081119527451,0.0807649661025565,-0.0391914894236214
7183,"heggarty2024",-5.86380392606622,-0.000232921817270181,0.117061269050807,-0.113293647216895
7184,"heggarty2024",-6.00790338487881,-0.0311108287498228,0.00217703034781786,-0.101245263410038
7185,"heggarty2024",-5.80056336338141,-0.016074785352521,0.0344071788123939,-0.0840449699802541
7186,"heggarty2024",-6.75604693795945,-0.129783947041723,0.0840437682759849,-0.0802824743485744
7187,"heggarty2024",-6.78551156004865,-0.00203067153370173,-0.05331414966458,-0.0203533919630762
7188,"heggarty2024",-5.60100243809545,-0.116163805642712,-0.0803100883022703,-0.175617752856872
7189,"heggarty2024",-5.96907238507753,0.0391352896453259,-0.0281596704662243,-0.102725874692036
7190,"heggarty2024",-6.00870070947738,0.0143474402169908,-0.0905499210792909,-0.199126774593176
7191,"heggarty2024",-5.91722132068078,0.00901545508927385,-0.0340191835691755,-0.0368433470724615
7192,"heggarty2024",-5.94308237646475,-0.102655576440659,0.114888462873975,0.0121298960666942
7193,"heggarty2024",-5.94045637619554,-0.0591471252972131,-0.0436900624053987,0.0401882256824533
7194,"heggarty2024",-5.83206862425146,-0.124302243064003,0.00904724473678225,-0.186491615058331
7195,"heggarty2024",-6.14355970581604,-0.0525922005376329,-0.169161708747413,-0.0585830677942991
7196,"heggarty2024",-5.97300850245891,0.018921082564475,0.00820429043152186,-0.201193664398515
7197,"heggarty2024",-5.89516405741467,-0.0625070017207729,-0.0101647421732085,-0.136722009375188
7198,"heggarty2024",-5.77272135544578,0.0381268943358285,-0.0830708287052906,-0.049357386442586
7199,"heggarty2024",-5.83585416765671,0.0130519673994415,0.0122199645381133,-0.083606392574506
7200,"heggarty2024",-6.15104763816829,0.106144508418004,-0.0304536560956166,-0.00277908530384965
7201,"heggarty2024",-5.71010737299139,-0.0216843017258879,0.0293090369269057,-0.21678448718817
7202,"heggarty2024",-5.42407534544398,0.0879333543215787,-0.101157639613875,-0.0396098343845277
7203,"heggarty2024",-5.71800818275961,-0.0495952443740397,-0.0069281903009091,-0.0309919342930162
7204,"heggarty2024",-6.21990120384585,-0.0792913023477234,0.0414933403230733,-0.09635689538207
7205,"heggarty2024",-5.95852476806446,-0.183186052834808,0.0812305811946912,-0.138730177474117
7206,"heggarty2024",-5.43173043714411,0.0518110738366119,-0.0525072441212661,-0.0325597162514757
7207,"heggarty2024",-6.06496640604094,-0.074666488657445,-0.0649767937421158,-0.135410683057817
7208,"heggarty2024",-5.88042974897476,0.00118903206288967,-0.0379622318235627,0.0209764028130326
7209,"heggarty2024",-5.93521007098919,-0.0994248375755857,0.00826667970476771,-0.0650752767852175
7210,"heggarty2024",-6.05041636863757,0.0427081434991375,-0.0694205811061993,-0.113105972649876
7211,"heggarty2024",-5.87350892683278,-0.0645316990156319,-0.12870911985638,-0.0419036388242818
7212,"heggarty2024",-5.7265789095064,-0.00826621534651305,-0.0606354212835543,-0.0943740596098084
7213,"heggarty2024",-6.0718924974121,0.0603759368469352,-0.0276708438023428,-0.246741428041791
7214,"heggarty2024",-6.36983358396771,-0.0854798521323891,-0.0536367552924052,-0.10082609406097
7215,"heggarty2024",-5.9975411955326,-0.000705396204822531,0.02308873996738,-0.0945004555028494
7216,"heggarty2024",-5.54994320018974,-0.112403304262568,-0.0115297459260242,-0.167138661514711
7217,"heggarty2024",-5.54502490808216,-0.00067057874206362,0.0137364611329072,-0.190279292520713
7218,"heggarty2024",-5.78957325080217,-0.0632173043991881,-0.0105928946856603,-0.178360270587488
7219,"heggarty2024",-5.79333373677836,-0.0681203912824745,0.092253941071433,-0.00911201983518821
7220,"heggarty2024",-5.9539937153317,-0.00326927370074684,0.0109203236435543,-0.0636276014232658
7221,"heggarty2024",-5.85537919105834,-0.0271582799644032,-0.0813588305445421,-0.0473020139445516
7222,"heggarty2024",-6.37211058616097,0.0191430161224273,-0.123760906452836,-0.107527440801897
7223,"heggarty2024",-5.85655945231653,-0.0938679707190556,-0.0766936771139357,-0.230769960647915
7224,"heggarty2024",-5.49153760544883,0.0442977486652535,-0.127475324815486,-0.158506208174972
7225,"heggarty2024",-5.81636261290521,0.0646187400856627,0.0843430379862409,-0.00155796027424284
7226,"heggarty2024",-5.96556973363282,0.0329033304287781,-0.229339152529966,-0.216486399260629
7227,"heggarty2024",-6.03201775614168,-0.153942548533163,-0.0651662767559007,-0.250858397165735
7228,"heggarty2024",-5.93584106528496,0.158642252922189,-0.0257020156498846,-0.122151918284833
7229,"heggarty2024",-5.80016056810548,-0.080934011301462,0.146575138078154,-0.0532247551774072
7230,"heggarty2024",-6.01531072492575,-0.0467245981457709,-0.163647012659191,-0.157410028955409
7231,"heggarty2024",-6.37573941638657,0.0511972979759462,0.104010730747618,-0.0648927910908262
7232,"heggarty2024",-6.09886254938558,-0.0653372834296991,0.0274929790042124,0.0594143051781838
7233,"heggarty2024",-5.73780675696533,0.000443160832536061,0.0394724098028426,-0.130227755822188
7234,"heggarty2024",-5.83610291189981,0.0182366388658592,-0.0951569038792428,0.042607724208462
7235,"heggarty2024",-5.78417471449722,-0.258450009417198,-0.058392001447965,-0.11153092019948
7236,"heggarty2024",-5.86241768018675,-0.0825755641275345,0.11622200994205,-0.114145935802442
7237,"heggarty2024",-5.94982870536754,0.0481125497440955,-0.0393855621728856,-0.126112054992054
7238,"heggarty2024",-6.16080174593872,-0.210748361245587,0.0845052775682677,0.0595759118617148
7239,"heggarty2024",-6.08854619421321,0.0144196151886941,-0.0710104902035487,-0.0973996655420408
7240,"heggarty2024",-7.02303920658714,-0.150234171465623,0.0174679601687635,-0.129540104973182
7241,"heggarty2024",-5.80523256306263,0.0442350042276875,0.0690243260280984,-0.0690506161894851
7242,"heggarty2024",-5.75017325813118,-0.0561429665538239,-0.0949053532205873,-0.107219165089366
7243,"heggarty2024",-6.03855642084503,-0.0434604026871467,-0.0424799104207415,-0.119400065178944
7244,"heggarty2024",-5.99007571337138,-0.138743446372545,-0.00306713047175881,-0.0352707699463609
7245,"heggarty2024",-5.89958738949654,-0.0004103930126176,-0.0964821127319767,-0.0555088179553288
7246,"heggarty2024",-5.76458127907205,-0.0076047411978568,-0.137156982303074,-0.227750866969243
7247,"heggarty2024",-5.689139114581,0.0156687909409414,-0.0579918867762829,-0.254004729027841
7248,"heggarty2024",-5.91118897279332,-0.0198211663476199,0.0689767740406172,-0.174888638102414
7249,"heggarty2024",-5.9843937778823,-0.072616108390063,-0.180009151646753,-0.187628962540422
7250,"heggarty2024",-5.77086071097644,-0.125103999843582,-0.0447226569427846,-0.188303378590954
7251,"heggarty2024",-5.47080649650188,0.0672194967911747,0.0179648817941635,-0.115798699920844
7252,"heggarty2024",-5.86338301193257,0.0952396263505818,-0.101189192304698,-0.0595240422125102
7253,"heggarty2024",-6.0708467933256,-0.062288558264734,-0.00486336255060707,-0.320961473184864
7254,"heggarty2024",-6.43188912576546,0.138468976414575,0.0836128766911137,-0.147306854463867
7255,"heggarty2024",-5.72903167218832,-0.117388492462894,-0.130492529334177,-0.0950397027426385
7256,"heggarty2024",-6.29029351265897,-0.240780156319899,-0.00206302561472853,-0.150047091176715
7257,"heggarty2024",-5.92932817135648,0.0209296238448567,-0.02066315916305,0.0475404431362853
7258,"heggarty2024",-5.85527795792011,-0.04373898909309,-0.141315588518215,-0.0372320565428428
7259,"heggarty2024",-6.13365266500055,-0.0450403911525976,-0.0779988598424729,-0.00789939473093939
7260,"heggarty2024",-5.80326071314332,-0.0598730733923018,-0.0845636428437461,-0.129031932231575
7261,"heggarty2024",-5.62492143640684,0.0143223577160255,-0.129779430781916,-0.0476614218806605
7262,"heggarty2024",-6.33520349124156,-0.100538662658898,-0.103846853559351,-0.0846272376588133
7263,"heggarty2024",-6.64492620726305,-0.219284143821879,-0.0616983841483855,0.0342258995322079
7264,"heggarty2024",-6.01712754273451,-0.160257043798706,0.0240748976133634,-0.206512885484763
7265,"heggarty2024",-6.57987621702036,-0.117935717157847,-0.0234946539099804,-0.0145293251703256
7266,"heggarty2024",-5.8904606846904,-0.212604749906984,-0.0643165945582817,-0.110634083001257
7267,"heggarty2024",-5.64971136706801,0.0243930200380134,-0.0432019761607264,0.00389405623285541
7268,"heggarty2024",-5.61622579440166,-0.0546721251381585,0.00695685325434539,-0.0812620229244924
7269,"heggarty2024",-5.3255280634314,-0.034748736222041,-0.0989115336311262,-0.171744975315798
7270,"heggarty2024",-5.78517691747484,0.0280180141888076,-0.0735951493453468,-0.0426274243495813
7271,"heggarty2024",-6.01792443072395,-0.0399320871745686,-0.0543935574326899,-0.0556436758603092
7272,"heggarty2024",-5.50520606397604,0.015307418364625,0.00513551045990757,-0.0698673667208895
7273,"heggarty2024",-6.30960260369738,0.0105600568095873,0.0556430538787144,-0.2193444374483
7274,"heggarty2024",-5.96953352664902,0.0317931366903733,0.107375905293471,-0.0628506562159999
7275,"heggarty2024",-5.8694968627964,-0.163945623117639,-0.125715852331534,0.0356038131856083
7276,"heggarty2024",-6.2546529709027,-0.0718240210393681,-0.0348363242940372,-0.136345433898297
7277,"heggarty2024",-5.93183025559254,-0.144633742177162,0.0393063153271348,-0.0109672887354576
7278,"heggarty2024",-5.80660361086044,-0.103983676088804,-0.12767112798515,-0.139710929236502
7279,"heggarty2024",-5.48672134286755,-0.0591969733784899,-0.142674359063707,-0.135918605330216
7280,"heggarty2024",-5.68952386187666,0.0757494251043811,-0.05788575564008,0.0021846424822757
7281,"heggarty2024",-5.9221864557063,-0.099274259641188,-0.0246837162376327,-0.107069743748075
7282,"heggarty2024",-5.97149221347484,0.0366373655431797,-0.0413376469014254,-0.0305457783583145
7283,"heggarty2024",-5.95407758091465,0.156905095745342,-0.0829899063829243,0.000308122506998497
7284,"heggarty2024",-5.61047629805152,-0.0146921957312275,0.054131001032343,-0.106299729269298
7285,"heggarty2024",-5.77413403288041,0.0687043652784162,-0.0971256084807899,-0.0260693641656914
7286,"heggarty2024",-5.64200447349956,0.108672571224996,0.0416591773175412,0.066999208719081
7287,"heggarty2024",-5.77114900145615,-0.0116128286443239,0.000605966436985697,0.0997991353913263
7288,"heggarty2024",-6.64799346677559,-0.0485930946352144,-0.101549603428389,-0.133220162630415
7289,"heggarty2024",-5.87259549798217,-0.0177692305716472,-0.0558375310130635,-0.0954006349650123
7290,"heggarty2024",-5.91748157719551,0.0948172362239082,0.0158715338275859,-0.0944503108530692
7291,"heggarty2024",-5.80692810023214,-0.0586922307658767,-0.177984396623602,-0.120906226366536
7292,"heggarty2024",-5.96126908764468,-0.0728164637531105,0.00493183500588786,-0.120832956694359
7293,"heggarty2024",-6.3383177735957,0.0260369097018414,-0.0584826305519308,-0.0641936891576001
7294,"heggarty2024",-5.64544655473163,0.0996709914939813,-0.0033113397133599,0.0219188484731024
7295,"heggarty2024",-6.02694729429035,0.0585342421599781,-0.0987911716113513,-0.0854680998624005
7296,"heggarty2024",-5.90595738279322,-0.115967726747758,-0.0655919666802665,-0.114357695345009
7297,"heggarty2024",-6.07972550950285,-0.039826051106767,-0.0666760093163695,-0.073054545422683
7298,"heggarty2024",-5.65798914811305,0.0246652587685615,-0.0245695957591062,-0.0310259482776773
7299,"heggarty2024",-5.54263044545409,-0.0569761581925086,0.0679769782137617,-0.0478631664126256
7300,"heggarty2024",-5.76728356867086,-0.0904089405228483,-0.139513539716733,-0.246365698632799
7301,"heggarty2024",-5.78518092462613,0.0252566592443989,0.0431294974952808,-0.0546152951964117
7302,"heggarty2024",-5.96540668986535,0.00291319927607898,-0.100685598179183,-0.102255095346201
7303,"heggarty2024",-5.89474012371955,0.0197154574335925,0.063550523863219,-0.1377097039181
7304,"heggarty2024",-5.88092160525043,-0.0234993096955619,-0.0457307721154191,-0.103312332760959
7305,"heggarty2024",-5.66654070280455,-0.0347076648781668,0.0889005507490131,-0.149247236068629
7306,"heggarty2024",-6.05121593205753,-0.156097011970188,-0.0771987432351897,-0.0529011621231402
7307,"heggarty2024",-6.07467474059115,0.0361955019395656,-0.116690577435385,-0.221764478277753
7308,"heggarty2024",-5.80195667957927,-0.0719657309601681,0.03182648548835,-0.087244397486903
7309,"heggarty2024",-5.44414981111908,-0.121941901878605,0.0499729054247268,-0.0422298780781936
7310,"heggarty2024",-5.93098814615323,0.0844452916332909,-0.0396076465028788,-0.137158783331403
7311,"heggarty2024",-5.78774559863109,-0.0589241391381835,-0.131921755407957,-0.148640950217622
7312,"heggarty2024",-5.91473640947012,-0.096694572464972,-0.00962757213799623,-0.19625010778704
7313,"heggarty2024",-5.82419401690193,-0.115859805198034,0.0684054492148315,-0.00156327326595585
7314,"heggarty2024",-5.7064469403246,-0.0299054089586767,-0.151176095220743,-0.0794945095453583
7315,"heggarty2024",-5.81738426195954,0.0379982352287807,-0.000731749268498793,0.0158860647470112
7316,"heggarty2024",-5.83292686452523,-0.0911414814456949,-0.0878969149691658,-0.133286490746462
7317,"heggarty2024",-5.59364846151621,0.132219170802994,-0.0196795230022683,-0.0915987537407566
7318,"heggarty2024",-6.3753418564591,-0.167153331430339,0.0387089896029533,-0.140028433700361
7319,"heggarty2024",-6.2430009313971,0.0403425434193503,-0.00681741067885815,0.023389876722819
7320,"heggarty2024",-5.87369254378064,0.0375607657467505,0.0695389580719804,0.143159280811083
7321,"heggarty2024",-5.87122231112572,-0.0520380287225168,-0.069117515696617,-0.15184507682906
7322,"heggarty2024",-6.1101342103592,-0.154579094368876,0.0541539869724413,-0.108444348094294
7323,"heggarty2024",-5.63538089104669,-0.0461317982711271,-0.126109451845011,-0.1744055155321
7324,"heggarty2024",-5.33285704105603,-0.0549010561700818,-0.0717204107977171,-0.0298141984019413
7325,"heggarty2024",-6.18520852530253,-0.0931665190641369,-0.141135854258848,-0.13309523806203
7326,"heggarty2024",-6.18590737701121,-0.0165377768104866,0.016692731841354,-0.11990714300349
7327,"heggarty2024",-5.97702691515332,0.0108657309696846,-0.0718382417056492,-0.169142766946431
7328,"heggarty2024",-6.1184885458202,-0.153323771757645,-0.154909766109839,-0.0817617551028809
7329,"heggarty2024",-6.21287962313783,-0.165796875455903,-0.104935774841297,-0.190532272438609
7330,"heggarty2024",-5.8734059185648,-0.0958826058049297,0.00140891210880169,-0.156975125160074
7331,"heggarty2024",-6.31131131552292,-0.0754399620005864,0.00619911415457045,-0.101709233214484
7332,"heggarty2024",-6.02808516494246,0.122529965087519,0.0524835153553865,0.202598885429025
7333,"heggarty2024",-5.96975088716444,-0.0758784191559014,-0.0766833203268093,-0.175033543082252
7334,"heggarty2024",-5.92770627097241,-0.0143337218597999,-0.116901609427354,-0.327019446624872
7335,"heggarty2024",-5.86958083970481,-0.000508937835720957,-0.0885441539542402,-0.113565639955393
7336,"heggarty2024",-6.36335611863469,0.0957150562638481,-0.155789254004579,-0.14785361084653
7337,"heggarty2024",-5.99307120279137,-0.00991062162291582,-0.109687645144984,-0.145518532327965
7338,"heggarty2024",-5.55297043360764,-0.00437883061705764,0.0739221261522095,-0.176546574886338
7339,"heggarty2024",-5.84081091629107,0.0698977749001261,-0.0563140882403942,-0.0765232483844099
7340,"heggarty2024",-5.73867067114889,-0.108162155192316,0.0612628857027622,-0.0336389479837001
7341,"heggarty2024",-6.01860909612711,0.0931623552960669,-0.0216772985119932,-0.0288711281254977
7342,"heggarty2024",-5.65195389750396,-0.00952540465476151,0.045429536357979,-0.0952622712903017
7343,"heggarty2024",-6.02243278978363,-0.130429308968416,-0.0394991239969522,-0.021394906209965
7344,"heggarty2024",-6.08088018202409,-0.100040922023449,-0.0732070068470474,-0.258808922697638
7345,"heggarty2024",-5.83968045784421,0.0861035911483265,0.00391722981069354,0.0197257194145676
7346,"heggarty2024",-5.79699539677915,0.054726199389544,0.0118859380354634,-0.0132138421812724
7347,"heggarty2024",-5.81764723216474,-0.0673787269512794,-0.0382701988834877,-0.101740638685093
7348,"heggarty2024",-5.73062937180219,-0.0323933519394432,0.0110953601760496,0.046050936467782
7349,"heggarty2024",-5.74240033528092,-0.0456759309108732,-0.0376557866760701,-0.0984962894423129
7350,"heggarty2024",-6.05431150754806,-0.153158837964662,0.050187633670069,-0.122466773401055
7351,"heggarty2024",-6.32283050449215,-0.149243383139353,-0.0305708518569497,-0.28522755344671
7352,"heggarty2024",-5.44811320028578,-0.115113064219243,-0.0114862158749365,-0.00686077634317997
7353,"heggarty2024",-6.08471214383143,0.0745361503709777,0.155285337793507,-0.0891359442374946
7354,"heggarty2024",-5.78478991990648,0.0778378350749866,-0.111702328802414,-0.259060003259157
7355,"heggarty2024",-5.96059920953741,-0.00753052046574126,0.00516259327804366,-0.0246906982579362
7356,"heggarty2024",-5.698944925233,-0.0463274129749687,-0.0673672601889101,-0.0936975882409682
7357,"heggarty2024",-5.88061911612439,-0.105676033637574,0.00871282539821608,-0.184764373782834
7358,"heggarty2024",-6.19323648817741,-0.0701089047172637,-0.00442142972749429,-0.0354185284817313
7359,"heggarty2024",-5.85149717033061,-0.0162508329667548,-0.0984521093227264,-0.0813645757676798
7360,"heggarty2024",-5.52521178536221,-0.0385341034627061,-0.0219266750941856,-0.124477827581825
7361,"heggarty2024",-6.06603669558633,-0.131891030305109,0.0481632148352857,0.170759057495501
7362,"heggarty2024",-5.6936883134214,-0.124582081390435,0.0883941313631878,-0.039888132765475
7363,"heggarty2024",-6.38545824125173,-0.0205092077031939,0.0454303307135157,-0.151338441540282
7364,"heggarty2024",-5.58459752459899,-0.00608478655385814,0.0665458771130471,-0.167262553185054
7365,"heggarty2024",-5.89282289473676,0.0597477469012194,-0.0751410260164337,-0.143827453897529
7366,"heggarty2024",-5.95072528878776,0.0764133659154719,-0.22347657743504,-0.0725621627628891
7367,"heggarty2024",-6.16299494660835,0.0362124475417529,-0.128760077996167,0.0574519365514024
7368,"heggarty2024",-5.97376714264913,-0.0128702440899224,-0.12709673890493,-0.116868619646295
7369,"heggarty2024",-6.07280634788066,0.00936813959498534,0.0518045670147146,-0.0473720282990953
7370,"heggarty2024",-5.83514056093255,-0.103895478931582,-0.00630724495212457,-0.115984578855244
7371,"heggarty2024",-6.14353401082463,-0.0651144550074864,0.00509025985052638,-0.0822318410037944
7372,"heggarty2024",-5.71683211266344,-0.0533036663989766,-0.0299416194759242,-0.112448690144864
7373,"heggarty2024",-5.81185172790961,0.0320321708546219,0.0519819829837749,-0.115328407104348
7374,"heggarty2024",-6.28708279609806,-0.0361118546518236,-0.141483000508311,-0.0620414880607212
7375,"heggarty2024",-5.84246275481044,-0.023985884861265,-0.0424499688238135,-0.209481573094314
7376,"heggarty2024",-5.97443172547182,-0.110897723004466,-0.0628933405973326,-0.0478891899154006
7377,"heggarty2024",-5.68733362561119,-0.0519832948463129,0.14775610441668,-0.0940900771133886
7378,"heggarty2024",-6.1715534158566,-0.116573771342545,0.0559789078684104,-0.130671695715849
7379,"heggarty2024",-5.97739538488136,-0.0331340953506164,-0.145747267502023,0.00850418745919841
7380,"heggarty2024",-5.58981373660257,-0.0186151141936619,0.0496207460740233,0.0989826715598359
7381,"heggarty2024",-5.84100517347244,-0.104510843598519,0.0110941408865163,-0.122714517113091
7382,"heggarty2024",-6.00249343883037,0.0645705494966675,0.187853319733855,-0.0433770899211882
7383,"heggarty2024",-5.97271850815995,-0.0683875578308879,-0.0374707703065035,0.0266419257948719
7384,"heggarty2024",-6.89905334092141,0.00441133082526936,-0.08048812146561,0.0152320056497617
7385,"heggarty2024",-5.6870922464001,-0.042839268667578,-0.0399064537156122,-0.087898533872815
7386,"heggarty2024",-5.7654724639985,-0.0390370638578471,-0.0564899804767133,-0.113463339796342
7387,"heggarty2024",-6.43315844562671,-0.17931824741987,-0.103744116584419,-0.191398223729073
7388,"heggarty2024",-5.95626895298795,-0.126380842689711,-0.123766069971985,-0.0615363493421542
7389,"heggarty2024",-5.8224283528802,0.0701863490235053,-0.0993488462906462,-0.135383164465914
7390,"heggarty2024",-5.84940358551148,-0.0305621843466884,-0.145733986706686,-0.119070135323346
7391,"heggarty2024",-5.75799884981009,-0.235784825979809,0.0108483667741291,-0.0536558407042328
7392,"heggarty2024",-5.95660302490563,-0.0181686683406456,-0.0182646570207088,-0.0731260019470232
7393,"heggarty2024",-6.42682622605643,0.0546938231068912,0.00855085464771168,0.0326128652845839
7394,"heggarty2024",-5.67849419592563,-0.168385361807849,-0.0429238883999297,-0.0819973827427655
7395,"heggarty2024",-5.75075994234223,0.00436276783658476,-0.0171995687132143,-0.257611021289794
7396,"heggarty2024",-5.87314153197694,-0.0849456338097561,0.136213222073182,-0.118201878571596
7397,"heggarty2024",-6.11118299138517,-0.0663623476122465,0.0647089179675745,0.00303286087135435
7398,"heggarty2024",-5.87272225090977,0.00750231133173874,-0.0623535059475653,-0.0466439423906486
7399,"heggarty2024",-6.176598213934,-0.0450598292273598,0.00899206109082086,0.00431843947057328
7400,"heggarty2024",-5.97429866116352,-0.1315786189919,0.0992859115053743,-0.173979291655869
7401,"heggarty2024",-6.00754407436532,-0.144604065613696,0.0829399744441565,-0.147501227861681
7402,"heggarty2024",-5.79813588809054,0.0422638805207407,-0.258336909806193,-0.136845711323271
7403,"heggarty2024",-5.68140894969517,0.0364017974617984,-0.183112782415853,-0.102313430289164
7404,"heggarty2024",-5.78713211441326,0.110267435561876,0.0292580523502063,-0.0513442215624052
7405,"heggarty2024",-5.95910654506936,-0.0408443875908862,0.00481227587558204,-0.0459975993192686
7406,"heggarty2024",-5.68952991831047,-0.121984615583148,-0.117533433107321,0.00666374889475777
7407,"heggarty2024",-6.08181203098062,-0.027297867735912,-0.102824975702118,0.04681768609636
7408,"heggarty2024",-6.1103771892564,-0.0311392283954078,-0.0818808961465854,-0.124443709238671
7409,"heggarty2024",-5.83837214771556,-0.126963512146959,0.177624534359078,0.0184888029892217
7410,"heggarty2024",-5.636896714386,-0.0220943462930553,0.00862703677130899,-0.0933205493150659
7411,"heggarty2024",-6.05767275106706,-0.0267410937217298,-0.0656089053145605,-0.0363723718131274
7412,"heggarty2024",-5.88092223060159,0.0168021846008983,0.0389687165720726,-0.129445617843706
7413,"heggarty2024",-6.01172359405293,-0.027017653637159,-0.046865336618327,-0.0976775984961125
7414,"heggarty2024",-5.6818817623116,-0.100067178066659,-0.100739031843785,-0.156479095123595
7415,"heggarty2024",-6.02204631252236,0.00681710144207087,0.0935528111935963,-0.132069000668525
7416,"heggarty2024",-5.72345759627182,0.0348208255942798,0.0731060777731378,-0.191289533962466
7417,"heggarty2024",-5.88075283331538,-0.0422048982625962,0.0511649595000368,-0.0271956800087573
7418,"heggarty2024",-6.20481273669902,-0.0499966892674912,-0.12691513800071,-0.0332388246498879
7419,"heggarty2024",-6.22221526294243,-0.0208833999673713,-0.0736507361650421,-0.149333490186768
7420,"heggarty2024",-5.5510242719619,0.0535841090531367,0.00702151233879358,-0.177723044909686
7421,"heggarty2024",-6.35096428611025,0.0234511310837017,-0.124060175050129,-0.0834443200218875
7422,"heggarty2024",-5.87233984462516,-0.0620601231817585,0.0346281162505936,-0.0510393223756765
7423,"heggarty2024",-5.83066629388972,-0.0311140251642401,-0.166410112821407,-0.196975740074045
7424,"heggarty2024",-6.05819005897065,-0.0356323403522553,0.0144393320245603,-0.336023500851003
7425,"heggarty2024",-5.95569572172069,-0.0578287539091935,-0.10391579032644,-0.179242204275399
7426,"heggarty2024",-5.63785238652963,-0.0727839949923062,0.0394272146456439,-0.0575883029956484
7427,"heggarty2024",-6.04899083286656,-0.0632344378001637,0.173115103129133,0.0967164167360743
7428,"heggarty2024",-5.89238069415121,0.0763650250095418,-0.108033616138458,0.0122268018842131
7429,"heggarty2024",-5.90339761078648,0.0251047756802614,-0.209813284279429,-0.178190329520916
7430,"heggarty2024",-6.2711509121539,-0.126627215287945,0.0154491674777911,-0.156674532545203
7431,"heggarty2024",-5.84802693207122,0.0913239450205544,0.0606422749439488,-0.0624653076445234
7432,"heggarty2024",-5.79651142303338,0.0935024625361675,0.0306459257968631,-0.142300202196432
7433,"heggarty2024",-5.90285781969491,-0.107198479876292,-0.0359088744168967,0.0217659022439036
7434,"heggarty2024",-6.50288257110636,-0.0844779331190649,0.078928810367722,-0.070005079694247
7435,"heggarty2024",-6.01662019326436,-0.079056115246283,0.0681356183697345,-0.116013528244538
7436,"heggarty2024",-6.31595296715304,-0.277397964883727,0.0405595180661563,0.0778632594077741
7437,"heggarty2024",-6.1618638953722,-0.0903747074913803,-0.0736864974488652,-0.166173152472604
7438,"heggarty2024",-5.85976132086059,0.029021713800258,-0.0172596792233603,-0.0611987504190573
7439,"heggarty2024",-5.82367665443544,-0.0863835793940774,-0.0593969847112587,-0.159971071219306
7440,"heggarty2024",-5.8336307542806,-0.0373629766513195,-0.105196126505537,-0.131005725278917
7441,"heggarty2024",-6.29751663332498,-0.0122557034485736,0.00674473970819052,-0.0509012904440708
7442,"heggarty2024",-5.93334823358585,0.0172455440001368,-0.0180839014379169,0.0111985791612664
7443,"heggarty2024",-6.23005568045735,0.0163351169141865,0.0348982286988617,-0.148092975024903
7444,"heggarty2024",-5.76461851347009,-0.160657822874006,-0.0444687442782794,-0.177704657457521
7445,"heggarty2024",-5.82357721988051,0.0552426657844765,-0.0508217115618851,0.000173067228085532
7446,"heggarty2024",-6.20589808050957,-0.102737226473323,-0.0210910922483598,-0.0947287281979234
7447,"heggarty2024",-5.886972277564,-0.0596435250140181,-0.00659449761989105,-0.124495781077984
7448,"heggarty2024",-5.77597890463196,0.0084407033753408,0.100866620533993,-0.0842551757239743
7449,"heggarty2024",-5.92017870732156,-0.00682214988432503,-0.107390925741687,-0.0180509271292583
7450,"heggarty2024",-5.62506225412659,-0.0971229356074698,0.0366854621771637,-0.132140682264882
7451,"heggarty2024",-6.12646703569975,-0.136841801982919,-0.0677934551684891,-0.215504363925632
7452,"heggarty2024",-6.04373892214661,-0.15406521751443,-0.159159129799053,-0.0644675154407478
7453,"heggarty2024",-6.40900274227366,-0.0851259882137265,-0.0759742238169483,-0.118048124574401
7454,"heggarty2024",-5.99108293788505,-0.130116636380417,-0.0128918051354623,-0.0766930470557733
7455,"heggarty2024",-6.62121275192801,-0.058032057631505,-0.0675810991386455,0.065674466106175
7456,"heggarty2024",-6.24812688420544,-0.121197976431085,0.0460717286327808,0.0575772377383172
7457,"heggarty2024",-6.08862913737179,-0.0650539261668348,0.0498813364900789,0.100989161260969
7458,"heggarty2024",-5.9079070846963,-0.000125783417280824,-0.0433116323412703,-0.109000889426266
7459,"heggarty2024",-5.71386234323978,0.0841444394307322,0.0673155098772485,-0.1521501977334
7460,"heggarty2024",-5.94326534329075,0.016470854651771,0.0390283249633661,-0.163433592778407
7461,"heggarty2024",-5.70094602983193,-0.000211052966340603,-0.0216451658106507,-0.0787005470194407
7462,"heggarty2024",-5.78068135309864,-0.0687451222516007,0.0695195375979263,-0.0878783280445036
7463,"heggarty2024",-6.22929576064819,-0.0105593293266518,-0.0775275639134562,-0.196968548657986
7464,"heggarty2024",-6.08439530718617,0.157458031643747,-0.109439188917568,-0.0564605167785344
7465,"heggarty2024",-6.30861656138505,0.0967894485382164,-0.206977920017823,-0.304847059969168
7466,"heggarty2024",-6.01762816618629,-0.0225868495661923,-0.0305054447654262,-0.0078236035992088
7467,"heggarty2024",-5.73330752531724,0.0504830537198971,-0.0345534522672093,-0.0847926123685752
7468,"heggarty2024",-5.86404196171196,-0.046666285341408,-0.0554293408995632,-0.209011880294468
7469,"heggarty2024",-6.63297603467903,-0.114417908486631,0.0519497374638422,0.117869300388937
7470,"heggarty2024",-6.26350026144622,-0.0749545945994585,0.0666747535853211,0.0836539728714008
7471,"heggarty2024",-6.12878708859878,-0.11061030901728,0.0467599435795936,-0.0609228820932622
7472,"heggarty2024",-5.63861883108331,0.0716273210290849,-0.0131429623474795,-0.0668883870633206
7473,"heggarty2024",-5.65539443502244,-0.066628611295542,0.0355192972900589,-0.0617526867728353
7474,"heggarty2024",-5.63316716680781,-0.00439513827936582,-0.0811874585655451,-0.0274719979571518
7475,"heggarty2024",-5.60125160379897,-0.00203573666891178,-0.0336041229214378,-0.0832582639494772
7476,"heggarty2024",-5.63339300776468,-0.169585397773842,0.010899260684565,-0.27784195561543
7477,"heggarty2024",-6.12552580282906,0.0213989164293972,-0.119456857404811,-0.102535972271651
7478,"heggarty2024",-5.84740054393057,-0.0102521250956243,-0.12117823447147,-0.0888535193069341
7479,"heggarty2024",-6.01812207751128,0.05340737796367,-0.0777705544107458,-0.03912034884722
7480,"heggarty2024",-5.72139029136754,0.00356723272469034,-0.0525469535070678,0.0455296084850703
7481,"heggarty2024",-5.91493124926389,-0.123344410076843,0.0132240652510939,-0.0156275247683016
7482,"heggarty2024",-5.50394347184187,-0.0063048999580688,-0.0138837337586873,-0.12807130604119
7483,"heggarty2024",-5.9488857395894,-0.064482508802585,-0.160399056244934,-0.230889835261982
7484,"heggarty2024",-5.76503473960451,-0.132307151070624,0.0497221298784099,-0.21172962366644
7485,"heggarty2024",-5.89792156174881,-0.0356883968706916,-0.128752088994684,-0.0983777276153127
7486,"heggarty2024",-6.00259210030412,-0.016792419776813,-0.0328424378619244,0.00174184834296618
7487,"heggarty2024",-6.05562536460948,-0.0695249647578944,-0.0424429900397376,-0.114845015969226
7488,"heggarty2024",-6.2975923868348,-0.0665644613176501,-0.147923390598205,-0.167225569815257
7489,"heggarty2024",-5.81936459681597,-0.0300589403572069,-0.0746449300627085,-0.11188289830691
7490,"heggarty2024",-6.27036015544297,0.0648333124453339,0.00616915756638055,-0.119621899208864
7491,"heggarty2024",-6.06607511930714,-0.0861810866040767,-0.050518334324288,-0.189977241871429
7492,"heggarty2024",-5.75241845400344,-0.0846607523544718,-0.137825325725023,-0.0661798586743723
7493,"heggarty2024",-5.56153624436362,-0.023362749008809,-0.143165801547674,-0.241946563664487
7494,"heggarty2024",-5.79852270845222,-0.0279744813880099,-0.0494034049348497,-0.185235080462161
7495,"heggarty2024",-5.8287434628352,-0.0723916809628002,-0.115879588325327,-0.134489596978907
7496,"heggarty2024",-6.05780524015166,0.00458257385133593,0.0170220550478503,-0.0544231083747665
7497,"heggarty2024",-5.60412352095398,0.000297622161418999,0.0148876990111795,-0.136040487367339
7498,"heggarty2024",-5.90190436889516,0.012055248028454,-0.0339728477912469,-0.0561225477917936
7499,"heggarty2024",-5.58545903587879,-0.00361099877868801,0.107447619090094,-0.0108817333051792
7500,"heggarty2024",-6.00264065000444,-0.0228023133410958,-0.106022344140343,-0.143798586416135
7501,"heggarty2024",-5.99033106070572,-0.0370620464336443,-0.086546330124465,-0.192921353077619
7502,"heggarty2024",-5.50184883641788,-0.000378606373175683,-0.0817137731298936,-0.0603794587370454
7503,"heggarty2024",-6.0508227208132,-0.208594789862894,-0.0493896866491111,-0.180421210999369
7504,"heggarty2024",-5.83296647083393,-0.102280785783074,0.0041835729382153,-0.0756786897724619
7505,"heggarty2024",-5.83489464394995,-0.00503356496491218,-0.164191878677205,-0.0678206620646409
7506,"heggarty2024",-5.53790426087162,-0.107523944707327,0.117422456729164,-0.111539380009395
7507,"heggarty2024",-5.59806859289226,-0.0872726560460959,0.0325510480213537,-0.075886485186741
7508,"heggarty2024",-5.92330695222764,0.00659789449484297,-0.100872733702469,-0.0081266968216056
7509,"heggarty2024",-5.6571910181629,-0.0817820920179109,0.123681757911086,-0.0331794308799571
7510,"heggarty2024",-6.0909511181837,-0.0318803299349698,0.0170061940450591,-0.0326566021952923
7511,"heggarty2024",-5.45104859067474,-0.0068775176858643,-0.0215051291410855,-0.156931666602103
7512,"heggarty2024",-5.97329702730353,-0.146356693192748,0.057304999520901,-0.000383764185769298
7513,"heggarty2024",-6.02057933147443,0.03914620420312,-0.0781741865990706,-0.0473687533285834
7514,"heggarty2024",-6.20406160350363,-0.0659094897398333,0.00249458867291329,-0.0882215177954664
7515,"heggarty2024",-5.79711165565352,0.0226003937729461,0.0654387214693274,-0.149149452160612
7516,"heggarty2024",-5.76166741651931,-0.0546873329927524,0.052549497129438,-0.045943384010214
7517,"heggarty2024",-6.4005585629025,-0.0815154939388008,-0.0583836119483041,-0.151212402521351
7518,"heggarty2024",-6.24958135525526,-0.148321515962615,0.109810751081588,0.0718647628334493
7519,"heggarty2024",-5.79952111792188,0.101129176177184,-0.101994600818871,-0.0334627464542285
7520,"heggarty2024",-5.73836800872925,0.149283498178798,-0.00397931842906661,-0.0672310590234778
7521,"heggarty2024",-5.88256662748231,0.0807976320527624,0.0553398124410643,0.0176377950852933
7522,"heggarty2024",-6.44056985935278,-0.0552495230254993,0.023323848334446,-0.0502738837523098
7523,"heggarty2024",-6.1985202099053,-0.0787648331077854,0.0613849259778598,-0.0528819117791904
7524,"heggarty2024",-5.72701177463645,-0.106115569582368,0.143097371799082,-0.223748372109763
7525,"heggarty2024",-6.02260069887044,-0.155135344912964,0.0313724832493043,-0.0398879572041634
7526,"heggarty2024",-5.98295384792624,-0.162464483777506,-0.0760506708482247,-0.259492930854618
7527,"heggarty2024",-5.84827317699324,0.0141004744103054,-0.100387267202452,0.0536895905116485
7528,"heggarty2024",-6.83766617956401,-0.0966692261284957,0.0700274894710822,-0.152157210338124
7529,"heggarty2024",-5.82890608788874,-0.129443474970009,-0.0911487785202782,-0.125242608278415
7530,"heggarty2024",-6.75390082329631,-0.221025257130408,-0.0188710174204948,-0.105288991879341
7531,"heggarty2024",-5.6254449329708,-0.116570505390361,-0.138179731314391,-0.212057185060003
7532,"heggarty2024",-5.70946069525954,0.147142547924266,-0.0590897137189984,0.184452862651857
7533,"heggarty2024",-5.65458284192433,-0.113412672979534,-0.0184102252054497,-0.115179949863444
7534,"heggarty2024",-6.00846459203052,-0.0381326127418232,-0.0934866624573555,-0.0554260141691972
7535,"heggarty2024",-6.16668245475368,-0.0551041492565404,-0.18009503960098,-0.0668766042798157
7536,"heggarty2024",-6.08702220348529,0.0372954425479418,-0.10709824344071,-0.0274990570651721
7537,"heggarty2024",-6.43149535289837,-0.114101152118525,-0.0783420734509754,-0.0465574084260361
7538,"heggarty2024",-5.8255317803833,-0.0592478667259743,0.0171337088792709,-0.185905468928544
7539,"heggarty2024",-5.88182268146647,0.00273344262724599,-0.196058989580331,-0.15665289925997
7540,"heggarty2024",-5.75941294577987,-0.00827216491460504,-0.129936910116398,-0.0853608937058634
7541,"heggarty2024",-5.90932535859005,-0.0616684511823494,-0.0583256584954992,-0.100898778691538
7542,"heggarty2024",-6.18645880456858,-0.0376048055093743,-0.0423786539428259,-0.183271479032225
7543,"heggarty2024",-5.76560432061962,-0.101765632800445,-0.00847567994357742,0.0532620901231112
7544,"heggarty2024",-5.70522611107971,-0.00920585528360999,0.0720454457187208,-0.152721159883638
7545,"heggarty2024",-5.70057113668492,-0.00857903721919628,0.0294187647448352,-0.158591465331615
7546,"heggarty2024",-5.79531860525316,0.0110369838929843,-0.0572471300696495,-0.0610409398463111
7547,"heggarty2024",-5.72362462195074,-0.003666431211087,-0.0298320591219979,-0.103001198327153
7548,"heggarty2024",-6.45070012839539,0.0423716923269958,-0.0195604575865044,-0.0381757228540012
7549,"heggarty2024",-5.95060019450479,0.0986366534472176,-0.0510455865940488,-0.0296623577720088
7550,"heggarty2024",-5.97514505549189,-0.13738413427626,0.0189105176861449,0.0771000239496892
7551,"heggarty2024",-5.5816437935781,-0.0253148480120852,-0.00374140812230344,-0.0793133975711748
7552,"heggarty2024",-5.75841917456401,-0.0650263659126481,0.0912385206034082,-0.147329819573904
7553,"heggarty2024",-6.09207590039728,-0.0177503484106404,-0.0267620840873794,-0.131447373425858
7554,"heggarty2024",-5.99284956079811,-0.148370693368961,0.0711595626461264,-0.00153518343919975
7555,"heggarty2024",-6.1837811197768,0.0219939692952634,0.0107714756022409,-0.0592370065894896
7556,"heggarty2024",-6.01684026403612,0.11101075307556,-0.0335700738519765,-0.0850209846270913
7557,"heggarty2024",-5.80835348069917,0.00394978499586148,-0.0070337031644601,0.0337465803562599
7558,"heggarty2024",-6.2640549075378,-0.0639085917807674,0.00842318625403807,0.121362134792698
7559,"heggarty2024",-5.89963637880984,0.0248290901676899,-0.0156242972871331,0.0819858518284195
7560,"heggarty2024",-5.76273774949516,-0.0961838003639272,-0.0420591508710335,-0.182962498397556
7561,"heggarty2024",-5.79438831461449,-0.0357504930842251,0.0521725571908306,-0.172497228722269
7562,"heggarty2024",-5.85303793634201,0.0490401603249495,-0.0685478379498196,-0.0674451834414248
7563,"heggarty2024",-6.51768505108364,0.0505112422882022,0.105802136029456,-0.0931101528828009
7564,"heggarty2024",-5.93649101492532,-0.116253397061054,-0.149007548335009,-0.163804810374042
7565,"heggarty2024",-5.87505078318547,-0.0980786761628455,0.124042454520546,-0.0968704173527811
7566,"heggarty2024",-5.9035607550042,-0.114843129538887,-0.0564395954626486,-0.121781484368861
7567,"heggarty2024",-5.95796069735805,-0.0785715622880796,0.163610175144133,-0.0123070129569273
7568,"heggarty2024",-6.07719256184206,0.0551739329766634,-0.0484297517684701,0.0751157245456005
7569,"heggarty2024",-5.94367674313128,-0.084286378810471,-0.0448801069910183,-0.133026244366595
7570,"heggarty2024",-5.88818170240304,-0.05637502875291,-0.0285864019263455,0.0465213972471035
7571,"heggarty2024",-5.98939272273126,-0.0386605089955307,-0.0905523988035661,-0.0877820387378513
7572,"heggarty2024",-5.89780265430317,-0.0237045103480012,-0.0177000838638688,-0.328773323775126
7573,"heggarty2024",-5.92407796349229,-0.0354726444383338,-0.0229873348652882,-0.0375655849560755
7574,"heggarty2024",-5.25725203751036,0.0905970287083331,-0.0338045740661518,0.0328571826174417
7575,"heggarty2024",-5.92755101340526,0.00767979616098608,0.0695866679313373,-0.139148015033452
7576,"heggarty2024",-5.55289856967813,-0.0508498487301203,-0.00114552711716817,-0.0755452172564199
7577,"heggarty2024",-5.55166780693377,0.0309944697791427,-0.033477651063891,-0.0252572687359997
7578,"heggarty2024",-5.2137487433779,-0.0472933489995803,0.0508251165505685,-0.0513745546453703
7579,"heggarty2024",-5.67206112649195,-0.0543095846712731,-0.0153496685065957,-0.148703446043385
7580,"heggarty2024",-6.02579305493163,0.0461681450183218,-0.00922346387690006,-0.00339726152236791
7581,"heggarty2024",-5.83350472647368,-0.0108742769444817,-0.040863604530257,-0.0888223842661383
7582,"heggarty2024",-6.00637121294045,-0.0232461479919383,0.00316875279782332,-0.0518878090639641
7583,"heggarty2024",-5.49819263534916,0.0499191443332675,-0.141082642162314,-0.165662125532411
7584,"heggarty2024",-6.00581137323232,-0.118808572094015,0.0666641986622213,-0.120331050061492
7585,"heggarty2024",-5.80756075104539,-0.0269986045164917,-0.0451636655930777,-0.22713099415399
7586,"heggarty2024",-6.10227264433075,-0.127016615424591,-0.026492605607175,0.0343136022178443
7587,"heggarty2024",-6.06936520371118,0.113296139176722,-0.0490014461222883,-0.0811385655661254
7588,"heggarty2024",-6.13747131430901,0.0678631929351132,-0.0496444214915908,-0.0819925121818949
7589,"heggarty2024",-5.87988840567882,-0.059750707100448,-0.113462814238258,0.0877184013884968
7590,"heggarty2024",-6.04449561650299,-0.0613559770842175,-0.157894626039583,-0.063223459226613
7591,"heggarty2024",-6.50794335529429,0.070437717450976,-0.0279637418011801,-0.0393548148228814
7592,"heggarty2024",-6.25614873190047,0.00602404679460692,-0.167978082234828,-0.136227358689868
7593,"heggarty2024",-5.71989949690704,-0.0432577658934382,0.0260155427856772,-0.16491899659139
7594,"heggarty2024",-5.81290682902973,-0.0858796464424482,-0.12955846145425,-0.0890127296168022
7595,"heggarty2024",-5.63189099139967,-0.0713791049971374,-0.0691970735025594,-0.128420826494801
7596,"heggarty2024",-6.31558757326288,0.020383124475963,0.0850347069405962,0.0284036073290051
7597,"heggarty2024",-5.87651730996407,0.0145845214973401,0.0597522150997284,-0.116920332982931
7598,"heggarty2024",-5.74057262255011,-0.0658709114879234,-0.042290747301584,-0.126448843525731
7599,"heggarty2024",-5.73218656854877,0.0871334895095846,-0.148862848353918,-0.0957912988467974
7600,"heggarty2024",-5.94941495052732,0.0989963788411127,-0.119836743249485,-0.078266462167331
7601,"heggarty2024",-5.85763690924568,-0.000386654140108522,-0.104605858826694,-0.0692170479605466
7602,"heggarty2024",-5.96387419010175,-0.0221356668970846,-0.0252937030234586,-0.151268692418102
7603,"heggarty2024",-6.49672893667531,-0.0933541046324324,-0.000812407343802682,-0.0154953601734991
7604,"heggarty2024",-5.80020064021872,-0.133127388242831,-0.0117774521399976,-0.142957080024037
7605,"heggarty2024",-5.76085605644116,-0.0228216328789779,-0.205715915795893,-0.171534001496785
7606,"heggarty2024",-5.86958611296497,-0.0732251537882091,-0.123729687884498,-0.112633834874826
7607,"heggarty2024",-5.62741616849238,0.0125625532991777,-0.108232823319355,-0.0392484472193345
7608,"heggarty2024",-6.30054782112117,0.0992101736672786,-0.00479081249632824,-0.0441094267717073
7609,"heggarty2024",-5.72547027742556,0.0160506960728923,-0.186822589272851,-0.0934572657280074
7610,"heggarty2024",-5.76085651703168,-0.151931987427309,-0.0251808362294322,-0.0627309333746977
7611,"heggarty2024",-6.45273606386394,-0.0195311506992485,0.000925972897224263,0.0363777695213261
7612,"heggarty2024",-5.70484382670391,0.0829470198214027,0.0785642997517225,-0.151026865692589
7613,"heggarty2024",-5.8447871671033,-0.0232639277371883,0.0202677675050424,-0.18133776332457
7614,"heggarty2024",-5.76432946672141,-0.0464835529354342,0.0638437861313373,0.106965247058514
7615,"heggarty2024",-6.44910752355172,-0.240839616615039,-0.118060754238402,-0.225556287315681
7616,"heggarty2024",-5.79749939157799,0.00623727255395555,-0.00202927337210249,-0.131241648191464
7617,"heggarty2024",-5.98295025850687,0.0333546589543926,-0.0790474243725555,-0.123454581779693
7618,"heggarty2024",-6.23092449115786,0.0898303869853468,0.260988152379362,-0.107113585479858
7619,"heggarty2024",-6.26409408687556,-0.0147139339454715,-0.0508333168993543,-0.0526178143783139
7620,"heggarty2024",-5.89550836516387,0.0608530821641866,-0.0659489913966499,-0.0730585364964817
7621,"heggarty2024",-5.95619174847147,-0.00138977867951494,0.166327212429835,-0.0707037442153348
7622,"heggarty2024",-5.90174651144558,-0.0168465237040073,0.0174082313614298,-0.0213086521505642
7623,"heggarty2024",-6.04395239347256,0.0678666013593972,-0.0418310150742224,-0.108322236833177
7624,"heggarty2024",-6.07091514156997,-0.0649121618921818,0.0523330758724098,-0.175857304875195
7625,"heggarty2024",-5.60001151136333,0.00762503308578675,0.0240326124652298,-0.167377950112032
7626,"heggarty2024",-5.91598782568492,0.0756781456134617,-0.102032539454164,-0.116382677122066
7627,"heggarty2024",-6.11457629446645,-0.0586674900387386,-0.0325016335827891,-0.101675320839303
7628,"heggarty2024",-5.54145810871982,0.000975593015509972,-0.0741401703949245,-0.245952517488071
7629,"heggarty2024",-6.16241966280477,-0.0774361127332255,-0.0170040416751982,-0.161351502576826
7630,"heggarty2024",-5.86628739588731,0.0475476088917236,-0.0560984424131735,-0.0863248075881491
7631,"heggarty2024",-5.82406787192009,-0.129217112326236,-0.0377310708118227,-0.168913707357884
7632,"heggarty2024",-5.87420882135417,0.0154965523550366,-0.0481084506281681,-0.0793876297235308
7633,"heggarty2024",-5.89595053468751,-0.101593268306907,-0.209925270144113,-0.217015003996653
7634,"heggarty2024",-6.07826568878621,0.00475784983763692,-0.017878755615683,-0.156138335613522
7635,"heggarty2024",-5.91603760693043,0.00889903783491456,-0.0963115597105943,-0.21779542022704
7636,"heggarty2024",-5.85799134436762,-0.0458920295087461,-0.118317709053594,0.0460980766224144
7637,"heggarty2024",-5.74459733415154,0.0438754640098264,0.0227368004252004,0.0993947629698982
7638,"heggarty2024",-5.86412851345224,0.107070484331065,-0.0183630729167558,0.00743414320126724
7639,"heggarty2024",-5.89488421160595,-0.0969348763676237,0.037879323280253,-0.0764926647707538
7640,"heggarty2024",-6.0764273642288,0.0233617151617855,-0.162361307315719,-0.0968330168053358
7641,"heggarty2024",-6.23111982808326,-0.147035473637741,-0.189250368048282,-0.0435092354197666
7642,"heggarty2024",-5.7049307407006,-0.17790859754849,-0.174290616031575,-0.217459671560206
7643,"heggarty2024",-5.77075192883523,0.00941684795045686,-0.0980712922046836,-0.104502400190973
7644,"heggarty2024",-5.61847862627209,-0.0869165130430937,-0.13668023866705,-0.0601755813324501
7645,"heggarty2024",-5.78056512716227,-0.00882721925715111,-0.0601900232457092,-0.198508571801429
7646,"heggarty2024",-5.71058445234898,0.0345075054792425,-0.0609313233694634,-0.115527335701518
7647,"heggarty2024",-6.36066347215269,-0.157160969671055,0.0450243843911973,0.022096464746638
7648,"heggarty2024",-5.94063738523277,-0.00852569424540816,-0.0866151241008827,-0.221252331101222
7649,"heggarty2024",-5.94422382661751,-0.0777266074990162,-0.111353897178142,-0.0460116038702099
7650,"heggarty2024",-6.33322406980603,-0.0969277453399112,0.00293242580291275,0.0299594728664872
7651,"heggarty2024",-5.72449462009661,-0.0968981982942482,-0.0596035528301532,-0.0821383028403202
7652,"heggarty2024",-5.56432558347968,-0.0644502140915301,-0.141957363471464,-0.18413035257747
7653,"heggarty2024",-5.71647683070378,0.0236436247231233,-0.00288111104978671,-0.115174750425204
7654,"heggarty2024",-5.66458807313344,-0.0730864369819068,-0.133713878795689,-0.212688048478028
7655,"heggarty2024",-5.89902937296846,0.0941239103296955,0.0984287851618404,-0.00693221796219876
7656,"heggarty2024",-5.98387015050663,0.0079313969803432,-0.118105630014604,-0.119927850515508
7657,"heggarty2024",-6.21831905244993,-0.0785084249689235,-0.0798259624192563,-0.113526152338053
7658,"heggarty2024",-5.6894276729431,-0.00439211593886024,-0.140871007453124,0.114438899625971
7659,"heggarty2024",-5.99752498352621,0.0125976277266632,0.0268446193367382,-0.0570426953956964
7660,"heggarty2024",-5.84834647329973,-0.120561395065615,-0.124640038144914,-0.178025999838539
7661,"heggarty2024",-5.74974152868332,0.00740863318649787,-0.00264705455322546,0.00102765384949635
7662,"heggarty2024",-5.8448638212455,0.0366620952850069,0.0213037789821839,-0.144181552824333
7663,"heggarty2024",-5.94116132049073,-0.110770797565315,-0.0566823891020428,-0.0900373038215871
7664,"heggarty2024",-5.93449083320803,-0.0812543291399296,0.163682791832118,0.0303373267089745
7665,"heggarty2024",-6.27651115162368,-0.130985543412449,-0.0256036036701171,-0.12141213164056
7666,"heggarty2024",-6.11404363546079,0.0190584091223516,-0.207987099065302,-0.0923202378730889
7667,"heggarty2024",-6.20363540275569,0.094268885765135,-0.0365720448685072,-0.220362563285376
7668,"heggarty2024",-6.14922615662522,0.0964041444541042,-0.00504304076399611,-0.0280061514666951
7669,"heggarty2024",-5.81725138995893,-0.0574693602885122,-0.0499934090193947,0.0363168809983659
7670,"heggarty2024",-5.94520987647034,-0.165316024337395,-0.0677400810655201,-0.182072291351283
7671,"heggarty2024",-5.51641240386264,-0.0434453626238665,0.0220009970743624,-0.119551866226828
7672,"heggarty2024",-6.26722538414677,-0.064113779600728,0.140269044708572,-0.135081358341159
7673,"heggarty2024",-5.71049026179838,0.0246961521615386,-0.0146928073025762,-0.121538206974485
7674,"heggarty2024",-5.96767652223217,0.00798971588571723,-0.00927166688862308,-0.00552480127898549
7675,"heggarty2024",-6.19509456113877,-0.135943840710498,-0.0402434135395736,-0.117677967930715
7676,"heggarty2024",-5.8100415832011,0.046010621008226,-0.106934685053026,-0.0548880559783479
7677,"heggarty2024",-5.94237456413348,-0.0246646279524147,0.0359660261276451,-0.0497617256426633
7678,"heggarty2024",-5.70346669429316,0.0161654115802954,-0.0938159704795924,-0.0627700763149112
7679,"heggarty2024",-5.34841156273784,-0.0101030815700116,0.0605246091225156,-0.085000891498058
7680,"heggarty2024",-6.09422677361018,-0.0167420678870024,-0.163837363020796,-0.195138568856368
7681,"heggarty2024",-5.86931511723975,-0.0355429772390501,-0.0841620811113823,-0.0982970234804385
7682,"heggarty2024",-5.4249244438268,0.0678901275219197,-0.00340484825439161,-0.0858437307133577
7683,"heggarty2024",-5.77212285298315,-0.113775247908026,-0.0445418927426657,0.0186087652185244
7684,"heggarty2024",-6.15683413062195,0.0180488994014725,-0.0784739751122341,-0.0550564952452973
7685,"heggarty2024",-5.63678350632133,-0.0120368602479988,0.164460281018245,0.0182982093312083
7686,"heggarty2024",-5.82094065970643,-0.155896807995724,0.0973042358567878,-0.0553744662334374
7687,"heggarty2024",-6.13861870578654,-0.194419330442514,-0.0784735344823778,-0.0653455146766125
7688,"heggarty2024",-6.18550910644811,0.17716467898154,-0.22129890172508,-0.110533375687402
7689,"heggarty2024",-5.68719176584551,0.139913565814009,-0.038278480515006,-0.153511612561516
7690,"heggarty2024",-5.76155505846875,-0.0778613659023055,-0.0973547759469271,-0.0770795773102882
7691,"heggarty2024",-6.1750837129565,-0.0177060422083257,-0.0566308586039936,-0.0480424823457393
7692,"heggarty2024",-5.85491936823969,-0.0248086589244111,-0.0230617214503181,-0.0647430823416342
7693,"heggarty2024",-5.7305189929867,-0.0091621602226383,-0.0920372314804481,-0.00739435056192223
7694,"heggarty2024",-6.23786860144546,0.0315043691751476,-0.013554675610597,0.040964644381611
7695,"heggarty2024",-5.77377776535342,-0.0945146965097336,-0.03547132336479,-0.146027361685684
7696,"heggarty2024",-6.27425464370456,0.0773790642442573,0.0640647969636436,0.0173682348098243
7697,"heggarty2024",-6.02251751256264,-0.0123507440774615,0.0927730030377108,-0.155552009272649
7698,"heggarty2024",-6.04083496541453,-0.0404255531327766,-0.12563075988839,-0.138786754976473
7699,"heggarty2024",-6.58994137329449,-0.087947169709666,-0.0022644524573779,0.0301606330300084
7700,"heggarty2024",-6.0600309554324,0.00561347816553945,-0.0457017683096349,-0.0673458211661898
7701,"heggarty2024",-5.91034890047705,-0.0999983615478874,-0.111292929718246,-0.0352695849246075
7702,"heggarty2024",-5.87607546591706,-0.0475015032496183,0.0557240945759809,-0.127461109678493
7703,"heggarty2024",-5.54043938631194,-0.0329425705524609,-0.0763491786097593,-0.14582897537764
7704,"heggarty2024",-6.58012526814967,0.077961876616478,-0.0309830839935068,0.0689773813688587
7705,"heggarty2024",-6.06906565882321,-0.0830849504311495,-0.127592337340421,-0.113756733911873
7706,"heggarty2024",-5.42900431726083,0.0300242245846374,-0.0977942178281776,-0.0667507523550049
7707,"heggarty2024",-5.94394978884062,-0.15087754548353,0.0782885282910444,-0.111461921562568
7708,"heggarty2024",-5.8734571871728,-0.0573946986998133,-0.0878792258895503,-0.152443064139519
7709,"heggarty2024",-5.93421088904834,0.0497689584456201,-0.0483114894294286,-0.124125227469973
7710,"heggarty2024",-6.20298990520975,-0.0734835874194118,0.00969775465606899,-0.0980966953922845
7711,"heggarty2024",-6.02875493073382,0.0552336375949124,-0.0769883178467711,-0.00366834679608209
7712,"heggarty2024",-5.62287528612965,-0.0246622081428169,-0.0704096345583581,-0.0339538704633182
7713,"heggarty2024",-5.85332924191543,-0.0138170351012088,-0.0724799903038515,-0.0431952825070142
7714,"heggarty2024",-5.70532013990488,-0.00428293593993441,-0.0930393678758473,-0.0155875078041422
7715,"heggarty2024",-5.80035770223797,-0.0533969951546405,-0.00626005663458274,-0.0468329176082378
7716,"heggarty2024",-5.73414177434924,0.0148501860541088,0.108200558343853,-0.111569811910323
7717,"heggarty2024",-6.07892758351597,-0.243286815831855,0.0423503409526707,-0.14225660395741
7718,"heggarty2024",-5.71632371972489,-0.0533598179014053,-0.0456243530368055,-0.182868025234191
7719,"heggarty2024",-5.98891703852389,-0.0149887663875333,-0.022241974547715,-0.116611314113017
7720,"heggarty2024",-5.86331096749369,0.0557472260771845,-0.18200094068191,-0.126577516932203
7721,"heggarty2024",-5.53555696286669,-0.0397652988952137,-0.0482094884540034,-0.152110680112305
7722,"heggarty2024",-5.87668063095132,-0.0246971458236947,-0.102492473056688,-0.0408536869312991
7723,"heggarty2024",-5.66525970342298,-0.0562785253614961,-0.0315897862242975,-0.113940370576268
7724,"heggarty2024",-5.86106417122266,0.019190612976276,-0.0239463362480017,-0.141445009321804
7725,"heggarty2024",-6.05926409917961,0.119367761247506,-0.00981854609592007,-0.00700534114615489
7726,"heggarty2024",-5.54876717591396,0.0983125924590776,-0.042317484660178,0.0543039610662862
7727,"heggarty2024",-5.97959725801159,-0.0942515681703748,-0.00153119834109992,-0.0712730744930227
7728,"heggarty2024",-5.68682048175203,0.0407922414505069,0.0411707514743028,-0.06585639092659
7729,"heggarty2024",-6.09628917558325,-0.108948989273409,-0.0595367989638689,-0.199959999649288
7730,"heggarty2024",-5.78917667630288,0.0307100578863226,-0.0783614541582914,-0.0594944670592454
7731,"heggarty2024",-5.76042016031593,0.182869064287658,0.0615593753457114,-0.142280023620608
7732,"heggarty2024",-5.98708561253454,-0.179785362692308,-0.232241314471619,-0.0110160643907102
7733,"heggarty2024",-5.92284743528966,-0.100185275239362,-0.0887367409472813,-0.119446650368768
7734,"heggarty2024",-5.82384269838761,0.0831568140436227,-0.0277864109711794,-0.0526116908548275
7735,"heggarty2024",-6.67027649574474,-0.0849508436294962,-0.0522227262853894,-0.0424837427634381
7736,"heggarty2024",-5.87984613212333,-0.0917796176986689,-0.0908330717808015,-0.11168334692435
7737,"heggarty2024",-5.79659865972593,-0.0237707492354535,0.0263056127562207,-0.161000201506061
7738,"heggarty2024",-6.3078045173482,0.0615838242095843,-0.00125527492329645,-0.21540668900889
7739,"heggarty2024",-5.86114572497968,0.0724345060658472,-0.0607588852869891,-0.0861958491056405
7740,"heggarty2024",-5.72406519835467,-0.0614284592445597,0.0956735614687441,-0.140089954498192
7741,"heggarty2024",-6.21782804239416,-0.117767053375098,-0.177494175123934,-0.148214626328862
7742,"heggarty2024",-5.74999842019189,0.0351929462030834,0.100821164994328,-0.0695841814472345
7743,"heggarty2024",-5.74121997084007,-0.118575938763816,-0.0693463672833602,-0.0874093008156811
7744,"heggarty2024",-6.13834210949065,-0.0306372331843064,-0.024270709234336,-0.0574407888128499
7745,"heggarty2024",-6.03599036799244,0.104333320758351,0.00229613273821543,0.167178590669469
7746,"heggarty2024",-5.90280553758221,0.0852965558455376,0.0147022669047427,-0.123870703518537
7747,"heggarty2024",-6.13041666670744,0.0304523010402794,-0.00489642455644355,-0.095774165752739
7748,"heggarty2024",-5.99126752409232,0.00918705091451675,-0.00298434245021693,0.0307317243808144
7749,"heggarty2024",-6.10320562201431,-0.0514567205511646,0.012924644408905,-0.00748529544599329
7750,"heggarty2024",-6.00844279888053,-0.0263428056541825,-0.0311922608431913,-0.0693944482684962
7751,"heggarty2024",-5.55500067669568,0.0712868147529779,-0.0538732020382284,-0.0453672594217756
7752,"heggarty2024",-6.04257362799761,0.0556670206970622,-0.0107615717409255,-0.265400102779518
7753,"heggarty2024",-6.36122000492708,0.118953874763507,0.110716601875021,-0.0595444338767872
7754,"heggarty2024",-5.93329600292731,0.0945852352917493,-0.0827651286672668,-0.213276725940143
7755,"heggarty2024",-5.86264920727239,-0.072277645092117,-0.0717142863722174,-0.254760387933327
7756,"heggarty2024",-5.55229670090623,0.0329140532986394,-0.049572891511372,-0.0745354501748221
7757,"heggarty2024",-6.12627842050023,-0.00205645860413225,-0.0885526361713905,0.00808309236585571
7758,"heggarty2024",-5.94714986448114,-0.0564759746782594,-0.0451361415376993,-0.07326812506569
7759,"heggarty2024",-5.9075339208185,-0.0602113112800044,-0.0378941385694689,-0.114252145961732
7760,"heggarty2024",-5.92608529159401,-0.000602312848526241,-0.0856999411321993,-0.116419691261443
7761,"heggarty2024",-5.88743894652905,-0.0587319493363202,-0.132322116557478,-0.0195318445529905
7762,"heggarty2024",-5.98208732377838,-0.0332610870893709,-0.00454815917908304,-0.067931455874634
7763,"heggarty2024",-5.78992712462976,0.0291159967156266,-0.0743546063727811,-0.112649359263627
7764,"heggarty2024",-6.2052509809519,-0.0156844314572193,-0.0281913046095978,-0.187923285422644
7765,"heggarty2024",-6.2946383910834,-0.134830582376279,-0.00239982589193518,-0.0124687788523574
7766,"heggarty2024",-5.62972715893988,-0.205591216981709,-0.144473153801625,-0.0834906390116593
7767,"heggarty2024",-5.79703643709849,0.0895543591993616,-0.00982456536743131,-0.024097298109038
7768,"heggarty2024",-5.94803786452968,0.159782751315176,-0.085236510559961,-0.0497147779559257
7769,"heggarty2024",-7.18029779716859,-0.08390184212862,-0.0161245858249963,-0.255033326832861
7770,"heggarty2024",-5.65749039068868,-0.0574205317223743,0.0515496456154408,-0.0472960843431241
7771,"heggarty2024",-5.67918516759,-0.0947593343715126,-0.0685461303697385,-0.269821364822883
7772,"heggarty2024",-5.55601546880976,-0.0738156621835225,0.184474961758951,-0.0208400804110712
7773,"heggarty2024",-5.78188188241594,-0.0154224179255094,-0.0418612820171717,0.0105697584634842
7774,"heggarty2024",-6.234280104523,-0.10281232166433,-0.0350049579165797,-0.102142988811897
7775,"heggarty2024",-5.66947568260557,-0.0242591442471458,-0.050337978598007,-0.0581630419894293
7776,"heggarty2024",-5.81498439289918,-0.197557721149236,-0.062480624764854,-0.077858576732665
7777,"heggarty2024",-5.85978986762115,-0.0057308080145278,-0.0562095015756677,-0.159125494745359
7778,"heggarty2024",-5.87679173121275,-0.0214216908000434,-0.019736464888273,-0.0418853269113333
7779,"heggarty2024",-5.93655860044229,-0.0917938838143153,0.0202980077882824,-0.184369456498744
7780,"heggarty2024",-5.90759083509443,-0.0857491994255135,0.0192281051346204,-0.0340607598465617
7781,"heggarty2024",-5.91615375026104,0.0452712805979616,0.0617684456271877,-0.0992919384469986
7782,"heggarty2024",-5.86454614791825,-0.126675136175359,-0.0820973333548041,-0.197720382212541
7783,"heggarty2024",-5.80256069241442,0.081091781282792,0.0180376960839136,-0.131076190612659
7784,"heggarty2024",-5.9828292546504,0.00786617966686361,-0.279123819679506,-0.0555825500711485
7785,"heggarty2024",-5.65446399893455,0.0340486442592707,-0.0380082956201787,-0.027743484525207
7786,"heggarty2024",-5.73256950999312,-0.144675492925107,0.055269791725841,-0.100450195100325
7787,"heggarty2024",-5.93596706290778,-0.189603079695467,-0.105342551690829,-0.130123983700065
7788,"heggarty2024",-5.8935840187186,-0.0606513241661594,-0.0338058849749603,-0.213212458358017
7789,"heggarty2024",-6.14893748452773,-0.0640617507089949,-0.169752243695824,0.000324422643538109
7790,"heggarty2024",-5.67471141995008,-0.109856897470912,-0.0631492064115152,-0.166092244335872
7791,"heggarty2024",-5.91698549113031,-0.0607632163464645,0.000719443074733013,-0.012965096877983
7792,"heggarty2024",-5.57285203168085,-0.0703632615544296,-0.0508538089004923,0.02743122036202
7793,"heggarty2024",-5.85410407729006,-0.0168151268250384,-0.0577401783333348,-0.0882094233126396
7794,"heggarty2024",-5.92862394975776,-0.0125478436319965,0.125123042443617,0.0234112703177358
7795,"heggarty2024",-6.61937696715757,-0.0780485466492526,-0.0152733007488734,-0.0334312164200429
7796,"heggarty2024",-6.58107937949582,-0.0596945334322249,-0.121199007675059,-0.0517998640743233
7797,"heggarty2024",-5.98875908322333,-0.0742012914426948,-0.0552552346414881,-0.0676609365430076
7798,"heggarty2024",-6.81684099174819,-0.0860093331594178,-0.0874926147689327,-0.10500416162533
7799,"heggarty2024",-5.74934476076461,-0.0609198617495515,-0.0393075246129459,-0.197211292587057
7800,"heggarty2024",-5.92882655818944,-0.00614497469880204,0.176330305351353,-0.0997512731182894
7801,"heggarty2024",-6.22147195957255,0.00548638234206114,-0.0952805047458294,-0.0878967101271749
7802,"heggarty2024",-5.95960287665514,-0.0742408120523879,-0.130742654848917,-0.154704305685942
7803,"heggarty2024",-5.89137152612233,0.125984658327191,-0.195523688175565,-0.23374979917976
7804,"heggarty2024",-6.23811594458516,0.0637742272071933,-0.0745158167011508,-0.0351595753410354
7805,"heggarty2024",-6.00104270523581,-0.101424286491832,-0.0834323034822371,-0.225969900501639
7806,"heggarty2024",-5.70586140207992,-0.117538658522347,0.0726690591199954,-0.23083165934668
7807,"heggarty2024",-6.14068027052522,0.0298163420150937,0.046886558394265,-0.0891310227518833
7808,"heggarty2024",-5.65315826272197,0.0203304839028068,-0.0511958793706841,-0.0313685622008853
7809,"heggarty2024",-5.75675196444039,0.0266817375007908,-0.0619930676525872,-0.083619530108125
7810,"heggarty2024",-5.84451277879667,-0.10019920214067,0.207020985103213,-0.0730194319877794
7811,"heggarty2024",-5.8695950201397,-0.0365869004116209,0.00140802856028036,-0.0418459489754389
7812,"heggarty2024",-5.8201395607355,0.0211534100183099,-0.069344608339899,-0.181990152624187
7813,"heggarty2024",-5.859744519416,0.0328431000849857,-0.0682448777608737,-0.171198111003557
7814,"heggarty2024",-5.8314913079467,0.083219223326866,-0.0190708464964674,-0.102321103209487
7815,"heggarty2024",-5.76053983929092,0.0273011060616443,-0.173655439351424,-0.000576508046722084
7816,"heggarty2024",-6.0028556596553,-0.0421396857949442,0.0732480631500115,-0.0212776848719636
7817,"heggarty2024",-5.82419295892923,-0.167519769294718,0.0616498302156745,-0.0497106835905344
7818,"heggarty2024",-5.9657274836356,-0.0505465439729228,-0.0544363449643813,-0.1184182792326
7819,"heggarty2024",-5.92990746984469,0.0689043984809879,-0.0815256519108303,0.139361134763021
7820,"heggarty2024",-5.80925177793742,0.0297324125873408,-0.165378453991091,-0.124546926015523
7821,"heggarty2024",-6.12270083177892,0.00545896315744024,-0.0298478145228445,-0.0701616269926321
7822,"heggarty2024",-5.93863201299274,-0.0336350915170248,-0.0606562777492812,-0.075280021466295
7823,"heggarty2024",-6.03298304619252,-0.0575402786370137,-0.0723489488729336,-0.0451899794835995
7824,"heggarty2024",-5.61980035369493,-0.0805493883732977,-0.0696273922710628,0.0226886373974449
7825,"heggarty2024",-5.69746869562371,0.131713476653813,-0.0306186364166554,-0.00906267494491471
7826,"heggarty2024",-5.94366035697001,-0.0455341843703325,-0.0392724953972389,0.00176820052829764
7827,"heggarty2024",-6.29896764026561,-0.0233530265799244,0.0130501531140674,-0.0616189888929492
7828,"heggarty2024",-6.24418338546016,-0.0473937560068368,0.0393459307715879,-0.0443103202620953
7829,"heggarty2024",-5.84493600432007,0.0091648401963134,-0.0377284582894448,-0.038391994502978
7830,"heggarty2024",-5.7603279579388,0.0295955010732844,-0.112772107285589,-0.0187139361872441
7831,"heggarty2024",-5.38795694397542,-0.0883265702582245,0.0527229178496721,-0.144650720276702
7832,"heggarty2024",-5.827046710253,0.0429344497417232,-0.136009903062907,-0.0325872411553953
7833,"heggarty2024",-6.1064538524115,-0.047345636555162,-0.0705621708273364,-0.202637098107876
7834,"heggarty2024",-5.92773695197663,0.0714235839314201,-0.0151214665973039,-0.0569605247557125
7835,"heggarty2024",-6.16545202689508,-0.10863448251001,-0.0321308429059827,-0.082149190864396
7836,"heggarty2024",-5.89168051834533,-0.0704486096621721,-0.0610808907273522,-0.033223286021729
7837,"heggarty2024",-5.9752313747237,0.134953537166998,-0.0812720772095003,-0.0203784995440799
7838,"heggarty2024",-6.17270394296513,-0.0262661610988819,-0.0172371453246522,0.0892132271350197
7839,"heggarty2024",-5.91123022624982,-0.0745570744971151,-0.0497230821957127,-0.04597211429608
7840,"heggarty2024",-6.17262527238749,-0.0248183002601728,0.0316193385552773,0.0514743834421284
7841,"heggarty2024",-5.87330277929159,-0.0721027190491624,0.0204895055211682,-0.0736754169650019
7842,"heggarty2024",-5.66413681426365,-0.0622638494752724,-0.167766096868374,0.0487624784231095
7843,"heggarty2024",-6.03392976720599,-0.0223011987434413,-0.0133834279459566,-0.0113018577936837
7844,"heggarty2024",-5.98388697925628,-0.0291496308639032,-0.00887893639439864,-0.0284776473607986
7845,"heggarty2024",-5.794628235408,0.0422538209369523,0.00629297123280767,-0.113760936357244
7846,"heggarty2024",-5.82771840660844,-0.0762218645308228,-0.0617196536646037,-0.0870551757117592
7847,"heggarty2024",-5.80238140385147,0.174505069059752,0.00732317904125845,-0.162615224588284
7848,"heggarty2024",-5.77777679007241,-0.0359616347281478,0.00501920215910984,-0.0537977414548546
7849,"heggarty2024",-5.94851744275705,-0.135860035313073,-0.0498190586143154,-0.0644948209862741
7850,"heggarty2024",-6.16582772615975,-0.0365800073417864,0.00751074244101224,-0.0565375358641589
7851,"heggarty2024",-6.19972500145401,-0.172319120085752,-0.114722372918195,-0.136509911813343
7852,"heggarty2024",-5.73822368813301,-0.0158157289215258,0.101328605664208,0.0693735725853073
7853,"heggarty2024",-5.65656359445693,0.0371853093549561,-0.00878424474065982,-0.0297743094161615
7854,"heggarty2024",-6.15976021760671,-0.00712734277448629,-0.0548998288220474,-0.0486667911932958
7855,"heggarty2024",-5.89868631200056,-0.0772050445086347,-0.0478304787966958,-0.110066837295424
7856,"heggarty2024",-5.88919520848313,-0.0376770860803092,-0.0905346757106292,0.0142344110710359
7857,"heggarty2024",-6.31064683793209,0.00993665665319619,-0.0289689221801384,-0.0697986224604003
7858,"heggarty2024",-5.8693756246034,-0.0197533627216312,0.00429889175438298,-0.161836526606376
7859,"heggarty2024",-6.33365895097601,0.0190244276393541,-0.0315167682916145,-0.0323677629625998
7860,"heggarty2024",-5.88081070375296,0.0157668117195491,-0.132086938824,-0.0683178768687975
7861,"heggarty2024",-5.8359630508364,0.0310941056539082,0.00898906867024331,-0.00590824875599956
7862,"heggarty2024",-5.93828067578118,-0.02107918786757,0.0603056671384707,-0.19999548257804
7863,"heggarty2024",-5.86582403900678,-0.163334538952404,-0.0651834039610234,-0.110564204657614
7864,"heggarty2024",-5.84238038998293,-0.00551606438067268,-0.0534288612302123,-0.12140304431816
7865,"heggarty2024",-6.31671538078068,-0.186934239561854,-0.046431393366529,-0.0483915632885477
7866,"heggarty2024",-5.7032302262964,0.0745975394770018,-0.116092521064757,0.047196739582881
7867,"heggarty2024",-6.08869667055949,-0.0502957141430388,0.0249368557754722,-0.0917696301906642
7868,"heggarty2024",-5.83135277926642,0.0477045265954792,-0.0572079562047212,-0.0520234811979945
7869,"heggarty2024",-6.03233630744971,-0.0239415994129974,-0.0128886631086263,-0.00610863122822219
7870,"heggarty2024",-5.62821078685069,0.16106099557567,-0.125882668849336,-0.0844031112790205
7871,"heggarty2024",-5.61227593958985,-0.14263088512048,0.0399910056346612,-0.198171069147854
7872,"heggarty2024",-6.15146966834914,0.0840239382818624,-0.157077383982661,-0.0899503314179313
7873,"heggarty2024",-5.86920966212944,0.0318569402641459,0.033590568451072,-0.0602198289917477
7874,"heggarty2024",-5.99986749723832,-0.00940633501871844,-0.160057624830367,-0.0882105797207303
7875,"heggarty2024",-5.75823687675038,0.0303149156149498,0.0402874397679524,-0.0419038354796798
7876,"heggarty2024",-6.08000154505637,0.00420995516478596,0.00269830102107625,-0.0983869860615963
7877,"heggarty2024",-5.83260615114055,0.0324403969827654,-0.0597932186733328,-0.102866704540025
7878,"heggarty2024",-5.54260610458898,-0.0204572177567728,0.00904368645440892,-0.00448067007930149
7879,"heggarty2024",-6.36055446532801,-0.220742135136647,-0.196549892445138,-0.0726521227362357
7880,"heggarty2024",-5.84546914869742,-0.0561556100534481,-0.162301895283102,-0.197605452634668
7881,"heggarty2024",-6.23670224245127,-0.181461533153179,-0.0115917978095036,-0.161760332928985
7882,"heggarty2024",-6.25039804878425,0.130988067728722,-0.0852567562079882,0.00894751314296862
7883,"heggarty2024",-6.01839075596559,-0.172889364690613,-0.161312671463398,0.0255540820042035
7884,"heggarty2024",-5.9819371463841,5.04351913579752e-05,0.0963293046782224,0.0138870134503741
7885,"heggarty2024",-5.85268174059951,-0.0147603600845227,-0.119167717039653,-0.158189053934145
7886,"heggarty2024",-5.80309858420464,-0.0275626450998948,-0.0124287726637074,-0.0356004023778583
7887,"heggarty2024",-6.23721960712485,-0.0843052475699543,0.0596046198636414,-0.0826937942690795
7888,"heggarty2024",-5.88109786459729,-0.0738445489283178,-0.0647203312893942,-0.160518929166928
7889,"heggarty2024",-5.79864197507581,-0.0751791872147051,0.0821834024577321,-0.148385046552986
7890,"heggarty2024",-5.83438641674752,-0.124118760441205,0.0627885312829743,-0.194613693420844
7891,"heggarty2024",-5.82475752329015,-0.0943212644038065,0.0502247671490925,-0.0973821413594235
7892,"heggarty2024",-5.85938616598763,-0.00190963987957427,0.0183572733323086,-0.102290282837924
7893,"heggarty2024",-5.71622377064868,0.0894399744749681,-0.022289783280067,-0.059824946068472
7894,"heggarty2024",-5.69415372146049,0.00624075251070419,0.159853382703594,0.00293881930757552
7895,"heggarty2024",-6.09140364649724,0.029285819761893,-0.0828398601121019,-0.0714631896394507
7896,"heggarty2024",-5.89974954202077,0.00708825200513688,-0.0355907311168121,-0.0338456298721365
7897,"heggarty2024",-5.84938033090351,0.0102288105852038,-0.0553164643144064,-0.136411487822583
7898,"heggarty2024",-6.17961685713104,-0.0629047968182537,0.0769894777257169,-0.0327229247835548
7899,"heggarty2024",-6.39896950054012,-0.136787792991595,0.0431713679397426,0.0143327783568834
7900,"heggarty2024",-5.83578322071464,-0.0466748028258726,-0.184147932650116,-0.0846654708443095
7901,"heggarty2024",-6.88567894211516,-0.238263377650019,-0.0576669311381956,-0.126559058081338
7902,"heggarty2024",-5.65347374025884,-0.119270026643236,-0.0154030319868313,-0.178451895351836
7903,"heggarty2024",-5.70908414457239,0.00348060629419429,-0.030325734999756,-0.156461681721786
7904,"heggarty2024",-5.84920302131866,0.0100621001632555,-0.11358741411333,-0.0786519837875867
7905,"heggarty2024",-5.94434134024417,0.111281894773833,-0.0225980483468203,0.0762161319749346
7906,"heggarty2024",-5.39282635356256,0.11188442671258,-0.0633575094469979,-0.178103504013332
7907,"heggarty2024",-5.98252866881733,-0.0447450640625786,-0.0335132629181697,-0.0353927884562726
7908,"heggarty2024",-5.68660195953699,0.0950036939659101,-0.199341667754382,-0.204233519660938
7909,"heggarty2024",-5.48160494441685,-0.238219604287041,-0.0612231502377508,-0.102645805396831
7910,"heggarty2024",-5.98718954989155,-0.0312161692664804,-0.0687944561296272,-0.173620327922437
7911,"heggarty2024",-5.73572306956971,-0.119309462494995,0.053582246093322,-0.065168330652203
7912,"heggarty2024",-6.61663837927755,0.00456945049360537,-0.0499304608603606,-0.0689618879325433
7913,"heggarty2024",-5.99977965436617,-0.00411127348356473,0.0566082441963439,-0.0769276115937547
7914,"heggarty2024",-5.66970121212808,-0.0104043641607734,-0.0367438948872733,-0.0820229833347828
7915,"heggarty2024",-5.59483861556021,0.00505211486478983,-0.0957180328843222,0.0075116712217643
7916,"heggarty2024",-6.21334898491421,-0.00121225334342612,-0.0343426729113116,-0.103973004357818
7917,"heggarty2024",-5.84474936394162,0.118606127096998,0.038189555002135,0.01123451182621
7918,"heggarty2024",-5.55043270519464,0.180828132793536,-0.133011529449007,-0.193828300255031
7919,"heggarty2024",-6.38518098338707,-0.19778418090339,0.0698939848957585,-0.296546263522915
7920,"heggarty2024",-5.64157001020206,-0.0995632250947426,-0.013332330584409,-0.0577675366740845
7921,"heggarty2024",-5.74465617402901,-0.0170249942610698,-0.0786146751731874,-0.0584366720102127
7922,"heggarty2024",-5.66438316831676,-0.0255467915888506,-0.0586680554566346,-0.176645936591632
7923,"heggarty2024",-5.80859933557596,-0.0352503691947125,-0.0935213534891557,-0.122864199570375
7924,"heggarty2024",-5.97050372291003,-0.143940694562852,-0.0389902299770953,-0.180493474254565
7925,"heggarty2024",-5.7415366801578,-0.0156208213678753,-0.0826582315199545,-0.0960525980744106
7926,"heggarty2024",-5.70973875030658,0.00502817308515468,-0.0647450568707488,-0.00213382118058457
7927,"heggarty2024",-5.93289988098736,0.0260026688822946,-0.108118678565205,-0.0147693126266954
7928,"heggarty2024",-5.7743283993952,-0.12821175922473,0.028133691199073,-0.0945540454631608
7929,"heggarty2024",-5.58182402242653,-0.0986300848258934,0.0259484815981655,0.12170163911027
7930,"heggarty2024",-5.69222361693077,-0.0429897622626218,0.0240192127199049,0.00301431589514316
7931,"heggarty2024",-5.9354037913188,0.0869026830493535,-0.00594478001320852,-0.0623386273245244
7932,"heggarty2024",-6.10177250765457,-0.219109448195364,0.0239890909793567,-0.0473794955140831
7933,"heggarty2024",-5.84118226400201,0.070037680172157,-0.0897592322476721,-0.148688438751536
7934,"heggarty2024",-6.81652676834938,-0.0625312943626054,-0.030871215184811,-0.148683599142833
7935,"heggarty2024",-5.87466590111783,-0.00402528907933944,0.0322431289935787,-0.125193084754949
7936,"heggarty2024",-6.47229950413928,0.0379989786895464,0.0681552472195882,0.0490627171007718
7937,"heggarty2024",-5.93175733737499,-0.0241269707324624,-0.00257119741380651,0.0534725860510712
7938,"heggarty2024",-6.13768321918621,-0.101342645841388,-0.0131963129417525,-0.165215370243337
7939,"heggarty2024",-5.72567737599913,0.00551512448180328,-0.114877058785646,-0.109264123824215
7940,"heggarty2024",-5.99194011077711,0.122407804664221,-0.10690066588205,0.0472862640078133
7941,"heggarty2024",-6.19834103856213,-0.176380515998706,0.0134870421750777,0.191137359362047
7942,"heggarty2024",-6.15879328709714,-0.0330964115688446,0.0978968870451826,-0.0516570065630013
7943,"heggarty2024",-5.98496206939722,-0.122141208503853,-0.0118821201638808,-0.0564181499485019
7944,"heggarty2024",-5.46496205458529,-0.05561558561296,-0.000144936880944295,-0.0694587297063949
7945,"heggarty2024",-5.70326269768502,-0.0338713408036055,-0.0707950175912084,-0.127973469857229
7946,"heggarty2024",-6.22259612717071,-0.140432290320429,-0.0272841568298513,-0.18509232168841
7947,"heggarty2024",-6.06424776474307,-0.00926631726103378,-0.0107372027683823,-0.0452543792322888
7948,"heggarty2024",-5.64580605085039,-0.00980184399612108,-0.183592653546016,-0.0633498954642503
7949,"heggarty2024",-6.0380611255821,0.102133874064515,-0.0774390249372493,0.085920490134469
7950,"heggarty2024",-5.93481907463673,0.0907750583242684,-0.0492600336083786,-0.0365382999405354
7951,"heggarty2024",-5.95740788787129,-0.0577748607652387,0.0586411399239316,-0.0442208110881367
7952,"heggarty2024",-6.11543528576444,0.0517884067312111,-0.0300237335998002,-0.0845334933736365
7953,"heggarty2024",-5.48922279141441,-0.0522783224688319,-0.0685488033998002,-0.200481949353178
7954,"heggarty2024",-5.77567080454596,-0.110560290941151,0.0151112939303971,0.0094413266193282
7955,"heggarty2024",-5.56499591541709,-0.0276627926938197,-0.0792497799520221,-0.131751411466941
7956,"heggarty2024",-5.75925863045774,-0.00723531809028324,-0.210709906511739,-0.0018207022946678
7957,"heggarty2024",-6.40425012521418,0.0106034081798771,-0.0541700706270167,-0.108356210849689
7958,"heggarty2024",-6.12134332557877,0.088490695911917,-0.0304031207790099,-0.0726149013000965
7959,"heggarty2024",-5.73247414798113,-0.0851865611365618,-0.0294991750449999,-0.0917708601705995
7960,"heggarty2024",-5.65317389593128,-0.0506264911368242,-0.0064514633711523,-0.111752101642907
7961,"heggarty2024",-5.53820426678666,0.118443825948403,-0.024310380145138,-0.0332160257073539
7962,"heggarty2024",-5.75392231427357,-0.0936313234534302,-0.0294455885144672,-0.171752195650935
7963,"heggarty2024",-6.91352351061627,-0.0226287807991838,-0.0108952322003977,-0.111018486255556
7964,"heggarty2024",-5.97200711186876,0.0738828527851141,-0.0857367971201276,-0.145425951582212
7965,"heggarty2024",-6.00595216632661,0.0384029896958994,0.0379451579921606,-0.0833678802819
7966,"heggarty2024",-5.97777208069423,0.0840560597734778,-0.118805965257161,-0.0721050173922943
7967,"heggarty2024",-6.2656496208634,-0.162653425148467,-0.107061967589021,-0.0396590021041513
7968,"heggarty2024",-6.1030431468341,0.146276617055744,0.116281146362296,0.158009306961201
7969,"heggarty2024",-6.04192917904038,-0.129950170113982,-0.00279945818338614,-0.00467680636668132
7970,"heggarty2024",-5.78818458189173,0.030466300512221,-0.132523010025695,-0.0705673216789442
7971,"heggarty2024",-6.0490755046115,-0.0762907377093063,-0.115975155952694,-0.0122931483702423
7972,"heggarty2024",-5.77132864748547,-0.0999992568321847,0.0402452989651927,-0.1315668072245
7973,"heggarty2024",-6.04556108905443,-0.027311356433291,-0.166754261931272,-0.105643346356864
7974,"heggarty2024",-6.64375437824498,-0.103524317457565,0.0335399636291185,-0.147980913156206
7975,"heggarty2024",-5.86722184808019,-0.000879343831240079,0.0328148828777591,-0.0827094940515808
7976,"heggarty2024",-5.74801804542812,0.102031572261741,0.219533294741895,0.0696050678286151
7977,"heggarty2024",-5.71567893174425,0.0597539031756606,-0.188931699919859,-0.128123647656712
7978,"heggarty2024",-5.98968787212683,-0.109813282643971,-0.0746047367804,-0.249146847768274
7979,"heggarty2024",-6.01415729249483,-0.0028596533318263,-0.182053073211853,-0.131459187766875
7980,"heggarty2024",-6.03641912027821,0.147202746282208,0.0799129865819826,-0.0278052436351896
7981,"heggarty2024",-6.20349552536131,-0.0504779610000658,0.0924372405214863,0.038529132070484
7982,"heggarty2024",-5.80798358768955,-0.0861683101422663,-0.0583243074696846,-0.111652157798554
7983,"heggarty2024",-7.22165254924911,-0.0405315022335866,-0.0231223998987119,-0.0445829087300498
7984,"heggarty2024",-5.93780119860234,-0.0315288016751393,0.0192154016875269,-0.0700076711570475
7985,"heggarty2024",-5.93779926581399,0.0293299824163521,-0.119109759938433,-0.111343270038101
7986,"heggarty2024",-5.59964777563537,-0.0673249261131184,-0.167395636238665,-0.117262906451451
7987,"heggarty2024",-6.5898086196304,-0.0487198140060933,-0.0313209462969802,0.0496641252708726
7988,"heggarty2024",-5.72939614372718,-0.102506961942288,0.0758149336609132,-0.0272705100237955
7989,"heggarty2024",-6.29001873815993,-0.0390389759958043,0.151331898477238,-0.11532038533228
7990,"heggarty2024",-5.86250612180754,-0.0908924563292223,0.0157887186836067,-0.141980702678963
7991,"heggarty2024",-6.30403869031458,-0.0588175394725659,-0.0554714339001195,-0.019182044448203
7992,"heggarty2024",-6.22219053359399,-0.0051032463097217,0.0125817210568586,0.136513384045027
7993,"heggarty2024",-5.79540088956285,0.00233004381367259,0.0944784063575329,-0.106689913692318
7994,"heggarty2024",-5.5200502321834,-0.0613850665381129,-0.0751766205436193,-0.0445070006251982
7995,"heggarty2024",-6.22064548324849,-0.112972519890312,-0.190636628459862,-0.18980248755609
7996,"heggarty2024",-5.99871987504767,-0.062230669017585,0.0141855834532971,-0.0164937682258654
7997,"heggarty2024",-5.93533382748177,-0.0220487050174663,-0.111745995588335,-0.0622106814407675
7998,"heggarty2024",-5.99909934416505,-0.0139672592568468,0.0531451917969935,-0.198894704007379
7999,"heggarty2024",-5.99057235665377,-0.0110771206587701,-0.066299969000151,-0.130914404324508
8000,"heggarty2024",-5.73456145601203,-0.0742501128560338,-0.153999130435874,-0.0369759531985454
