"sample_id","tree","Intercept","longitude_norm","latitude_norm","log_n_speakers_norm","n_segments_norm","delta_norm"
1,"long_v3_CCD0.0.25",2.07325969714145,-0.175885358629618,-0.0218935918770271,0.0523963749632927,0.0318565157481093,-0.130082219857838
2,"long_v3_CCD0.0.25",1.92440235060267,-0.166826883955648,-0.00237841880694773,0.039124952998478,0.0540032858599379,-0.130891815311865
3,"long_v3_CCD0.0.25",1.80882057119147,-0.104059839037175,-0.0147428810245194,0.0181339139634353,0.0190857531169651,-0.107877158527806
4,"long_v3_CCD0.0.25",1.93814701973691,-0.111136447625874,0.0297469272483168,0.104680661918294,-0.00265059732338301,-0.0803053241625953
5,"long_v3_CCD0.0.25",1.9505864284655,-0.137319752325337,-0.0681004262383137,0.0436490476378792,0.0122560670438566,-0.10792248117205
6,"long_v3_CCD0.0.25",1.83459606767454,-0.113838239510226,-0.0793955784226012,0.0616394393141426,-0.0835272906641904,-0.0432886205518733
7,"long_v3_CCD0.0.25",1.93965561632145,-0.0584965252096312,0.121382423920847,-0.00574827886804226,0.0288044958932069,-0.11105264463164
8,"long_v3_CCD0.0.25",1.81996154809126,-0.0894314098886727,0.0448253781442331,0.00149112810089267,0.0450076045219098,-0.0795170525822052
9,"long_v3_CCD0.0.25",1.77216354374177,-0.244218665171832,-0.100498946467925,-0.0349172260112624,-0.0199842914431056,-0.135989732044608
10,"long_v3_CCD0.0.25",2.03758927206078,-0.193740760542517,-0.0311964171122421,-0.00388102255240471,0.0173747041198743,-0.0992206432397347
11,"long_v3_CCD0.0.25",1.94784771954889,-0.199096394121136,-0.148771641294644,-0.0140358216980549,0.0798214165428878,-0.0775344851029717
12,"long_v3_CCD0.0.25",2.00977306694602,-0.12008217293568,-0.00233999501295045,0.0158262693512365,-0.00799648677398342,-0.105196717256453
13,"long_v3_CCD0.0.25",2.01575154177976,-0.111661122047634,0.00994104588140394,0.0270614988486387,-0.0354932439004032,-0.120453300506385
14,"long_v3_CCD0.0.25",2.09570254212942,-0.151700653243918,-0.00306651514862529,0.0225360416014106,-0.0268341540216166,-0.0734118554998522
15,"long_v3_CCD0.0.25",2.01718635800694,-0.221584250431363,-0.111919136301404,0.0319491417762725,0.008090030014775,-0.0918416244556932
16,"long_v3_CCD0.0.25",1.95600491970855,-0.11264795191509,0.027383568168462,-0.0396347986574952,0.0378594560384468,-0.0828938343191665
17,"long_v3_CCD0.0.25",2.02566461710641,-0.193132355865089,-0.143592358249853,-0.0387287628272611,-0.0060546458869897,-0.132284253518878
18,"long_v3_CCD0.0.25",2.03711938185854,-0.0881054868074928,-0.0410348435643317,0.00819647117554,0.011271257939137,-0.0732792159713546
19,"long_v3_CCD0.0.25",1.90841816406567,-0.168104957356817,-0.0178617177333238,-0.0477319441394267,0.00184783847881871,-0.084129943669282
20,"long_v3_CCD0.0.25",1.9762218037231,-0.125909353613351,0.0028862261668256,0.000930428907875477,0.0491462240239339,-0.0616088410393654
21,"long_v3_CCD0.0.25",1.90755768579292,-0.157606015239697,0.00908173234139219,0.0334118304240681,0.00718707426432613,-0.176853269562185
22,"long_v3_CCD0.0.25",1.97932547518289,-0.179037386755564,-0.0245716397319332,-0.0424914293507616,0.0343730933705294,-0.096720413387011
23,"long_v3_CCD0.0.25",1.97166947499835,-0.149585370276059,-0.00918676284903639,0.0169795700791677,0.015166670623928,-0.054017640839121
24,"long_v3_CCD0.0.25",1.93223023551023,-0.186824973461621,-0.0386362377728228,-0.00913145538677171,-0.0135799000036804,-0.0419017233938049
25,"long_v3_CCD0.0.25",1.96246478880965,-0.163572309117584,-0.0164113102849603,0.0354569232079705,0.0447620068952973,-0.0729050754160031
26,"long_v3_CCD0.0.25",1.84563845040787,-0.197609141698238,-0.169285387210711,-0.0307273477382704,-0.00919480715506412,-0.0825531039734721
27,"long_v3_CCD0.0.25",1.90275481470045,-0.282113706130994,-0.0560977312141761,-0.0134752268566634,0.0228225587482649,-0.141907661605591
28,"long_v3_CCD0.0.25",1.99620353178376,-0.0341585180126511,0.0416670626123463,-0.0275154912448752,-0.0062256716002588,-0.0693317831315121
29,"long_v3_CCD0.0.25",1.95386094444418,-0.0488809297172773,0.146293542464728,-0.0203792099822255,0.0542265981669921,-0.101603149693639
30,"long_v3_CCD0.0.25",1.95597374096743,-0.161689078903969,0.00603032190888128,0.0133688845232499,-0.00783921171001525,-0.113411917972849
31,"long_v3_CCD0.0.25",2.01331927715673,-0.162168913231418,-0.0142506149242259,0.0297977129704288,0.0298710738585419,-0.0906946606908539
32,"long_v3_CCD0.0.25",2.04693961560275,-0.276071208571182,-0.0545131684735181,0.0311550667872715,-0.00123490941246703,-0.127021827033335
33,"long_v3_CCD0.0.25",1.81279574921202,-0.11219346254624,-0.0668268874924764,0.00250680490526412,-0.00644216646997319,-0.0918890767665258
34,"long_v3_CCD0.0.25",2.12500636812294,-0.0563993075522343,0.0948097130279426,0.00275162148687375,-0.0228964515766767,-0.0962096449608993
35,"long_v3_CCD0.0.25",2.07140870720906,-0.12739073374053,0.00999610078988577,-0.0331485762317288,0.0296995779698814,-0.0382113173926433
36,"long_v3_CCD0.0.25",1.8778195767081,-0.0909316715252741,-0.0531748768929918,8.30110825847021e-05,-0.0530629025710748,-0.102418511090562
37,"long_v3_CCD0.0.25",1.94138241314664,-0.0335791501435955,0.0735462382673954,0.0301848831715026,-0.000537007063503426,-0.060356783638559
38,"long_v3_CCD0.0.25",1.96842637666656,-0.160675503654517,-0.00486606894688852,0.0125290965897097,0.00525833952283908,-0.0973478170640602
39,"long_v3_CCD0.0.25",1.85055386839494,-0.127512954949876,0.011151834911897,-0.0218650631712362,-0.0338503236565408,-0.140285098839125
40,"long_v3_CCD0.0.25",1.99632654799942,-0.0345158948230058,0.0828917408405305,0.0261971280582597,0.0452137500598228,-0.109607889473079
41,"long_v3_CCD0.0.25",1.85153108453984,-0.183437391844014,-0.0622295504288764,-0.0193226911319327,0.0124991945951605,-0.0333094243695087
42,"long_v3_CCD0.0.25",1.83315666346049,-0.216870985872394,0.0169769835604174,0.0246114751341007,0.0262908834565162,-0.106884926265236
43,"long_v3_CCD0.0.25",1.866957733994,-0.127248369451122,-0.042155085309511,0.0089579220915706,-0.00107841917533981,-0.0541891697861402
44,"long_v3_CCD0.0.25",1.81779050497616,-0.138212384889848,0.00777114464850496,0.0707220182202681,-0.0269337140355476,-0.0150209314115015
45,"long_v3_CCD0.0.25",2.01739531844729,-0.0641407657249403,0.0730476797632836,0.00223030491481892,0.00649754525939967,-0.0952330346727564
46,"long_v3_CCD0.0.25",1.81698169473398,-0.0379653882533136,0.0811733943471488,-0.0342148958018227,-0.0117095274199685,-0.0824510488193494
47,"long_v3_CCD0.0.25",1.97507066963174,-0.0802504227760668,0.0480800451718904,0.0298875364614856,0.00640419108741601,-0.110909673608804
48,"long_v3_CCD0.0.25",1.90265420623353,-0.107151283904187,-0.12307751651826,-0.0456712000955896,-0.0102428153184193,-0.0809654866063919
49,"long_v3_CCD0.0.25",1.818930055934,-0.0466949860243357,-0.0143599902093805,-0.0137444630260038,-0.0202671228269933,-0.0282491061002257
50,"long_v3_CCD0.0.25",1.87894468261535,-0.275578766180495,-0.15017054387735,0.0382296946751904,0.0438848119963666,-0.141118828753188
51,"long_v3_CCD0.0.25",2.15141140127845,-0.128288319367405,-0.0889147378476109,0.00416735313177515,0.0325210067594283,-0.126611605627834
52,"long_v3_CCD0.0.25",1.8404598406403,-0.144123923082004,0.0116559486894816,-0.0220307456536112,0.0115551114680131,-0.0623507704814726
53,"long_v3_CCD0.0.25",1.90463795140428,-0.182617224245161,-0.0203223983757308,-0.0105106277539875,0.0308885748023497,-0.0869268665776218
54,"long_v3_CCD0.0.25",1.93912262733112,-0.129950493289944,-0.0675108569034516,-0.0132404066005354,-0.0200480593405581,-0.091503466039797
55,"long_v3_CCD0.0.25",1.99235924189874,-0.0924989699333251,0.0527489584370502,0.0150092566591004,0.0656545094395654,-0.0927551246537513
56,"long_v3_CCD0.0.25",1.88962463144733,-0.056592826685412,0.0734604210725622,-0.00574120598931177,0.0703147455513763,-0.0556412723274513
57,"long_v3_CCD0.0.25",1.85244878544642,-0.268643861729605,-0.0989713087629334,-0.0432721169415351,0.0443791077989219,-0.117380757803124
58,"long_v3_CCD0.0.25",1.8830824235194,-0.0443212828502349,0.107964319851517,-0.0117281132953896,0.0200355930688977,-0.120774515560948
59,"long_v3_CCD0.0.25",1.96087673406703,-0.175209235749542,0.0417485645966783,0.0233352866506754,-0.0132876613933685,-0.150089470093861
60,"long_v3_CCD0.0.25",1.81794108461996,-0.12442151297723,0.0178621446653957,0.0545677409696846,-0.0520386126029428,-0.127668399167845
61,"long_v3_CCD0.0.25",1.94893977911399,-0.0729323330676129,0.083527237592289,-0.00143019553655959,-0.00898341031529066,-0.13864858920637
62,"long_v3_CCD0.0.25",1.90259375573781,-0.0358813946299656,0.019608247155478,0.0105079994831278,0.0595093481346434,-0.15160934578166
63,"long_v3_CCD0.0.25",1.90991141033396,-0.0644024922867003,-0.000713489121582049,0.0475355343776892,0.00718574874958347,-0.0957603811269415
64,"long_v3_CCD0.0.25",1.94038290062693,-0.136574235549091,-0.0896719191663699,0.00521587074850316,0.0449625952261171,-0.0465483496823151
65,"long_v3_CCD0.0.25",2.03651130035483,-0.186165714633716,-0.172290031675192,0.0155099213639383,0.02751079740648,-0.0862944973312079
66,"long_v3_CCD0.0.25",1.66467288247803,-0.0811723685342546,0.0130734961026543,-0.00570363133314198,0.0311284329615948,-0.0459031806677423
67,"long_v3_CCD0.0.25",1.86291650303956,-0.101555765048047,0.0313939562257558,0.0132623660388434,-0.00307050226234308,-0.147368241281022
68,"long_v3_CCD0.0.25",2.04338255802966,-0.160746375829417,0.071946584276553,0.00431297500229562,0.0434313149656768,-0.0842230013289298
69,"long_v3_CCD0.0.25",1.9530560790355,-0.0838464797680094,0.0373409185342609,0.00329886637410858,-0.00789963310616005,-0.0769913443393859
70,"long_v3_CCD0.0.25",1.94086855283798,-0.194126386377605,-0.135855215248422,-0.02692033654259,-4.53846477755926e-05,-0.109203181256166
71,"long_v3_CCD0.0.25",1.97871132759068,-0.0785284336090484,0.05100091960911,-0.011137429341103,0.0475973470042734,-0.0840372748740163
72,"long_v3_CCD0.0.25",1.99214067247216,-0.176237119649033,0.0338159970176978,0.0139417373581101,0.00328946502087481,-0.110017062932122
73,"long_v3_CCD0.0.25",1.94117753031203,-0.139066409993426,-0.0232442192399971,0.0147518910186391,-0.00482097075037804,-0.0393323312182975
74,"long_v3_CCD0.0.25",1.60474443494158,-0.0797191060096638,-0.0209355125650316,-0.025035775742456,0.0290008267989602,-0.00657026014101731
75,"long_v3_CCD0.0.25",2.00909407668976,-0.0148441660527655,-0.0291723548073213,0.0320934527791202,-0.00261015693612289,-0.0550842098745623
76,"long_v3_CCD0.0.25",1.91726828810651,-0.0905029170834516,-0.0103464622451937,0.00831117438045875,0.0507858575033538,-0.0464998362660065
77,"long_v3_CCD0.0.25",1.86769456911649,-0.0874032739908915,0.0834194081749404,0.0357376089959179,-0.0164851162471065,-0.0810471644189956
78,"long_v3_CCD0.0.25",1.79983455932489,0.0559975301108583,0.00627630019741187,-0.0798366410680705,0.0222492222554576,-0.0507975449396172
79,"long_v3_CCD0.0.25",1.71932993566089,-0.203494103293682,-0.07518354800546,0.046956424215365,0.027902333020542,-0.078151290837606
80,"long_v3_CCD0.0.25",1.90537660879382,-0.116259047595285,-0.104778404012305,0.0204412897485737,0.0284069833856883,-0.107987368203916
81,"long_v3_CCD0.0.25",1.81055183881908,-0.0844888164913947,-0.0378834372270622,-0.00677564702767958,-0.0104134129127674,-0.0440675514268907
82,"long_v3_CCD0.0.25",1.93233638732694,-0.211450750419965,-0.0528434080735766,0.0456905827716932,-0.0355656021402492,-0.059632842943932
83,"long_v3_CCD0.0.25",1.71810777045185,-0.0850948086004716,-0.00925886849188708,-0.00417706749231072,-0.00238570081289317,-0.0733106851174024
84,"long_v3_CCD0.0.25",1.77264497934078,-0.125523403919891,-0.0577470415613503,-0.0656916983267167,-0.00627332842417316,-0.0175099212914406
85,"long_v3_CCD0.0.25",1.89518365839265,-0.11710603025542,0.0526376790093622,0.0086465115709946,0.0657583472570459,-0.0904631282566368
86,"long_v3_CCD0.0.25",1.97060152453029,-0.165744031419056,0.0488953582966395,0.015970955107379,0.0204727206689965,-0.07885599624034
87,"long_v3_CCD0.0.25",2.09463883150906,-0.13067491536296,0.0516471773142287,0.0334410969616443,0.00439897294130905,-0.0621360682808465
88,"long_v3_CCD0.0.25",2.04618931982817,-0.154540833876831,-0.0758209379098903,0.0174572532735808,0.0760867431185327,-0.0252658480572292
89,"long_v3_CCD0.0.25",1.85800323126693,-0.207294397172112,-0.0499915136834937,-0.0129232479150624,0.0205407945125524,-0.0931049991644311
90,"long_v3_CCD0.0.25",2.0149116809178,-0.0926156567152475,0.0638978458119161,-0.031149661537609,0.0766575316370358,-0.061777872602265
91,"long_v3_CCD0.0.25",1.95565707170527,-0.21708625480968,0.0143039556939744,0.00305400410775746,0.0598832729518878,-0.166386033134761
92,"long_v3_CCD0.0.25",2.01763395835368,-0.0902320465240158,0.07972959402727,-0.00181852426352059,0.0192800664792871,-0.0801077001959904
93,"long_v3_CCD0.0.25",1.97527201673768,-0.0478982770863033,0.0910454381581322,0.0249627977310395,-0.00183845258536137,-0.145500539485994
94,"long_v3_CCD0.0.25",1.91631518647181,-0.154879999555625,0.00556743847068985,0.00587983987316764,0.098887566940563,-0.0815845263390078
95,"long_v3_CCD0.0.25",1.83000932278035,-0.185061541308337,-0.00110073414028262,-0.0106190620864734,0.053869348274674,-0.169285480726172
96,"long_v3_CCD0.0.25",2.04501375968732,-0.131913891417912,-0.0991397428959352,-0.00058403995003167,-0.0237097282836857,-0.08789508455349
97,"long_v3_CCD0.0.25",1.86462820560599,-0.103254653023423,-0.00148712506567305,-0.00552063741094233,0.0455262923182892,-0.12944837559379
98,"long_v3_CCD0.0.25",2.08041076305908,-0.150400127266952,0.070573830929184,-0.066805349689399,0.104624026597498,-0.0317093289644767
99,"long_v3_CCD0.0.25",1.8454565060571,-0.195256527787156,-0.08441783008769,0.022069859470388,0.0644738419068248,-0.0214674540597476
100,"long_v3_CCD0.0.25",1.94401402586823,-0.178368876671311,-0.0117299824835893,-0.0224724032676588,0.0351017493592241,-0.100126704221187
101,"long_v3_CCD0.0.25",2.05630891336611,-0.239426651800038,-0.0355702492429019,0.00202068333707487,0.0876350577123485,-0.0466153973520193
102,"long_v3_CCD0.0.25",2.02309756264276,-0.166325560868996,-0.0369747494891434,0.0164207946184995,0.0147955691837499,-0.12584146207604
103,"long_v3_CCD0.0.25",1.8286407998992,-0.119439800210787,-0.0933002945498405,-0.00329256541875997,0.0138998703258437,-0.0769763530516857
104,"long_v3_CCD0.0.25",1.92610091364163,-0.121963042274507,-0.0185059552335647,0.0649080773593054,-0.0519350582541,-0.0776647682492662
105,"long_v3_CCD0.0.25",1.87808717986345,-0.201121951181942,-0.145255703149762,-0.0133235953559686,0.0108104829509566,-0.0916130662040978
106,"long_v3_CCD0.0.25",2.13818363211735,-0.135193661492003,-0.016845040064357,0.00749437793505714,0.00711168513948317,-0.0898615711264363
107,"long_v3_CCD0.0.25",1.98654361293408,-0.118152429215861,0.0306967508041184,-0.0200343390880149,0.0342486717758253,-0.10077788179165
108,"long_v3_CCD0.0.25",2.03194279238123,-0.108697503476208,0.100552401826647,0.020737316216619,0.00673542607271089,-0.129486252510769
109,"long_v3_CCD0.0.25",1.9589592729091,-0.11167850022592,0.0245799962469681,0.0277439913541506,-0.0144544980215319,-0.125883655381671
110,"long_v3_CCD0.0.25",1.86121146078749,-0.110306958344309,0.0489325092210057,0.0202764578846102,0.0523765357492617,-0.069643476153328
111,"long_v3_CCD0.0.25",1.81579570680771,-0.0469405746172544,0.00123561148885958,-0.00570470836150529,0.0180929144556699,-0.0599977478596045
112,"long_v3_CCD0.0.25",2.01399103942647,-0.235715266182817,0.0498878256273727,0.019385348237429,0.0306962579238929,-0.0996768252590602
113,"long_v3_CCD0.0.25",1.92964278183222,-0.0824230846759414,0.0412425923343558,0.029643614869085,0.012903542322208,-0.124349534880222
114,"long_v3_CCD0.0.25",1.9732589706379,-0.112716984863615,0.105975062418562,0.0438287729109896,0.0211634717109198,-0.10384852511093
115,"long_v3_CCD0.0.25",1.94718092748005,-0.0535476387931557,0.0372161488314576,-0.0214452712962458,0.0116740525220211,-0.0828560987822935
116,"long_v3_CCD0.0.25",2.00729362903012,-0.0819262701454117,0.0478249671630573,0.0341485368069316,0.00888737902845519,-0.0563259704158384
117,"long_v3_CCD0.0.25",1.93974304855673,-0.153372040350329,0.0288436298934163,0.0482699992236954,-0.0153404805381385,-0.0560407562433891
118,"long_v3_CCD0.0.25",2.00326669330184,-0.157284893337933,0.0669122420909875,0.0308051512014043,0.0397091192135261,-0.122287369444377
119,"long_v3_CCD0.0.25",1.87061901029811,-0.232726233130629,-0.091817074898926,-0.00308645303128845,0.0790589840406705,-0.0636072656150269
120,"long_v3_CCD0.0.25",1.94180270892352,-0.111486940580776,-0.108055336514718,0.0248086700392757,0.0344078974881543,-0.0824979446252277
121,"long_v3_CCD0.0.25",1.94179712110191,-0.146439221409992,-0.000926249325214345,0.00349951054221336,0.00967067964213597,-0.13292562083026
122,"long_v3_CCD0.0.25",1.85096712396796,-0.173544825695205,-0.104992740362033,0.0179020607960269,0.0370951003715446,-0.0435122854505533
123,"long_v3_CCD0.0.25",1.98680799148715,-0.187349693957166,0.00449880131618851,0.0602375738584732,0.0426855417374485,-0.1073725051944
124,"long_v3_CCD0.0.25",1.83064440454567,-0.229628395729367,0.0107688708315076,-0.0024530840281299,-0.00257693558182772,-0.0890411506531456
125,"long_v3_CCD0.0.25",2.00601231880692,-0.208015819656337,0.0306739701416236,0.0152595408557187,0.0213155731477288,-0.0553690624248447
126,"long_v3_CCD0.0.25",1.80507792430008,-0.156025055706719,-0.0922972793893898,-0.0352036824205226,0.0538860949935365,-0.0943947721751502
127,"long_v3_CCD0.0.25",1.92546753593119,-0.121675267501136,0.0566024481112377,-0.0393932487496912,-0.0298646719653531,-0.0987678316410809
128,"long_v3_CCD0.0.25",2.12888212760717,-0.061438487295281,0.129053109802697,0.0041977400327739,0.00129623481957976,-0.109409100140745
129,"long_v3_CCD0.0.25",1.88965335547487,-0.128110643061529,0.0604544556539432,-0.0216877094858099,0.0241343649844229,-0.0240205840675444
130,"long_v3_CCD0.0.25",1.87394866060148,-0.108083496780973,-0.0796167485849381,0.00157311225294827,0.0798156702187111,-0.0894836784431027
131,"long_v3_CCD0.0.25",1.9055684527856,-0.135756230304616,-0.0322599113429021,0.0400966677418403,0.00310568126379771,-0.104219470284246
132,"long_v3_CCD0.0.25",1.96556378187739,-0.152459993505229,0.039771884009764,0.0305388717844056,0.0497701841846338,-0.0650861058634556
133,"long_v3_CCD0.0.25",2.10673830955547,-0.218140561269473,0.0625216884255877,0.0231805161819079,0.0548239603845985,-0.126061188398466
134,"long_v3_CCD0.0.25",1.96198120271001,-0.220137441516162,-0.0401231368650095,0.094810998717469,0.0556202582857033,-0.141264918548037
135,"long_v3_CCD0.0.25",1.91614782252165,-0.231350927871545,-0.0877328472055985,-0.0252166115829031,0.000924461210429696,-0.0802900804103645
136,"long_v3_CCD0.0.25",2.02759033827052,-0.101725836832008,0.0178130814362802,0.0422115786787246,-0.0376132128711135,-0.0778255062155153
137,"long_v3_CCD0.0.25",2.09847650907624,-0.147708010276077,0.0497197847347595,0.0185042238213832,0.0584930946477069,-0.143807878621355
138,"long_v3_CCD0.0.25",1.91839407083285,-0.183680260191474,-0.0751893233219526,0.00297764961868713,0.0139967646529319,-0.141395618058675
139,"long_v3_CCD0.0.25",1.9331615460792,-0.0700054627871764,0.0904836352933092,-0.0850469653372941,-0.00442141943317912,-0.0984465648599375
140,"long_v3_CCD0.0.25",1.92042002133614,-0.148056738118763,-0.0667232034365339,0.0312508412816288,0.0261785795065005,-0.0436002650378539
141,"long_v3_CCD0.0.25",1.87517261279577,0.0639004036709771,0.135481664459923,-0.00890717638085289,0.00361773708152018,-0.0553274599646336
142,"long_v3_CCD0.0.25",1.92419308639056,-0.122044072773928,0.0757855944196402,0.0624761953145503,-0.0187889645464572,-0.124676306032817
143,"long_v3_CCD0.0.25",1.85972905541688,-0.0954713889386569,0.0612480053826655,-0.00861024666579246,0.051154316891529,-0.167443849567413
144,"long_v3_CCD0.0.25",2.06837424163051,-0.122988821285606,0.0810033259640023,-0.077052950501275,0.00987276353333672,-0.195502584040244
145,"long_v3_CCD0.0.25",1.83606597896615,-0.152285456779056,-0.10809260904534,0.0318820573849735,0.0306826483633739,-0.0766568280164415
146,"long_v3_CCD0.0.25",1.67449149064383,-0.189963615803986,0.0705704539285738,0.00438393884923794,-0.0407558847260906,-0.144343066870179
147,"long_v3_CCD0.0.25",1.87961494444473,-0.327232758239219,-0.0102337343535602,-0.00063149911723405,0.0140197304277191,-0.0900659487403138
148,"long_v3_CCD0.0.25",2.09909931039744,-0.101444658141187,0.0433330567774483,0.0728069522767747,0.0503474392026269,-0.099607784898539
149,"long_v3_CCD0.0.25",1.88054389151491,-0.191649342760337,0.0409251067864154,0.0708417955801283,0.032018603321519,-0.0853276989854856
150,"long_v3_CCD0.0.25",1.89934735895911,-0.148843631558974,0.094717010517238,-0.046249133811098,0.0154866195986686,-0.100883708940831
151,"long_v3_CCD0.0.25",1.8003068268601,-0.112058249808699,-0.073143166887705,-0.0261781589920103,0.0216845675184683,-0.0181310837364303
152,"long_v3_CCD0.0.25",2.03981373084847,-0.157736675544055,0.0454011530261062,0.0128793543323573,0.014135004310493,-0.173598612490205
153,"long_v3_CCD0.0.25",1.85370422803515,-0.144500549361793,0.0945086787607584,0.0288273966947277,0.0257975250141574,-0.141798906821665
154,"long_v3_CCD0.0.25",1.9165718360696,-0.139299391098856,0.029409129957156,0.00993437512482867,0.0324176709133723,-0.0471067519588871
155,"long_v3_CCD0.0.25",1.90890233026306,-0.0844338299864766,0.078667250930073,-0.0615278488661959,0.0545936229774686,-0.0346989495853511
156,"long_v3_CCD0.0.25",1.95640254533774,-0.131192371377429,0.118567563673369,0.0101337523635914,0.0156571251512282,-0.114787184129512
157,"long_v3_CCD0.0.25",1.97903255013045,-0.213939889543756,-0.108400929698784,0.00175461766553015,0.00187438326654325,-0.0164935011004993
158,"long_v3_CCD0.0.25",1.99525907144301,-0.181022586592802,-0.121182018178224,-0.0374427826225957,0.0409506669001189,-0.0770693608716428
159,"long_v3_CCD0.0.25",1.8771803862324,-0.157202847410568,-0.0190334612885249,-0.0174191194001497,0.0620937325076344,-0.0606808351861172
160,"long_v3_CCD0.0.25",1.93953941933285,-0.0652524685732293,-0.0562428370368132,-0.0386229781608103,0.0631247712248663,0.0130591088443945
161,"long_v3_CCD0.0.25",2.01828320249774,-0.224595982926218,-0.0110813924175045,0.0343451828658291,0.0602141538987406,-0.109260402154826
162,"long_v3_CCD0.0.25",1.73703156502507,-0.148904971471462,-0.0678650281348176,0.0324039022765368,-0.00183234394153538,-0.146302818737539
163,"long_v3_CCD0.0.25",1.94716142353892,-0.138890833700147,0.0334463071911556,0.0104865122320328,0.00172415761830575,-0.0734351418122774
164,"long_v3_CCD0.0.25",1.95810814078591,-0.17894427369315,-0.0532011042174338,0.0345981374032319,0.00695184009067385,-0.0276700692661125
165,"long_v3_CCD0.0.25",1.82304371314184,-0.0077875151009948,0.048931940869061,0.0386242529720615,-0.0465275865852999,-0.0467070328522365
166,"long_v3_CCD0.0.25",1.89533980646596,-0.190885480979133,-0.0825316889675421,-0.0175537295306734,-0.000646448495557304,-0.0549579822174275
167,"long_v3_CCD0.0.25",1.88806135528782,-0.0640159592606876,0.0427062214835352,0.0389700680023554,0.0063980930605941,-0.0355566176957412
168,"long_v3_CCD0.0.25",2.09354067011647,-0.158576911805886,0.134616595156596,0.00346292885820144,0.0749922651087644,-0.152593370189551
169,"long_v3_CCD0.0.25",1.9062441674952,-0.104470274586561,-0.0292805194994713,0.0475151152412354,0.0779285044417382,-0.0581733993902822
170,"long_v3_CCD0.0.25",1.78450639644717,-0.17710085931664,-0.113150652982839,0.0456639901183749,0.0815342370058998,0.049150133709867
171,"long_v3_CCD0.0.25",1.840275738271,0.0254239439683397,0.108841307783184,0.0129853217970171,-0.0222217476149297,-0.0619711051024651
172,"long_v3_CCD0.0.25",1.98611490448975,-0.0754146059685422,0.0130388793742,0.0116676074498783,-0.0500571255567879,-0.175981695491199
173,"long_v3_CCD0.0.25",2.03027985482892,-0.199653167246783,-0.0928437705217909,-0.00998333058731503,-0.0210807044113935,-0.121558584707587
174,"long_v3_CCD0.0.25",1.82377676516906,-0.130023445204377,0.085937739675727,0.00555947409325068,0.0497503139703068,-0.0238381713911982
175,"long_v3_CCD0.0.25",1.94362748881889,-0.17460743607365,-0.0236260196662524,-0.0316042250512742,0.0341631425405136,-0.0541310504917265
176,"long_v3_CCD0.0.25",2.02868349543545,-0.0849657451893096,0.0566010667573953,0.00551325734133037,0.0130954816182773,-0.0750222622310019
177,"long_v3_CCD0.0.25",1.89063392352378,-0.0386368573685483,-0.00988612907154211,-0.0425601432419472,-0.0162103349916909,-0.0409641988812256
178,"long_v3_CCD0.0.25",1.76638569325015,-0.190375197667235,-0.0395661460097397,-0.0219691713484102,0.059381939150364,-0.0494164534939331
179,"long_v3_CCD0.0.25",2.11754157533063,-0.121394924751916,-0.0728781657360365,0.0136466777574179,0.0334003425099391,-0.0850365562132771
180,"long_v3_CCD0.0.25",1.80889867679813,-0.14664513992965,-0.0422176466974223,-0.0513554062737075,0.0660902470225096,-0.149776940607956
181,"long_v3_CCD0.0.25",1.91384668219226,-0.130516498993591,-0.0266233517273539,0.0155048355680354,0.0282422635037362,-0.0655487059882326
182,"long_v3_CCD0.0.25",1.91682863537696,-0.125414795124939,0.0303003375298706,0.0334047623604672,0.0512281002985915,-0.0649305912737092
183,"long_v3_CCD0.0.25",2.00258805531544,-0.0459433517065785,0.0562012400518916,0.014286183083747,-0.061100102574142,-0.060539821318771
184,"long_v3_CCD0.0.25",2.01863911554995,-0.149823923749886,0.00340800844512809,0.0203491808970161,0.0436838506213908,-0.169421374987833
185,"long_v3_CCD0.0.25",2.01694419476473,-0.144533403401179,-0.0325400519029553,0.0402816324815131,0.00214786369446978,-0.100037033902987
186,"long_v3_CCD0.0.25",2.0276676910717,-0.126086983725378,-0.0184285298848602,0.0174052016396196,0.0181794134997497,-0.117911022291434
187,"long_v3_CCD0.0.25",1.9379754984508,-0.111202307429636,-0.0492722030808427,-0.0303339699366165,-0.0210052617070589,-0.0760027262494958
188,"long_v3_CCD0.0.25",1.893986284701,-0.170137420725023,-0.00799964117329138,0.034907325491017,-0.00117512879376734,-0.0994080096972652
189,"long_v3_CCD0.0.25",1.81355056896771,0.0327471333481102,-0.0183750221453298,-0.0428666101177748,-0.00568899813295152,-0.0141438149379251
190,"long_v3_CCD0.0.25",2.00457048550549,-0.046806900366954,-0.0143403663807723,0.0151296581463713,-0.0387838384828168,-0.0638202536213819
191,"long_v3_CCD0.0.25",2.16355733112295,-0.172550656461574,0.0457639083768078,0.0522338370548041,0.00980604429620531,-0.107387140435584
192,"long_v3_CCD0.0.25",1.70638997297904,-0.108140640297083,-0.104098862058577,-0.00532139933584849,0.0348030874611108,-0.11386338561158
193,"long_v3_CCD0.0.25",1.98127183668036,-0.135351078633455,0.0459828613981663,0.0232330682634536,0.0221510042512426,-0.117438650806719
194,"long_v3_CCD0.0.25",1.90909473037804,-0.0615366109155597,-0.0502120503936691,-0.0193908351432473,-0.0420801532433017,-0.0816116062263908
195,"long_v3_CCD0.0.25",1.98800733471585,-0.172178817303826,-0.0561425295625608,-0.0321392188586488,-0.0468091793144108,-0.066066856135402
196,"long_v3_CCD0.0.25",2.00715744021165,-0.0914230025121338,0.0371931289754694,-0.00315998892544626,0.0434351468263977,-0.104876630657559
197,"long_v3_CCD0.0.25",2.09978250088098,-0.0989636120307008,-0.102719316183987,-0.0605217086183923,0.0466525933476393,0.00866526867194708
198,"long_v3_CCD0.0.25",1.8610499798231,-0.0942407085503234,0.0188392087644535,-0.00463843838476865,-0.0246139631321713,-0.100788107384314
199,"long_v3_CCD0.0.25",1.93110770361878,-0.185745897652511,-0.0940281001141089,0.00489760194789995,0.0418691781732311,-0.0867279331086169
200,"long_v3_CCD0.0.25",2.03554232835728,-0.232458300027201,0.000537958234249834,-0.00261433489302383,0.0344372028103369,-0.090811549806353
201,"long_v3_CCD0.0.25",1.86171431151055,-0.0812654115411054,0.0143957508177996,0.0496134178527392,0.0213609682797083,-0.0697468427832843
202,"long_v3_CCD0.0.25",1.90818577726067,-0.102391541250439,0.0656458472465547,0.0219486864222582,0.0175271286416535,-0.0718824661925173
203,"long_v3_CCD0.0.25",1.92540791808723,-0.128586394380772,-0.0171423021136896,0.000321593277618484,0.0298617216411388,-0.0627929754096239
204,"long_v3_CCD0.0.25",1.97485384652611,-0.0845494331408569,0.0688224302292887,0.0684387830780686,0.0510335079855392,-0.137997718248315
205,"long_v3_CCD0.0.25",2.07239003037681,-0.0590542386670307,0.10265161287002,0.0429036320140591,-0.0464673056492802,-0.08919656636055
206,"long_v3_CCD0.0.25",1.91397961566717,-0.15971870005383,-0.0945315014446403,-0.00590068678169418,-0.0245652204650775,-0.0959304569455218
207,"long_v3_CCD0.0.25",1.89417864714159,-0.20162669965897,-0.0481329338258984,0.0226507296205413,0.0641210779597632,-0.0692306396842883
208,"long_v3_CCD0.0.25",1.9921997649127,-0.129163046926929,-0.014624318754332,-0.0302215464975744,-0.0665917588289605,-0.0821383569473535
209,"long_v3_CCD0.0.25",1.73889820659683,0.0568184141220143,0.0956868196798017,-0.00798213778913351,-0.0232752625840576,-0.00402757170191052
210,"long_v3_CCD0.0.25",2.10512974860226,-0.121634670280073,0.0249987315755968,0.0642270649541113,0.0371565189160865,-0.0930562094131434
211,"long_v3_CCD0.0.25",2.04447888042845,0.0103527982895074,0.0667075133292595,-0.0554550790471828,0.0120330286935945,-0.104416557268823
212,"long_v3_CCD0.0.25",1.81384320200459,-0.128981075543003,0.0173773372512678,-0.0406518480165657,0.0908853720993215,-0.109761109437147
213,"long_v3_CCD0.0.25",1.90747372192437,-0.155459089840991,0.0199240979376703,-0.0171719516308675,0.00505963365960942,-0.16194834199143
214,"long_v3_CCD0.0.25",2.00237104245707,-0.144777347211098,2.71155917340579e-05,-0.034957837781008,0.0102990840942815,-0.0738049743217295
215,"long_v3_CCD0.0.25",1.94837001050256,-0.150104048720811,0.0408808710226701,-0.00497231046215499,-0.0116884559764422,-0.109850053067066
216,"long_v3_CCD0.0.25",1.95689759738911,0.0420513758709173,0.0833961474247652,0.0132755318316665,-0.0755326957432906,-0.113201489656303
217,"long_v3_CCD0.0.25",1.99911738896044,-0.252710268644683,-0.0639842434744208,-0.0074716510571247,0.0694753693896228,-0.0667105505232223
218,"long_v3_CCD0.0.25",1.90836190112298,-0.00252720998007752,0.152301703442707,0.0217485140617349,-0.00174246241181296,-0.1213603839714
219,"long_v3_CCD0.0.25",1.97547991827749,-0.159071006547566,0.052222611562239,0.0511919450671385,0.0149752491500137,-0.113833633987706
220,"long_v3_CCD0.0.25",1.85422451132078,-0.11255757484488,-0.109654928111369,-0.0533226915320127,0.0324555888018004,-0.0433416284385496
221,"long_v3_CCD0.0.25",2.17385892677285,-0.0921811129752489,0.0895506188628388,-0.00822254844126772,0.00583581674464199,-0.106530040345293
222,"long_v3_CCD0.0.25",1.79958916640251,-0.123129170831831,-0.0463882937672627,0.0661105501268925,-0.0490055648227247,-0.0485060277604597
223,"long_v3_CCD0.0.25",1.90373030019069,-0.0603401122375698,0.0484019418013144,0.0163722829898203,0.0334561610910004,-0.0589585662720686
224,"long_v3_CCD0.0.25",1.8872144275313,-0.192868492995783,-0.0183374493758465,0.00691625023088288,0.0437331409562614,-0.014824809622242
225,"long_v3_CCD0.0.25",1.96816551276548,-0.255943766083083,-0.0176960833138774,0.0219917107607658,0.0582157828797228,-0.107444037361816
226,"long_v3_CCD0.0.25",1.86966901371231,-0.231088994763139,-0.0459846561428031,-0.00975915030624382,0.0381319000155315,0.0258553236930276
227,"long_v3_CCD0.0.25",1.86149717880338,-0.147491743863624,0.0502132181638547,-0.0502679600596982,-0.0489164358480359,-0.100873037946279
228,"long_v3_CCD0.0.25",1.73638237958568,-0.0429119159476999,0.0212525030203586,0.0169724697028387,0.0397773399210558,-0.0526997390548141
229,"long_v3_CCD0.0.25",1.84093025508322,-0.160162734863017,0.0425386134455911,-0.0676799250038083,0.00864903531157799,-0.0691793914823047
230,"long_v3_CCD0.0.25",1.83394805924181,-0.0413806738048609,0.0733750625339879,0.0156796007699324,-0.0495780800731024,-0.0921146678104243
231,"long_v3_CCD0.0.25",1.87331719792378,-0.209488816671502,-0.0276119211398787,0.0574636125332733,0.0097289673850916,-0.0709210258732096
232,"long_v3_CCD0.0.25",1.86815984113896,-0.312830936887145,-0.0488139292557424,0.101284302661272,0.0608966239708233,-0.151758285931484
233,"long_v3_CCD0.0.25",2.02486487199617,-0.160938882813474,-0.0998096024087693,-0.0309184271460048,0.027820900325651,-0.116591683550182
234,"long_v3_CCD0.0.25",1.93149930637332,-0.0760624931915095,0.0936467877591103,0.0430974108150506,0.0608320527719821,-0.086650014999915
235,"long_v3_CCD0.0.25",1.99245250143461,-0.289220453245438,-0.117355782394676,0.0494452472089317,-0.00380081447213944,-0.143166429718443
236,"long_v3_CCD0.0.25",1.99357241728821,-0.231531971612634,0.00136907550645049,0.010182942541114,0.0575496070929397,-0.0514306562505165
237,"long_v3_CCD0.0.25",1.92277023320411,-0.11380831127128,0.130976770755067,0.0381495393042659,0.034690836553927,-0.14576640485498
238,"long_v3_CCD0.0.25",1.95434407179173,-0.115042312644662,-0.038001197185999,0.00986666040915968,-0.0482824757237205,-0.084990682749338
239,"long_v3_CCD0.0.25",1.82504633519219,-0.112356170453105,-0.00774854817731355,-0.035139567258374,0.00166711730618652,0.0535547063265004
240,"long_v3_CCD0.0.25",2.00445812494159,-0.119501346970253,0.00875293552144369,0.0652665909904419,0.00840352198172703,-0.108293179782066
241,"long_v3_CCD0.0.25",1.8103229306845,-0.0339768844580104,-0.0230419753555447,-0.00280976254669616,-0.0103174904215277,-0.0617969790665497
242,"long_v3_CCD0.0.25",1.87821764227104,-0.177152545087655,-0.0205792888546943,0.0036715884935647,0.02987492655958,-0.084229877594457
243,"long_v3_CCD0.0.25",2.01534640686634,-0.125395511349331,-0.0347454773618664,0.030290458279329,-0.0134996189888218,-0.0989004357367375
244,"long_v3_CCD0.0.25",1.9870376917878,-0.0795495747832812,-0.0962755857144918,-0.00815932035707044,-0.00108540742050395,-0.0972447910283832
245,"long_v3_CCD0.0.25",1.97709001611723,-0.117320873625533,-0.0471474073025437,0.0230403435480703,0.00471981539058952,-0.0674050157434555
246,"long_v3_CCD0.0.25",2.04095052341611,-0.123370780665568,-0.0117532668097429,0.0225255617107319,0.00281926479085909,-0.00447106011512033
247,"long_v3_CCD0.0.25",2.07120311870494,-0.121317664392674,-0.0154570677325416,-0.0434203536773467,0.075336088368026,-0.0951825884666972
248,"long_v3_CCD0.0.25",1.90818116576488,-0.221978080520782,-0.0261241020644023,0.0417420540900329,0.0358002776708466,-0.0826208950132386
249,"long_v3_CCD0.0.25",1.93964214567132,-0.24297014259864,0.169133472675624,0.074652705542104,0.0339428559463297,-0.150598358063502
250,"long_v3_CCD0.0.25",1.88150777332465,-0.187052436989646,-0.0515354590327143,-0.0156229694377169,0.0218389485014387,-0.0296767216255764
251,"long_v3_CCD0.0.25",1.94810410691681,-0.100927899694476,0.074136842925301,-0.0455005980679057,0.00961255357361347,-0.126864988804292
252,"long_v3_CCD0.0.25",1.89719957195654,-0.231287938532523,0.000195592093675764,0.0352747316735368,-0.0109057859633516,-0.14689688769728
253,"long_v3_CCD0.0.25",2.08651945339729,0.0205552539419287,-0.00930617691286931,-0.0194951512642728,-0.0149194610109401,-0.0964774923499805
254,"long_v3_CCD0.0.25",1.8832568098744,-0.0579102548195188,-0.0181718740335908,0.0251111567495227,-0.0135764925002469,-0.0960479892424754
255,"long_v3_CCD0.0.25",2.02349042862484,-0.178713055609271,-0.0416920079623991,0.0259850863239699,0.0581856403162781,-0.0955000759644938
256,"long_v3_CCD0.0.25",1.8499546026784,-0.0755836980915933,-0.00210426629402921,0.0338288442007367,0.00944196837639387,-0.0786338319719638
257,"long_v3_CCD0.0.25",1.82005824218906,-0.178738341725488,-0.0889386545336944,0.0205337160743646,-0.0328229046376509,-0.046231832496046
258,"long_v3_CCD0.0.25",1.95818853924825,-0.137881532688936,0.041307603533663,0.0512012563491354,0.0127287677469071,-0.0804886131032218
259,"long_v3_CCD0.0.25",1.69896312403192,-0.00974370239150686,0.0224933921951321,0.0250022956362729,-0.0306978030693325,-0.125012576424842
260,"long_v3_CCD0.0.25",1.97305462269999,-0.105199471597616,-0.0464250670858263,0.0435366901882925,0.0160764161574721,-0.117568173145942
261,"long_v3_CCD0.0.25",1.89864260881456,-0.173518218289307,-0.084436501203439,-0.0156675763943382,0.0347099044644123,-0.098680030509815
262,"long_v3_CCD0.0.25",1.90956851619503,-0.130841525459201,0.00729984711465492,-0.00949119832821656,0.0331719675450833,-0.0727653520989203
263,"long_v3_CCD0.0.25",1.91588135821521,-0.231741233198427,-0.0225562189011796,0.0307770659661379,-0.0459750816359416,-0.142552751243531
264,"long_v3_CCD0.0.25",2.02531260804397,-0.181673195128463,-0.0179889328326863,0.00235561549604369,0.031674726969572,-0.167483525232769
265,"long_v3_CCD0.0.25",1.86960089156513,-0.15290535418237,0.114555338806987,0.0740600942508187,-0.023853228525995,-0.132093204436234
266,"long_v3_CCD0.0.25",1.94955293211886,-0.127197950181864,0.107575373003423,-0.00381340270569056,0.0323434664545234,-0.0683528132459101
267,"long_v3_CCD0.0.25",2.00646674062651,-0.218875095364533,-0.0466460392338439,0.0148560450095009,0.0609197824573131,-0.130064729917816
268,"long_v3_CCD0.0.25",1.89009118865317,-0.206477470088336,-0.0545164342527421,0.0136410396999888,0.0444339411063274,-0.0946003684192413
269,"long_v3_CCD0.0.25",1.87025447087843,-0.244772796931713,-0.166562884423612,-0.020564709411368,0.0421349715489684,-0.0516648052498411
270,"long_v3_CCD0.0.25",1.91296236243801,-0.176003393767937,-0.00174414996416872,0.0469211735338633,0.044801124756056,-0.0921831412986027
271,"long_v3_CCD0.0.25",1.91338147444766,-0.0771454679621335,0.0798597174122345,-0.0266153009445211,0.0521990904738295,-0.0749770975644811
272,"long_v3_CCD0.0.25",1.89878277246622,-0.116048721861744,-0.0124691607838097,0.028266976611442,0.0280212767356866,-0.0233748018782071
273,"long_v3_CCD0.0.25",1.84086338997723,-0.206729318103083,-0.0463539808157965,-0.0187257793106614,0.0576244194529096,-0.0386982172638905
274,"long_v3_CCD0.0.25",2.19293490460078,-0.132775977168038,-0.0154996691525963,0.0243230627130918,0.129643064881067,-0.108169470788156
275,"long_v3_CCD0.0.25",1.81070303237069,-0.0706304431180256,0.0510884740064533,-0.0162805072029234,0.017266498365582,-0.0505194799330467
276,"long_v3_CCD0.0.25",2.00723444196865,-0.201949718044802,-0.0337088412939989,-0.0258574918923666,0.0514665564717603,-0.106497355398608
277,"long_v3_CCD0.0.25",1.9962101930766,-0.210522276519347,0.0199816330391132,0.0323107167059348,0.06456475992573,-0.125823120719051
278,"long_v3_CCD0.0.25",2.06445325249141,-0.207364867218234,0.0629257639620238,-0.0499136814930021,0.00349902965587082,-0.0393286525091893
279,"long_v3_CCD0.0.25",2.00092149949503,-0.137373769623412,0.108782421404071,-0.0103738091632842,0.0371259394337846,-0.113096979449507
280,"long_v3_CCD0.0.25",1.95026338106288,-0.115674907617479,-0.00329131169385352,0.010280528604457,0.0156875134701258,-0.0978387574906783
281,"long_v3_CCD0.0.25",2.02809422618716,-0.170902293609837,0.0127611295157895,0.0254968581072141,0.04884440562353,-0.092196342105075
282,"long_v3_CCD0.0.25",1.91098296745934,-0.206506422879467,-0.0140359334813225,-0.0136663875680799,0.0599789884279893,-0.0921865656544293
283,"long_v3_CCD0.0.25",1.89867109916205,-0.0526134421725563,0.0015544449528659,0.0345667114345139,-0.0606823791689701,-0.0359889599890821
284,"long_v3_CCD0.0.25",1.86071666900743,-0.179808955372497,-0.211484366944453,-0.0502251045434794,0.0224473685888029,-0.0278143375359854
285,"long_v3_CCD0.0.25",1.9389321341424,-0.122024961522304,-0.0833404225163248,-0.0461000968037475,0.0608537606289588,-0.0544486170093841
286,"long_v3_CCD0.0.25",1.8064759730845,-0.116859524339438,-0.0370905527548206,-0.0263541446315278,0.0312714271922191,0.0393234257799381
287,"long_v3_CCD0.0.25",2.01995670265589,-0.261274112572046,-0.0134659288701535,-0.0161790833921415,0.080795342701133,-0.105840008455556
288,"long_v3_CCD0.0.25",1.80503833704954,-0.212606602982976,-0.0891346263799083,0.00609170629019116,0.0185484085798644,-0.029361431937206
289,"long_v3_CCD0.0.25",1.78652605863609,-0.162017472694599,-0.0655256195610348,-0.0369463272501308,0.0351272085241609,-0.0710772092685104
290,"long_v3_CCD0.0.25",2.05178804403253,-0.128129123857718,0.0701655319554542,0.0727656332514634,-0.0573093223460003,-0.177667152259939
291,"long_v3_CCD0.0.25",1.9987584742383,-0.080138944993073,0.119529592193113,-0.0149394293768539,-0.0401238721445711,-0.141176098170484
292,"long_v3_CCD0.0.25",2.07875459855046,-0.0997265124467443,0.0431721426019225,-0.000611174019896852,-0.0573818952933223,-0.162159888849196
293,"long_v3_CCD0.0.25",2.01582520850599,-0.127352214602373,0.0151543317272657,0.0844030650807752,0.0458740635552905,-0.0741701843346691
294,"long_v3_CCD0.0.25",2.08240083300858,-0.144913999047643,-0.0251850012222903,0.0533789426829372,0.00821367648207308,-0.104921009081271
295,"long_v3_CCD0.0.25",2.03892784166655,-0.0800538870434576,0.0211443982078727,-0.00216012852647091,0.0437856719883325,-0.126692995090251
296,"long_v3_CCD0.0.25",1.97233038586683,-0.153505933546481,-0.0362988920002656,-0.00386544339472356,0.0592908183322461,-0.0326553371798458
297,"long_v3_CCD0.0.25",2.06547479763016,-0.242765090293601,-0.108603229968819,0.0547697458456938,0.0794057255624011,-0.0953952840954332
298,"long_v3_CCD0.0.25",2.11641083944576,-0.361141471951884,-0.0821617957471465,-0.0245072542408071,0.0669912733742226,-0.0540473333120515
299,"long_v3_CCD0.0.25",1.83409175693562,-0.128092394388248,0.111418971207263,0.0383658876129396,0.0690785950902348,-0.0769888347192928
300,"long_v3_CCD0.0.25",2.00977465320368,-0.0891926970077777,0.0518926063417549,0.00337098970365018,0.0440108211284935,0.0141300899588356
301,"long_v3_CCD0.0.25",2.08591746916511,-0.0360376825500318,0.121578706746203,0.0259544587744223,0.0202321831441054,-0.10457669694694
302,"long_v3_CCD0.0.25",1.75946790622531,-0.0885727927684913,0.0592568609776242,-0.0681188085924768,0.0209701589858803,-0.0870768403837161
303,"long_v3_CCD0.0.25",1.8382406635855,-0.233215488785253,0.0412044859706937,0.0713716123155381,0.0474224710271595,-0.146546743658575
304,"long_v3_CCD0.0.25",1.79420691015906,-0.0191715557060517,0.131183582797558,0.0180697703938811,0.042078195411906,-0.0718885114510736
305,"long_v3_CCD0.0.25",2.05860457092718,-0.134628513530647,-0.0381719536952468,-0.0209779713516431,0.0154390944756024,-0.0937494065761887
306,"long_v3_CCD0.0.25",2.12889980546643,-0.214814139953175,-0.0386001844330771,-0.0296032768320411,0.000230868681249399,-0.0913297116336885
307,"long_v3_CCD0.0.25",1.8899256064528,-0.0360043923227991,0.0945109975119965,0.0306226630471042,0.00342122188238184,-0.111366581768849
308,"long_v3_CCD0.0.25",1.88097920927935,-0.140316412095102,-0.0770456962807372,0.0312483802731325,0.0234157011720113,-0.104440282445296
309,"long_v3_CCD0.0.25",1.82767569606158,-0.164397282616266,0.0118706195868848,-0.0507304948705257,0.0670701695524113,-0.0356994769774744
310,"long_v3_CCD0.0.25",1.95547966596037,-0.192489052172301,-0.00898905334536837,-0.00379815115928562,-0.00242137819102096,-0.121682867677339
311,"long_v3_CCD0.0.25",1.92018537701938,-0.188600526501794,0.0735393351381824,0.0205804569896659,0.0432058699754105,-0.0122852742632139
312,"long_v3_CCD0.0.25",1.93522604535452,-0.201700560735265,-0.0666664253419344,-0.0466092822686293,0.0507215581388347,-0.127666579979059
313,"long_v3_CCD0.0.25",1.92339380287938,-0.130312406185953,-0.0118009293257156,0.035528043518308,-0.00407583141352002,-0.0458002220050399
314,"long_v3_CCD0.0.25",1.75073134035364,-0.108707668192268,-0.0321122709724131,0.019552669415355,-0.00311262722563981,-0.07136319515834
315,"long_v3_CCD0.0.25",2.0023803001288,-0.197409931317064,0.0142168837981409,0.0073351600718175,0.0253076282066124,-0.106049944749185
316,"long_v3_CCD0.0.25",1.81902607787207,-0.134550726483632,0.0109074592590359,-0.0418257682405941,0.0273679405268048,-0.093929003792965
317,"long_v3_CCD0.0.25",1.93765453556965,-0.18936077371448,0.0046263267092782,0.00242238516561265,0.04973661976914,-0.00929522516066293
318,"long_v3_CCD0.0.25",1.90701414425369,-0.190363653254409,-0.0143287386549106,0.053334768772395,-0.00753842836985957,-0.128338660229798
319,"long_v3_CCD0.0.25",2.0249665622458,-0.306869264564573,0.0338006371803072,0.015407927030673,0.0578618301974681,-0.122695198533426
320,"long_v3_CCD0.0.25",1.91489200825274,-0.187615105368371,-0.0102825959227558,0.0606354592137809,0.00592519278788413,-0.083270447489208
321,"long_v3_CCD0.0.25",1.78143889939579,-0.144394281390366,0.0908311744970735,-0.000973667438092657,0.134071508708343,-0.0950873216310892
322,"long_v3_CCD0.0.25",1.88376005464024,-0.0366051063882036,0.0524482772521221,-0.0115635221735732,-0.0147688244508674,-0.0318602604408765
323,"long_v3_CCD0.0.25",1.98877930982024,-0.126063202781004,0.0316161082319098,-0.014196803094657,0.0096674148262824,-0.131221372006142
324,"long_v3_CCD0.0.25",1.89084909825429,-0.187346602203568,-0.0836031260621846,-0.0161318223204929,0.0439573540859813,-0.0435788220926023
325,"long_v3_CCD0.0.25",2.00411566388259,-0.113782812974999,0.137700922766129,0.0839082110074909,0.00715437484936357,-0.100485366935828
326,"long_v3_CCD0.0.25",1.77054000625046,-0.155824596577488,-0.0514807712290715,-0.00752707157824562,0.0378452402404419,-0.0676234094560987
327,"long_v3_CCD0.0.25",1.91750544744042,-0.237233527026413,-0.0433820306677092,-0.0346166812579529,0.0696784690943676,-0.0609029419005409
328,"long_v3_CCD0.0.25",2.03669779581759,-0.160073268514141,0.00074291708230422,0.00732369606567896,0.00245889854298013,-0.134946750792361
329,"long_v3_CCD0.0.25",1.81134429149923,-0.159380193708296,-0.0580424748692233,-0.0191858778942893,-0.00862051331445282,-0.0790057895461291
330,"long_v3_CCD0.0.25",2.03285604340429,-0.11606246043495,-0.0509741062385943,0.00386827507947846,-0.0498015509659885,-0.0951578034215461
331,"long_v3_CCD0.0.25",1.85361909203077,-0.0544374470571907,0.0489923474362167,0.00412004948219032,0.0161159900725289,-0.0835814928385767
332,"long_v3_CCD0.0.25",1.84655295378754,-0.212775386133053,-0.0477450388369827,-0.023970358834702,0.00112853956807411,-0.00482599376868067
333,"long_v3_CCD0.0.25",2.15293055153534,0.0118536003582347,0.00962290559384231,-0.0568199817278355,-0.0423662260602176,-0.0708145165900532
334,"long_v3_CCD0.0.25",2.00695455895545,-0.11468200671815,-0.026554916214037,-0.00887990312909904,-0.00811999400983307,-0.0507672873627178
335,"long_v3_CCD0.0.25",1.76863604898021,-0.0829763354544369,0.00706450077532481,-0.00583646246176895,0.0255982459788901,-0.0246226295134324
336,"long_v3_CCD0.0.25",1.91406898028241,-0.123302808676361,0.0429819678717595,0.0163508965557107,0.0609526163054116,-0.0673300877944377
337,"long_v3_CCD0.0.25",2.09005515309501,-0.136563573627835,0.0896416121267156,0.0553607858320543,0.0616491427496601,-0.125392213836347
338,"long_v3_CCD0.0.25",1.8757440378969,-0.00509213613214156,0.0524432100525589,0.00631330465360176,-0.0118918543266339,-0.0425965870208944
339,"long_v3_CCD0.0.25",1.9356239868927,-0.186691007468695,0.0184132217420508,0.0233266516348835,0.0208832365139544,-0.0952784860282203
340,"long_v3_CCD0.0.25",1.93595687688711,-0.202134375058457,0.000181320386487212,0.0576615130500103,0.0439809979615984,-0.0158585997261274
341,"long_v3_CCD0.0.25",1.92439921207039,-0.12547496607679,-0.0334731359076861,0.0262580909837423,0.029952068156084,-0.0721117507943665
342,"long_v3_CCD0.0.25",1.99297127377072,-0.186805070279749,-0.113851197519852,0.0210770795073371,0.0765869593837931,-0.150113687747153
343,"long_v3_CCD0.0.25",1.94104444826294,-0.148750783729263,-0.175070504136336,-0.0166851231480401,0.0128229820321081,-0.00409468244254828
344,"long_v3_CCD0.0.25",2.04423426538069,-0.205396981261091,0.0330553866824105,-0.0705968252685659,-0.0609128572405715,-0.127735959796407
345,"long_v3_CCD0.0.25",2.06077485233895,-0.122406006337298,-0.0546370178196883,0.0177546442194404,-0.00689967093030881,-0.118400532577009
346,"long_v3_CCD0.0.25",2.01460105922709,-0.0464575284914756,0.0702674375580287,0.085618565092323,0.0889522501500906,-0.0976201307177967
347,"long_v3_CCD0.0.25",1.85784610424894,-0.120967759985281,0.0989892086197513,0.016358790197845,0.0492937025218324,-0.0479586192126647
348,"long_v3_CCD0.0.25",1.88901654411588,-0.0861433868723618,-0.0234655036460542,-0.0295850355596115,0.0509182532337589,-0.0841209271219775
349,"long_v3_CCD0.0.25",2.03900072453007,-0.0780140785211656,0.0242808022893233,-0.0250888015955257,0.0482543711035564,-0.12105876909686
350,"long_v3_CCD0.0.25",1.91881511743918,-0.195740823801794,-0.0302917650970417,-0.0243653489711335,0.0516697543296968,-0.0502746612195305
351,"long_v3_CCD0.0.25",1.98203953043296,-0.119409387786216,-0.0102463781812006,-0.0329540003014177,-0.0122957334570755,-0.0809402604843798
352,"long_v3_CCD0.0.25",1.81700234675118,-0.200115908612083,-0.0348025137522694,-0.0100564598209452,0.0280413790920367,-0.101685035709069
353,"long_v3_CCD0.0.25",1.84791692926635,-0.103278347455641,-0.0312398555525072,0.00747493177575608,-0.000195299238133696,-0.0984016867912924
354,"long_v3_CCD0.0.25",1.86421411999708,-0.154219321015576,-0.00751788078693762,-0.028260526290166,0.0173767080051207,-0.0964820255352061
355,"long_v3_CCD0.0.25",1.89284114032342,-0.169254363800811,-0.0471268396711366,-0.0157237847340348,0.0400248147506039,-0.101460506041104
356,"long_v3_CCD0.0.25",1.93036681609932,-0.306022763515534,-0.0924554394610279,0.0346495562222135,0.0112292230554588,-0.0564710655038238
357,"long_v3_CCD0.0.25",1.95296538231538,-0.12613569610163,-0.00414119446679252,-0.0102086053294108,0.0015248912793885,-0.0678577184252128
358,"long_v3_CCD0.0.25",1.83506596833925,-0.0323047405110918,0.0636109888949942,0.00193781327149808,-0.0323356930033872,-0.0349796610111208
359,"long_v3_CCD0.0.25",1.90294461878079,-0.168287826723122,-0.133329702311572,-0.0842180563104467,0.107297751783119,-0.0424200284641776
360,"long_v3_CCD0.0.25",1.96067910283186,-0.17214178287678,0.0545908327131207,0.0312857932265197,0.00154206884295587,-0.18072989689931
361,"long_v3_CCD0.0.25",1.99508371252267,-0.24502999335634,-0.100445706916102,0.0957860214459244,-0.0391034563783376,-0.143710372156139
362,"long_v3_CCD0.0.25",1.99097331624123,-0.0746978706463766,0.0849686584335887,-0.0171416258023029,0.0229301059968503,-0.142090008764917
363,"long_v3_CCD0.0.25",2.05977684817311,-0.0328605980092227,0.00492073695561501,0.0503149421970724,-0.0246138973023504,-0.117337143618987
364,"long_v3_CCD0.0.25",1.81689281016234,-0.118750894989164,-0.0169943407134331,0.0521108764087155,0.0204185336191295,-0.0189491490958037
365,"long_v3_CCD0.0.25",2.07702433118459,-0.0874757651796579,0.0715008552290768,0.0413261415029535,-0.00407417524842061,-0.109648995174457
366,"long_v3_CCD0.0.25",1.87369960991293,-0.212259947388559,0.0241403364754538,-0.00553151863833668,0.0154994397601095,-0.0766578347493495
367,"long_v3_CCD0.0.25",2.06013761205693,-0.155805648082203,-0.00613064890144175,-0.0449837217146406,-0.011811740170114,-0.134750242250017
368,"long_v3_CCD0.0.25",1.95000113240162,-0.168274646971034,-0.0494823360726804,0.0466965312502914,-0.0112940215243023,-0.0586543870625632
369,"long_v3_CCD0.0.25",1.90532079501344,-0.189217119945538,-0.0607458667900493,0.0278559406879174,0.116409537622185,-0.0555602865451412
370,"long_v3_CCD0.0.25",1.89957149491222,-0.0669527300046083,-0.0140622450190607,0.0121527744739783,-0.0185058210504563,-0.0926859424082538
371,"long_v3_CCD0.0.25",2.10284525369084,-0.0954837055629925,0.0156243487049776,0.0230602449389393,0.00337345067452789,-0.107552756153994
372,"long_v3_CCD0.0.25",1.97952589874989,-0.0507395245156248,0.0645696522466144,0.0367948163167426,0.0181470863235412,-0.132816626999636
373,"long_v3_CCD0.0.25",1.88626078841474,-0.0732737134757054,-0.0123652721408872,-0.0150286238603172,-0.0353751212545237,-0.170577237319651
374,"long_v3_CCD0.0.25",1.91772532530546,-0.188997544478448,-0.0221585137200661,-0.0115905733447488,0.0919123321529607,-0.124119999865936
375,"long_v3_CCD0.0.25",1.88835776621891,-0.156942543430749,0.0148105811793771,-0.0136525876754963,0.00623494909973887,-0.117650577482281
376,"long_v3_CCD0.0.25",1.82566745447181,-0.128108973141991,-0.0319586048168453,-0.00637178789309968,-0.00415484843035051,-0.103955685433328
377,"long_v3_CCD0.0.25",1.9096265504853,-0.160212854426199,0.0935962469842297,0.0297745812623514,0.0115662511545749,-0.0884506504148066
378,"long_v3_CCD0.0.25",1.95927774071211,-0.0675309864606327,-0.0361793408421676,0.0359725107185075,0.0330332722470876,-0.0514561084999694
379,"long_v3_CCD0.0.25",2.0276095305218,-0.0972919971159115,0.000312789080012288,0.0635836831383678,0.0621674497432237,-0.0928720069975824
380,"long_v3_CCD0.0.25",1.86886314745919,-0.135947344699206,-0.0335626697806142,0.01178097371525,0.0346030200551971,-0.0803307917689862
381,"long_v3_CCD0.0.25",1.86954524499351,-0.102600434214634,0.0473788497629694,-0.00466604295995922,0.0512066839743752,-0.0802057465654874
382,"long_v3_CCD0.0.25",1.94868570575786,-0.151857716347788,-0.0966821327693137,-0.0628121492553447,-0.0102560377084831,-0.0918198474363411
383,"long_v3_CCD0.0.25",1.97431784903637,-0.189725342873386,-0.0271231822228277,0.0474475270164537,0.0141419664757614,-0.0681756560557625
384,"long_v3_CCD0.0.25",1.76831199294934,-0.221291754340604,-0.08378232500904,0.000663823248770797,0.00788906398313422,0.00337232250281226
385,"long_v3_CCD0.0.25",1.80157633182245,-0.149731695887821,-0.0588103944480983,-0.00119566028289396,0.00363760597657311,-0.0345591091996098
386,"long_v3_CCD0.0.25",1.9023456196006,-0.215786494435482,-0.0385228744545022,0.0200912095777012,0.00417502750594442,-0.108123024526654
387,"long_v3_CCD0.0.25",1.96303435005723,-0.172239030464207,0.0415289105913577,0.0235233127251753,0.00466275085928349,-0.137745518700461
388,"long_v3_CCD0.0.25",1.97591599291576,-0.0297136263503325,0.0606378160338953,0.0686349652692139,-0.0482326200780384,-0.184445661201165
389,"long_v3_CCD0.0.25",1.76522020584683,-0.135299863207654,0.046698793783861,-0.0221055388087804,0.0593708838513155,0.0338718954338986
390,"long_v3_CCD0.0.25",1.93110473734395,-0.166921705451913,-0.048610963744504,0.0143960104506867,0.03385639442319,-0.0642584635868955
391,"long_v3_CCD0.0.25",1.87980611189371,-0.182325728752144,-0.0398481122861338,0.0177389675104976,0.0566620609387595,-0.063579425550354
392,"long_v3_CCD0.0.25",1.99998721402824,-0.152864398773703,-0.0402878151869394,-0.00117258975920598,0.0188602179842788,-0.0854323668503954
393,"long_v3_CCD0.0.25",1.79480342552085,-0.19398360024304,-0.0143744366406225,0.0141944544870463,-0.0207257305338762,-0.0918833475481515
394,"long_v3_CCD0.0.25",1.88483487881467,-0.142245443585794,-0.10982211838265,0.0608449545756183,0.119318394847424,-0.0307328000806225
395,"long_v3_CCD0.0.25",1.75625697175151,-0.177689631815428,-0.0590011243857509,-0.0260184803552962,0.10829173314027,-0.0561361427765533
396,"long_v3_CCD0.0.25",1.94336129529801,-0.0775796137509111,0.0646715277993159,0.016124214968306,-0.0309198498907462,-0.124478788010179
397,"long_v3_CCD0.0.25",1.91526368742131,-0.132033804512976,0.027412298864595,0.012189009979689,-0.0303825413490739,-0.0864811796653023
398,"long_v3_CCD0.0.25",1.88174256232173,-0.0332605218039934,-0.0116739469413057,-0.00791910481275287,0.0765849414694271,-0.125630311712489
399,"long_v3_CCD0.0.25",2.11418166451667,-0.214489717912987,-0.166898558017349,0.0269870213336093,0.0466357437304625,-0.0163485506315357
400,"long_v3_CCD0.0.25",2.05778003132114,-0.115878233359254,0.030858744284654,0.122312443977183,0.0121709212645232,-0.0954711976589636
401,"long_v3_CCD0.0.25",1.90603466288302,-0.148331688934965,0.00824810961309115,0.0100966706860897,0.0324440303078584,-0.0756314678778351
402,"long_v3_CCD0.0.25",1.98406029365629,-0.177421850358663,-0.00269591462020068,0.00481612791405598,-0.0244858193150191,-0.0936944770073869
403,"long_v3_CCD0.0.25",2.05544433000283,-0.128269340807003,-0.00616313236649426,-0.0365268613983117,0.0106969225051744,-0.0423795146251922
404,"long_v3_CCD0.0.25",2.05408560587395,0.0131161491826555,0.101499886852306,0.00103147474159322,-0.0147947235231648,-0.1079344800221
405,"long_v3_CCD0.0.25",1.89872809234573,-0.19784635890208,0.0564630143315661,0.0600577961745886,0.0373870405645948,-0.146890524352456
406,"long_v3_CCD0.0.25",1.90869943337372,-0.109143875524413,0.0254376957323245,0.0264261521813734,0.00661702210275429,-0.134608749474997
407,"long_v3_CCD0.0.25",1.88292625487671,-0.0521566595926417,-8.40871038806437e-05,-0.0083273466030908,0.0117744652276146,-0.0766157086463866
408,"long_v3_CCD0.0.25",1.93408513237094,-0.157666520281819,0.0686970292381005,0.0013030894149269,0.0655746690819029,-0.111305362358308
409,"long_v3_CCD0.0.25",1.84264553578502,-0.210695060119856,-0.00102030901548876,0.0525382219158967,0.0678525807043156,-0.0831982602577577
410,"long_v3_CCD0.0.25",1.90767612960804,-0.124382428588562,-0.0129625332924505,0.0181911230225335,0.00663168647617379,-0.0368763703514542
411,"long_v3_CCD0.0.25",1.94679691942902,-0.26086114794702,-0.0473783938704252,0.00578288893130064,0.021638612942135,-0.122841093695717
412,"long_v3_CCD0.0.25",1.9251420722421,-0.0899185259903094,-0.0344896429978854,0.0282288369256675,0.000606699012048052,-0.153088478570172
413,"long_v3_CCD0.0.25",1.83381458846347,-0.0729281128564995,0.0743881101706476,0.00810772701770237,-0.0237837547717483,-0.0500519879562872
414,"long_v3_CCD0.0.25",2.01509957193862,-0.135727822783368,0.0500723540745119,0.0276271328786182,0.048025255437749,-0.0987121552644128
415,"long_v3_CCD0.0.25",1.96066448799432,-0.066621422419618,0.0132585805431821,-0.00488719087337466,0.0377618950817318,-0.0807411564647982
416,"long_v3_CCD0.0.25",1.92116136422259,-0.086803042579612,-0.0287619040038694,0.0123791183855062,0.0479997661798021,-0.083866670172032
417,"long_v3_CCD0.0.25",2.03495367208552,-0.171343855668833,-0.0273284629400931,0.00570494752983313,0.0495945291971134,-0.108961750193848
418,"long_v3_CCD0.0.25",2.06676488349569,-0.0688779157628212,0.0281863201925061,0.0590383347945413,0.0370933202134666,-0.0926205428624993
419,"long_v3_CCD0.0.25",1.68718162356405,-0.0862831818889075,-0.0389076576552345,0.0295035203695919,0.0454689685959946,-0.0334246768055744
420,"long_v3_CCD0.0.25",1.82786098583921,-0.176148974686968,-0.0046943067819257,-0.00784501479826472,-0.0054141794090421,-0.0540696397239803
421,"long_v3_CCD0.0.25",1.93296008058937,-0.0937185123065284,-0.0270916885798392,0.0408673406661341,-0.0113574840277878,-0.0474446795689322
422,"long_v3_CCD0.0.25",1.82876832895049,-0.0176468122863889,0.0442529822036295,-0.024972844234067,0.0170993102483902,-0.0804969532147997
423,"long_v3_CCD0.0.25",1.97046286863146,-0.142288835336235,0.0405176924529993,-0.00949611237529374,0.0218591146781613,-0.11855894312911
424,"long_v3_CCD0.0.25",2.18686520490746,-0.120098402961755,0.0803734361474422,-0.000971666711702045,0.0170583288887928,-0.12496703992696
425,"long_v3_CCD0.0.25",1.86352555830344,-0.107368673770757,-0.0442707693955683,-0.0144373682612491,0.0125594326671765,-0.0426844935241784
426,"long_v3_CCD0.0.25",2.02643067922286,-0.122448411539848,-0.0367372475691691,0.0225693049252468,-0.0387622054547941,-0.100355201324243
427,"long_v3_CCD0.0.25",1.84030881825789,-0.087259943531625,-0.0355272992737733,0.0354757704741201,-0.0317402503643549,-0.0526725302202483
428,"long_v3_CCD0.0.25",1.91285969168536,-0.174901217494498,-0.00772050432694325,-0.0119564218197677,0.0347342512749899,-0.117394021260946
429,"long_v3_CCD0.0.25",1.86641589477212,-0.15317852702287,-0.0052382212470621,0.00687711908494788,0.0221258149102069,-0.172922194237314
430,"long_v3_CCD0.0.25",1.80389024494263,-0.360883893682409,-0.0633265716521821,0.0250327624486852,0.0358711422226705,-0.0917844414007488
431,"long_v3_CCD0.0.25",2.12152429269572,-0.198923878146571,0.0510027856304456,-0.0318554573071124,0.0728156525513707,-0.0750064225670915
432,"long_v3_CCD0.0.25",1.97334951007339,-0.19687147893633,0.00175863139185897,0.0701787116369406,0.039739711065642,-0.0651163253134434
433,"long_v3_CCD0.0.25",2.00392736228195,-0.145744042928378,0.0568783607454858,0.0174066428875302,-0.0228271825057852,-0.0677888692334794
434,"long_v3_CCD0.0.25",2.02891059414679,-0.235407732133109,-0.0926929150873411,0.00140982704055901,0.0855784427400332,-0.121629765185698
435,"long_v3_CCD0.0.25",1.8224444451014,-0.158621696866118,0.0437904356797883,-0.0517620924402131,0.0971448457240243,-0.131335997059096
436,"long_v3_CCD0.0.25",1.7994310830271,-0.111772352815713,0.207041954247557,0.0543421930939587,0.0323346658382348,-0.0662244504503589
437,"long_v3_CCD0.0.25",2.01645198535183,-0.246256519986873,-0.0779001130725293,-0.00147738694655077,0.0246564772600769,-0.136117191748637
438,"long_v3_CCD0.0.25",2.18433496808468,-0.046845495826257,0.0785181742393172,-0.00408039691145151,0.072596236956863,-0.135762651077895
439,"long_v3_CCD0.0.25",2.02231095826891,-0.0994056738301979,-0.0267084736955309,0.00191410340594952,-0.0210289399992952,-0.0680319299856969
440,"long_v3_CCD0.0.25",2.01516797548436,0.0580982539639458,0.0406884643054747,0.0103151995445404,0.00235446262558276,-0.0921199219359774
441,"long_v3_CCD0.0.25",1.84245758229515,-0.0443712669506087,0.054746442491941,0.0263201006014182,-0.0228869848062438,-0.125257270298734
442,"long_v3_CCD0.0.25",1.95363365398197,-0.177082136544619,-0.00689203910319145,0.0390656207584497,0.115020221038579,-0.111592212694649
443,"long_v3_CCD0.0.25",2.01560011377945,-0.214761556750415,0.00412706474789545,-0.0167237705742417,0.0828931615338789,-0.0989080273355362
444,"long_v3_CCD0.0.25",1.9569857681488,-0.0468481283094185,0.118840034651963,-0.00855092487881011,0.0145226861357069,-0.0224039845374262
445,"long_v3_CCD0.0.25",2.0939221261034,-0.138166109134703,-0.0439415419122165,0.000246968487069078,0.0647376554890311,-0.0870192580676646
446,"long_v3_CCD0.0.25",1.94095834880767,-0.221470594522933,0.0166985944317261,-0.0226568806362279,0.0562903711611761,-0.100081962936051
447,"long_v3_CCD0.0.25",1.99554990625173,-0.283936626437836,-0.0314394767821412,0.0240790739497783,0.0297924465937204,-0.0886288139142419
448,"long_v3_CCD0.0.25",1.97553632505987,-0.0431611447311916,0.0673029738392673,-0.0400121039011268,0.00110200580937235,-0.0894189873162678
449,"long_v3_CCD0.0.25",2.03317333000177,-0.0902450756425099,0.0336433731360389,-0.01793603560815,-0.0468280588124219,-0.17182637171218
450,"long_v3_CCD0.0.25",1.98165754055135,-0.146067055339003,-0.0155524494453216,-0.00552345180302394,0.0453931741596832,-0.13886352486624
451,"long_v3_CCD0.0.25",2.00617313947445,-0.205680995423249,-0.0349988867405506,0.0173983000340239,0.0662515185682983,-0.0778956281871944
452,"long_v3_CCD0.0.25",1.91487093366118,-0.136699108692159,-0.0627624253409,0.035182602982441,0.0778891070316949,-0.125263973950683
453,"long_v3_CCD0.0.25",1.98355925831247,-0.217732846572814,-0.00985085378769302,0.0493720006394197,0.0136443916585578,-0.0793603482818869
454,"long_v3_CCD0.0.25",1.99108630296605,-0.114320369083275,-0.0374361812343704,-0.0331914821585052,0.0390857059231723,-0.103966139253247
455,"long_v3_CCD0.0.25",1.97926568158589,-0.0564462132336818,0.0143005748389775,-0.00592642617171158,0.0221143517529559,-0.0634358499201284
456,"long_v3_CCD0.0.25",1.82330914514829,-0.194484497816084,-0.0753379788730957,-0.00616576317624006,0.0111208221640461,-0.101881681988834
457,"long_v3_CCD0.0.25",1.8495971646125,-0.0966574829567742,0.059601566836315,-0.0248072215522714,0.0433374415160549,-0.079139603084482
458,"long_v3_CCD0.0.25",2.02901740771972,-0.188310508405054,-0.0155528695374856,0.0158613268590193,0.048466550822433,-0.0660571926794819
459,"long_v3_CCD0.0.25",1.92244082723833,-0.0804368499290123,-0.0638018447591189,0.0157448135632703,-0.00891670891056738,-0.0832701132393351
460,"long_v3_CCD0.0.25",1.98356213080016,-0.080889483669314,0.020707217876876,0.0596903458579947,0.00983968407800759,-0.0823106680152539
461,"long_v3_CCD0.0.25",2.00356325391727,-0.207807695936215,-0.0334810837552988,0.0177110662380529,-0.00770700791067759,-0.123165670540447
462,"long_v3_CCD0.0.25",1.73535829670375,-0.0440589443276014,0.0181751569662892,-0.0116082808173369,0.00265250788454975,0.00242524931016047
463,"long_v3_CCD0.0.25",1.96478359852546,-0.183211475577017,-0.0401180012571066,0.0188767046958569,0.0364705424682541,-0.0821962789136311
464,"long_v3_CCD0.0.25",2.165408094388,-0.00237173049892889,-0.00562485475992656,0.0577709747662628,0.0182734907631674,-0.0979233197931912
465,"long_v3_CCD0.0.25",1.82355197860464,-0.137135961518328,0.0567106396411709,0.0374668845930404,0.0741099923492713,-0.0867256099945679
466,"long_v3_CCD0.0.25",1.90814599376562,-0.121815003626335,0.012718905095524,0.0380448996437344,0.0259782317157743,-0.151525360647142
467,"long_v3_CCD0.0.25",1.94640481270425,-0.318638289540795,-0.0716882530229731,0.048175857940843,0.0787279187973955,-0.136844884212222
468,"long_v3_CCD0.0.25",1.92631046389049,-0.188549376179665,0.0163248613543743,0.0167214346959238,0.0494388713082487,-0.112776374479811
469,"long_v3_CCD0.0.25",1.95446686346265,-0.121117604559393,-0.0321646142420309,0.0104546422391887,-0.00276036886958821,-0.0880527293829602
470,"long_v3_CCD0.0.25",1.86551276815486,-0.138083165666638,-0.0885663403674925,0.00757179528376246,-0.00949415378293243,-0.0950070405637395
471,"long_v3_CCD0.0.25",1.89948233179371,-0.0196050672537235,-0.173661630337554,0.0116467364472947,0.0381220417748193,-0.0389743076817051
472,"long_v3_CCD0.0.25",1.91100455859787,-0.179709529373582,0.0631397361429786,0.0333226886707157,0.070584984199854,-0.110991291136617
473,"long_v3_CCD0.0.25",1.96230597307929,-0.188199964086145,0.0149605090708697,0.0474556339461872,0.0328276159627343,-0.157331556177612
474,"long_v3_CCD0.0.25",2.06023677019189,-0.160553573037429,-0.0375388795274633,-0.0449918631570542,0.0828994613629626,-0.0940925810767374
475,"long_v3_CCD0.0.25",2.09571977889445,-0.179670256232925,-0.00736701918310693,0.0476442780099607,0.0361621564469493,-0.110067368542291
476,"long_v3_CCD0.0.25",1.9011695268185,-0.071545935895841,-0.0434457786082191,-0.0187558970083764,-0.0117751782452486,-0.121743307304316
477,"long_v3_CCD0.0.25",2.02243444980259,-0.115637480859466,0.00868890290879684,-0.0230992735059286,-0.0273435379238619,-0.0922055443948941
478,"long_v3_CCD0.0.25",2.00103224969719,-0.138042460688228,-0.0528811288593824,-0.0517253347416869,0.0333773392983293,-0.0752263271992729
479,"long_v3_CCD0.0.25",2.01188899942898,-0.133963910885578,0.108346543104584,0.04652566109986,0.0228698550074327,-0.0953016679707932
480,"long_v3_CCD0.0.25",2.12119917048906,-0.0630926000069494,0.0612067623081596,-0.0167390250071729,0.0152942070438405,-0.0694215105171456
481,"long_v3_CCD0.0.25",1.8937387773685,-0.170106943138885,-0.0815200801337682,-0.00462402207875784,-0.0092023860583231,-0.0585013792226098
482,"long_v3_CCD0.0.25",2.0249816633133,-0.143665826626629,-0.0641063227947363,-0.0207951352294877,-0.0129250126769704,-0.0800765595262167
483,"long_v3_CCD0.0.25",1.93633954000266,-0.094367646459099,0.125242177935906,0.00164272327187111,0.0226678266205722,-0.10122078439281
484,"long_v3_CCD0.0.25",1.94343708079528,-0.0779437063284538,0.0249086224169102,0.0322417855430018,0.0300773309437654,-0.114141004919526
485,"long_v3_CCD0.0.25",1.89142655035484,-0.162235790338127,0.0410335925614729,0.0283293584665316,0.0544852404483184,-0.11935241023111
486,"long_v3_CCD0.0.25",1.79618940344738,-0.210341598435012,-0.0482619518838294,-0.0460916236449652,0.00239258539462437,-0.0822141455493265
487,"long_v3_CCD0.0.25",1.97878122071541,-0.171795342531588,-0.0631119809452587,-0.0121280886774436,-0.0203081897415222,-0.0882112589948352
488,"long_v3_CCD0.0.25",1.70772227202575,-0.117724848798201,-0.0100268596051628,-0.0891630161763453,0.0868679690092171,-0.105819744338196
489,"long_v3_CCD0.0.25",1.99660322873224,-0.153925203742443,-0.0197466090270133,0.0270407304454979,0.036252720537313,-0.105043260771963
490,"long_v3_CCD0.0.25",1.98147503638921,-0.0922240004351585,-0.0212938405275685,0.039924807559622,0.0252060813964349,-0.147912099525659
491,"long_v3_CCD0.0.25",1.88744661329941,-0.197099408519119,-0.00283372660633547,0.0255502390997212,-0.0125327059056828,-0.131885988865303
492,"long_v3_CCD0.0.25",1.98409314419174,-0.277565055737833,-0.0395286073172352,0.0505524429173134,-0.01862946324139,-0.160658909838636
493,"long_v3_CCD0.0.25",2.01731149113636,-0.117168397421003,0.00494622764506238,0.0291737561512932,0.0900792355381727,-0.147471095726762
494,"long_v3_CCD0.0.25",1.90202031253485,-0.158465968833282,-0.0346338393360426,0.0326564277159183,-0.00525211434600644,-0.14853172943348
495,"long_v3_CCD0.0.25",2.11335517692222,-0.116307150511387,-0.0517477195170668,-0.0723496525729241,0.029274661789571,-0.0684344486430495
496,"long_v3_CCD0.0.25",2.06771624280056,-0.187928920873929,-0.0526133572543455,0.0115385669964597,-0.0150639260664921,-0.11609887601592
497,"long_v3_CCD0.0.25",1.94414093306094,-0.186757281799324,-0.0312372829901351,0.0190532726569651,0.0537102661014982,-0.0884325784561569
498,"long_v3_CCD0.0.25",1.75143101293745,-0.0622242343453664,0.0762812029672342,-0.0384026206858414,0.0315171549298031,-0.0630382623745046
499,"long_v3_CCD0.0.25",1.97813892746182,-0.14885732724625,0.0622013660474028,0.0424194886532433,0.0326255778112415,-0.105861690950948
500,"long_v3_CCD0.0.25",2.14286584562475,-0.130540556823084,0.0691082451793196,0.0263436793055202,0.0570714336729184,-0.0794354625820609
501,"long_v3_CCD0.0.25",1.84693080701087,-0.245469139836568,0.0399203286213051,-0.00064790352126136,0.0618161680372407,-0.0669070626698215
502,"long_v3_CCD0.0.25",1.82418308692424,-0.19973806155947,-0.136057457241656,0.00839935811701469,0.0324735168274146,-0.0462040809279992
503,"long_v3_CCD0.0.25",2.05854890141407,-0.119610112475295,-0.0185942113914727,0.0215312203625661,0.0109913937910845,-0.042013187258665
504,"long_v3_CCD0.0.25",2.12277203307363,-0.142148348238189,0.010635266833752,-0.0175475172009794,0.0133519739459306,-0.052913196597742
505,"long_v3_CCD0.0.25",1.92883792507836,-0.272630366505142,-0.0700195712041557,0.0183655537356553,0.0791054949566943,-0.082944890998557
506,"long_v3_CCD0.0.25",1.70332558152986,-0.132263242623303,0.0481317518813622,0.0053841820583949,0.0606505156225706,-0.0756390565752515
507,"long_v3_CCD0.0.25",1.88006974334808,-0.149898287460264,-0.01566633095907,-0.027714189936967,0.0107421573213321,-0.0409801935766102
508,"long_v3_CCD0.0.25",1.94648038740252,-0.0928170971988289,0.0480103644952511,0.0539105712425282,0.00607331673297425,-0.0664264039805679
509,"long_v3_CCD0.0.25",1.81843863369987,-0.0615789922448211,0.0112894021008548,-0.0139682003691102,-0.0192423527366251,-0.0944627985311648
510,"long_v3_CCD0.0.25",1.93924586803023,-0.0934604865176885,0.0043277054610206,0.0489465512186276,-0.0372879993986241,-0.0829789563166152
511,"long_v3_CCD0.0.25",1.87911327277076,-0.138987902741416,-0.0299550964749851,0.0153884104299353,-0.0258603047256883,-0.108350640418368
512,"long_v3_CCD0.0.25",1.96940015562127,-0.0819756443131159,-0.0134303494404731,0.00563457178159842,0.00545543642438191,-0.0437867145002297
513,"long_v3_CCD0.0.25",2.02432332560041,-0.13907078183562,-0.0358427825044523,-0.00949540172973723,-0.0224699401288063,-0.110432419751676
514,"long_v3_CCD0.0.25",1.99597635886737,-0.115195235514329,0.0153016499611556,0.0218226898855863,0.0418973485982804,-0.101176914339808
515,"long_v3_CCD0.0.25",1.95748947351528,-0.120132139696302,-0.00454548288054959,0.0295625555283259,-0.0239033743033681,-0.0523556653197896
516,"long_v3_CCD0.0.25",1.80453976646605,-0.144712028031139,-0.0782320732206173,-0.014127406926394,-0.015657592125795,-0.0829267770065646
517,"long_v3_CCD0.0.25",2.11654681230429,-0.160526777771043,0.0123143658288044,0.0340929210085495,-0.0724634259371568,-0.172020335666348
518,"long_v3_CCD0.0.25",2.02985791768747,-0.265832714368224,-0.000421800267284687,-0.0514993468487671,0.0499518490357048,-0.108968244659204
519,"long_v3_CCD0.0.25",1.83727853231285,-0.0588428491236263,0.0488190699850275,0.00642685148692205,0.0242905184664573,-0.0413022741153708
520,"long_v3_CCD0.0.25",2.07668089382059,-0.283251119142561,-0.0408897784998184,0.0908543857420822,0.0309486121470923,-0.129246657399068
521,"long_v3_CCD0.0.25",1.87088221331933,-0.0818948774683486,0.0587159458810035,-0.00660612841108094,-0.0603175004962225,-0.11349809780403
522,"long_v3_CCD0.0.25",1.85934695446788,-0.0552224968520696,-0.0170922074115554,-0.00400531135250797,0.0574498884449639,-0.0589973538649247
523,"long_v3_CCD0.0.25",1.93788823588391,-0.140556476823985,0.0539523550343527,0.0389832602978479,-0.00485760877715365,-0.0370050921254783
524,"long_v3_CCD0.0.25",1.90751510974881,-0.234542211951302,-0.0486291914815747,0.0571701380491523,0.0375205015755314,-0.114383877922928
525,"long_v3_CCD0.0.25",2.01544761342318,-0.0367401088726988,0.0820172764910546,0.00633499310324146,0.00720723055925881,-0.0777655011630777
526,"long_v3_CCD0.0.25",2.02591091111004,-0.188736348731815,-0.0105839053828044,-0.0470587539316707,0.0267127098885013,-0.101153374869659
527,"long_v3_CCD0.0.25",1.95004563368339,-0.168426576167692,-0.0190223140484361,-0.0494636326347263,0.00921169108486509,-0.059043650088935
528,"long_v3_CCD0.0.25",1.93445738813498,-0.161076984198391,-0.142970551814062,0.000586803330437712,0.0183131909438381,-0.0838544743802855
529,"long_v3_CCD0.0.25",1.90114735465601,-0.225975695042742,-0.0769589312487514,0.0900490222524166,0.032245200425326,-0.0710691516227901
530,"long_v3_CCD0.0.25",1.84728065207839,-0.139448212974042,0.0799935141254936,0.058664197740184,0.0494202226614212,-0.0577839158030013
531,"long_v3_CCD0.0.25",2.00858436480442,-0.25744569921897,0.0149583380776762,0.0159018267365637,0.00414173343829971,-0.127532025725123
532,"long_v3_CCD0.0.25",1.9246011488234,-0.184651244562125,0.0239799589362779,0.0553358454433399,0.0673569307349482,-0.0747707985090181
533,"long_v3_CCD0.0.25",1.95915134609886,-0.106920972300699,-0.0116478768393258,0.0171131479104372,0.0295941662311434,-0.083086124006782
534,"long_v3_CCD0.0.25",2.09471798852126,-0.166216981579631,-0.102195388066643,0.00202704963488061,0.0309703915144429,-0.0232182230728651
535,"long_v3_CCD0.0.25",2.02436348673256,-0.00743508858311147,0.00214781725068215,0.0614950517150577,-0.00981063558318265,-0.102895576587159
536,"long_v3_CCD0.0.25",2.11461580671627,-0.24356329573395,0.00104597315954452,0.10270747799615,-0.0117973743232241,-0.16965894580339
537,"long_v3_CCD0.0.25",1.84830505002499,-0.131565646934354,0.0701517155867491,0.0518257094236039,-0.0321109557571768,-0.15770196722891
538,"long_v3_CCD0.0.25",1.95298453003313,-0.178546981596479,-0.0781140992007579,-0.00777690644030166,0.0240840187658623,-0.0100742974374226
539,"long_v3_CCD0.0.25",1.9847307053883,-0.0645216422426838,0.0577623038321373,-0.00199236833490683,-0.00948771738352037,-0.0410692912201338
540,"long_v3_CCD0.0.25",2.04921952448975,-0.0529757318634604,0.0852741275422902,0.00884435818326782,-0.0172373064395157,-0.0674421583554645
541,"long_v3_CCD0.0.25",1.72683998832106,-0.153480909925067,-0.0293831179973682,-0.0939514622342872,0.0228454183233506,-0.0345263007895353
542,"long_v3_CCD0.0.25",1.7537216560123,-0.0965507603171826,-0.0394782951235181,-0.0293061916593802,0.00540700077065596,-0.0422261756876168
543,"long_v3_CCD0.0.25",1.98804581833961,-0.167819207200275,-0.0475101328827676,0.0315309054670032,0.00640481344180555,-0.126259218979827
544,"long_v3_CCD0.0.25",1.94353034475221,-0.236990040960264,-0.066907768423302,0.0155718097308991,0.0194441062473761,-0.0543605060846553
545,"long_v3_CCD0.0.25",1.99537886391201,-0.0513267701413775,0.0363029930407891,0.0936986643210819,0.00972543747821459,-0.144341086106198
546,"long_v3_CCD0.0.25",1.8735114708458,-0.207128316369071,-0.0111554750978351,0.0213950502751427,-0.019745456016823,-0.102320492728484
547,"long_v3_CCD0.0.25",1.84726486546204,-0.155108050660475,-0.0240661186259614,0.0321642834123428,0.0383178681490561,0.00559889945875858
548,"long_v3_CCD0.0.25",1.99468551634516,-0.200707968872647,-0.0868708049153513,-0.0169459860487708,0.0338830201949093,-0.0799162416088636
549,"long_v3_CCD0.0.25",2.02607643875457,-0.109084035950681,0.0774758325502098,0.0439910691786945,0.0112524774708863,-0.0899858854949458
550,"long_v3_CCD0.0.25",1.85202767880162,-0.0709220736143382,-0.025734928151192,-0.0288665205740994,0.0217519861991554,-0.0642369062830046
551,"long_v3_CCD0.0.25",2.00658651914893,-0.0886561635842791,0.0605745740349664,-0.00470311656368316,-0.0273405892364106,-0.09131228119554
552,"long_v3_CCD0.0.25",2.01304998268925,-0.146198991342087,0.0245522878171206,0.0357124540666512,0.0336141372628498,-0.132527328357011
553,"long_v3_CCD0.0.25",1.91034978015417,-0.169992711873651,-0.0733146449197229,-0.109583187059331,-0.0571943506041676,-0.0824536499354651
554,"long_v3_CCD0.0.25",1.83390631981365,-0.150307179666871,0.00523701822470116,0.0188008924460496,0.0441365435486051,-0.080935191591682
555,"long_v3_CCD0.0.25",1.7296719092975,-0.104923907991581,0.0467850517420426,0.0702043794725,0.06632761020052,-0.0171473294483464
556,"long_v3_CCD0.0.25",2.06748390788705,-0.168468919451668,0.0708510439862123,-0.0030620174121074,-0.00459779299842913,-0.142060846807369
557,"long_v3_CCD0.0.25",1.92966084045815,-0.142953383036519,0.0383510988103519,0.0383438066315902,0.0773480997120801,-0.102709388746477
558,"long_v3_CCD0.0.25",1.9761786390446,-0.0855365144455821,0.0495309973368035,-0.00384951726662395,-0.0113622458558758,-0.0805403425925392
559,"long_v3_CCD0.0.25",2.18911800029797,-0.161097933098998,0.0386340661254541,-0.0408515673509694,0.0560954533550693,-0.107483913103494
560,"long_v3_CCD0.0.25",1.96231293164146,-0.0958985920095394,-0.0258696398969255,0.0417071350485386,-0.00310548595855844,-0.040151946808217
561,"long_v3_CCD0.0.25",2.06368103463565,-0.137372233842477,-0.0482245990596254,0.0189757698351232,0.0688216900131161,-0.0907251097664235
562,"long_v3_CCD0.0.25",1.92904285653346,-0.108014681100129,0.0860218439655769,0.0545129014854105,0.0407450042696387,-0.013956834445554
563,"long_v3_CCD0.0.25",1.86366224351329,-0.115427238733875,-0.0951747976931293,0.0307989800371283,0.00877615204701857,-0.0394662388078857
564,"long_v3_CCD0.0.25",1.8923823515186,-0.123769181837141,-0.0183090254538332,-0.0204661674772315,-0.00827139534837526,-0.0908937182399355
565,"long_v3_CCD0.0.25",1.8495102486785,-0.0844777476685207,0.0339864610848919,0.0267657335030286,-0.00149211913352757,-0.1030265869622
566,"long_v3_CCD0.0.25",2.00991194474263,-0.0893423075562989,0.15525670850426,0.0435106543104457,0.0820449570813374,-0.224540253718824
567,"long_v3_CCD0.0.25",2.00363020494633,-0.0311808450730869,0.248973849015818,0.0732941116658956,-0.045660024327898,-0.111043225575572
568,"long_v3_CCD0.0.25",2.05205655860041,-0.114643127542515,0.0144947148835366,0.0725091481336129,-0.00434891922680374,-0.122743416481087
569,"long_v3_CCD0.0.25",2.02421162925715,-0.198238413940014,0.056657207251477,0.0355079761164959,0.0217019213041089,-0.0751769916004928
570,"long_v3_CCD0.0.25",2.00453586942674,-0.129175021421911,0.0113283585851751,-0.0681272601819434,0.101630777261921,-0.180658673563242
571,"long_v3_CCD0.0.25",1.79325516071794,-0.0259202153302106,0.0580838777804414,-0.00236696313271934,0.0199094259379128,-0.0115593507460168
572,"long_v3_CCD0.0.25",1.97902217298692,-0.180834254775989,-0.0324912795425258,-0.0126062658472238,0.00515894575560586,-0.0742104095992951
573,"long_v3_CCD0.0.25",1.77313892861313,-0.0767962770258438,0.143246884470802,0.0123372147069455,0.0144869285645126,-0.0455872945849985
574,"long_v3_CCD0.0.25",1.90059915578697,-0.185266772479548,0.0657895126317157,-0.0290270125503145,-0.0163223036055077,-0.0794320479971029
575,"long_v3_CCD0.0.25",1.88924601276215,-0.169193778130975,-0.0555880306626591,-0.00328057355130295,0.0178837799507242,-0.112755829265849
576,"long_v3_CCD0.0.25",1.88609977319516,-0.047973512095391,0.0517929128758244,0.0142820801174198,-0.0431913275916471,-0.10160531818472
577,"long_v3_CCD0.0.25",1.83831462385485,-0.00910706431273022,0.0377551419299465,-0.00665957139493432,0.0119200580514045,-0.00985989738489459
578,"long_v3_CCD0.0.25",1.76551098082444,-0.167952461899373,0.00397659765073862,-0.0479292808768177,0.0208255597126205,-0.0473405909117777
579,"long_v3_CCD0.0.25",1.91054424895505,-0.27241623494431,-0.0763975258066922,0.0405377620032605,0.0335963555299441,-0.0501516526679297
580,"long_v3_CCD0.0.25",1.7783433707401,-0.197715447177851,-0.0954253056604229,0.0374167747388564,0.0454929809042265,0.0294708688425125
581,"long_v3_CCD0.0.25",1.76785070767526,0.0136076814335172,0.0913244566250824,0.00150706881281017,-0.0515654769836224,-0.0696190243565888
582,"long_v3_CCD0.0.25",1.87884071465243,-0.0630142103609113,0.0900289621888644,-0.0376904956774737,0.0187625759268516,-0.128626566868955
583,"long_v3_CCD0.0.25",1.9359389464865,-0.0701076460121636,0.116082349215837,-0.00494440502488836,-0.0259994985252554,-0.0798309725442889
584,"long_v3_CCD0.0.25",1.92837520779806,-0.0850067179560676,0.132184322314561,0.000975709513257542,0.00727150224264859,-0.126747075605098
585,"long_v3_CCD0.0.25",1.93149225658908,-0.100364446221341,0.0252058552421042,-0.00511671171360849,0.0165627781138461,-0.106955286560245
586,"long_v3_CCD0.0.25",1.9818605616302,-0.206391848251596,-0.0463233689477436,-0.00778023243753399,0.0584781803791713,-0.140239987602361
587,"long_v3_CCD0.0.25",1.9478380549977,-0.286302362949366,-0.0738367691468506,0.00466854227885531,0.0533068011645793,-0.0507928449007769
588,"long_v3_CCD0.0.25",1.94507790552078,-0.0587749641690994,0.0337996331398374,0.0471719009322513,-0.0338924972413199,-0.102478347663176
589,"long_v3_CCD0.0.25",2.07194934297371,0.0379884501258524,0.0149906603314088,-0.0659884322558159,-0.00700923509035628,-0.0273474260377753
590,"long_v3_CCD0.0.25",1.76603412489566,-0.305219333350856,-0.0982691469570125,-0.0289958681598502,0.0585525350545547,-0.016875550474137
591,"long_v3_CCD0.0.25",1.85506710388721,-0.113587911198488,0.0461697667530615,0.044927982889467,0.0993937366047404,-0.0661016988897535
592,"long_v3_CCD0.0.25",1.86023868069275,-0.0616995157665847,0.0819538653153898,-0.0216396083436954,0.0514414071019706,-0.0681833418247397
593,"long_v3_CCD0.0.25",1.94731339251878,-0.155238476149142,0.0636838326852179,0.00157722710678725,0.00134207569175379,-0.0985502110395012
594,"long_v3_CCD0.0.25",1.89313795739651,-0.137176144056562,0.0142546854168817,0.0593527404270341,0.0366770524379929,-0.0417941524104541
595,"long_v3_CCD0.0.25",1.88209953395249,-0.104671372084106,0.0519506297945547,0.0339873015707337,0.0131221687361354,-0.0640130664927376
596,"long_v3_CCD0.0.25",1.85075467718959,-0.015665213174391,0.0802517889283332,0.0150621680497638,-0.00827781196534274,-0.082152217913678
597,"long_v3_CCD0.0.25",2.12170648249433,-0.139563439016358,0.0626655293953917,0.0601194633031779,0.0249782131971139,-0.0543844894277831
598,"long_v3_CCD0.0.25",1.73759212253627,-0.211138207957734,0.0579206689784019,0.0350432816912917,0.118266414595732,-0.156669861528219
599,"long_v3_CCD0.0.25",1.955995566161,-0.0183446678845267,-0.0228707076290681,0.122574827354979,0.0569864077280661,-0.0426744085737097
600,"long_v3_CCD0.0.25",1.91331271027394,-0.129317292161439,-0.014450214168318,0.0378609108561207,0.0307929452647629,-0.0712577733677555
601,"long_v3_CCD0.0.25",1.98271197519936,-0.153310227467818,-0.00441107345020491,-0.0256105991957547,0.0699602041721518,-0.105854907813695
602,"long_v3_CCD0.0.25",1.97030270390822,-0.0813457323227914,0.0197411206599607,-0.00473139995818753,-0.00211594477684783,-0.0982257118243106
603,"long_v3_CCD0.0.25",1.83917687933166,-0.0928180575374605,-0.100314938663339,0.0309081951545048,0.0367071241085281,-0.074204866699467
604,"long_v3_CCD0.0.25",1.9610150556515,-0.253031753193375,-0.105587107609091,0.0429455657327362,-0.0231777428882233,-0.111566308314413
605,"long_v3_CCD0.0.25",1.92757413893281,-0.262737417758376,-0.0677160179151049,0.00252280378279313,0.0366546347102483,-0.091339259836906
606,"long_v3_CCD0.0.25",2.21181279330108,-0.209502000691254,-0.0168506210416655,0.0360672489509232,0.097428751593821,-0.0941482809145843
607,"long_v3_CCD0.0.25",2.03381448355917,-0.196842738421771,0.00937101131487322,0.00615404679842532,0.0471660274337003,-0.154144100231897
608,"long_v3_CCD0.0.25",1.85760221994196,-0.204245637433387,0.0451127469398353,-0.0543743825009594,0.0704978293596516,-0.130515587348995
609,"long_v3_CCD0.0.25",2.03156189699781,-0.186165956931851,0.0860613510775273,0.0613044232724614,-0.0148719367813799,-0.116118197843889
610,"long_v3_CCD0.0.25",1.94560374203541,-0.174124399923756,-0.00799664052033435,0.000693953272331601,-0.0246131666388192,-0.111308450726608
611,"long_v3_CCD0.0.25",1.89546967749304,-0.0590494034324428,0.00183229905560663,-0.0348382094820672,-0.00309880940179664,-0.0858947962228144
612,"long_v3_CCD0.0.25",2.15172672494341,-0.063001859390411,0.0460200987040977,-0.0125779018782483,-0.00169599045241438,-0.171172967114184
613,"long_v3_CCD0.0.25",2.02819997561936,-0.183123410197982,-0.0349665629155933,-0.0394835555872431,0.0364578019510538,-0.127391842905357
614,"long_v3_CCD0.0.25",1.92440861374709,-0.140650530621014,-0.0205219712807918,0.0386441437249859,-0.0181242450196092,-0.114736025067804
615,"long_v3_CCD0.0.25",1.90331659396099,-0.104580852627624,-0.045605464476547,0.0145560956155335,-0.0343726199423269,-0.0939323450737601
616,"long_v3_CCD0.0.25",2.02622502746343,-0.141036685759656,-0.0750278263469973,0.00729755089547101,-0.019285413742542,-0.0818466866046137
617,"long_v3_CCD0.0.25",1.88679537905679,-0.0784198468334527,-0.0593312811652282,-0.0254012382821869,0.136622026124741,-0.0430339252394469
618,"long_v3_CCD0.0.25",2.00126282391963,-0.260880638798351,-0.0476855927353407,0.0144698579993766,0.0364674794971901,-0.138710075695176
619,"long_v3_CCD0.0.25",1.86622618288106,-0.113948527905762,-0.0607145069351455,-0.00332933393756955,-0.0298655046562743,-0.0884295638838261
620,"long_v3_CCD0.0.25",2.04498857463234,-0.183944885254041,0.0503393394286261,0.0267198736950842,0.0287766081426908,-0.126448622529026
621,"long_v3_CCD0.0.25",1.92266644230929,-0.151539789544998,-0.102568027836437,0.0330519674173257,-0.0374736245807832,-0.167992560107194
622,"long_v3_CCD0.0.25",1.96778422343877,-0.184362853386308,-0.0753185158237221,0.0538283148518546,0.069898956284434,-0.13690414522993
623,"long_v3_CCD0.0.25",1.96955578717005,-0.276125360078788,-0.0934183591990595,-0.0171093825661052,0.04317433273202,-0.144985891001404
624,"long_v3_CCD0.0.25",1.81432183528946,-0.142635262961011,-0.0451469101896465,-0.0280479940628644,0.0228930649255587,-0.0872496027929749
625,"long_v3_CCD0.0.25",1.97031280789454,-0.161786571887397,-0.0513822768684864,-0.0330610259805909,0.0470899623492718,-0.134461428067506
626,"long_v3_CCD0.0.25",1.95073281355037,-0.211499969909055,-0.0120734870776185,0.0443541535273642,0.115584216082565,-0.181647943286361
627,"long_v3_CCD0.0.25",1.89116704091718,-0.135456277089575,0.0226533091986586,-0.00933128184748765,0.0460543510008978,-0.0950969930894331
628,"long_v3_CCD0.0.25",1.9130523772946,-0.0732891732684373,0.1326077286721,0.0805586492617249,0.0441535694817536,-0.0628793650751424
629,"long_v3_CCD0.0.25",1.93804073879192,-0.150036001283818,-0.0696664959208994,0.0571430725520555,0.00608713859695356,-0.0692878064894562
630,"long_v3_CCD0.0.25",1.91237774016007,-0.221966521055538,-0.0313918121360859,0.0182882591355781,0.0540093149916406,-0.0685372758299513
631,"long_v3_CCD0.0.25",1.98786093913607,-0.0844412274197708,-0.0264988508811746,0.0372293496316357,0.0664277566598567,-0.157811370174222
632,"long_v3_CCD0.0.25",1.83237018593743,-0.0517264496773805,0.113396846053153,-0.0279712240418841,-0.0239886532990167,-0.0886233084012842
633,"long_v3_CCD0.0.25",1.97815302396583,-0.155394905126979,-0.117991518316367,0.0339772935319578,0.0266207125749883,-0.170340083910557
634,"long_v3_CCD0.0.25",1.93119223733972,0.0146707388779512,0.157899703253636,0.0178861718038853,-0.00324621886414963,-0.0946792739565917
635,"long_v3_CCD0.0.25",1.94704678167082,-0.194558093018384,-0.10374248082374,0.00396610186357551,-0.00170703294028198,-0.0595677080603354
636,"long_v3_CCD0.0.25",2.01697940121623,-0.0497809671667297,-0.0147406742561258,0.0346521107675945,0.020486506587608,-0.119580446611919
637,"long_v3_CCD0.0.25",1.73188603905229,-0.187081480543268,0.0187759710469315,0.0360373566366253,0.0257076680195903,-0.0813416381054021
638,"long_v3_CCD0.0.25",1.97495638405746,-0.0174650387587361,0.0461498286024336,0.0372464443339531,-0.0110473808056433,-0.0826717165290733
639,"long_v3_CCD0.0.25",2.01416848284154,-0.193402691924871,-0.14651862197125,-0.0337979355953966,0.00883603705894094,-0.0899934472309748
640,"long_v3_CCD0.0.25",1.96472736257475,-0.146383791314928,-0.0662466226755054,0.00763631226590434,0.0500811486399213,-0.104337298702953
641,"long_v3_CCD0.0.25",1.93037085023698,-0.162470909982021,-0.0635260759302805,0.00906398616097185,-0.00701096547635888,-0.100111668296626
642,"long_v3_CCD0.0.25",1.81938925980039,-0.181033858156135,-0.0753951308058865,-0.0232368528918744,-0.00836470957650743,-0.0793486694225599
643,"long_v3_CCD0.0.25",1.95631266732207,-0.148652600198882,-0.00547361908821161,0.0364550217071367,0.0903569050591238,-0.0750760160270041
644,"long_v3_CCD0.0.25",1.92047548851361,-0.111866225441212,0.0435713447544256,-0.0212286446578586,-0.0357849075503887,-0.0857448116634443
645,"long_v3_CCD0.0.25",1.92083467901577,-0.320128025907424,-0.0313420843512752,-0.0534288586675691,0.0583417179055618,-0.157688194782918
646,"long_v3_CCD0.0.25",1.96026264057465,-0.168682847407558,0.0286568724454711,0.036990599549018,0.0358808125032469,-0.133193740259931
647,"long_v3_CCD0.0.25",2.0272414839882,-0.0742820101289705,0.0695214426230666,0.00538598576396072,0.0917401705098705,-0.137766293217783
648,"long_v3_CCD0.0.25",2.01408203758836,-0.124011360996234,-0.0289115298833495,0.0210365776844927,0.00517961088469465,-0.0496771039029003
649,"long_v3_CCD0.0.25",2.04213298159517,-0.0369455828249589,0.067460510332098,0.0695963728625767,-0.0455808110979756,-0.151979826771537
650,"long_v3_CCD0.0.25",1.91049281433557,-0.209659172603218,-0.115657740688525,0.0367835668721181,0.0868665315852521,-0.109966060320328
651,"long_v3_CCD0.0.25",1.91659794176778,-0.138214085409338,-0.00202383724053956,0.0322693402300791,0.015550384592051,-0.106934969798278
652,"long_v3_CCD0.0.25",1.89088326303905,-0.208275434320632,-0.0186521376854989,0.0214681323499169,0.0552860477154877,-0.112154138059235
653,"long_v3_CCD0.0.25",1.7981627196734,-0.136181396148358,-0.0212083991566118,0.00500909620725205,0.0556281838147673,-0.0988761712601597
654,"long_v3_CCD0.0.25",1.78205544243653,-0.159261418969004,-0.0261867323032744,0.0277969749738753,0.0730805359325942,-0.0852264249615633
655,"long_v3_CCD0.0.25",1.92049419357966,-0.12207654785387,-0.00685838230346525,-0.0476414422664862,0.0786376534468657,-0.00373864025498157
656,"long_v3_CCD0.0.25",1.92031912049603,-0.222794377326758,-0.0342993144183837,0.0105993608532971,0.0907304644496511,-0.0104165325908026
657,"long_v3_CCD0.0.25",1.95985828841905,-0.0815400247136949,0.144005897688378,0.0385056353250201,0.0677336411207123,-0.141150429172792
658,"long_v3_CCD0.0.25",1.90294320898555,-0.141600120668393,-0.0809409265839383,0.0164623342610883,-0.0129678553355551,-0.070119967479055
659,"long_v3_CCD0.0.25",1.96213509846691,-0.0973218415813846,-0.0280569035944473,0.063637595734361,0.00073547237789133,-0.125822732678792
660,"long_v3_CCD0.0.25",1.89511855195251,-0.167147192717684,0.0100694129286162,0.0478501847068731,0.0487665657185954,-0.0536506924156102
661,"long_v3_CCD0.0.25",1.81088061523862,-0.165964628558308,0.00187638545091493,0.0328261556266147,0.0478385717296869,-0.0714985425893547
662,"long_v3_CCD0.0.25",1.77203243296112,-0.166946033117508,0.0485076389549252,0.00606898287673017,0.0890980074935986,-0.0344598500653041
663,"long_v3_CCD0.0.25",1.99181148846689,-0.150857666272995,-0.0286572923758128,0.0414840512139962,-0.02585019912158,-0.0747328519783971
664,"long_v3_CCD0.0.25",1.9380751837058,-0.0996185757454625,0.05623162262259,0.00257838340890628,0.0219833399382856,-0.0656892486286784
665,"long_v3_CCD0.0.25",2.0860059344482,-0.130906664616805,-0.032495443972355,-0.0661107939232229,0.0120883997216112,-0.0821207149010931
666,"long_v3_CCD0.0.25",2.01856652859777,-0.180970822108545,-0.0794134139399104,-0.0131240128868996,0.0408080320507608,-0.131818762553745
667,"long_v3_CCD0.0.25",1.98028596158347,-0.123262689105455,0.0528164216392516,-0.019146553073357,-0.0431408802546908,-0.108394614757695
668,"long_v3_CCD0.0.25",1.95234341478293,-0.285161345070761,-0.0267193571764095,0.00505787333575869,0.0107716409039391,-0.110204808323326
669,"long_v3_CCD0.0.25",1.73585573647673,-0.0634111773352468,-0.0334793665716893,-0.0131220706061697,-0.037853131762107,-0.0335549304111378
670,"long_v3_CCD0.0.25",1.81100190024325,-0.106458267233793,0.0732647017685823,-0.00621400591458754,-0.0629240710574574,-0.0213645265358161
671,"long_v3_CCD0.0.25",1.83739696040453,-0.223239649441006,-0.0832210991982243,0.0714875362914285,0.0927698372055807,-0.00427271588417046
672,"long_v3_CCD0.0.25",1.79822298787438,-0.0208042906902241,0.08654931701336,0.0122717822382406,0.0555367164686299,-0.0499280155358652
673,"long_v3_CCD0.0.25",2.0149256257601,-0.0839570489458979,0.0998144694756836,-0.0204472917104407,-0.0577108974050317,-0.00151919281504395
674,"long_v3_CCD0.0.25",2.04483757293923,-0.115247414564903,0.0963774639040808,-0.0329145743794399,0.0404944835412316,-0.0712155270178292
675,"long_v3_CCD0.0.25",1.94222500748154,-0.180174647806625,-0.0510204560966923,0.000475004930003058,0.0075937879374561,-0.154783126854598
676,"long_v3_CCD0.0.25",1.94408604754006,-0.0667354956118242,-0.0304682972819187,0.0456347160563438,-0.00974658070084485,-0.0869432142248911
677,"long_v3_CCD0.0.25",1.95750476216343,-0.0819443878239257,0.0624224413448646,0.00944527162622655,-0.0162111863474607,-0.0975923034249481
678,"long_v3_CCD0.0.25",1.89484299933624,-0.13651959194617,0.020660395888438,-0.0595902833302051,0.0823417753534848,-0.0344096936449656
679,"long_v3_CCD0.0.25",1.84884665566182,-0.0826580430153113,-0.00437549928598858,-0.0564257045875833,0.022227191682983,-0.103560098263272
680,"long_v3_CCD0.0.25",2.08666255795562,-0.158199775795184,-0.0552353380906496,0.000779619343511127,-0.0271993723027187,-0.124081600781105
681,"long_v3_CCD0.0.25",1.87763794338702,-0.233950007677452,-0.0288201630029002,0.0581275066978813,0.0149770485512413,-0.16566617516986
682,"long_v3_CCD0.0.25",1.97383770083158,-0.11643172994934,-0.0136742868280818,-0.0171010816225592,0.0505642825956944,-0.149599560569683
683,"long_v3_CCD0.0.25",1.86820228812625,-0.201380041267793,-0.00732571489614646,0.0259449119379024,0.0885141850134158,-0.117981381370745
684,"long_v3_CCD0.0.25",1.94005702801581,-0.102298662239464,0.0561319917231049,-0.00473728552981519,0.0198774999922437,-0.0543217874475018
685,"long_v3_CCD0.0.25",2.05635242639021,-0.106960634985212,0.0815088404591877,-0.0636196227967555,0.0887366368367667,-0.0355699074850941
686,"long_v3_CCD0.0.25",1.84365162321704,-0.191414268042808,-0.0301671856689117,0.0209518052116418,0.116305042205399,-0.068292789130405
687,"long_v3_CCD0.0.25",1.7390932548866,-0.13860166370116,-0.0526609999932713,-0.0254827083512978,0.0741677493898196,-0.0897482451771005
688,"long_v3_CCD0.0.25",1.88249370283523,-0.103046424947488,-0.00770728886850368,0.00100574728095275,0.0307815843149436,-0.0209823981673532
689,"long_v3_CCD0.0.25",1.94200791671576,-0.104322731143945,0.0613419588546905,0.0355807877536038,0.00160950839627405,-0.100643859789467
690,"long_v3_CCD0.0.25",1.94424736372055,-0.206146772200741,-0.0405833406875928,0.0206392008092193,0.0511341055049255,-0.0756209536108515
691,"long_v3_CCD0.0.25",2.11272212951409,-0.20686331830263,0.0825534971042094,-0.0108100215420189,-0.0462390641975162,-0.107192201387771
692,"long_v3_CCD0.0.25",1.98175289842198,-0.0620231920613704,0.0334277344586896,0.012187338291158,0.0222004043358757,-0.100673840460024
693,"long_v3_CCD0.0.25",1.8968299925002,-0.148489124422985,0.0225380825067634,-0.0126822939312125,-0.0179535486151188,-0.131579326240913
694,"long_v3_CCD0.0.25",1.87447795610039,-0.197796072484079,-0.000488922861607718,0.0284479990280082,-0.00719471214846091,-0.0298294089260052
695,"long_v3_CCD0.0.25",1.89453428296073,-0.173690846516015,0.0479147039434731,0.0455148087169824,0.0186495682470642,-0.15701490197244
696,"long_v3_CCD0.0.25",1.82535513849134,-0.0976291379691707,0.0432495763699581,-0.02140612177169,-0.0164911678094961,-0.0146958903466705
697,"long_v3_CCD0.0.25",2.04893146013723,-0.200224473987403,-0.00443754453329783,-0.037852475534047,-0.0300974850624776,-0.138624596277489
698,"long_v3_CCD0.0.25",2.0947150858491,-0.166723764280722,0.0335495935520912,0.101909788234523,-0.0588729970469017,-0.179853450968046
699,"long_v3_CCD0.0.25",1.9639082704882,-0.158716108189918,-0.00573684409311058,-0.00645051514199354,-0.0331869377086057,-0.135929175743539
700,"long_v3_CCD0.0.25",1.9044913124516,-0.117246004758028,-0.121309829859155,0.00315758754867496,0.0412523072241847,-0.0511736996521895
701,"long_v3_CCD0.0.25",1.93014257189326,-0.239127068839212,-0.0497064016758662,0.00413664215001252,0.0238751536159037,-0.128158421965987
702,"long_v3_CCD0.0.25",2.00364372696525,-0.0517315793046099,-0.180561006694701,0.0546887530855322,0.0220563655920277,-0.148671386993009
703,"long_v3_CCD0.0.25",1.96956608385152,-0.0619173087037036,0.10577552275595,0.0856700395482471,-0.0130166285871466,-0.0647922201628248
704,"long_v3_CCD0.0.25",1.9404525577213,-0.103789959753562,0.0489800032548179,-0.0773091996972938,0.0128436848706537,-0.0558592692218391
705,"long_v3_CCD0.0.25",1.99954240193535,-0.200441662329559,-0.073305081019066,-0.0240782729746408,0.0153290118918216,-0.159106964816729
706,"long_v3_CCD0.0.25",2.0391971211064,-0.101508479102043,0.0368750049238208,0.0185688196465497,0.00430853621659421,-0.146633585430244
707,"long_v3_CCD0.0.25",2.03743488007133,-0.140718423683164,0.0610603562062597,-0.000530050727834963,0.0512574139614001,-0.0945932333305528
708,"long_v3_CCD0.0.25",2.112412493399,0.0174772598506416,0.0869388195796928,0.0369961105763374,0.0310253962321078,-0.101878444160228
709,"long_v3_CCD0.0.25",1.97448833541618,-0.0257531286970863,0.101909006717309,0.0185182178057031,0.0153653475607986,-0.0774970853217879
710,"long_v3_CCD0.0.25",1.98655753928272,-0.046572235522873,0.0421551783110556,0.0652534215487867,0.0329626387889782,-0.102242187510644
711,"long_v3_CCD0.0.25",2.1282445951967,-0.202684540319911,-0.0700073830598289,-0.0129134185034129,0.057382966275153,-0.12020191414872
712,"long_v3_CCD0.0.25",1.88989459989287,-0.153969685821101,0.0186121197011968,0.0055136377163002,0.0479178766889212,-0.0994153746828462
713,"long_v3_CCD0.0.25",1.92873973068628,-0.124286231815747,-0.0781240053339345,-0.0275338448897985,0.0451305566426994,-0.122280929160614
714,"long_v3_CCD0.0.25",1.9269150907096,-0.0366229809549657,0.0370918901009437,0.0278846164550591,0.0242486919955859,-0.0687864794567629
715,"long_v3_CCD0.0.25",2.02118143990079,-0.0960984825904842,0.127797113628649,-0.00278787628481804,0.0705649683532508,-0.108172876528619
716,"long_v3_CCD0.0.25",2.07914224982164,-0.264338217539443,-0.0238163788631884,-0.0554341555072634,0.0414804541171765,-0.1362482890469
717,"long_v3_CCD0.0.25",1.86791963157054,-0.0873411953082046,-0.0100124044369567,0.0242927047825029,0.0114780774316279,-0.0895858696682077
718,"long_v3_CCD0.0.25",1.85549729210443,-0.0154471294789803,0.00769940033819085,-0.00366643547032185,-0.0284699919217623,-0.0994752505212428
719,"long_v3_CCD0.0.25",1.94966434514445,-0.132207199859899,-0.00217983329944334,-0.0194666897422736,0.0491865474753654,-0.00659520574592944
720,"long_v3_CCD0.0.25",1.9130010170483,-0.171416597057591,-0.092209671240648,-0.0598227604050227,-0.0271139642086789,-0.122609370759151
721,"long_v3_CCD0.0.25",1.91846726336245,-0.134581452907486,0.0038602685434067,0.00886391116660556,0.0736496602859692,-0.0812858266162738
722,"long_v3_CCD0.0.25",1.94253699379458,-0.0570910640178117,0.0070724140488603,-0.0121225796760171,-0.0152088411685519,-0.120012348354765
723,"long_v3_CCD0.0.25",2.08153338722756,-0.0795970416575987,-0.00864925230051047,-0.0188723600108324,0.0290218606219185,-0.129589002075407
724,"long_v3_CCD0.0.25",1.8232575269256,-0.140517206884201,-0.00796644717582417,0.0117343924020206,0.0517685814475015,-0.0804242967513533
725,"long_v3_CCD0.0.25",1.89301010461228,-0.21195629006349,-0.14096333226906,-0.0469695327427931,0.061871669115053,-0.218593116323454
726,"long_v3_CCD0.0.25",1.93626842398443,-0.125385955273773,-0.0151051518760145,-0.0286673104870023,-0.0159464491346938,-0.104242331339246
727,"long_v3_CCD0.0.25",2.0872642703488,-0.158471698785321,0.0243930977980078,0.0339441334172098,-0.00434902090529869,-0.108917455183085
728,"long_v3_CCD0.0.25",1.92736206620739,-0.114175083027857,-0.0462394531104421,0.0521096093389161,0.035150428421591,-0.043732261781034
729,"long_v3_CCD0.0.25",1.91126452684468,-0.120269575348775,-0.0473615638794436,0.0238684211878706,0.0416998138807813,-0.100016769871423
730,"long_v3_CCD0.0.25",1.83852710399658,-0.132221172677381,0.0298223195825862,-0.026607853600031,-0.0164436099964706,-0.0906751789784792
731,"long_v3_CCD0.0.25",1.91807223810058,-0.197660046918273,-0.0245022189986012,-0.0041083331569192,0.016179052266443,-0.124722766160001
732,"long_v3_CCD0.0.25",1.82508661781525,0.00341616199296335,0.0400789155264843,0.0332788494690323,-0.0408324454278987,-0.0963189263000325
733,"long_v3_CCD0.0.25",1.99069776458807,-0.208906935522598,-0.056144719400819,-0.0363568449867131,0.0339330233355639,-0.0848173493503237
734,"long_v3_CCD0.0.25",2.00099576569733,-0.222240448709199,-0.0138171348930608,0.0329453111474401,0.0652584231310653,-0.0982891797962719
735,"long_v3_CCD0.0.25",1.99116385309237,-0.0699521660355202,0.0883946571784889,0.0289577382669321,0.0198101359283334,-0.0812358079187618
736,"long_v3_CCD0.0.25",2.14202870932715,-0.204939384365177,0.0977104889871905,-0.0462380037501065,0.0815673616946937,-0.0738426162211827
737,"long_v3_CCD0.0.25",1.93311321702711,-0.149279676815341,0.0266071390794056,0.0295544487456753,0.0431529240925748,-0.137182259333329
738,"long_v3_CCD0.0.25",1.90972636087272,-0.0430110186302908,0.0463068096324618,0.00839293241284774,0.00167660642151376,-0.0838098940768855
739,"long_v3_CCD0.0.25",2.0458648094501,-0.151759956941052,-0.0483472572604757,0.0514504968988186,-0.0130112341566241,-0.0629571726539247
740,"long_v3_CCD0.0.25",1.74838388168463,0.112895089288097,0.0730763082029132,0.0435456756710259,0.0201509323338137,-0.0523195146217949
741,"long_v3_CCD0.0.25",1.95236270813081,-0.0786099480511621,0.068959447467042,0.0036397275827451,0.0179629171953668,-0.127078238460708
742,"long_v3_CCD0.0.25",1.79988157019896,-0.0953482918161476,-0.000950529991656523,-0.0218447273059854,-0.00170245803968236,-0.0667205132233352
743,"long_v3_CCD0.0.25",1.86417906564268,-0.210998798242259,-0.154173379955616,0.0297449745445532,0.0716513312463306,-0.118562767624673
744,"long_v3_CCD0.0.25",1.85708224038521,-0.105577981019535,0.0655729388928047,0.00499541088265658,-0.0339773441628641,-0.0974824041911286
745,"long_v3_CCD0.0.25",2.05729925485415,-0.218367941675515,-0.0982263366739439,-0.0309438064302867,-0.0392983110599058,-0.130162788612006
746,"long_v3_CCD0.0.25",1.85007267127172,-0.134524123549417,-0.055157075496377,-0.046157357835941,-0.0517478420908427,-0.0559240986657057
747,"long_v3_CCD0.0.25",2.01869735351764,-0.200646347766491,-0.0559529562682489,0.0132963813256716,0.026497897770532,-0.108084795421079
748,"long_v3_CCD0.0.25",1.79616246114004,-0.111738491494737,-0.0242529568217801,-0.00466202233847946,0.0965606278032747,-0.141578455408224
749,"long_v3_CCD0.0.25",1.93892159868014,-0.112665819301519,0.0524899866754287,0.0750367954588514,-0.0148466017016624,-0.191696084144499
750,"long_v3_CCD0.0.25",1.86444194655994,-0.241733362605267,-0.0794050984866387,0.00382205737831293,0.027493961375716,-0.159463119462655
751,"long_v3_CCD0.0.25",1.95696727094264,-0.114883994140699,0.11458696620668,0.00474960632047353,-0.0241169353730155,-0.106113704666524
752,"long_v3_CCD0.0.25",1.92558720220802,-0.0856898404305599,0.0488472780284066,0.0154933692806465,0.0420221878677425,-0.102357024896247
753,"long_v3_CCD0.0.25",1.88784584057522,-0.0971773313339743,0.0201892414015873,-0.0118896853717733,0.0314598047282193,-0.0192434294356853
754,"long_v3_CCD0.0.25",1.86596644312212,-0.184749671401662,-0.0454440266393416,0.0168221360554946,-0.010399520992672,-0.134329880362609
755,"long_v3_CCD0.0.25",1.98484016770727,-0.132620295296092,0.0395948790771264,0.0419869879028296,0.0175094889894253,-0.06939761173858
756,"long_v3_CCD0.0.25",2.09486020647794,-0.122732394846569,0.110915444191905,0.0490966975076688,-0.0339765277211692,-0.174354538388931
757,"long_v3_CCD0.0.25",1.99725103538135,0.0217705484017496,0.0372375174091292,0.00596450442155181,0.00444196056392968,-0.10677260653137
758,"long_v3_CCD0.0.25",2.04612866504459,-0.225113930866017,-0.00809034750233163,-0.0185938717026393,0.0115437620060446,-0.0988352751426566
759,"long_v3_CCD0.0.25",2.06151769000162,-0.227756916837857,-0.0386066921185784,0.0340518810669558,0.0407572527179908,-0.0469357901034072
760,"long_v3_CCD0.0.25",1.89421913907661,-0.10016082236289,0.0222592796553085,0.0119518731525217,0.0315130426501104,-0.027749991883998
761,"long_v3_CCD0.0.25",1.87773046094145,-0.0442598722018453,-0.0399290514950208,0.0243091212897977,0.00373978561444261,-0.0105753243162085
762,"long_v3_CCD0.0.25",1.81121095392626,-0.227945016983702,-0.0779191279413926,0.0105897725062704,0.0240446046518038,-0.0619592279649668
763,"long_v3_CCD0.0.25",1.93486402864383,-0.230206032960597,-0.038415978541465,-0.0592982552215756,0.015504562364451,-0.0901822621229942
764,"long_v3_CCD0.0.25",1.91085135758049,-0.262835427829104,-0.121603631451072,-0.0164273499636673,-0.00685404139714251,-0.0871576658822698
765,"long_v3_CCD0.0.25",2.02976745168478,-0.0618673396320955,0.075181282507478,0.0320332230116207,0.0332233324531002,-0.0528887950149275
766,"long_v3_CCD0.0.25",2.07532996707575,-0.0993589052527818,0.0219534748467779,0.000842141994821165,0.00943984625373633,-0.112985985255156
767,"long_v3_CCD0.0.25",2.03402743541351,-0.111957744875167,-0.0116226077015539,-0.0218750135445185,0.0232657708262394,-0.148152607794506
768,"long_v3_CCD0.0.25",1.87138584405302,-0.165703878498584,0.00815979208646423,-0.00634756813337165,-0.0173466318688441,-0.0705482577539295
769,"long_v3_CCD0.0.25",1.91870252239063,-0.127034591830214,-0.0609371888910457,-0.00686295401502375,0.0131678701544982,-0.0973685079449038
770,"long_v3_CCD0.0.25",1.90154697739484,-0.210667837530442,-0.0423443990935058,0.0236998855298337,0.0614754887533785,-0.0300611237017855
771,"long_v3_CCD0.0.25",1.80601670503056,-0.0762153093340994,0.101394747352564,-0.0308624793663585,0.0260390996360833,-0.0612983727954477
772,"long_v3_CCD0.0.25",1.84977660197556,0.0346398107360486,0.0587500661197373,-0.000921038457653996,0.0680842050094669,-0.0346930081026241
773,"long_v3_CCD0.0.25",2.02399264582342,-0.137809127645183,-0.00411078344111242,0.0504643278665543,0.0259150715148545,-0.0832913381400197
774,"long_v3_CCD0.0.25",1.89496597331754,-0.14305460664245,0.000196329252059041,0.0912257828086309,0.0312712730804905,-0.139992433955131
775,"long_v3_CCD0.0.25",1.90437785551916,-0.0758639795030261,0.0432640352242998,0.0032507904327977,-0.016051543365432,-0.0514623017125198
776,"long_v3_CCD0.0.25",1.78079835172167,-0.0939717600029935,0.0160138972304172,-0.00389018808885991,0.0329185813012781,-0.0752586692579426
777,"long_v3_CCD0.0.25",1.91378371480474,-0.0740563945254836,0.0676015560625616,0.0310582762697476,0.0385428907479824,-0.0591061929384824
778,"long_v3_CCD0.0.25",1.86665808647705,-0.122996179791456,-0.0136569527637707,-0.0106567244274167,-0.0248548025509037,-0.125757566089225
779,"long_v3_CCD0.0.25",1.91085491198915,-0.217708782192211,-0.108651701219199,0.0413027385027403,-0.0195433064205134,-0.150396164569465
780,"long_v3_CCD0.0.25",1.93012596070452,-0.0311225329682452,-0.0408784484576722,0.00104869311622201,0.0650597284309229,-0.03743960044155
781,"long_v3_CCD0.0.25",2.00285811976042,-0.160782606501897,-0.0633116790349358,0.0420195741729767,0.0281648989619407,-0.0110742486402131
782,"long_v3_CCD0.0.25",1.86497674859938,-0.287544010104278,0.0102925950389877,0.00965301204644778,0.120284790371805,-0.128452119230705
783,"long_v3_CCD0.0.25",1.96830803834748,-0.175029472484165,-0.0128826550968348,0.00163081155296448,-0.0129456210249113,-0.0734786607999295
784,"long_v3_CCD0.0.25",1.95127818568239,-0.192885850262241,-0.0724937213301423,0.00640967428369283,-0.00546461624885056,-0.179573881560973
785,"long_v3_CCD0.0.25",1.96216858707377,-0.197381746294581,0.022634784918859,-0.0311370303839427,0.063366704109995,-0.111017419636999
786,"long_v3_CCD0.0.25",1.70348156561601,-0.104951725079007,0.0548524467847915,0.0222634481250316,-0.0548835553689871,-0.0764101974526334
787,"long_v3_CCD0.0.25",1.98150547822331,-0.202822273041228,0.0167481626868851,-0.0021883489144851,0.0141385612573326,-0.148378071166127
788,"long_v3_CCD0.0.25",2.05137210911907,-0.112679396099249,0.0801208134527518,0.0263692485778971,0.0458912130822716,-0.0769066019956495
789,"long_v3_CCD0.0.25",1.83803479211675,-0.0525720015084298,0.0328067290978463,0.0742685100804544,0.0087790462219809,-0.0479593136295876
790,"long_v3_CCD0.0.25",2.05099546195389,-0.164884005072251,0.00862960618008856,0.00134295287717886,0.0333755625100482,-0.146394670142371
791,"long_v3_CCD0.0.25",2.01916983816387,-0.184456787454553,0.0077127901919474,-0.00755808628355264,0.06052728706449,-0.0878755490829926
792,"long_v3_CCD0.0.25",1.92816738526706,-0.195022968453758,-0.106377145369361,-0.00034577407324741,0.0190631584560213,-0.0556575905280769
793,"long_v3_CCD0.0.25",2.04380882902251,-0.123467636944795,0.0861717550873731,0.0390431443807759,0.0137307842097192,-0.0961185838351074
794,"long_v3_CCD0.0.25",1.84919412013734,-0.173995497681181,-0.00216532196593916,-0.0138399440855624,0.0233764497250188,-0.0486143375353262
795,"long_v3_CCD0.0.25",1.88530273566821,-0.178363961437296,0.00299091664226479,0.042106476840162,0.0246037544975857,-0.0865604789133353
796,"long_v3_CCD0.0.25",1.97020380815912,-0.00666572169906843,0.00524337782944527,0.0643281896927689,0.0794943251104751,-0.0702122854074779
797,"long_v3_CCD0.0.25",1.95662555938313,-0.156858570902172,-0.0289630453448823,0.0468568631952254,0.0781985391735203,-0.0958121537678308
798,"long_v3_CCD0.0.25",1.90492219592091,0.0229171538980683,0.0380805271346817,0.0310879302393011,-0.0663009156740351,-0.104827203377419
799,"long_v3_CCD0.0.25",1.98825500515474,-0.141379826312411,0.0536375705365206,0.00243259666266657,0.0255199295835972,-0.0674983091822215
800,"long_v3_CCD0.0.25",2.0121342537716,-0.080448986097393,0.105282580421724,-0.00829159460239004,0.0217426279069729,-0.144420124223398
801,"long_v3_CCD0.0.25",1.88207360060988,-0.124864829885078,-0.00400599982808171,-0.0152936699742173,0.0218856302429229,-0.0608246638050826
802,"long_v3_CCD0.0.25",1.96796364910612,-0.0340597723898359,0.0448289118964758,0.00135709053427816,-0.00173802364706418,-0.0927155188951722
803,"long_v3_CCD0.0.25",1.84762043134016,-0.203286559025758,-0.0357416805602031,-0.00316152285259323,0.0550823017827801,-0.0833513491867083
804,"long_v3_CCD0.0.25",1.97255191308652,-0.16830922629814,-0.0487758575153866,0.108390561080511,0.0342196695994332,-0.102436334614277
805,"long_v3_CCD0.0.25",1.87423744588141,-0.0593724689473114,0.0322004002669802,-0.023765497601499,0.0671754931683477,-0.0364247370075959
806,"long_v3_CCD0.0.25",2.05087993906025,-0.170342390216623,0.0527310126611965,0.0566579760133248,0.0756557865946216,-0.188670261289436
807,"long_v3_CCD0.0.25",2.01769929656042,-0.0754971537990764,0.0299638701851289,0.0180766688073478,0.0353267454450183,-0.0767794804769275
808,"long_v3_CCD0.0.25",1.95281543614317,-0.0887124128989023,0.0859151181182782,0.0740949131652198,0.0651448157545314,-0.0665539749351231
809,"long_v3_CCD0.0.25",1.89155121677959,-0.13556454236732,-0.000822807414391516,0.0339793383279788,-0.0345157532360176,-0.0986725180164176
810,"long_v3_CCD0.0.25",1.94215739422057,-0.0331864414253089,0.099470301627549,0.0537760847384138,0.0335010447518227,-0.0811448408393455
811,"long_v3_CCD0.0.25",1.88703878733844,-0.14812674305551,0.0172614715445573,0.000754709937214531,0.0640187101352779,-0.0972704482762399
812,"long_v3_CCD0.0.25",1.99809962025466,-0.0720619017679746,0.065263288584745,0.00288236026753662,0.0562944325628152,-0.11954978449338
813,"long_v3_CCD0.0.25",1.85214663108826,-0.0514587418314806,0.0287328217641666,-0.0367532911721774,0.012422742454198,-0.000420028612912264
814,"long_v3_CCD0.0.25",2.07076636805022,0.0397208844359445,0.131676334111431,-0.0499155373441438,-0.0264843128087497,-0.104728958172853
815,"long_v3_CCD0.0.25",1.87280457566967,-0.0905877241247846,0.0730253385023197,0.011679369135131,0.000372786156636614,-0.0210463178346349
816,"long_v3_CCD0.0.25",1.93468915908747,-0.0621652239134459,0.0663760760851867,-0.00131340704734998,0.0266809897220276,-0.117200109379856
817,"long_v3_CCD0.0.25",2.06596174232382,-0.101610125569106,0.0191751472542264,0.010317377996139,0.002891461971061,-0.0784563890576545
818,"long_v3_CCD0.0.25",1.92867917098648,-0.0599965931062086,0.112604803778536,0.0624364257920194,0.0222427672911698,-0.0579894682211214
819,"long_v3_CCD0.0.25",1.94359964067233,-0.138663129376175,0.0639391774611724,0.0318621215220796,0.00763984951496245,-0.107557294504582
820,"long_v3_CCD0.0.25",2.00985229269005,-0.145516189696837,0.0838052002858126,0.0199516936629305,-0.00673003378476943,-0.146262882157927
821,"long_v3_CCD0.0.25",1.9243810548206,-0.147268754416049,0.00677379550374076,-0.0354401063526258,-0.00124106477906587,-0.0889180944261445
822,"long_v3_CCD0.0.25",1.9692274763883,-0.0256092628772919,0.0883881815565618,0.00530449772233751,-0.0110854113422,-0.124782742808203
823,"long_v3_CCD0.0.25",1.83930190837036,-0.165492152024766,0.0225104135657283,0.00025617168822819,-0.0254234322184205,-0.141443073509413
824,"long_v3_CCD0.0.25",2.02086271005824,-0.186132891537361,-0.00431326922542953,0.0519991924048314,-0.0287326679970002,-0.137671646623052
825,"long_v3_CCD0.0.25",2.0968778804374,-0.185755299374837,0.0127008744580067,0.0265971430966202,-0.0315876866701644,-0.0732272041233794
826,"long_v3_CCD0.0.25",1.92888898436737,-0.149219463138971,-0.00540320810212304,0.0421961863870564,0.00109145626203185,-0.113698936143318
827,"long_v3_CCD0.0.25",1.88160864165112,-0.102740117282646,-0.00201532097380562,0.0568612404724428,0.00233281281928019,-0.0931613112899344
828,"long_v3_CCD0.0.25",1.96609961359641,-0.0790638182764935,0.192685440804746,-0.0104144739226311,0.0305652112404749,-0.160634230972286
829,"long_v3_CCD0.0.25",2.03989890331527,-0.138749050530601,0.0448421046469309,0.0458481436223752,-0.00996411271062581,-0.089690509423774
830,"long_v3_CCD0.0.25",1.95218357168777,-0.0831165443074213,0.123172928367959,0.0611236971788517,0.0423218532152735,-0.11543246824638
831,"long_v3_CCD0.0.25",1.92566587285813,-0.118905567892825,-0.0469923787688011,-0.054280660174581,0.017030151866872,-0.117788866865515
832,"long_v3_CCD0.0.25",1.97610502736006,-0.11020926620001,-0.117455250118121,-0.0169421049485712,-0.0229864521964905,-0.0529761089873953
833,"long_v3_CCD0.0.25",1.88340667144605,-0.0950238899719168,-0.0446948270389407,0.0287698910155247,0.0337231539024123,-0.048097257624635
834,"long_v3_CCD0.0.25",1.94742141677678,-0.0931561617399106,0.0583116596630338,0.0335134827526937,-0.0382964944638303,-0.131592177545563
835,"long_v3_CCD0.0.25",1.84585089101475,-0.267763014669228,-0.121889385961885,0.0206138337355198,0.0246123120448756,-0.100125498192227
836,"long_v3_CCD0.0.25",1.81563289235357,-0.202459725032192,-0.077283295371406,0.0260458492884559,0.0588061622184098,-0.100755012012956
837,"long_v3_CCD0.0.25",1.95917316111344,-0.0959433931844209,0.0313448577300079,0.0160511875573944,-0.0149369363379069,-0.108549873493967
838,"long_v3_CCD0.0.25",1.96000910480565,-0.154391354026866,0.0323006694057094,0.00692046873304717,-0.0587568640068263,-0.144591924871291
839,"long_v3_CCD0.0.25",1.86178291212092,-0.221938241396762,0.0129194023554404,-0.029036643838269,0.0265559649022646,-0.153267144644856
840,"long_v3_CCD0.0.25",1.92785236611348,-0.137564579241724,0.0221872182820616,-0.0131378939386895,0.0232386227051388,-0.119638270856874
841,"long_v3_CCD0.0.25",2.07818449282973,-0.0834132737763943,-0.0387049403256404,0.0203707882406862,0.0137852944168529,-0.0747409269188392
842,"long_v3_CCD0.0.25",2.00141665778192,-0.328659072860945,-0.0559320281688855,0.0274909670015968,0.0147222676777883,-0.113303624476361
843,"long_v3_CCD0.0.25",2.02730079372865,-0.0721527584851373,0.023868027216383,0.0287786223353025,0.011885209966496,-0.117026618084784
844,"long_v3_CCD0.0.25",2.04231442362552,-0.199813222151357,-0.0574802814911106,-0.0551424928706927,-0.0335830084576695,-0.032188640986052
845,"long_v3_CCD0.0.25",1.95351535908383,-0.0524373499427664,0.0705759859605689,0.030215708529757,0.0403852490415164,-0.091391649741687
846,"long_v3_CCD0.0.25",1.91094920996001,-0.150665622002774,-0.109080475114894,0.0158310047124948,0.0803047305427519,-0.0172974794174939
847,"long_v3_CCD0.0.25",1.97155760173916,-0.217047307778333,-0.081136333612581,-0.0376188970266233,0.0134801185297558,-0.156656656237545
848,"long_v3_CCD0.0.25",2.11420461537484,-0.0817247878863996,0.0912353528443445,0.0647311502560783,0.0252289935514444,-0.0156622539277961
849,"long_v3_CCD0.0.25",1.93221122186181,-0.143491295352014,0.0116302926727303,0.0113978292266361,0.0405941245565201,-0.0257754834262668
850,"long_v3_CCD0.0.25",1.966789145813,-0.0958610170417058,-0.112690956946829,-0.0659816158802419,0.0652201799323743,-0.0995805177651326
851,"long_v3_CCD0.0.25",1.86975893676346,-0.13658306679902,0.103110269781003,0.0381304267901636,0.0251794992054063,-0.0673413994857427
852,"long_v3_CCD0.0.25",2.14226982890486,-0.276766484374021,-0.0703618859533649,-0.00304745537129203,0.0363586924917045,-0.148128315702545
853,"long_v3_CCD0.0.25",1.91631195370492,-0.125202461644053,0.00896629445557646,-0.0270575491417346,-0.0426166330060704,-0.15209097356673
854,"long_v3_CCD0.0.25",1.95083230272637,-0.0767782126669297,0.0386456218646462,0.011737398962296,0.033776358036381,-0.0764047433982169
855,"long_v3_CCD0.0.25",1.79173547768213,-0.214079732772022,-0.0319416592030128,-0.0082105207647047,0.0081173296114409,-0.128187185998937
856,"long_v3_CCD0.0.25",1.8881734749358,-0.136218363761542,0.0121878353914709,-0.0199146613580084,0.0282814462538225,-0.0814171489570022
857,"long_v3_CCD0.0.25",1.8517523657063,-0.158012273632225,-0.0306161609237488,-0.00611183984978806,-0.0118516282406834,-0.0725377048934764
858,"long_v3_CCD0.0.25",1.86443015670795,-0.0964095023995502,-0.0368348558843776,-0.0628798826669521,0.0829695157974119,-0.01366183792524
859,"long_v3_CCD0.0.25",1.90189641057365,-0.12646765783517,0.0273648608022016,-0.0318687687981515,-0.0139687739578425,-0.217601213584549
860,"long_v3_CCD0.0.25",1.79464638875769,-0.131929075956814,-0.0318887920669846,0.0476450436658513,0.00378899947800435,0.0307633228923773
861,"long_v3_CCD0.0.25",2.00994538161551,-0.142377201597688,-0.0236972332809163,-0.00770375920541535,-0.0223753480021521,-0.118029637207069
862,"long_v3_CCD0.0.25",2.08400853414649,-0.121890513750805,-0.0202643672799162,-0.021544822023929,-0.0448970502511999,-0.127998672318969
863,"long_v3_CCD0.0.25",1.97819680010013,0.00490088124195883,0.0344568535190569,-0.00585166200157134,0.00206894647284949,-0.0366259924708793
864,"long_v3_CCD0.0.25",1.79434636446786,-0.179498116630557,-0.0230464007802894,0.0203677555814462,-0.00814069629872909,-0.0408515257489607
865,"long_v3_CCD0.0.25",1.84864774996278,-0.170138794161595,0.0108082092009211,-0.0241453436027172,0.0649405583812837,-0.0753519847573761
866,"long_v3_CCD0.0.25",2.02466477954421,-0.10353408290984,-0.0384846478324836,-0.00687465594853807,0.0279493899019209,-0.0898749013880786
867,"long_v3_CCD0.0.25",2.06476774591601,-0.20646009261212,-0.0706126021609833,0.0273776159167859,0.00655137757709851,-0.169644808217728
868,"long_v3_CCD0.0.25",2.00395259677637,-0.189447887395593,-0.0180295497118815,0.0585279348553837,0.0901110391609651,-0.0878865407564918
869,"long_v3_CCD0.0.25",1.90678839394829,-0.257932892362513,-0.034406016597566,0.0645864833292991,0.0654705429583917,-0.207839439418863
870,"long_v3_CCD0.0.25",1.98720495015735,-0.0287584989831162,0.0848106257146986,-0.0103608531176487,0.00100491110752163,-0.0611749151557039
871,"long_v3_CCD0.0.25",1.82821506247777,-0.119687449232465,0.0180983712383975,-0.0316880564303566,0.0135630207836334,-0.056713101790673
872,"long_v3_CCD0.0.25",1.85929948901533,-0.1270517961215,-0.0321896064741666,0.00377112395010677,0.061849697288491,-0.0930512905798923
873,"long_v3_CCD0.0.25",1.99078349734379,-0.143425186267881,-0.0364424543465943,-0.05552213305792,-0.00150666954555588,-0.0940056697290013
874,"long_v3_CCD0.0.25",1.94094282014467,-0.16594799811326,0.00758053137700554,0.0603219327703519,0.00967848290771158,-0.0799801987670763
875,"long_v3_CCD0.0.25",1.97419450260941,-0.104749918299061,0.0489426070300468,-0.0395529269263634,0.0284191074455749,-0.124626576609905
876,"long_v3_CCD0.0.25",2.03600041873114,-0.224109466198412,-0.112613528560561,0.0584907076975323,0.0812732428017091,-0.118607078930529
877,"long_v3_CCD0.0.25",1.94579979434286,-0.134454236083362,0.0529583258987426,0.0174688623239865,-0.0930208372401803,-0.0928420396162818
878,"long_v3_CCD0.0.25",1.99948335948422,-0.178374086030585,-0.0787567084984764,0.0266000306225717,0.0355486025507819,-0.0633109424226515
879,"long_v3_CCD0.0.25",1.87523519806636,-0.130637207159996,0.045814152650047,-0.00726717391308351,0.0320568727463948,-0.0441450496707851
880,"long_v3_CCD0.0.25",1.94591919492286,-0.0207318483481502,0.00650608372577504,0.00128747879493634,0.0137041337148812,-0.094831456629619
881,"long_v3_CCD0.0.25",1.99048092984183,-0.217753970499889,0.0126020988342188,0.00735191727281572,-0.0204981749021541,-0.0260462953402723
882,"long_v3_CCD0.0.25",2.00239533037868,-0.301397839120303,-0.0718610980365238,-0.0392243068987197,0.0722564719183981,-0.1421941655774
883,"long_v3_CCD0.0.25",1.97404656682721,-0.144446480618597,0.00144721149188065,-0.0254550869916036,0.0424233792147812,-0.0906692606242503
884,"long_v3_CCD0.0.25",2.0027816746035,-0.0553929211130789,0.0823450771038057,0.0137580334792765,0.0018186728779668,-0.138526731711595
885,"long_v3_CCD0.0.25",1.96483386949945,-0.120737024084992,0.0179045721263299,0.0201038476273442,0.0196560911980375,-0.0894352541793673
886,"long_v3_CCD0.0.25",1.8376186603249,-0.204461317633038,-0.0493863215757316,-0.0115785121086532,0.0925686008198652,0.060176240719515
887,"long_v3_CCD0.0.25",1.99694355379736,-0.205920965243005,-0.114451228944771,-0.0338256036547201,-0.0360106260807539,-0.0819516165245374
888,"long_v3_CCD0.0.25",1.8122429585812,-0.196437623249755,-0.0322695770578765,0.025644344660793,0.0124022399241898,-0.108853944009848
889,"long_v3_CCD0.0.25",1.99750178525998,-0.13973618044855,-0.0563686600955523,0.0145914842512074,0.0255098610627597,-0.0493583621230356
890,"long_v3_CCD0.0.25",1.93886575110153,-0.134667723009541,0.0480289336914833,-0.012789742316432,-0.0169379158064656,-0.119708689249053
891,"long_v3_CCD0.0.25",2.00298660522688,-0.182175108420289,0.0213618179091944,0.0265369919372649,0.0384844522913033,-0.139334782515819
892,"long_v3_CCD0.0.25",2.02997346634572,-0.149190111708063,-0.0522589388977328,-0.0195553418174308,0.0193594152512822,-0.114140758991951
893,"long_v3_CCD0.0.25",1.90656475697436,-0.0347318072004695,0.0118210328863466,-0.0310866700312948,0.0180156446927917,-0.0218668035093193
894,"long_v3_CCD0.0.25",2.00446005391151,-0.166148736304769,0.0356117004947417,-0.0204021936792909,0.0398897528496948,-0.0900862101610564
895,"long_v3_CCD0.0.25",1.99679260233832,-0.0948935302556581,0.0240095038227236,0.0930963361899927,-0.0203910519083414,-0.0691479737944253
896,"long_v3_CCD0.0.25",1.87300375277791,-0.151161563556162,0.0348831168959757,0.0423900021715514,0.0319224704523666,-0.185518421693523
897,"long_v3_CCD0.0.25",1.96977272551963,-0.10989215457934,0.00163943676300887,-0.0202168357541911,0.0540325655361719,-0.0706474516516395
898,"long_v3_CCD0.0.25",1.89790856745143,-0.217271100734637,-0.116572415052772,0.0441118811739664,0.0536356906305204,-0.158002702477011
899,"long_v3_CCD0.0.25",1.91265905827747,-0.148405640388058,-0.00254762934897255,-0.00249447595205474,0.0143448674572229,-0.113133409253278
900,"long_v3_CCD0.0.25",1.7836089863542,-0.0600253292054056,0.00159161712889022,-0.00737598528095905,0.0608722362890134,-0.024924978833024
901,"long_v3_CCD0.0.25",1.9751727625295,-0.133144511190916,0.0198873946996483,-0.000656820705997175,0.0205896140621642,-0.0778939189942586
902,"long_v3_CCD0.0.25",2.01588939978521,-0.140141368448658,0.000857058247271694,-0.0183405218337825,0.0281388377622247,-0.133577674488846
903,"long_v3_CCD0.0.25",2.11557211175898,-0.225613799997282,-0.0443645788358649,0.0311552341730237,0.0166293312496118,-0.096612334184915
904,"long_v3_CCD0.0.25",1.94122532892634,-0.1679137471966,-0.0399099942140721,0.0385595459219943,-0.00102661736568952,-0.0597908624511385
905,"long_v3_CCD0.0.25",1.99871650447778,-0.15483776904979,-0.133738040806518,-0.0216604390195652,0.0285175616065851,-0.0892390182439144
906,"long_v3_CCD0.0.25",2.07562508298323,-0.0413739490165437,-0.0590470635202514,0.0317863340975178,-0.00468288269469315,-0.0416159007757368
907,"long_v3_CCD0.0.25",2.02892030020048,-0.0703481119181117,-0.00964975891395276,0.00342795264254122,0.00289468626071443,-0.0678248489626404
908,"long_v3_CCD0.0.25",1.84061206682073,-0.0598352904427017,-0.0245890321083357,0.0340849645810596,0.0275821128367206,-0.0764008795708096
909,"long_v3_CCD0.0.25",2.03072143089819,-0.0843376267168701,-0.0251193306636833,0.0359237186754508,-0.00171758477650864,-0.148884155993114
910,"long_v3_CCD0.0.25",1.99257723647171,-0.272907882518311,-0.0804498260881102,0.0442761619728045,0.0105192016819173,-0.0425482192855582
911,"long_v3_CCD0.0.25",2.02123373509282,0.0065968037641772,0.161184043038804,0.0501285590978121,-0.120471547633893,-0.132746999583578
912,"long_v3_CCD0.0.25",2.00007032413916,-0.167416838650423,-0.00942589726668513,-0.0212853799570049,0.0297101405700737,-0.0983736515142526
913,"long_v3_CCD0.0.25",1.92316347885586,0.00337038454901695,0.0288654572822088,0.023126024084879,0.0180388467964738,-0.0844310440688634
914,"long_v3_CCD0.0.25",1.78975177636666,-0.219398198730459,-0.07896400205326,-0.049566413958454,0.0819415733678262,-0.0294807805507268
915,"long_v3_CCD0.0.25",1.79917615497218,-0.0618407785189932,0.0224866416014774,0.0222540248316219,-0.0270608012644798,-0.0597409600798032
916,"long_v3_CCD0.0.25",1.95152810256544,-0.176994321376193,-0.0475566661634745,0.0164541918683218,0.0338935188289316,-0.157399851284879
917,"long_v3_CCD0.0.25",1.93770198941366,-0.0582066143001659,0.0943898596824958,-0.0418750675086973,0.00264539112707332,-0.042373000724891
918,"long_v3_CCD0.0.25",1.95833181807209,0.0140095843311521,0.111352772675039,0.024642727498515,0.0466156399620573,-0.0300799054307166
919,"long_v3_CCD0.0.25",1.92081907740365,-0.125842700931089,0.0792945585305542,0.0102582398375863,0.051930257742752,-0.146460853900513
920,"long_v3_CCD0.0.25",1.94785826080275,-0.0924821667288803,-0.0811071197665591,-0.0235757730618651,0.170937938344692,-0.062833385779818
921,"long_v3_CCD0.0.25",1.89833031855208,-0.204582453455726,0.0223288053338269,-0.11724509032824,0.0445893915689234,-0.0514351123108527
922,"long_v3_CCD0.0.25",1.98539418636384,-0.11041497090695,0.0377110667923874,0.0146894366791483,0.031915168985731,-0.0592134807948774
923,"long_v3_CCD0.0.25",1.97639321496132,-0.0704442456320187,-0.0470177504451316,-0.0283191663607012,0.0595156571691452,-0.0248295492017762
924,"long_v3_CCD0.0.25",1.94913814386634,-0.213053889881723,-0.0156403120603066,0.0338072983988543,0.0341135067845719,-0.0774272833807284
925,"long_v3_CCD0.0.25",2.0468944242485,-0.0955951612087731,-0.0045299586962474,-0.0115905089724882,0.000975666484679252,-0.0824915977260172
926,"long_v3_CCD0.0.25",1.97818518863978,-0.206710128539949,-0.0140378245501485,0.104631750189217,-0.00884033033926864,-0.151841212176977
927,"long_v3_CCD0.0.25",1.87751153215104,-0.166302489345163,-0.106074891141704,0.00761391551498,0.00377677779028434,-0.112611705364279
928,"long_v3_CCD0.0.25",1.98685444528972,-0.202236940447951,-0.0689014292458476,-0.042196622823176,0.092197431916453,-0.0124701248694596
929,"long_v3_CCD0.0.25",1.88273623304783,-0.103891543858988,0.0538564976667115,0.0315893466172314,0.00552685154168613,-0.0291880830413235
930,"long_v3_CCD0.0.25",1.98715406208707,-0.294192333031127,-0.0517770649314388,-0.0761548322913948,0.0592380788289008,-0.0300907757731683
931,"long_v3_CCD0.0.25",2.04600793094041,-0.225549213139207,-0.0573123843668018,-0.00102144188362629,-0.0132014050041395,-0.149080768398945
932,"long_v3_CCD0.0.25",1.8858386161018,0.020484585691752,0.040382323482754,0.0324785114087751,-0.0719261218197974,-0.00964843014106725
933,"long_v3_CCD0.0.25",1.95116663945993,-0.0926863327557515,0.121395785557413,0.00126521886265789,-0.036106950424219,-0.0456823980368562
934,"long_v3_CCD0.0.25",1.84372669286228,-0.12225931955832,0.00906429503073445,0.017019004730873,0.031443807761701,-0.0832186332591541
935,"long_v3_CCD0.0.25",1.87355247245724,-0.157348523273453,0.0115583195336946,0.0184667960455894,0.0154501483565402,-0.12674661108283
936,"long_v3_CCD0.0.25",1.97417351252419,-0.195461350095742,-0.0383943738028337,0.0388824664112153,-0.034491101007743,-0.208070226034999
937,"long_v3_CCD0.0.25",1.94707188537304,-0.0270246452426563,0.104570744278858,-0.000782752198862363,-0.016889944955122,-0.0983475319606354
938,"long_v3_CCD0.0.25",1.93218254643154,-0.0387934168020797,0.0822293767312047,0.0626195806326412,0.0218334045676726,-0.0388941966411013
939,"long_v3_CCD0.0.25",1.85355141648946,0.0831338917030399,0.104283982796813,-0.0416862134736029,0.0305531943559309,-0.162601396522089
940,"long_v3_CCD0.0.25",1.8194937827455,-0.206477095343697,-0.0346179213867943,-0.00207330897664643,0.0360748002374131,-0.0734308591285984
941,"long_v3_CCD0.0.25",1.96041823583547,-0.0624374429005762,0.0561887290686696,0.06561679037715,-0.0276193948576338,-0.117313375706814
942,"long_v3_CCD0.0.25",1.8017174762282,-0.15775060182317,0.0957942405318714,0.00194314648532341,0.0886293758285712,-0.140769414745018
943,"long_v3_CCD0.0.25",1.98532364445702,-0.0900125830745068,-0.0421111536379287,0.0129810745963368,-0.00647175821747683,-0.0916833955468337
944,"long_v3_CCD0.0.25",2.10735521639057,-0.0696212287268143,0.10353185441399,-0.00623170405300462,0.0782086041651703,-0.100884722827092
945,"long_v3_CCD0.0.25",1.92404393526075,-0.170487061196829,0.0400509789765,-0.00255341378251316,0.0268995521286168,-0.125556189118079
946,"long_v3_CCD0.0.25",1.88035987384545,-0.0663289980452561,0.0396500672911275,0.00847513591468315,-0.00370567441128803,-0.121089289659583
947,"long_v3_CCD0.0.25",1.88370677392087,-0.113904289926593,-0.0114224681296063,0.0126150118449863,0.0300149592211569,-0.0725591431694345
948,"long_v3_CCD0.0.25",1.91604774254605,-0.203831826219479,-0.0219039064160362,-0.0679417773381743,0.00512922353869416,-0.0771909007942178
949,"long_v3_CCD0.0.25",1.805025446718,-0.123968822637212,0.0145116191468664,-0.105529761916966,-0.00921354890292276,-0.0707119265620978
950,"long_v3_CCD0.0.25",2.06902154946102,-0.118311394591635,0.0293309551065745,-0.0148941393240274,0.00575490786285148,-0.151214362030682
951,"long_v3_CCD0.0.25",2.0365609132325,-0.157034451038417,0.0880199405234317,0.0741271778726687,-0.00314433181217573,-0.0691109816752892
952,"long_v3_CCD0.0.25",1.96532611211541,-0.171274593960561,-0.0535787911219698,0.0230149130094598,0.0151868510455277,-0.125989312319154
953,"long_v3_CCD0.0.25",1.93530201534632,-0.143286348691436,0.0213738361176374,-0.00880702502074438,-0.0309113319250972,-0.083263274794961
954,"long_v3_CCD0.0.25",2.01320365113531,-0.201553863215791,-0.137649567231155,0.038156422018944,0.0969495657055474,-0.0700253165811826
955,"long_v3_CCD0.0.25",2.00313405493434,-0.0717307469101652,0.0688997672355661,0.0442317002982473,0.00567027543629508,-0.107451661617356
956,"long_v3_CCD0.0.25",1.87654626870294,-0.128441226373251,0.0542866272595823,-0.00187859854749865,0.00579613918200222,-0.0789716441801207
957,"long_v3_CCD0.0.25",1.68595614827693,-0.0299091327621435,0.12321387068988,-0.0412532988344616,0.00548378090014275,0.0210190551367804
958,"long_v3_CCD0.0.25",1.96441203034334,-0.0432726956275094,0.0821311761183,0.000265532544070113,0.0193762758732022,-0.0295918460936928
959,"long_v3_CCD0.0.25",1.98492203073338,-0.138614544760295,0.0231336923869603,-0.0446340860117153,0.0345336071108556,-0.110666585941229
960,"long_v3_CCD0.0.25",2.01304645284201,-0.0682249808369598,0.058003260930417,-0.039335235734466,0.00935310723832095,-0.0693577931104222
961,"long_v3_CCD0.0.25",1.89676104012284,-0.0817178533282434,0.0883339357839217,0.0069450818952681,0.00163934852706231,-0.144708640521477
962,"long_v3_CCD0.0.25",1.92203215349373,-0.172547802371438,-0.0426881220362541,0.0454147575211763,0.0573184880141915,-0.0939597253462176
963,"long_v3_CCD0.0.25",1.94931297288332,-0.160424098034659,0.0358860645975316,0.0123616535640185,0.0224826381955367,-0.0277588131347791
964,"long_v3_CCD0.0.25",1.97446555426253,-0.220323584805324,0.00116697873447544,0.00807994261613508,0.0446547774850639,-0.0619086516844738
965,"long_v3_CCD0.0.25",1.96548975368153,-0.164301647243958,-0.0423647583714957,-0.0160220543302682,-0.0211309930996142,-0.20966137307409
966,"long_v3_CCD0.0.25",1.94391509260414,-0.135717934104842,0.0221549105793655,-0.00786287053158722,-0.0106208905128465,-0.0583607771093976
967,"long_v3_CCD0.0.25",1.94889686582451,-0.231881320273292,-0.0409355104244067,-0.00364921974721864,0.048563257879331,-0.127833799544717
968,"long_v3_CCD0.0.25",2.00980740418347,-0.0738169448240772,0.0593921451961839,0.0480785545929309,0.00822582129109018,-0.10126557187146
969,"long_v3_CCD0.0.25",1.92942030401613,-0.191682439566579,-0.00897776006280124,0.00677269467656675,-0.00387004093666201,-0.059874747017339
970,"long_v3_CCD0.0.25",1.95399413797081,-0.0525603321724904,-0.0863073489293577,0.032477653095066,-0.0254544598335546,-0.0514041754339426
971,"long_v3_CCD0.0.25",1.9556153213329,-0.110237372607494,0.0805693298818848,0.0448156962921769,-0.0219597969875405,-0.0937776147834823
972,"long_v3_CCD0.0.25",2.02026290797899,-0.135070261170598,0.0109921389342841,0.0645705124395568,0.0116208295872762,-0.137823588428274
973,"long_v3_CCD0.0.25",1.77872092062153,-0.052830557410097,-0.0224462327173952,-0.0497994689394426,0.0133881761583536,-0.0718970834307726
974,"long_v3_CCD0.0.25",1.87646602288088,-0.142268027778165,0.0456418070853393,0.0651025303142835,0.038296896847254,-0.0680220430861658
975,"long_v3_CCD0.0.25",2.03976967519463,-0.220400845650592,-0.00507139672832124,-0.0656811610362693,0.0576961892756584,-0.0615417405915043
976,"long_v3_CCD0.0.25",1.89933259734107,-0.0466280375788839,0.0605581769492128,0.0133805191381492,-0.0177372330336355,-0.0176943024484725
977,"long_v3_CCD0.0.25",2.13229201982581,-0.120270117212152,0.0992898199536497,0.0552801700018525,-0.0617740267130573,-0.129719119813228
978,"long_v3_CCD0.0.25",1.93959098102179,-0.0989110799329512,0.0113669003594436,0.0563048042771816,0.0237503091898487,-0.0989089997629362
979,"long_v3_CCD0.0.25",1.89520348756709,-0.0989093794913272,-0.0752174129347848,-0.00538079079666923,0.0257071432191448,-0.135753484907861
980,"long_v3_CCD0.0.25",1.99131870606169,-0.14542110760848,0.0407934137191457,0.0501384904620543,-0.029056245396966,-0.112922651981115
981,"long_v3_CCD0.0.25",1.82500117412972,-0.0928986139398956,0.00380729606687973,-0.0720294192756459,0.0642419104361616,-0.0822210939473894
982,"long_v3_CCD0.0.25",1.74229820639637,-0.162573137275207,-0.00629466185706072,-0.00621728219984941,0.0642144142306715,-0.0478507829929729
983,"long_v3_CCD0.0.25",1.98772198926304,-0.155507896312861,-0.0387105163844007,0.0536983018151226,-0.0303685801562261,-0.183215638899239
984,"long_v3_CCD0.0.25",1.8905023312143,-0.147374268017147,-0.0479113562441165,0.000442056118898331,-0.0178576375581752,-0.0367776282552978
985,"long_v3_CCD0.0.25",2.00733497998933,-0.0242499176163657,0.034761204236907,-0.0405850590615427,0.0298899693762202,-0.0309487015390454
986,"long_v3_CCD0.0.25",1.8669495919982,-0.0879455958148176,0.0675300605442923,0.0776998572345767,0.0219387020890648,-0.132255480455369
987,"long_v3_CCD0.0.25",1.9890044428447,-0.179682079990284,0.0283697876155213,0.021455468381051,-0.0160325663361873,-0.0518013024999919
988,"long_v3_CCD0.0.25",1.92420857170011,-0.0532676868551692,0.0256679616098603,-0.0195393904371181,-0.00619354753416226,-0.126579409131429
989,"long_v3_CCD0.0.25",2.01745194184807,-0.139911909562203,0.0654068656263201,0.0246433430185943,-0.0038638762329382,-0.0784725682207265
990,"long_v3_CCD0.0.25",1.85550130556746,-0.159895796157736,-0.0924019418630853,-0.0317652068512645,0.0422820139252065,-0.12232050481639
991,"long_v3_CCD0.0.25",1.91403494264853,-0.154375558824322,-0.015857598424686,-0.0320455299499536,0.05297046632197,-0.0544408497052835
992,"long_v3_CCD0.0.25",1.86863534597545,-0.14620086007973,0.0410001611502437,0.0191570491867368,-0.0543661324152462,-0.133546667793682
993,"long_v3_CCD0.0.25",2.02259150810995,-0.209141999736387,-0.000596280691112822,0.0299726126478122,-0.0181503399776478,-0.126497855517034
994,"long_v3_CCD0.0.25",1.78860048674623,-0.174608861151154,-0.083334487912808,0.0593979794239212,-0.00117622576963268,-0.0592097830970981
995,"long_v3_CCD0.0.25",1.98504102903592,-0.258053640750039,-0.0198782174831704,-0.0425276953116537,0.0157047184778273,-0.0589272743497641
996,"long_v3_CCD0.0.25",1.97023348755897,-0.0713789939156326,-0.0281388039014938,-0.027551477298226,0.00309435065567608,-0.115303222314689
997,"long_v3_CCD0.0.25",1.93028057015161,-0.143419162079737,-0.0505737693119113,0.0141546628010793,0.0971167219823234,-0.156611671038909
998,"long_v3_CCD0.0.25",1.82704960908196,-0.196701682066205,-0.137770850204049,0.0224323349940065,0.0971986474780282,-0.00288316232884934
999,"long_v3_CCD0.0.25",1.81596547082317,-0.0979161134423742,0.0906321685120042,0.0305702230320179,0.0225464281326097,-0.0470043842019156
1000,"long_v3_CCD0.0.25",1.90506133718529,-0.157145387432555,-0.0218265754661034,0.0545953171472004,0.0610826608139559,-0.0607176572877847
1001,"long_v3_CCD0.0.25",1.83688418703858,-0.148214415788192,-0.0660406697684532,-0.00696630913935427,-0.00562456127605467,-0.068005633395425
1002,"long_v3_CCD0.0.25",2.06696153779807,-0.248085281493978,0.0726611081489377,0.0185176858912371,0.0257575607843701,-0.140479043162881
1003,"long_v3_CCD0.0.25",2.02346882001395,-0.00179984918036791,0.0760840666866758,0.00401413076700486,-0.0174171336323756,-0.0729785414389928
1004,"long_v3_CCD0.0.25",1.92972013382376,-0.067265064823999,-0.0217593515775051,0.00844253252754801,-0.0196072542696358,-0.0849206516495311
1005,"long_v3_CCD0.0.25",1.73109222656652,-0.15136199030004,-0.0191362697435949,0.0308433612471292,0.0689143962406595,-0.0204698147200471
1006,"long_v3_CCD0.0.25",1.9856603266317,-0.200253723506666,-0.0382701239294502,-0.0340840084267088,-0.0503884479365948,-0.107178872077041
1007,"long_v3_CCD0.0.25",2.18622483193234,-0.0888028088721181,0.101432868656916,0.0884521611162455,0.0619180885799811,-0.097478088620814
1008,"long_v3_CCD0.0.25",1.90398000224897,0.0169628070019862,0.0374234779980533,0.0354633514048231,0.0111333667769336,-0.103796054658259
1009,"long_v3_CCD0.0.25",1.84819406268896,-0.076601454774681,0.0439343066737295,-0.00893465912543989,0.0488784238440146,-0.0150722062082208
1010,"long_v3_CCD0.0.25",1.79660116942708,-0.0645215219608458,0.0663333468413474,0.0733868035362596,0.000614313054942906,-0.0865051486989361
1011,"long_v3_CCD0.0.25",1.91336451487951,-0.151559363506774,-0.0661500864490357,-0.0255459181365293,0.0704412643684675,-0.0440747460221318
1012,"long_v3_CCD0.0.25",1.90313701053462,-0.110985424192313,-0.0605574387522166,0.0220165456624039,0.0306788766624782,-0.0615754758348582
1013,"long_v3_CCD0.0.25",1.80316519980428,-0.188437463831248,-0.0336323192377071,-0.0116430217493175,0.0362174352329599,-0.0941050177324897
1014,"long_v3_CCD0.0.25",1.79249436797593,-0.0977023114229628,0.0759219659831624,0.0422891517232802,0.0205423453849759,-0.0865580474841687
1015,"long_v3_CCD0.0.25",1.97798294129531,-0.177546459364769,0.0653522611116835,0.0308193621667655,0.0179542510641962,-0.0945222119971417
1016,"long_v3_CCD0.0.25",1.88401750649245,-0.12035752130813,-0.0191658883024943,0.0217935124657089,0.0960087568790487,-0.051021744787027
1017,"long_v3_CCD0.0.25",1.81910188381031,-0.168864322728274,-0.072116695581707,-0.0785968529641747,0.0489952969454517,-0.0849509649161451
1018,"long_v3_CCD0.0.25",1.84300696862846,-0.194719619627221,-0.0966597877003191,-0.0284639153996134,0.0252967297177655,-0.0853452255573753
1019,"long_v3_CCD0.0.25",1.82935513205408,-0.0111764369740042,0.00954219141417721,0.06809437657522,-0.0218317827343039,-0.146368973873636
1020,"long_v3_CCD0.0.25",2.0211732819581,-0.216503505622557,-0.163398857905535,-0.0118151481269586,0.00294170691092037,-0.108808435262808
1021,"long_v3_CCD0.0.25",1.97003578603078,-0.128016760171303,0.0028442143230836,0.0229431332505862,0.0684071603998108,-0.00185860624052591
1022,"long_v3_CCD0.0.25",1.87800869447355,-0.045952611405817,0.0535301542152671,-0.0206916490961518,0.0314604544919782,-0.092331063090147
1023,"long_v3_CCD0.0.25",2.01101573475969,-0.157863343038597,-0.0427240074195976,0.0319694618885313,0.0273673626126206,-0.0630144974505581
1024,"long_v3_CCD0.0.25",1.91921759965849,-0.122851014095169,0.0506772767484345,0.0515081531764559,-0.00245094741086458,-0.0849624016347785
1025,"long_v3_CCD0.0.25",1.79602169094933,-0.178785205468683,-0.0667031447207812,-0.0237871088271082,-0.000385810058965746,-0.0848249301819026
1026,"long_v3_CCD0.0.25",1.9479712747837,-0.210355795846513,-0.0842414500405959,-0.0688935588837553,0.0520630427433331,-0.0887557648027873
1027,"long_v3_CCD0.0.25",1.85107481157809,-0.203603321915103,0.00593825762256277,-0.0485954996058105,-0.0130125487499495,-0.116923335089743
1028,"long_v3_CCD0.0.25",1.85795902299483,-0.084024404716043,0.0653344099748061,0.00204462286379876,-0.0300573533855031,-0.0633126361715021
1029,"long_v3_CCD0.0.25",1.75871425606802,-0.15582438092974,0.122869767156791,0.0158996161074136,0.0311138544974074,-0.0585303245364537
1030,"long_v3_CCD0.0.25",1.98096149756752,-0.18798841110111,0.00547453378388269,0.0312594313786485,-0.0413331049210523,-0.181058347252086
1031,"long_v3_CCD0.0.25",1.98656554173613,-0.145655188214109,-0.00178400856605145,0.00744794855572856,-0.00118172675247783,-0.130091199529018
1032,"long_v3_CCD0.0.25",1.91255035660813,-0.177142899930505,-0.0124145538993486,0.0137543575320616,-0.0164768846141098,-0.0985207663761556
1033,"long_v3_CCD0.0.25",1.71761521125784,-0.0859970602020344,0.0319386107466711,-0.0523811510707439,0.0569620969440663,0.00265690216682938
1034,"long_v3_CCD0.0.25",2.19705381060433,-0.0349561902675223,0.0478531238039538,0.046884563161281,0.0470116522058583,-0.073831801649692
1035,"long_v3_CCD0.0.25",1.94559543063199,-0.0862957763411743,-0.0880631188947176,-0.0279860681635655,0.0345392557831313,-0.0446667873451744
1036,"long_v3_CCD0.0.25",1.87253417994404,-0.19123359618852,0.0310147267039735,-0.0342140220491022,0.0233500811280074,-0.102754321164437
1037,"long_v3_CCD0.0.25",1.96943086574975,-0.15839994632149,0.0640989872301501,-0.012603855274545,-0.0141420175660072,-0.193820320425486
1038,"long_v3_CCD0.0.25",1.992744596586,-0.223887517263842,-0.0107053123297964,-0.0110704629720286,0.00661988736183807,-0.131813199776587
1039,"long_v3_CCD0.0.25",1.95837294830447,-0.172476946761748,-0.033955332074247,0.000142302253730507,0.0743388048225995,-0.0482778927511742
1040,"long_v3_CCD0.0.25",2.05430986454978,-0.0904279009543362,0.161794067548526,-0.00737208671421713,0.0446158311069819,-0.0947375960904618
1041,"long_v3_CCD0.0.25",1.89652759405655,-0.23099667600936,-0.0303408238589737,-0.020458994924386,0.0694590301621668,-0.145710463223735
1042,"long_v3_CCD0.0.25",1.88896951835558,-0.0816320271946266,-0.000362156841633045,0.0167929051500449,0.0303707397745521,-0.106668390903217
1043,"long_v3_CCD0.0.25",1.94997906004862,-0.241107481881335,-0.140844379381665,-0.0521994381235429,-0.00829014450170015,-0.027335015782382
1044,"long_v3_CCD0.0.25",1.93996945364025,-0.113402330172211,-0.0275397109876266,0.02561586546212,0.0331103377798702,-0.0738539255490954
1045,"long_v3_CCD0.0.25",1.8819111008972,-0.224487875257709,-0.0265272171364085,0.0453781055467766,0.0138357871326397,-0.0432653400492133
1046,"long_v3_CCD0.0.25",2.0025215371036,-0.261652586611552,-0.0732197919535725,0.0209563819772654,0.0133401832522638,-0.0627446799336802
1047,"long_v3_CCD0.0.25",1.96762811354331,-0.223367653239866,-0.0448903429508467,-0.00997809040922192,0.0107880298423081,-0.148341145855689
1048,"long_v3_CCD0.0.25",1.89033745434122,-0.17016460639631,-0.0304176858728289,0.00774496048797822,0.0431607761963523,-0.0677811862707502
1049,"long_v3_CCD0.0.25",2.02776702221553,-0.0633787179959434,0.0590630805110232,0.0950790781125202,0.0493457356297782,-0.0726905196898669
1050,"long_v3_CCD0.0.25",1.90403079660758,-0.0566524925309317,0.0489294852073573,-0.0149320959081275,0.0290893010782617,-0.084592570458036
1051,"long_v3_CCD0.0.25",1.90785004446613,-0.149348226791258,-0.0474527058795712,-0.0230967880873253,0.0105945960381423,-0.0517548791870197
1052,"long_v3_CCD0.0.25",1.92605876490353,-0.193600847444134,-0.0857189431005794,-0.0188735907280763,0.00887894403029193,-0.0554099843595588
1053,"long_v3_CCD0.0.25",2.09998265591249,-0.13470655904939,-0.0122882010310979,-0.0269814509326987,0.0199827298118321,-0.087974587033758
1054,"long_v3_CCD0.0.25",1.78733082473284,-0.112850040229991,-0.0135163015666517,0.0507943245113454,0.0290238827373405,-0.0938084172432862
1055,"long_v3_CCD0.0.25",1.84982371338107,-0.0940236702460353,-0.064377502656289,0.0404080044446601,0.0692741158828051,-0.111354110772753
1056,"long_v3_CCD0.0.25",1.95508263110222,-0.170236931230523,-0.037277592273084,0.011905657422904,-0.0123797469865839,-0.153881441146603
1057,"long_v3_CCD0.0.25",1.932588379818,-0.104605102258912,-0.0507251968006636,-0.0277732763828647,-0.00236161052306738,-0.037271364139502
1058,"long_v3_CCD0.0.25",2.07132846178488,-0.200581282900183,0.0702992719543575,0.00907013231636864,-0.0198586735372487,-0.112492832138455
1059,"long_v3_CCD0.0.25",2.10278840977173,-0.188242155309346,0.0172952893940421,0.00274293205831724,0.0465365488360655,-0.0104365765830467
1060,"long_v3_CCD0.0.25",1.88176493628526,-0.1574867500366,-0.0437519489855401,0.0254249086517742,0.0382925591148897,-0.0963222831062282
1061,"long_v3_CCD0.0.25",1.98772807858209,-0.244825526317886,-0.112899409367809,0.0255609894235315,0.0591522934220946,-0.095420157615238
1062,"long_v3_CCD0.0.25",2.00424897587343,-0.0929310621161679,0.0855444693942766,0.00319087788168163,0.00898317048386263,-0.175287479294727
1063,"long_v3_CCD0.0.25",1.91828785976776,-0.0638781406016891,0.0569885432760384,0.0183746908456578,0.00892856883257259,-0.0947632450735035
1064,"long_v3_CCD0.0.25",1.83960022516346,-0.129624604806901,-0.00330078436202076,-0.00509139886103126,0.0089491421012004,-0.0390412666411365
1065,"long_v3_CCD0.0.25",1.95038450203271,-0.155173394851191,-0.0272513583889335,0.030204092216513,-0.0138603308797566,-0.127718311889943
1066,"long_v3_CCD0.0.25",2.00524278595527,-0.197672660208666,-0.0288521856411315,0.0287946758375399,-0.00326120713838014,-0.0479482556818409
1067,"long_v3_CCD0.0.25",1.84281009475275,-0.0655152127368953,0.0315112179315847,0.0411778091750625,-0.023759170291945,-0.0265877554111444
1068,"long_v3_CCD0.0.25",1.94449392389347,-0.0912698539744866,0.0602198655394885,-0.0182217554362804,0.00715608375745872,-0.0633540803085394
1069,"long_v3_CCD0.0.25",2.01766109563041,-0.122092962260338,-0.0142674039370329,-0.0159691003420718,0.0597137463840635,-0.145686266844481
1070,"long_v3_CCD0.0.25",1.89584387995796,-0.177780168138471,-0.04505398046946,-0.0422535640097323,0.0110998586282092,-0.111164682725094
1071,"long_v3_CCD0.0.25",1.94608890420116,-0.0796281152875532,-0.0692210681041098,0.0200687435990784,-0.0197313803318662,-0.0357940081175339
1072,"long_v3_CCD0.0.25",1.95928293872255,-0.149837825688472,0.00292040893693151,0.0633226772824834,-0.0227066918009023,-0.088920222576278
1073,"long_v3_CCD0.0.25",1.93533609607234,-0.127669076578307,0.0308757876037853,-0.0249904573492825,0.054465295141748,-0.107549511051463
1074,"long_v3_CCD0.0.25",1.92374929181153,-0.145291148286332,0.110097952447145,0.00729452222954924,0.0500893441647151,-0.141390358264049
1075,"long_v3_CCD0.0.25",1.99156678631123,-0.178629023917246,0.0576332318046086,0.0257611890426988,0.075119703281817,-0.122276774445878
1076,"long_v3_CCD0.0.25",2.11740597833558,-0.118869904588862,-0.00661314706628864,-0.0278516103807847,-0.00191150221885667,-0.0674313174346007
1077,"long_v3_CCD0.0.25",1.98890974187233,-0.245655055029843,0.0145508333908235,0.134402092294101,-0.011293807815753,-0.145139608387923
1078,"long_v3_CCD0.0.25",2.00732966002573,-0.0482093418617601,0.0982644392636536,0.0503351798993871,-0.00404945924938237,-0.139236391054412
1079,"long_v3_CCD0.0.25",1.91559800500256,-0.126074125533643,0.0616216120945508,0.0370481327662315,0.00383321978478159,-0.0228233107032908
1080,"long_v3_CCD0.0.25",1.96142755502273,-0.198615384232037,-0.0558207588107791,0.0035689507637824,0.0146622314929888,-0.0867376483749057
1081,"long_v3_CCD0.0.25",1.98808858372584,-0.172613600196114,-0.0315042287315009,0.00084583121272384,-0.0325232519928687,-0.0820231392695018
1082,"long_v3_CCD0.0.25",1.80529419374589,-0.222145058815665,-0.116373733729543,-0.0222497405616326,-0.000454622825156941,-0.080741376282386
1083,"long_v3_CCD0.0.25",1.73406776506404,-0.142696982625649,0.0197889997535359,0.0361915522620571,-0.0368948083783367,-0.113319259582508
1084,"long_v3_CCD0.0.25",2.05307326582918,-0.24702859800217,-0.000458474501378666,0.0340176500916372,0.0630506881309317,-0.111043814096017
1085,"long_v3_CCD0.0.25",2.10966059133238,-0.221157454072293,0.0288531051733284,0.00861440629853204,0.0640843214413102,-0.119780497777702
1086,"long_v3_CCD0.0.25",1.9684634674205,-0.165625692304851,-0.0504641516385667,0.0115114668739957,-0.031767550218446,-0.11689204636468
1087,"long_v3_CCD0.0.25",1.90171125992982,-0.142018187715492,-0.0539815540566761,-0.00920219773416758,0.0635781823893233,-0.134204136253291
1088,"long_v3_CCD0.0.25",1.86933308786727,-0.159318588251209,-0.0134606216129657,0.0112080701365378,0.0853138322355706,-0.0910000309476755
1089,"long_v3_CCD0.0.25",1.73195219533466,-0.0337158683991991,0.0157203026183549,0.0196405395796339,-0.00813387918837168,-0.0156470486884136
1090,"long_v3_CCD0.0.25",1.87124011040854,-0.0940743789852074,0.0910806724631272,0.0262143261276026,0.0407254707168357,-0.0174068037425418
1091,"long_v3_CCD0.0.25",1.74379002860645,-0.189085314134967,-0.0567457400845255,0.0130159549047246,0.00484839635238215,-0.0264610386911246
1092,"long_v3_CCD0.0.25",1.86740992984127,-0.129491003446706,0.0257329900608358,-0.000307557275276931,0.0392197109137846,-0.0837640103247466
1093,"long_v3_CCD0.0.25",2.04207448050789,-0.240955560445875,-0.0402749670614698,-0.0198374351406272,0.0113658404043092,-0.0488366566939113
1094,"long_v3_CCD0.0.25",1.96908416677908,-0.146946116531218,0.00228429834574888,-0.00742655412936287,0.0379159911660969,-0.101745359972154
1095,"long_v3_CCD0.0.25",1.87801868013734,-0.0299454116225736,0.0611059793930914,0.0402309351372834,0.0318770087680159,-0.115640975310287
1096,"long_v3_CCD0.0.25",1.81530632172645,-0.087744581713637,-0.0279841193516357,-0.0102684289816118,0.0418187853108502,0.00277474718100854
1097,"long_v3_CCD0.0.25",1.95790971811534,-0.120611775010287,0.0623548675645417,0.0101620546272861,0.0256040445027018,-0.122856982259046
1098,"long_v3_CCD0.0.25",2.03214712899109,-0.0849295639607539,0.0848717256483229,-0.0178004838796542,0.00697580008754256,-0.145794384935358
1099,"long_v3_CCD0.0.25",1.99924339261947,-0.284206071990004,-0.0816236311994821,-0.0386739935898898,-0.0447774889590969,-0.181226122772202
1100,"long_v3_CCD0.0.25",1.89463026278255,-0.225580787548579,-0.090346835227845,-0.0224094624386251,0.0419372536045147,0.000330485652734921
1101,"long_v3_CCD0.0.25",1.99750878533579,-0.169529192349475,0.0565105969668069,0.0383225139093741,0.0408283018638267,-0.138663068370033
1102,"long_v3_CCD0.0.25",1.98558559845527,-0.196907707687518,-0.062200936894476,-0.0153800215766495,0.00331314564648404,-0.0940797729419987
1103,"long_v3_CCD0.0.25",1.85731185798148,-0.17251252868403,0.0562398075917417,-0.0165655984005572,0.057191230615732,-0.105441330678165
1104,"long_v3_CCD0.0.25",2.053337084353,-0.143882023357763,0.0565405401243569,0.07435140930124,0.0204815268523645,-0.13898749042154
1105,"long_v3_CCD0.0.25",1.93673759809916,-0.120778478379209,-0.09356735281647,0.0352226527692944,0.0575384315503839,-0.0904632597969211
1106,"long_v3_CCD0.0.25",1.85733325113924,-0.125210507592325,0.012500015674943,-0.0399796674889728,0.0397000888420189,-0.041125725163493
1107,"long_v3_CCD0.0.25",2.00466465801862,-0.102931161220706,0.135605269251725,0.00733421045786923,0.0280999121993429,-0.103899430959212
1108,"long_v3_CCD0.0.25",1.84231494508109,-0.240627917890904,0.0406474599506388,0.00143911147637489,0.0257248960464502,-0.185039608630662
1109,"long_v3_CCD0.0.25",2.04775026048549,-0.188083425549714,-0.0475979686672465,-0.00631396273505269,-0.00207717022080637,-0.127898718907675
1110,"long_v3_CCD0.0.25",1.84161553979088,-0.0833356334915312,0.0355697505833487,0.0509224398387111,-0.0160632606035325,-0.0997424767196939
1111,"long_v3_CCD0.0.25",1.99620021759529,-0.0689491991879477,0.0143297375085376,0.0830343704030108,-0.0156831448343959,-0.0898387697751931
1112,"long_v3_CCD0.0.25",1.99672447324195,-0.285163571371707,-0.0046861120647361,-0.0166887826356261,0.085424810893151,-0.112792067199348
1113,"long_v3_CCD0.0.25",1.96716265765221,-0.234000938532914,-0.0652226408520516,-0.0051983339086227,0.0897349093130152,-0.0860317765338946
1114,"long_v3_CCD0.0.25",1.90535273855655,-0.192632314951093,-0.00474991068172198,0.0104465661377014,0.00790031457070471,-0.0240825547071588
1115,"long_v3_CCD0.0.25",1.78520284660623,-0.206607258667246,-0.0499909752764142,-0.0329980048926137,0.0432920535520646,-0.0631692532475234
1116,"long_v3_CCD0.0.25",1.85755720443237,-0.09120833951573,0.0190314967450281,0.0137509178822557,0.0597889763765291,-0.013284736434631
1117,"long_v3_CCD0.0.25",2.17140762494887,-0.123760791143861,-0.029695412115948,0.0781254038463116,0.00220676230963502,-0.163624882208784
1118,"long_v3_CCD0.0.25",1.9039496673156,-0.168962796123436,-0.0589252812877385,0.0149109542572153,0.0283950782589338,-0.0768501929842477
1119,"long_v3_CCD0.0.25",1.88722363180858,-0.123178584416493,-0.000127838341931396,0.076859082060181,-0.0063101033205463,-0.00527915461036145
1120,"long_v3_CCD0.0.25",2.01437708229009,-0.257021604088964,-0.16709025189783,0.0254701242975598,0.0318082920514993,-0.123653971469425
1121,"long_v3_CCD0.0.25",2.00695253964623,-0.150239733944493,0.0133892644862441,0.00606545006364696,0.00267164418741945,-0.0392208103580234
1122,"long_v3_CCD0.0.25",1.86758073095555,-0.199956657454123,-0.0113207351170401,0.00823581294128537,-0.0071765627646256,-0.138415903791759
1123,"long_v3_CCD0.0.25",1.90370186615743,-0.187332290084512,-0.0050462738754263,0.0998108881251648,0.0505921203387655,-0.0961558308918289
1124,"long_v3_CCD0.0.25",1.87824716484316,-0.193050502257746,-0.0139967678291296,-0.0649725997772546,0.023019226632285,-0.0460574182810304
1125,"long_v3_CCD0.0.25",1.92714700160372,-0.172892198867861,-0.0540958524572894,0.00401911498452982,-0.00358722148892159,-0.0334176293278006
1126,"long_v3_CCD0.0.25",2.15300208552968,-0.303212966142005,-0.0688248447987466,-0.0158763914591438,0.00685499014457353,-0.137836950379172
1127,"long_v3_CCD0.0.25",1.92997845890968,-0.0384486634851771,0.0817171399092455,-0.000863761257716083,-0.0164740246203076,-0.0910311704660257
1128,"long_v3_CCD0.0.25",1.89765971264358,-0.0101179828807242,0.0932232321193685,0.0443955625741516,-0.01590859255498,-0.0546134686189356
1129,"long_v3_CCD0.0.25",2.17483885433109,-0.145993754426665,0.0175045897679815,0.00184484052763377,-0.00830233933066137,-0.187460973570676
1130,"long_v3_CCD0.0.25",1.87860590705297,-0.221267659493232,-0.00284294915521809,0.0364701089382651,0.0185850649475289,-0.0989092965873069
1131,"long_v3_CCD0.0.25",1.87515996162475,-0.202889728393179,-0.104031136816982,0.023422023981779,-0.0557353306142896,-0.0712414788225772
1132,"long_v3_CCD0.0.25",1.89359822376437,-0.137729091275806,0.00226325945383368,0.0088141287525447,-0.0657098683244646,-0.083985280160411
1133,"long_v3_CCD0.0.25",1.87280822021161,-0.159165183448118,-0.0632632816106918,0.00249953627742051,0.00634855266796927,-0.0531863438971172
1134,"long_v3_CCD0.0.25",1.83409734434107,-0.14370940913584,-0.0511670390580902,-0.00103858628333978,-0.00241882230665306,-0.135075113651058
1135,"long_v3_CCD0.0.25",1.98749665982377,-0.225874145301981,-0.0796120070632379,-0.0222478147266471,0.0582759397228616,-0.0704611685823755
1136,"long_v3_CCD0.0.25",1.98246129491888,-0.0902904302725203,-0.0372345928256588,0.00136549546991989,0.0221828246429386,-0.0931210762998222
1137,"long_v3_CCD0.0.25",1.90244431294766,-0.147977424382177,-0.120135341244513,0.0133146459743512,0.0729445708593998,-0.0698755129395195
1138,"long_v3_CCD0.0.25",1.81223646053791,-0.094967413484577,0.0461755510119101,0.004303383528304,0.0210065984404878,-0.129140091000165
1139,"long_v3_CCD0.0.25",1.89150141799026,-0.194645452178284,-0.0608039084055526,-0.0415981931220706,0.00403956594446922,-0.133864124512604
1140,"long_v3_CCD0.0.25",2.09995941705118,-0.257659453879115,-0.0454606491030469,0.00472318852876413,0.05861708630943,-0.114770604674576
1141,"long_v3_CCD0.0.25",1.87867987658339,-0.102836382959443,0.0697983729738189,-0.0506821252968165,-0.020073434374032,-0.140635917611049
1142,"long_v3_CCD0.0.25",1.91756925924594,-0.176743905852636,0.00754104460290276,-0.0353247864400577,-0.0112028051742987,-0.123072226932763
1143,"long_v3_CCD0.0.25",2.04221602781897,-0.100746204735697,0.0138855073648322,-0.00840087980422993,0.0344757707642671,-0.0811217478930597
1144,"long_v3_CCD0.0.25",1.90571206721335,-0.0850743451717457,0.0287752364605205,0.0459144328717288,-0.0485547686499739,-0.103564365453197
1145,"long_v3_CCD0.0.25",1.94674919169258,-0.0716685431395249,0.0608982874121054,0.0808280789952559,0.0569195927521375,-0.0766142079906927
1146,"long_v3_CCD0.0.25",1.95368455182639,-0.0963264485352819,0.0231963226848088,0.00839261852524833,0.0241607931499119,-0.0643761729711324
1147,"long_v3_CCD0.0.25",2.04974907385423,-0.161765403603674,0.119965050335077,0.018000413205976,0.0344839907710969,-0.108525720432268
1148,"long_v3_CCD0.0.25",1.86080053273561,-0.123104839750912,-0.0552600398272672,-0.0536286373684612,0.0194431927408973,-0.0197439966328042
1149,"long_v3_CCD0.0.25",1.8688048099702,-0.0916298555996993,-0.0477177998284834,-0.00932319912895427,0.0206297303465488,-0.0610975416404351
1150,"long_v3_CCD0.0.25",2.00121758741826,-0.146582930754852,-0.0553958211783143,0.0182350140887935,0.0248553343366823,-0.0621804874332285
1151,"long_v3_CCD0.0.25",2.11564852090483,-0.253942289817619,-0.0610426690608652,-0.0366128955434788,0.0539562138149558,-0.134781694859419
1152,"long_v3_CCD0.0.25",1.99468561826185,-0.168713151715051,-0.0473308097388692,0.0584040430613886,-0.0294681186223601,-0.149652963413801
1153,"long_v3_CCD0.0.25",1.83825286430982,-0.0723032332787947,0.0181604609561795,-0.00263444309925691,0.0776760772003249,-0.0489977200431163
1154,"long_v3_CCD0.0.25",1.91743113129387,-0.224994730094466,-0.027255829053875,0.0110297326478398,0.0563904787154546,-0.0782697000896438
1155,"long_v3_CCD0.0.25",1.98608906207613,-0.177181360095237,0.042096908203405,0.0247570938648757,0.067426434251284,-0.135440883111182
1156,"long_v3_CCD0.0.25",1.89736692174786,-0.115597796210934,0.0729524868428332,-0.00206859496502858,-0.0270843296595717,-0.14227650314025
1157,"long_v3_CCD0.0.25",1.92896440919688,-0.232368213018015,-0.0975018568178417,0.0308926367867996,0.00901802407217193,-0.114867066628185
1158,"long_v3_CCD0.0.25",1.89228560264648,-0.0529205285146247,0.0736953074117911,-0.0289957186509501,-0.0113925256031457,-0.231928914025641
1159,"long_v3_CCD0.0.25",2.0069516670541,-0.106059760511835,0.0433202180010121,0.0582646646510944,0.0857855875974269,-0.0906262169785843
1160,"long_v3_CCD0.0.25",1.91465599844489,-0.139278364787198,0.0167961084334423,0.040595872558496,-0.00782228993746705,-0.144696626681236
1161,"long_v3_CCD0.0.25",1.98720734509932,-0.111615952975807,-0.0284967479791012,0.0186385154520144,-0.0169430623664197,-0.0943918838627199
1162,"long_v3_CCD0.0.25",1.96609038184328,-0.175433796556291,-0.0305687621483546,-0.0187758440286069,0.00290516914909796,-0.092193909218805
1163,"long_v3_CCD0.0.25",1.94002597662529,-0.163300916233598,-0.00795705151934937,0.0283900186661209,-0.0327305440265552,-0.0872239318238062
1164,"long_v3_CCD0.0.25",1.95650827372294,-0.0968151044436107,0.0946753788367183,0.0451047525790133,0.0560719705189879,-0.135673887779011
1165,"long_v3_CCD0.0.25",1.87805111538354,-0.220806491431749,0.0472541253041256,0.00880845231470229,0.014466845547117,-0.045684801449648
1166,"long_v3_CCD0.0.25",1.9617914277014,-0.119122768804398,-0.0527916232840715,-0.0050127222831955,-0.0257318646501064,-0.114743783149203
1167,"long_v3_CCD0.0.25",1.92623616990224,-0.140638936473637,-0.0416905757359727,-0.0177983314297407,-0.0222730285209145,-0.0626749143036819
1168,"long_v3_CCD0.0.25",1.89828325840944,-0.115378427134563,-0.000306275592618699,-0.00884126126912886,0.0047622931534713,-0.117713441495346
1169,"long_v3_CCD0.0.25",2.0700598298029,-0.12386783926716,0.00184835899595134,0.0420210749629527,0.0825471037513529,-0.0964140180132008
1170,"long_v3_CCD0.0.25",1.84393083139642,-0.137957045995241,0.0551671073398226,0.0507522398063544,0.0314045304525683,-0.0463554304022897
1171,"long_v3_CCD0.0.25",1.96253981533697,-0.160550695840273,0.0752862590090245,0.0475022333044973,0.0654281622560537,-0.111698869180107
1172,"long_v3_CCD0.0.25",2.03556889071052,-0.082478221865976,0.056671426633245,0.0199147941727537,0.00339884732561492,-0.148528653514142
1173,"long_v3_CCD0.0.25",1.96511510861734,-0.175978922889364,0.00649720640000846,0.0149226381647883,0.00690856318817726,-0.109153425495642
1174,"long_v3_CCD0.0.25",1.88292247983154,-0.143385393792964,-0.0323444119854793,0.0686565746329921,0.0545394878938789,-0.0573999103718166
1175,"long_v3_CCD0.0.25",1.98203617292815,-0.211286725111909,-0.00316131153513,-0.07004801525609,0.0202281167693589,-0.131529248971959
1176,"long_v3_CCD0.0.25",2.05768274274787,-0.230676705451133,-0.0190997024531961,-0.00808677552055091,0.00298248263188234,-0.11987145312746
1177,"long_v3_CCD0.0.25",1.85850021874586,-0.132979886926374,0.00521713942189038,-0.00266701329372703,0.00708913793829376,-0.100704093502935
1178,"long_v3_CCD0.0.25",2.09794917848812,-0.131823019865448,-0.0300617600507742,-0.009084186725876,0.00293659622303038,-0.115420756538982
1179,"long_v3_CCD0.0.25",2.04336173084858,-0.136529804388483,-0.00340176225227036,0.00265750738975486,0.0595476629301687,-0.102906723019504
1180,"long_v3_CCD0.0.25",1.82660238953971,-0.324346052536946,-0.00844081227748712,0.0400466588670303,0.041874463436366,-0.0884365674821714
1181,"long_v3_CCD0.0.25",1.91817846694357,-0.204070333049403,0.0266328659460277,0.00935771519397767,0.0650853941856383,-0.102141670000717
1182,"long_v3_CCD0.0.25",2.07502151082958,-0.15102888729084,0.00146236225510513,-3.45810476490051e-05,-0.0225851700913654,-0.133824573292569
1183,"long_v3_CCD0.0.25",2.13872813769014,-0.185369680087424,-0.0262477113535227,0.0597132277992485,-0.0173244049362858,-0.207369391198125
1184,"long_v3_CCD0.0.25",1.94192005914028,-0.148917498176086,0.0696899786549753,-0.00905724959158234,-0.00761364827586554,-0.1327573034829
1185,"long_v3_CCD0.0.25",2.05564576029409,-0.254702122969005,-0.0226939835556995,0.0389416629728126,0.0442708154282476,-0.129129789498572
1186,"long_v3_CCD0.0.25",1.93622964255457,-0.090284001673152,-0.0808546125392308,0.0110402370498472,0.0126291771812294,-0.0679207770443069
1187,"long_v3_CCD0.0.25",1.90618793452532,-0.0853388854108805,-0.0020824682994215,0.00996270716306252,0.0955809788944428,-0.0500259875506015
1188,"long_v3_CCD0.0.25",1.98354263721978,-0.233130529909813,0.0609955561210065,0.105242989268595,0.0535649659979978,-0.1528214656703
1189,"long_v3_CCD0.0.25",1.94867267585592,-0.174711873288313,-0.0264768646877692,0.00400506712379109,0.0033657923120796,-0.129035244856155
1190,"long_v3_CCD0.0.25",1.89501202402935,-0.143258260200787,-0.0828960793440749,-0.089618712674038,0.0495106835218309,-0.103102635496972
1191,"long_v3_CCD0.0.25",1.86738563281956,-0.206313318422367,0.0850933116028754,0.0358095353142139,-0.0220849148877753,-0.131255426352406
1192,"long_v3_CCD0.0.25",2.02931359421113,-0.0810297428778861,0.109630364451806,0.0133815570981666,-0.000427699083335085,-0.0655856882331432
1193,"long_v3_CCD0.0.25",1.93166909567167,-0.0637611604856861,0.0399055065918823,0.0138722958246141,-0.0590224763295994,-0.102526997749839
1194,"long_v3_CCD0.0.25",1.92660091235703,-0.12845250275548,-0.00681015808659151,0.0307404748668436,-0.0133443681440804,-0.165650094203186
1195,"long_v3_CCD0.0.25",2.1538893587632,-0.116355139115879,0.0216988952293292,0.0497660174634102,-0.028024598187699,-0.0922183863634106
1196,"long_v3_CCD0.0.25",1.83106362644284,-0.130867420823552,-0.0459432733735473,-0.0133971556652593,0.0404921045639043,-0.0795353837210164
1197,"long_v3_CCD0.0.25",1.98876859137822,-0.112289030002051,0.0280536635046185,-0.00885564631838294,0.0185754759679279,-0.117596668569119
1198,"long_v3_CCD0.0.25",2.13511843671418,-0.133848473142922,0.0850641259411942,-0.000321031016365956,0.0144012707482873,-0.114555515817413
1199,"long_v3_CCD0.0.25",1.80515255597803,-0.0786894263422136,-0.00379022164518276,0.0284557376718565,0.0700060437832499,-0.104532377772871
1200,"long_v3_CCD0.0.25",1.87584951124733,0.00949253932880455,0.125751122516224,0.0654382115697946,0.0141817193800606,-0.0839413685014414
1201,"long_v3_CCD0.0.25",2.09019365453497,-0.0881507346724207,0.0221482810404437,-0.00646161055593161,0.0275277093513216,-0.0884872164968753
1202,"long_v3_CCD0.0.25",1.95151681866681,-0.110364358457851,0.0919234810312518,0.0138114308503394,0.0218726062884223,-0.0908211329681547
1203,"long_v3_CCD0.0.25",1.80593017393936,0.047079762772231,0.01913147798246,-0.0666693769933263,0.0412919100998686,-0.0608619700277551
1204,"long_v3_CCD0.0.25",1.93333276380163,-0.0862366150252745,-0.00684654259146062,0.0353497295290223,0.0573314357924853,-0.137498080902132
1205,"long_v3_CCD0.0.25",2.1249381442234,-0.120200380161168,0.0628399252223625,-0.02736409796353,-0.00773458308975213,-0.0980945905419233
1206,"long_v3_CCD0.0.25",1.9975215404446,-0.0970041794150355,0.029722187362153,-0.0232612839869339,-0.00821736693351481,-0.116406050828434
1207,"long_v3_CCD0.0.25",2.06682398574405,-0.192231855082537,-0.00159552917791512,-0.0500407901819738,-0.0119744172569302,-0.135603984165828
1208,"long_v3_CCD0.0.25",1.95791456547365,-0.0516048211409443,0.167921034384428,-0.0426967852019245,0.0234416657597863,-0.0840101074640698
1209,"long_v3_CCD0.0.25",2.10828747886434,-0.131380448875954,-0.0968490670582273,0.0162723142000712,-0.0676448868581003,-0.107330549514781
1210,"long_v3_CCD0.0.25",2.02838188832112,-0.190740893465192,0.00363791847727427,0.0349710458967513,-0.00417839968300322,-0.122560060088248
1211,"long_v3_CCD0.0.25",1.92076247233515,-0.144111543195212,0.00109912136727131,0.0426844710530264,0.045608531939556,-0.120464003821654
1212,"long_v3_CCD0.0.25",2.07640718309228,-0.0679986882763491,-0.0288946492561346,-0.0166852172607797,-0.00788910899489113,-0.0364682126610901
1213,"long_v3_CCD0.0.25",2.11845925321503,-0.0855877403393241,-0.0638449210865112,0.0224065324093724,0.0153093985243741,-0.108062882144884
1214,"long_v3_CCD0.0.25",1.81345232696668,-0.0427157202044328,0.00777595149305362,-0.00908139797056822,0.0162324001065051,-0.127941636739525
1215,"long_v3_CCD0.0.25",1.89632258460661,-0.150211028780889,-0.0542607987495709,0.0342768895503386,0.0307935492492236,-0.0963473121481631
1216,"long_v3_CCD0.0.25",2.03663575332154,0.0219339447559113,0.0708352130175573,-0.015461442342168,-0.00998464796588103,-0.133823255266785
1217,"long_v3_CCD0.0.25",1.96520898943173,0.0018446435822707,0.0731890513050646,-0.0340382795315402,0.0213518521762599,-0.0667197983176374
1218,"long_v3_CCD0.0.25",1.82855801716187,-0.109046961514719,0.0468582303263768,0.0215951731890476,0.0530582189874122,-0.15527128182239
1219,"long_v3_CCD0.0.25",2.03829069539692,-0.114053509052766,-0.150184327900364,-0.0172948944343027,-0.0784559591885777,-0.100321115975084
1220,"long_v3_CCD0.0.25",1.77188864338101,-0.0818848651254945,0.120109419897054,0.0064196680249177,0.0103536416222014,-0.0894742062636744
1221,"long_v3_CCD0.0.25",1.96729861359872,-0.245667266019454,-0.0288378536909961,0.0591535073423419,-0.0180718842610376,-0.114536528473609
1222,"long_v3_CCD0.0.25",1.8004130010653,0.00653802409614104,0.0362150777475305,0.0298269307591547,0.000760575408843153,-0.0822478231096509
1223,"long_v3_CCD0.0.25",1.95733769986535,-0.109493349684422,0.128933935213139,0.0251502526516159,0.00765075877844407,-0.104999408928362
1224,"long_v3_CCD0.0.25",1.81549550848552,-0.166236175332817,-0.0611503719776336,0.00965101772808021,0.0304263424155475,-0.150879470221775
1225,"long_v3_CCD0.0.25",1.87806949253488,-0.186737064101999,-0.0566550652020994,-0.0456921403832832,0.0155234362026234,-0.0329616931809425
1226,"long_v3_CCD0.0.25",1.89846114740408,-0.172578308287349,0.120791309140927,0.0297125901641188,0.0355505505774573,-0.139408538833142
1227,"long_v3_CCD0.0.25",2.13629997033107,-0.0943077937969393,0.0903170065919988,0.00262884255892234,0.040801153506797,-0.123463732518355
1228,"long_v3_CCD0.0.25",1.79712211147838,-0.0788306552432066,0.0553651680190342,0.0122437976812086,0.111686973954337,-0.033263002853729
1229,"long_v3_CCD0.0.25",1.96523430851015,-0.17970591874203,-0.0142829572928997,0.0148026312086177,-0.0300402933501204,-0.0336680135984511
1230,"long_v3_CCD0.0.25",1.85843797877067,-0.236754007783548,-0.129133229750942,-0.0112705376437645,0.0781437331248559,0.000489313110645938
1231,"long_v3_CCD0.0.25",1.98791233899356,-0.0795068580781165,0.118793552425952,-0.0313264080104257,-0.0923411332543361,-0.119331940144076
1232,"long_v3_CCD0.0.25",1.98517196406011,0.0267520312997938,0.0614368727187037,-0.00231756506312758,0.0183893028524133,-0.112116109867521
1233,"long_v3_CCD0.0.25",1.97974778038176,-0.142866320347903,-0.0486171206763103,-0.0316955849350529,-0.0262280997735622,-0.0759600095568451
1234,"long_v3_CCD0.0.25",1.91392026128043,-0.233789751086402,-0.050243276475475,0.0172294892249062,-0.0148260954132314,-0.163101333440935
1235,"long_v3_CCD0.0.25",2.03269068995925,-0.0649015757457142,0.0495416161617049,0.0389074153717051,0.0361503107321432,-0.135037364011498
1236,"long_v3_CCD0.0.25",1.63829288491615,-0.140126543186045,-0.0750040314214087,0.0362307604645745,0.0400611844224496,-0.0655523445483425
1237,"long_v3_CCD0.0.25",1.85208998138037,-0.243044891304786,0.00742003997826384,-0.0749475052809482,-0.0381170379681619,-0.057103026214229
1238,"long_v3_CCD0.0.25",1.94763575501072,-0.12558518748497,0.0246745108714159,0.059473966138011,0.021118611537991,-0.0963951737222315
1239,"long_v3_CCD0.0.25",1.96925688120686,-0.0592849986790855,0.0681657815552849,0.0309827788676393,0.0190524079375754,-0.0874280785594319
1240,"long_v3_CCD0.0.25",1.80266099151994,-0.151104616950152,-0.0606047315763442,0.0533232838493987,0.0048790244503329,-0.0947494841950815
1241,"long_v3_CCD0.0.25",1.9005527547877,-0.206093813028077,-0.193032965667544,0.0740854469311389,0.00449396075314896,-0.169547328618517
1242,"long_v3_CCD0.0.25",2.02240564919386,-0.169639649312238,-0.0093183251187105,0.0128021187128397,0.0467068649770532,-0.103158124739724
1243,"long_v3_CCD0.0.25",1.95665149400806,-0.051941922305573,0.0894045080523803,0.0115400534024819,0.036101336644604,-0.046595464886398
1244,"long_v3_CCD0.0.25",2.06362865002207,-0.14785213559756,0.021583477552683,0.0439153301304089,0.00649179958295767,-0.169874379728463
1245,"long_v3_CCD0.0.25",1.94486612787554,-0.108587310440284,0.040056350879854,0.027396280046465,0.0188423346456434,-0.0962674141647098
1246,"long_v3_CCD0.0.25",1.90768397676737,-0.129267201915016,-0.0638515472518071,0.0528350570854501,0.0068077951378445,-0.0729969325862079
1247,"long_v3_CCD0.0.25",1.97141537703031,-0.176973610989116,0.0128605937148282,0.00951755561963242,-0.0162613001159957,-0.13401669729568
1248,"long_v3_CCD0.0.25",2.03504516353562,-0.198779513515433,0.0136947821387722,0.0400725198886412,0.0850875177204889,-0.0536009796952782
1249,"long_v3_CCD0.0.25",2.14863517368463,-0.126477319303506,0.0155888448657284,0.0314875126382798,0.062578379463004,-0.110482263482891
1250,"long_v3_CCD0.0.25",1.94887898640913,-0.105718822377999,0.120271695011442,0.0172464677014,-0.0014835609529403,-0.164227377564725
1251,"long_v3_CCD0.0.25",1.96107207425334,-0.0542201538264225,0.00982351669761342,-0.0432938269328035,0.0022191994177034,-0.0711906436749003
1252,"long_v3_CCD0.0.25",1.85539492857132,-0.211452265367224,0.0526068641978808,0.0308120551001454,0.0384206366361894,-0.118675934280869
1253,"long_v3_CCD0.0.25",1.96173036636745,-0.176112294637376,0.0148023420656338,0.0181047487194752,0.0313001069621496,-0.114064296762855
1254,"long_v3_CCD0.0.25",2.00186531325039,-0.206532504342846,0.00935349664613302,-0.0209353870033895,0.00219211822895103,-0.13474136615432
1255,"long_v3_CCD0.0.25",1.96343834504063,-0.126412697677137,-0.0205824862672375,0.0584104461981829,-0.0556141105646909,-0.0364843334774411
1256,"long_v3_CCD0.0.25",2.00985625177298,-0.108810131726245,-0.0277070337720922,0.00287441441712484,-0.00827786975243427,-0.0296839118028318
1257,"long_v3_CCD0.0.25",1.85641481545749,-0.278506607892681,0.0467834123272395,0.0032201245808836,0.137427735595151,-0.055790382296818
1258,"long_v3_CCD0.0.25",1.88291787142704,-0.164291384701941,-0.0819430312907511,-0.0211794278913417,-0.00917079210457092,-0.147004460991215
1259,"long_v3_CCD0.0.25",2.09369206258994,-0.173787068585097,0.0406327527833353,0.030413917838495,0.0602457862449223,-0.0383745794607331
1260,"long_v3_CCD0.0.25",1.87950469355667,-0.184026877944437,0.0628454162563958,0.0698150746705742,0.0338924922763864,-0.084115039127811
1261,"long_v3_CCD0.0.25",2.11049192550268,-0.187534186368135,0.0396958223090093,0.0124270843128818,0.0237387174347984,-0.0930109162603427
1262,"long_v3_CCD0.0.25",1.81134731329163,-0.0703327874197205,0.132863407492571,-0.00295587973464984,-0.0319605454723028,-0.131668804711448
1263,"long_v3_CCD0.0.25",1.92288419709794,-0.038468765138543,0.0410348660261907,-0.00529646463685154,-0.0695310926924051,-0.170299504294594
1264,"long_v3_CCD0.0.25",1.84719834635999,-0.163497762653796,0.00309647825814347,0.0344962938740441,0.00342161864149472,-0.055291521287238
1265,"long_v3_CCD0.0.25",1.75646845292894,-0.102391003227756,0.00214574294505381,0.0178876276440115,0.0725571166452471,-0.0408487644003107
1266,"long_v3_CCD0.0.25",1.82381408665987,-0.0391031565314468,-0.0752790449124231,0.0261795646306841,-0.0425496644916451,-0.00230101355907551
1267,"long_v3_CCD0.0.25",1.87284354670278,-0.191130515332059,0.000624850074171034,-0.00539042387036211,0.0190322406041411,-0.0274283860711496
1268,"long_v3_CCD0.0.25",1.93325003917049,-0.19567856742239,0.0631586791900833,0.0447793736734637,0.0347290692654692,-0.139861437792028
1269,"long_v3_CCD0.0.25",1.93876954790036,-0.103835331566492,-0.048147555344352,-0.0135152080115513,0.00803364732052588,-0.135872805078566
1270,"long_v3_CCD0.0.25",1.90478651972573,-0.163727083935455,-0.0493773198726056,0.00906521950362577,0.0307638189016165,-0.156124731968444
1271,"long_v3_CCD0.0.25",2.00873743971875,-0.223435074569178,0.0180473170501175,0.0139639659205255,0.0587686284314125,-0.139496809269613
1272,"long_v3_CCD0.0.25",2.04480618252924,-0.0974880780043816,0.00332767071725549,-0.0185456204256711,-0.0499890223894093,-0.0536107319131336
1273,"long_v3_CCD0.0.25",1.99885408665561,-0.0787247994041981,-0.0623288903032685,0.00290793021909757,-0.0372363638328001,-0.0404829283353652
1274,"long_v3_CCD0.0.25",2.16590148074795,-0.169979713027964,-0.00594102872375062,0.0913383869873831,0.00148978581064459,-0.0915079783047142
1275,"long_v3_CCD0.0.25",2.01066404105156,-0.153883253685637,0.0297518658848314,-0.0254386051350735,0.0366524776081269,-0.0917968291802458
1276,"long_v3_CCD0.0.25",1.9766065735843,-0.0768386071136943,0.109989945782962,-0.0141297932797534,0.0220264187791753,-0.026326505578011
1277,"long_v3_CCD0.0.25",1.9472638630158,-0.0511774746440774,0.0897443354109295,0.0507558811090155,0.0277472683038032,-0.110239335199049
1278,"long_v3_CCD0.0.25",1.94735938171963,-0.20218764685184,-0.0139268488570339,-0.0512406888474467,-0.000627031637766368,-0.135526046347028
1279,"long_v3_CCD0.0.25",1.83966584401444,-0.220227375681527,-0.0440252147368904,-0.0214387144679769,0.0757133028599736,-0.0378730899810721
1280,"long_v3_CCD0.0.25",1.89793791480119,-0.0881770109506516,0.0186998353083804,0.0118477936715272,-0.015066339270678,-0.0719701427703383
1281,"long_v3_CCD0.0.25",1.83869445283757,-0.120342421693372,0.0673321333191803,0.0445037537666591,0.0375901013536449,-0.0429696106203128
1282,"long_v3_CCD0.0.25",1.78778953701742,-0.0488337630554011,0.138551631262471,0.00576520720463424,-0.0365378228562204,-0.085130957699529
1283,"long_v3_CCD0.0.25",1.96905714709454,-0.278688727043233,-0.168451053044677,0.0296237057411542,0.0604560810266367,-0.017287942554955
1284,"long_v3_CCD0.0.25",2.09457609771737,-0.141315551769955,0.0415839741644356,-0.0511628983005472,0.0287579572840568,-0.105267772538037
1285,"long_v3_CCD0.0.25",1.93431900846193,-0.121233981701204,-0.0110585686581566,0.036143341492305,0.0251985735471,-0.0977846571989661
1286,"long_v3_CCD0.0.25",1.88051025562116,-0.0113180784820186,0.05706507830833,-0.00347112672970739,0.0219755623068786,-0.0628555287675857
1287,"long_v3_CCD0.0.25",1.95671025679303,-0.329449042818276,-0.156341293451239,-0.028686805409932,0.0460722622056366,-0.0740765882820837
1288,"long_v3_CCD0.0.25",2.1126086402577,-0.408448842283057,-0.179660216902528,0.025427479870653,0.0498862250674117,-0.197204403049369
1289,"long_v3_CCD0.0.25",1.87106978468554,-0.0689899423713004,-0.0722318463153722,-0.0213651277768438,-0.0166425750089141,-0.0108451909099438
1290,"long_v3_CCD0.0.25",1.84752203044641,-0.14188218880214,-0.0450393846506147,0.0370731604241243,0.0268926903729494,-0.088133924417473
1291,"long_v3_CCD0.0.25",1.92801969625634,-0.266960141667289,0.0278360217401406,-0.0524415245653968,0.00601906915321889,-0.125695846716596
1292,"long_v3_CCD0.0.25",1.96440647842222,-0.214765041632795,-0.0160376944996124,-0.0153924538756353,-0.0161565924882989,-0.0487279300545989
1293,"long_v3_CCD0.0.25",2.12497477951224,-0.0891802367159572,0.0794497324223998,0.0465423489267419,-0.0137052522449887,-0.113089929424415
1294,"long_v3_CCD0.0.25",1.99949447533517,-0.0378706082355898,0.0588432841648106,0.0169958231734617,0.0690117737701164,-0.0453468019471093
1295,"long_v3_CCD0.0.25",2.03280111636705,-0.0665130175592849,0.158859858229146,0.0989663409563747,0.00777166940022367,-0.0483332448849746
1296,"long_v3_CCD0.0.25",2.04274393501435,-0.142164223411664,-0.00610547348735145,0.0312673482286775,0.0535872740334902,-0.123037793088389
1297,"long_v3_CCD0.0.25",1.97153957968128,-0.19905802645768,-0.102575106901136,-0.0447426293833508,0.0301460163380692,-0.135284017389293
1298,"long_v3_CCD0.0.25",1.84460915013105,-0.156969781755423,-0.0554562458651045,-0.0109973390948356,0.0397401025837271,-0.0846866144101061
1299,"long_v3_CCD0.0.25",1.96756513138978,-0.0737070391169979,0.0429534026311403,-0.00727813820995398,0.06068829757864,-0.140013690501965
1300,"long_v3_CCD0.0.25",1.69114695809964,-0.243183245695102,-0.151227245753091,-0.0109720996641747,0.0340227971836687,-0.0798090957583108
1301,"long_v3_CCD0.0.25",1.8015449023075,-0.177972202743995,-0.0851566450567924,-0.0348132467012324,-0.0202281960082441,-0.0710110814069031
1302,"long_v3_CCD0.0.25",1.87934186246767,-0.181751807351087,-0.0622617593472737,-0.0197186822255739,0.0142921784292901,-0.0872224337315618
1303,"long_v3_CCD0.0.25",2.0608220071495,-0.10298788012423,0.0382354144257615,0.0544394763363951,0.0190915683459823,-0.0858621692954593
1304,"long_v3_CCD0.0.25",2.023741616925,-0.100613338147086,0.0664302888673973,0.0237527807531193,0.0573251715861752,-0.179297932205505
1305,"long_v3_CCD0.0.25",2.01127298297077,-0.240726473915965,-0.0405882591213236,-0.00100272912762123,0.0448991668351558,-0.0897991690876704
1306,"long_v3_CCD0.0.25",2.06674443255315,-0.116414926726363,-0.0633544204167272,-0.0125964683611241,0.00675799409371925,-0.14365785811556
1307,"long_v3_CCD0.0.25",1.76226062038059,-0.110215452172287,-0.0280739843717379,-0.0340062672409157,-0.0336460605215775,-0.0999260819190702
1308,"long_v3_CCD0.0.25",2.01872100480475,-0.301196624154176,-0.00441849292149501,0.0341435204801936,0.0374318175899828,-0.102183562359046
1309,"long_v3_CCD0.0.25",1.96923816997561,-0.129279388203861,-0.0257843120247085,-0.0204762888616417,0.0172915908762211,-0.0640104931480235
1310,"long_v3_CCD0.0.25",2.17200645826493,-0.0416221824492002,0.125407191115825,0.0211855051768932,0.0627117608275886,-0.0865953927694499
1311,"long_v3_CCD0.0.25",1.83536589591918,-0.125891403005987,-0.0792320265038083,-0.00393145102999916,0.0342880172327659,-0.0804566154113337
1312,"long_v3_CCD0.0.25",1.85660793488776,-0.126279088182112,-0.0902806448986305,0.000435603002771308,0.0138512762679082,-0.0736163565521711
1313,"long_v3_CCD0.0.25",1.86985802771273,-0.195080891107202,0.0372672407736371,0.00623500646463362,0.0333464399932152,-0.0436216073927997
1314,"long_v3_CCD0.0.25",1.90097372953293,-0.162211590209948,-0.00235248585769529,-0.0503874217161416,0.0406353245234586,-0.165536632373181
1315,"long_v3_CCD0.0.25",1.89959464030933,-0.131853297040526,0.0488061017144831,0.00626143212040907,0.0701437344536879,-0.0503133413207277
1316,"long_v3_CCD0.0.25",1.88997705713075,-0.174963139238294,0.00757610447169623,0.0201844661251286,0.0230009008397011,-0.100094578671782
1317,"long_v3_CCD0.0.25",1.98741920854786,-0.187462772377711,-0.0435187365268444,0.0179603574448287,0.0574797754461086,-0.056287684636193
1318,"long_v3_CCD0.0.25",2.02134485761248,-0.124317791480761,0.0358647807522246,0.0789775606590297,-0.107865203842424,-0.134936821196734
1319,"long_v3_CCD0.0.25",2.06858929020761,-0.234681461788008,-0.0696589855272317,0.000682432347337968,0.0152945640257682,-0.0915071810065417
1320,"long_v3_CCD0.0.25",1.79208550745895,-0.161416557984269,0.0752372555803025,0.0387039270527498,-0.0135481419641592,-0.152456328746583
1321,"long_v3_CCD0.0.25",1.87988547725722,-0.240691587185111,-0.0566972194030745,0.0367585318310423,0.0381797931802487,-0.0497244101355693
1322,"long_v3_CCD0.0.25",1.92629290814048,-0.125995718535747,0.0283135607908832,-0.0341925603244012,0.0239469214736048,-0.113901344763099
1323,"long_v3_CCD0.0.25",1.92532062202972,-0.216303810092976,0.0259397832367462,0.0638587008512793,0.0172323312171773,-0.0621781189908149
1324,"long_v3_CCD0.0.25",1.87083941620656,-0.23456637115828,-0.10929813585677,0.0133141290956674,0.0406871819015374,-0.146372162944975
1325,"long_v3_CCD0.0.25",1.81856981475724,-0.0915202261321759,-0.0115999339672442,-0.0354936189000375,-0.00179977760836103,-0.0720260307280929
1326,"long_v3_CCD0.0.25",1.89884347004981,-0.0411635798316695,0.0224503209413937,0.0305172235908166,0.00415989443320861,-0.0556414827791646
1327,"long_v3_CCD0.0.25",1.93554209174007,-0.0380756178179344,0.0505950082919349,-0.000494531268703273,-0.0324571807515254,-0.025992470101055
1328,"long_v3_CCD0.0.25",1.82148202089248,-0.00999264361153786,0.101567585021985,-0.0209976785021764,0.0135322570169622,-0.102095406357703
1329,"long_v3_CCD0.0.25",1.9164751021528,-0.0663889142694628,-0.0251195254922835,-0.00283201797352516,-0.00775435646222851,-0.0973394761374605
1330,"long_v3_CCD0.0.25",1.78574785721725,-0.14900680347938,-0.0210579400184036,-0.035209082001868,0.0268946838948492,-0.119171569915723
1331,"long_v3_CCD0.0.25",2.0034186988281,-0.197411719657215,0.133573985807352,0.03019060309521,-0.00520795675544005,-0.0472749753829796
1332,"long_v3_CCD0.0.25",2.05596592681906,-0.190339568288277,0.0103251116742713,0.0212042434738577,0.0159644540925947,-0.121648878780672
1333,"long_v3_CCD0.0.25",1.84749665044142,-0.161257993724677,-0.0720878355843062,0.0192450481106869,0.0251320613899314,-0.084714497239141
1334,"long_v3_CCD0.0.25",1.96766253368075,-0.171267891251431,0.0165287957153578,-0.049356762215232,0.0177812524188266,-0.110203957401486
1335,"long_v3_CCD0.0.25",1.9622946133535,-0.170138086939951,-0.0229087381046867,0.0173892478148339,0.062256152027288,-0.108079159242659
1336,"long_v3_CCD0.0.25",2.11301161351607,-0.10452114618567,0.121742993485438,0.0459815404702863,0.0279657190121171,-0.049345974716124
1337,"long_v3_CCD0.0.25",1.83417527231679,-0.187766287351225,-0.032745091691293,0.0109307615981193,0.0917595191079832,-0.0948929727333237
1338,"long_v3_CCD0.0.25",2.02333666666489,-0.164751333782937,-0.0179128856207273,-0.0105364967699831,-0.0112260327643273,-0.13565101838492
1339,"long_v3_CCD0.0.25",1.731912983831,-0.196131448373459,0.00369231363319886,0.0471844505740503,0.0867620568880169,-0.0423243165596469
1340,"long_v3_CCD0.0.25",1.95164114738122,0.0268531682634169,0.0909037772294322,0.00841552299226515,0.0336393176240921,-0.0669014637593576
1341,"long_v3_CCD0.0.25",1.93463606948839,-0.0954636556958358,7.52611183332972e-05,0.0294554733309286,0.0666131447049316,-0.0466926784427604
1342,"long_v3_CCD0.0.25",1.98436868263013,-0.0442535963036914,0.105586847046539,0.0190698686403556,-0.0203290772649291,-0.0581514960223616
1343,"long_v3_CCD0.0.25",1.95578686118131,-0.176403972613411,0.0313044283466379,0.0442009179503345,0.0495877729118905,-0.0799067444957076
1344,"long_v3_CCD0.0.25",1.97285438013392,-0.109974765516921,-2.95184758284483e-05,-0.0228631784611613,0.0935209350282206,-0.102178678778391
1345,"long_v3_CCD0.0.25",1.94814856878058,-0.124896982451825,0.0124681247167764,0.0859981719387654,0.0421662662589983,-0.034095527836203
1346,"long_v3_CCD0.0.25",1.89560005548718,-0.0803263446576541,0.030311168001162,0.00807206404157217,-0.012023801386937,-0.137469717221015
1347,"long_v3_CCD0.0.25",2.12712658159118,-0.115977195438221,0.0134549300256405,0.0274003388266074,-0.0125703836546209,-0.157879301060454
1348,"long_v3_CCD0.0.25",1.77161038164686,-0.120597802923265,0.0496903375564506,0.00292022220801562,0.0220027305596527,-0.106495284863388
1349,"long_v3_CCD0.0.25",1.93273434429171,-0.21725062971698,-0.181782154839203,0.012684365335377,0.0397872881839953,-0.0406069331459599
1350,"long_v3_CCD0.0.25",2.00584810569075,-0.0177780406139184,0.0451748100006685,-0.0116832586340372,0.0262463143781248,-0.143965267185874
1351,"long_v3_CCD0.0.25",1.8609601652721,-0.0569349402369665,0.0449750699817845,-0.037101759409198,0.0698726361905998,-0.0177077053506229
1352,"long_v3_CCD0.0.25",1.84050174535348,-0.0813672569667927,0.0152256924882766,0.00240046624409031,-0.0300012271935088,-0.0868787704548094
1353,"long_v3_CCD0.0.25",1.87489879347521,-0.160016071786633,-0.0174045790427843,-0.00515082437169155,0.0885600087107333,-0.0801595940799068
1354,"long_v3_CCD0.0.25",1.9249358605623,-0.0875151658038411,-0.00702216879357321,-0.0217584103935332,0.0253856373171197,-0.0530373359603026
1355,"long_v3_CCD0.0.25",1.90322513534406,-0.204842784286936,-0.0450006473575726,0.0231358707486599,0.0403709432249553,-0.0767736536991408
1356,"long_v3_CCD0.0.25",1.71066649147063,-0.147052186201893,0.139547125832316,0.0345513319526557,-0.0700976952650324,-0.0500368974430246
1357,"long_v3_CCD0.0.25",1.76673196802236,-0.242510842379155,0.00542033713496381,-0.0137533583657408,0.0149937233185667,-0.124039562004824
1358,"long_v3_CCD0.0.25",1.99426008426468,-0.150401256366759,-0.00607540804293402,-0.00106967542142663,0.0377143471752531,-0.135856851284142
1359,"long_v3_CCD0.0.25",1.83615650391483,-0.140431541861153,0.0264703892202471,-0.0265252999858409,0.00351331051912243,-0.0327951172828629
1360,"long_v3_CCD0.0.25",1.73255554691435,-0.0712768481398543,-0.0718390155187478,-0.0382378187673563,-0.0798196955576157,-0.150590257277666
1361,"long_v3_CCD0.0.25",1.95704936558648,-0.156038431135797,-0.119718566300926,-0.0415333104943332,-0.000568249141712265,-0.0644080266107881
1362,"long_v3_CCD0.0.25",2.04836095675281,-0.14806655819347,-0.0417925648079311,-0.0289817213401096,0.0916323131127649,-0.1182489636423
1363,"long_v3_CCD0.0.25",2.0259194804211,-0.15207005919728,-0.0822042403630977,-0.00325625253011499,-0.0124993454277138,-0.139244912614091
1364,"long_v3_CCD0.0.25",1.98691572142088,-0.141066051471763,0.0954883937337316,0.00944575857327401,0.00870143228231098,-0.0739586443936943
1365,"long_v3_CCD0.0.25",1.77769359371657,-0.170101679871487,0.0970949737571601,0.000903070992262116,0.00635703542499218,-0.0345436512811568
1366,"long_v3_CCD0.0.25",2.17661797061397,-0.186040613168596,0.0527162446928599,0.0923634465008712,0.00252853664070856,-0.0901558716429936
1367,"long_v3_CCD0.0.25",1.7655621488144,-0.127202034341126,0.0668713320180963,0.0243388886237943,0.0132410066447023,-0.095399407101156
1368,"long_v3_CCD0.0.25",1.95814907599832,-0.103572464688558,0.0248214895674419,-0.00499382292229347,-0.0254541574930854,-0.121442927728052
1369,"long_v3_CCD0.0.25",1.8897796760268,-0.117700520401682,-0.0902361000161016,-0.0139541169853813,0.0231416110751823,-0.089375030774953
1370,"long_v3_CCD0.0.25",1.89619686685755,-0.141461843824894,-0.0352403078270448,0.0899543801141595,0.0485544743405882,-0.0149826180777481
1371,"long_v3_CCD0.0.25",2.00488844268129,-0.201264505529012,-0.0257122691199487,-0.0499961249539846,-0.0430516896560839,-0.0738754024381395
1372,"long_v3_CCD0.0.25",2.08317611998664,-0.143654127789977,0.121646510719199,0.0187837740504473,0.000397766475914503,-0.159201824904369
1373,"long_v3_CCD0.0.25",1.85796521002421,-0.079921573480461,0.0300693887466887,-0.0377508586283983,-0.0204640556402443,-0.0495114474715222
1374,"long_v3_CCD0.0.25",2.03966881879703,-0.159835104307442,-0.0229293782792063,0.0338269755953689,0.0102248730631358,-0.108987379924947
1375,"long_v3_CCD0.0.25",1.82876069370516,-0.126921184268059,-0.0534632492948336,0.0132145676897667,-0.0138939031589527,-0.0327564542598153
1376,"long_v3_CCD0.0.25",1.91302351019619,-0.114562662314702,-0.0710238807319295,0.00372326007040876,0.0428932946222084,-0.0862696338505262
1377,"long_v3_CCD0.0.25",1.63789201593307,-0.0665779641013987,0.0513289783241427,0.0133596981381286,0.00200812257238544,-0.0382214019809741
1378,"long_v3_CCD0.0.25",1.90750824685858,-0.149180511799687,0.0392067660549249,-0.0285445831036574,0.0294200413900984,-0.0730478335486752
1379,"long_v3_CCD0.0.25",1.82053067923472,-0.230523673277507,-0.037922534453217,-0.00215244875537498,-0.0161186476113758,-0.0748207368812189
1380,"long_v3_CCD0.0.25",1.89620615499227,-0.309453794633893,-0.121867331800597,0.0509001885339668,0.184651922270178,-0.132536514567644
1381,"long_v3_CCD0.0.25",1.81696569417979,-0.13188854753884,-0.0207697806789521,-0.112830969717121,0.0531441474850772,-0.140913772186502
1382,"long_v3_CCD0.0.25",1.93630452276022,-0.202323664424851,-0.120399145258507,0.0220527936927568,-0.0135680756428813,-0.0366411150595724
1383,"long_v3_CCD0.0.25",1.89933956058117,-0.276299046514093,-0.276949220422466,0.0395970366609119,0.0770775786140331,-0.0501164912180492
1384,"long_v3_CCD0.0.25",2.00823921379635,-0.138808445250913,-0.019640120096311,-0.0265824355573557,0.0443257900299699,-0.0695473704890971
1385,"long_v3_CCD0.0.25",1.97745626692385,-0.140745392189129,-0.0870114786965562,-0.0390482934759687,0.0404083417640215,-0.0983041137612474
1386,"long_v3_CCD0.0.25",2.08263033947647,-0.203190645360009,-0.0283571996346879,0.0162460898803079,-0.0429411077135872,-0.157884531441909
1387,"long_v3_CCD0.0.25",1.82567574659841,-0.216407870216054,-0.0914212105291973,-0.0398791231835133,0.0419154361251992,0.00172492913200524
1388,"long_v3_CCD0.0.25",1.92611213073352,-0.216785736088644,-0.0748748852415015,0.0120569970233474,0.0197300375079327,-0.0913086641167072
1389,"long_v3_CCD0.0.25",2.04225341665124,-0.125275708844127,-0.111583226964648,-0.0342322629751333,0.0383968053461398,-0.073897166068727
1390,"long_v3_CCD0.0.25",2.05534006905079,0.00222712151020687,0.0416396252296288,-0.00601783605773557,0.0179986993513947,-0.112988966848389
1391,"long_v3_CCD0.0.25",1.86616540060889,-0.0521659969906721,0.0201645440133888,0.029303192267733,0.0313942884349568,-0.0857306213518935
1392,"long_v3_CCD0.0.25",2.13707543220111,-0.127990622045654,0.0760065658784055,-0.0642278808431781,0.0412546433999533,-0.160517503980868
1393,"long_v3_CCD0.0.25",2.08244594803845,-0.146350295027973,-0.00501785294457065,-0.0526782880287009,0.0951199101064441,-0.101837880025173
1394,"long_v3_CCD0.0.25",2.02996374447006,-0.182103643992652,0.062869305819856,0.0216913696172074,0.0554270653739988,-0.123305342445897
1395,"long_v3_CCD0.0.25",1.91777116871532,-0.214040587731512,0.0861720725323765,0.034854271102109,-0.025022592974926,-0.103091193366955
1396,"long_v3_CCD0.0.25",1.84900359684805,-0.127661004608989,0.0355506493630711,6.26384804185594e-05,-0.0293459943215498,-0.118621337720003
1397,"long_v3_CCD0.0.25",1.87067550149312,-0.1622076274951,-0.102162828535495,0.0231676409487885,-0.0155053518543648,-0.092793667702578
1398,"long_v3_CCD0.0.25",2.01085829874813,-0.109565034328868,0.0522193470126791,-0.0188227376131802,0.0339837692533114,-0.134954961179428
1399,"long_v3_CCD0.0.25",1.94087459782917,-0.126847554202128,0.106838544190393,-0.000212980941590012,0.0683150779546299,-0.155726451531115
1400,"long_v3_CCD0.0.25",1.83553867879141,-0.112428558577763,-0.0253146185173347,-0.00224070182370993,-0.0557402060137862,-0.021718645450298
1401,"long_v3_CCD0.0.25",1.98914963691357,-0.0756570632116429,0.151966148027838,-0.000383697637586591,0.0102507979531003,-0.0258320621094381
1402,"long_v3_CCD0.0.25",1.98116749688139,-0.0962136708485333,0.00910710110580306,0.011022330323902,-0.0151304474427469,-0.168639532896524
1403,"long_v3_CCD0.0.25",1.94634391730012,-0.126767573393246,-0.0343887296383486,-0.0196845215423967,0.0181929109042949,-0.115879889638334
1404,"long_v3_CCD0.0.25",1.98186558248544,-0.114525587804283,-0.0470496074032158,0.00499370213616723,0.0523442861207047,-0.0902445005962428
1405,"long_v3_CCD0.0.25",2.14001312459884,-0.202372244685777,0.00262384147208275,0.0631093681011267,-0.012065841149691,-0.166067979083392
1406,"long_v3_CCD0.0.25",1.95888549603475,-0.0375160711214819,-0.0287830112736537,-0.0485845155161945,0.00775840651469768,-0.00440413852139503
1407,"long_v3_CCD0.0.25",1.98612128429904,-0.228045911561387,0.0106603655329906,-0.00632816097177817,0.00325868479097816,-0.143027950002447
1408,"long_v3_CCD0.0.25",1.93139076844819,-0.13740768885791,-0.0603547229454246,0.0218279255437401,-0.0241165249640488,-0.0994345881338551
1409,"long_v3_CCD0.0.25",1.98875223762584,-0.231416258211146,-0.116214843536788,0.0123705789759633,-0.00626264405771472,-0.0686220180345117
1410,"long_v3_CCD0.0.25",1.93873484816735,-0.180786012481652,0.0702070942946992,0.0251563316024151,0.048692349261043,-0.0674654745113525
1411,"long_v3_CCD0.0.25",1.91372956173758,-0.182335345193693,-0.0200143985918448,-0.00120902194552078,-0.0122546117501664,-0.160209539394272
1412,"long_v3_CCD0.0.25",1.990070696629,-0.0921615424410643,0.060666045423832,0.00590025007249506,-0.000463550223814776,-0.0725037746195944
1413,"long_v3_CCD0.0.25",1.85914848933616,-0.195175020836626,-0.0459575872172326,0.029916233640579,0.0264478432827295,-0.0944271723191165
1414,"long_v3_CCD0.0.25",2.01520250558829,-0.0932988334092574,0.0462744335954363,-0.0165896224618498,-0.0299350521983871,-0.121273724561516
1415,"long_v3_CCD0.0.25",1.90016741837117,-0.0693223735576572,0.000420195073165076,0.0145004559198899,0.00027569686760855,-0.100689377404681
1416,"long_v3_CCD0.0.25",1.81315251243557,-0.22369093792313,-0.0499379288032637,0.0146797518594558,0.064220895760436,-0.00251004962367112
1417,"long_v3_CCD0.0.25",2.03050025957851,-0.143804408734894,-0.00864257931350776,0.026034817276378,0.0418078471806541,-0.0755970145744256
1418,"long_v3_CCD0.0.25",2.01404000172727,-0.198994100502887,-0.178410770943348,-0.0368517549626384,0.0334949386636898,-0.0560052048614766
1419,"long_v3_CCD0.0.25",1.88327551341054,-0.11709094173359,-0.0289098431118463,0.0323351438766981,-0.0156799923721801,-0.10609463773663
1420,"long_v3_CCD0.0.25",1.87187568710641,-0.100834677719891,0.0789439138056019,-0.0293989122433735,-0.0912870924822198,-0.12324944878182
1421,"long_v3_CCD0.0.25",1.88294066108644,-0.150162688513681,0.0810861812695531,0.0106819747006591,-0.0516909760648377,-0.18021316921635
1422,"long_v3_CCD0.0.25",1.9447726444156,-0.200339328653606,-0.0649527068770924,-0.0265955511810501,-0.07112289381815,-0.118181067538699
1423,"long_v3_CCD0.0.25",1.73771952142638,-0.135659978570136,0.0375084244347656,0.0315817987587458,0.0505961590930489,-0.0840258446508793
1424,"long_v3_CCD0.0.25",1.86375720350013,-0.138704318211641,-0.0250720062936246,0.0502574034002733,-0.0416720362953208,-0.0718838484512868
1425,"long_v3_CCD0.0.25",1.85389885655316,-0.249255587990639,-0.108343639748331,0.0385457885642297,-0.0353457919009879,-0.0948144537609967
1426,"long_v3_CCD0.0.25",1.7388175484028,-0.12595702381981,-0.017355740275649,0.0196013647585608,-0.065812651245941,-0.0155263535827948
1427,"long_v3_CCD0.0.25",2.05867663811713,-0.0517503734779182,0.109385532912587,0.0533826824608421,-0.0210769169409533,-0.105889563782781
1428,"long_v3_CCD0.0.25",1.98974407606888,-0.102651590574738,0.0919208514350681,-0.0231870687243047,0.0310406908712219,-0.0797142112726334
1429,"long_v3_CCD0.0.25",1.80636320797846,-0.142376000319149,0.0118713909756844,0.0306213578312736,0.0111611232548957,-0.121511981053056
1430,"long_v3_CCD0.0.25",1.9537734627724,-0.20741516091049,-0.0583723993508277,-0.00320309974243265,-0.00998937329354701,-0.101417380884223
1431,"long_v3_CCD0.0.25",1.89441704619451,-0.196732915242282,0.0216146507274131,-0.00384324417955011,0.00733088182607244,-0.0956716252025826
1432,"long_v3_CCD0.0.25",1.86618053846933,-0.242017523317714,-0.0389479322993001,-0.00131642241226016,0.068504007996352,0.0244359522926559
1433,"long_v3_CCD0.0.25",1.84104179767248,-0.0366318155479506,0.0528905694644124,0.0187034771594593,-0.0274606413108212,-0.0783310357369172
1434,"long_v3_CCD0.0.25",2.02595269759902,-0.0906973680443774,0.0685321107128598,-0.00984297785724602,0.0342185240306713,-0.152324901378
1435,"long_v3_CCD0.0.25",1.87534453663618,-0.169936730271021,-0.0512055199550554,-0.0790625071833247,-0.0468312190963571,0.0415665356514051
1436,"long_v3_CCD0.0.25",1.88531621910388,-0.19647394962003,-0.0332283115807922,0.0397979578100389,0.00818387336444229,-0.0696746928107555
1437,"long_v3_CCD0.0.25",1.99226784779845,-0.0859235375211368,0.0792932922459183,0.00678711980792224,0.0575506093912819,-0.0746676462266465
1438,"long_v3_CCD0.0.25",1.77082454947521,-0.140889297944377,-0.0414344710938477,-0.0337196022050624,-0.00941974467478583,-0.0764650423334598
1439,"long_v3_CCD0.0.25",1.88693274771981,-0.118561471909786,0.0244710601754175,-0.00726040014316535,-0.000775762508457942,-0.151751838522138
1440,"long_v3_CCD0.0.25",1.87509744711458,-0.092174245504345,0.0276271013595192,0.0735722362161318,0.0483798103785092,-0.0769211656305001
1441,"long_v3_CCD0.0.25",1.91164823077635,-0.0826828065604421,-0.00469826543765844,-0.00583610955303162,-0.0138256160390202,-0.108602368531463
1442,"long_v3_CCD0.0.25",1.84688196600596,-0.163645511397974,-0.0725732270472713,0.0268897635666637,-0.0437976539180296,-0.137847843472194
1443,"long_v3_CCD0.0.25",1.94594875511508,-0.063915169802504,0.0774248755568959,0.00342681744722999,0.0417770587912899,-0.0678850426835507
1444,"long_v3_CCD0.0.25",1.9971703457354,-0.201843982314719,-0.0707202593321113,-0.0140600018651856,0.00572720745235227,-0.118437276781026
1445,"long_v3_CCD0.0.25",1.90044616606691,0.0141458256568199,0.0706778989145295,-0.0338549274753528,0.026940285416351,-0.151163955680672
1446,"long_v3_CCD0.0.25",1.85168803324506,-0.176237834565966,-0.00072290043521859,-0.0146906003465368,0.0824631343103039,-0.0834040848549279
1447,"long_v3_CCD0.0.25",2.02618763281794,-0.132734849337699,0.0676733277329059,-0.0148136973506713,0.0480729601031415,-0.0804432580713263
1448,"long_v3_CCD0.0.25",1.91290852350789,-0.107281465647469,0.11154833743809,0.0176246093179047,-0.0163983524616599,-0.128562795311992
1449,"long_v3_CCD0.0.25",2.01087210428166,-0.230556622894711,0.0764685963256326,0.0306667568744235,0.0377799552956406,-0.129791807340111
1450,"long_v3_CCD0.0.25",1.9496694919076,-0.285947528491406,-0.183886638937294,-0.0162303930594496,0.0224286663318528,-0.118308884254067
1451,"long_v3_CCD0.0.25",1.94686795612586,-0.15793333423701,-0.0471795561778362,0.0153540171121122,0.0138793729774699,-0.0914249360357497
1452,"long_v3_CCD0.0.25",1.81103812522052,-0.283465770059786,-0.0887871617045291,0.000235797670769502,0.00121021547810795,-0.0919303585518606
1453,"long_v3_CCD0.0.25",1.99060724279943,-0.0293285760082038,-0.00793255116196214,-0.0390213060866158,0.0174480430890443,-0.109725313229801
1454,"long_v3_CCD0.0.25",1.94931332761779,-0.170451865776746,0.0242485218107899,-0.00363978349364619,0.0570434728885928,-0.0902585326971122
1455,"long_v3_CCD0.0.25",1.96121083016832,-0.106953762292956,0.0760211524268142,0.0215683007632415,0.00322447775798062,-0.0834291807874911
1456,"long_v3_CCD0.0.25",1.89729519597998,-0.06813885730695,0.104206348580396,-0.0132502679575188,0.0267506449545569,-0.12455024657251
1457,"long_v3_CCD0.0.25",1.97451646911858,-0.167571506338889,0.0573343212643282,0.0163079307511198,0.0423859515981496,-0.17996855166836
1458,"long_v3_CCD0.0.25",2.10266794402501,-0.103062631749187,-0.0571308763597939,-0.0203988538796782,-0.0726220347755557,-0.169903110479642
1459,"long_v3_CCD0.0.25",2.03681207241574,-0.166025738621319,0.0428074212504676,0.0182014367652727,0.023525315399336,-0.045233792700553
1460,"long_v3_CCD0.0.25",1.99977129334693,-0.101787251276401,-0.0134393928689517,0.0290317655568457,0.0160531913236501,-0.0460577205726408
1461,"long_v3_CCD0.0.25",1.89255255708961,-0.10693279237379,0.0909118087643974,0.105085854774634,-0.0796974934418425,-0.11778459972329
1462,"long_v3_CCD0.0.25",1.87995750826613,-0.148937233080412,0.0163869182959411,0.0242526561601146,0.0581864374162444,-0.0769260920715962
1463,"long_v3_CCD0.0.25",1.75988553256562,-0.109363540782467,0.0280054251327544,-0.0464189982096608,0.0232476040635842,-0.0671495615640857
1464,"long_v3_CCD0.0.25",1.97214427458192,-0.155760995718423,-0.052601139119082,0.0179369982971227,0.0120023212778101,-0.0829889269331693
1465,"long_v3_CCD0.0.25",1.98586628504271,-0.222986642842087,-0.0459367712376298,0.0333165231985401,0.0182833130087168,-0.0413838177838562
1466,"long_v3_CCD0.0.25",2.00101054989648,-0.159226149892323,0.0866169477577115,0.0449538727593008,-0.0113524076517278,-0.0700658521808231
1467,"long_v3_CCD0.0.25",1.93038079534548,-0.0270187754378977,0.0739391869493125,-0.0451188922278617,0.00949754030398809,-0.115829144905033
1468,"long_v3_CCD0.0.25",1.87860426735985,-0.218392713326638,-0.0261863452651656,0.00637444128431925,-0.0325514392070282,-0.125849956982847
1469,"long_v3_CCD0.0.25",1.86251722208216,-0.121932074953265,-0.0331239661241105,0.0119852770073148,-0.0250746554216143,-0.0691226294913746
1470,"long_v3_CCD0.0.25",2.04369039757614,-0.156290740446464,-0.0246879239583652,-0.000323240990630853,0.0246041220527019,-0.100814857770656
1471,"long_v3_CCD0.0.25",1.92912383074226,-0.134754949887344,0.00589566538965217,0.0384512377607029,0.0688081139359355,-0.0778310208558573
1472,"long_v3_CCD0.0.25",2.08830748231495,-0.169129667637365,0.0632068290833191,0.0313222650781433,0.0159566316416595,-0.123940640643329
1473,"long_v3_CCD0.0.25",1.8314368975751,-0.0805211888008132,-0.0382885488791862,-0.0099809090213333,-0.0138536938209325,-0.0708805212994887
1474,"long_v3_CCD0.0.25",1.91559130060187,-0.0367098084185542,-0.0746963298304106,0.0421307179637417,0.00989683995264245,-0.0624459203384194
1475,"long_v3_CCD0.0.25",1.96952783352186,-0.193844621959383,-0.0190450260137921,-0.0417546199515876,0.104556749420636,-0.0695863295351236
1476,"long_v3_CCD0.0.25",1.94000462120687,-0.233430968601987,-0.104649727640027,0.010875670235993,0.0433772712849468,-0.117139776202207
1477,"long_v3_CCD0.0.25",1.90402972022047,-0.0687166029030724,0.0461370081450651,0.0188836099556572,-0.0180620927279324,-0.0431659939261977
1478,"long_v3_CCD0.0.25",1.91495199232397,-0.160821327242853,-0.02885373102126,0.0152479661537678,0.0353325568331407,-0.152092042128689
1479,"long_v3_CCD0.0.25",2.0833135405616,-0.1156893256985,0.194745616240068,0.0326971334210041,0.00266190379250397,-0.140724320587515
1480,"long_v3_CCD0.0.25",1.99717365775232,-0.168048131993598,0.0166999653146645,0.0552231238010176,0.0814661952126857,-0.0694740366012962
1481,"long_v3_CCD0.0.25",2.07205459425977,-0.164064680720576,0.00918573113483338,0.0561668066548182,0.0321594218766535,-0.103874353040198
1482,"long_v3_CCD0.0.25",1.99583288730285,-0.220792442902861,-0.0846043219408132,0.0383055781944988,0.0418803951825244,-0.0415624566742235
1483,"long_v3_CCD0.0.25",2.02144957729957,-0.103180098094272,0.0949956300221635,0.00447585732902602,-0.041611626069134,-0.103021911339356
1484,"long_v3_CCD0.0.25",1.87815833439207,-0.104486801687672,0.064867722308133,-0.0180949001271752,0.0161437536729828,-0.0569442940533914
1485,"long_v3_CCD0.0.25",1.89062700502082,-0.0488621113098558,0.0435274797214509,0.0100990661507346,-0.0198162761732466,-0.097675852649143
1486,"long_v3_CCD0.0.25",1.98159468397924,-0.0867820596299159,0.0156003331951036,0.0416767537103093,-0.0260793286295527,-0.0520689695737136
1487,"long_v3_CCD0.0.25",1.89885368134876,-0.139729982295188,-0.0292432182930812,-0.016084720048533,0.0292167040821577,-0.160572983467323
1488,"long_v3_CCD0.0.25",2.04080562397608,-0.102880816896115,-0.0406829272197018,0.0090118988904851,0.0120924102155291,-0.139071504764723
1489,"long_v3_CCD0.0.25",1.91854551778657,-0.10219033883703,0.0627550004014415,-0.0158562966014503,0.0100419366786044,-0.085746230346001
1490,"long_v3_CCD0.0.25",2.01749030395403,-0.204220145470952,-0.00982440855913512,0.0483877227052198,-0.0258958476341878,-0.117416947898433
1491,"long_v3_CCD0.0.25",1.98109241716248,-0.172850863526244,-0.0119834150417895,0.00503948549997895,0.0820925685319434,-0.0769963007228723
1492,"long_v3_CCD0.0.25",1.73055067895167,-0.232243240419446,-0.117483084018712,-0.0257485360822855,0.00986479783308163,-0.0731425756380503
1493,"long_v3_CCD0.0.25",1.92541631608312,-0.196301730301018,-0.0857708916801612,-0.0158841476233486,0.0205766124323347,-0.0533977873463218
1494,"long_v3_CCD0.0.25",2.01920221482969,-0.168510516903322,-0.0938399522004632,0.00409895325437398,-0.0510184957698672,-0.0753952212340647
1495,"long_v3_CCD0.0.25",1.91080453826586,-0.0769848908526226,0.0322953068920246,-0.0118989445307397,0.0540849720719034,-0.0795988242015239
1496,"long_v3_CCD0.0.25",1.94302107709538,-0.188332721362604,0.0229442864202579,0.0103567852610959,0.00187932280699184,-0.152467543538159
1497,"long_v3_CCD0.0.25",2.02863549624866,-0.201459275907315,-0.0630971231630286,0.0230757971615449,0.041634048620224,-0.121646907205995
1498,"long_v3_CCD0.0.25",1.99905833194985,-0.204184750545282,-0.0204957161337103,-0.0452873112755522,0.0898684345686896,-0.103336397735897
1499,"long_v3_CCD0.0.25",1.94371208623247,-0.115484552977328,0.0401633581724701,-0.0207838889244975,0.0148615191275105,-0.129541765006824
1500,"long_v3_CCD0.0.25",1.88299909324331,-0.207090937070624,-0.0763241928561389,-0.108379249320147,-0.0283472519297724,-0.0163826560716131
1501,"long_v3_CCD0.0.25",1.9439325865809,-0.121859287248678,-0.0690459454846712,0.0235034524899904,0.00895982672486378,-0.131318295668345
1502,"long_v3_CCD0.0.25",1.98284368957593,-0.10287187197353,0.118941610768424,0.045867514878638,0.035570325940501,-0.145856368568775
1503,"long_v3_CCD0.0.25",2.08568177951446,-0.137002545523927,0.0391774613320015,0.0163605025842939,0.059602394017671,-0.152579692830923
1504,"long_v3_CCD0.0.25",1.78507940596179,-0.102099381817544,0.017597571614572,-0.00894768364959366,0.0850248513980135,-0.0574491393505503
1505,"long_v3_CCD0.0.25",1.79343845655081,-0.0387528203178104,0.0403403255457782,-0.0652956926008563,-0.0121131077425888,0.00864053735537422
1506,"long_v3_CCD0.0.25",2.02563907531815,-0.193834530366974,-0.0748681322673278,0.0719888079508972,-0.0119726912618873,-0.0657684494655877
1507,"long_v3_CCD0.0.25",1.91439764542955,-0.169252075937285,0.102060676611411,0.0462760251556367,0.0769722903206056,-0.132740150370072
1508,"long_v3_CCD0.0.25",1.95123360708874,-0.0802088504528629,0.0735614286391141,0.0159630703862362,0.0477304672331049,-0.0327510402852576
1509,"long_v3_CCD0.0.25",2.00658243468905,-0.187494687437006,-0.0349819679941207,-0.00528565200700264,0.0624432188410399,-0.139879030074338
1510,"long_v3_CCD0.0.25",2.06764290180401,-0.122152363772514,-0.0981163871360467,0.00354875469337238,0.0233096008921257,-0.058285890793974
1511,"long_v3_CCD0.0.25",1.97373207295718,-0.10454727529548,0.0603549403002428,0.0656427101458854,0.0296740031967463,-0.107076785906393
1512,"long_v3_CCD0.0.25",1.93721513047403,-0.131734435873772,-0.0137285257495752,0.00395876025650962,-0.0486032686204773,-0.107178695940615
1513,"long_v3_CCD0.0.25",1.89440961036668,-0.107158670157059,-0.0849336977436066,0.0487716493863568,-0.00527443324959414,0.0349789923920302
1514,"long_v3_CCD0.0.25",2.11259921839739,-0.143237324392441,-0.0111214647977663,0.0452312425859962,-0.0489473786421911,-0.125857464613153
1515,"long_v3_CCD0.0.25",1.87039905110903,-0.0689761121508943,0.0744574731896738,-0.00145858234988347,-0.0313737605548128,-0.170408755077903
1516,"long_v3_CCD0.0.25",1.92513206470656,-0.1772081883845,-0.000449685110945845,-0.0119802547984512,0.0019089621841875,-0.0564744152661017
1517,"long_v3_CCD0.0.25",2.01980691207407,-0.109415586302443,-0.105579402538764,0.0445418288681473,-0.0160403156105448,-0.072030913577134
1518,"long_v3_CCD0.0.25",1.88967054020631,-0.2265638933019,-0.0141457612411774,0.0202068023538673,-0.0247190058266292,-0.0434638043932312
1519,"long_v3_CCD0.0.25",1.96135133592164,-0.165707659483405,-0.0151736679335994,0.0655340466603516,-0.010161751225005,-0.0882358986338802
1520,"long_v3_CCD0.0.25",1.97417492651588,-0.0354942034095381,0.0121437737197213,0.0175318544964335,0.0340234721642688,-0.0721058590714796
1521,"long_v3_CCD0.0.25",1.92122580800638,-0.106724534324614,0.0761441606697987,0.0486692577408262,-0.0385184344103947,-0.156458958485934
1522,"long_v3_CCD0.0.25",2.14900189253858,-0.112449477238754,0.1070757165819,0.0547803582433318,-0.073530411580037,-0.192107186786089
1523,"long_v3_CCD0.0.25",1.94792373857417,-0.0736366138652739,0.0278226165230205,-0.0113216314001546,0.0210419207986812,-0.156635653211838
1524,"long_v3_CCD0.0.25",1.88409694414584,-0.0711444846956597,-0.00168383012334824,0.00367314687522696,-0.00252967810877014,-0.0615464944910086
1525,"long_v3_CCD0.0.25",1.90467433780297,-0.0992848713980471,0.056684273314528,-0.0294603117488853,-0.00364886774296757,-0.0525880387272771
1526,"long_v3_CCD0.0.25",1.95423625943515,-0.179231735977734,0.0240161464171984,0.0410375885041648,0.0640187778107169,-0.13985525734735
1527,"long_v3_CCD0.0.25",1.88795285720914,-0.206641010262981,-0.0101565915977539,0.0243625893341898,0.102610856164477,-0.0361835363270856
1528,"long_v3_CCD0.0.25",1.93691231949039,-0.100674483586695,-0.0119719713920462,-0.0317171846384132,-0.00631847282684317,-0.0381819256126886
1529,"long_v3_CCD0.0.25",1.86071192931601,-0.0814066111378626,-0.0100582237816803,-0.00654874529150006,-0.00576928387639232,-0.0735693676436701
1530,"long_v3_CCD0.0.25",1.77117399794275,-0.16808219528236,-0.0672037755079737,-0.00499480038454456,0.000985130804736254,-0.0637336100878328
1531,"long_v3_CCD0.0.25",1.94667562020538,-0.193479097874847,0.0188482000975049,0.034275119530716,-0.0213231107154594,-0.0670172696638231
1532,"long_v3_CCD0.0.25",1.91536616753563,-0.101068139236125,0.116482381357341,0.0255807741403579,-0.00935350204183255,-0.0816823245894693
1533,"long_v3_CCD0.0.25",1.90625561347783,-0.16014638237216,-0.0122266502274606,0.00896831343303722,0.0561437458272032,-0.0228355275070869
1534,"long_v3_CCD0.0.25",2.04436868904989,-0.274525095454326,-0.137708927641319,-0.0100743388693441,0.0686956163426632,-0.10061102109282
1535,"long_v3_CCD0.0.25",2.00080419841407,-0.122136061474804,0.00619569935006966,-0.0237382144292637,0.0180015344442727,-0.053273878380893
1536,"long_v3_CCD0.0.25",2.10923948327206,-0.149275398083469,-0.138688301361697,-0.0784259302647557,0.0536266106248069,-0.035963548269427
1537,"long_v3_CCD0.0.25",1.9383520016763,-0.227332767019254,0.102107212139715,0.0244576736697943,0.0858182167774408,-0.114191584548143
1538,"long_v3_CCD0.0.25",1.85810499639639,-0.2026835747918,-0.0398066316781945,0.0391116276807302,-0.0116722468732112,-0.0816718033123185
1539,"long_v3_CCD0.0.25",1.86838473825768,-0.198722096379537,-0.0779479612532268,0.0294980768991666,0.0437550019893748,-0.0904025725026693
1540,"long_v3_CCD0.0.25",1.80176058639586,-0.0885496625425638,0.0239143407138578,0.0224732094016259,0.0138940689323826,-0.119408223577237
1541,"long_v3_CCD0.0.25",1.89816992710707,-0.251280859866989,-0.0340089458958549,0.0323011675305367,-0.00637789292744773,-0.103582513669277
1542,"long_v3_CCD0.0.25",2.07518158939403,-0.171204648674423,0.0172668011311652,-0.0349682857807078,0.0141139852424857,-0.0763770864352232
1543,"long_v3_CCD0.0.25",1.97742611673855,-0.0936427115353625,0.0224617819117514,0.00667408980167784,0.0190888543999376,-0.108506480123866
1544,"long_v3_CCD0.0.25",1.98497514838318,-0.0473616878402835,0.0638305657063249,-0.0106667301441463,0.03205607570881,-0.122614578831559
1545,"long_v3_CCD0.0.25",1.98767360070516,-0.141306647179458,-0.0539488496698325,-0.0295442462817258,0.0912978495628407,-0.0727100665815031
1546,"long_v3_CCD0.0.25",1.79455750420209,-0.162631367328116,0.0160947438230107,-0.0372482963617944,-0.0213471409753244,-0.0852269937082016
1547,"long_v3_CCD0.0.25",1.95965264956012,-0.0442679893328214,0.139017152318141,0.0488259618136086,0.0528432416124188,-0.0961096014085764
1548,"long_v3_CCD0.0.25",2.07097344238891,-0.163463217504822,0.0607138532073033,0.0739586495686206,0.0261382906546374,-0.0746136356201392
1549,"long_v3_CCD0.0.25",1.9832605261828,-0.218767305148246,-0.0586681098784032,0.0120971358028522,0.058766543920398,-0.105952236939212
1550,"long_v3_CCD0.0.25",1.74558136837896,-0.128979468206283,0.0329584658901871,0.0320808974981122,-0.0340877397702122,-0.0943212205805705
1551,"long_v3_CCD0.0.25",1.85742635606809,-0.127530861767613,-0.0128027948662492,-0.0251591118312144,0.0723910785415618,-0.062472601573936
1552,"long_v3_CCD0.0.25",2.04784445184315,-0.138990943574108,0.00333049165244332,0.0101124917567987,0.0203837734761709,-0.09998297665257
1553,"long_v3_CCD0.0.25",1.88854045384319,-0.11290917938139,0.00637116694876784,-0.0517856548042039,0.0331025319461804,-0.143958142710593
1554,"long_v3_CCD0.0.25",2.01590790101535,-0.156346414579642,0.104636620629382,0.0381966951131018,-0.013612134028536,-0.0724972180728025
1555,"long_v3_CCD0.0.25",1.90041202553604,-0.0208201523350964,-0.00868058065028567,0.0533096355482922,-0.0581273177024439,-0.14614875964101
1556,"long_v3_CCD0.0.25",2.07215121198584,-0.173050046339122,-0.0682231628735384,0.00904608038848543,0.0342068473712204,-0.0231590327995737
1557,"long_v3_CCD0.0.25",1.91460467802785,-0.121765391540043,0.0580279963754275,-0.0226165482725818,0.00782934287796749,-0.0290253580441123
1558,"long_v3_CCD0.0.25",1.97382403430583,-0.0404481584905777,0.026005559406703,-0.00900591767842554,-0.00706396528659689,-0.0955130265568632
1559,"long_v3_CCD0.0.25",1.94964609357067,-0.276417840656257,-0.152044234497212,-0.0533605515023235,-0.0112743527614309,-0.0745220965421678
1560,"long_v3_CCD0.0.25",1.83564161092166,-0.0916709553404233,0.00631751530876398,-0.0190349952726189,0.0326670633343922,-0.00619039941436218
1561,"long_v3_CCD0.0.25",2.00330644571732,-0.109823900462992,-0.0367622636519478,0.0422426485897338,0.00883410007406643,-0.123010705656332
1562,"long_v3_CCD0.0.25",1.91833807617666,-0.142301549792682,-0.0576406767028919,-0.0205570073972389,0.0605136538361888,-0.00801892130968229
1563,"long_v3_CCD0.0.25",1.86954505942516,-0.237280039803857,-0.00323093871162196,0.00435420479866503,0.0531175247941198,-0.0706231934548348
1564,"long_v3_CCD0.0.25",2.00989456830257,-0.141315447461798,0.104224170826709,0.0582365536818799,0.0286775992204419,-0.109294182759297
1565,"long_v3_CCD0.0.25",2.03522328919789,-0.165721005009806,0.00634378062388439,0.0017490255867545,-0.0391197820483999,-0.111362943031621
1566,"long_v3_CCD0.0.25",1.91782633202387,-0.121133847509356,-0.0385789662450816,-0.00132093907155164,0.0135588280012389,-0.114699020912558
1567,"long_v3_CCD0.0.25",1.78869984659112,-0.0925862883971798,-0.0251248529455488,0.0407981380706894,0.0138327724511475,-0.114802239207669
1568,"long_v3_CCD0.0.25",1.92040302812368,-0.0104092088734422,0.0545085965348113,-0.0222657484819478,0.00967115131468769,-0.109172796302353
1569,"long_v3_CCD0.0.25",2.10801002837519,-0.130812911767441,-0.00192460134195088,0.0538716925347372,0.0656340637411327,-0.121288817018522
1570,"long_v3_CCD0.0.25",1.95936331137753,-0.055964114646933,-0.040335573809822,0.0307241702912657,-0.00656481371843285,-0.0819624361820565
1571,"long_v3_CCD0.0.25",2.05860821212128,-0.115617309381557,0.0976425973765211,-0.0020125027511015,-0.0100231682637544,-0.0414290755812748
1572,"long_v3_CCD0.0.25",1.78707691314308,-0.115880144345048,-0.0271115511276042,-0.00793865724592317,-0.00132840884480924,-0.0674938625068404
1573,"long_v3_CCD0.0.25",1.926493096245,-0.0860100485810088,-0.038567001105669,-0.045814175552685,0.0521431738627091,-0.0432433117960376
1574,"long_v3_CCD0.0.25",1.93334497677627,-0.101660960873921,0.0726289008733095,0.0863740951955586,-0.0264485659722259,-0.0221580264590165
1575,"long_v3_CCD0.0.25",1.8218125271359,-0.16279993848374,0.00880268492349551,0.0147396384456284,0.0811966005970438,-0.0398759370784432
1576,"long_v3_CCD0.0.25",1.96212192634054,-0.140022610459396,-0.0113698855232508,-0.0384059104083319,0.0235530672033851,-0.00336125429953689
1577,"long_v3_CCD0.0.25",1.93206620282121,-0.103300559101715,0.0513133364850853,0.0177868849630128,0.00365912784209687,-0.0196961513790455
1578,"long_v3_CCD0.0.25",1.92431247756794,-0.179235272652787,0.126867845683963,0.0140178989722953,0.0480837044804612,-0.114885701544956
1579,"long_v3_CCD0.0.25",1.86444462011916,-0.0380909139787869,0.0450169454117586,0.0147953294867056,0.00318195231756279,-0.0945916369091398
1580,"long_v3_CCD0.0.25",1.84548916213833,-0.0419890069216953,-0.0257756191832453,0.00464286716766541,0.0257314658275367,-0.0638120243144414
1581,"long_v3_CCD0.0.25",1.80624637824278,-0.240722264682931,-0.0901361580468382,0.0260214259209175,0.0851589258636966,-0.0498467919466326
1582,"long_v3_CCD0.0.25",2.05392764344912,-0.117989721381747,0.0301000660021635,0.044406912597273,0.0282244803372242,-0.0460877572001606
1583,"long_v3_CCD0.0.25",1.9671112207829,-0.15055834741623,-0.0244736771112269,0.029134988813158,0.0805376835113329,-0.0427349647937317
1584,"long_v3_CCD0.0.25",1.9717314922913,-0.22046324033479,-0.0406032752070216,-0.0288153808826982,-0.0183407275307134,-0.0219448739448492
1585,"long_v3_CCD0.0.25",1.90684525775165,-0.233687168865958,0.0546396913519391,-0.022192646435467,0.110109797486174,-0.130590164217206
1586,"long_v3_CCD0.0.25",2.00360452373873,-0.0346293983741016,0.0191540960316509,-0.0053256851987431,0.0216376458915704,-0.0510841231289428
1587,"long_v3_CCD0.0.25",1.91580299553463,-0.0391935637763241,0.0291550535019558,0.0188656220289758,0.000139431206732609,-0.0743407306615322
1588,"long_v3_CCD0.0.25",1.95215746537891,-0.0645130597807821,0.00877072224559077,0.0411200475731111,0.0347297190671207,-0.0949123304375316
1589,"long_v3_CCD0.0.25",1.87911560323499,-0.141708325121526,0.0166725946742171,-0.0701916255865633,-0.00139369423149505,-0.099189220452108
1590,"long_v3_CCD0.0.25",2.06139100681756,-0.220326949276301,-0.0586572413736264,0.00532872819265881,-0.0280386146103586,-0.126194912285929
1591,"long_v3_CCD0.0.25",1.83752070356097,-0.0595397807541602,0.15687268188396,-0.0321542392650769,0.074546021128766,-0.1173066238154
1592,"long_v3_CCD0.0.25",1.81041511513005,-0.00991649081409502,0.00575724524161244,-0.00360808274578356,0.00715796825970065,-0.00157621121128289
1593,"long_v3_CCD0.0.25",2.0824484190615,-0.0883842245926471,0.229898507050238,-0.0097923669897779,-0.00415560456356441,-0.0506148932862987
1594,"long_v3_CCD0.0.25",1.87689086425242,-0.176653906880188,0.0678941587488694,0.0171236945942366,0.0213121965930962,-0.0608002024022052
1595,"long_v3_CCD0.0.25",2.00720882775905,-0.129585717457833,-0.0367001493676546,0.00512123380929787,0.0335051857904845,-0.136259297551222
1596,"long_v3_CCD0.0.25",1.87539828103959,-0.134904920716426,-0.0358836441971817,0.0212571376098185,0.0473513224818615,-0.0623941814292579
1597,"long_v3_CCD0.0.25",2.01597015697621,-0.166524048633377,-0.0177536904509476,0.0156739829385764,0.0221812025869478,-0.0864946673759877
1598,"long_v3_CCD0.0.25",1.9728594674137,-0.0177455181082282,0.0838742373116571,-0.0273590273540007,-0.0194890239437657,-0.07190795471359
1599,"long_v3_CCD0.0.25",1.92365561798544,-0.177852022451786,-0.0108969607240764,0.0181426243402451,-0.0338233450404946,-0.121917763602696
1600,"long_v3_CCD0.0.25",1.93832152903775,-0.157488654900608,0.0064238491583735,-0.115769550063279,0.0149567199094214,-0.122945783629264
1601,"long_v3_CCD0.0.25",1.9168874771378,-0.166926077617929,0.0633181778962683,-0.00863218153125575,0.0361353381421461,-0.0874800221162455
1602,"long_v3_CCD0.0.25",1.99088053953545,-0.120750425261288,0.0893958113723757,0.00803121819677255,0.0373860281765345,-0.0598303650068145
1603,"long_v3_CCD0.0.25",2.13412435350284,-0.0428042531841862,0.0237627797932739,0.107973166965565,-0.0575070265057116,-0.14138101502882
1604,"long_v3_CCD0.0.25",1.87246661641007,-0.031616813205161,0.0654975190444171,0.101054693312995,-0.00543128821044235,-0.00503720734690074
1605,"long_v3_CCD0.0.25",1.93162530839777,-0.221035731796807,-0.0886279031911879,0.0176033533902528,0.00328326674503954,-0.0293600218932339
1606,"long_v3_CCD0.0.25",2.07838007591953,-0.168354622204676,-0.125906801979718,-0.0149296544716824,0.101563250045137,-0.0646255555700055
1607,"long_v3_CCD0.0.25",1.84791060992744,-0.0938652283145903,0.0600318540381501,-0.0366529775418355,0.0596198897722649,-0.0828875978054615
1608,"long_v3_CCD0.0.25",1.9087360843884,-0.210935566138206,-0.0582366756288386,-0.00336082881393942,0.00826671828879503,-0.081349048648676
1609,"long_v3_CCD0.0.25",1.99655109994992,-0.0454236331685532,0.0311089045226219,0.0235828747059542,-0.0352461380184819,-0.0723049123706139
1610,"long_v3_CCD0.0.25",1.91102227224718,-0.190965043324529,-0.0124524240800426,0.0113982892005743,0.066428771489054,-0.0846546174304095
1611,"long_v3_CCD0.0.25",1.95849045178999,-0.159434342426777,-0.0125228172795942,0.00677913954472607,-0.0104376150401749,-0.0816980620908833
1612,"long_v3_CCD0.0.25",1.92879731621673,-0.0953305734765137,0.00551487983665944,-0.0180914952452178,0.068766382060963,-0.0612491416405333
1613,"long_v3_CCD0.0.25",1.94491989355788,-0.0785785896243115,0.0545511382484096,-0.0361549876749993,0.0419463978374698,-0.0786282636904051
1614,"long_v3_CCD0.0.25",2.11015658466506,-0.133838785385416,-0.0549955459287151,-0.00691420886937819,0.0613338875586781,-0.0789702549352581
1615,"long_v3_CCD0.0.25",2.02118916460094,-0.255742499859778,-0.106381032081527,0.00450070999134846,-0.00495478015677688,-0.0444272289779314
1616,"long_v3_CCD0.0.25",1.98363849564504,-0.10876804120577,0.0517144358270011,0.0162619343679292,-0.00412003205289198,-0.183294354587511
1617,"long_v3_CCD0.0.25",1.88701179955582,-0.108338134294912,-0.004483426461984,0.0407181157483652,0.0469270023843821,-0.0941428114665974
1618,"long_v3_CCD0.0.25",1.89251195757774,-0.0941395962989832,-0.0187452918224579,-0.00338649165717208,-0.0248716900565515,-0.0645882894483292
1619,"long_v3_CCD0.0.25",1.93910402341683,-0.113878534559816,0.0369627038261729,-0.00353246244416043,0.012513704119782,-0.0924880035430614
1620,"long_v3_CCD0.0.25",2.03708249995746,-0.198705055709375,-0.149562630217604,-0.0025690104133008,0.0193511054218889,-0.0942909822473855
1621,"long_v3_CCD0.0.25",1.96765160255557,-0.26992782489398,-0.0211812158927387,0.0140251809669742,-0.0218498131181394,-0.113178792360234
1622,"long_v3_CCD0.0.25",1.85953693961072,-0.0549450103288043,-0.0350869839053684,0.0477388820469648,0.0222942034071254,-0.0752873006410982
1623,"long_v3_CCD0.0.25",1.99086025000306,-0.0758238904841373,-0.0279405186285158,0.0156889493676027,0.0902394229723856,-0.0205339820433083
1624,"long_v3_CCD0.0.25",1.83928475773559,-0.127852876168931,0.0153713563872571,0.00492510844662637,-0.0624620111503408,-0.134556303708482
1625,"long_v3_CCD0.0.25",1.82369277802829,-0.0312974186473691,-0.0330691572262583,-0.0021572819024772,0.020511660298196,-0.0674365275432812
1626,"long_v3_CCD0.0.25",1.96269020601911,-0.174627316199623,0.0536964464926175,0.0128986356657068,0.000409147495102454,-0.0768676346389092
1627,"long_v3_CCD0.0.25",1.89603332512482,-0.127329052836869,-0.0181161839341456,0.0382555060222309,-0.00451359946878884,-0.11522175023209
1628,"long_v3_CCD0.0.25",1.91400678515891,0.0513103510140433,0.00489723825262129,0.0339019504132142,0.0822964894268727,-0.0512384063731551
1629,"long_v3_CCD0.0.25",1.91852048466482,-0.0991614959520375,0.0785211402819918,-0.000319748048549569,-0.0138506026201006,-0.1254533143001
1630,"long_v3_CCD0.0.25",1.88593292961063,-0.116430017646491,0.0420274775365932,0.0500310601264303,-0.0297118863106969,-0.0553845710019395
1631,"long_v3_CCD0.0.25",1.93693760055021,-0.1723793846582,-0.0668040910468598,-0.0234594769218814,0.0264165624681405,-0.0268756145536141
1632,"long_v3_CCD0.0.25",2.02882394364466,-0.225324511553158,0.0357775002080425,0.0358514661837436,-0.000569486400896393,-0.179334508847678
1633,"long_v3_CCD0.0.25",1.81253579274357,-0.219630151565242,-0.0794561381352274,0.0297033841682085,0.0592683725583292,-0.0750954526369871
1634,"long_v3_CCD0.0.25",1.95942941814471,-0.174963473836045,0.00441500012585432,0.0369426458682044,0.00693451875935497,-0.0385458325505749
1635,"long_v3_CCD0.0.25",1.90800304078768,-0.125095199493254,0.134094186028649,-0.0166960067568598,0.0184644043520561,-0.100095104501721
1636,"long_v3_CCD0.0.25",2.13611715602472,-0.132791453801696,-0.0624916269807727,-0.02098689859304,0.0548468705744411,-0.10593438176496
1637,"long_v3_CCD0.0.25",1.81770132247242,-0.181494922069362,-0.010743241533015,0.0732579275752496,0.0770113804461148,-0.0142150484619715
1638,"long_v3_CCD0.0.25",1.85483291032921,-0.200281613892893,-0.0260707078321202,0.0117031677033794,0.0703922596188484,-0.114426738314976
1639,"long_v3_CCD0.0.25",2.04075423060288,-0.262729752300276,-0.158157145803451,-0.048669729414095,-0.0458677835206541,-0.126063690118006
1640,"long_v3_CCD0.0.25",2.01386680934612,-0.027744383120346,0.0262352854944768,0.0143731911302505,-0.0426623698715982,-0.109555675230713
1641,"long_v3_CCD0.0.25",2.0722750272401,-0.00616849608923259,0.0235470677793964,0.10088957709798,-0.0728351236086283,-0.0264921433529198
1642,"long_v3_CCD0.0.25",1.89188652753133,-0.0911232819849922,0.0959292297125867,-0.0222544674713855,0.0501104704732877,-0.0917831682499133
1643,"long_v3_CCD0.0.25",1.93296666989421,-0.179947310789336,-0.0626663625728092,-0.040499967072428,-0.0099498194153468,-0.101271978313747
1644,"long_v3_CCD0.0.25",2.12702329898605,-0.119110308270249,0.0933360873363221,-0.0171426230212102,-0.00191069804874559,-0.104253710910216
1645,"long_v3_CCD0.0.25",1.85162191607529,-0.0159936949715675,0.0326907728423643,-0.0626129520296371,-0.00919119972200722,-0.1200677809096
1646,"long_v3_CCD0.0.25",1.88200916850859,-0.0381749800936321,-0.0112289954985596,0.0434519449564904,0.0513890505323421,-0.00784069969233362
1647,"long_v3_CCD0.0.25",2.12590511801702,-0.100457232340652,0.0282081787998352,0.0198675683355524,0.00125294880014116,-0.0966035982240708
1648,"long_v3_CCD0.0.25",1.97401605870414,-0.209348581231706,0.0199762446844117,-0.0413409580427887,0.021427924053261,-0.13816045985365
1649,"long_v3_CCD0.0.25",1.99705547820557,-0.0129732091649085,0.152966728726881,0.052144400157873,-0.0334769165347993,-0.0465280408394514
1650,"long_v3_CCD0.0.25",1.9150439871132,-0.137849636949771,-0.0225578102540638,0.0561518876705503,0.0400661465111693,-0.102518786179488
1651,"long_v3_CCD0.0.25",2.03281806630483,-0.149371292462837,0.00183157362922422,0.0146777830467611,0.101780977744146,-0.16230427209934
1652,"long_v3_CCD0.0.25",1.96963112800425,-0.153677486343513,0.086646327600717,-0.0286888275945359,-0.0179239875896616,-0.14315031949987
1653,"long_v3_CCD0.0.25",2.04159618824713,-0.0896573407174202,0.0309961319621761,0.027447352838029,0.00399179659715883,-0.109798415700606
1654,"long_v3_CCD0.0.25",1.91553073100908,-0.0871719955261904,-0.0643894702183396,-0.00748243351084524,-0.0426367899246004,-0.0610827370494396
1655,"long_v3_CCD0.0.25",2.05204991520266,-0.211456197770007,0.00141585501134607,0.0509446503796662,-0.0135198189357554,-0.181530107827527
1656,"long_v3_CCD0.0.25",1.89240923990256,-0.22283029322372,-0.0372833280632181,0.03185347208422,0.0328158801885532,-0.0872552317746099
1657,"long_v3_CCD0.0.25",2.20172761269321,-0.236279542671038,-0.0261884814605475,0.0592362410209817,-0.0264024939319108,-0.131242799859422
1658,"long_v3_CCD0.0.25",1.94765534585545,-0.113906130432498,-0.0273530577006504,-0.0629656066783236,0.0413941809915585,-0.0781480781822852
1659,"long_v3_CCD0.0.25",1.87831557074241,-0.207114574488942,-0.0463234912372798,-0.00949225634300549,0.0269048635516933,-0.0292276541750832
1660,"long_v3_CCD0.0.25",2.07220674585398,-0.160423319966087,-0.119725139409851,-0.0403863249056984,0.038910048188964,-0.0289746888037662
1661,"long_v3_CCD0.0.25",1.90328962369679,-0.205290924352501,0.0745169899631996,0.0285266173247813,0.108096751783612,-0.120834173369111
1662,"long_v3_CCD0.0.25",2.11334962627525,-0.14195855079385,0.0700630312790918,0.0267930366235351,0.00401270427297015,-0.120361331854712
1663,"long_v3_CCD0.0.25",1.91575480008965,-0.0563998570984212,0.0304400485472572,-0.0318179740022933,0.0325276973622808,-0.0214398765687444
1664,"long_v3_CCD0.0.25",1.96341954750148,-0.14386743604087,-0.103451894330609,-0.024418163586693,0.00676472936920853,-0.107691934049512
1665,"long_v3_CCD0.0.25",1.74175032339852,-0.186948132143002,-0.0565633270282827,0.0155733556426914,0.0352281623613382,-0.0332435751599636
1666,"long_v3_CCD0.0.25",1.93282216887008,-0.156606890033941,-0.0619016256299148,0.00611655056931445,0.0348605365219392,-0.10874694271673
1667,"long_v3_CCD0.0.25",1.96075831098516,-0.107583188827946,-0.048421435843881,-0.0113912001892093,-0.0197787133063083,-0.0725236540562175
1668,"long_v3_CCD0.0.25",1.99463447686111,-0.0427608949483173,0.0107866028483867,0.0498641430485383,-0.00220000364524721,0.0023514717391252
1669,"long_v3_CCD0.0.25",1.7917205106243,-0.168730255732724,-0.13453679138879,-0.0394520016070967,-0.0385067092102062,-0.0576679883584734
1670,"long_v3_CCD0.0.25",1.87639486777375,-0.0150306848454384,0.083735746976627,0.00841875774794653,-0.00955686099063516,-0.0776598139281668
1671,"long_v3_CCD0.0.25",1.91220734757487,-0.0692991735787061,0.15923007732441,0.0186692639789958,-0.0563775578997463,-0.124661686723119
1672,"long_v3_CCD0.0.25",1.8238644236676,-0.149107833011328,0.0416473715720186,0.0176975508544762,0.0548931146465993,-0.135028363292191
1673,"long_v3_CCD0.0.25",1.73450642408261,0.0600447531464694,0.0722033790284914,0.0251016478116486,0.0249876752872175,-0.0798324858525564
1674,"long_v3_CCD0.0.25",2.16370651631223,-0.291681006371304,-0.0348673381855303,-0.000899958801157346,-0.0138572597279709,-0.125123293531587
1675,"long_v3_CCD0.0.25",1.90359863907039,-0.127523624016559,0.00856639835034001,-0.0106817551262013,-0.00786386766883599,-0.0339366683805489
1676,"long_v3_CCD0.0.25",1.82419501761529,-0.173313073693569,0.0267176291171961,0.00509276823499905,0.104617792335084,-0.0398329856349579
1677,"long_v3_CCD0.0.25",1.85249352652831,-0.113586864112484,0.0449014588168046,-0.00492539607692521,-0.0302361085113443,-0.0354578129365935
1678,"long_v3_CCD0.0.25",2.0470960678092,-0.206409729647334,-0.0695050387407926,0.00234187277927513,0.0355746569168628,-0.11768647188904
1679,"long_v3_CCD0.0.25",1.93740781820044,-0.209021491635507,0.0150187401086681,0.00986930047735205,0.0257821581735875,-0.109098922109592
1680,"long_v3_CCD0.0.25",2.0373887495734,-0.239229123175278,-0.0479278495133276,0.0549432211858695,0.0611077242517171,0.0209579760295571
1681,"long_v3_CCD0.0.25",1.71411809497902,-0.17388542442798,-0.0053630949980252,-0.0250629615229961,-0.0374796377047312,-0.0306941453928097
1682,"long_v3_CCD0.0.25",1.84769387874463,-0.206959098821659,-0.0359311031576401,-0.0294787569258806,0.0380536879400272,-0.0727953885187295
1683,"long_v3_CCD0.0.25",1.9473591727331,-0.114943015816385,-0.0692920272022902,-0.0109217633158645,0.0411598548436416,-0.0338417105412708
1684,"long_v3_CCD0.0.25",1.94717382454268,-0.173086898526611,-0.0484660539950019,0.0213911687162326,0.0798622061843805,-0.0881786064969587
1685,"long_v3_CCD0.0.25",1.8971691250139,-0.0945218195828447,0.0679633285594089,-0.0467049601809128,0.0076447642704907,-0.117420943814558
1686,"long_v3_CCD0.0.25",1.99721855258734,-0.142924385875621,-0.0520500985199664,-0.0180350210812896,0.0133726632943118,-0.0367359890423552
1687,"long_v3_CCD0.0.25",2.00061141353087,-0.156395602994135,-0.108344461656863,0.0021982990032946,-0.0263809273863297,-0.14925453248118
1688,"long_v3_CCD0.0.25",1.89484445795372,-0.179827155483101,-0.0947421635788742,0.0262753359299065,0.0168179178251469,-0.069779539816437
1689,"long_v3_CCD0.0.25",2.10428507202703,-0.0163373814612362,0.0465321166926685,0.0439282932911507,-0.0103548720900082,-0.0929367218734492
1690,"long_v3_CCD0.0.25",1.95744639841551,-0.142640297316023,0.0150597274823277,-0.033457762093722,0.00274465997835242,-0.133520469143644
1691,"long_v3_CCD0.0.25",1.97448847680956,-0.108180055100411,0.0339710425797618,0.0633887373893542,0.00387550403906723,-0.0992514059489918
1692,"long_v3_CCD0.0.25",1.9526122469961,-0.0924656336555331,0.0444610074067908,0.0251233509861368,0.0377249881934991,-0.110804872456014
1693,"long_v3_CCD0.0.25",1.99642539993384,-0.171108431850577,-0.0553478773088913,-0.00260475254663286,0.0300632377102266,-0.123682902591801
1694,"long_v3_CCD0.0.25",1.97012433299343,-0.233175596644021,0.00605421419297807,-0.0375730603925429,-0.00331256726896607,-0.112311766103577
1695,"long_v3_CCD0.0.25",2.11936726531154,-0.0706397253550576,0.0183422223671709,0.0142125601262239,0.0992375092315925,-0.158224465403827
1696,"long_v3_CCD0.0.25",1.96917635143369,-0.14382908720166,0.0176233697160791,-0.0161567533791914,0.0739355135957501,-0.0911073583044376
1697,"long_v3_CCD0.0.25",1.8737343751493,-0.166734349224697,0.0573225630150624,0.0551365557006997,-0.0278596341937909,-0.13633723698613
1698,"long_v3_CCD0.0.25",1.9545697101894,-0.15075071085293,0.00915026807875243,-0.0360766178509119,-0.00209455048126178,-0.0651305221095543
1699,"long_v3_CCD0.0.25",1.86346848709001,-0.122600761552153,-0.0159424849713137,-0.00805170569480299,0.0470550768410178,-0.00786204711994172
1700,"long_v3_CCD0.0.25",2.14037656022327,-0.104810426967881,0.0465221046241484,0.0305233990441044,0.00804642874768079,-0.0878049179661329
1701,"long_v3_CCD0.0.25",1.9474184987967,-0.189128074477531,-0.0290594634798905,0.0698964747757695,0.00489672952386297,-0.11792750285694
1702,"long_v3_CCD0.0.25",2.05090375554297,-0.170873536364698,0.0725414387975779,-0.0241627448368439,0.124698358086206,-0.130216563101356
1703,"long_v3_CCD0.0.25",1.95950835246102,-0.140434352925262,0.0745564564462,-0.00287606212297843,0.0107700958860393,-0.0971927634989765
1704,"long_v3_CCD0.0.25",2.00853123633965,-0.0763433103507996,0.0304407453548514,0.0171437503835535,0.0307386014146874,-0.0795009357648796
1705,"long_v3_CCD0.0.25",1.96205605470515,-0.119037527522878,0.0872844586710484,0.0123467180616359,0.0228823598160153,-0.114713069860785
1706,"long_v3_CCD0.0.25",2.01219422534671,-0.165952236665733,-0.111615809383718,-0.0283174514118432,0.035970863578285,-0.0810103448636496
1707,"long_v3_CCD0.0.25",1.9245856136076,-0.167271758947758,-0.0534220351277311,-0.0391613984421141,0.0587545728555982,-0.0702888227250176
1708,"long_v3_CCD0.0.25",2.04275644078959,-0.1467424268604,0.00209878993898501,0.103074404547493,0.0245211027390746,-0.0554644361268995
1709,"long_v3_CCD0.0.25",1.87618078170105,-0.241866656571454,-0.0279275825692278,-0.0440049410922856,-0.00328225631233327,-0.125053663745096
1710,"long_v3_CCD0.0.25",1.90829443996401,-0.182741591856547,-0.0308358677216223,0.0146258357257534,0.0637023662430139,-0.100050146826554
1711,"long_v3_CCD0.0.25",1.86458204998255,-0.253211858856806,-0.0919089483972106,-0.0241911849241611,0.0990530121682169,-0.0982720455207651
1712,"long_v3_CCD0.0.25",1.94520653900223,-0.167482873941748,-0.0593036311277427,0.0410979237746823,0.0281899389628152,-0.0421235356245055
1713,"long_v3_CCD0.0.25",2.06147508562787,-0.149962648379602,-0.0549156347706393,-0.0187750986096211,0.0583982973390913,-0.00339307475552175
1714,"long_v3_CCD0.0.25",2.02391523344441,-0.187548757560806,-0.110234719997247,-0.0279014397974268,0.0255820696853134,-0.0664316095405278
1715,"long_v3_CCD0.0.25",2.02593446692369,-0.132488579068414,0.0351509183410285,0.015718062787155,-0.00229238658613339,-0.135121484717368
1716,"long_v3_CCD0.0.25",1.98484934774992,-0.229824831111491,-0.0527516469539876,0.019956760428216,0.0251149197668414,-0.123993794684278
1717,"long_v3_CCD0.0.25",1.86412304554901,-0.0748099178452751,0.0511403862298232,-0.00356365658191264,0.00883626128135625,-0.0979258606701687
1718,"long_v3_CCD0.0.25",1.93458657827884,-0.0850801357025778,0.0120719913205918,0.0314250393808909,0.022317269348222,-0.0752835795920727
1719,"long_v3_CCD0.0.25",1.88510582635903,-0.195320015922597,-0.0567886375634308,-0.027528630563402,-0.0391807735563732,-0.0488630061913268
1720,"long_v3_CCD0.0.25",1.94505063113734,-0.124179008632476,0.0387682294841418,0.00961086103603217,0.0125095388154,-0.0791198178813456
1721,"long_v3_CCD0.0.25",2.10894677945617,-0.00104450325638033,0.0244150093647312,0.0232590014755192,-0.0380541100989042,-0.0904888383252115
1722,"long_v3_CCD0.0.25",1.90561674895276,-0.128092136599355,0.0269133956273446,-0.073715571168862,0.0140467673149969,-0.0581679179250944
1723,"long_v3_CCD0.0.25",2.04357305447053,-0.198296490367608,-0.0912730995491572,-0.0226639733564998,0.0310717686307329,-0.031495932771416
1724,"long_v3_CCD0.0.25",1.95212122356246,-0.131308282660387,0.045448377581438,0.043295819466763,-0.0159698516057002,-0.136219735070042
1725,"long_v3_CCD0.0.25",1.82225622688244,-0.0632350457645864,0.0236328113987064,-0.00552295141505793,-0.0526290514580654,-0.0895398539963248
1726,"long_v3_CCD0.0.25",1.95204444590623,-0.172349798057013,-0.0386405056226196,0.03669353611497,0.0111908427121733,-0.0710382471289993
1727,"long_v3_CCD0.0.25",1.89121003847235,-0.192691206929512,-0.0404508674026761,0.040038056316947,-0.0101808582960404,-0.0793479710741714
1728,"long_v3_CCD0.0.25",1.99144287410502,-0.150163729476185,-0.037860205357257,-0.02063614615084,0.0330797623123792,-0.123179424377105
1729,"long_v3_CCD0.0.25",2.06635541556707,-0.188860691394164,0.0735928120020513,0.0404372342114997,0.0118271448424623,-0.20558933882093
1730,"long_v3_CCD0.0.25",1.90934324616665,-0.133656535037024,0.0242639146153963,0.0187935104860325,0.0186855612865057,-0.09583171517018
1731,"long_v3_CCD0.0.25",1.82255334554785,-0.187348615468598,-0.13072656044385,0.00451284723335727,0.076916556474091,-0.0380394304648409
1732,"long_v3_CCD0.0.25",1.87061799907154,-0.162413138608914,0.0260674137225634,0.0272314651348012,0.0300587292603559,-0.119321559090982
1733,"long_v3_CCD0.0.25",1.87158658177165,-0.158986857604855,-0.167166242616913,-0.0587550984191091,0.0178767278432613,-0.0695078051099938
1734,"long_v3_CCD0.0.25",1.83323307599042,-0.158280263086764,0.0130734211823645,0.00620184703369348,-0.0432166247657756,-0.0593720518314529
1735,"long_v3_CCD0.0.25",1.88935363188818,-0.0243975834303447,0.07400804260029,-0.0129951612316711,-0.00152734505234173,-0.0159722356901534
1736,"long_v3_CCD0.0.25",1.86574195838824,-0.0755280678311099,0.0409670291398175,0.00728968066969059,0.0278798654032292,-0.112366886300041
1737,"long_v3_CCD0.0.25",1.83853200637467,-0.114268380313643,0.0640121668333019,0.0291335406631945,0.00103699105306908,-0.0936935718374525
1738,"long_v3_CCD0.0.25",2.0092414832827,-0.144974116984199,0.137202887050616,0.0109423921943279,0.000308450132785264,-0.133016676854243
1739,"long_v3_CCD0.0.25",1.83233321516276,-0.252229455052942,-0.0809343364755246,-0.00923029899806345,0.0292403217300817,-0.0794322472666707
1740,"long_v3_CCD0.0.25",1.91390103176617,-0.100208229532284,0.0412902146918936,-0.0183578750138144,-0.019516489142341,-0.0948679996131497
1741,"long_v3_CCD0.0.25",1.98806755425796,-0.136170852403082,0.0644743007812619,-0.0486490943833388,0.0320452572930374,-0.143863260748081
1742,"long_v3_CCD0.0.25",1.98595121034001,-0.194376448506237,-0.079620536736118,-0.0262960812955024,0.0456515282744798,-0.0989773604808711
1743,"long_v3_CCD0.0.25",1.98847650121231,-0.238544775967906,-0.0480155864713066,0.00326453229593646,-0.000483595820509782,-0.147241746830654
1744,"long_v3_CCD0.0.25",1.97155928916044,-0.125407835635591,-0.0327331557357977,0.0107014583360452,0.0307418130032681,-0.10258513462905
1745,"long_v3_CCD0.0.25",2.02450319960733,-0.176349578922442,-0.0758004122297024,-0.0176305755984302,0.0248932106546371,-0.021268686631544
1746,"long_v3_CCD0.0.25",2.08753232822682,-0.0761514758761174,0.112599549556368,0.00121162947863814,-0.00449613489346369,-0.112758720758875
1747,"long_v3_CCD0.0.25",1.89698566262775,-0.197762701762945,-0.0987384933379028,-0.00653283427660868,0.0399559599501831,-0.094131774739156
1748,"long_v3_CCD0.0.25",1.83820788770428,-0.147798577804245,0.0216994207531228,0.0951005096828265,0.0635904081774859,-0.0845531095127974
1749,"long_v3_CCD0.0.25",1.97659045117768,-0.108636892344391,-0.133882149318924,-0.0465513830341477,0.0262163052648704,-0.133791502174941
1750,"long_v3_CCD0.0.25",1.93284848107018,-0.0275673681664074,-0.0393724755788135,-0.0869559471218357,-0.0581768991784435,-0.0568866712163406
1751,"long_v3_CCD0.0.25",2.05928833730526,-0.207833819059034,-0.0305827668141305,0.0887149250669191,0.0438531010838783,-0.168016317146111
1752,"long_v3_CCD0.0.25",2.03490683247328,-0.153084992581113,0.115761863382624,0.0392031509871828,-0.0648941343794962,-0.136019788710385
1753,"long_v3_CCD0.0.25",2.02586652350423,-0.156882893510123,-0.0675306555458201,0.026513407130402,-0.00306536320538727,-0.0729537812027643
1754,"long_v3_CCD0.0.25",1.91793286113687,-0.129127417100414,-0.08073749851301,0.00980712717393572,-0.00325572306444316,-0.0952179266763827
1755,"long_v3_CCD0.0.25",1.965614529097,-0.116627472107273,0.0481127850581365,-0.000194493966750938,-0.012296977539244,-0.0541089515731693
1756,"long_v3_CCD0.0.25",2.07170321631742,-0.126839679551989,-0.0276114410362678,0.0672282515758662,0.0525719683220095,-0.0871436139447929
1757,"long_v3_CCD0.0.25",1.95489494078254,-0.151788642440308,0.167337694324121,0.0283763997636132,-0.0553310058743899,-0.14962521106983
1758,"long_v3_CCD0.0.25",1.94259609485051,-0.0995929545036141,-0.0123115931778758,0.0265818785160277,0.00569939612340547,-0.082422445090486
1759,"long_v3_CCD0.0.25",1.97198081583726,-0.112367157972267,0.0127580088161959,-0.0165491101951647,0.029286553268756,-0.0881242851490477
1760,"long_v3_CCD0.0.25",2.00764300227976,-0.218172083227014,-0.0592261890087434,-0.0398559472897736,0.0496558354005521,-0.129355657216151
1761,"long_v3_CCD0.0.25",2.02477300237231,-0.179758030126522,0.00772868893450349,-0.0330751036642131,0.00763968329461564,-0.105669792223431
1762,"long_v3_CCD0.0.25",1.87956204513885,-0.0198275221240822,0.0729408476316129,-0.0121200408245507,0.00715092200835145,-0.168328088187529
1763,"long_v3_CCD0.0.25",1.87245744469382,-0.204371744255123,-0.0346423841028735,-0.0309843883105115,0.0528610433845577,-0.146307356165387
1764,"long_v3_CCD0.0.25",1.94650412336145,-0.0675521241834815,0.0244351333201478,-0.00825887113639726,0.00581829816117712,-0.0318631835707883
1765,"long_v3_CCD0.0.25",1.81956201086554,-0.0821781366865579,0.0298355473102289,-0.0383207909020906,0.0247591104905382,-0.0918912657786715
1766,"long_v3_CCD0.0.25",1.93317584433061,-0.266323973979457,-0.110453106521519,0.0433173589404342,-0.0431923002379294,-0.0601602569524551
1767,"long_v3_CCD0.0.25",1.95877025792764,-0.0932177678320802,0.0443136650945865,0.0104979547064247,-0.0453451998616957,-0.0398654590192403
1768,"long_v3_CCD0.0.25",1.90398641377085,-0.127389959294357,-0.131798797737813,-0.0464582391844254,-0.0382668378275653,-0.116853319709512
1769,"long_v3_CCD0.0.25",1.96758064746982,-0.180382638795079,-0.0152940458071948,0.0814657024439773,0.00127606176674155,-0.063106032576048
1770,"long_v3_CCD0.0.25",1.87945630148583,-0.0792072483668328,0.034797973760273,0.00938360639099536,-0.00529716979173119,-0.00877895818664595
1771,"long_v3_CCD0.0.25",1.94584358022896,-0.21042419705434,-0.0487458050241167,0.0280988921923632,0.0459130290434728,-0.0715637162847736
1772,"long_v3_CCD0.0.25",2.06042141504653,-0.165287923153905,0.09679149155984,0.00126352351722954,0.0146504574221335,-0.125549856597517
1773,"long_v3_CCD0.0.25",1.89341199190246,-0.110443779058862,0.0613558534614135,0.0306330797565912,0.0115253161328958,-0.0424248245881384
1774,"long_v3_CCD0.0.25",1.93552068537652,-0.159520654519338,-0.0507800556739392,-0.00411135168897695,-0.0216988262426329,-0.111790273619498
1775,"long_v3_CCD0.0.25",1.92617853240845,-0.188233395442261,0.0344082524963708,0.0610117165054454,0.0337170041654238,-0.128356205455183
1776,"long_v3_CCD0.0.25",1.89737541615504,-0.218781059277291,-0.149020960571412,0.0171019750869891,-0.00572042942711375,-0.0953016886266592
1777,"long_v3_CCD0.0.25",1.88823510382917,-0.0979603017857249,0.0388908641500385,-0.0451180405663074,0.0314110320624872,-0.105971657722739
1778,"long_v3_CCD0.0.25",1.97162910668102,-0.156397311874169,0.0305421798905186,-0.017026402447843,0.0193024244252282,-0.1531211678859
1779,"long_v3_CCD0.0.25",2.01753473635309,-0.128868280408186,-0.0196102760724636,-0.0139286439355549,0.0633926342719496,-0.0732401165131249
1780,"long_v3_CCD0.0.25",1.88057618678095,-0.120609767192485,-0.0958169541887584,0.012900811121538,-0.0461692241471981,-0.0308621231461633
1781,"long_v3_CCD0.0.25",1.90056353606922,-0.194446421167329,0.0557000584697654,0.0158732405736675,0.0498560438817634,-0.114221002537855
1782,"long_v3_CCD0.0.25",2.0856664891438,-0.217322971840717,0.00249959021560054,0.0411335677446017,0.0729238487254948,-0.138873038998344
1783,"long_v3_CCD0.0.25",1.88017034618109,-0.00367957244896657,0.0565143995443676,-0.054513172373993,-0.0207818954194373,-0.147962504673957
1784,"long_v3_CCD0.0.25",2.00381169678653,-0.203881117391409,-0.0476536776926507,0.0313754887834292,0.032844416830835,-0.0179306317840441
1785,"long_v3_CCD0.0.25",1.97035400807216,-0.0676421647444966,0.0815426640462567,-0.0219389046555319,-0.00950629673138827,-0.129042299018422
1786,"long_v3_CCD0.0.25",1.92526147275521,-0.161281019250271,-0.119268587223208,-0.0183423286436073,0.00697337678733677,-0.0462757885578961
1787,"long_v3_CCD0.0.25",1.93049442932636,-0.0239716266367253,0.130250337227732,0.0259583613510149,-0.0475780755040237,-0.170849408250322
1788,"long_v3_CCD0.0.25",1.90073660469694,-0.163793675496538,-0.100254082341513,0.0214725628571437,0.048463869875057,-0.0903889012181474
1789,"long_v3_CCD0.0.25",2.08295610493113,-0.115855545665209,-0.0457133118794101,3.35245403612924e-05,0.0193502600451049,-0.0243303791942449
1790,"long_v3_CCD0.0.25",2.00081709372574,-0.0415736936611668,0.037550837667057,-0.0371557043602392,0.0434832534316679,-0.0386918306110284
1791,"long_v3_CCD0.0.25",2.00163934728814,-0.148413587655542,0.0284591071902353,0.0400391732750703,0.0579122207927862,-0.128166455006259
1792,"long_v3_CCD0.0.25",1.95051749557419,-0.0772329336708529,0.0699639845242254,0.021215937719075,0.030875658416849,-0.0366981147190544
1793,"long_v3_CCD0.0.25",1.95099602343746,-0.128200329096266,0.0647125290641283,-0.022037989061318,-0.0321592207696707,-0.162292482941029
1794,"long_v3_CCD0.0.25",1.81520115295991,-0.0601310670282635,0.0480000457401589,-0.000870348557294305,0.00467889179035145,-0.0434495707415516
1795,"long_v3_CCD0.0.25",1.92488081160237,-0.19998528454479,-0.0819304863952333,-0.0218488693699775,0.0102521818149583,-0.0948758284681297
1796,"long_v3_CCD0.0.25",1.93156727931824,-0.109232119395172,0.00140534254045332,0.0079003826134537,0.0524715895573005,-0.122636537809011
1797,"long_v3_CCD0.0.25",1.96024678372505,-0.0710338095512386,0.00223297978966658,0.0598810207384258,-0.00797652152893573,-0.0911230716048006
1798,"long_v3_CCD0.0.25",1.82656249954838,-0.119556907334801,-0.0813462584404134,-0.00254297467829738,0.0586580502724891,-0.136614932587631
1799,"long_v3_CCD0.0.25",1.8856416701915,-0.121491920866351,-0.0334491228534088,-0.0113855800297066,0.006099478542479,-0.0500668255808138
1800,"long_v3_CCD0.0.25",1.73364812384755,-0.0674337056044862,0.00237500118386794,-0.0152754917696045,0.00700003897564096,-0.037599511599528
1801,"long_v3_CCD0.0.25",1.98262389096143,-0.198675469799708,-0.00177989649512775,0.0144393457776028,0.0608581593256408,-0.114783022222433
1802,"long_v3_CCD0.0.25",1.91054608827793,-0.15321950996403,0.0884638621479346,0.0621416539910551,-0.0341980568999692,-0.135894346787933
1803,"long_v3_CCD0.0.25",1.81638071110119,-0.136486546600215,0.0389364798830803,0.0977965711492093,0.00614019488896721,-0.0810197580951645
1804,"long_v3_CCD0.0.25",1.94676496696649,-0.116433268794312,0.070996407173245,0.0295601905485084,0.0670218765136934,-0.0461160346841792
1805,"long_v3_CCD0.0.25",2.03903954068133,-0.115113605892411,-0.0222481024913622,0.0103787029065321,0.0239943857244218,-0.121243588581737
1806,"long_v3_CCD0.0.25",2.0288256252739,-0.10394008525629,-0.0113881038751722,0.0302963536675226,-0.0333233103381376,-0.10638660707346
1807,"long_v3_CCD0.0.25",1.79288127860405,-0.0707462277832198,0.0288139036845834,0.0212337579270004,-0.0243324483436204,-0.00906587351315617
1808,"long_v3_CCD0.0.25",1.91485653306431,-0.154847976552941,0.0484095512666455,0.00789217542672379,0.0536401288524067,-0.0381390201052652
1809,"long_v3_CCD0.0.25",2.07264845813551,-0.0682598224172306,0.155334674393043,0.0988714984650414,0.0374175669623154,-0.102629803125437
1810,"long_v3_CCD0.0.25",1.95521921759624,-0.207686582811444,-0.0497470460729872,-0.0432805884886468,-0.0417312610874785,-0.100582423508636
1811,"long_v3_CCD0.0.25",1.84258885743842,-0.108954689508707,0.109130689180908,-0.0582139490265159,0.0320249786046637,-0.0935795178922126
1812,"long_v3_CCD0.0.25",1.95858940798622,-0.142567733826851,0.102776382399684,0.0121204888642518,0.0362467661925555,-0.137271113654541
1813,"long_v3_CCD0.0.25",1.97175653949163,-0.0820544207886405,0.0991384479142231,0.0455915204583613,0.0699154320572538,-0.0860039392655585
1814,"long_v3_CCD0.0.25",2.06861961847558,-0.137162434689218,-0.00125159334350668,0.0221622400945263,0.00382487583357505,-0.120974308365226
1815,"long_v3_CCD0.0.25",1.97190609497882,-0.0954926556041211,-0.0316002748949861,-0.0322321173021619,-0.0134977241214661,-0.0768317752306945
1816,"long_v3_CCD0.0.25",1.93466757597493,-0.230818800837155,-0.0264845814436261,-0.00153898226614709,-0.00988622195654462,-0.120407946207033
1817,"long_v3_CCD0.0.25",2.10930178353413,-0.30132605140696,-0.0557006671963191,0.0434019760555888,-0.0368699990683873,-0.166714717837824
1818,"long_v3_CCD0.0.25",1.91402826855213,-0.134776101321352,0.0241550077072427,-0.0369261940003568,0.0114842244195633,-0.113702630629288
1819,"long_v3_CCD0.0.25",2.00572699128066,-0.117049698493798,-0.0137993165393797,-0.0513030445771502,-0.011770237969036,-0.0942826173754753
1820,"long_v3_CCD0.0.25",1.97999900902392,-0.190047809500119,-0.0855822053450189,-0.0211893478299713,-0.0258787534924374,-0.180769860270848
1821,"long_v3_CCD0.0.25",1.9558798258962,-0.0791509199575877,0.026044800711791,-0.0325511983469895,-0.0089226370699871,-0.0527750620738643
1822,"long_v3_CCD0.0.25",2.06853810893941,-0.124956287369678,0.0408081438950578,0.00899284844481243,0.0131733710652057,-0.0434385274298744
1823,"long_v3_CCD0.0.25",1.98152010196006,-0.0887330136190165,-0.0632246620057348,0.000133164765100977,0.031670496625253,-0.083148325305122
1824,"long_v3_CCD0.0.25",1.91404071580805,-0.115543412720492,0.0016320066607639,-0.00929195636839062,0.0142234149872024,-0.0493705226188078
1825,"long_v3_CCD0.0.25",1.87967463276793,-0.00879061969915246,0.0559268385025664,0.00200467419437851,-0.0193829687815965,-0.0709619513304898
1826,"long_v3_CCD0.0.25",1.6200201663764,0.0144054361557325,0.051233152439289,0.0281645178826033,0.0156315762818155,-0.0562094519682564
1827,"long_v3_CCD0.0.25",1.79113746647871,-0.175858783853589,-0.0412190985155254,0.0494506140613466,0.0495125758971962,-0.0604844628308149
1828,"long_v3_CCD0.0.25",1.75231492105261,-0.0571334533450934,0.0224778473170573,-0.0216746635068779,-0.0162640421148718,0.00467139817443844
1829,"long_v3_CCD0.0.25",1.96104194645337,-0.120090286166415,0.0842350068316919,-0.00766023152332451,0.0640201949283426,-0.108650990596397
1830,"long_v3_CCD0.0.25",1.96409453039831,-0.0797849724416204,0.0212435124803616,0.0131485031973919,0.0202499363995888,-0.0487496754223718
1831,"long_v3_CCD0.0.25",1.79168900946916,-0.261056643488345,-0.0437886216935891,0.029249785916577,0.0445934732657219,-0.109928553981668
1832,"long_v3_CCD0.0.25",1.83176542329,-0.160380352326492,-0.0248400531996426,-0.0450486792054823,0.0611655260925161,-0.0321944963888352
1833,"long_v3_CCD0.0.25",1.90426415651778,-0.0738146126419587,0.0308166213723889,0.0111628439305057,-0.0193899527860006,-0.13056156647237
1834,"long_v3_CCD0.0.25",2.05669131831002,-0.0952698459007248,0.00316228562553074,0.00297814236324852,0.0636031590755555,-0.11513161118712
1835,"long_v3_CCD0.0.25",1.87055096004952,-0.164777611631095,-0.0320107810640041,-0.0184292811816554,0.0901255752176389,-0.113951016759273
1836,"long_v3_CCD0.0.25",2.0102852960066,0.0498621344998973,0.145751825711429,-0.0687833617184327,0.0458271642084283,-0.0951064007788162
1837,"long_v3_CCD0.0.25",1.96930151533535,-0.11415517765532,0.0581395614634028,0.019812066894493,0.00725907889171944,-0.0751399027501861
1838,"long_v3_CCD0.0.25",2.08233173992962,-0.271385507716202,-0.0199215093498506,0.0486218814642775,0.00223424029024209,-0.212965386266556
1839,"long_v3_CCD0.0.25",1.98194366715106,-0.135527201981383,0.0770984784871399,-0.0320425574089075,-0.0208985549098601,-0.142134034147911
1840,"long_v3_CCD0.0.25",1.95636504391316,-0.169908811511432,-0.0799996067792517,0.0746727858631024,0.0370538841551481,-0.0785236942208254
1841,"long_v3_CCD0.0.25",1.90032677614909,-0.238218838957633,-0.108678780519222,0.0128055236188771,0.0173467101203187,-0.0840298109727275
1842,"long_v3_CCD0.0.25",1.86041510479437,-0.0530400646967945,-0.0163401220618388,-0.0207738395561439,0.0151005999429631,-0.117255894843048
1843,"long_v3_CCD0.0.25",2.01661758402037,-0.22884194028072,-0.12733811090868,0.0189897953299408,-0.013919726390251,-0.140167444569999
1844,"long_v3_CCD0.0.25",2.10745646584887,-0.131186787094019,0.0111577782887266,0.0221903318207688,0.021416650004325,0.00467609780235647
1845,"long_v3_CCD0.0.25",1.94002645844789,-0.115425139329739,0.0350372658777879,0.00277592396199413,0.03374582554337,-0.0763911320476717
1846,"long_v3_CCD0.0.25",1.82593652815877,0.0113241235550178,0.116145214255746,-0.0868704143446092,0.0829627477888437,0.0133100867152221
1847,"long_v3_CCD0.0.25",1.93112616061168,-0.170343379389435,0.0890781985289709,-0.0211260811008847,0.0556054373952869,-0.161929186879061
1848,"long_v3_CCD0.0.25",1.8197974307275,-0.124790741931504,-0.0382408625784503,-0.0205079290586889,0.0115682167244595,-0.065255927350703
1849,"long_v3_CCD0.0.25",1.87580921971703,-0.145652502581593,0.04113251003829,-0.00720815041763668,-0.000861539402231989,-0.0801030280984696
1850,"long_v3_CCD0.0.25",1.94627692517771,-0.143697217378945,0.0102153076782886,0.0209510238129275,0.011458927516241,-0.12145980133302
1851,"long_v3_CCD0.0.25",2.04761822468889,-0.0964068714046062,0.0249847475008009,-0.00534466121716729,0.00043866739017424,-0.124808719489251
1852,"long_v3_CCD0.0.25",1.82518525626485,-0.146681259014094,-0.0104330261011702,0.0115074127763376,0.0171964328008434,-0.0465718010437222
1853,"long_v3_CCD0.0.25",1.96496874014561,-0.0240262688637407,0.138144900980418,0.003156510799466,-0.0287301441691655,-0.0617811534260459
1854,"long_v3_CCD0.0.25",2.0975112349338,-0.091776709490417,-0.0144432788960243,0.00778989437999456,0.0210720869900975,-0.111402417224879
1855,"long_v3_CCD0.0.25",1.74382491622331,-0.0468016578179332,0.0650927468234275,-0.0484563000501307,0.00455113119856531,-0.0472042994140105
1856,"long_v3_CCD0.0.25",1.80345964239613,-0.2527367140052,-0.0561898981529645,0.0295700495111095,0.0784758367008443,-0.101338181104358
1857,"long_v3_CCD0.0.25",1.83538926817047,-0.0558997773490294,0.0138176420275422,0.0325493386225088,0.011773545834584,-0.0953160034126181
1858,"long_v3_CCD0.0.25",2.17535102959061,-0.159603155432387,-0.0179247876902933,-0.0589583078271838,0.0273604349364449,-0.0814219049509708
1859,"long_v3_CCD0.0.25",1.95942604949008,-0.124349787956819,0.148011895215736,0.0233724763083476,0.0438538440137851,-0.173189235401339
1860,"long_v3_CCD0.0.25",2.01396245244345,-0.143191661104878,-0.0195012684998456,0.0615910161200003,0.0736223487623967,-0.122433095342594
1861,"long_v3_CCD0.0.25",1.9605310030047,-0.112156019825771,0.104734358072215,0.0541023957495686,-0.0769082164694456,-0.066210711718243
1862,"long_v3_CCD0.0.25",1.92809580809279,-0.0722912840838747,0.0903478521832195,-0.0223155549098705,0.0329545050908171,-0.0800019903157061
1863,"long_v3_CCD0.0.25",1.98038334901112,-0.132241438174545,0.022866643516633,0.0247534900746689,0.0549531009277831,-0.0887391213371727
1864,"long_v3_CCD0.0.25",1.95019786245223,-0.130040558835255,-0.0906673280350447,0.0537040111535883,-0.0116647019060564,-0.101454124185395
1865,"long_v3_CCD0.0.25",1.97482855252416,-0.183286405886303,0.0235318121362701,0.00437730637139327,0.0371378937317833,-0.0801204784541437
1866,"long_v3_CCD0.0.25",1.98591664816968,-0.227858727334557,0.0135010763979944,0.0549040434909811,0.0193451404307842,-0.162870570695675
1867,"long_v3_CCD0.0.25",2.04032328827441,-0.243735191705747,0.0202295745153384,-0.0037326403800758,0.000322933713230118,-0.128458447077601
1868,"long_v3_CCD0.0.25",2.01321796075245,-0.107073863879357,0.0212764714954424,0.00895984838682472,0.0199185964541619,-0.0952636486273234
1869,"long_v3_CCD0.0.25",2.122660122417,-0.127715272669293,0.140764348012913,0.0468106794157912,-0.0227469222906512,-0.161421586896459
1870,"long_v3_CCD0.0.25",1.98901213253522,-0.152389286133407,0.00956378270544125,0.0179632130291533,0.00458353171757767,-0.166077337150944
1871,"long_v3_CCD0.0.25",1.73675517287753,0.0572337526193966,0.00405489959534858,-0.0609771759939595,-0.0416636443140371,-0.0242063057234007
1872,"long_v3_CCD0.0.25",1.85076151776674,-0.0976001370551558,0.0255472691291276,0.0123896963578324,0.0413905857499939,-0.122593695425872
1873,"long_v3_CCD0.0.25",1.76545169513454,-0.06989204655924,-0.0500913285225172,-0.00784252758827925,-0.0157146832054247,-0.0122728381412906
1874,"long_v3_CCD0.0.25",1.83268266556188,-0.0768865236737572,0.00222907925566386,-0.0142296143874868,-0.00616011251173647,-0.0818419772433018
1875,"long_v3_CCD0.0.25",2.03638483294235,-0.150805413548334,-0.0266299740114134,0.0130202859523969,0.0441102563768472,-0.0609798453250522
1876,"long_v3_CCD0.0.25",2.03985547698901,-0.162612212577336,0.0898912336546527,0.012346388588899,0.0569953878307867,-0.116119084474591
1877,"long_v3_CCD0.0.25",2.1343604959074,-0.128634315615581,0.0347683241276182,0.0122232044462578,-0.0170842403742394,-0.1770140691771
1878,"long_v3_CCD0.0.25",2.05368707933397,-0.0737466742904589,0.142052434193054,-0.0211042592140093,-0.0173680385354902,-0.0847657337318216
1879,"long_v3_CCD0.0.25",1.88238507893565,-0.112120230390906,0.0718859823950337,0.0413935722172929,-0.00708168119194258,-0.0131218007664009
1880,"long_v3_CCD0.0.25",1.78563644148099,-0.0587858584828021,0.0865906574413522,-0.00858331014012154,0.0930469402496832,-0.0921181687249521
1881,"long_v3_CCD0.0.25",1.90950810766466,-0.0672509780470379,0.0228192700725719,-0.0347844430110652,-0.0434276487012303,-0.0545802920018707
1882,"long_v3_CCD0.0.25",1.95103826585907,-0.212521827646853,-0.157288251159606,-0.020565584953559,0.0589808570156523,-0.0217909683656816
1883,"long_v3_CCD0.0.25",1.76473566341667,0.0199853337683407,0.0792988913112145,0.0554956859340274,-0.0222589026997551,-0.0213124575724792
1884,"long_v3_CCD0.0.25",1.93455200620244,-0.142286655211039,-0.0734861978401445,-0.0169595327087727,0.0224706540858723,-0.0475704925977487
1885,"long_v3_CCD0.0.25",2.02357395427256,-0.219885100561042,0.0713626440038142,-0.00255633731285268,-0.044470579393943,-0.141929391091094
1886,"long_v3_CCD0.0.25",2.01530299707268,-0.117089170594876,-0.16108012245272,0.0152935466683678,0.0292266089703855,-0.174356209068545
1887,"long_v3_CCD0.0.25",1.7750338075586,-0.127101244266384,-0.00751482371087959,0.0117718416115184,0.0125663844798322,-0.0500178097929204
1888,"long_v3_CCD0.0.25",2.09511640344912,-0.080803574937388,0.00135555520804469,-0.00171552329401843,-0.031106136585604,-0.11862473087216
1889,"long_v3_CCD0.0.25",1.96984155033391,-0.111727525243007,0.0458458500388477,-0.0103697023048539,0.00352805386625205,-0.0638084702397004
1890,"long_v3_CCD0.0.25",2.01611422737337,-0.0584606039736962,0.0446884605731839,0.0214692693657707,0.0470092718700242,-0.0371421274827964
1891,"long_v3_CCD0.0.25",1.93577187263055,-0.129555074272705,0.00523801249396972,-0.0179731489081645,0.00331139245724387,-0.101541630163325
1892,"long_v3_CCD0.0.25",1.87805516889255,-0.109478129453395,0.000792204175600639,0.0579328501639199,-0.0107003802688203,-0.0200846041227827
1893,"long_v3_CCD0.0.25",1.95944878256679,-0.173609272111087,0.122024503503042,-0.00720839371184856,0.0759938573124663,-0.085152651909855
1894,"long_v3_CCD0.0.25",1.90750094463979,-0.160564391140913,0.0377916198964536,-0.0377371809743646,0.0403027370633117,-0.125863490228677
1895,"long_v3_CCD0.0.25",1.85500993751285,-0.118205597983696,0.067925884346834,0.0103877677851667,0.0763963728669074,-0.0660812012340288
1896,"long_v3_CCD0.0.25",2.02254800946172,-0.0875908262388556,0.053734940949394,0.0227488525950827,-0.00685141899318266,-0.0968599953321532
1897,"long_v3_CCD0.0.25",1.97490954397136,-0.183426479219927,0.0495370751820484,-0.00414096843325185,0.0346874057864456,-0.138065175754961
1898,"long_v3_CCD0.0.25",1.93798701166715,-0.157226338561488,-0.0188590599715527,0.0394113518822293,-0.0326688493500185,-0.0909939588481163
1899,"long_v3_CCD0.0.25",2.01220626652513,0.0267202417686554,0.164038649001972,0.0255827770063583,0.00489116349149639,-0.185461716326237
1900,"long_v3_CCD0.0.25",1.97749016801595,-0.128185381492363,-0.0627344519183813,0.0301145305729826,0.0670160960545987,-0.0901011195216222
1901,"long_v3_CCD0.0.25",2.17587950441554,-0.190340557744141,0.0519443637399547,-0.0302515453724677,-0.00572018546936935,-0.0919132946753544
1902,"long_v3_CCD0.0.25",1.7796202094533,-0.221048737135085,-0.144604997700966,0.0343635529035406,0.047905705816733,-0.0867561420909427
1903,"long_v3_CCD0.0.25",1.94473704982102,0.005670596988117,0.0672580025590443,0.00229994891111359,0.0356603615087589,-0.0427692116681967
1904,"long_v3_CCD0.0.25",2.13144109254913,-0.201712216764926,-0.00691064053782376,0.0264626100444454,0.0678512959621051,-0.125951965715146
1905,"long_v3_CCD0.0.25",1.97346887382967,0.0792155117407954,0.0863425093468543,-0.00176384459823756,-0.0764097754029062,-0.0417336779355413
1906,"long_v3_CCD0.0.25",2.05057131323613,-0.0795533478388663,0.11252273449026,0.00627426534891031,-0.0139527381266493,-0.189418482511625
1907,"long_v3_CCD0.0.25",1.95840663246412,-0.0765405046043346,0.0291817682333697,0.115687583527636,0.0403797559410317,-0.128331723376882
1908,"long_v3_CCD0.0.25",1.94984645617457,-0.0229724206821152,0.0275737590018334,0.00609107206930611,0.0469706233408003,-0.0823125214129086
1909,"long_v3_CCD0.0.25",1.89017279790627,-0.169557741505276,0.0121797294440303,-0.0285824618815481,0.0464413108442294,-0.0237642286083746
1910,"long_v3_CCD0.0.25",1.87557933496762,-0.0414121952275511,0.0569442031204159,0.0327811422958598,0.00709006804674643,-0.100842274207428
1911,"long_v3_CCD0.0.25",1.85092954185406,-0.226944876458293,-0.0165827472146424,0.000887175766615435,0.133539227958762,-0.100266704009728
1912,"long_v3_CCD0.0.25",2.0977224145947,-0.239132478910508,-0.062966379994118,-0.0348350996024466,0.087689091541888,-0.0822702419893096
1913,"long_v3_CCD0.0.25",1.87349827496474,-0.215920757285227,-0.0645785866380483,-0.0105983640000055,0.0616929430375818,-0.0393485531629702
1914,"long_v3_CCD0.0.25",1.89700655853533,-0.121295516967376,0.0108637216658001,0.0172104198170634,0.0170193824518291,-0.0695132365853495
1915,"long_v3_CCD0.0.25",1.8400960057713,0.0395335701720687,0.0511727373524747,0.0362174971936094,0.0159982603824227,-0.0831095800880958
1916,"long_v3_CCD0.0.25",1.86949031190204,-0.241856316813439,-0.209967270091844,0.0143672332420762,0.0208541628433027,-0.0557635175922717
1917,"long_v3_CCD0.0.25",1.95549136939178,-0.227453146181478,-0.0113075975162422,0.031411393873012,-0.0734320204265789,-0.0999748874644037
1918,"long_v3_CCD0.0.25",1.82699072299823,-0.0783526775960584,-0.040531875811675,0.0460830449258007,0.078450783182672,-0.00552408526746024
1919,"long_v3_CCD0.0.25",1.8502779003569,-0.0877302758955646,0.186949167767457,0.0826641522665169,0.00791721570697126,-0.108507501280526
1920,"long_v3_CCD0.0.25",1.89755290406789,-0.0116223185516307,0.0997158621480569,0.0361688280900694,-0.0296632593126405,-0.0732202547225823
1921,"long_v3_CCD0.0.25",1.85288760480133,-0.0410236040717672,0.0991408971334914,-0.0227707924369977,-0.0310870801858753,-0.0642906206500631
1922,"long_v3_CCD0.0.25",1.83711694926938,-0.0617792080900904,-0.0924725647586947,0.000587880891994306,-0.017319563352791,-0.129770262188346
1923,"long_v3_CCD0.0.25",1.8627757894287,-0.176793230455181,-0.0417725078363536,0.00665654812555212,-0.0172212803771484,-0.102645234701432
1924,"long_v3_CCD0.0.25",1.98087031872878,-0.158605175737234,0.0723883656409475,0.00809329080946472,0.00200312125653074,-0.110325411124223
1925,"long_v3_CCD0.0.25",1.86461158548272,-0.0600904936829806,0.0718278161272857,0.0355578369100947,0.0480787210505901,-0.121185940122506
1926,"long_v3_CCD0.0.25",1.88847013429327,-0.299913033341847,-0.0430959873630232,0.0402189739238543,0.0930998617832255,-0.087296060751661
1927,"long_v3_CCD0.0.25",1.89043531888309,-0.14443925784239,0.0183869139891016,0.00695491215570462,0.0555163259034183,-0.0794268482176968
1928,"long_v3_CCD0.0.25",1.99401175959923,-0.140926359819962,-0.0351833970633216,0.0558963963983658,0.0504421296991077,-0.0779515991916288
1929,"long_v3_CCD0.0.25",1.97836666675039,-0.177451944476016,0.0805926373128897,0.0259188944991139,0.0148522423032383,-0.170470246013661
1930,"long_v3_CCD0.0.25",2.07779342903186,-0.0621394021252526,0.136300841652944,0.0102045136195475,0.00790090994778087,-0.133558832908835
1931,"long_v3_CCD0.0.25",1.82152982203396,-0.140155223960775,-0.0810199823989654,-7.86189161100024e-05,0.0378688777858647,-0.0249436219674552
1932,"long_v3_CCD0.0.25",1.90312796345946,-0.0783865731164074,-0.00403071927289073,0.0195535779610182,-0.0455335617670429,-0.0925272438836283
1933,"long_v3_CCD0.0.25",1.89714736396216,-0.136958544137333,-0.0084462736791081,-0.0253131932763538,-0.0424031536572106,-0.118818287480904
1934,"long_v3_CCD0.0.25",2.05874935899441,-0.128098090939953,0.0143033934369179,0.0739412514292832,-0.0280816156983232,-0.109637311723566
1935,"long_v3_CCD0.0.25",1.94971177704015,-0.0808628275164569,0.0101613236067062,0.0324638089906329,0.0515059141047446,-0.0480010084737112
1936,"long_v3_CCD0.0.25",1.92037033444175,-0.164751085262118,0.0320660180768763,0.0420131380236213,0.117449401983515,-0.0864452184767883
1937,"long_v3_CCD0.0.25",2.0064325369181,-0.167888992897841,-0.0159146070144567,0.0057476183959902,0.0349950882766499,-0.0799315816019058
1938,"long_v3_CCD0.0.25",1.92021753558264,-0.12655456664718,-0.0756202707816322,0.061260135744907,-0.013094032522589,-0.0728118952792352
1939,"long_v3_CCD0.0.25",2.06099248580401,-0.142132343408857,0.00222162160045562,0.0261644080400677,0.0354602777959152,-0.0525727849773822
1940,"long_v3_CCD0.0.25",1.86127971766436,-0.174184218905696,0.0237101197047267,0.0431733431845914,0.0335795928424354,-0.0472100990814234
1941,"long_v3_CCD0.0.25",1.88998911253995,-0.131321757997577,-0.00772108191196477,0.029375182164325,-0.00446448462171489,-0.0642035357221661
1942,"long_v3_CCD0.0.25",1.97084810997939,-0.0904223987851225,0.0861114214133293,0.0729129344267858,-0.0683678459212771,-0.193090811210194
1943,"long_v3_CCD0.0.25",1.94782547596421,-0.24742038286405,-0.116949156610052,0.0111666257115381,0.0523296947431319,-0.0916239530851901
1944,"long_v3_CCD0.0.25",2.04158012176375,-0.105955072607535,-0.0210442250009342,-0.00660516452146809,0.0383642126101604,-0.10342785926546
1945,"long_v3_CCD0.0.25",1.88294595207213,-0.19379483918841,-0.00955764114075419,0.00907617131800529,0.0157885860767591,-0.0718073173951911
1946,"long_v3_CCD0.0.25",1.87527040745913,-0.174124572478409,-0.0672443050123616,0.0393166014255929,0.0377041539285692,-0.146780347918701
1947,"long_v3_CCD0.0.25",1.88499279169665,-0.0860050047134194,0.0382716006101195,-0.0420759066371562,0.0264259780421778,-0.0783784647935271
1948,"long_v3_CCD0.0.25",1.8550161427292,-0.105447073079063,-0.00389397007230229,0.00143247233045433,0.0386696704657631,-0.105645360942279
1949,"long_v3_CCD0.0.25",1.8984813499076,-0.163284541920075,0.0283702794535132,0.0147534211329284,-0.000438408137013166,-0.0295628429918499
1950,"long_v3_CCD0.0.25",1.92474149902663,-0.193699420055853,-0.0761198671215347,-0.0482691733267717,-0.011240293539716,-0.101378308083322
1951,"long_v3_CCD0.0.25",1.99152033814805,-0.0979662140336293,-0.0818467354143572,0.000898817262235227,0.0633366191905517,-0.0433371307815348
1952,"long_v3_CCD0.0.25",2.00953208670613,-0.194436491438288,0.0158258937488523,-0.0231775462723195,0.0129137045683095,-0.127806569643268
1953,"long_v3_CCD0.0.25",1.9999477960106,-0.0996539123907858,0.0612835307378939,0.00773547762853636,0.00633524355016029,-0.131084795739322
1954,"long_v3_CCD0.0.25",2.02290760469926,-0.219107182791554,-0.0613133025363147,-0.0167155037865158,0.0711453259874078,-0.0675179353709859
1955,"long_v3_CCD0.0.25",2.0270711588868,-0.148683366794527,0.0271502915547761,-0.00389620208241501,-0.0055806140923462,-0.0884421286129345
1956,"long_v3_CCD0.0.25",1.84568704479838,-0.14837557801271,-0.0625153637588024,0.0209235271725528,0.112559641427814,-0.0222762878951606
1957,"long_v3_CCD0.0.25",1.88679190794529,-0.0429208228893568,0.135553665149163,-0.0317599608025861,-0.00388530054072676,-0.126419173758727
1958,"long_v3_CCD0.0.25",1.90448121775811,-0.152534514419614,0.00462891006177796,0.00438391171318253,0.0127269436946549,-0.112440370605607
1959,"long_v3_CCD0.0.25",2.04546507615285,-0.11174735379361,0.076485047766515,-0.00469160861445386,0.0335126162641965,-0.0451193493352973
1960,"long_v3_CCD0.0.25",1.86068641790716,-0.10364023643096,0.0451019786081094,0.0460994640476252,0.00411718764044882,0.000632018151367966
1961,"long_v3_CCD0.0.25",1.9481091763084,-0.144168069646854,-0.00248479020872365,-0.015241626184759,0.0321471014177133,-0.131377287710422
1962,"long_v3_CCD0.0.25",2.02239221077022,-0.142343567730142,-0.024285007237443,-0.0254246969432861,0.0357662925683697,-0.102480243292737
1963,"long_v3_CCD0.0.25",1.83514173430365,-0.167809414760431,-0.104337629673344,-0.0524854398472462,0.0915984683493314,0.0153381456795229
1964,"long_v3_CCD0.0.25",2.01548545965902,-0.201187741678604,0.0454310022850992,0.00452012948932092,-0.0370677521416,-0.139897092322653
1965,"long_v3_CCD0.0.25",1.86482225265072,-0.112831803705502,0.118510297050235,0.0427476421498822,0.0316242935535802,-0.103788347633822
1966,"long_v3_CCD0.0.25",2.02801975761986,-0.0283078144861462,0.0380496594923279,0.0117837155291898,0.0594938096371392,-0.0798574232156722
1967,"long_v3_CCD0.0.25",1.97796045739671,-0.148968149667139,-0.0424168543022165,-0.0155259989847572,-0.0082143837729634,-0.130684562333626
1968,"long_v3_CCD0.0.25",1.73542090621372,-0.0776414938675993,0.031371018958263,-0.00543537531878253,0.0130568727822812,-0.0922816602388595
1969,"long_v3_CCD0.0.25",1.91204473344783,-0.0441635842369244,0.0369225411177318,-0.0184944050082207,-0.0324839157439279,-0.18199016480658
1970,"long_v3_CCD0.0.25",1.89818138693498,-0.0943852603449415,0.00184578744515395,-0.0102050564756836,0.0294195792152539,-0.143388910855374
1971,"long_v3_CCD0.0.25",2.06653366285232,-0.069065151836655,0.0781547454593076,-0.0282429541125582,-0.000432485743548556,-0.122743440280241
1972,"long_v3_CCD0.0.25",1.9970397308615,-0.116316460144996,0.0197655978241378,-0.00816958036126464,0.0493861361707026,-0.0825774016934316
1973,"long_v3_CCD0.0.25",1.79327112770327,-0.0465635642145802,0.10748620831673,0.0112844026199809,0.0442654541183414,-0.0697359001722285
1974,"long_v3_CCD0.0.25",1.91062298360923,-0.177508159873108,-0.0836527560472763,0.0173726939684307,0.102560087774222,-0.0885338624690238
1975,"long_v3_CCD0.0.25",1.84224372234037,-0.130107749453277,0.0152290442790569,0.010264302506494,0.0185491641702922,-0.0792470542027769
1976,"long_v3_CCD0.0.25",1.9851898396996,-0.161306222987699,-0.0547209225667227,-0.0182192653412657,-0.00570407095311496,-0.0941686418410091
1977,"long_v3_CCD0.0.25",1.81597182383123,-0.103923172937592,-0.0098184351524317,-0.0355272946968842,-0.0336409871235104,-0.133000527378832
1978,"long_v3_CCD0.0.25",1.83860608236757,-0.063964618807029,0.146283799160294,-0.0628346724441142,0.0571456832164789,-0.112768903147113
1979,"long_v3_CCD0.0.25",1.94320161614342,-0.158347451253779,-0.0219061886947097,0.00167664080503418,0.0707201438566547,-0.0794928910718563
1980,"long_v3_CCD0.0.25",2.04123003859119,-0.20861223619,0.0963652790168323,-0.0318080567333137,0.0266127137089595,-0.207898605585458
1981,"long_v3_CCD0.0.25",1.78698218673313,-0.0454770623325289,0.0942549879606542,0.0381604362059154,-0.00165314449218866,-0.101304639713242
1982,"long_v3_CCD0.0.25",1.84904446715785,-0.171737008715832,-0.000265100956261347,0.0766456828743154,0.0367045459349834,-0.0569365685450407
1983,"long_v3_CCD0.0.25",1.92249983635359,-0.132845191831902,-0.0379456250840805,-0.0356420226172745,0.0187513448504303,-0.0917485335952235
1984,"long_v3_CCD0.0.25",1.96178517019464,0.0683454303569772,0.040103652089936,0.00785498764395515,-0.00795426436021202,-0.114679933174506
1985,"long_v3_CCD0.0.25",1.84583973256398,-0.0952492511989778,-0.0837990788015202,-0.0743661773838102,0.0134827211039892,-0.0386296658875833
1986,"long_v3_CCD0.0.25",1.93870500749676,-0.0677155257632868,0.0222021222014211,0.0291513719111993,0.0227358831195719,-0.0466109403670357
1987,"long_v3_CCD0.0.25",1.98473888389541,-0.15389931813,0.00882165859483347,0.0118790102890135,0.10032547806687,-0.101012152186174
1988,"long_v3_CCD0.0.25",2.06405478412893,-0.0627327109724412,0.0685227298733765,0.00684990028826449,-0.0278448223677617,-0.068289399184547
1989,"long_v3_CCD0.0.25",2.00031015868773,-0.151440558426717,-0.0153477477663283,0.0282522646309156,0.0885291395475507,-0.0378723136865731
1990,"long_v3_CCD0.0.25",1.97984116513761,-0.10151156756281,0.154304013375988,0.0473426209930011,-0.0279830062664535,-0.125376530739107
1991,"long_v3_CCD0.0.25",2.00080488319394,-0.127663845701352,0.02447950810554,0.021935849531416,-0.00509480833844286,-0.136065015396275
1992,"long_v3_CCD0.0.25",1.93101705669979,-0.265191806652303,-0.0346738502149285,-0.0042791740799503,0.0367047134284712,0.0441540610025795
1993,"long_v3_CCD0.0.25",1.86823830200678,-0.111626879471824,-0.0245914316048151,-0.0331298468601785,0.0136116053343188,-0.116497231258675
1994,"long_v3_CCD0.0.25",2.24017360761526,-0.133311922119795,0.0945930197510466,0.0406608778763886,0.0227385250254372,-0.119421647920618
1995,"long_v3_CCD0.0.25",1.94344288614912,-0.0982351829111384,0.158445875378427,0.0284457220326084,0.0154861979963938,-0.120368904893653
1996,"long_v3_CCD0.0.25",2.02773239365816,-0.137660793787837,-0.0527579702265904,0.032492087918234,0.114243379723133,-0.105366230523035
1997,"long_v3_CCD0.0.25",1.80411707662483,-0.132424173615199,0.0064097922051891,0.00216909979257322,0.0073058393458841,-0.0902076309537304
1998,"long_v3_CCD0.0.25",1.95940381417026,-0.128680418688408,0.0646335770619096,0.00257434148694,0.0127701171816807,-0.118824887738759
1999,"long_v3_CCD0.0.25",1.91064296005234,-0.0588279734253176,0.0909421956832789,-0.0331609934914947,0.000226300353165645,-0.110097743716049
2000,"long_v3_CCD0.0.25",1.93655639294156,-0.140032545421271,-0.109790914313533,-0.00577305945951866,0.0759167817057583,-0.0572937425257828
2001,"long_v3_CCD0.0.25",1.94037882946635,-0.122424120939673,-0.0489106307433535,-0.0212582200973597,0.0516404110679431,-0.175022864050518
2002,"long_v3_CCD0.0.25",2.0462859526272,-0.192937360983981,0.0268830370255999,0.0547279455600696,0.0660855326648929,-0.0654934516085427
2003,"long_v3_CCD0.0.25",1.8994290248713,-0.270101517241745,-0.0863743759184419,0.00345142622042676,0.0400903820714466,-0.0553697998434597
2004,"long_v3_CCD0.0.25",1.90311261416098,-0.180689367753582,0.00622303547100564,0.031857436075457,0.0257655290143786,-0.0903090025155082
2005,"long_v3_CCD0.0.25",1.84516748043799,-0.167902299760338,0.0491965358635436,0.0387316422910239,0.0438297440817726,-0.0883037743952235
2006,"long_v3_CCD0.0.25",1.88555529646669,-0.101104944469809,0.0482804802045729,0.0793046524477296,-0.0197157028835113,-0.0634589477945415
2007,"long_v3_CCD0.0.25",1.87842817955281,-0.111496806750742,0.00742685911525272,0.0398142817001758,0.0262477813549952,-0.0870422522283421
2008,"long_v3_CCD0.0.25",2.01275109082587,-0.111773220304597,0.0639313890624688,-0.00209410788649741,-0.0214922629532058,-0.145095882246113
2009,"long_v3_CCD0.0.25",1.90584307340448,-0.158322086344987,0.0215496919220208,0.00739004032638951,0.0661240186834963,-0.0970808458363611
2010,"long_v3_CCD0.0.25",1.94881580784086,-0.216856893943965,-0.0109041091449395,-0.00914657900890721,-0.0180735582305921,-0.158038642861588
2011,"long_v3_CCD0.0.25",1.98521747478362,0.0355772475428723,0.101063467669553,0.063090606750785,0.0217743317233268,-0.106281542756328
2012,"long_v3_CCD0.0.25",2.03359648419678,-0.0962455198322663,0.106067724846066,0.010999357120343,0.0459920780047818,-0.146385978869429
2013,"long_v3_CCD0.0.25",1.97947343990326,-0.200729143460001,-0.0543311409832367,-0.0312122568718402,0.0121908865900529,-0.109248895080615
2014,"long_v3_CCD0.0.25",2.17687805065631,-0.285712321319274,-0.125040951288382,0.0246163979257182,0.0606166238964528,-0.154323231171674
2015,"long_v3_CCD0.0.25",1.91263723128096,-0.139815397034225,0.0434348462754505,0.0499351025372453,0.0729048754295226,-0.102436071650846
2016,"long_v3_CCD0.0.25",1.88070461377544,-0.158606943008161,-0.0263293406149054,-0.0377790696258825,-0.00496897015035827,-0.106706738230794
2017,"long_v3_CCD0.0.25",1.77270285690822,-0.167165326809891,-0.0427016031884854,-0.00516517061137558,0.0316795181312761,-0.0936378131431283
2018,"long_v3_CCD0.0.25",1.94689214540283,-0.0319707387762009,0.0694171234174212,0.0208340748833956,0.0335398296052494,-0.0826503582482574
2019,"long_v3_CCD0.0.25",1.82866930992303,-0.083859179652421,0.0437502578500553,9.33657644293436e-05,-0.0193826211361144,-0.0398960111259406
2020,"long_v3_CCD0.0.25",1.88514273250107,-0.165370872568685,-0.042468344393305,0.0141911846105709,0.0298928817378182,-0.0474618966229509
2021,"long_v3_CCD0.0.25",1.99240964431449,-0.176026620475964,0.00147316326307005,0.0293222328050346,0.0342799216007788,-0.0775122812529914
2022,"long_v3_CCD0.0.25",2.00838148400278,-0.143388638840228,0.0583497124409652,0.0207488439846941,0.00522856854193552,-0.114573615469045
2023,"long_v3_CCD0.0.25",1.9593232577859,-0.208986771561537,-0.00380456584022574,-0.0276227776670693,0.0607046128251407,-0.0879726683077699
2024,"long_v3_CCD0.0.25",1.8584031870832,-0.0841015994679432,-0.0246637524851192,0.0199074392645602,-0.0284023141009703,-0.0368104584843336
2025,"long_v3_CCD0.0.25",1.74033334185477,-0.127142941052304,-0.0707899822863934,-0.0394422722171497,0.0332356391854676,0.0112663084618157
2026,"long_v3_CCD0.0.25",1.91152925829802,-0.0782161389350768,0.0329294702018217,0.0515492099054511,-0.00636822388445515,-0.0877724848767751
2027,"long_v3_CCD0.0.25",1.90454075215143,-0.175747908344219,-0.102456601474684,0.0547038097808598,0.051402996256346,-0.0884630409097075
2028,"long_v3_CCD0.0.25",2.00876417700076,-0.129898143879212,-0.0812043885315352,-0.000715736451435782,0.0168848033756442,-0.0595524974811071
2029,"long_v3_CCD0.0.25",2.01505384775999,-0.196122652637939,0.122371538335414,0.0648034039340407,0.0598197773578826,-0.099321742276036
2030,"long_v3_CCD0.0.25",1.92465240234996,-0.0563385213436154,0.0830748353082108,0.0494830253952374,0.0863380972353111,-0.0276288059435447
2031,"long_v3_CCD0.0.25",2.01984541366492,-0.117439410731172,0.0196914753534048,-0.0162005790015337,0.0389380625933742,-0.0768339668721578
2032,"long_v3_CCD0.0.25",1.80116026713362,-0.186316005652305,-0.0437880668361323,-0.058722467666892,-0.0127989954720905,-0.101337718946866
2033,"long_v3_CCD0.0.25",1.93663614113632,-0.173323242120208,-0.0159494506399692,-0.0118564066677542,0.0446804119098249,-0.107465680914748
2034,"long_v3_CCD0.0.25",1.9805639542836,-0.0988745310155965,0.109591760664648,0.0336006773375467,0.038657144115483,-0.143681460851476
2035,"long_v3_CCD0.0.25",2.08229670169285,-0.127094904282423,0.0311816222386083,-0.0140512943706163,0.0263715606277441,-0.164014303349699
2036,"long_v3_CCD0.0.25",1.76935353053783,-0.197851387798123,-0.00215232015607503,0.0772072135546662,-0.0489471682113326,-0.0689055955308522
2037,"long_v3_CCD0.0.25",1.95910734026526,-0.129740367146259,-0.0237275653395954,-0.0350224262361313,-0.00256746327853884,-0.183476526222985
2038,"long_v3_CCD0.0.25",1.92279555085725,-0.106683317953721,0.0171667585275225,-0.0496136664145851,-0.0719940290434566,-0.042951438666475
2039,"long_v3_CCD0.0.25",1.9655520188555,-0.120894347863801,0.00604800876498755,0.0781923601759434,-0.02105463162679,-0.0853075614343784
2040,"long_v3_CCD0.0.25",2.07831734127091,-0.0862244925653195,0.0893901042880756,0.0242084369239328,-0.0122358606163032,-0.0953296432049677
2041,"long_v3_CCD0.0.25",1.96950500655051,-0.205606698117348,0.0169850902919433,-0.00366567423683655,0.041046745906595,-0.0497668262766073
2042,"long_v3_CCD0.0.25",2.01474317779132,-0.26961302063993,0.112038362195914,-0.0337998885630571,0.0731857607382567,-0.0988488303566896
2043,"long_v3_CCD0.0.25",1.85003340802843,-0.321449598193924,-0.0956352909527421,0.00494616017560119,-0.043200497741411,-0.00890277675504236
2044,"long_v3_CCD0.0.25",1.99749189598141,-0.166361731658602,0.118163922465877,0.0185140603107029,-0.0349973412811122,-0.130585679516585
2045,"long_v3_CCD0.0.25",1.87187311627451,-0.123390510163188,0.040228955330958,0.0166525763191235,-0.0133779664119056,-0.0602050716251184
2046,"long_v3_CCD0.0.25",1.94292514450465,0.0408372696283041,-0.120362047068419,-0.00868737962451445,-0.0176011581808428,-0.0425152820142068
2047,"long_v3_CCD0.0.25",1.86178700152109,-0.177406127646687,-0.0053208290731018,0.0418393934278259,-0.0207700639540664,-0.0066789162206434
2048,"long_v3_CCD0.0.25",1.87762626798961,-0.110047595111791,0.00572305150217618,-0.0141170474942842,-0.00690204283020927,-0.0673692682573739
2049,"long_v3_CCD0.0.25",1.88942799789096,-0.210093751763168,-0.0477947200432311,0.0216508401271623,-0.00662747288209319,-0.0703887709045814
2050,"long_v3_CCD0.0.25",1.95149505410589,-0.10623181228107,0.0897797118811619,0.0245995565440041,0.0371143122598659,-0.119066347875207
2051,"long_v3_CCD0.0.25",1.97815057001581,-0.199286144904863,-0.0639795364237101,-0.00684432401409308,-0.00493073227369677,-0.0586844487421001
2052,"long_v3_CCD0.0.25",1.9448693045403,-0.227835661475034,-0.0943779243896184,-0.00518208928839992,-0.00664853061781142,-0.0572762544619357
2053,"long_v3_CCD0.0.25",1.94805622511189,-0.0553302109359818,0.0250308038472308,0.0119374250289256,0.0137064350130443,-0.140965413173564
2054,"long_v3_CCD0.0.25",1.81729584238084,-0.127308086868724,-0.0727224467978698,-0.0496667886691701,0.0520485914896736,-0.0340529327756654
2055,"long_v3_CCD0.0.25",1.88191778939413,-0.0684757090773371,-0.0395836727998927,-0.0025557138161553,-0.0146607871940159,-0.00494191210865293
2056,"long_v3_CCD0.0.25",2.1116276112736,-0.100340629843261,0.184665235872459,-0.0415368331837405,0.0260605114797855,-0.0941571245005819
2057,"long_v3_CCD0.0.25",1.96768251632657,-0.237587057817783,0.0381936162504751,0.087681911494203,0.0139076236812881,-0.11381036857734
2058,"long_v3_CCD0.0.25",1.75939377938122,-0.0313237192982319,-0.0123362644373785,-0.00641538990979989,0.0572407130462763,0.0061751597866365
2059,"long_v3_CCD0.0.25",1.95067095490362,-0.160287513243911,0.0167975815070079,0.0519779061761005,-0.0215286051287179,-0.0932153861453669
2060,"long_v3_CCD0.0.25",1.92318804155016,-0.173259508929724,-0.0310900129305459,-0.0105621622680065,-0.00674340628635289,-0.0909760324923047
2061,"long_v3_CCD0.0.25",1.88037970918872,-0.161435991236705,0.0355270123613632,-0.00844672535700259,-0.000804259369181805,-0.129317694435924
2062,"long_v3_CCD0.0.25",1.91834044661102,-0.0947174246955201,-0.0422276284897334,0.0429332712355287,0.00538337108413748,-0.0553409184319625
2063,"long_v3_CCD0.0.25",1.92446723753313,-0.0974539231114617,-0.012177450750552,0.0105396946136068,0.0722325991222001,-0.0223424373727445
2064,"long_v3_CCD0.0.25",1.9042611773881,-0.158833555912538,-0.0266979962536552,0.0186303373797573,0.0848171905753114,-0.0371600299142147
2065,"long_v3_CCD0.0.25",1.90960355185232,0.0270537603627571,-0.0122522513584275,-0.0339483161435658,-0.0351585371924793,-0.0843055624568261
2066,"long_v3_CCD0.0.25",1.79908400903652,-0.174951251195055,-0.0908402849535454,-0.0116825596276682,0.0174855787245775,-0.0302320833183821
2067,"long_v3_CCD0.0.25",1.99831595914287,-0.158894491033736,-0.0174546511498308,0.024815438015177,0.00975443091823075,-0.138084017472263
2068,"long_v3_CCD0.0.25",1.91204128281465,-0.200378609628812,0.160031811113516,-0.0127977289607521,0.0898852690000212,-0.0430304222312616
2069,"long_v3_CCD0.0.25",2.15336647283353,-0.106321262615412,0.0710909264140724,0.02981904143418,0.0852895164048655,-0.0885062518554428
2070,"long_v3_CCD0.0.25",1.92892937544654,-0.121543793921081,-0.0189378563409961,0.0195905260893089,0.0105847467616856,-0.0333110485155112
2071,"long_v3_CCD0.0.25",1.96296097583255,-0.225596528322841,0.0339223048601038,0.00460384698682919,-0.000210341290196411,-0.145322498877928
2072,"long_v3_CCD0.0.25",1.99444917770881,-0.212140839089197,0.014127113821624,-0.00818001555237178,0.0319479304227815,-0.116904332928945
2073,"long_v3_CCD0.0.25",1.94877226024718,-0.113249076845815,-0.0330244891361704,-0.0196798961705982,0.0347437370448066,-0.0900346978856828
2074,"long_v3_CCD0.0.25",1.97176547916721,-0.143884908852795,-0.0959714635766166,0.0224051899214712,0.0266144873135271,-0.0879079093090171
2075,"long_v3_CCD0.0.25",1.94603251512029,-0.045731443420302,0.0889938397135031,-0.00293862071418021,0.0330259334848717,-0.103094879725288
2076,"long_v3_CCD0.0.25",1.78179933883585,-0.15205727248608,0.00330411982853284,-0.0154491370598432,0.0495909482922382,-0.111030882584077
2077,"long_v3_CCD0.0.25",1.83910160191332,-0.263117211152475,-0.165766260118284,-0.0504054648176559,0.0140147322679612,-0.0335354344152418
2078,"long_v3_CCD0.0.25",1.96017543909249,-0.131807358945374,0.065303363456106,0.00309746204014515,0.022915123560615,-0.0492334709639358
2079,"long_v3_CCD0.0.25",1.97685803961569,-0.209273963899935,-0.0487767661288852,-0.0363112718660091,0.0646977678768665,-0.0679664961205608
2080,"long_v3_CCD0.0.25",1.90623449985426,-0.0530226807113554,0.120397197412614,0.0021857389340016,0.0237574667576788,-0.0793685678802079
2081,"long_v3_CCD0.0.25",1.92018431147049,-0.125396640450947,-0.0424496211069801,0.0208151844739181,0.0302063674047676,-0.0768923501381474
2082,"long_v3_CCD0.0.25",1.90955557881361,-0.0440930557223505,0.0946756758821634,0.0328892812504116,0.0376799195361863,-0.174371512276034
2083,"long_v3_CCD0.0.25",1.99285036372445,-0.0391523116854324,-0.0299795739344915,-0.0203299972186121,0.0182870941093145,-0.118658663572357
2084,"long_v3_CCD0.0.25",1.99753332005734,-0.13181624668244,0.0248559648818832,0.00881412014115104,0.0293679249908698,-0.0958909487798645
2085,"long_v3_CCD0.0.25",1.8919672290737,-0.173602730946138,-0.00743199869062948,0.0556415368527352,-0.084993784645278,-0.0935992207728951
2086,"long_v3_CCD0.0.25",2.16468298084652,-0.257761638016156,-0.0121409416538684,-0.0167633629683951,0.00600944241921214,-0.0313982242567912
2087,"long_v3_CCD0.0.25",1.84482070342114,-0.173562884852787,0.0914564666067844,0.0273679714746758,0.0932042421026502,-0.0600607335163454
2088,"long_v3_CCD0.0.25",1.93507537958647,-0.0667793380529889,0.0011254183740061,-0.0843785189480986,0.0365562581428115,-0.0936798779637761
2089,"long_v3_CCD0.0.25",1.96930126168811,-0.158119822713938,0.000102442952863906,0.0473819000967616,0.0146219457291766,-0.125855648525945
2090,"long_v3_CCD0.0.25",1.96070014055004,-0.145649420235742,-0.0352152773921707,0.0345128527298554,0.048304357287539,-0.0640159508217708
2091,"long_v3_CCD0.0.25",1.83515690288499,-0.146780057342367,-0.0050350985272396,0.0107507868830452,0.0181194586504858,-0.136096219980294
2092,"long_v3_CCD0.0.25",1.932077043532,-0.158096058641969,-0.0149687175715473,-0.0269618272447826,0.0466202900409601,-0.0440989713327281
2093,"long_v3_CCD0.0.25",1.90549768585278,-0.128435048427517,-0.067535609709673,0.0396808625042226,-0.036087261878692,-0.138791534935812
2094,"long_v3_CCD0.0.25",2.07541391981088,0.0273838389220548,-0.0339911956794784,0.00830072305042678,0.0173953373765633,-0.166998465081162
2095,"long_v3_CCD0.0.25",1.98061823400262,-0.174617727062251,-0.0157329771753468,0.0380390416371445,0.0491621161014128,-0.0742131421531215
2096,"long_v3_CCD0.0.25",1.99141727375102,-0.0584934718946288,0.0160116600864159,0.0180777614251171,0.00906401222372141,-0.0518016234552942
2097,"long_v3_CCD0.0.25",1.84283064396093,-0.186680998568134,-0.00109705592478671,-0.0061623027792378,0.0552312885591326,-0.0704115005448548
2098,"long_v3_CCD0.0.25",1.94112319974066,-0.16620141470345,-0.0127348281728562,0.00667939166806721,0.0398307773310745,-0.122563432885374
2099,"long_v3_CCD0.0.25",1.63997059326439,-0.141489520335135,-0.144884239204795,-0.0563573631776294,-0.000980484004791924,-0.100674401793843
2100,"long_v3_CCD0.0.25",1.87040164168675,-0.131831860978087,-0.0173821277214032,0.0262197334094604,-0.0054486015240758,-0.0749464443499352
2101,"long_v3_CCD0.0.25",1.98967894480706,-0.16088345482882,0.0164026893498443,0.039233737017715,-0.0308777255994467,-0.113529696815693
2102,"long_v3_CCD0.0.25",1.97149637182917,-0.12024292842863,0.0232959440288048,0.0433555745970802,-0.00151764461787433,-0.0917282402582606
2103,"long_v3_CCD0.0.25",2.05643629612316,-0.0606462807137435,0.0489407121011452,-0.0253754492809608,0.0790441517539632,-0.0771793306371929
2104,"long_v3_CCD0.0.25",1.86339943301923,-0.144883374926497,-0.0143124235339163,0.00780194280476886,0.0195750778199415,-0.0642727812957664
2105,"long_v3_CCD0.0.25",2.00745417306258,-0.200576165553759,0.109345800770334,0.110912982750462,-0.00542875941826997,-0.178996385947619
2106,"long_v3_CCD0.0.25",1.77899283063537,-0.0655170727451366,0.0117841979049093,-0.0118485024536464,0.0146545837191931,-0.0684874684819358
2107,"long_v3_CCD0.0.25",1.79200957754514,-0.109540300804455,-0.0837064242356749,-0.0172052999155752,0.0145656991487972,-0.0144697827877829
2108,"long_v3_CCD0.0.25",2.03828272728208,-0.154821896545218,0.0455727156398495,-0.012916522947943,0.0458618570342868,-0.135747045061094
2109,"long_v3_CCD0.0.25",1.73138026448369,-0.170863276046541,0.0341579671902203,-0.0109375682301376,0.0497703204781862,-0.0541249035297969
2110,"long_v3_CCD0.0.25",2.0316432499934,-0.18833593547089,0.0114395676112524,-0.00391239370682966,0.0654224708725693,-0.141669545742718
2111,"long_v3_CCD0.0.25",2.01246883706307,-0.244425577972267,-0.120775461421271,-0.0176430080477766,0.0741508638476572,-0.113234841122999
2112,"long_v3_CCD0.0.25",1.87540309661633,-0.126052496566197,-0.0190868184898805,-0.00801320137728172,0.0430871244920636,-0.0232946448960908
2113,"long_v3_CCD0.0.25",1.71989173598354,-0.113927228318808,-0.0133525107047897,-0.0484394313706351,0.0238778498569181,-0.0373192336493589
2114,"long_v3_CCD0.0.25",1.79428245739543,-0.057410625370898,-0.065200580215697,-0.036176098949731,0.0190336162771566,-0.0720745284628798
2115,"long_v3_CCD0.0.25",2.02396617406011,-0.0595657027718813,0.000852572058121862,0.0273286057258324,-0.00641038463413973,-0.0561288691059357
2116,"long_v3_CCD0.0.25",1.97627185782767,-0.189029536470213,0.0946565594423107,0.00837006846387888,0.0363157101488574,-0.176200228511064
2117,"long_v3_CCD0.0.25",1.93188791172772,-0.124278229764853,0.0980478772210167,0.0179402568052675,-0.0344540251069469,-0.118183376216226
2118,"long_v3_CCD0.0.25",1.90743347145928,-0.119434276607838,0.068651529256512,0.00915729666384883,0.0535850427888321,-0.053325107933998
2119,"long_v3_CCD0.0.25",1.87763132149823,-0.0718217478426132,0.00728858896724542,0.020174411621249,0.0403737054117395,-0.00656930220573405
2120,"long_v3_CCD0.0.25",1.94601504215594,-0.117574079968214,-0.0505176087288914,-0.00107862496935191,0.0529100060103048,-0.0712011735029761
2121,"long_v3_CCD0.0.25",1.90037945165465,-0.167421692280285,-0.0501998303585026,0.00805198704870719,0.017109958530636,-0.0350154516881363
2122,"long_v3_CCD0.0.25",1.82090610529265,-0.161878089691204,0.0203881793026883,0.0240022831179438,0.0390563641794473,-0.101221261439913
2123,"long_v3_CCD0.0.25",1.89230344014279,-0.0678143293542351,-0.0389764902234103,0.0165626290800479,0.0295726783236398,-0.0907986128487241
2124,"long_v3_CCD0.0.25",2.03997228025905,-0.216547095650029,-0.0310070385451026,-0.0125999424269314,0.0798861168318986,-0.141581321318879
2125,"long_v3_CCD0.0.25",2.03306175845848,-0.0761505731510004,0.0768804768103386,0.0206110575874548,0.0495417809771267,-0.100652164778482
2126,"long_v3_CCD0.0.25",1.89672556166241,-0.19280165202309,0.00866872726887031,0.118378249193753,0.0225000646547979,-0.101537788169166
2127,"long_v3_CCD0.0.25",1.97564686228157,-0.155280989599339,0.0773545179232013,0.0129778109546651,0.0281704288322888,-0.096084620543347
2128,"long_v3_CCD0.0.25",1.83346687435604,-0.143073347125982,0.0488135138415545,0.0790844340623918,0.0535628047361018,-0.0383907977907382
2129,"long_v3_CCD0.0.25",1.81293409231078,-0.0944196968376641,-0.00996793025761613,-0.0865348740270764,-0.0474807434175788,-0.0438799758010477
2130,"long_v3_CCD0.0.25",1.95178329596458,-0.0775865150849131,0.0765759121916389,0.0158540917668006,-0.00849814933705506,-0.156199350069996
2131,"long_v3_CCD0.0.25",1.85917132137649,-0.0627803532092184,-0.0201826036433195,-0.00453893396109097,0.0210183092001072,-0.049436457958471
2132,"long_v3_CCD0.0.25",2.24024360238515,-0.253646285402332,0.0431092691226715,0.0325958925701397,-0.00711214659901703,-0.176885154325728
2133,"long_v3_CCD0.0.25",1.94503882578546,-0.0676917564165577,0.0666264393311609,0.0517254899031507,0.0102287066087371,-0.107790214043868
2134,"long_v3_CCD0.0.25",2.07767162571235,-0.182883883970485,0.00863831132610047,0.0412875771998152,0.00381336880587006,-0.168053973532569
2135,"long_v3_CCD0.0.25",1.95124873774517,-0.119577730367949,0.0201202711141981,0.006133150142769,-0.0314432658627801,-0.0965663590083734
2136,"long_v3_CCD0.0.25",2.11884885835774,-0.179187587946317,-0.117480258374462,0.0878319660714813,0.0349871254847756,-0.170937243217245
2137,"long_v3_CCD0.0.25",1.98768609559068,-0.143007838482883,0.0390559375885004,0.0223350160570372,0.0423797221844125,-0.0486424852985862
2138,"long_v3_CCD0.0.25",1.89764491867027,-0.173567323857442,-0.0532649227708919,0.034403360944639,-0.00815925873147882,-0.0845262357202607
2139,"long_v3_CCD0.0.25",1.9658350897993,-0.0331472766170978,0.120697619343018,0.00476823699711506,0.0322964070136548,-0.0299768215353438
2140,"long_v3_CCD0.0.25",1.80325942813368,-0.152634166420211,-0.0333113833410277,0.0350680823587388,0.012455565316906,-0.0962010750425708
2141,"long_v3_CCD0.0.25",1.92938469974706,-0.170522834247699,-0.129297830995836,-0.00335397435959663,-0.0110604250588367,-0.083626224575635
2142,"long_v3_CCD0.0.25",1.97071277401699,-0.0506246601452181,-0.0157924285596972,0.00500645835398151,-0.0197970493178609,-0.118309467709031
2143,"long_v3_CCD0.0.25",2.13957877013655,-0.0274406760324358,0.0839453038696343,0.0548274301594722,0.00800004412448066,-0.0850570319344501
2144,"long_v3_CCD0.0.25",2.01601055751056,-0.110978692357822,-0.0176012147839469,-0.0471913044064267,0.0116272948333348,-0.177217595139435
2145,"long_v3_CCD0.0.25",1.88423376189607,-0.134171048695484,0.0279408600462273,0.0578637400532766,0.0661767789019702,-0.0860535837440086
2146,"long_v3_CCD0.0.25",1.98609129076136,-0.0230301086197605,0.104221447133222,-0.0306154856553895,0.0208445011602374,-0.115104894224608
2147,"long_v3_CCD0.0.25",1.81258251155973,-0.0676216633847004,0.0307119234225781,0.0269413932850876,0.0207306719121794,-0.0663532303673793
2148,"long_v3_CCD0.0.25",2.01867260614834,-0.0473265146356447,0.115943329080078,0.0272137170119108,0.034083837518578,-0.137795927381051
2149,"long_v3_CCD0.0.25",1.70642478381695,-0.0203565212811842,0.0533904024324019,0.0264917847289041,0.0248158206502802,-0.0763374378901827
2150,"long_v3_CCD0.0.25",2.03823194722616,-0.132233571070286,0.0602872882536259,0.0156668130772657,0.0229314465534595,-0.0745313389783248
2151,"long_v3_CCD0.0.25",1.97421046625459,-0.0585654517754786,0.0990740963851158,-0.0124739436897552,0.019071131401522,-0.112847311230744
2152,"long_v3_CCD0.0.25",1.89826304770617,-0.0883721657628581,0.0332277059201752,0.0016575902858531,0.00832047559082516,-0.0898577759146452
2153,"long_v3_CCD0.0.25",1.85525120490163,-0.156694120529258,-0.027191921889061,0.0164152101223573,0.0802963564531106,-0.121490756394884
2154,"long_v3_CCD0.0.25",1.84331668501743,-0.143174287159517,-0.0838833142993939,-0.00893829598780157,-0.0427591233319682,-0.105213957422513
2155,"long_v3_CCD0.0.25",1.89309292933119,-0.123332883796202,-0.0393539788927389,0.0630418370392261,-0.0534703077409158,-0.0995283928019458
2156,"long_v3_CCD0.0.25",2.25024273335591,-0.176059635481935,-0.0919125535886518,0.0269533038361419,-0.0137806806931047,-0.101501769138724
2157,"long_v3_CCD0.0.25",2.01481819690089,-0.136880466303635,-0.0675000905139413,0.00302428495881421,-0.0100341777342156,-0.104256827563439
2158,"long_v3_CCD0.0.25",2.02480964411811,-0.0948779255665774,-0.00272484087741181,0.090211215540355,-0.0779429593120764,-0.0727001718589113
2159,"long_v3_CCD0.0.25",1.93130121313745,-0.118731212419649,0.0037933065089903,0.0117307552868774,0.0193889965541201,-0.181141148918246
2160,"long_v3_CCD0.0.25",1.92644180183834,-0.143940835276685,-0.0356344670739262,0.00116114821873153,0.0620476157676879,-0.0624556476623861
2161,"long_v3_CCD0.0.25",1.95312440859627,-0.103725132444707,0.0122283039627123,0.0147446705928825,-0.0046925657817245,-0.102569871286313
2162,"long_v3_CCD0.0.25",1.91035421366348,-0.196748412406257,-0.0543623475522734,0.0311143461290137,0.0317737934044028,-0.134452821911512
2163,"long_v3_CCD0.0.25",1.87312181831013,-0.0153303335011055,0.052042288802283,0.0342497681516008,-0.0279570116174718,-0.0782280620847004
2164,"long_v3_CCD0.0.25",1.9023336995765,-0.177414079690519,-0.0418413899857194,0.0260792715080599,0.034578336654914,-0.0900933746317935
2165,"long_v3_CCD0.0.25",1.98189110006187,-0.200748694528628,-0.0997121461349102,0.0514585206423297,0.0234243897012065,-0.190856171045258
2166,"long_v3_CCD0.0.25",1.95422642497359,-0.145739169575243,-0.0771646619864196,-0.009707366427646,-0.0278056551652966,-0.0995539598772252
2167,"long_v3_CCD0.0.25",1.94534473603995,-0.12091286370464,0.065935356599337,0.0166529375271887,0.0330475580693779,-0.0452610014961124
2168,"long_v3_CCD0.0.25",1.92358465355337,-0.105111019022456,0.00927310159198283,-0.0423793909620223,-0.0479644001842143,-0.104478838512072
2169,"long_v3_CCD0.0.25",1.94186310664771,-0.13237858793317,-0.0236819055717865,0.0456432952757825,-0.0120972404047691,-0.046143053030305
2170,"long_v3_CCD0.0.25",1.8794617706042,-0.13222238399924,-0.00379249292827535,0.0543620295477816,0.00500670312891885,-0.117826517136616
2171,"long_v3_CCD0.0.25",1.95176999849093,-0.117941735646302,0.105375633747263,0.107420745575545,0.0192816965758321,-0.108560059693867
2172,"long_v3_CCD0.0.25",2.01068297418329,-0.126682632503779,0.00202097364613298,-0.0535278183310186,0.0340340275991437,-0.137901577021684
2173,"long_v3_CCD0.0.25",1.85078851335034,0.00715817591635394,0.0778268640545189,0.0266035268887765,0.00960731155803416,-0.0800305595871642
2174,"long_v3_CCD0.0.25",1.98238565475193,-0.196800493942938,0.00271897254456772,0.0105980323838705,0.0815066486729754,-0.112987434644145
2175,"long_v3_CCD0.0.25",1.98435713241227,-0.0552242715905778,0.00999886097473601,-0.00209296313910859,0.017884173879414,-0.105617375034574
2176,"long_v3_CCD0.0.25",1.79903503796198,-0.142360852500592,0.0158894429100158,0.0844619823776397,0.0176523695746307,-0.0697974437077377
2177,"long_v3_CCD0.0.25",1.79197252421089,0.0849517162060986,0.185095018713591,0.0472691843055674,-0.0530628977300438,-0.074369443092805
2178,"long_v3_CCD0.0.25",1.96531565678599,-0.145027983889767,-0.0577465789591733,0.00820028309626534,0.00806097283451044,-0.031341274804559
2179,"long_v3_CCD0.0.25",1.9399794768243,0.0127174521504931,0.0571652348344468,0.0413539662726712,0.0794906179004708,-0.0147729344539606
2180,"long_v3_CCD0.0.25",2.06674187321575,-0.0780821870766933,0.00390363151664582,0.0201178685484785,0.0021459612028269,-0.162119009009529
2181,"long_v3_CCD0.0.25",2.14422369044314,-0.0920453106548176,-0.00725520928977478,0.0378357780491918,-0.000445337590965322,-0.171996845923372
2182,"long_v3_CCD0.0.25",2.07547743391541,-0.105898152116642,-0.00981490189622373,0.0224884704734672,0.0030239284374024,-0.100843569984002
2183,"long_v3_CCD0.0.25",1.76686602622734,-0.190509564332008,0.0191518262537091,0.055024255445326,-0.0307355343552206,-0.0479641031738917
2184,"long_v3_CCD0.0.25",2.00240806309516,-0.125222283470604,0.0363083933032725,0.00248736559610603,0.0213712740113913,-0.145690418306027
2185,"long_v3_CCD0.0.25",2.13577951539247,-0.178712792915933,0.00813930110832803,0.0240592413059558,0.0369635123409358,-0.10953601441818
2186,"long_v3_CCD0.0.25",2.09082728255525,-0.123536485072848,0.00183336242481473,-0.00798053841562046,0.0518829440362689,-0.124519259988039
2187,"long_v3_CCD0.0.25",2.00278340235469,-0.180032645991653,0.0342513248856455,-0.0267723458300873,0.0609561133416059,-0.110942752691774
2188,"long_v3_CCD0.0.25",1.80988966971431,-0.114760834312894,0.0836816146469341,-0.0241411603018327,-0.0247875649906499,-0.107346478305966
2189,"long_v3_CCD0.0.25",1.79226200503261,-0.0667591462311643,0.0298647277675393,0.00781792570312974,0.00974637266107883,-0.111145070385038
2190,"long_v3_CCD0.0.25",2.07516404554028,-0.173647384219031,0.0164947471363105,-0.00556004258601801,0.0483722684659091,-0.09254854592234
2191,"long_v3_CCD0.0.25",1.90425760368439,-0.12021368862533,-0.00449183871612598,0.0299422434965743,-0.0306524717988743,-0.0645664760043672
2192,"long_v3_CCD0.0.25",2.05952642816273,-0.196570398548498,0.0363206850877422,0.0918379288920916,0.00659595587610974,-0.0924374868036521
2193,"long_v3_CCD0.0.25",1.83559830990277,-0.137774068034999,0.0413704123274667,0.0493697988163368,0.0147733543895277,-0.0873092903617039
2194,"long_v3_CCD0.0.25",1.99537889155001,-0.117562305375613,0.0324555843139382,0.0403899068365408,0.0146785844738733,-0.0871776998435076
2195,"long_v3_CCD0.0.25",2.0607651752054,-0.0671780029412475,-0.0384708337100793,0.020459582887956,-0.0123661393893488,-0.173288912984291
2196,"long_v3_CCD0.0.25",1.90794929197675,-0.10850292860233,0.025323126157615,0.0292822113665463,-0.0310282821205018,-0.000727610260699337
2197,"long_v3_CCD0.0.25",1.98496858510208,-0.124047952536154,0.0135380957695913,-0.0236871153361304,0.0230588290996206,0.00117289241523183
2198,"long_v3_CCD0.0.25",1.94990821988306,-0.236205574088962,-0.0321796821208315,0.00645165420146724,0.0423060711384326,-0.111066531897466
2199,"long_v3_CCD0.0.25",2.04838141240334,-0.000709047991367466,0.0432852934938729,0.0362589330901253,0.00655098099513334,-0.0312244929874227
2200,"long_v3_CCD0.0.25",1.93294872067284,-0.0792932709625413,-0.0289867414467882,0.0200760806171266,0.0255832592884452,-0.0331323799725112
2201,"long_v3_CCD0.0.25",2.03222512993702,0.00251489434107451,0.0703531067995805,0.0159674507641383,0.00112910258662845,-0.144439798430818
2202,"long_v3_CCD0.0.25",1.88009976613265,-0.224769915939754,-0.0916200660382783,-0.0814292982226129,-0.0311944615137494,-0.124163756622093
2203,"long_v3_CCD0.0.25",1.99828216553208,-0.179641872000201,-0.0128768210326256,0.0123029472659297,0.0826042454957806,-0.110297487210706
2204,"long_v3_CCD0.0.25",1.99747567798075,-0.170201337602649,0.0115488576260792,-0.0071255810075068,0.0271311549881967,-0.10998813362392
2205,"long_v3_CCD0.0.25",1.85261428895696,-0.14803097610415,0.102586216708897,-0.0393375059759514,0.0130330298638953,-0.128293215323615
2206,"long_v3_CCD0.0.25",2.07486525089292,-0.149990210988946,0.128690816917643,0.041436862402851,0.105417296164081,-0.0343795931166987
2207,"long_v3_CCD0.0.25",1.79980734249717,-0.210930057364555,-0.0299770080433362,0.0453163831638606,0.00802482883943025,-0.0768826450672044
2208,"long_v3_CCD0.0.25",1.92869670883791,-0.0971924478326299,0.0767323495080199,0.00322880725033698,-0.0239863978574817,-0.061644683706536
2209,"long_v3_CCD0.0.25",1.84725180181121,-0.0856702995124543,0.0402471459857267,0.0623507657046801,-0.027081368873318,-0.0528972939266441
2210,"long_v3_CCD0.0.25",2.0021878392679,-0.143799907368552,0.0620553447679026,0.0435827274547471,0.0106327340875005,-0.189137616723687
2211,"long_v3_CCD0.0.25",2.00455853145522,-0.17672077560277,0.0534095466521753,0.0937174852663627,0.0423870470508231,-0.117084088421233
2212,"long_v3_CCD0.0.25",1.87832667911811,-0.0806979544369107,-0.0502684636858282,-0.00856537463036392,0.0262410385439621,-0.0524255773577307
2213,"long_v3_CCD0.0.25",1.96955476354798,-0.0596068637463873,0.0728640585119544,0.0219699874222077,0.0196787416014287,-0.106419181737455
2214,"long_v3_CCD0.0.25",1.98411017126369,-0.33746601003123,-0.109310412568403,0.0225598777003253,0.0535775858233012,-0.0843358747492141
2215,"long_v3_CCD0.0.25",1.97748929441248,-0.172745116927532,-0.0210691078646847,0.0198853593651213,0.0284262607600079,-0.109821745507003
2216,"long_v3_CCD0.0.25",1.8883236641985,-0.119150572552116,-0.0115506024306071,-0.0178783866417874,0.0729199348984058,-0.0901871157411313
2217,"long_v3_CCD0.0.25",2.00738280123453,-0.0979503595268776,0.126492683571771,0.0463160984524658,-0.00393813438521107,-0.169997742275128
2218,"long_v3_CCD0.0.25",1.86459727563425,-0.264708813344695,-0.177294418800155,0.0784807833908196,0.00511488362163498,-0.0157624536256263
2219,"long_v3_CCD0.0.25",2.05364787858507,-0.166720676830552,0.114199166244213,0.0184625821355373,0.117137753838625,-0.133248990247914
2220,"long_v3_CCD0.0.25",1.89236486996443,-0.124392084631381,-0.0468854838123038,-0.0276401864641858,0.0280636267985838,0.0329381583042637
2221,"long_v3_CCD0.0.25",2.04921699911825,-0.214789085045709,0.0226721055600345,-0.00404848361782257,0.0161399363625537,-0.0900514869752286
2222,"long_v3_CCD0.0.25",1.93724222759758,-0.108663581816209,-0.0343610199618994,0.0307169796797211,0.020766593339768,-0.0770591720590302
2223,"long_v3_CCD0.0.25",1.93987177642209,-0.0159422258306353,-0.0589756706404586,-0.0156645675223268,-0.0262138050526079,-0.134230575762553
2224,"long_v3_CCD0.0.25",1.95269874635037,-0.135302427147339,0.0159306354998885,-0.0258688314375251,0.0781884196883,-0.0939160595542503
2225,"long_v3_CCD0.0.25",1.88509772620335,-0.14549684650258,0.0447664433484333,-0.00133715867468729,0.0247624282009659,-0.0397120628752814
2226,"long_v3_CCD0.0.25",1.867871002854,-0.118094056794448,0.0791511221092172,-0.0291405842011631,0.0299437232596498,-0.0427802497482014
2227,"long_v3_CCD0.0.25",1.99836542570266,-0.185007450576283,-0.0597442946575009,0.0194967907945094,0.0456957908529431,-0.0932630497035432
2228,"long_v3_CCD0.0.25",1.93331273713266,-0.0706237183887291,0.104263544763127,0.0066077403546771,0.0670020931427519,-0.0938881558524415
2229,"long_v3_CCD0.0.25",1.91346776674934,-0.0983324311124588,0.0879433426234371,-0.00506638112813894,0.0269239268604736,-0.0518763302615845
2230,"long_v3_CCD0.0.25",1.81784015501007,-0.0868652055147046,0.0410019736160396,0.0557547071685301,0.0422706892422842,-0.0540927373584876
2231,"long_v3_CCD0.0.25",1.9872980895899,-0.121274909708554,-0.00979624916249454,-0.0131845817909521,0.0500062056754834,-0.0933500579704546
2232,"long_v3_CCD0.0.25",2.19671228054032,-0.210041833671346,0.0837761271511771,0.0257409070041333,0.026305004914059,-0.0771220176017301
2233,"long_v3_CCD0.0.25",1.84888141204557,-0.11483624109541,0.00528242398363511,-0.000947230628935019,0.037866385477592,-0.0623315498763995
2234,"long_v3_CCD0.0.25",1.9333279989293,-0.218152884262666,0.00400432592758331,-0.00394615785026785,0.0724842049101403,-0.0848585805843399
2235,"long_v3_CCD0.0.25",1.89841498598821,-0.146568209589673,-0.0362124272850568,0.0155417759636916,0.0443389282605344,-0.111272335920257
2236,"long_v3_CCD0.0.25",1.94596717123185,-0.207712406246472,-0.0714951862620376,-0.0679123056353187,0.0259999854633416,-0.0927852529913886
2237,"long_v3_CCD0.0.25",1.89956589800211,-0.00548231030765361,-0.0157416492476315,-0.0112438917115864,0.00345466636761659,-0.0538826432332424
2238,"long_v3_CCD0.0.25",2.01130481925826,-0.175994786618797,-0.0716271520443314,-0.0196968810762894,-0.0118470666583122,-0.082867756705171
2239,"long_v3_CCD0.0.25",2.07066440690718,-0.218263896231512,-0.0410582548840093,0.000432975104971116,0.0592584009439966,-0.131966001909923
2240,"long_v3_CCD0.0.25",1.76235907872269,-0.174425839353071,-0.0681567849382308,0.00194357316271988,0.0172376491988813,-0.110968866218165
2241,"long_v3_CCD0.0.25",1.81915323184855,-0.160930709968047,-0.00181552807719222,-0.00296501961810727,0.03910327313139,-0.0155879659716216
2242,"long_v3_CCD0.0.25",1.8734431521165,-0.113272320959539,0.0207848966960499,0.0502992360580653,0.0797623933426296,-0.112277328468043
2243,"long_v3_CCD0.0.25",2.21607839490086,-0.275505383040967,0.0801641835564405,0.0713552338042009,0.0686522694900384,-0.0342412861803787
2244,"long_v3_CCD0.0.25",1.75176451023141,0.0008479628849278,-0.00284212068714348,-0.0326411404078697,0.066346825008884,0.0274394610380915
2245,"long_v3_CCD0.0.25",1.94853332310168,-0.204914916133272,-0.0912585737605588,-0.0499333964958855,-0.0053494728954998,-0.148986180824375
2246,"long_v3_CCD0.0.25",2.01533885794659,-0.208198064587095,-0.012936972576632,0.0411636925499609,0.0356115293996183,-0.0722314968746049
2247,"long_v3_CCD0.0.25",1.87473934083263,-0.177649137250976,-0.0782930039282259,0.00593591246614896,0.105231703350811,-0.0565129218120628
2248,"long_v3_CCD0.0.25",1.88412287853588,-0.185475948030704,-0.0569526072036874,0.0489900907706322,0.0046401782676732,-0.0917130199507178
2249,"long_v3_CCD0.0.25",2.01835708918133,-0.182958507388233,-0.0812580214410452,-0.0401806109378323,0.0325169678591204,-0.0911084560198989
2250,"long_v3_CCD0.0.25",1.86085323107713,-0.0766395973815657,0.00293421235208106,-0.0200522869988684,0.0113283750888627,-0.035755240308193
2251,"long_v3_CCD0.0.25",1.88260418866846,-0.17089061163524,-0.0373342353713847,-0.0302754605178612,-0.00111405050427021,-0.0820896452625667
2252,"long_v3_CCD0.0.25",1.9455614944159,-0.191697577275915,-0.0548169757609017,0.0638683760402543,0.0393418604845346,-0.0844472495128746
2253,"long_v3_CCD0.0.25",1.97221492662242,-0.106256388620787,0.0825781065898246,-0.0157490266986798,0.0473077319612798,-0.065945982611047
2254,"long_v3_CCD0.0.25",1.83554300029934,-0.175762191696416,0.0115695476736198,0.0321836202309175,-0.00942009164058525,-0.115515033188169
2255,"long_v3_CCD0.0.25",1.86801885824088,0.047129455415935,0.112312331639567,0.0467912626172183,-0.0105166632636463,-0.0678936349997262
2256,"long_v3_CCD0.0.25",2.00965381981515,-0.191678541489761,0.00782498853200654,0.06887833326388,0.0584927318100657,-0.0585480276272103
2257,"long_v3_CCD0.0.25",2.01844289857088,-0.0769935040781396,0.0311329212974995,-0.024745492097948,-0.000508530374418611,-0.0812426664249745
2258,"long_v3_CCD0.0.25",1.79892192574385,-0.104507680194095,-0.089219057136516,-0.00425802049227054,0.0437166030802966,-0.0048178022846249
2259,"long_v3_CCD0.0.25",1.96688209440292,-0.221403319481062,0.039515852054848,-0.00253986380001392,0.0510771073993313,-0.166370037890394
2260,"long_v3_CCD0.0.25",1.85529226787998,-0.0890330715720688,0.0675721101001017,0.0161100574538181,0.0182291184142851,-0.0805708467294057
2261,"long_v3_CCD0.0.25",1.88073109219254,-0.180277911999995,-0.0477117063648725,0.00276919449271543,0.0688004949535868,-0.017552818300269
2262,"long_v3_CCD0.0.25",1.93614499883299,-0.0745276832787364,0.0600685507971439,-0.00520133388455706,-0.00480485868207825,-0.119315909626623
2263,"long_v3_CCD0.0.25",2.05106869451624,-0.0712972576654612,0.122643860413554,-0.0231672996405949,0.0164809137864402,-0.138974769698726
2264,"long_v3_CCD0.0.25",1.85348088447861,-0.0465890923086519,0.0147793688596972,0.014911517318795,0.0315736666993862,-0.102387500191051
2265,"long_v3_CCD0.0.25",1.8862480660888,-0.123248650602374,-0.0507499387349902,0.0570607794462446,0.00366894011465996,-0.0802633746261676
2266,"long_v3_CCD0.0.25",1.87749886900594,-0.176962021761062,-0.0390722988302662,-0.0479540543573759,0.0574400298470879,-0.0506624096087051
2267,"long_v3_CCD0.0.25",1.8330334016456,-0.159078129595135,-0.00948540627484491,0.0345584233037104,0.0661755406026608,-0.0193451151915752
2268,"long_v3_CCD0.0.25",1.9550349121666,-0.13113697537294,0.0546770293324675,0.0202053092552333,0.00410045653179348,-0.09388984134555
2269,"long_v3_CCD0.0.25",1.96235244258039,-0.0489142958068237,-0.0153501622915705,0.0317970360657987,0.0227084735029826,-0.107647916196354
2270,"long_v3_CCD0.0.25",2.11060784392349,-0.170085968560948,-0.00252561708400366,0.0315632493102951,0.0404936102340035,-0.0961692491952443
2271,"long_v3_CCD0.0.25",1.97716768222689,-0.00685163388574855,0.0749999856802731,-0.0245966093825572,-0.0932309217927231,-0.0769346096164628
2272,"long_v3_CCD0.0.25",1.93800027671685,-0.0340947286984364,0.062029928598168,0.0441269180585355,-0.0156367982519597,-0.0359288493856832
2273,"long_v3_CCD0.0.25",1.93413423791026,-0.240173618266416,-0.0891301418965338,-0.0168839172325174,0.0145956246962743,-0.0715467611218552
2274,"long_v3_CCD0.0.25",1.9059860628687,-0.084259144159961,0.0671113946425216,0.0542527122447755,-0.00643230784846725,-0.113560800869996
2275,"long_v3_CCD0.0.25",2.10830748256639,-0.115558364350768,0.068390652409325,-0.0473785703358406,0.0575063366684328,-0.157676664857407
2276,"long_v3_CCD0.0.25",1.74634537299312,-0.260429304310674,0.0389012988054463,0.0609893312574338,0.0776735921612174,-0.0770578938223063
2277,"long_v3_CCD0.0.25",2.07163861462307,-0.201430101406228,0.0131609342133845,-0.0140367595168667,0.109347786678107,-0.0544902733032294
2278,"long_v3_CCD0.0.25",1.92491803072341,-0.203450683785281,-0.052337068350724,0.0389637953921821,0.0119215761714985,-0.101328944138192
2279,"long_v3_CCD0.0.25",2.14216202482015,-0.146033910124714,0.0292424648164502,-0.0454060175800858,0.02187582310831,-0.110492036683
2280,"long_v3_CCD0.0.25",1.93788131975495,-0.152020357004483,-0.0314780275811915,-0.00337177939966972,0.0174589727104711,-0.0797320068007941
2281,"long_v3_CCD0.0.25",1.8974242468392,-0.139671542569458,0.0646553896903103,0.0170034388359277,0.0385066920525452,-0.0640136140361795
2282,"long_v3_CCD0.0.25",1.83976248371928,-0.19207835200108,0.0320782673565549,0.0135063493874957,-0.104721456487304,-0.109929926305773
2283,"long_v3_CCD0.0.25",1.69166701979373,-0.144360325122118,-0.0827228267269625,-0.0305160773704163,0.00161152331707382,-0.0917754621654737
2284,"long_v3_CCD0.0.25",1.84633528786873,-0.113105380874611,-0.121210895702849,0.00285813622861489,0.0203664790900414,-0.0504365045241001
2285,"long_v3_CCD0.0.25",1.94117940679992,-0.092872931550548,0.0292098752377026,0.00430579614516909,-0.0460504935529839,-0.121086388073104
2286,"long_v3_CCD0.0.25",1.95718418289163,-0.0354797972326578,-0.0325371860606172,0.0159637586886709,0.0282353521762299,-0.057934746461422
2287,"long_v3_CCD0.0.25",1.92218393841033,-0.0787290649132157,0.0178781300777525,-0.0497021468315327,-0.0223572154304097,-0.0300182229829229
2288,"long_v3_CCD0.0.25",1.84581711084631,-0.181115696651255,-0.0654208580288143,0.0320218349990285,0.0438188391244635,-0.0378696995403694
2289,"long_v3_CCD0.0.25",1.88475592963683,-0.0926123327277658,-0.0119375623846191,0.00146133209448185,0.000944245186044711,-0.0756067180457946
2290,"long_v3_CCD0.0.25",2.05176134253071,-0.211709194351117,0.0670720602438964,0.0143190093605316,0.00781938219561557,-0.115139120203984
2291,"long_v3_CCD0.0.25",1.85713355980197,-0.0759693450534167,-0.058584802594635,0.0211240078541742,0.0218503436209251,-0.0284425939197241
2292,"long_v3_CCD0.0.25",1.91590345414235,0.010098803927344,-0.0757680491368775,0.0161165426901608,-0.0298202425821677,-0.0608876030501156
2293,"long_v3_CCD0.0.25",2.02005716748006,-0.0937341443960112,-0.0891740706369137,0.00651277272512648,-0.0205091489696191,-0.109466699043507
2294,"long_v3_CCD0.0.25",1.97528738886477,-0.195915776442923,-0.0311880791397541,0.110763118828221,-0.0100638656020659,-0.110495350235686
2295,"long_v3_CCD0.0.25",2.02242334146027,-0.309647787851021,-0.11499949823154,-0.0562584603258146,0.0210766489950484,-0.0544403348774799
2296,"long_v3_CCD0.0.25",1.93104580017405,-0.0870073395496675,0.0886343682231165,0.0159175037380254,0.0148818801788096,-0.0620799040442065
2297,"long_v3_CCD0.0.25",2.01736616181483,-0.0908231114973213,0.0468688661606935,0.0487324579422464,-0.0314371532431832,-0.128135917017694
2298,"long_v3_CCD0.0.25",1.86711706319302,-0.0935684285678838,-0.0507890965130557,-0.00881013568153911,0.0173179007369387,-0.0852761955477331
2299,"long_v3_CCD0.0.25",1.98417922430885,-0.0817689468538165,-0.0458474098208646,-0.0570700502047478,0.00267511060032186,-0.115320434424173
2300,"long_v3_CCD0.0.25",2.00723153518178,-0.254082185469794,-0.0142492220956108,0.041715426344319,0.0357130155745632,-0.167793773580318
2301,"long_v3_CCD0.0.25",1.92161743301697,-0.164685257464665,0.040156021172572,0.087423299417079,0.0300991591556156,-0.0474239703276533
2302,"long_v3_CCD0.0.25",2.0895315662138,-0.195377479438169,-0.0484766936476189,0.0239111530652415,-0.0568608984644681,-0.0959743074038201
2303,"long_v3_CCD0.0.25",1.94256426947369,-0.0732168847166598,0.196339097518105,0.0320747139005399,-0.0113406584737807,-0.110741037842904
2304,"long_v3_CCD0.0.25",1.99458930088076,-0.188563714360601,0.0153660515948797,0.00195015114957649,0.0758976218562643,-0.164318425255905
2305,"long_v3_CCD0.0.25",1.95149539325939,-0.203708801472438,-0.0555870409820954,-0.0257464536105901,0.0108245315299377,-0.0886373012795985
2306,"long_v3_CCD0.0.25",2.04768123719894,-0.247681488650355,-0.0703680141370767,-0.0126599763046071,0.0284658851534689,-0.135982774494368
2307,"long_v3_CCD0.0.25",1.83975770324799,-0.1110234457181,-0.0104321991182992,-0.00837145383969655,0.0419860648807149,-0.10528089809262
2308,"long_v3_CCD0.0.25",2.03453142742935,-0.222777336486634,0.0230799970300263,-0.000301707816256347,0.0636244642899286,-0.0665838992530276
2309,"long_v3_CCD0.0.25",2.02305310634403,-0.0704633072580538,-0.011533099329474,0.0453872396016572,0.0534124745118926,-0.0409042065290373
2310,"long_v3_CCD0.0.25",1.86200174860799,-0.137478125111594,-0.020051421380315,0.0132886316454861,0.0132785519375818,-0.077816691047874
2311,"long_v3_CCD0.0.25",2.04735683971276,-0.112704910347125,-0.0750698831737429,-0.039104061655053,0.0173869266920663,-0.011035956978679
2312,"long_v3_CCD0.0.25",1.90900029237498,-0.139125234158709,-0.0427453055063456,-0.0321099424721054,-0.00587485781172398,-0.0409784823677616
2313,"long_v3_CCD0.0.25",2.11159280501614,-0.136119294631877,0.0506802962646747,-0.0238851508999368,0.100384113142647,-0.105506724169474
2314,"long_v3_CCD0.0.25",1.94334364905456,-0.234341099584055,-0.121619667294356,-0.0130536774825644,0.0389506878698089,-0.041038010417122
2315,"long_v3_CCD0.0.25",1.83792858535778,-0.0883191201075866,-0.00583652325068113,-0.0179181826377671,0.00828469043418939,-0.0288622659594745
2316,"long_v3_CCD0.0.25",1.9090561220538,-0.0603456040056281,0.153590345712931,-0.0284597618288765,-0.0116141679025988,-0.0962040191956072
2317,"long_v3_CCD0.0.25",1.79247816760212,-0.157735722355991,-0.0563643145222166,0.0547678952295489,0.0202709427474515,-0.0279647209465651
2318,"long_v3_CCD0.0.25",2.08445700432707,-0.119909716772946,0.059268843464841,-0.00329615445060133,0.00473938281095684,-0.0489980409920621
2319,"long_v3_CCD0.0.25",1.81764951004327,-0.172690819057228,0.00283334987966259,-0.0150920442029528,0.0249888310950158,-0.105813414543538
2320,"long_v3_CCD0.0.25",1.92598150958321,-0.214826009077328,-0.024025450843298,-0.0173622305262224,-0.0320996764616412,-0.119459175667089
2321,"long_v3_CCD0.0.25",2.03069662069024,-0.159229904264706,0.0812974820072816,-0.00404726226661001,-0.0246059015752036,-0.0901558824062288
2322,"long_v3_CCD0.0.25",1.86353583113159,-0.100825010904073,0.061243107843549,-0.0277362644500195,0.0279979760366227,-0.0314820320537199
2323,"long_v3_CCD0.0.25",1.85443199369667,-0.127257804768263,0.0283427415057235,0.0117391604271698,0.0306809038944231,-0.112978218856159
2324,"long_v3_CCD0.0.25",1.83879344625333,-0.0944071861771368,0.00501326183342683,0.0456099629057869,0.00984264150190051,-0.0773170574396905
2325,"long_v3_CCD0.0.25",1.9576022064378,-0.196439634202685,-0.0358426866902228,-0.00611651036758672,0.0248492408822511,-0.0146055891364482
2326,"long_v3_CCD0.0.25",1.80437761423611,-0.156562918599869,-0.0329695217341415,0.00859471449376894,0.0224978790796594,-0.089957069976035
2327,"long_v3_CCD0.0.25",1.94473197563149,-0.183120288383588,-0.109745529797749,0.0517000603566116,-0.0160534698106038,-0.081975217281663
2328,"long_v3_CCD0.0.25",1.83810112200237,-0.166747057912547,0.0381318680605108,0.0306128593905101,0.0492847608529333,-0.0404552687605892
2329,"long_v3_CCD0.0.25",2.07934368989656,-0.0788646020914456,0.124772769849472,0.0379082234722521,0.0384286133202339,-0.161061475858559
2330,"long_v3_CCD0.0.25",2.09265511113675,-0.164838237478713,-0.106176341769793,0.0724541197995018,-0.0320765423158428,-0.188336677618041
2331,"long_v3_CCD0.0.25",1.94612415508408,0.0373902046507948,0.0962309816910804,-0.0360383997912111,0.0266601932170688,-0.0559225042926733
2332,"long_v3_CCD0.0.25",2.01022790435162,-0.125875352987799,-0.00394776720848976,-0.0184725680917543,0.0330956875587177,-0.110227920643875
2333,"long_v3_CCD0.0.25",1.98604207366116,-0.0988113247566239,0.0430877894205022,0.0660880174125631,0.0214301465505186,-0.061359469303779
2334,"long_v3_CCD0.0.25",2.05203826740865,-0.125009813878433,0.0486870587963479,0.0509534005232114,-0.0196875179113654,-0.175975221970233
2335,"long_v3_CCD0.0.25",1.76630023675383,-0.0598654333050573,0.0184646952251218,-0.0237041256585204,-0.0430396991674755,0.00527395352134815
2336,"long_v3_CCD0.0.25",1.99033051499545,-0.169267692298828,0.0886939772054937,0.057352629497563,0.0224934663415279,-0.0743923878970355
2337,"long_v3_CCD0.0.25",1.84306919791315,-0.230557682035059,-6.13963569378343e-05,0.00492274516745471,0.0336007393637592,-0.128403162074087
2338,"long_v3_CCD0.0.25",1.80730856024584,-0.125466040695127,0.0687772480852385,0.00987507002205699,0.0451412173921595,-0.121861211200071
2339,"long_v3_CCD0.0.25",1.8459728968119,-0.133108991259132,0.0547122634328817,0.0170253106022911,0.0220279875109829,-0.0888542878425261
2340,"long_v3_CCD0.0.25",1.95869540993363,-0.171578644731673,-0.0133482409475439,0.00568777297309168,0.0111405137015665,-0.102563950828157
2341,"long_v3_CCD0.0.25",2.03743138662296,-0.170577271924451,-0.0318677706809789,0.0149354277572317,0.0172805203519721,-0.0955701039815761
2342,"long_v3_CCD0.0.25",1.86095706913327,-0.00251522227907267,0.0355688884849575,0.0308701958691543,-0.084439935845547,-0.0210913448024557
2343,"long_v3_CCD0.0.25",2.01733365402246,-0.218289481880866,-0.0325146210355159,0.00497718342441001,-0.0124796213909112,-0.148626386240775
2344,"long_v3_CCD0.0.25",1.93192875269028,-0.125433174208431,0.130004414864748,-0.0282957406295573,0.11834801914199,-0.106897830774447
2345,"long_v3_CCD0.0.25",1.83062518887492,-0.142227412047081,0.0349622800954636,0.0112716743146866,-0.0182741064786792,-0.0834406812394992
2346,"long_v3_CCD0.0.25",1.90445846350132,-0.0869478527099406,0.0936487941075673,0.0715835386957227,-0.00774318414640305,-0.142896920721334
2347,"long_v3_CCD0.0.25",2.06461612338885,-0.167409336953746,0.111690957000072,-0.0119009450608464,0.0308242983752636,-0.0954664982879936
2348,"long_v3_CCD0.0.25",1.85422483148469,-0.129612936271428,0.00206534104807587,-0.0180332393395753,-0.0558969034632281,-0.175067985000324
2349,"long_v3_CCD0.0.25",1.90568662562087,-0.218062276270635,-0.0226524738770402,-0.0345291514433254,0.0711867105264945,-0.00660448793404643
2350,"long_v3_CCD0.0.25",1.87030415899938,-0.224446173906357,0.0775139084939103,0.119679383731327,-0.0202209157046813,-0.185649772304328
2351,"long_v3_CCD0.0.25",1.87274353728673,-0.145735973268118,0.0450220952668002,0.0266784238970147,0.0420075509825495,-0.134388086962463
2352,"long_v3_CCD0.0.25",1.92798076401885,-0.209214329844143,-0.00499600547157532,-0.00233029711195329,0.0540928455658342,-0.0989402630202321
2353,"long_v3_CCD0.0.25",1.8509960020288,-0.0765648247955154,-0.0348664673736704,-0.00194023092789514,-0.00910247323228952,-0.0592043877165341
2354,"long_v3_CCD0.0.25",1.77345545623271,-0.00225043635160861,0.130004142391642,0.0387870991451307,-0.0868509070012184,0.00622129131166196
2355,"long_v3_CCD0.0.25",1.75720384260381,-0.118197433647121,0.0195015888005109,-0.0188031986782675,0.00387979975616787,-0.0186102947285561
2356,"long_v3_CCD0.0.25",2.00433479073215,-0.131710151147334,-0.0201672297709566,0.0664417476358024,0.0614802220493314,-0.148352776319404
2357,"long_v3_CCD0.0.25",1.83655965850775,-0.126659004522728,0.0633847694668163,0.0158677091387948,-0.00683992696639153,-0.153444842871017
2358,"long_v3_CCD0.0.25",1.94839777572067,-0.1127233559131,0.00829569021254587,0.0318530542188649,-0.00115838552711342,-0.0777878718228138
2359,"long_v3_CCD0.0.25",1.94490535648289,-0.027997829592636,0.064012965261101,0.0170334258004852,-0.0141661430738493,-0.0869763823116267
2360,"long_v3_CCD0.0.25",1.88234906243214,-0.0719333479222221,0.0753822120221234,0.00769177156071665,-0.004514235175878,-0.0508124767318487
2361,"long_v3_CCD0.0.25",1.91657228662115,-0.0771293807515858,0.028089801853125,-0.0633451482286621,-0.00361184067761614,-0.0697173964701193
2362,"long_v3_CCD0.0.25",2.0216036052323,-0.117221337392786,0.0414949665803356,0.042809468102954,0.0868583988474565,-0.0375298836208981
2363,"long_v3_CCD0.0.25",1.89984110716867,-0.226263530454081,-0.00278791260892301,-0.0166775243877293,-0.0186689236207807,-0.156836007398644
2364,"long_v3_CCD0.0.25",1.87603680743104,-0.0929675033335403,-0.0308495783803874,4.51363775782539e-05,-0.0050627287682361,-0.0121793406288242
2365,"long_v3_CCD0.0.25",1.88107454838513,-0.0929047475609949,0.0565686281358812,0.0480335491592527,0.0261287421078683,-0.15814156906851
2366,"long_v3_CCD0.0.25",2.05433609358192,-0.0847186675812208,0.0101900915337267,-0.0398134371262312,0.0298481113125748,-0.0890405268767529
2367,"long_v3_CCD0.0.25",2.13157617291642,-0.121522712634776,0.0845240971222615,0.0704065264230964,0.00957836788052436,-0.06428968193222
2368,"long_v3_CCD0.0.25",1.87390043753844,-0.075429536378476,0.0312375346716408,0.0139675764511187,0.0215368613786743,-0.0500137596531501
2369,"long_v3_CCD0.0.25",1.93248117857218,-0.240502802025853,-0.0514796011714934,-0.00377546904267405,0.0551872926086584,-0.0349908646942371
2370,"long_v3_CCD0.0.25",2.06635312069666,-0.0825618630265985,0.0235653893587194,0.000232017408137301,0.0294995501759711,-0.0923529628107414
2371,"long_v3_CCD0.0.25",1.94114844540176,-0.190141914623691,-0.0508161290638656,0.0185219546899849,0.016892023745339,-0.158190468135794
2372,"long_v3_CCD0.0.25",1.91186667270582,-0.268711207475743,0.0348531597408765,0.0608583891078683,-0.041323768842069,-0.155309850794766
2373,"long_v3_CCD0.0.25",1.93780785878418,-0.093416737188734,-0.0590736896384888,0.113422629418807,0.0372593668055728,0.0154935580592957
2374,"long_v3_CCD0.0.25",2.01266013149304,-0.138824213614622,0.00239400990366493,-0.0166121867193754,0.0670999171259968,-0.13668032030599
2375,"long_v3_CCD0.0.25",1.92850715188807,-0.183823846107386,-0.0273251976231537,0.0224531449787706,0.0424330344048009,-0.0965918374650621
2376,"long_v3_CCD0.0.25",2.00464586709313,-0.160065658171333,0.0102318203670842,0.0264113893644537,0.0707733169681576,-0.0962359930898318
2377,"long_v3_CCD0.0.25",1.81214870586783,-0.113881225979635,0.0206060422162054,-0.0303391266522723,-0.0554557409291472,-0.117777819243194
2378,"long_v3_CCD0.0.25",2.01415859905815,-0.0908871340791672,0.0638398287870219,0.00778997870765332,0.0467675443927222,-0.0357021692364719
2379,"long_v3_CCD0.0.25",1.87236165975043,-0.142528007434381,-0.018582075083089,0.0661386145189059,0.0840721492890593,-0.133370253428115
2380,"long_v3_CCD0.0.25",1.8780180050617,-0.154756484916016,-0.0514891604524719,0.0125686090993392,0.00111637095564632,0.00883601019070721
2381,"long_v3_CCD0.0.25",1.77475131784977,-0.105769571245343,0.0137819211658643,-0.00397213623699727,0.063399271856538,-0.0523970920454283
2382,"long_v3_CCD0.0.25",1.99478524467746,0.00951780935312934,0.073154015715953,0.000569618453980966,0.0563405861757737,-0.0693583648028543
2383,"long_v3_CCD0.0.25",1.9283388906292,-0.504420416869874,-0.303111962638528,-0.0477985969071838,0.0748854444775625,-0.187699880584348
2384,"long_v3_CCD0.0.25",2.10287065239793,-0.220231371145651,0.0116669835784386,0.0264879972238375,0.0128383474348791,-0.0648438362598396
2385,"long_v3_CCD0.0.25",1.86917764501211,-0.157479319473432,0.150721641897079,0.0168236301859953,0.0515593847940522,-0.0699524273159563
2386,"long_v3_CCD0.0.25",1.89899044508457,-0.140972501131496,0.0514318057070885,0.0209570074647473,-0.0794641019189171,-0.110570178155798
2387,"long_v3_CCD0.0.25",1.96230050201247,-0.212280987703713,-0.0761009587758445,-0.00121443045345968,0.076448223061156,-0.0724643098961195
2388,"long_v3_CCD0.0.25",1.92732235371708,-0.0463960817102606,0.0267638072184954,0.0285432170885185,-0.0563487852072854,-0.0596730024566194
2389,"long_v3_CCD0.0.25",2.10344899024179,-0.249857971280364,-0.0862775048274633,-0.0394593858836424,-0.0157571286861476,-0.116608067334215
2390,"long_v3_CCD0.0.25",1.93195736027533,-0.0450796146315919,-0.0213438396794292,-0.0213648001488396,0.00427363970999447,-0.111558116271232
2391,"long_v3_CCD0.0.25",1.92745696005464,-0.130750165164032,-0.0382205828219609,-0.00558720553889243,0.113587275082908,-0.0675425397983876
2392,"long_v3_CCD0.0.25",1.96397816595349,-0.186884188454107,-0.116043686175481,-0.0358672502369111,0.0129469344425125,-0.127881699343977
2393,"long_v3_CCD0.0.25",2.04812126061982,-0.178714448029728,0.0221963717864909,-0.00234629148578801,0.0229710615261408,-0.119205839517699
2394,"long_v3_CCD0.0.25",2.03889739053893,-0.262415097493246,-0.0777108271288046,-0.00419838275760502,-0.0317908685099632,-0.152601978598846
2395,"long_v3_CCD0.0.25",2.03693187416525,-0.147000058583313,-0.0283052780661542,0.032222417509187,0.01995372731713,-0.0497084741765847
2396,"long_v3_CCD0.0.25",2.02694988292876,-0.155965354411494,-0.0633313350361493,-0.0111840610767669,0.00337768637692586,-0.0737258238008562
2397,"long_v3_CCD0.0.25",1.92135494169536,-0.0866670845890283,-0.00247297510667883,0.0579369573677938,0.0628995854774381,-0.061851742123533
2398,"long_v3_CCD0.0.25",1.816873866208,-0.26504825117734,-0.00347075872710337,-0.00793490365069838,-0.0268908808054567,-0.17910444496451
2399,"long_v3_CCD0.0.25",1.95793753817103,-0.0514621499761184,0.0685162426363671,0.0261595735086725,-0.00384857980289861,-0.0475105559674692
2400,"long_v3_CCD0.0.25",1.8682595046194,-0.0229860204220287,0.149745334718059,-0.00905839540661699,0.00564688971490728,-0.0978951417144927
2401,"long_v3_CCD0.0.25",1.84906149725546,-0.152154005851918,-0.0516233757487,-0.00319980875279934,-0.00228450233713763,-0.0325371724322577
2402,"long_v3_CCD0.0.25",1.97475851259063,-0.139036813356615,-0.0897927060035695,0.00655790229101671,0.0617606938132582,-0.0710234452338458
2403,"long_v3_CCD0.0.25",1.83204434216636,-0.234968240789389,-0.115012270300403,0.00968974885526018,0.0495603333388779,-0.074747036315469
2404,"long_v3_CCD0.0.25",1.79431374567139,-0.158398095866606,-0.00353652121736349,-0.0206292030407262,0.0166276801250823,-0.109304172995532
2405,"long_v3_CCD0.0.25",2.06380896627017,-0.126622299564735,0.030220920719739,0.00907609947235386,0.0406899710289851,-0.114599294487602
2406,"long_v3_CCD0.0.25",2.05615587895898,0.0431299385497909,-0.0463612381594617,0.0274145002011713,-0.0541707780488024,-0.131044893933387
2407,"long_v3_CCD0.0.25",1.88501130154581,-0.141825803117688,-0.039601955748808,0.055422435740218,0.0331720070997677,-0.0594968274220175
2408,"long_v3_CCD0.0.25",1.94482679634324,-0.176607707198007,-0.0677677481049914,-0.0355961094291243,0.0332037161584305,-0.0552811950440778
2409,"long_v3_CCD0.0.25",2.01226568944287,-0.0980040444761954,0.0444464003140374,-0.0147589136311012,0.0883122713824154,-0.0216554513343845
2410,"long_v3_CCD0.0.25",1.98587225600903,-0.0571462810795119,0.0779460347076324,0.0300743566420003,-0.0533931609344057,-0.158689638213004
2411,"long_v3_CCD0.0.25",2.00288002271744,-0.138777812514933,0.0804519053120294,0.0295538482297101,-0.0272769142106484,-0.140742991384693
2412,"long_v3_CCD0.0.25",1.75803171859281,-0.155231155938604,-0.160553461212655,-0.00412874897019136,-0.00337327676018251,0.00327155219127727
2413,"long_v3_CCD0.0.25",1.76191696483701,-0.249039836270648,-0.0861896697094931,0.087656673150522,-0.0104902836633788,-0.0121504147632948
2414,"long_v3_CCD0.0.25",1.95081569740367,-0.178576036120715,0.0232993467426816,0.033202359373162,-0.00918938409307156,-0.116082562032582
2415,"long_v3_CCD0.0.25",1.99364799542166,-0.183707300223115,-0.0533203759577993,0.011172442663477,-0.0254265921456394,-0.13004017966168
2416,"long_v3_CCD0.0.25",2.11031393423873,-0.229069204285371,0.00399809875806887,-0.00515771604941996,0.0556653641988186,-0.0756036227973163
2417,"long_v3_CCD0.0.25",1.97139012075426,-0.144415295866138,0.0414518668583411,0.0307036457959252,0.0405357035068565,-0.125856941709396
2418,"long_v3_CCD0.0.25",1.73135705651633,-0.0939645702064833,-0.0349496625417719,-0.0252105195350036,0.0134562590861792,0.01365789241837
2419,"long_v3_CCD0.0.25",2.00699055381755,-0.149045684874842,-0.00908030300177163,0.00535084786303095,-0.0168714265691254,-0.0650666058158755
2420,"long_v3_CCD0.0.25",1.97256300047407,-0.107847161403721,0.0422015440492554,-0.0578571451746602,-0.00798721198742388,-0.114019616235711
2421,"long_v3_CCD0.0.25",1.99817114608986,-0.0976154948553966,0.0154683417607859,0.0178490039487242,-0.0393822163807213,-0.0976449737932704
2422,"long_v3_CCD0.0.25",1.95851264520705,-0.0726578785167685,0.0290829660059975,0.0110977995366232,-0.0132350014630641,-0.0584774600775394
2423,"long_v3_CCD0.0.25",1.94713215073779,-0.162589396959789,0.100600786137884,0.0447140993961626,0.0508309653777323,-0.102623003991184
2424,"long_v3_CCD0.0.25",1.82969273232749,-0.0218177467709182,0.0487317622111389,0.0796497910184727,0.0388898960382349,-0.0586587958590523
2425,"long_v3_CCD0.0.25",2.00555671909462,-0.214707038595979,-0.107450359526049,-0.0210356121927949,0.0297686518223224,-0.0919918395388532
2426,"long_v3_CCD0.0.25",1.92310731436529,-0.154538859087902,-0.112444506955424,0.0341864625433223,0.0396781289013694,-0.0500672847179554
2427,"long_v3_CCD0.0.25",1.98956209312365,0.00888631896667172,0.0467921691260319,0.00799784943854368,0.0184475585561346,-0.00508238230698478
2428,"long_v3_CCD0.0.25",2.00060283010575,-0.222384803364656,-0.0189162528139711,0.00310843421612956,0.0730896433829058,-0.172238725758241
2429,"long_v3_CCD0.0.25",1.93902645836078,-0.132230298500042,0.060171945569088,0.0154806049864604,0.0225679347541473,-0.139015800035078
2430,"long_v3_CCD0.0.25",1.7567883011378,-0.0930155775631477,-0.09443240626446,0.0216357574377057,-0.0108633759483589,0.00493492883388087
2431,"long_v3_CCD0.0.25",1.87838846176962,0.0173311465758711,0.03772095265204,-0.003669554628765,-0.0177283119130334,-0.0954865254336159
2432,"long_v3_CCD0.0.25",1.9202220096886,-0.0762688286542301,0.069003661159484,0.00262662836588304,-0.0431042177285732,-0.113723795188975
2433,"long_v3_CCD0.0.25",1.95045232836228,-0.269771091148655,-0.0533128655026117,-0.0136811952064451,0.0222601399540347,-0.109568335650605
2434,"long_v3_CCD0.0.25",1.93825996121843,-0.0823480649558343,0.0421365966106171,0.0451270035603475,0.000454167431594359,-0.0534635679995044
2435,"long_v3_CCD0.0.25",1.92919641768973,-0.137888540380593,0.0150593351566413,0.0428180118215183,0.042432858918023,-0.104967753943841
2436,"long_v3_CCD0.0.25",1.92199705089934,-0.166204776539204,0.01944725164295,0.0529403534031299,0.024175775364232,-0.11201428551333
2437,"long_v3_CCD0.0.25",1.97459679552202,-0.201466170881069,-0.0497597785742264,-0.0289827276876763,0.00904081423016669,-0.0718390629038224
2438,"long_v3_CCD0.0.25",1.70273527860256,-0.096485413997145,0.0530468406164632,-0.0379070196523671,0.0196329106949156,-0.0683042069288191
2439,"long_v3_CCD0.0.25",1.81044924923267,-0.250374490441668,0.0295030186624225,0.0207659044397979,0.001866193405554,-0.152724177403743
2440,"long_v3_CCD0.0.25",2.02461720346417,-0.210589323240315,-0.0377323034606855,-0.0235204040667924,-0.00616537210794604,-0.0848595010568557
2441,"long_v3_CCD0.0.25",2.10968354094889,-0.110341984150917,0.0607235151033092,-0.0592276150026808,-0.033272807929725,-0.099533572721484
2442,"long_v3_CCD0.0.25",1.9273256541843,-0.108167144236991,0.0748319306517777,-0.00446967748436254,-0.00676549745113948,-0.0973835168056927
2443,"long_v3_CCD0.0.25",1.89131731349181,-0.155029519075209,0.0945562829955481,0.029412981661141,0.0589406267377887,-0.102243001345666
2444,"long_v3_CCD0.0.25",1.84639230176637,-0.048766614996172,-0.00978442147917277,-0.00154238559630277,-0.0354643052464387,-0.104645328456173
2445,"long_v3_CCD0.0.25",1.89330884496422,-0.178963655198722,-0.0324543522895777,0.06435429270159,0.0179060551663873,-0.0926190837203233
2446,"long_v3_CCD0.0.25",1.96967573903251,-0.19584373943572,0.0251871778406063,0.00226225398860181,0.0530461851713185,-0.0765443793210543
2447,"long_v3_CCD0.0.25",1.96309039275978,-0.226991112245683,0.00563154968148082,0.0325875053825506,0.0495298985746712,-0.131568217011677
2448,"long_v3_CCD0.0.25",2.01623966161837,-0.18739429991783,-0.0692178373178583,0.027372497855825,0.0516947036251114,-0.107376120451716
2449,"long_v3_CCD0.0.25",1.90160935499813,-0.0739268281223189,0.152273552785089,0.0182460577074326,-0.0318697519608341,-0.0401230490653543
2450,"long_v3_CCD0.0.25",1.99341959226151,-0.145918226767842,0.014828027311754,0.0074083286192269,-0.0182799164603247,-0.088448190882364
2451,"long_v3_CCD0.0.25",1.76492685177551,-0.138198276350369,0.0541288859684848,0.0185544669329954,0.0880820829008922,-0.10883646820451
2452,"long_v3_CCD0.0.25",1.94001560741823,-0.140803503234569,0.0620172363129401,-0.020346480283416,-0.0153776134095183,-0.11628536775377
2453,"long_v3_CCD0.0.25",1.91431946608656,-0.145303096110291,0.111999516690165,-0.00188582056572085,0.0258325587923007,-0.146052776951208
2454,"long_v3_CCD0.0.25",1.94915954401395,-0.0168022462465013,0.0961762642041592,0.0371777788268589,-0.0162077151888073,-0.0414850898218368
2455,"long_v3_CCD0.0.25",2.03643363734124,-0.168227020934503,-0.0404725665732527,0.054642255997918,0.0143003689317607,-0.0548193294055684
2456,"long_v3_CCD0.0.25",1.92131678438558,-0.0461841671750939,0.0206515864502177,0.109104740794804,-0.0110424018466219,-0.0118023722411774
2457,"long_v3_CCD0.0.25",1.96632924367841,-0.09013109096198,-0.0405682785357158,0.0199334483629379,-0.0135511983929865,-0.066535836644113
2458,"long_v3_CCD0.0.25",1.99649189601903,-0.169082986966162,0.111623540095008,-0.029116327447953,0.0404668660556922,-0.154000650303117
2459,"long_v3_CCD0.0.25",1.89438659656577,-0.243727686999038,-0.0571846623475516,0.0325858768816205,0.0160530672400949,-0.0455104231187274
2460,"long_v3_CCD0.0.25",1.91674762977477,-0.118913721626517,-0.0209894169093706,0.00454681547079081,0.0366074582088767,-0.136163957990507
2461,"long_v3_CCD0.0.25",1.98418369816048,-0.105301655666372,-0.0429845490117833,0.0289002374230164,-0.0064671662748496,-0.142391630288046
2462,"long_v3_CCD0.0.25",2.0048101603936,-0.0924000884147464,-0.00554113607236714,-0.0321314174201484,0.0681254185945686,-0.0331936499214543
2463,"long_v3_CCD0.0.25",2.01095449813988,-0.265944232402815,-0.109073547746716,-0.00809674925860075,0.0759041980880831,-0.0610270308796591
2464,"long_v3_CCD0.0.25",1.96066689252616,-0.14675188888573,-0.039318983762168,0.0160723432745251,-0.00111800083506515,-0.130447203048245
2465,"long_v3_CCD0.0.25",1.83216475483751,-0.172413391424639,-0.0314937922065828,0.0197214866920827,0.0203668970863736,-0.0902340760489798
2466,"long_v3_CCD0.0.25",1.9464406018044,-0.173318969110014,-0.0198949615080309,0.0659236256081674,0.0287232671130264,-0.143790083281786
2467,"long_v3_CCD0.0.25",1.88510926962044,-0.106911285053397,-0.00122599580874266,0.0912929810025209,0.023859692530756,-0.0810089207905325
2468,"long_v3_CCD0.0.25",1.76148333977519,-0.0979011990980974,-0.0295918284592837,0.0102685488646325,-0.00308301694658945,-0.00954783352106993
2469,"long_v3_CCD0.0.25",2.08727392138421,-0.137542746949559,-0.0736066400214821,0.0346039282612349,0.0704620595303853,-0.0766293132841547
2470,"long_v3_CCD0.0.25",2.02081134389916,-0.0982831452669723,0.0407429483495798,0.0715566353565136,-0.0386291695295276,-0.147156685449152
2471,"long_v3_CCD0.0.25",1.90956845173688,-0.123212681267708,0.0658824369465359,0.0141699880709518,-0.0427232621217238,-0.103418763775548
2472,"long_v3_CCD0.0.25",1.93017087106475,-0.0463819352963334,0.0720802167646998,-0.0549255282315831,0.00760203459855952,-0.0862536525596807
2473,"long_v3_CCD0.0.25",1.67240323383561,-0.0319141887012872,-0.0104016944246234,0.0277257901699122,0.00267825907988567,0.047541991611798
2474,"long_v3_CCD0.0.25",1.98265261556808,-0.089688551525028,0.00646280379220016,-0.0282938147990444,-0.0204079371691369,-0.095690489442411
2475,"long_v3_CCD0.0.25",2.07778317031779,-0.145425801501427,0.00203807937882363,-0.0200375126935296,-0.0280601828029228,-0.131236236534973
2476,"long_v3_CCD0.0.25",1.84055812488855,-0.0390856761414163,0.0562809593556252,0.00440794794752334,-0.030068842476214,-0.055772006029581
2477,"long_v3_CCD0.0.25",1.97477438283709,-0.120377498009736,0.0401525415920684,0.0270969254306174,0.0483281419881988,-0.108052683821818
2478,"long_v3_CCD0.0.25",1.96855243858384,-0.0604868504678376,0.0536820960783672,-0.0435502023978493,0.0517343979998272,-0.115897854512702
2479,"long_v3_CCD0.0.25",1.85619060193318,-0.0320413349755275,0.0370089774394709,-0.0201731988466629,0.0744226860596594,-0.0442161943447097
2480,"long_v3_CCD0.0.25",1.82822117384203,-0.179413429944747,0.0596279522984038,-0.0112679128000437,-0.0016227682393647,-0.171123863425944
2481,"long_v3_CCD0.0.25",1.87101002914817,-0.146657528765239,0.0681729874863399,0.0127453247175461,0.0193611033333735,-0.0978532727604299
2482,"long_v3_CCD0.0.25",1.92923836278077,-0.284291316811584,-0.098761284688022,-0.0328919377468683,0.0303976235520973,-0.0649115781125732
2483,"long_v3_CCD0.0.25",1.93081456834273,-0.0638321054320698,0.0112899398575639,0.00610832488011632,-0.00114812786928054,-0.109592070153088
2484,"long_v3_CCD0.0.25",1.97523333141056,-0.138384211003232,0.0375365441266664,0.0204819325125026,0.0550857343341832,-0.0507907320730673
2485,"long_v3_CCD0.0.25",1.86771730936391,-0.156107662171028,-0.0750362032621129,-0.006120317216296,0.055274970965827,-0.121275258347672
2486,"long_v3_CCD0.0.25",1.91964713269478,-0.142986636745761,-0.00197350354417052,0.00889086939293159,0.0218776016791275,-0.107763497662214
2487,"long_v3_CCD0.0.25",1.99825120205727,-0.204202152954142,0.0355311871291182,0.0492416597219174,0.0949244944577031,-0.0882422927954304
2488,"long_v3_CCD0.0.25",1.87546545325764,-0.134494272331255,0.0734465584256759,0.0227203250418729,0.00715567029557135,-0.0739389280318901
2489,"long_v3_CCD0.0.25",1.89225487045905,-0.0967851851185977,0.0206887641795333,0.0255755870068967,0.0525411067900235,-0.0686227033328599
2490,"long_v3_CCD0.0.25",1.90960304763261,-0.0543840240450902,0.0670483433396113,-0.0344206160082056,-0.00723318175025339,-0.0564145949029592
2491,"long_v3_CCD0.0.25",1.9785055700369,-0.0832843268539265,0.0348064871705937,0.0516006027438521,0.0275324761759202,-0.0707290275082181
2492,"long_v3_CCD0.0.25",2.0200568466174,-0.0557730515142347,0.0158052525910736,-0.0104495695950799,0.00454946950250757,-0.0758892704810284
2493,"long_v3_CCD0.0.25",1.92071580806679,-0.168517123885155,-0.0193818511299861,-0.00926630218111078,-0.00612849656811908,-0.0518596778107689
2494,"long_v3_CCD0.0.25",1.87837188302454,-0.114490505615205,-0.00813643902194207,-0.0114293856165405,0.00646711109185657,-0.0823246581779873
2495,"long_v3_CCD0.0.25",2.05167882057634,-0.147847520983261,0.0548575863515822,0.0120708997971299,0.0147575609333851,-0.128204107675463
2496,"long_v3_CCD0.0.25",1.98893100794249,-0.123832774354092,-0.00800738778119817,0.0322793311495148,-0.0422272767334857,-0.0826200869442179
2497,"long_v3_CCD0.0.25",1.96076161984039,-0.20218460123214,-0.0907725564603352,-0.0110692989386304,0.014758983629421,-0.0518925786342177
2498,"long_v3_CCD0.0.25",1.92123133135938,-0.226512690007683,-0.0593373384500775,0.0444337203955621,0.00107100462617579,-0.107699917891272
2499,"long_v3_CCD0.0.25",1.93037610844551,-0.0681899738711821,0.0619167291635521,0.0496347646760218,0.0232487505342409,-0.0845599702316879
2500,"long_v3_CCD0.0.25",1.9233494304178,-0.18600134794042,-0.155248077905896,-0.0244634388548233,0.0501976207713337,-0.0105597641111614
2501,"long_v3_CCD0.0.25",2.02141088141249,-0.205316261551642,-0.0738484697796131,0.0212457203718244,-0.0090945219727031,-0.0764361557935314
2502,"long_v3_CCD0.0.25",2.1353494035749,-0.139921711386191,-0.0176711984354742,0.0523794384378796,-0.00332402803725156,-0.135957253034792
2503,"long_v3_CCD0.0.25",1.88924060144963,-0.106151021639632,-0.0569748708262348,0.0155996600842166,-0.0452589161254419,-0.0670323581615951
2504,"long_v3_CCD0.0.25",2.06539676625477,-0.0527989600356449,-0.00596233458646354,-0.00341111546345637,0.043874438004936,-0.078769026554662
2505,"long_v3_CCD0.0.25",1.91809758489498,-0.139393546817019,0.0358997340284858,-0.0191657839815691,0.0488690722999341,-0.0458449435199128
2506,"long_v3_CCD0.0.25",2.00643571956265,-0.212821776853821,-0.126506313308005,0.0574679308523008,0.0592556438356699,-0.0336405449969581
2507,"long_v3_CCD0.0.25",1.99901362706991,-0.187415348834929,-0.0633359986931729,-0.0588989784346924,0.0791277093158937,-0.0492219504502427
2508,"long_v3_CCD0.0.25",1.99114245751858,-0.16277740011625,0.0196125116968049,0.0893779960791225,0.0707143269042839,-0.105540679920839
2509,"long_v3_CCD0.0.25",1.98441962609264,-0.176549741543137,0.0165865526039802,0.0442399104231095,-0.0257188712759477,-0.132201085765123
2510,"long_v3_CCD0.0.25",1.94908575170514,-0.0363082116697115,-0.0103722287113286,0.00446323575714556,0.0182452799014861,-0.0155266726205673
2511,"long_v3_CCD0.0.25",1.98389740461684,-0.181387492021928,-0.013559438847049,-0.00344476944634245,0.0765338734690053,-0.0384141077667787
2512,"long_v3_CCD0.0.25",1.90795345597777,-0.127646855002173,-0.0403400164641542,0.0214084506054524,0.0555038508330267,-0.111808276843491
2513,"long_v3_CCD0.0.25",1.97198310125386,-0.108136790259228,-0.0127387817280385,-0.0365973751649841,-0.0180869312035941,-0.0631662742093096
2514,"long_v3_CCD0.0.25",1.99197519770455,-0.131360485068448,0.113795697344232,0.099170853898263,0.0488506230407054,-0.133960923897209
2515,"long_v3_CCD0.0.25",1.99674627740069,-0.145274447108609,-0.00990256155673791,0.0399165215776709,-0.0176548683698314,-0.142618159410639
2516,"long_v3_CCD0.0.25",2.04939978237062,-0.0970506818514352,0.00113608231812265,-0.100163433127009,0.0275335186004378,-0.0494421249847553
2517,"long_v3_CCD0.0.25",1.88454410797959,-0.160944341587208,-0.0108900586885652,0.0495034515537915,0.0297047357929975,-0.0935461640970592
2518,"long_v3_CCD0.0.25",1.92735713012184,-0.165800875036987,-0.100175423971281,-0.0103229215122001,0.0330845916365741,-0.0451601135843688
2519,"long_v3_CCD0.0.25",1.94827819280623,-0.109508562569457,0.0710343037032225,0.0267563206856975,0.0747916264527301,-0.0959828428939443
2520,"long_v3_CCD0.0.25",1.96169328297377,-0.0121872483600039,0.0357384153053302,0.0374472460013528,0.0869133917377878,-0.025293628827002
2521,"long_v3_CCD0.0.25",1.99816201207367,-0.10973225314036,0.0524439095383925,0.0309856697392407,-0.0211949324840796,-0.0736867697567902
2522,"long_v3_CCD0.0.25",1.95791539756988,-0.225945535588274,-0.0126564851454262,0.00423264069220817,-0.0042062042506699,-0.0963490821231421
2523,"long_v3_CCD0.0.25",1.77980219717031,-0.172494919440864,0.000990436501196626,0.0322673271832585,0.000511155638799443,-0.133707578505804
2524,"long_v3_CCD0.0.25",1.90913423787892,-0.0920785773207232,0.0806039505168618,0.0351121066714336,0.00151688186907057,-0.12537797184908
2525,"long_v3_CCD0.0.25",1.88879029072711,-0.145183086994912,-0.0413485929472395,-0.0142116461478057,0.0471196810394968,-0.0458769406302843
2526,"long_v3_CCD0.0.25",1.92668091335558,-0.0386446419192987,0.116104944199243,0.0113282655041498,-0.018596436750939,-0.0887717320342274
2527,"long_v3_CCD0.0.25",1.93345728258509,-0.110406843538679,0.0279650894036939,-0.0369243264387346,0.0694902136594304,-0.038021417016095
2528,"long_v3_CCD0.0.25",1.98756214575654,-0.0557904408592886,0.0467092929550924,0.125106835412489,0.0780429141456187,-0.165131176833561
2529,"long_v3_CCD0.0.25",1.85450923834918,-0.207339497994329,-0.0741953677690169,-0.026199016049878,0.0207714122475866,-0.112626285781357
2530,"long_v3_CCD0.0.25",1.9631095759875,-0.181310183911932,0.0325327220070514,0.0370628789338624,0.0539514758889101,-0.134393993719454
2531,"long_v3_CCD0.0.25",1.91504958282675,-0.0528764932417164,0.04006024628806,0.00252320422596937,-0.0158646713465416,-0.0838577975886477
2532,"long_v3_CCD0.0.25",1.91027473215161,-0.229287724301001,-0.0763764911674304,0.0203510701634478,0.0372561340779417,-0.0702953608543384
2533,"long_v3_CCD0.0.25",1.88934576896718,-0.0972129511374992,0.0522744709270808,0.0348840666090928,-0.0524696881387372,-0.145183314057758
2534,"long_v3_CCD0.0.25",1.87754583959792,-0.131235979523858,-0.00392645863157436,-0.0184640815095717,0.0217170587257197,-0.0704889225148869
2535,"long_v3_CCD0.0.25",1.85344639734365,-0.0933398596182722,-0.0326981678602154,0.038398914589467,-0.0314811493901004,-0.0727463326752095
2536,"long_v3_CCD0.0.25",1.96666605948504,-0.068235551242747,0.0523548101819127,0.0443417427437248,-0.0459035903751735,-0.136219758165066
2537,"long_v3_CCD0.0.25",1.92793956400054,-0.279797080608385,-0.106911502546378,0.0469496491634533,0.0114978070634697,-0.0691488882588384
2538,"long_v3_CCD0.0.25",2.07896398386114,-0.161789093876041,-0.0159538032913323,0.057667390697123,-0.00493744339098539,-0.146564233035491
2539,"long_v3_CCD0.0.25",1.95097170126161,-0.204487978049082,-0.0768555158752484,-0.0304112153226505,0.0240374803060879,-0.0739228152209815
2540,"long_v3_CCD0.0.25",1.99585271326395,-0.129633077853761,-0.0234693146673661,-0.00064377777489547,-0.0618491377650953,-0.184483433735065
2541,"long_v3_CCD0.0.25",1.96965132229976,-0.13624942721605,0.0386161013104937,0.0213901303043617,0.037077774149583,-0.165481707313341
2542,"long_v3_CCD0.0.25",2.05035310188913,-0.175130792056561,-0.0600335569242557,0.049042736848917,-0.014822165246642,-0.0719069432351528
2543,"long_v3_CCD0.0.25",1.79574586281798,-0.128916247910112,0.0587451346352229,-0.0149884219010478,0.0183278940111023,-0.0231677452659221
2544,"long_v3_CCD0.0.25",1.80785618684005,-0.121423070057788,0.0508491510375089,0.0154063434654095,-0.036749082884631,-0.0811071567301548
2545,"long_v3_CCD0.0.25",1.82917137224393,-0.204001781593656,-0.0543895878290545,0.00436959862262755,-0.0128152591659241,-0.134107787204592
2546,"long_v3_CCD0.0.25",1.83463677412493,-0.075022257812907,0.0247401767805097,-0.0693238329693278,0.0474637220947584,0.0367881483262448
2547,"long_v3_CCD0.0.25",2.09246648845014,-0.0697901076202928,0.0255431118082019,0.0104307976465371,0.024310150739396,-0.105700522027814
2548,"long_v3_CCD0.0.25",1.93751593089052,-0.30937105152473,-0.109855325972778,0.0362098750261676,-0.00375045423226574,-0.0127963604404641
2549,"long_v3_CCD0.0.25",1.92821315633739,0.00607643654248102,0.0819551374869248,0.021328556577918,-0.0151651231582647,-0.102119303138052
2550,"long_v3_CCD0.0.25",2.02129049111299,-0.255035739786256,-0.0690242006591916,0.0238044911018491,0.0428375826605873,-0.125621891095285
2551,"long_v3_CCD0.0.25",2.01499690116988,-0.223454419039741,-0.128689194026186,0.00334999674198517,-0.0196446640178225,-0.119594291127153
2552,"long_v3_CCD0.0.25",1.90573605308581,-0.172063318717176,-0.0217645549796752,-0.0160053140427658,0.0320568939146005,-0.067793705108974
2553,"long_v3_CCD0.0.25",1.91898043485051,-0.11242891390061,-0.0634332464949235,0.00922154929997372,0.0316187120361853,-0.0768673309312068
2554,"long_v3_CCD0.0.25",1.92068039344551,-0.0556033974703862,0.0940786167414803,0.0413923176601728,0.0379316921757718,-0.127227499018635
2555,"long_v3_CCD0.0.25",1.76963373887075,-0.127620068644777,-0.0596825993420996,0.00929934258075437,-0.0198829277254088,-0.0316012607925225
2556,"long_v3_CCD0.0.25",1.86560622083695,-0.143510271291056,-0.117305796769503,0.0140576922306843,0.0802142838390034,-0.0701953027033262
2557,"long_v3_CCD0.0.25",1.81396917396226,-0.246978041912768,0.0362450916936227,0.00423859322211898,0.0506273725582444,-0.123327555563248
2558,"long_v3_CCD0.0.25",1.9697928457106,-0.218820859310708,0.0455933415964516,0.0144196083342365,0.105444502564426,-0.104236879344162
2559,"long_v3_CCD0.0.25",1.91285537592307,-0.167023161009372,-0.0116148524514146,-0.00532057428858975,-0.0024693226782289,-0.0880235326314576
2560,"long_v3_CCD0.0.25",1.94580923881084,-0.147179685502539,0.0960951475189695,-0.0269540553714294,0.0109666184853862,-0.130904498398597
2561,"long_v3_CCD0.0.25",2.07315535630707,-0.126595870827441,0.018741244398457,0.011740617596981,-0.0143717318861369,-0.10095580154889
2562,"long_v3_CCD0.0.25",2.0096761475222,-0.148369912258607,0.0546625167399169,0.0319585289741385,0.0467165847553799,-0.139451190993783
2563,"long_v3_CCD0.0.25",2.03455372989384,-0.227349926738884,-0.000648957336560313,-0.0135495897185533,0.0593372121115746,-0.127942977555139
2564,"long_v3_CCD0.0.25",1.97007636959425,-0.146294220551028,-0.0221958452092615,0.0641126774579169,0.0201685369759899,-0.136193372794693
2565,"long_v3_CCD0.0.25",1.94085008847783,-0.00832858279893255,0.064619104193128,0.00168867427920106,0.00795805285223687,-0.0426924431538125
2566,"long_v3_CCD0.0.25",1.91666562462844,-0.05446551252681,0.082320934614817,-0.0167418713224999,0.0363097237456685,-0.046079729328078
2567,"long_v3_CCD0.0.25",1.93257125328513,-0.111101644710752,0.0394265184925543,-0.00149223960355383,0.000698302425609077,-0.0716142324267494
2568,"long_v3_CCD0.0.25",2.16695826534008,0.000171926391946669,-0.0957215293800739,-0.0944278478562829,-0.0726339929667138,-0.108633191585796
2569,"long_v3_CCD0.0.25",2.11373239407517,-0.217663842097768,0.018489794072847,0.0275970723341483,0.0054174459123296,-0.14984490750049
2570,"long_v3_CCD0.0.25",1.84330398637637,-0.0363347006564485,0.0459352690519025,-0.0244401963404743,-0.060905650675295,-0.0884806308850403
2571,"long_v3_CCD0.0.25",1.89792162581865,-0.162189659236236,-0.111466070582973,-0.0372533159871394,0.0315678846721608,-0.0700878076476956
2572,"long_v3_CCD0.0.25",1.86854818559532,-0.177235309443778,-0.0407470548527284,0.0286663179651294,-0.0161121092564081,-0.130082102516195
2573,"long_v3_CCD0.0.25",1.91843743725456,-0.170944109766916,-0.0784902096634282,-0.0433211724986842,-0.00252093324362417,-0.0790725262018566
2574,"long_v3_CCD0.0.25",2.02726658156558,-0.2651413505455,-0.0575179876845297,-0.01303853350717,-0.00941683417915236,-0.0898161076891791
2575,"long_v3_CCD0.0.25",1.91567007105439,-0.202913555249392,-0.01486662632286,0.0106252037091915,-0.00648225341513602,-0.13346741063114
2576,"long_v3_CCD0.0.25",1.90102779224793,-0.162276392801692,-0.0755096055805696,-0.0628021195062435,-0.0309525538598467,-0.106584551262259
2577,"long_v3_CCD0.0.25",1.97283644344894,-0.119313937524476,0.0455256323313647,-0.0260904828643412,-0.0760079621968537,-0.106758225031639
2578,"long_v3_CCD0.0.25",2.14319355171624,-0.145580643957516,0.086502284159805,0.0601397750930856,0.0779125146615224,-0.0688668097657412
2579,"long_v3_CCD0.0.25",1.80732509571376,-0.0999914943013252,-0.0765329171033422,0.0365683325004855,0.0389171242826152,-0.0508518591921803
2580,"long_v3_CCD0.0.25",1.86993710795609,-0.141032330927427,0.0161052995749905,0.0196759852229354,0.00122574838991633,-0.0859388839503222
2581,"long_v3_CCD0.0.25",1.88125852228491,-0.108774269222058,0.130632060689165,0.038078020840227,0.0299722240758188,-0.0835935626906627
2582,"long_v3_CCD0.0.25",2.01281346088707,-0.144903831146752,-0.122786200281038,0.0602333003846686,-0.0270635971828434,-0.0419608947881745
2583,"long_v3_CCD0.0.25",2.00433572458498,-0.229885421179021,0.00699564256530067,0.0220552669766695,-0.0150680676458898,-0.0938693319871627
2584,"long_v3_CCD0.0.25",1.94070241951582,-0.0888190856826871,0.0352540796822521,0.0118575008398346,-0.00953392240271017,-0.136071594571544
2585,"long_v3_CCD0.0.25",1.92814308673407,-0.173642065582924,-0.0946031071635374,0.0179752291840124,-0.0050437927780806,-0.0608686470775338
2586,"long_v3_CCD0.0.25",1.96981389572338,-0.110966456931935,0.014049493420239,0.0343464104294234,0.0315521036184721,-0.100639740325109
2587,"long_v3_CCD0.0.25",2.0197213323924,-0.143852388347521,-0.0217118441508121,0.0104712834782394,0.0705246804318897,-0.0930724319575365
2588,"long_v3_CCD0.0.25",2.02215229925784,-0.125382408999057,-0.0492183084978538,0.0467826515230915,0.0127716411152686,-0.103054116935584
2589,"long_v3_CCD0.0.25",1.94034984274741,-0.186846889000343,-0.0152565050506827,-0.0372847601915548,0.0482281539632373,-0.0356961245834272
2590,"long_v3_CCD0.0.25",2.12261018188038,-0.175875569665622,-0.0645545647400851,0.0259633890462752,-0.0209775964568119,-0.102764293648985
2591,"long_v3_CCD0.0.25",1.92481379071934,-0.171371296442629,-0.091277041606869,-0.0114926574107296,-0.0255298588411665,-0.103284226507129
2592,"long_v3_CCD0.0.25",2.09920433796742,-0.00723583656419265,0.148055864157043,0.0530734093150073,-0.0463358769016138,-0.129749705939938
2593,"long_v3_CCD0.0.25",1.90325392658608,-0.106786717622181,-0.117260884717334,0.040993917642541,-0.0183658381336163,-0.0460495765807497
2594,"long_v3_CCD0.0.25",1.97898148829326,-0.164503139533069,-0.0536298724760828,-0.0370965735104884,-0.0167311584227456,-0.11424119182945
2595,"long_v3_CCD0.0.25",1.86339388698194,-0.140763650883981,-0.127016131232738,0.0217526859277885,-0.0384725220666629,-0.0470844045476537
2596,"long_v3_CCD0.0.25",1.84419013675769,-0.109164583906927,0.109151638497997,0.0321867889390763,-0.0228117011519088,-0.122170806894446
2597,"long_v3_CCD0.0.25",1.84800833747576,-0.159474803413087,0.0087929901746484,0.0516106882953796,0.0586065385970674,-0.0930169470844534
2598,"long_v3_CCD0.0.25",2.12294110206565,-0.143282800336798,-0.0211469463514291,-0.0213375396671931,0.00321393335214645,-0.141289923762102
2599,"long_v3_CCD0.0.25",1.91987957980788,-0.145157495182432,0.0561896723400404,0.0193825630917998,-0.0115500491692525,-0.0945960894518478
2600,"long_v3_CCD0.0.25",1.94799850568366,-0.171677004480954,-0.0337423972251225,-0.0187659799660001,0.0321430610817369,-0.0930493223375835
2601,"long_v3_CCD0.0.25",1.98486332648837,-0.231900492065445,-0.0616850674212574,-0.0852252127342615,0.0556415397455229,-0.0764388101661814
2602,"long_v3_CCD0.0.25",2.02708067816818,-0.0637318427105104,-0.0235226354267422,0.00900796952789529,0.0449483768858394,-0.0733145897422492
2603,"long_v3_CCD0.0.25",2.00849798210576,-0.124019053170099,-0.0432718738351452,0.00748561838747488,-0.00802068310891662,-0.128038114876723
2604,"long_v3_CCD0.0.25",1.86097536790906,-0.081881324818281,-0.0314629460912642,-0.0564358577635511,0.0096430372986189,-0.0761860385817189
2605,"long_v3_CCD0.0.25",1.77872194967727,-0.101830977270597,0.0190810256041896,-0.0119100915451487,0.0664417604170496,-0.0397276767248189
2606,"long_v3_CCD0.0.25",1.97346290506274,-0.200938871750257,-0.0292796235132001,0.0133645261721473,-0.00393681672620727,-0.0610703280378516
2607,"long_v3_CCD0.0.25",1.92712256493264,-0.0445334384260762,-0.00607456039197106,0.0249017598761252,0.00169219356083932,-0.129189006162678
2608,"long_v3_CCD0.0.25",1.97929300865724,-0.221332583032444,-0.0645803556187378,0.0093352872734051,0.0530636069242574,-0.0848224217208731
2609,"long_v3_CCD0.0.25",1.81934682819651,-0.0526642608197892,0.0312737023204524,-0.0130262686860151,-0.0117637782704394,-0.059945035591018
2610,"long_v3_CCD0.0.25",2.02913767905595,-0.161695483131291,-0.00365277914892752,0.0336785669564741,0.0225358983634429,-0.00326862997699085
2611,"long_v3_CCD0.0.25",1.91751297920743,-0.169113589762891,0.0939120440379237,0.0296976295313761,0.0444536393367368,-0.0720152484949832
2612,"long_v3_CCD0.0.25",1.99133563299853,-0.104087808942321,-0.0460608252044121,-0.0171245074839941,0.0348527166442505,-0.0140600516419109
2613,"long_v3_CCD0.0.25",1.95164557647498,-0.133582668598018,-0.0119883958029696,-0.019943341748424,0.0253862579260563,-0.0613642969331849
2614,"long_v3_CCD0.0.25",1.85556057333957,-0.0782973878740439,0.0543976108560742,0.00967989104007099,-0.0269530986026834,-0.165890654303902
2615,"long_v3_CCD0.0.25",1.96032113622673,-0.171998289636711,0.0179970574347392,-0.0605592083590758,-0.0187135517125073,-0.122333769497428
2616,"long_v3_CCD0.0.25",1.85725787155394,-0.139906898389684,0.0144458333227883,0.0147228096863114,0.0547371013080629,-0.0856329498959097
2617,"long_v3_CCD0.0.25",1.9357008892278,-0.112165518185095,0.0388269843344292,0.0394538460641405,0.0183122581815464,-0.110992344265469
2618,"long_v3_CCD0.0.25",1.93779543008326,-0.082833593114971,-0.037460466571589,-0.0413525365790835,-0.0610817986949311,-0.101772531488361
2619,"long_v3_CCD0.0.25",1.96792102836694,-0.196232826839087,-0.080824420500616,0.073507813887937,0.0535813411183992,-0.0286533723362354
2620,"long_v3_CCD0.0.25",2.05131334860117,-0.16219484188712,-0.0535640264666229,-0.0200043804324125,-0.0638651749106064,-0.0888378737877664
2621,"long_v3_CCD0.0.25",1.79718442413734,-0.084713821163715,0.0197692392638477,-0.0171054684660052,-0.0106962942532901,-0.109729899289537
2622,"long_v3_CCD0.0.25",1.88866067755895,-0.144016540316967,0.117761629556408,-0.0240099993230162,0.0796614736117493,-0.0523235113324629
2623,"long_v3_CCD0.0.25",1.97161489340279,-0.300389549551173,-0.0385975309899847,-0.0167531649263903,0.0812236628422917,-0.133706767359879
2624,"long_v3_CCD0.0.25",1.77645903216397,-0.192269256867422,-0.121235400838733,0.0454675930513829,0.0220845982541154,-0.0683746919820968
2625,"long_v3_CCD0.0.25",1.96206860416002,-0.106209256897718,-0.081739721691189,-0.0234320545426873,0.0155078510177376,-0.0363698932514478
2626,"long_v3_CCD0.0.25",1.9800912079854,-0.117389547300986,0.00404031124111026,-0.0399738808253605,-0.034244443770175,-0.081692318074108
2627,"long_v3_CCD0.0.25",1.94893118701072,-0.152224021588648,0.037930244270298,-0.0286032309049747,0.0155603404602896,-0.110394854273456
2628,"long_v3_CCD0.0.25",1.86206338625096,-0.0812031224884592,-0.0309408405019387,-0.0308918629520332,-0.00464492963893061,-0.0758028495312812
2629,"long_v3_CCD0.0.25",2.00763260686856,-0.0481136416366794,-0.051700942435331,-0.0279217761660224,0.0490919970110333,-0.123472244916149
2630,"long_v3_CCD0.0.25",1.91735556050289,-0.0534799912295488,0.0157319916013302,0.0560188436007035,-0.0263007294902804,0.0427077595424875
2631,"long_v3_CCD0.0.25",1.87381211011156,-0.152067705262231,-0.0501735190300137,-0.00940219832878496,-0.0282423240677247,-0.0389167024422487
2632,"long_v3_CCD0.0.25",2.02184473950318,-0.1139614892559,-0.0636063986984934,0.00157133420302604,0.0087496617740654,-0.122420271355915
2633,"long_v3_CCD0.0.25",1.96784097797815,-0.143395295497742,-0.0029148523793402,-0.0116992592596984,0.0459037653537492,-0.0458089271104574
2634,"long_v3_CCD0.0.25",1.91691051251559,-0.0979954549794496,0.0224509587942367,0.0259745438802611,0.0239033933311158,-0.0840084437649773
2635,"long_v3_CCD0.0.25",1.79808890998227,-0.0549704913912095,-0.0169866514695437,-0.0730505453212922,-0.00528299994762113,-0.0326034698985475
2636,"long_v3_CCD0.0.25",1.7648506977069,-0.0867030653675919,0.0261248427048754,-0.0178613749270195,0.0297745283958157,-0.0225854867446943
2637,"long_v3_CCD0.0.25",1.99353357295226,-0.13513442277616,-0.017553981405582,-0.0238914202818496,0.0595438729896215,-0.098014825662179
2638,"long_v3_CCD0.0.25",1.98603967653957,-0.0407504057397631,0.161065909982049,0.0809647951831827,-0.0130459255943424,-0.0953026143350495
2639,"long_v3_CCD0.0.25",1.80584701182039,-0.187434998916515,-0.102459072705836,-0.00697612762652483,-0.00139601250299137,-0.101558588225477
2640,"long_v3_CCD0.0.25",1.92535584379945,-0.112357862322775,0.168008765701582,-0.0167940104948694,0.105600186589389,-0.019720611144885
2641,"long_v3_CCD0.0.25",1.98596062128349,-0.269043002526965,0.0794042057143893,0.0111593752449689,0.0534517524862262,-0.140270904683997
2642,"long_v3_CCD0.0.25",2.00098615908145,-0.143161256546095,-0.0223819477373076,0.0723273390741669,0.00524064566351561,-0.147057931804418
2643,"long_v3_CCD0.0.25",1.99310372988257,-0.19383440808791,0.0749908075374133,0.0786577692810495,0.0315298248749856,-0.129427963889886
2644,"long_v3_CCD0.0.25",1.71147630694509,-0.195376430203566,0.0143714122836294,0.00102616734156578,-0.0411484783419013,-0.0136979352957554
2645,"long_v3_CCD0.0.25",1.86785621809662,-0.10289645965862,0.0308266082719484,0.00286897899450268,0.0730941933563752,-0.067692844981311
2646,"long_v3_CCD0.0.25",1.8123018662753,-0.138448741471767,-0.0436228747272371,0.0100173332369811,-0.0162390040635835,-0.0467318026449197
2647,"long_v3_CCD0.0.25",1.9080189845942,-0.196481692047456,0.0388496938403376,-0.0354238584280526,0.038843057049269,-0.104317251805152
2648,"long_v3_CCD0.0.25",2.06035967119513,0.000139147162150713,0.103044141321943,-0.0272761420913615,0.0372693693044017,-0.0298555742719696
2649,"long_v3_CCD0.0.25",1.85709647453262,-0.0398946090488559,0.0315427618779983,0.0213528731687955,9.13576523674763e-05,-0.0742309527699188
2650,"long_v3_CCD0.0.25",1.84988367075666,-0.0896160239751915,-0.0613528333277722,0.0354786060739934,0.00747593066866116,-0.0013079613843923
2651,"long_v3_CCD0.0.25",1.95835008572737,-0.286306121995079,-0.0237267438943765,0.0259317482440445,0.0411073341328712,-0.138192866599878
2652,"long_v3_CCD0.0.25",2.00011165413117,-0.192470192696786,-0.0500542907066696,0.0312578848420224,0.0413019210959746,-0.0844756189418688
2653,"long_v3_CCD0.0.25",2.1582238046687,-0.107134738933942,0.0628628255477262,-0.0280519685535423,-0.0108950378612727,-0.100320681700726
2654,"long_v3_CCD0.0.25",1.95897944674873,-0.239393807777065,-0.0862358365074427,0.0202133409475049,0.036036022243879,-0.0931962368432379
2655,"long_v3_CCD0.0.25",1.96766376916028,-0.223641628620835,0.00771593073276519,0.0163014717969167,0.00125708528485067,-0.118815664123484
2656,"long_v3_CCD0.0.25",2.02760185265687,-0.0625750972433167,0.00273754272680781,0.00168919833073399,0.020487218709505,-0.108011993697167
2657,"long_v3_CCD0.0.25",1.78241851704986,-0.213988757639615,-0.0420120791047685,0.0163651864269077,0.0726481964558914,-0.092375691382164
2658,"long_v3_CCD0.0.25",1.87873702925094,-0.121928454467695,0.043298281717462,0.033602922630029,0.0124066449074567,-0.0727285623596418
2659,"long_v3_CCD0.0.25",1.93125356905911,-0.138399556866713,-0.0600780777935176,-0.0231721043523398,0.0784558393626963,-0.0173512203382974
2660,"long_v3_CCD0.0.25",1.9935210092283,-0.108660103269688,-0.0734991987212352,-0.00454754379576966,0.0311969614502385,-0.0309144774786541
2661,"long_v3_CCD0.0.25",1.88656667271221,-0.22283632249651,-0.0171752782485399,0.0248059763660782,0.0620893053333925,-0.016229029586317
2662,"long_v3_CCD0.0.25",2.03091084686965,-0.0920899886610136,0.0436793200584812,0.0593229257389023,0.0161037783343774,-0.11719152532094
2663,"long_v3_CCD0.0.25",1.86852012411369,-0.0269658801408511,0.136657426205544,0.0504051895879022,0.0131973555107924,-0.128937086599281
2664,"long_v3_CCD0.0.25",1.77312705826258,-0.0916951894105034,0.0181910215329537,0.0130463875669867,0.0585376974657705,-0.0230984398998657
2665,"long_v3_CCD0.0.25",2.00900001837061,-0.139768442278498,0.0531417958189604,0.0242331476004564,-0.0235903146818804,-0.139116284179476
2666,"long_v3_CCD0.0.25",1.96213705605628,-0.207355453768276,0.0721689490173748,-0.0155063154802232,0.0702976701858559,-0.0658882773817021
2667,"long_v3_CCD0.0.25",1.8528710732772,0.130069459249387,0.147503053301008,0.00946258319015571,-0.00125589855953028,-0.00218383237451358
2668,"long_v3_CCD0.0.25",1.99185696212254,-0.148272021601691,0.0141225949130182,0.0328804961475135,0.0624968982430919,-0.0523559694088296
2669,"long_v3_CCD0.0.25",1.9268044064693,-0.166880699560815,-0.0319647161881327,-0.0412286031001553,-0.0167087356090508,-0.0760355546304396
2670,"long_v3_CCD0.0.25",1.84996574880065,0.00499716302909382,0.0252332453065759,0.0148346049549755,0.0713391208672262,-0.115784138571814
2671,"long_v3_CCD0.0.25",2.11388742757545,-0.00564263826354823,0.0897110411135782,0.0326847204043957,0.0777646987537886,-0.122036590701654
2672,"long_v3_CCD0.0.25",1.83979373291765,-0.119186931707473,0.00102373916134097,-0.0524885430946052,-0.019654395677288,-0.114547506262061
2673,"long_v3_CCD0.0.25",1.89688371963533,-0.141024637328298,-0.0666338759871037,0.00742684718644589,0.0463079704936799,-0.0413625386828675
2674,"long_v3_CCD0.0.25",2.04861862241874,-0.188606032982625,0.0105482446380415,0.0206804106042426,0.0431996157483537,-0.110760780079488
2675,"long_v3_CCD0.0.25",1.85014486417777,-0.122926724217459,0.0545975251555575,0.0225577458261801,-0.0264172300804759,-0.073045489668338
2676,"long_v3_CCD0.0.25",1.97465095432919,-0.105227750008769,-0.025167717643609,-0.0338054069950133,0.0268393697957659,-0.0945515111667638
2677,"long_v3_CCD0.0.25",1.92099072533577,-0.115820654618899,0.00612672061375571,0.00310221909185561,0.0516248502287094,-0.0870916660897487
2678,"long_v3_CCD0.0.25",1.73940886357923,-0.240673229964009,-0.118145445307811,0.000574005845456601,0.0173439479375085,-0.0230314846630383
2679,"long_v3_CCD0.0.25",1.9568310514225,-0.19241495792084,0.00738735616057688,0.0187863408453871,0.0338001717256462,-0.0843928224874319
2680,"long_v3_CCD0.0.25",1.76371788998126,-0.110144245902902,0.0794387426846548,-0.0154392287124905,0.0121359110875,-0.140804791107322
2681,"long_v3_CCD0.0.25",1.90657221950097,-0.0929935406947197,0.0687896023687303,0.0328809912438145,0.0890949972232511,-0.117076040982671
2682,"long_v3_CCD0.0.25",1.94906706756547,-0.153729478116344,-0.0337373729803263,0.0224562606116549,0.0189726844435209,-0.0602191457385565
2683,"long_v3_CCD0.0.25",1.84958046557545,-0.108701758292623,0.0014484614054225,-0.00626132865658526,0.0137060741566549,-0.0848072302417462
2684,"long_v3_CCD0.0.25",1.88235685311663,-0.159825180687684,0.00747391249505687,0.00972648139318153,-0.0312335125154297,-0.102964321451052
2685,"long_v3_CCD0.0.25",1.8326748587673,-0.0835814406675912,0.0636883960409565,0.0633021954545196,0.055286492626588,-0.0757127383839672
2686,"long_v3_CCD0.0.25",1.87203442072561,-0.182848167225671,-0.00244625458222076,-0.0130991041053968,0.025782365068681,-0.103714216357687
2687,"long_v3_CCD0.0.25",1.8396005972136,-0.158698634397331,0.0197027254435922,-0.00586952379605269,0.00794801218768731,-0.18007362984484
2688,"long_v3_CCD0.0.25",1.99088112127828,-0.265811525749416,-0.171731506703251,0.0611215008069013,0.124437292390492,-0.108595289290489
2689,"long_v3_CCD0.0.25",2.11206437155921,-0.152672354479505,0.0746369242840554,0.067384908777766,-0.0245988326112731,-0.123330372037612
2690,"long_v3_CCD0.0.25",2.05943108235623,-0.122892284780924,0.101276823788298,0.059259342646283,0.0119300508064643,-0.111733525376386
2691,"long_v3_CCD0.0.25",1.81349893418378,0.0316718926675887,0.0272396745391469,0.0154935939552062,-0.0183694732936794,-0.0886203150750151
2692,"long_v3_CCD0.0.25",1.83064416777598,-0.0915064287927634,0.00648218332749952,0.0216444281592372,0.0088746237045451,0.0474718138169039
2693,"long_v3_CCD0.0.25",1.97315085504043,-0.161030124622682,0.0168513596282996,0.0366459416381259,-0.0239224877540799,-0.0659582482733933
2694,"long_v3_CCD0.0.25",2.17036603479455,-0.149622816003251,-0.0913329334150634,-0.00578015895028798,0.0219395661886063,-0.122294317473109
2695,"long_v3_CCD0.0.25",2.09625915920432,-0.239818600553218,0.00974057619455214,0.0597843339595008,-0.00839204300813272,-0.0632121023437217
2696,"long_v3_CCD0.0.25",1.67997084386098,-0.076471231355616,-0.102399133845411,-0.0772291541244331,0.0347570084854996,-0.021018974663226
2697,"long_v3_CCD0.0.25",2.14944203890268,-0.137759218409138,0.0227817205808733,0.0241318735806449,0.0194648302123977,-0.150383654399603
2698,"long_v3_CCD0.0.25",2.04402557252646,-0.243592022058877,-0.0396545492005815,-0.0163920727917742,-0.00778594570442419,-0.106318100308251
2699,"long_v3_CCD0.0.25",2.00040828544756,-0.188799652513323,0.0426783196538496,-0.0298854055306828,0.0234497568917037,-0.122533631827955
2700,"long_v3_CCD0.0.25",2.18710848931052,-0.0595074421733371,0.0889326102272935,0.0363730724994685,0.0610911355509586,-0.129351964112847
2701,"long_v3_CCD0.0.25",1.97640921826249,0.0381317358152882,0.0819231544373026,0.00584430821288499,-0.0643111806664965,-0.126464025428127
2702,"long_v3_CCD0.0.25",1.9682247020232,-0.0470523109670077,0.0560854439684814,0.0247722815376292,0.0589276951347946,-0.063903278864541
2703,"long_v3_CCD0.0.25",1.96492884202435,-0.136708445831904,0.0476932377640365,0.0202009334281594,-0.0420494403508535,-0.0845160660777772
2704,"long_v3_CCD0.0.25",2.04882439775612,-0.120614572259004,0.0749173986451194,0.0343698721930772,0.0480587161248333,-0.0473153979489992
2705,"long_v3_CCD0.0.25",2.03401457253804,-0.11014674261234,0.146020173471711,0.00617711824330619,0.0181052166037771,-0.108758792639005
2706,"long_v3_CCD0.0.25",1.98562905519257,-0.127700810729235,0.121645764044213,0.0366639172832835,-0.0165009852481531,-0.106333229724599
2707,"long_v3_CCD0.0.25",1.98962892211448,-0.193402597162462,-0.0824274704679396,-0.0265998769114038,0.00157587285737329,-0.0915311039412582
2708,"long_v3_CCD0.0.25",1.91935503906532,-0.057719077655352,0.0238359986012513,-0.0128020739045173,0.0274150763252927,-0.0876243334097872
2709,"long_v3_CCD0.0.25",1.93686867205424,-0.0951399101143322,-0.0151400662854155,0.0149807699095792,-0.0319488522065062,-0.115870185128242
2710,"long_v3_CCD0.0.25",1.99371577455257,-0.0121631249677922,0.0560670285579052,-0.0132203107298393,-0.0282266279969287,-0.0805370258720342
2711,"long_v3_CCD0.0.25",1.88191413681924,-0.147961200955595,-0.0452723379363392,0.0167122909632899,-0.0429275363039733,-0.0774037792746539
2712,"long_v3_CCD0.0.25",1.95639206740449,-0.177154137202036,0.0346589546930563,0.00399037300864878,0.049632719676074,-0.170587165703952
2713,"long_v3_CCD0.0.25",2.07071369188951,-0.176140176811691,0.0283372284318743,0.000796993231199924,0.0490894545581745,-0.11405818739903
2714,"long_v3_CCD0.0.25",2.10556875679179,-0.104669290753236,0.0758034600012232,0.00387142178310712,-0.00166326497525152,-0.180637418324999
2715,"long_v3_CCD0.0.25",1.88047693710257,-0.1770350742478,0.0108028968794879,0.00642532150520102,-0.00596445327625801,-0.0905822134900212
2716,"long_v3_CCD0.0.25",1.87276450119418,-0.159296897389979,0.0714021814002243,0.02751627746344,-0.0112879896538521,-0.0912722057248076
2717,"long_v3_CCD0.0.25",1.94505568359446,-0.100956995822732,0.101018750694413,0.0155473345671226,-0.0339401783238931,0.0011509147738136
2718,"long_v3_CCD0.0.25",1.83228440803259,-0.109453415598765,0.029930841757024,0.06266222875717,0.069403601579649,-0.0811156279414228
2719,"long_v3_CCD0.0.25",1.65188241556672,-0.159760835002814,-0.0414430066598037,0.0197164057339551,0.0582023646850319,-0.0714737433180385
2720,"long_v3_CCD0.0.25",1.98941016809056,-0.19155183960325,0.0563457935068766,0.0245410583250041,0.0232500589278373,-0.0337346487953037
2721,"long_v3_CCD0.0.25",1.92234168333983,-0.208994539176674,-0.0525037335015818,0.0753446970120151,0.0345433162998428,-0.0818974906569692
2722,"long_v3_CCD0.0.25",1.92824300403143,-0.188568016210867,-0.056478339260699,0.033154963530275,-0.00437634848447109,-0.0383500482347024
2723,"long_v3_CCD0.0.25",2.04999602397341,-0.162457201787791,-0.0475966705830208,0.0073157149650286,-0.0081275192086635,-0.122860819012785
2724,"long_v3_CCD0.0.25",1.98164850693149,-0.0277785940918909,0.0434948706581883,0.00751483711700404,0.0560399111262695,-0.086907678363708
2725,"long_v3_CCD0.0.25",1.93954657565338,-0.115173523262675,0.073603466140299,-0.00662943012568861,0.0204408758073223,-0.135448415915675
2726,"long_v3_CCD0.0.25",2.02905906012556,-0.202625966616838,-0.0994788595853175,0.0145307274144391,-0.00706284593355672,-0.192512818187203
2727,"long_v3_CCD0.0.25",1.70418530988878,-0.215608381128742,-0.0856018504068061,0.017233942330818,0.0159305814644005,0.0204117924372003
2728,"long_v3_CCD0.0.25",1.98605011478618,-0.102912419868599,0.0187928389208327,-0.0126969153690728,0.0514194216626448,-0.0915515381324124
2729,"long_v3_CCD0.0.25",1.9820390569416,-0.137214904287217,0.0025630677586537,-0.0233761489251358,-0.0337708672491932,-0.154728024876296
2730,"long_v3_CCD0.0.25",1.89510617320486,-0.137475538148575,0.00270867347836848,0.0278923672985712,0.0415963976317181,-0.0610875707187583
2731,"long_v3_CCD0.0.25",1.87565599772191,-0.176421229912542,0.0194304975023504,0.0355002512421561,0.026300166472894,-0.10617317740976
2732,"long_v3_CCD0.0.25",2.08771319136189,-0.111972024229583,0.061097002996275,0.0503376915047426,-0.0307639240016844,-0.175205460973517
2733,"long_v3_CCD0.0.25",1.90394598394938,-0.189532455722363,0.0144815498883558,0.0412372827497766,0.0302867121737466,-0.0991409478281312
2734,"long_v3_CCD0.0.25",2.03683034805279,-0.177765558294871,-0.128096739513212,0.0161658987622948,-0.040757383065303,-0.113724242617806
2735,"long_v3_CCD0.0.25",1.87473954586929,-0.147629381645674,-0.0271840025656218,0.0502760621936855,0.0566211347016352,-0.0780720715901884
2736,"long_v3_CCD0.0.25",1.94516413416747,-0.125930795647694,0.0574921779247007,0.0834935236774856,0.0688035571436799,0.0261391560955773
2737,"long_v3_CCD0.0.25",2.11097522538166,-0.161532238688404,0.0667977662097251,0.0104039942787023,0.0435629743647242,-0.137302399889155
2738,"long_v3_CCD0.0.25",1.70429648676075,-0.0715100365105715,0.0216850682314969,-0.00675148184430386,0.0428982864660739,-0.0842910457938736
2739,"long_v3_CCD0.0.25",1.91371476308226,-0.172007425790723,0.00212461908461842,-0.0256098122363061,0.081058420638505,-0.0853229595061382
2740,"long_v3_CCD0.0.25",1.95980208292964,-0.164030511924571,-0.00337616552340098,-0.0263332985905966,0.0276569394962744,-0.132941864234308
2741,"long_v3_CCD0.0.25",2.13697574656897,-0.0745304283635492,0.0284186954269535,0.0318199800268622,0.0403982518328196,-0.0444160035173827
2742,"long_v3_CCD0.0.25",1.92204963856406,-0.127667993990298,0.0608071461166703,-0.035820405213626,-0.0144855922772356,-0.134682437671616
2743,"long_v3_CCD0.0.25",1.8631838512606,-0.250052282745861,-0.0771732113861785,0.0246057834798367,-0.00596102821705371,-0.138205191685245
2744,"long_v3_CCD0.0.25",1.98239083787596,-0.149194793649623,0.00292028981255785,0.00223666310202241,0.00355620173308148,0.0157417588688575
2745,"long_v3_CCD0.0.25",2.01864468270762,-0.028079363137502,0.0996896707633508,-0.00876254468706527,0.0107121924848968,-0.0959235707246626
2746,"long_v3_CCD0.0.25",1.77948433346102,-0.0347344951420174,0.0998066710934283,0.0568651880252887,0.0912561875774307,-0.0732894643769487
2747,"long_v3_CCD0.0.25",1.82836786450198,-0.0512248448504357,0.0431726070487526,0.00269331746914148,0.0915602711930337,-0.0440054239232915
2748,"long_v3_CCD0.0.25",1.80187148118664,-0.109371075392191,-0.0242002370635077,0.0269252042916183,0.00316376100623145,-0.0363358664187433
2749,"long_v3_CCD0.0.25",1.9345830603666,-0.156338005950981,0.0322676363264179,-0.0389512441714402,0.0398372763141618,-0.0866320904470836
2750,"long_v3_CCD0.0.25",1.82524535433613,-0.0494035812217345,0.0556875704534397,-0.0175683391676636,0.0244200794034849,-0.144927616045564
2751,"long_v3_CCD0.0.25",1.90181340003679,-0.117198568666141,-0.030934574980893,0.0105647088874571,0.0290021327430728,-0.110710505220842
2752,"long_v3_CCD0.0.25",1.78851068652969,-0.110173935186854,-0.138357115796744,0.0239360779302593,0.0228949132896487,0.0200915167277214
2753,"long_v3_CCD0.0.25",1.97408493005034,-0.194833486996404,-0.0403368090983329,0.0101699159985897,-0.0722746897572343,-0.0845585842594249
2754,"long_v3_CCD0.0.25",1.96165399631494,-0.146584944137334,0.0159104050512497,0.00211020523308517,0.0016817122005297,-0.0932457141997467
2755,"long_v3_CCD0.0.25",1.87298307214701,-0.0299558149563762,0.0114722477363227,0.00523915898940272,0.00926872787434739,-0.123154627330295
2756,"long_v3_CCD0.0.25",1.94900033747402,-0.197075547124317,-0.0486603066429205,0.0262669515194065,-0.00303907571050918,-0.0869576268180442
2757,"long_v3_CCD0.0.25",1.90836690270308,-0.157337353673104,-0.0167746502171505,0.0403924176270286,0.0479913006319353,-0.109686123535003
2758,"long_v3_CCD0.0.25",1.94133696820396,-0.1332964098041,-0.0413220280699332,-0.02040827921685,-0.00452733854265229,-0.0472251274338154
2759,"long_v3_CCD0.0.25",1.88890425903091,-0.237835905680468,0.000931771436185993,0.0366314533950414,0.000705716729806471,-0.0621379177382663
2760,"long_v3_CCD0.0.25",2.08153360606631,-0.0896281864694254,0.0673580794773886,-0.0353465359193538,0.0835294934383516,-0.0826581069562232
2761,"long_v3_CCD0.0.25",1.68448568938854,-0.0714608889062898,-0.0514642799013775,-0.00854909755252731,0.0205685354686615,0.0363017850517251
2762,"long_v3_CCD0.0.25",1.91387379097741,-0.185008416022289,0.0331407381946944,-0.0212881852066137,0.00467059979898296,-0.0887673465740346
2763,"long_v3_CCD0.0.25",1.99079077053122,-0.102418067950113,-0.0245562828086851,0.0185745723522427,0.0509397869846347,-0.103158167128357
2764,"long_v3_CCD0.0.25",2.04903706002212,-0.0378810419335193,0.12301491897489,0.0184077134818871,0.0856452665372377,-0.147962454699914
2765,"long_v3_CCD0.0.25",2.05690006938299,-0.171975481751294,0.00685978605882132,-0.00623760555208293,0.0343163902170558,-0.134010824789554
2766,"long_v3_CCD0.0.25",1.88214262011802,-0.0883270187628253,-0.0217457004931612,0.0119821574702472,-0.0321417054011748,-0.0733628967474805
2767,"long_v3_CCD0.0.25",1.92052652300567,-0.204329783742002,-0.0840522182005489,0.017878980270614,0.0655257040115259,-0.0907683759727789
2768,"long_v3_CCD0.0.25",1.81908620208519,-0.0198567849892017,-0.0177767577752583,0.020099172018754,-0.0165141505778346,-0.0591180847543454
2769,"long_v3_CCD0.0.25",1.83143757437799,-0.042602002715218,0.0559656573303545,0.00608912986123187,-0.0131878101354486,-0.0681245385475486
2770,"long_v3_CCD0.0.25",1.86475687831944,-0.019765694252315,0.11965537724237,0.0170593968471732,0.0231230948010421,-0.0155988384996977
2771,"long_v3_CCD0.0.25",1.89739779280583,-0.260445858556611,-0.0534272187907904,-0.0149303510952427,-0.00591892601417315,-0.148523733509235
2772,"long_v3_CCD0.0.25",1.85194719240299,-0.12844742985713,-0.0256946948454411,0.0271091865005681,0.00106404712315595,-0.0588522276865517
2773,"long_v3_CCD0.0.25",1.92515169854829,-0.168600415305203,0.0410225113844478,0.0120267567231889,0.0854054191794101,0.0510620673614369
2774,"long_v3_CCD0.0.25",2.04419154920223,0.00907501219834419,0.129503762275273,0.00170757987315082,0.0903539876970119,-0.0769099234370762
2775,"long_v3_CCD0.0.25",1.91195667824056,-0.106321191344109,-0.031455171640972,0.00936161410441341,0.0376540194210665,-0.100517081483101
2776,"long_v3_CCD0.0.25",2.0070700551697,-0.210441465643409,-0.0587923607390811,-0.0127673725413002,-0.0480780683590981,-0.193201217479923
2777,"long_v3_CCD0.0.25",1.88175655977296,-0.0827872552336777,0.0997854785887264,0.00720099281600697,0.0284585970238678,-0.0814780037459953
2778,"long_v3_CCD0.0.25",1.96022462482739,-0.101868477346021,-0.0674310421872051,-0.00400991645662942,-0.0103809767574928,-0.0938930515875272
2779,"long_v3_CCD0.0.25",1.94575198380238,-0.172495095859951,-0.0521686774183176,0.00631040878781402,0.0378000029184281,-0.0859257153943423
2780,"long_v3_CCD0.0.25",1.90039714796659,-0.222741263536698,-0.0112667113431722,-0.0185487884808599,-0.00279134818025579,-0.0380357293178449
2781,"long_v3_CCD0.0.25",1.86835926414617,-0.0828616684015996,0.00768316777947162,0.00923230525859341,0.0312453493751354,-0.0685910463861256
2782,"long_v3_CCD0.0.25",2.14069903942018,-0.1793633533581,0.0552228528015204,0.0219843935023038,0.00917270525772301,-0.162449673907407
2783,"long_v3_CCD0.0.25",1.85520736594828,-0.0552902040246413,-0.012031998115041,0.0140684393859999,-0.00972047148397787,-0.182113811216587
2784,"long_v3_CCD0.0.25",1.7930333805986,-0.168224279757363,-0.0669464554769956,0.0220404167773262,0.0320394782154425,-0.0619930951162497
2785,"long_v3_CCD0.0.25",1.98508096080983,-0.129531216930446,-0.00784753141054375,0.0089300514757773,0.00110020072560402,-0.118725314381038
2786,"long_v3_CCD0.0.25",1.87137894423601,-0.16956463089495,-0.0447072507027425,-0.0212217004591353,-0.0246598167443175,-0.0772318629271973
2787,"long_v3_CCD0.0.25",1.94011904856653,-0.112104713474068,-0.0290775348494483,0.034168565114308,0.0575791864187726,-0.0623117711204137
2788,"long_v3_CCD0.0.25",1.94032954412602,-0.150235759482629,0.0209158810328282,0.08545040728392,0.0147211966362764,-0.252701571895258
2789,"long_v3_CCD0.0.25",1.80285600214246,-0.0241516270773039,0.0876999121339049,-0.0157684138600468,0.00376114670218322,-0.10479560505864
2790,"long_v3_CCD0.0.25",1.92751512250741,-0.109553812132697,0.113424109135056,0.00204779459963531,0.00292725544447876,-0.0468953606641393
2791,"long_v3_CCD0.0.25",1.92992951778022,-0.112944572836946,-0.0960117165229578,0.00274055497468508,0.0215942984575529,-0.029798401841135
2792,"long_v3_CCD0.0.25",1.84298218759303,-0.0890472740771899,-0.110988111910842,-0.00179113656610288,-0.0174347985378953,0.00748586551321297
2793,"long_v3_CCD0.0.25",1.93601417946033,-0.0647938631970641,0.0307695295760269,-0.00354489880134391,-0.0326949256432375,-0.121881759403312
2794,"long_v3_CCD0.0.25",2.02547912624817,-0.21444171697818,-0.00188819410530353,0.00292821844567476,0.0797498328519205,-0.0568747143515247
2795,"long_v3_CCD0.0.25",1.92315856676743,-0.178566713024148,-0.0990479108693252,-0.0196070097774918,0.00325823532339099,-0.133993615391898
2796,"long_v3_CCD0.0.25",2.01190310852446,-0.0413957127156477,0.0133959997632306,0.0142259037227812,0.0199154310492118,-0.075854963450443
2797,"long_v3_CCD0.0.25",1.91345882549889,-0.146842959306371,0.0810397530180863,0.0397581942343322,0.0607433467582795,-0.160118596864698
2798,"long_v3_CCD0.0.25",1.7894391851923,-0.193479122559337,-0.0190432371458315,0.0246897660138193,-0.0126297761562519,-0.0849545769168124
2799,"long_v3_CCD0.0.25",2.01862300789262,-0.134307648734976,0.0709426538708724,0.0625868277380493,0.0590560969811821,-0.0396040304589469
2800,"long_v3_CCD0.0.25",1.92103277985414,-0.0916625898201777,0.0761897168977073,-0.0111584146199132,-0.0133058439317596,-0.184212060232877
2801,"long_v3_CCD0.0.25",1.85908766480625,-0.193444708364058,-0.0230404844067025,0.0218141913327543,0.0533797077147852,-0.0645855771926736
2802,"long_v3_CCD0.0.25",1.87763217925259,-0.193511333729445,-0.0474796807995779,-0.022885944363504,0.0202762620979341,-0.0590232587934529
2803,"long_v3_CCD0.0.25",1.84930437206495,-0.0961111791774167,0.0805126517676519,0.0290780864170195,0.0642689899426994,-0.0840556999059866
2804,"long_v3_CCD0.0.25",2.05220841578656,-0.13663997796981,-0.0351162155953526,0.0142851199629159,-0.0105139904416263,-0.116974446989402
2805,"long_v3_CCD0.0.25",1.92265553823896,-0.141839024257325,-0.0306998474582702,0.0790057509186672,0.0157025359836335,-0.0421626691231042
2806,"long_v3_CCD0.0.25",2.02671118407416,-0.113502162142103,0.0660877586150817,0.0368244901907913,0.012601947842049,-0.0443582787541465
2807,"long_v3_CCD0.0.25",2.01696034744027,-0.0797817047095048,0.053579068881348,0.029742421015815,-0.0198562918764994,-0.126575653759549
2808,"long_v3_CCD0.0.25",1.86743394368019,-0.0395689210037899,0.103740397459001,-0.0482236228717606,-0.00104298469146819,-0.086520757929732
2809,"long_v3_CCD0.0.25",2.03473541609487,-0.259174862945706,-0.0627082051230006,0.04794474125178,0.00945261988234017,-0.174792225849451
2810,"long_v3_CCD0.0.25",1.96010175471799,-0.228187862459548,0.0553812246791558,0.00329848565656394,0.0330953846373349,-0.162836556493315
2811,"long_v3_CCD0.0.25",1.89219333350783,-0.147989584663684,0.00209275882796084,0.0159481797337141,-0.0035147192680781,-0.0957973049484823
2812,"long_v3_CCD0.0.25",2.04267106115441,-0.132685052843134,-0.0200970745352671,0.0257042920625001,0.0271969438642429,-0.12240892476882
2813,"long_v3_CCD0.0.25",1.95844158528182,-0.183345590105357,-0.0727408295661595,0.0190139920373704,-0.0200884003520968,-0.0767830593461641
2814,"long_v3_CCD0.0.25",2.03262020654589,-0.177735622639775,0.0635359769031541,-0.0471926520121671,0.0978014428801482,-0.0269778637134883
2815,"long_v3_CCD0.0.25",1.84508782104679,-0.0973104773452236,0.0455070728745236,0.0236677916700623,0.0336785942178342,-0.0538684669335332
2816,"long_v3_CCD0.0.25",2.05557289263911,-0.109007253663739,-0.0210374148644528,-0.0249057019099387,0.0189127526861453,-0.0837170406207644
2817,"long_v3_CCD0.0.25",2.00150812065794,-0.114050991835797,0.102426985012682,0.0350805228553111,0.021096933085919,-0.106762772527213
2818,"long_v3_CCD0.0.25",1.82273349967675,-0.0279349188737293,0.00843175497424648,-0.0166770046507442,-0.0130379784019867,-0.0373111641569728
2819,"long_v3_CCD0.0.25",1.81676742724363,-0.237361709475866,-0.0616535969832048,-0.0572656310034347,0.0380734496028703,-0.0626316814146535
2820,"long_v3_CCD0.0.25",1.98371255073416,-0.190416101261269,0.0760150900840775,0.0732745596856753,0.0243820719036518,-0.103528496123435
2821,"long_v3_CCD0.0.25",1.90769141679599,-0.170819528132431,0.00696071310753236,0.0338933031445449,-0.0194821767654583,-0.085363922393158
2822,"long_v3_CCD0.0.25",1.89557369119122,-0.131876609267701,-0.0234027532415102,0.0201369552642695,-0.0142360472209744,-0.0831492011472376
2823,"long_v3_CCD0.0.25",2.01006902197936,-0.188611431581247,0.0466714933070129,0.00440837016766089,-0.0199536173226855,-0.195703145758489
2824,"long_v3_CCD0.0.25",2.00829593611938,-0.243801586445629,-0.0638129256281179,0.00659907690964729,-0.00691521054178011,-0.155431881897472
2825,"long_v3_CCD0.0.25",2.01292081120782,-0.113804840048333,0.0852477547029305,0.0356972441168645,0.0242152805978087,-0.129643228080961
2826,"long_v3_CCD0.0.25",1.93778042189065,-0.0713465043789515,-0.0589783184636381,-0.0859826505347433,-0.0136122717204145,-0.065500258273999
2827,"long_v3_CCD0.0.25",1.95763537649154,-0.143361410201991,0.0254323552269062,-0.0568007025145495,-0.0629023359319105,-0.109130101056192
2828,"long_v3_CCD0.0.25",1.75114981780459,-0.191182086628134,-0.015301403503172,-0.0494322745124513,-0.0037867231180966,-0.0651817115176105
2829,"long_v3_CCD0.0.25",2.00944333284885,-0.0976164709499479,-0.0104292768525223,0.0239871279331172,-0.00054746472377314,-0.0714895037336594
2830,"long_v3_CCD0.0.25",1.96031419753014,-0.23658851302233,-0.115468211567814,0.00805725638797977,0.0518313474148782,-0.016582683998855
2831,"long_v3_CCD0.0.25",1.89913272799512,-0.200973525831098,0.0723800575813678,0.0224326301422521,0.00645792662533448,0.0122061212481294
2832,"long_v3_CCD0.0.25",1.93579152569249,-0.167431515923449,-0.0191320516621833,0.0102424297826737,0.0316565284816136,-0.153127495231053
2833,"long_v3_CCD0.0.25",2.04794745500199,-0.181207211466094,-0.020118304948082,-0.0724264671493758,0.0118315253489035,-0.0562317665482219
2834,"long_v3_CCD0.0.25",1.94093801533306,-0.234146027160001,0.00813548769083849,0.00376474934753667,0.0807015290305868,-0.0935543430205141
2835,"long_v3_CCD0.0.25",1.97249801215188,-0.183720226421109,0.0181302545442359,-0.040582164985025,0.116557475618636,-0.0737656776295042
2836,"long_v3_CCD0.0.25",1.75986527314409,-0.0606363220327935,-0.00918334973426137,-0.0208841865364313,-0.0438239539093005,-0.0378705347891209
2837,"long_v3_CCD0.0.25",1.75770344487436,-0.0611608650607997,-0.0153795241518484,0.0144894744060586,0.035759958315707,-0.0603218684596555
2838,"long_v3_CCD0.0.25",1.96194153074321,-0.138668977990433,0.0714098626243612,0.0348720213347066,0.0287100223926112,-0.0933062103990094
2839,"long_v3_CCD0.0.25",2.0343135967283,0.0350215264973852,-0.0340979859028725,0.023830182820663,0.0178216861326266,-0.0858772700258049
2840,"long_v3_CCD0.0.25",1.98018577554177,-0.205498383016228,-0.00625885294229401,0.014282265823839,0.026179489249593,-0.0991961671915773
2841,"long_v3_CCD0.0.25",1.99533033010331,-0.0488439859092751,0.0812675875421085,0.0220654806291898,-0.0464433681306488,-0.09829663748251
2842,"long_v3_CCD0.0.25",1.882930940915,-0.1558157018615,0.0462548476482809,0.0094396284689015,-0.0415100477692946,-0.0880388250185704
2843,"long_v3_CCD0.0.25",2.0706602367177,-0.0685829469387553,0.104787167782125,-0.00628624821164452,-0.00502192528593374,-0.0706441849051005
2844,"long_v3_CCD0.0.25",1.84967791784811,-0.133677343083865,-0.128324450466443,0.0205121994577028,0.0267674828464247,-0.0322257212431375
2845,"long_v3_CCD0.0.25",1.9411140024458,-0.106673324846224,0.00867165817635349,0.0346067377051112,0.00390706077012614,-0.106580969886041
2846,"long_v3_CCD0.0.25",1.9284853893466,-0.166286681102314,-0.0665992331408508,0.0456193379572341,0.0321122159197542,-0.224182432994863
2847,"long_v3_CCD0.0.25",1.9459643609396,-0.178509489198388,-0.00575863837729897,-0.0121383271072531,0.00501333185222374,-0.0619482137896578
2848,"long_v3_CCD0.0.25",1.97925885250181,-0.157119633385864,-0.0293484013770836,-0.0307398539023492,0.00205390841832263,-0.0623022558305358
2849,"long_v3_CCD0.0.25",1.86411750909454,-0.12818783950138,0.0705725819617223,-0.00520406062649533,0.0437625301946193,-0.136750937887054
2850,"long_v3_CCD0.0.25",1.99267852443956,-0.17983221988926,0.0348191062625203,-0.0057087222313826,0.0110848773029992,-0.0897578835756647
2851,"long_v3_CCD0.0.25",2.02755087172032,-0.0516552264056314,0.0911887317706021,0.0249212833897738,-0.018284874869078,-0.0929101358349009
2852,"long_v3_CCD0.0.25",1.73385323296914,-0.143142450984575,-0.0207602113522258,0.0111133365888803,-0.0425219339903817,-0.0773700142721024
2853,"long_v3_CCD0.0.25",1.79582049893411,-0.105273527029645,0.00861402531797644,0.027348643556862,0.0516666317527754,-0.0364487827072455
2854,"long_v3_CCD0.0.25",1.8152598696542,-0.07663732647442,-0.0665065247707651,0.0172476521982437,0.0428706134743366,-0.062598546274753
2855,"long_v3_CCD0.0.25",2.09893953061759,-0.0368116518724324,0.0337386606652271,-0.0216420652198208,0.0515684452060578,-0.0389992836379404
2856,"long_v3_CCD0.0.25",1.94687570480392,-0.163498564696791,-0.0145679425837471,0.0246155264501124,0.0455229648390268,-0.0840946357089055
2857,"long_v3_CCD0.0.25",2.06451955790928,-0.174284170630575,-0.0381364785330362,0.0219004065528889,0.0689480852850408,-0.0383661497109394
2858,"long_v3_CCD0.0.25",1.74155106672838,-0.0788667582066649,-0.00103565303226147,-0.0159637743949011,0.00294713827360299,-0.0669307749117071
2859,"long_v3_CCD0.0.25",1.99988775995851,-0.0730211300698217,0.0203218090211537,0.0130952133205429,-0.00101132744133971,-0.0481118919928491
2860,"long_v3_CCD0.0.25",1.94171513846883,-0.205179338935334,-0.0130708838879143,-0.0185385634951413,0.00547961297015474,-0.113166966428947
2861,"long_v3_CCD0.0.25",1.89271195361892,-0.166172928126978,-0.032896921615391,0.0093734756094393,0.0598764126065797,0.018955292900237
2862,"long_v3_CCD0.0.25",2.17287028817866,-0.116333455411679,0.0254146318946971,0.0570873831002633,0.0204456147208023,-0.101245124028096
2863,"long_v3_CCD0.0.25",1.97311855186888,-0.159365866874084,0.129037482761819,0.0908908893120895,0.0351765683851627,-0.13061775197716
2864,"long_v3_CCD0.0.25",1.86614814742275,-0.252663428164946,-0.0262053576390654,0.0356516256028851,0.0124200984539096,-0.0922661915204621
2865,"long_v3_CCD0.0.25",1.99867372779796,-0.168056304445051,-0.0339031480755162,0.00378207358083798,0.00484024635679809,-0.107927268371801
2866,"long_v3_CCD0.0.25",2.1170994947434,-0.152072248756001,-0.0132284060092549,0.0514292021638345,0.0162923980491093,-0.117885676742463
2867,"long_v3_CCD0.0.25",1.78539788770123,-0.175153258141214,-0.0739939358767931,-0.0267984591713152,0.022515742348341,0.000154339946233716
2868,"long_v3_CCD0.0.25",2.06894198326234,-0.0734175591710464,0.0488303790314422,-0.015391768808589,0.0409649002451647,-0.0983876870031984
2869,"long_v3_CCD0.0.25",1.92448543460625,-0.0713269358266068,-0.031168207625922,0.0343859458162544,-0.0176409775645167,-0.00195466600548737
2870,"long_v3_CCD0.0.25",1.8147351527627,-0.128024344607789,0.0163779680692757,0.00331185659559254,-0.00650263323578021,-0.0968119656775172
2871,"long_v3_CCD0.0.25",1.90199540071152,-0.0440413688288383,-0.0259594214319242,-0.00385608127880951,0.0488996439793512,-0.0188800939843157
2872,"long_v3_CCD0.0.25",1.84980285276072,-0.12685002225377,0.0406287537863915,-0.0197909088295785,-0.0391350735527504,-0.0975381371860752
2873,"long_v3_CCD0.0.25",1.94764713674747,-0.143983843001425,-0.0738552350402667,-0.0107560281023555,0.0386598800200484,-0.0835098665158295
2874,"long_v3_CCD0.0.25",1.75253343955738,-0.0913334254501808,-0.0863125480938838,-0.00671101979585482,-0.00707640180871602,0.0292131169004002
2875,"long_v3_CCD0.0.25",2.06128083953995,-0.0893797532970091,0.0151710062357457,-0.0208288678154878,0.0129894291305859,-0.0616368424241773
2876,"long_v3_CCD0.0.25",1.96688712193372,-0.212318659807074,-0.0107993315601301,0.0153039321273344,0.0736590075891073,-0.0204163374829552
2877,"long_v3_CCD0.0.25",1.89860944577545,-0.0603426181304733,0.112833922349585,-0.0146050593545861,0.0139401001760661,-0.0966907681633231
2878,"long_v3_CCD0.0.25",1.93286833583135,-0.205383122513031,0.0219638616669694,-0.0435738823140966,0.0240580039518297,-0.071111915898055
2879,"long_v3_CCD0.0.25",1.88547424109557,-0.0562715776882472,-0.00814607632206839,0.0121711534921525,-0.0163969975121508,-0.0674768812266877
2880,"long_v3_CCD0.0.25",2.05143628122281,-0.212023546185091,-0.00535834812320607,0.00990204703687134,0.0204465479603557,-0.0672735159653282
2881,"long_v3_CCD0.0.25",1.97978600977911,-0.10917817737313,0.0149072134895907,-0.0189996146493789,-0.0671413893771703,-0.0703950675710759
2882,"long_v3_CCD0.0.25",1.88034226267982,-0.154741888361557,0.0272933473235428,0.0088441377760696,-0.00269334019467078,-0.0557238976877566
2883,"long_v3_CCD0.0.25",1.92032666463282,-0.146034268668915,-0.0882398398207277,0.0259505593116393,0.0377150771650836,-0.0194099528656599
2884,"long_v3_CCD0.0.25",1.86771563246432,-0.154446492369592,-0.0864988176647749,0.0170118779724221,-0.0159892863546477,-0.0648682689555037
2885,"long_v3_CCD0.0.25",1.79808725716742,-0.0540708111783696,0.0989807235746357,-0.00762001785151751,-0.00515222583288397,-0.179732331397643
2886,"long_v3_CCD0.0.25",1.84267565488632,-0.169379746460617,0.014139900018872,-0.0171425931521326,0.0234484507433795,-0.112809073347645
2887,"long_v3_CCD0.0.25",1.97110486572448,-0.135885715273194,0.0490508743455718,0.0259705839050714,-0.0357636583904572,-0.121159124826123
2888,"long_v3_CCD0.0.25",1.78452969924209,-0.234652851309673,-0.054342971613917,0.00543144265520738,0.0298541161776647,-0.0989282625203048
2889,"long_v3_CCD0.0.25",1.96064671299594,-0.132924332269901,-0.0461942477930559,-0.00140983292850417,-0.00697873750721666,-0.117790294548225
2890,"long_v3_CCD0.0.25",2.0736097101946,-0.163071523274162,0.0574516378670007,0.0273849989595045,0.0473047766595402,-0.0980678996925458
2891,"long_v3_CCD0.0.25",1.9889281394187,-0.193282703144942,0.00586443029275426,-0.0364272456253166,-0.0187431966404723,-0.107780315825919
2892,"long_v3_CCD0.0.25",1.8742852225247,-0.0298643869731091,0.0397641135138046,0.0264938456103859,0.0176712583744802,-0.0775001467089883
2893,"long_v3_CCD0.0.25",2.00538801519539,-0.184103737194807,0.0746451002495937,0.0160178082380522,0.0475139479553428,-0.234355967080505
2894,"long_v3_CCD0.0.25",1.95545997524713,-0.110136277131378,-0.100538455133493,-0.0161428145127318,0.0146656629247156,-0.076312073854998
2895,"long_v3_CCD0.0.25",1.7254457696433,-0.119172187280426,0.0763240601954484,-0.0102200828802227,0.023940680888484,-0.0800331993776223
2896,"long_v3_CCD0.0.25",2.05079665973069,-0.209994176754629,-0.0449247162079943,0.0420136358083394,0.0527751756502202,-0.101339760150804
2897,"long_v3_CCD0.0.25",1.95951777406394,-0.107604515263325,-0.0445609330647968,0.00181059974493036,-0.00995924277756407,-0.0697098359421594
2898,"long_v3_CCD0.0.25",1.8647305564798,-0.0679012694547388,0.0575984354122093,0.00534658143513152,-0.00982870243517023,-0.0512884717394086
2899,"long_v3_CCD0.0.25",1.94152088762328,-0.104604457209331,0.0866911993430986,-0.0201317166228689,0.0240416430855199,-0.0953773143138573
2900,"long_v3_CCD0.0.25",2.00747801740073,-0.127389837104048,0.126983375699591,0.00580978597199909,-0.0634537370823415,-0.118835748938607
2901,"long_v3_CCD0.0.25",1.7743342906972,-0.091213917333298,-0.00450634402799078,-0.00232266127989214,0.00181481782505258,-0.0817711817215264
2902,"long_v3_CCD0.0.25",2.02041039689668,-0.085885166472834,0.0112804047820008,0.0250147625708447,-0.0258298188274246,-0.10138858806279
2903,"long_v3_CCD0.0.25",1.98433383087486,-0.0524577148921262,0.0250408809621294,-0.000729729181926758,0.0270165057187903,-0.0259247573428788
2904,"long_v3_CCD0.0.25",2.00156899682238,-0.218605863928132,-0.0791867043736651,0.0373578917063041,0.0158501666197872,-0.0417573468695081
2905,"long_v3_CCD0.0.25",1.88863049641441,0.0154554549930255,0.0689705366154926,0.0248184844776255,-0.0243690033167598,-0.0875984815580212
2906,"long_v3_CCD0.0.25",1.84885628882178,-0.0489432434789201,0.0639407605440368,0.0258993648715155,0.00794878965324237,-0.159277005080811
2907,"long_v3_CCD0.0.25",1.99275798587693,-0.0607170076691546,0.0210424305017765,-0.00343015111852764,-0.0310385385603154,-0.128438657663723
2908,"long_v3_CCD0.0.25",1.87939243972517,-0.0827133372471791,0.0544278236492694,0.0514229078618344,0.0579019347505486,-0.0374431423164023
2909,"long_v3_CCD0.0.25",1.82973511633435,-0.117130301186012,0.158152623756843,-0.0129933940114319,0.0753863504275078,-0.0549064976877075
2910,"long_v3_CCD0.0.25",1.8312039642902,-0.0961048809347064,0.120691205961165,0.0160848331419882,-0.0104054150332299,-0.12605901941972
2911,"long_v3_CCD0.0.25",2.08197456039184,-0.162789631027917,-0.0693941160941371,0.0171177534157209,0.051598680755472,-0.118641231664487
2912,"long_v3_CCD0.0.25",1.96222612506583,-0.106686509836255,-0.0513881597073527,0.072006927999412,-0.0321619669185702,-0.0846364829858621
2913,"long_v3_CCD0.0.25",1.85212610832919,-0.119340055159301,-0.0239299228629755,-0.0143841100410982,0.0362666856177865,-0.0601685588274313
2914,"long_v3_CCD0.0.25",2.05539305473409,-0.256966238633008,0.0251012421143648,-0.0338677248833779,0.0489076005989898,-0.110327186623767
2915,"long_v3_CCD0.0.25",1.88952106772878,-0.0582685869019588,0.0523595614700402,0.0515138584545606,0.00148396380650929,-0.0820427586920291
2916,"long_v3_CCD0.0.25",1.74998225223766,-0.173150614796434,-0.0403373609629692,-0.031171070450253,-0.0226059836238603,0.0154777872574694
2917,"long_v3_CCD0.0.25",2.1023809263313,-0.110622003773577,0.0200274046239785,0.0269729395437289,0.00812946022834763,-0.118707525587458
2918,"long_v3_CCD0.0.25",1.99429426520725,-0.219155458906124,0.00575854917196054,-0.0503114602951555,-0.00686351947167537,-0.135580702213214
2919,"long_v3_CCD0.0.25",1.98242638155295,-0.164208827208587,0.014773037626872,-0.0107546102295933,0.0114737735295331,-0.0709315961630015
2920,"long_v3_CCD0.0.25",1.9701437638688,-0.210230742988483,-0.112163812933039,-0.032980561929385,0.0665048517160681,-0.14193041637515
2921,"long_v3_CCD0.0.25",2.10234453743229,-0.137762317216723,-0.00456833517857894,0.00474032333566646,0.036851263600012,-0.101749767836597
2922,"long_v3_CCD0.0.25",1.84494844186111,-0.161219873894615,0.0575400442731018,0.0235982663317839,-0.0286153318263282,-0.109560157788652
2923,"long_v3_CCD0.0.25",2.07520015236193,-0.00799533063498632,0.0369176599213845,-0.0248890691910699,0.000870048583632252,-0.101603926196357
2924,"long_v3_CCD0.0.25",1.95581178707747,-0.0814531422781897,-0.000539927244990857,-0.000604924501612806,-0.000740964645763755,-0.119640748522168
2925,"long_v3_CCD0.0.25",1.77975399647786,-0.161938306404716,0.054272719966209,-0.0201435361063711,0.0711670950144868,-0.106900465606879
2926,"long_v3_CCD0.0.25",1.75386268510298,-0.144464950050561,-0.0531336857532392,0.0155879547751742,0.0599586356496635,-0.118721384521774
2927,"long_v3_CCD0.0.25",2.03446039517859,-0.0955498148000533,-0.00340647402062162,0.0515327700613464,0.00301814610904991,-0.0737128368513295
2928,"long_v3_CCD0.0.25",1.93911469474428,-0.10668071435146,0.0109068896316948,0.00343661233783448,0.0410774165631809,-0.153487151344749
2929,"long_v3_CCD0.0.25",1.92322813993086,-0.0705727376037347,0.0294232145074745,0.0507331514694192,0.0571701914777679,-0.0698168020732909
2930,"long_v3_CCD0.0.25",2.24140460859493,-0.0362950350146517,0.106631320424191,-0.024921897866397,0.0210788272372521,-0.132200687014141
2931,"long_v3_CCD0.0.25",1.82970297476168,-0.169490113367312,0.084980393482988,0.031628739096219,0.106348293502934,-0.00390344250261621
2932,"long_v3_CCD0.0.25",1.88558608636608,-0.121571265452731,0.046602360652114,0.00312763806006445,-0.0463582318993237,-0.0963184552326875
2933,"long_v3_CCD0.0.25",1.77425679207713,-0.135196757790989,-0.0205004352162546,-0.0571720712529928,0.0588267180020639,0.045360178862649
2934,"long_v3_CCD0.0.25",1.80744457870528,-0.155912971748177,-0.0838667307372325,-0.0146734091882047,0.0324164410860619,-0.0273097559828734
2935,"long_v3_CCD0.0.25",1.84488319634104,-0.057947774640922,-0.0325586396207771,0.0543529519124483,-0.0615093504496341,0.000700737481900441
2936,"long_v3_CCD0.0.25",1.81105249508562,-0.161582211961648,0.0752950366656687,-0.0222639141462236,0.0551998199726846,-0.0479564328140669
2937,"long_v3_CCD0.0.25",1.98938655214596,-0.158610268168479,0.00278788389449547,-0.0291561568441359,-0.000527224311383998,-0.0836793435681839
2938,"long_v3_CCD0.0.25",1.93123143765447,-0.129844212446389,-0.0305898316265745,0.030658304736036,0.0264480556127058,-0.0694211695888585
2939,"long_v3_CCD0.0.25",1.74396789015671,-0.0675114232669154,-0.0538411275440239,-0.027220904253971,0.0399091876951582,-0.0814129947741091
2940,"long_v3_CCD0.0.25",2.0481399160308,-0.114064844349435,0.0575482519113811,-0.0318370626943095,0.0486839994539805,-0.0614721341040333
2941,"long_v3_CCD0.0.25",1.87842833584157,-0.107179424150176,-0.00880124050088066,0.000386815788790649,0.0553314604974912,-0.0779154913381388
2942,"long_v3_CCD0.0.25",1.93300489945997,-0.0814900356043105,-0.0255062469404328,-0.0403314222464615,-0.0129612069033157,-0.0843917789762708
2943,"long_v3_CCD0.0.25",1.92449195729573,0.0105061221410903,0.0803533139508243,0.0731991372331313,0.0132831635362898,-0.0453919924151416
2944,"long_v3_CCD0.0.25",1.98125182432651,0.00602320040073577,0.0549187254190919,0.0374450154110452,-0.00998483500693429,-0.0368075344550435
2945,"long_v3_CCD0.0.25",1.999289869797,-0.0442807012200345,0.0319606501951026,-0.00133979126033147,-0.0385909718276697,-0.0447676817661824
2946,"long_v3_CCD0.0.25",1.8125959527875,-0.206428344992425,0.0905802568858452,0.00980722023732541,0.0398924487530845,-0.126718794263856
2947,"long_v3_CCD0.0.25",2.04217471865539,-0.198099831155514,-0.041410937442844,0.0200586642226943,0.100961202979875,-0.0919528156880354
2948,"long_v3_CCD0.0.25",1.96256949356808,-0.206543921958536,0.0255724722820955,0.0593459388071301,0.0831201086369435,-0.103505374992249
2949,"long_v3_CCD0.0.25",1.80459368353729,-0.211083340990396,-0.0555855776622128,0.00475097780884291,0.0761050106799159,-0.0864451447581837
2950,"long_v3_CCD0.0.25",1.85563370591638,-0.138525948247203,0.0484902378855684,-0.0267393119901157,0.0473000908380049,-0.0699421115395107
2951,"long_v3_CCD0.0.25",1.7865451350196,-0.048292593346944,0.0189925219681165,-0.0334418632536877,0.0552073504097207,-0.0141122067792116
2952,"long_v3_CCD0.0.25",1.85952962391777,-0.0825519046330399,0.033280149955927,-0.0176446889571494,-0.0426475832349141,-0.0655316878844712
2953,"long_v3_CCD0.0.25",2.00293549881711,0.00589828124993108,0.0234005443267676,-0.0129465521794724,-0.00146163354233363,-0.0462062769296219
2954,"long_v3_CCD0.0.25",1.82005513802036,-0.152693778635676,-0.0287445132158412,0.0396402886587848,-0.0184265434862875,-0.052185070713243
2955,"long_v3_CCD0.0.25",1.88474895899246,-0.230440055395336,0.00273637687672758,0.0238182960064351,-0.0229196625262669,-0.112176927617819
2956,"long_v3_CCD0.0.25",1.9522301008583,-0.150594078969139,0.0601736873741873,-0.00707323219310605,0.00267249364316309,-0.139681428920962
2957,"long_v3_CCD0.0.25",1.82461763181504,-0.0555373009222077,-0.0114604147813294,-0.00181634460859484,0.0722889347187445,-0.0121185585569134
2958,"long_v3_CCD0.0.25",1.89453418084438,-0.116921185084348,0.0383146368151481,-0.0156490801420866,-0.0054510627618677,-0.123016090779608
2959,"long_v3_CCD0.0.25",1.93208532013349,-0.114416101115087,0.00485822337982173,0.0920757423683544,0.0115055590221943,-0.00439527628536753
2960,"long_v3_CCD0.0.25",1.86761089194723,-0.251402688776286,-0.167596493542122,0.0176320076835307,0.0652942899427245,-0.0796140528647252
2961,"long_v3_CCD0.0.25",1.86891577326298,-0.195168549733497,-0.0564342047422317,0.00674085265368568,0.045283698259514,-0.0651083248593489
2962,"long_v3_CCD0.0.25",1.82527837488566,-0.18054175584387,-0.0398630414628134,0.0398573260696082,0.0904501618249536,-0.124974084994462
2963,"long_v3_CCD0.0.25",1.94709051388414,-0.144523050411548,0.0281736039487581,-0.0118576225054804,0.036537906415144,-0.0868678754716175
2964,"long_v3_CCD0.0.25",1.9078171475017,-0.160975433632142,-0.00722823210796192,-0.00614872440714562,-0.0548609977486267,-0.0530278727947347
2965,"long_v3_CCD0.0.25",1.91974971020382,-0.186806181653881,-0.0374896057671388,0.0290444044619539,0.00133238913847786,-0.069942412439531
2966,"long_v3_CCD0.0.25",2.01994445339975,-0.0370144952091623,0.088556153563181,0.0183856308760658,0.00200107118236132,-0.0707269223735555
2967,"long_v3_CCD0.0.25",2.01549565769024,-0.148764666100935,0.0238451909173707,0.0036263266705802,0.067064984854102,-0.100335987255162
2968,"long_v3_CCD0.0.25",1.93868549885923,-0.0427183966325946,-0.0378174670640248,0.0713969674921685,-0.0202632088953592,-0.0878377132250735
2969,"long_v3_CCD0.0.25",1.9214529320304,-0.131900636129139,0.0180169546903384,-0.0868363599316017,0.0409030605617312,-0.0472519965188084
2970,"long_v3_CCD0.0.25",1.91678432666718,-0.196155584069138,0.0470230665536598,0.0157726203245624,0.0519679641583209,-0.0921198753325441
2971,"long_v3_CCD0.0.25",1.96687964336944,0.0653888103538812,0.112099150242375,0.00653076852343454,0.0224655852732522,-0.0424732435794404
2972,"long_v3_CCD0.0.25",2.03211682882195,-0.0498753176385351,0.0906092755671967,-0.033764657760604,-0.028864517723358,-0.12062952464148
2973,"long_v3_CCD0.0.25",2.0757214944155,-0.255403627711623,-0.0827923258550783,-0.0267904130535255,0.0731943049562127,-0.0757107127400959
2974,"long_v3_CCD0.0.25",2.05949448397152,-0.137393571005245,0.0763030056200973,0.0836332247652417,0.0256198659332864,-0.034472309386268
2975,"long_v3_CCD0.0.25",1.98540050463432,0.00331414425448674,0.127982514093494,-0.0249231314160068,-0.0245734748600655,-0.10808554413278
2976,"long_v3_CCD0.0.25",1.92951667183608,-0.149692586380097,0.0728299691845459,0.0147525919681232,0.0663770656688543,-0.0899262981449801
2977,"long_v3_CCD0.0.25",2.01864218923905,-0.213615558047897,-0.0278763815390217,0.0469506751823314,0.000479362193572228,-0.0933635050513635
2978,"long_v3_CCD0.0.25",1.92158896676267,-0.125450565218515,0.0462339207242945,0.0406505057923683,-0.0257721219948976,-0.125473646651059
2979,"long_v3_CCD0.0.25",1.92174272865541,0.0204986704186522,0.0875445126120573,0.0101116589835101,0.0394282346458611,-0.0612027122112538
2980,"long_v3_CCD0.0.25",1.83232983485794,-0.0929707298683703,0.0522022988462959,-0.0361219026348784,-0.0585800834206471,-0.118863552442664
2981,"long_v3_CCD0.0.25",2.08994828237014,-0.159077794923265,0.0187265186710864,0.0516322935040079,0.00435607601435509,-0.0967088652733124
2982,"long_v3_CCD0.0.25",1.91807323055588,-0.139958980114718,-0.00487716102561497,-0.0280692176582496,0.0421694659388358,-0.0424768283841033
2983,"long_v3_CCD0.0.25",1.88808614389008,-0.112055078666186,-0.00636043879535431,0.0226162977335295,-0.0318702828127673,-0.0518053967401887
2984,"long_v3_CCD0.0.25",1.70108063939945,-0.362268928152823,-0.097446025089909,0.0055494164217,0.049744417240931,-0.0996232198064246
2985,"long_v3_CCD0.0.25",1.93771600798526,-0.202338461725279,0.0276581914788331,0.0382174833224279,0.0151874533569826,-0.13159535795229
2986,"long_v3_CCD0.0.25",1.89039950686249,-0.173210779834868,-0.0252831567207225,0.0481505460767872,0.00578683101252119,-0.026599823457091
2987,"long_v3_CCD0.0.25",1.88626124184368,-0.216559379815156,0.0100660349067183,-0.00413972853181957,0.0213545777103155,-0.0576989727876515
2988,"long_v3_CCD0.0.25",2.03678949929436,-0.2137769436565,-0.120219506494234,0.00155882210487118,0.0310485506697157,-0.0874576997790109
2989,"long_v3_CCD0.0.25",2.30517455040741,-0.389510509793155,-0.09564857462589,0.0513143782984838,0.0690525380819832,-0.0310663185055962
2990,"long_v3_CCD0.0.25",2.00433597871839,-0.171520351390858,-0.0155210316863015,0.0466895786768889,0.0173843403039914,-0.0459067713315916
2991,"long_v3_CCD0.0.25",2.11160423484434,-0.114116881986102,-0.0146883032440455,0.03148538532807,0.0147804458132602,-0.139272438161644
2992,"long_v3_CCD0.0.25",2.0421443603274,-0.243625034526755,-0.125489969466225,-0.038205556274487,0.00741749394832789,-0.0963993282630212
2993,"long_v3_CCD0.0.25",1.91867445465655,-0.233566877103193,0.0352072240950128,-0.0148695159215986,0.0297214565266309,-0.0573982398323468
2994,"long_v3_CCD0.0.25",1.8236329506452,-0.123828609047327,0.0311482917432027,-0.0172563298358988,-0.0184948269240255,-0.0543858996118178
2995,"long_v3_CCD0.0.25",1.83454831144586,-0.117828038600835,0.0271855406836557,0.0108855876181694,0.0553544454390645,-0.0683630596663214
2996,"long_v3_CCD0.0.25",1.79752090576053,-0.258529182548724,0.00552796074245562,-0.0547881788602896,0.0205036245371197,-0.0103138726316263
2997,"long_v3_CCD0.0.25",2.06459404163634,-0.155795839846868,0.0917252796680617,0.0615476866169136,0.0475252912940571,-0.187158528263999
2998,"long_v3_CCD0.0.25",1.81395546213381,-0.160893332863327,-0.00630542191252977,-0.0670676572995345,0.0195876216417891,-0.0813087652298619
2999,"long_v3_CCD0.0.25",1.9275810214379,-0.107393222549872,0.0190417353413274,-0.012702867044692,0.0565953923301685,-0.14476638609898
3000,"long_v3_CCD0.0.25",2.06585166639631,-0.0548209537492877,0.261192199893189,0.00728120041674611,-0.0244044342329069,-0.1353487625412
3001,"long_v3_CCD0.0.25",1.92250010639922,-0.177991566249967,-0.0279157759741804,-0.000893539638041372,0.0456330351044845,-0.0842341543415573
3002,"long_v3_CCD0.0.25",1.91835296905726,-0.133975538580018,0.0753518950859318,0.00307505378817239,0.043109696671983,-0.114300846419374
3003,"long_v3_CCD0.0.25",1.93367037388342,-0.178978642216899,-0.0581938419718768,0.082538196948615,0.0434337553039834,-0.0648214324284165
3004,"long_v3_CCD0.0.25",1.98300116061276,-0.145379091039281,0.012092471832204,0.0192786984423996,0.0147041683097017,-0.0221796770981612
3005,"long_v3_CCD0.0.25",1.75109210282132,-0.111172559647987,0.0432670371437764,0.0193335629894938,0.0855003688104145,-0.0690760082287148
3006,"long_v3_CCD0.0.25",2.06057719525407,-0.0772930380437701,-0.040018659300027,-0.0733770743179214,-0.0053731955792763,-0.123208240592836
3007,"long_v3_CCD0.0.25",2.01907009966664,-0.108874319473987,0.065278498296461,-0.00138773260702423,0.00344204261381384,-0.127903013150866
3008,"long_v3_CCD0.0.25",1.95301318652282,-0.127328071609623,0.0247518620628117,-0.0147329052209346,0.030638073787658,-0.0912413489091198
3009,"long_v3_CCD0.0.25",2.07087394849577,-0.175218756425607,-0.0206698791838517,-0.0147399010632745,0.0270636130306509,-0.0807380900219197
3010,"long_v3_CCD0.0.25",1.87499857708404,-0.173247800666362,-0.0747050169542661,0.0140956039765459,-0.0445722451269372,-0.0736225663237266
3011,"long_v3_CCD0.0.25",2.09650729830017,-0.128675247777506,0.0547647247445741,-0.0263273668419341,0.101086643727686,-0.101318113285683
3012,"long_v3_CCD0.0.25",1.94764535377987,-0.202422416098927,0.008756771407726,-0.0145882616430356,0.0949511001417632,-0.1640190493788
3013,"long_v3_CCD0.0.25",1.91193142626958,-0.0999232329431811,0.0220250348039709,0.00356432162236121,0.0118552669573407,-0.0755624673447276
3014,"long_v3_CCD0.0.25",2.03154489260643,-0.229394114601774,-0.144531812516333,-0.0577993050157702,0.0607115264465811,-0.0699708131054576
3015,"long_v3_CCD0.0.25",2.01557696420536,-0.0194896353251637,0.170060682053445,0.00591173887393788,0.0404668355467263,-0.108718601333559
3016,"long_v3_CCD0.0.25",1.91966248773091,-0.136782516233233,0.0246345822886642,-0.064317777435209,0.0601103064737347,-0.0821153921229355
3017,"long_v3_CCD0.0.25",1.86520321113336,-0.0835803321373592,0.0213590467159896,0.00031367396210956,-0.0594959988807742,-0.0216570056687265
3018,"long_v3_CCD0.0.25",1.90960744864987,-0.219750482924004,-0.0892528105910666,0.0219519880659635,0.070925485873293,-0.127491140721027
3019,"long_v3_CCD0.0.25",2.06774494556611,-0.150440418238712,-0.122809612586464,-0.00580776222879439,0.00723781518114761,-0.1117045597551
3020,"long_v3_CCD0.0.25",1.98590588166358,-0.156375286899114,-0.0356196025278491,0.0293089149226781,-0.00232176915919066,-0.0864984712455417
3021,"long_v3_CCD0.0.25",2.06251854129738,-0.155071903118377,-0.0432605700730209,0.0219246403003261,0.0446764610812298,-0.13316601874358
3022,"long_v3_CCD0.0.25",1.93786011444742,-0.0129520733191269,0.0338218369213082,-0.0357779614533881,-0.00821815743405011,-0.00736991018205568
3023,"long_v3_CCD0.0.25",2.06508536053482,-0.152980570651229,0.0821211620831771,0.0380712925237013,-0.0180918192211275,-0.118433251659711
3024,"long_v3_CCD0.0.25",1.90345120294928,-0.0985053673456953,0.0162126785475993,0.0267404875173621,-0.0123615503624073,-0.0661773608482342
3025,"long_v3_CCD0.0.25",1.84183311436448,-0.174279647708371,-0.152021853916967,-0.0168104251906346,0.110022106121509,0.00237326497131169
3026,"long_v3_CCD0.0.25",2.07213493179599,-0.145306576521859,0.0413820830364424,-0.05746688859703,0.045060280681535,-0.0295025230973874
3027,"long_v3_CCD0.0.25",2.04235642617979,-0.246511629696357,-0.0931349082830683,-0.0185499534196766,0.034545623336917,-0.086889588437169
3028,"long_v3_CCD0.0.25",2.06591350516512,-0.162058648331103,0.0699678142982468,-0.0217889460363104,-0.0129470386403081,-0.126895311099807
3029,"long_v3_CCD0.0.25",1.89261026187338,-0.185106252499037,-0.0229969650429391,-0.00792120829510521,0.025406088510642,-0.0916943483517546
3030,"long_v3_CCD0.0.25",1.94343095959272,-0.204310463470763,-0.0420169723489065,0.00915273422876852,0.0295358891151336,-0.0671029475138542
3031,"long_v3_CCD0.0.25",1.84975822572665,-0.155956663645752,-0.0742977155048784,0.0218548113183108,0.0335389775803756,-0.0421897441597305
3032,"long_v3_CCD0.0.25",1.95902824285431,-0.157982760747278,0.00145034632085595,0.056104154467664,0.0410715952501098,-0.0191900950428786
3033,"long_v3_CCD0.0.25",1.6208312798146,-0.133306426463844,-0.101982257859682,-0.0502287169883888,0.0582916347759054,0.0486762854849444
3034,"long_v3_CCD0.0.25",2.01109913487896,-0.11843411504017,0.0184517138945393,0.0100618115900456,-0.0114483075909957,-0.13494199479873
3035,"long_v3_CCD0.0.25",1.84639570834082,-0.148114766199407,0.0120575839335241,0.0222062173099452,-0.0149402086452497,-0.0842552225852762
3036,"long_v3_CCD0.0.25",2.10556079371322,-0.106037208622815,0.0118054106328918,0.0889290470842061,-0.0519033553679814,-0.0598156880378035
3037,"long_v3_CCD0.0.25",2.0462349214572,-0.0489514110956698,0.121636498459548,-0.0767516097436839,-0.0103945693429425,-0.133369021241059
3038,"long_v3_CCD0.0.25",2.00352059832356,-0.185931250303553,0.0382438607462245,0.0148479821244276,0.0633201535050523,-0.125976076357109
3039,"long_v3_CCD0.0.25",1.97842972522566,-0.147186028941751,0.126201933589165,0.0595384174625176,0.062381227658081,-0.106457939622627
3040,"long_v3_CCD0.0.25",1.76243745926202,-0.0310911230021307,-0.0291843003898677,-0.0266223988842051,0.0436952477432785,-0.0313909525956002
3041,"long_v3_CCD0.0.25",1.76087939830401,-0.0616988190841989,0.0284186268972526,-0.0388864344029858,-0.00968611188451989,-0.181051804990982
3042,"long_v3_CCD0.0.25",1.85895387711805,-0.0534128854689571,0.11727808781628,0.0508971149140691,0.0253829983259545,-0.0355607569360288
3043,"long_v3_CCD0.0.25",2.08604186686767,-0.137555556710248,-0.0142651529413211,0.0221048806486946,0.0441997345182465,-0.102743103318457
3044,"long_v3_CCD0.0.25",2.06465240469442,-0.0878601540549454,-0.0174144327386905,-0.00140882985004816,-0.00141998606658856,-0.0629325327083626
3045,"long_v3_CCD0.0.25",1.99006498920008,-0.197084519634338,0.0716431220082043,-0.0281438178361389,0.0104868359695277,-0.10831639666125
3046,"long_v3_CCD0.0.25",1.95097465087793,-0.171287455097025,-0.017877315015069,0.0245645296257342,0.0231090099718176,-0.0353084693493584
3047,"long_v3_CCD0.0.25",1.90432948929837,-0.199541516921033,-0.0376121668926577,0.0074431728029473,-0.00757137151168103,-0.11342480954596
3048,"long_v3_CCD0.0.25",1.92028215437205,-0.242996575406541,-0.0869926095924449,-0.0198878760342704,0.0205647292873752,-0.0849138554721146
3049,"long_v3_CCD0.0.25",2.0762881816456,-0.0935914250207486,-0.0114872027766718,0.0226799610681773,-0.0402307278897653,-0.12396581970366
3050,"long_v3_CCD0.0.25",1.93569600931598,-0.191116036066425,-0.0280446865826875,-0.00301085359518455,-0.0118133718496024,-0.125295931739942
3051,"long_v3_CCD0.0.25",1.93023355859439,-0.136692439269416,0.0272079048832193,0.0148436975406474,0.125193229362397,-0.0910059254141617
3052,"long_v3_CCD0.0.25",1.93096022501438,-0.239089006342608,-0.0274623193530527,-0.041376294882709,-0.00120469410522978,-0.181012981699708
3053,"long_v3_CCD0.0.25",1.94561859045926,-0.273033874527459,-0.0443828841325897,-0.041181298609104,0.0257671121320939,-0.113740795601191
3054,"long_v3_CCD0.0.25",1.77578732095976,-0.0999882912262155,-0.123913927395515,-0.0351757723620288,0.0289075908848014,-0.0301497266773429
3055,"long_v3_CCD0.0.25",1.9210182873878,-0.0356488821674988,0.096523231997664,0.0958269597172396,0.00753245545018109,-0.0845282450359213
3056,"long_v3_CCD0.0.25",2.02122583746214,-0.0991698042840961,0.0183773245336743,-0.0261623168230471,0.0341306497440827,-0.100951068914071
3057,"long_v3_CCD0.0.25",1.9911490459597,-0.0499780186201782,0.0584361431868727,0.00461412845815083,-0.00105016055349513,-0.0575329794151451
3058,"long_v3_CCD0.0.25",1.76024211325071,-0.134471788059314,-0.00401050040970602,0.0626673361818881,0.00349077665822637,-0.0781639284772822
3059,"long_v3_CCD0.0.25",1.96855843783517,-0.100844497172921,0.109534945469965,0.0397374011739653,0.0215072790429532,-0.0366143732302219
3060,"long_v3_CCD0.0.25",2.07469277084933,-0.160846459142065,0.111533851563636,0.0712978968276909,0.0363852164610974,-0.0874596827695527
3061,"long_v3_CCD0.0.25",1.90853073545918,-0.165720400698833,-0.0476423779034978,0.00632391645404692,-0.034708014736821,-0.0443477638254591
3062,"long_v3_CCD0.0.25",1.89819511278056,-0.15317856707765,-0.0029766696248226,-0.0264565855063961,0.00819864491537489,-0.134336324222213
3063,"long_v3_CCD0.0.25",2.08009381446891,-0.153410048881625,-0.0647923317069805,-0.0301127355894117,-0.0363702248253163,-0.180981816659172
3064,"long_v3_CCD0.0.25",1.98902263601997,-0.146602854888471,0.0108703610371806,-0.042219474991584,-0.00859651234734142,-0.162877119655795
3065,"long_v3_CCD0.0.25",2.03052630241926,-0.134194618582862,0.105887749700245,0.0255746902076912,-0.0409291098054865,-0.0985735810744164
3066,"long_v3_CCD0.0.25",1.99374606949401,-0.00382014610558659,0.039035834411832,-0.0299816353867852,0.0796004378914153,-0.0209643112983301
3067,"long_v3_CCD0.0.25",1.9940862470535,-0.245540326920228,-0.088201634973742,0.00531298466205889,0.0788300480733857,-0.153368387401683
3068,"long_v3_CCD0.0.25",1.95879515350561,-0.130086433295151,-0.0720463570770833,0.0254866443793531,0.024127268328361,-0.0324311378421166
3069,"long_v3_CCD0.0.25",1.89363717436948,-0.0864817045430825,-0.105997054154071,-0.0358038523817675,-0.020552606380005,-0.042998565233666
3070,"long_v3_CCD0.0.25",1.79815169034151,-0.0374422422256762,-0.113760775140579,0.0518555882455047,-0.059283911839872,-0.114199964262598
3071,"long_v3_CCD0.0.25",1.94114901923997,-0.125986044661803,-0.0579788413163177,0.00993002170362703,-0.00432660677577736,-0.0298205095097038
3072,"long_v3_CCD0.0.25",1.90041686642766,-0.11684206655686,0.054904876543938,-0.0117954187979147,0.0236808439199083,-0.108495978793407
3073,"long_v3_CCD0.0.25",1.98416438056451,-0.0299956406505527,0.120907326862597,0.0316258053546021,0.00306575593018339,-0.0795767470820348
3074,"long_v3_CCD0.0.25",1.95223781570548,-0.182715919388296,-0.0122731357497519,-0.0259030246383989,0.0384289426334045,-0.0624874784476555
3075,"long_v3_CCD0.0.25",2.01089370117766,-0.0797238515925627,0.0886733022479218,0.0149192006178851,-0.0631909354695156,-0.133307603713898
3076,"long_v3_CCD0.0.25",1.93205550697843,-0.0916373892458212,0.0171010623278201,-0.0220699495911592,0.0602591859926605,-0.0424386504374814
3077,"long_v3_CCD0.0.25",1.92693600668351,-0.0650095783090234,0.00377058187147117,0.00281640947931009,-0.0289458038643064,-0.100671081284441
3078,"long_v3_CCD0.0.25",2.03355750294094,-0.0669153667195271,-0.00194655262656887,-0.0187549273149419,0.0187705500784442,-0.0872015879186989
3079,"long_v3_CCD0.0.25",1.96794359659966,-0.123595341603867,0.00275141889921917,0.00277666105101552,-0.033563934920571,-0.0919778986018826
3080,"long_v3_CCD0.0.25",2.04108240992613,-0.162939664264733,-0.11053899576138,-0.0264452187838737,0.00972994792152187,-0.0693683920756174
3081,"long_v3_CCD0.0.25",2.14278691538536,0.0114690940137734,1.82661004206712e-07,0.0197261009654242,-0.113657417870632,-0.0796869220960359
3082,"long_v3_CCD0.0.25",1.77403667432061,-0.166656684840714,-0.0388619765817619,0.0502000420108444,0.0137534565192555,0.0107679355979119
3083,"long_v3_CCD0.0.25",1.86193908250692,-0.0903547565436072,-0.0431346684371197,-0.00615197637127125,0.047207249719058,-0.00317362831742243
3084,"long_v3_CCD0.0.25",1.92683560987016,-0.146761456723511,0.0521686486745646,0.00808101652979142,-0.0578787593015093,-0.0960353916400554
3085,"long_v3_CCD0.0.25",1.89403405655604,-0.0283136553101784,0.0594587996607023,-0.00629137298404119,0.0156050618126544,-0.106227356450276
3086,"long_v3_CCD0.0.25",1.9458634765415,0.00428790671625053,0.145800449201607,0.0634682489802936,0.0710999181568013,-0.118049321091433
3087,"long_v3_CCD0.0.25",1.93085498209254,-0.15075199088323,-0.0115116025373646,-0.0308874638039979,-0.0364024278093888,-0.123942324477762
3088,"long_v3_CCD0.0.25",1.88355710360644,-0.144109972132099,-0.0235591955646119,-0.00223192566742489,0.0687502978967021,-0.0827994846450045
3089,"long_v3_CCD0.0.25",1.96679168373356,-0.0537962422471737,0.0679055101839978,0.00155253022621692,0.079918575800517,-0.12671727291643
3090,"long_v3_CCD0.0.25",1.99918871638686,-0.0668100857293135,0.0925161168782122,0.0211155866739894,0.0826339246365484,-0.167106752356624
3091,"long_v3_CCD0.0.25",1.81016779487819,-0.168615790893359,0.0102628003472013,-0.00494264027942219,-0.0168617519332649,-0.0586244038141642
3092,"long_v3_CCD0.0.25",1.89827569849875,-0.118305981538915,0.0678417803106363,0.0159389942963799,0.00306548524949523,-0.0909327771331604
3093,"long_v3_CCD0.0.25",1.8997483696131,-0.142264983468565,0.00630108689338685,0.00155350870703477,0.0701282436695418,-0.105080558038571
3094,"long_v3_CCD0.0.25",1.85010838077781,-0.190821547160429,-0.0254979027684025,0.0121706653952867,0.0419377244945232,-0.0826551865143471
3095,"long_v3_CCD0.0.25",1.90337393886195,-0.159629114837145,0.0453492609263225,0.0300771980829046,0.03578608818493,-0.132476004815754
3096,"long_v3_CCD0.0.25",2.00034611856491,-0.186981637740283,0.00671471523198358,0.0200355620013457,0.00231153475857974,-0.097646230133581
3097,"long_v3_CCD0.0.25",1.84315729004902,-0.112871797921363,0.0610686589622747,0.0315577207586931,0.0854542040202273,-0.0858027214168665
3098,"long_v3_CCD0.0.25",2.03037222617189,-0.143920329368464,-0.00277058619759198,0.00355253424643979,0.0300011342405598,-0.0988740053262195
3099,"long_v3_CCD0.0.25",1.94585701365972,-0.163791315219449,0.0490498314051247,0.00624625108763704,0.0111907561380014,-0.162522297146426
3100,"long_v3_CCD0.0.25",1.95062768991139,-0.079016478939849,0.0497543491959863,-0.00096853246556955,0.0445380772883702,-0.0895632581038516
3101,"long_v3_CCD0.0.25",1.98496956612371,-0.108343348681426,-0.169259978339953,0.0464151667276816,0.0490843518723844,-0.0332605307452058
3102,"long_v3_CCD0.0.25",1.96305803232778,-0.142884970810452,0.0531657069225041,-0.0279587239342431,-0.00790213617169327,-0.108094813049529
3103,"long_v3_CCD0.0.25",1.85804390779058,-0.10393810812388,0.205654315853124,0.00787143295406213,-0.037990199118028,-0.212134016319065
3104,"long_v3_CCD0.0.25",2.01011183069424,-0.210005587258301,-0.129741016650266,0.00900107841736767,0.0164827327060575,-0.0634920679816087
3105,"long_v3_CCD0.0.25",1.98211093938404,-0.0895328278394545,-0.0203908033284825,-0.0127862794117744,0.00993847782934264,-0.105098333990502
3106,"long_v3_CCD0.0.25",1.82844814814205,-0.109821365692295,-0.0717443241869654,-0.00535740129368232,0.00298718005339664,-0.0339111330096373
3107,"long_v3_CCD0.0.25",1.86699821472734,-0.185777696125257,-0.0511412208405048,-0.0144241711602914,0.0488986924919208,-0.110713876774324
3108,"long_v3_CCD0.0.25",1.87012287809473,0.0165504377103467,0.079127130278679,0.0121118218331372,0.015016917022525,-0.119765171229968
3109,"long_v3_CCD0.0.25",2.09225175851895,-0.119150973908718,-0.0376214435842911,0.00443286859242228,-0.0257295941564189,-0.0823035561973296
3110,"long_v3_CCD0.0.25",2.12264392966236,-0.225782766765527,-0.0739298561737891,0.0220648296461483,0.0600361071862755,-0.116421572626055
3111,"long_v3_CCD0.0.25",2.08828552032912,-0.109236960446891,0.14084291778857,0.00800718062793444,0.0802218528853308,-0.148296544503969
3112,"long_v3_CCD0.0.25",1.90147006733771,-0.259591592616889,-0.0690159556653301,0.0452722388003479,0.011440149498828,-0.107764391438596
3113,"long_v3_CCD0.0.25",2.03372229575645,-0.187199944004317,0.0795983253554903,0.0372082827450374,-0.00631831455232009,-0.0862737787260991
3114,"long_v3_CCD0.0.25",2.04982066096468,-0.143926546929745,0.0621415900240809,0.0126580817625946,-0.00372799512858943,-0.0513146280210744
3115,"long_v3_CCD0.0.25",1.80785034506245,-0.0957943477369138,-0.0440625003247006,0.0068566087078722,0.00893629977761824,-0.0392464353614388
3116,"long_v3_CCD0.0.25",2.09791432222954,-0.114756443108319,0.0210739104431565,0.0225627888257981,0.0119360231832702,-0.114189021763937
3117,"long_v3_CCD0.0.25",1.92659686939249,-0.168528589381817,-0.0180143446012344,0.0372383630842,-0.0507073313303407,-0.0526653072319256
3118,"long_v3_CCD0.0.25",1.95314706402386,-0.130521516595337,0.00528664891533037,0.0403928555695898,0.0558411049073632,-0.0139442774852087
3119,"long_v3_CCD0.0.25",1.94684989656838,-0.149006152423302,-0.0415717013461667,0.0216655965006917,-0.034917236137472,-0.151872713910369
3120,"long_v3_CCD0.0.25",1.87683792690093,-0.221436356291678,0.0245125944860434,0.0084712195993307,0.0706979454247579,-0.14853947895051
3121,"long_v3_CCD0.0.25",1.95243995833045,-0.108468707625081,0.123718633751776,0.0341923036500689,0.00470709724094978,-0.083352897249298
3122,"long_v3_CCD0.0.25",1.9252966201171,-0.0219979343864442,-0.0538828808555249,-0.0360834459887861,-0.0249223863562575,-0.12789964811235
3123,"long_v3_CCD0.0.25",1.95962227289929,-0.0283951230928755,0.067710783807779,-0.00900263847633669,-0.0187375076827472,-0.0392956241521088
3124,"long_v3_CCD0.0.25",1.86925807910467,-0.172079779769358,0.0203433942963064,-0.0274045532557507,0.0257770179686486,-0.105042351819858
3125,"long_v3_CCD0.0.25",1.97349173074826,-0.171738480174219,0.0361479267335107,0.00873903988466396,0.0203012138287488,-0.113655192231111
3126,"long_v3_CCD0.0.25",1.83507661033346,0.00305867196004676,0.184374885308656,-0.00142287728698036,0.0116893905284499,-0.0771290214697302
3127,"long_v3_CCD0.0.25",1.76517822105351,-0.103940668533205,0.0149168943588629,0.0329783853732592,0.00569955914615507,-0.111498200996828
3128,"long_v3_CCD0.0.25",2.0115689432227,-0.183981328655668,0.00475776564585515,-0.0189711654004022,0.00740567538358582,-0.0151965388441826
3129,"long_v3_CCD0.0.25",1.83906799708175,-0.189625737876628,-0.0143668327893096,0.0271967113794867,0.00527954093514342,-0.109270747503643
3130,"long_v3_CCD0.0.25",2.08876366008514,-0.162336597619662,0.0300802255152055,-0.0368003272197874,-0.0200208314387987,-0.137564341837865
3131,"long_v3_CCD0.0.25",1.91934910133822,-0.134023119008797,-0.0680664326945744,-0.0497294999010107,-0.0471648383781765,-0.0518496993094688
3132,"long_v3_CCD0.0.25",1.87544931790333,-0.216585450212618,-0.0665137831241605,-0.0279608386474414,0.0476462511601643,-0.097765922776535
3133,"long_v3_CCD0.0.25",2.00031592722787,-0.212880375261896,-0.124563251547608,-0.00323944660890154,0.0477441942424631,-0.183344490899655
3134,"long_v3_CCD0.0.25",1.95671738527208,-0.201079662546369,0.0443774308455802,0.0561402163054408,0.0642686156496718,-0.0289296109330598
3135,"long_v3_CCD0.0.25",2.11335303633204,-0.154279606373415,-0.0109033009830302,0.0638005701606671,0.0611424874067861,-0.114710667918929
3136,"long_v3_CCD0.0.25",1.88606368801739,-0.12042510937597,-0.00174501247537131,-0.0401483329654126,0.0331919062772809,-0.0574531440820556
3137,"long_v3_CCD0.0.25",1.97196563181548,-0.0810418177790893,0.0797912532470716,0.00257895224958151,-0.0294247576329565,-0.0584623198075408
3138,"long_v3_CCD0.0.25",2.03610530796741,-0.183328578683389,-0.0698558515607409,-0.0404262611904906,0.00805053838843711,-0.124332459374489
3139,"long_v3_CCD0.0.25",1.76333581009888,-0.15401203647346,-0.046355476797482,-0.054337176754469,0.00267566222119861,-0.094706952104104
3140,"long_v3_CCD0.0.25",1.80222143961368,-0.0288234773640922,0.0188047432156712,0.0140969672711232,0.0182588810974814,-0.0180624954072025
3141,"long_v3_CCD0.0.25",1.85605766046521,-0.139306068174607,-0.00537835871038755,0.04327042519753,0.0535397577511032,-0.0685526008462044
3142,"long_v3_CCD0.0.25",2.01044463735132,-0.150713187714703,-0.0339913286512741,-0.0127036461561152,0.0109057339770665,-0.0690741047768801
3143,"long_v3_CCD0.0.25",1.92063235974298,-0.174962067718386,0.0439927993711216,0.0241667259846137,0.0344871552076823,-0.10668790680405
3144,"long_v3_CCD0.0.25",2.14880782493789,-0.12250893595776,0.036315448039671,0.0424141812234636,-0.0447843482708588,-0.114451973372245
3145,"long_v3_CCD0.0.25",2.0394027623441,-0.0950537240603073,-0.0455742624024524,-0.00287044995471731,-0.0222510023583451,-0.0902639210744246
3146,"long_v3_CCD0.0.25",2.08679934288798,-0.213614483208115,-0.0334830384556016,0.0945787560812733,-0.0159275679595612,-0.115085387653034
3147,"long_v3_CCD0.0.25",1.89364985838823,-0.138536709897089,-0.0519364155602067,0.0582350241672271,-0.0405155654030809,-0.0715705410638962
3148,"long_v3_CCD0.0.25",1.97357426813616,-0.170496920991191,-0.0600660251490206,0.00373529920988707,0.033771432830075,-0.0137631826237243
3149,"long_v3_CCD0.0.25",1.94372512689132,-0.170507514020456,-0.047160697213897,0.0417346943877134,0.00639844978028255,-0.0750022306966902
3150,"long_v3_CCD0.0.25",1.94444960604722,-0.144699361241029,-0.0726748723768153,-0.0634947733963456,0.00201200425928193,-0.0563247937607879
3151,"long_v3_CCD0.0.25",1.88764915249372,-0.109959164905974,-0.00990429377879824,-0.0138424763870089,0.0204593143189361,-0.0985920117930014
3152,"long_v3_CCD0.0.25",1.99787882178271,-0.17912148542862,-0.0296162668806557,0.00948467426257297,0.0283032719046066,-0.130565083589604
3153,"long_v3_CCD0.0.25",2.05679355669881,-0.179660189380493,-0.0465586300871088,0.0123638067246669,0.00779852026130051,-0.0377153882253931
3154,"long_v3_CCD0.0.25",1.98059665632818,-0.0833763220156639,0.0475647499389287,-0.0404021882895586,-0.00363550851350489,-0.0462175623731401
3155,"long_v3_CCD0.0.25",2.03659773686315,-0.19992298126264,-0.0561611600361904,0.0408494576078537,0.0817006826094601,-0.10977676557789
3156,"long_v3_CCD0.0.25",1.88073997386665,-0.282430710191397,-0.0956628954711306,0.0465217240238931,-0.0100473111732662,-0.0701904696766855
3157,"long_v3_CCD0.0.25",1.78182584254019,-0.127122443358393,-0.0511058932673075,-0.00960232043137801,0.0817326742668447,-0.0131497803151752
3158,"long_v3_CCD0.0.25",1.87360610266251,-0.18255894382959,-0.0425334409015655,0.0268003634065183,0.0438180512499916,-0.0978165916698687
3159,"long_v3_CCD0.0.25",1.86346490806013,-0.178062501498154,-0.12195988258938,0.0452021752086827,0.0279288212243967,-0.073365948036443
3160,"long_v3_CCD0.0.25",1.92883749753661,-0.130589725297349,0.0217906283322043,0.00526839709342237,0.0464505963116396,-0.012137072338003
3161,"long_v3_CCD0.0.25",1.9199049779968,-0.131542258593346,0.00529493123132611,-0.014082177812437,0.0542381057340557,-0.10590354924731
3162,"long_v3_CCD0.0.25",1.96203737715506,-0.174204351139735,-0.036625121585461,0.00347188339444557,-0.025749881593499,-0.105405668559594
3163,"long_v3_CCD0.0.25",2.02403394935659,-0.0998896999143347,0.0420828818516784,0.062526282160715,0.0274119651310311,-0.0148948411838138
3164,"long_v3_CCD0.0.25",1.90966431479699,-0.201589386069877,0.0778468835994849,0.0336339574495828,0.0514279547537083,-0.075955721356808
3165,"long_v3_CCD0.0.25",1.95619556618829,-0.0932477875152723,0.0767185200889414,0.0143358047411584,0.0867493052381353,-0.0949566588135659
3166,"long_v3_CCD0.0.25",2.05225776422458,-0.146585473479069,-0.0341444913771374,0.0302935122837695,0.027201739729221,-0.0505494686347125
3167,"long_v3_CCD0.0.25",1.86783039581057,-0.182335505759558,0.0325533658220776,0.0426158510764109,0.0199618205848742,-0.0429796978701414
3168,"long_v3_CCD0.0.25",1.85761234569636,-0.132342119481095,-0.0322436368636235,0.0309074748020951,0.0312070423746918,-0.0123070741278256
3169,"long_v3_CCD0.0.25",1.79078544014442,-0.167026812759997,-0.00395197783243649,0.023624378236841,0.0210630007325064,-0.0120897073250947
3170,"long_v3_CCD0.0.25",1.82648959490551,-0.22678629955848,-0.0120324853227134,0.0483666116814249,0.136493836804633,-0.0682972192483875
3171,"long_v3_CCD0.0.25",1.8935330620631,-0.0676581702641174,0.0614808810012285,0.012507446788816,-0.015230270385688,-0.124229103498709
3172,"long_v3_CCD0.0.25",2.17089824157582,-0.0658589228127049,0.146121317919852,0.0483894858084873,0.0197789974639974,-0.146449391320514
3173,"long_v3_CCD0.0.25",2.02464407502832,-0.23629535270733,-0.193254484802367,0.0208484398772565,0.0323322042585617,-0.13210718573314
3174,"long_v3_CCD0.0.25",1.9089202318268,-0.200603525486887,-0.0221404560574226,-0.0210341419110584,0.0397305140526291,-0.103256200254372
3175,"long_v3_CCD0.0.25",2.00418239402642,-0.244502097683177,-0.128382903344574,0.0286927514170299,0.0302091322308892,-0.0531256590434582
3176,"long_v3_CCD0.0.25",2.05436933570068,-0.0707310522726387,-0.0519227940025371,-0.0101922937410931,0.0869029514200313,-0.0879379530546446
3177,"long_v3_CCD0.0.25",1.87077602404704,-0.157309781003766,-0.0311938942568562,0.00995972810493742,-0.0316617964587839,-0.0555699845403781
3178,"long_v3_CCD0.0.25",1.92425080283296,-0.230147148600265,-0.0669603394977279,0.00310450043459115,-0.0600676213604953,-0.142464636348689
3179,"long_v3_CCD0.0.25",1.97238941859199,-0.105893209015083,0.146908322821003,-0.0110107141945439,0.0096714596768828,-0.118307026481885
3180,"long_v3_CCD0.0.25",2.00497983816282,-0.163908355838008,-0.0314874092785387,-0.0236653054055906,0.0022895035336432,-0.0701754273537221
3181,"long_v3_CCD0.0.25",1.89740156028897,-0.101151459465785,0.0557268659590001,0.0343691783952843,0.0151144734274694,-0.0224898933658706
3182,"long_v3_CCD0.0.25",2.08615638880321,-0.0813709392877316,0.144492931678346,0.0194025616474152,0.00022006493669062,-0.176238351471084
3183,"long_v3_CCD0.0.25",2.03436646729507,-0.141200842450423,0.086875111526987,-0.0444906587762625,0.0760676012185495,-0.128479216009081
3184,"long_v3_CCD0.0.25",1.84283848581161,-0.151162172518243,-0.0150218019391528,-0.0548772341126162,0.0582459073731072,-0.057726863401579
3185,"long_v3_CCD0.0.25",2.02174454922796,-0.256296287502689,-0.131893237776876,0.000703101339832851,0.0460213759115218,-0.110683788712002
3186,"long_v3_CCD0.0.25",1.87616069813506,-0.160098431188001,-0.00237010910215853,0.0116427582594244,-0.00736380807663416,-0.0737400438712667
3187,"long_v3_CCD0.0.25",1.98333310124187,-0.0991395167117966,0.0611523892555244,0.0153326382502737,0.0171769986626015,-0.0836192200292457
3188,"long_v3_CCD0.0.25",1.86949761060202,-0.09772911302642,0.0021098001559882,-0.0313171999906067,-0.0126802380488792,-0.0660969835669485
3189,"long_v3_CCD0.0.25",1.81552586210148,-0.118715492078547,0.0103290864387569,-0.00904308836250938,0.0622383984428734,0.0435514432319759
3190,"long_v3_CCD0.0.25",1.88706743738472,-0.0564301457417669,0.0801819213776783,-0.0371214258839453,-0.0178550092737404,-0.0757721292369793
3191,"long_v3_CCD0.0.25",2.10876231164535,-0.129963225276374,0.0422469900020506,0.00700582763814722,0.0202008106313414,-0.0239990779317469
3192,"long_v3_CCD0.0.25",1.95231158146893,-0.150936082115405,0.0168247298696721,0.00475275148240989,0.0417521478825859,-0.0963110590505339
3193,"long_v3_CCD0.0.25",1.94548097298687,-0.117608324845331,0.00634300746570163,-0.00805084485412981,-0.0346830503112625,-0.0351823816179885
3194,"long_v3_CCD0.0.25",2.01268943006241,-0.19527059763785,-0.0236706038010979,-0.000661350763293973,0.0115740585511266,-0.0771123042079568
3195,"long_v3_CCD0.0.25",2.0360236774346,-0.208304840785436,-0.0464358336252004,0.0549951367212413,0.0496387044377187,-0.113662542504245
3196,"long_v3_CCD0.0.25",1.80861093468412,-0.187869087580977,-0.0760328168665562,-0.00271436296813733,0.000435410131922101,-0.0440066326144872
3197,"long_v3_CCD0.0.25",1.82584810408642,-0.186824115186537,-0.0449792238750956,0.0295961918123015,0.00899696703445753,-0.030519217450516
3198,"long_v3_CCD0.0.25",1.8023580659843,-0.120362148875207,-0.0741551983183166,0.0233026026482853,-0.0416510018724136,-0.0986263926899068
3199,"long_v3_CCD0.0.25",1.77902972587325,-0.107583567054727,0.0588677882862803,-0.008167161909272,0.0467931730795791,-0.00441083052135207
3200,"long_v3_CCD0.0.25",1.95718474616515,-0.142369265432171,-0.0511699529251316,-0.0128232028770547,0.0107308607359083,-0.0479838903230606
3201,"long_v3_CCD0.0.25",2.0488105316021,-0.199254834556459,0.00920446313348807,0.0187637042179516,0.0850010344475982,-0.107589688001337
3202,"long_v3_CCD0.0.25",1.80415833058022,-0.168340948152854,-0.0690859870733538,-0.053375995404034,0.0114901662534824,0.00367951958533703
3203,"long_v3_CCD0.0.25",1.81504744326784,-0.176600619219195,-0.0252109888226753,-0.011782328157007,0.061730950981058,-0.0206734733890596
3204,"long_v3_CCD0.0.25",1.67645124463709,-0.279157873059085,-0.0457574983990017,-0.0525633795483912,-0.0324955170832018,-0.0752420909490744
3205,"long_v3_CCD0.0.25",2.0309873355888,-0.103825397687697,-0.0593583793055815,0.047192808615391,0.00185784078994024,-0.131706534934384
3206,"long_v3_CCD0.0.25",2.00272311782834,-0.147512238031585,-0.00801301889587781,0.00945158028502357,0.0377718135861437,-0.0623146033992947
3207,"long_v3_CCD0.0.25",2.0088053072987,-0.167402365857292,0.0550653012821012,0.0885702914394626,0.0624461439120413,-0.135001990054986
3208,"long_v3_CCD0.0.25",2.12325635957026,-0.170884412531285,-0.0626723440684835,-0.0157043176015944,0.056669839359516,-0.108389541035867
3209,"long_v3_CCD0.0.25",1.94153812764855,-0.273176621116672,-0.131672924417491,-0.00984038676911981,0.0625627371895525,-0.0817111895724426
3210,"long_v3_CCD0.0.25",1.72296932295415,-0.0406930686434295,0.00366860954327656,0.0116137381742381,0.0691269411552821,-0.0794307164117479
3211,"long_v3_CCD0.0.25",1.89020892831516,-0.147271084587767,0.0488746387772651,0.0230125927599462,0.0233221981989462,-0.109247000596111
3212,"long_v3_CCD0.0.25",1.97720429793624,-0.0792843308553516,0.0689477898690162,-0.00507147849203935,-0.0269794250949626,-0.117620006455459
3213,"long_v3_CCD0.0.25",2.03775878054918,-0.189919456698666,-0.0800552845373699,0.0112528298231268,0.00425912631986089,-0.0823806681044468
3214,"long_v3_CCD0.0.25",2.01504994658953,-0.111383020421548,-0.0276161769667383,0.032369367145107,0.0572939245450993,-0.098744751690756
3215,"long_v3_CCD0.0.25",2.00377743221423,-0.0625991011321778,0.0440049317944628,-0.0341526196397721,-0.00647016385699735,-0.11872598895594
3216,"long_v3_CCD0.0.25",1.76931319517467,-0.185166073766851,-0.158992098915689,0.000170110546718921,0.0115094767684785,-0.0269590487535209
3217,"long_v3_CCD0.0.25",2.0222784382533,-0.219960031325979,0.0743345340245438,0.0115087811913139,0.0219493002756654,-0.188599937470297
3218,"long_v3_CCD0.0.25",2.06049101346738,-0.19805106102818,-0.0242403888125702,-0.0476297121914836,0.00402664210036563,-0.104989342113228
3219,"long_v3_CCD0.0.25",1.86765654384274,-0.0954679882868478,0.0736193191682585,-0.0272041974383497,0.0716879097607604,-0.0468067271485527
3220,"long_v3_CCD0.0.25",1.9882741455092,-0.131100455111076,0.00857442908176235,0.0339357719301201,-0.00405478477140475,-0.136575761337998
3221,"long_v3_CCD0.0.25",1.79841611558036,-0.0820808267452113,0.0425429211009278,-0.0280956052001514,0.0166481307108784,-0.0818131734536563
3222,"long_v3_CCD0.0.25",1.87223376510205,-0.176904941823022,-0.0868738181429119,0.0389550172567684,-0.00962331981515401,-0.0341860773279416
3223,"long_v3_CCD0.0.25",2.01515229064333,-0.0495671457069316,-0.0181022669309332,-0.0170737659152183,-0.0174351736054304,-0.163555816670374
3224,"long_v3_CCD0.0.25",2.00391416023496,-0.219949884140723,-0.0842578402195194,-0.0347396571562208,0.0275950372980065,-0.0786998790754242
3225,"long_v3_CCD0.0.25",2.01891370614596,-0.147619346166334,0.0232385951657321,0.00989300726833325,-0.0170293701484362,-0.0817197006330544
3226,"long_v3_CCD0.0.25",1.97787345585733,-0.171062561969661,-0.0356907047939153,0.0207041838812154,0.0992852890910903,-0.13972509679181
3227,"long_v3_CCD0.0.25",2.04190078812415,-0.192836890087164,-0.0952300073478593,-0.0380559262066054,-0.0246011487830873,-0.106877751450468
3228,"long_v3_CCD0.0.25",1.85641761718264,-0.0700734866292252,0.0902866499915553,0.0575024464899626,0.0492371643608598,-0.0575101153670987
3229,"long_v3_CCD0.0.25",2.06025792546927,-0.14103914100721,0.0407582703431564,-2.47944614263393e-05,0.018038875680791,-0.0860717328560797
3230,"long_v3_CCD0.0.25",1.85392113730358,-0.147963050980617,-0.0358437759606474,0.00951460068100574,0.0841240124970336,-0.0554183781564755
3231,"long_v3_CCD0.0.25",1.92616134324966,-0.208981643995857,-0.046913351804753,0.00453700990717235,0.0678758438073333,-0.0864151595853194
3232,"long_v3_CCD0.0.25",2.03449120028767,-0.125896635806332,0.206667295867669,-0.0112323787655389,-0.0260592827385814,-0.135424446802722
3233,"long_v3_CCD0.0.25",1.8349508137685,-0.114624474428741,-0.0304104447720826,-0.0222046373085885,0.0121156460197252,-0.0877924693529664
3234,"long_v3_CCD0.0.25",1.91823296885805,-0.11086964881071,0.0369740953472965,0.0190838715369329,0.008556551611582,-0.0681178477504731
3235,"long_v3_CCD0.0.25",1.81974056477674,-0.161363703913227,-0.000624644700673556,0.0160182342261837,0.0239251631029924,-0.0741275954128029
3236,"long_v3_CCD0.0.25",1.90411057055826,-0.163395011572966,-0.063617582437872,-0.0273192444438102,0.0174891560991325,-0.0896285294566181
3237,"long_v3_CCD0.0.25",1.89577883562013,-0.178970438540051,-0.00956530893630653,-0.0146355039221287,0.0871952968112732,-0.0452530538231762
3238,"long_v3_CCD0.0.25",1.9042713980304,-0.0698914237538742,0.0122402729036696,-0.0262686286615494,0.035147158075922,-0.0537576912300604
3239,"long_v3_CCD0.0.25",1.86383158530156,-0.214702244541873,-0.0364791247122749,-0.0378166484834384,0.0158924620075738,-0.0890467891152017
3240,"long_v3_CCD0.0.25",1.9460121845446,-0.0889331460654933,0.0832774147053011,0.0626630308077694,0.0119407065025033,-0.124512963954554
3241,"long_v3_CCD0.0.25",1.85522833533395,-0.0811677038636537,0.024016453764811,0.0629863148633036,-0.0156784996672288,-0.085653511028438
3242,"long_v3_CCD0.0.25",2.04207738750347,-0.066384784056841,0.0181156742299802,0.0308242837016855,-0.0477189307998384,-0.0902972074460938
3243,"long_v3_CCD0.0.25",1.87542742910136,-0.20670851408933,-0.0450984948484047,0.0574077465848551,0.0697547237212823,0.0005647887555884
3244,"long_v3_CCD0.0.25",1.81484047623244,-0.123604029676433,-0.051534834710003,0.0222200133721023,0.029047983044905,-0.0506446621170836
3245,"long_v3_CCD0.0.25",1.93696943169651,-0.194313468603452,0.0119844504793623,0.00871052914285557,-0.00620492157220516,-0.112627135471887
3246,"long_v3_CCD0.0.25",2.02278216983156,-0.163917988536719,-0.0499725848792433,0.000794331538999756,0.0265433750836398,-0.101806871690542
3247,"long_v3_CCD0.0.25",2.05215215902047,-0.168114894041256,-0.0395702041923422,0.015995917727497,0.0244754619101684,-0.13443894594394
3248,"long_v3_CCD0.0.25",1.87501589161939,-0.0732993167468907,-0.0166613080909479,0.0153187513085738,0.0250563088869409,-0.0461469889193154
3249,"long_v3_CCD0.0.25",1.78787259925844,-0.131174483194526,-0.0275958560618872,0.00449672979544375,-0.0252618524428731,-0.091116768589755
3250,"long_v3_CCD0.0.25",1.90787541904818,-0.183484825893894,-0.132249494918789,-0.0294302635893667,-0.0588439739809177,-0.113399547411229
3251,"long_v3_CCD0.0.25",1.79852312837723,-0.0901830820232909,0.0308607046955045,-0.00209326403449079,-0.00470647874218287,-0.142925481605301
3252,"long_v3_CCD0.0.25",1.91399864880825,-0.214821666839373,0.0107743953081723,-0.0176875544341139,0.0233831470487707,-0.0937829415433506
3253,"long_v3_CCD0.0.25",1.93344951987564,-0.170680701713591,0.0156328841307091,0.0246582699212657,0.0110388186126058,-0.137143887568667
3254,"long_v3_CCD0.0.25",2.03402222426502,-0.171054943459986,-0.0608048590941454,-0.0793700864291366,-0.000995103169498421,-0.059092244793089
3255,"long_v3_CCD0.0.25",1.8738439601472,-0.186011663075067,0.0499976673455205,-0.0357085774050599,0.00658210546929324,-0.0752508857535639
3256,"long_v3_CCD0.0.25",2.02183785533777,-0.138135521274758,0.00346381353255535,0.09203416565032,0.0334050564954095,-0.0479046730666257
3257,"long_v3_CCD0.0.25",2.0022538006798,-0.113921849612099,0.00390450372992006,0.0408989229493162,-0.0486077809237131,-0.0875089336200581
3258,"long_v3_CCD0.0.25",2.07385608187892,-0.189724660398747,0.10152374232181,0.00245319313709024,0.063028276953248,-0.0697085145645692
3259,"long_v3_CCD0.0.25",1.90144477386519,-0.057505541575254,0.0404643537449602,0.018150330972523,0.0327322599604083,-0.105698411156679
3260,"long_v3_CCD0.0.25",1.94777933876948,-0.23900394454474,-0.0476892152003938,-0.0103177033632813,0.0505941408366083,-0.113859243898435
3261,"long_v3_CCD0.0.25",2.02530124811813,-0.139613054439746,-0.0136198612582585,0.00878762805569712,-0.0538253820032199,-0.00757825811727026
3262,"long_v3_CCD0.0.25",1.9338663171116,-0.102195151370444,0.0900579736227461,0.0101475548451669,0.000698741144109057,-0.0840662492572415
3263,"long_v3_CCD0.0.25",1.84265575000711,-0.0888264018984482,0.0575419812880669,0.0841491927704635,0.0621423098324147,-0.0692317058390357
3264,"long_v3_CCD0.0.25",2.04908093141375,-0.170601987022923,-0.0920585769041233,-0.0770879161700653,0.0644645876700306,-0.0616268108249928
3265,"long_v3_CCD0.0.25",1.83215196959953,-0.102695893011628,0.0590062133033155,0.0228757384224114,0.0375825486619525,-0.0282662188902527
3266,"long_v3_CCD0.0.25",1.85694145829026,-0.224046831213603,-0.0860304082976098,0.0442632453957777,0.00413050719415468,-0.1071088076231
3267,"long_v3_CCD0.0.25",1.92177244629888,-0.0788271091390522,0.00585850313851738,-0.00141075084164432,0.0433036196528973,-0.0336131624064796
3268,"long_v3_CCD0.0.25",1.97747889666007,-0.144473964209458,0.0266638486803734,-0.0203967873031549,-0.024890313448348,-0.107348774240354
3269,"long_v3_CCD0.0.25",1.75367158827657,-0.206377187988766,-0.0942907359616915,-0.026901798642643,0.0250063040268288,-0.122018166465451
3270,"long_v3_CCD0.0.25",1.77922273093831,-0.240902191988389,-0.0349057090769087,-0.00521733469619326,0.0612369405157223,-0.0997550184771513
3271,"long_v3_CCD0.0.25",1.96428316363297,-0.0777095246359657,0.0305539814062282,0.0289999188320911,-0.0230190239916889,-0.0316347608975214
3272,"long_v3_CCD0.0.25",1.8908708113227,-0.186717873060095,-0.0863662766694669,-0.0177939027495563,0.0412760200930363,-0.0930772766107749
3273,"long_v3_CCD0.0.25",2.02278145452739,-0.184850694042716,-0.0424520457691512,0.0146332353998052,0.0146838417527778,-0.0642100716441804
3274,"long_v3_CCD0.0.25",2.02761666320979,-0.0545629857245869,0.0543511762761727,-0.0302276168269688,0.0440795374492303,-0.0961077379547277
3275,"long_v3_CCD0.0.25",1.95573828897385,0.0372617815754269,0.149481156651327,0.0225681549215414,-0.0181440792875684,-0.0852705709490672
3276,"long_v3_CCD0.0.25",2.01184797063395,-0.104599670496759,0.00852948108706426,0.00726376810482711,0.0374358691372346,-0.07058870761829
3277,"long_v3_CCD0.0.25",1.93912104446701,-0.0918101335016689,-0.0100053672835103,-0.0511468470870904,0.05089813572283,-0.149858097143076
3278,"long_v3_CCD0.0.25",1.76325359747979,0.0805654340203089,0.0317796484244602,-0.0402111814971059,0.026807301750045,-0.0344318251082738
3279,"long_v3_CCD0.0.25",2.0003137042373,-0.0596787192636904,0.0671795708636832,0.050893442721645,0.0469028812778905,-0.0978944519144116
3280,"long_v3_CCD0.0.25",1.76855119924503,-0.150076085336054,-0.0303317402381227,-0.01771061094716,0.0105369473725272,0.0377178481420372
3281,"long_v3_CCD0.0.25",1.91451588283289,-0.079310723935496,0.0691459205428404,0.0585712878710605,-0.020441607879821,-0.0697930858770913
3282,"long_v3_CCD0.0.25",2.03185726512461,-0.214862804088365,-0.0452113724991041,0.0593208085784012,0.0410583552361468,-0.0464398753570402
3283,"long_v3_CCD0.0.25",1.92949498481814,-0.137758360049503,-0.0235592594542217,0.00290840600254199,-0.00570396056155018,-0.0900240294418447
3284,"long_v3_CCD0.0.25",2.00116146326791,-0.131589094042696,-0.0328669611046998,0.00239586568409007,-0.0183796254860581,-0.0789501349324238
3285,"long_v3_CCD0.0.25",2.06866383105465,-0.101972583579453,0.00813951710683277,-0.0213701088902648,0.0305502349412226,-0.140574122126876
3286,"long_v3_CCD0.0.25",1.87778492888047,-0.156058558495864,-0.022515861984332,0.00634754968251191,-0.0100728604588977,-0.0626483778237946
3287,"long_v3_CCD0.0.25",2.05407719209534,-0.141179279606244,0.00579637030746687,0.0723033331478488,0.0384358607602402,-0.113423771214419
3288,"long_v3_CCD0.0.25",1.92572762250247,0.0238947310011447,0.0512510043130071,0.0395655110164338,-0.030018945788237,-0.0506917315523758
3289,"long_v3_CCD0.0.25",2.0156484766406,-0.243124289215752,-0.0570905335298164,0.0584273582512781,0.00847815121444348,-0.0463317597971564
3290,"long_v3_CCD0.0.25",1.91607225638529,-0.162650492702691,-0.0129602166436323,0.0232712805037212,-0.00681009231356395,-0.120817639679726
3291,"long_v3_CCD0.0.25",1.84710021656335,-0.0355246708052053,0.0418345405588281,0.0391058466125958,0.00568025940907785,-0.086032198661776
3292,"long_v3_CCD0.0.25",1.79639071065738,-0.159866244387392,-0.184209536537869,-0.0406663999885174,0.0359022055070791,-0.00983089844342508
3293,"long_v3_CCD0.0.25",1.93690516985125,-0.162109427645985,-0.0393805935846377,0.0035112874869438,0.0672125204271465,-0.0551180690780276
3294,"long_v3_CCD0.0.25",1.78321328904764,-0.291141625716497,-0.0969449377760061,0.00883845994086097,0.0310010243527814,-0.0661055463012967
3295,"long_v3_CCD0.0.25",1.83646326282478,-0.0794918539711095,0.0917991374023449,0.0297124767993183,-0.00366767388887797,-0.0150656085912942
3296,"long_v3_CCD0.0.25",1.91092909939353,-0.134572381820032,0.0220514471606941,0.0849046225709589,0.0770535010463378,-0.036164745760142
3297,"long_v3_CCD0.0.25",1.97284415398073,-0.192341097846085,-0.0237757470741528,0.0247754655654819,0.0158146452374601,-0.117376179743911
3298,"long_v3_CCD0.0.25",1.79370533659865,-0.155589279251764,0.0112969876429668,0.0431300068272749,0.00284560608108092,-0.0841754451530396
3299,"long_v3_CCD0.0.25",2.10961664968753,-0.0949520674094313,0.0545618099962616,0.04493863606318,-0.00946445738253284,-0.13751142922028
3300,"long_v3_CCD0.0.25",2.01834240582656,-0.105497406038869,0.00722915879375689,0.0374157940493058,-0.00124007486139553,-0.0789832275643649
3301,"long_v3_CCD0.0.25",1.96871685109465,-0.141368879108144,0.109211029457402,0.100431713916398,0.0158723155182411,-0.0348005141527403
3302,"long_v3_CCD0.0.25",1.91410098687059,-0.109740727767217,-0.0204816379902201,0.0140825092906353,0.0321395638528695,-0.125249244713069
3303,"long_v3_CCD0.0.25",1.85125006932857,-0.152015270552166,-0.0862077395009654,0.000670103266477174,0.00675863446633942,-0.0611615196723045
3304,"long_v3_CCD0.0.25",1.99003037414684,-0.195459163897241,0.0382929335919324,0.0254687192058775,0.0115352254988165,-0.128734541466647
3305,"long_v3_CCD0.0.25",1.80826861155296,-0.232530113266962,-0.0881888136015661,-0.00455945616830099,0.0417860778389169,-0.0631605475690549
3306,"long_v3_CCD0.0.25",1.82818117340813,-0.127795618648216,-0.0104951892966079,0.00441896075197977,0.0198647020697149,-0.0889485553245806
3307,"long_v3_CCD0.0.25",1.87453292677792,-0.256418497416252,-0.0247145608919901,0.0150316563982528,0.0310278469755079,-0.0492013401721392
3308,"long_v3_CCD0.0.25",1.81593924000933,-0.129558220220522,0.0519025497645704,0.0102057845276687,-0.0100495778896148,-0.0478623846882631
3309,"long_v3_CCD0.0.25",1.85530918531368,-0.0730905098122946,0.0125094391410096,-0.0604734099824849,-0.0347368364546953,-0.0214848278986353
3310,"long_v3_CCD0.0.25",1.92697092335013,-0.0845438184567073,0.0627361630456662,-0.0369069314848144,-0.0315456673486414,-0.189615572657935
3311,"long_v3_CCD0.0.25",2.09127432377279,-0.14191865223598,-0.0265028153646984,0.0226860471709661,0.0199517598187461,-0.10232554937912
3312,"long_v3_CCD0.0.25",1.93349318129472,-0.167369856536264,0.141864595182455,0.0346446598568601,-0.0116938035330417,-0.117940196590055
3313,"long_v3_CCD0.0.25",1.85275367395875,-0.219994487811868,-0.129695680195414,-0.0517073648755337,0.0206617717137999,-0.0470698559841506
3314,"long_v3_CCD0.0.25",2.07818842937423,-0.123993590589075,-0.0213979703168052,-0.054721818644799,0.00408834781637947,-0.122172241190233
3315,"long_v3_CCD0.0.25",1.80892561430852,-0.107133179653047,0.00843757255530112,0.0484132427363207,0.0325824834069442,-0.117784204967927
3316,"long_v3_CCD0.0.25",1.76112056637363,-0.0955734573554565,0.103950679089988,0.0857875279343288,0.0590845544893142,-0.0792744680105579
3317,"long_v3_CCD0.0.25",2.01302162596386,-0.142317434552422,0.0145184089325168,-0.0340417301585561,0.0383664754839163,-0.0519153793709249
3318,"long_v3_CCD0.0.25",1.95116517185577,-0.154299918953228,-0.0321967581891646,-0.00792727941112042,0.0250266085424856,-0.12016772152545
3319,"long_v3_CCD0.0.25",2.01599142777563,-0.0718603222969642,-0.000711421878597059,-0.0199890898060472,0.01283935413136,-0.004181384650914
3320,"long_v3_CCD0.0.25",1.90139473892487,-0.12425671193926,-0.0220167963482457,0.0671059483204388,-0.0149775597498938,-0.0998786151667102
3321,"long_v3_CCD0.0.25",1.82538959251194,-0.141357501479123,-0.0478941407538422,0.0355217055146125,0.0471258227792341,-0.0995689009082389
3322,"long_v3_CCD0.0.25",1.9743154322469,-0.155041250343743,0.0206448924264315,0.0689305177151577,0.0468909190595588,-0.145237161357504
3323,"long_v3_CCD0.0.25",2.00973568202079,-0.0727453874200652,0.0605192338117099,0.0367147367460668,0.00198469385148979,-0.107274704246505
3324,"long_v3_CCD0.0.25",2.03895429582933,-0.238235063139411,0.00481583931977762,-0.0925512983189957,0.0267661503703026,-0.0613282305630009
3325,"long_v3_CCD0.0.25",1.84804668319101,-0.123761293211639,-0.0523199613321873,-0.0326979059604028,0.0239893132554254,-0.0671547598999853
3326,"long_v3_CCD0.0.25",2.03256531772167,-0.233210424409502,-0.0125702060011174,-0.0258428006714581,0.0925063341349521,-0.018075287921137
3327,"long_v3_CCD0.0.25",2.00114908792761,-0.274659656406425,-0.0820935118357657,-0.0315893916453883,0.0147803299770332,-0.15876148219303
3328,"long_v3_CCD0.0.25",1.79901676908703,-0.0799923414932392,0.0523274507855903,0.0127356624991549,0.023264758618492,-0.0720127028457436
3329,"long_v3_CCD0.0.25",1.96434416324429,-0.168320472090051,0.0748012966657354,-0.0122085640192512,0.0494804269646394,-0.0307117096423856
3330,"long_v3_CCD0.0.25",2.06696013214807,-0.0572237391012384,-0.0264041992211795,0.0564364131569507,0.0152531022207333,-0.0766891672492442
3331,"long_v3_CCD0.0.25",2.01716436944296,-0.102625154739777,0.0910712576714391,0.0533146764930611,0.0201174647152666,-0.135964484950812
3332,"long_v3_CCD0.0.25",1.97902663491928,-0.126735771080387,-0.0682951235399718,-0.0341526722819552,0.0201429555837242,-0.156508117610303
3333,"long_v3_CCD0.0.25",1.8551106714955,-0.0799545903283183,0.108327843563137,0.0306333545396627,0.0791810680852024,-0.0930957833788698
3334,"long_v3_CCD0.0.25",2.10057290467116,-0.0826319457717054,0.0198123288754415,0.00635318224889182,0.0267347162806735,-0.13158842316803
3335,"long_v3_CCD0.0.25",2.02129045981412,-0.148957228215185,-0.107123926429742,0.0507468332556441,0.0376644036128895,-0.142296941234626
3336,"long_v3_CCD0.0.25",1.85507745567517,-0.150444189903097,-0.062829594997258,0.02239385618848,0.0128713609143908,-0.0976618308926634
3337,"long_v3_CCD0.0.25",2.02610297343343,-0.0829450581316175,0.0463438957950528,0.0184717158702049,-0.00644746633192401,-0.13136254862171
3338,"long_v3_CCD0.0.25",1.92173001479429,-0.173557840398763,-0.0449324679245564,-0.0242399076610166,0.0173627619532253,-0.0213728837694443
3339,"long_v3_CCD0.0.25",1.85241139883105,-0.264257192783592,-0.224138598455837,0.0729746221018388,0.0236017533619265,-0.085157250706755
3340,"long_v3_CCD0.0.25",1.84942418902492,-0.126733167771963,0.0448505657327886,-0.0219995135006061,-0.00922759060414756,-0.0985246824567002
3341,"long_v3_CCD0.0.25",1.89622635690874,-0.11909229644559,-0.0105837631082775,0.0110277072005643,-0.0296551394911859,-0.0933094246440672
3342,"long_v3_CCD0.0.25",1.87076590165547,-0.108322612531364,-0.0407902307927111,-0.0110279070352173,0.012770056956946,-0.0601979191542498
3343,"long_v3_CCD0.0.25",1.88545302432272,-0.252976478505713,-0.0893251500564124,0.0446040587788533,0.0344612273705923,-0.0555794335334333
3344,"long_v3_CCD0.0.25",2.05970513393334,-0.175050506153057,-0.00578173867736737,-0.00156711142218406,0.0403456421243614,-0.105232639382666
3345,"long_v3_CCD0.0.25",1.98205504238487,-0.149559597169567,0.0201371270742052,0.03931777704592,-0.000748388582065392,-0.107692304050426
3346,"long_v3_CCD0.0.25",1.78992437942948,-0.210937478847893,-0.0228209893801109,-0.033152023639246,-0.000268718560807596,-0.0713561000703074
3347,"long_v3_CCD0.0.25",1.83820963591863,-0.141542910974919,-0.0283586138765091,-0.031704486069808,0.00873860679549683,-0.108851779872577
3348,"long_v3_CCD0.0.25",2.048861821222,-0.0693207655896476,-0.112500763937274,-0.0576678478292659,0.0445208055161412,0.0101413027311897
3349,"long_v3_CCD0.0.25",1.98263177748842,0.016136325436988,0.0982156602796512,0.00682752106460809,-0.00491115102203015,-0.046270816906869
3350,"long_v3_CCD0.0.25",1.84174906099522,-0.189095855405952,-0.0387098643738171,0.0347574997365988,0.0552580343167104,-0.0856212268805626
3351,"long_v3_CCD0.0.25",2.03947155988011,-0.154986677269338,0.0342609420959655,-0.0202142603471601,0.02138191002468,-0.12650411487703
3352,"long_v3_CCD0.0.25",1.6898844888111,-0.0794949562882907,0.0917524113505481,0.0145518565794592,0.0193913259575108,-0.0680334195130424
3353,"long_v3_CCD0.0.25",1.98961970419113,-0.114407099209377,-0.0407795108892339,0.0207903151063422,-0.00404982233304128,-0.0868262446185706
3354,"long_v3_CCD0.0.25",1.9058823933903,-0.125244596335167,-0.0862642010413998,-0.0381247509953523,0.0246945382445881,-0.102526798910047
3355,"long_v3_CCD0.0.25",1.97666960574675,-0.175879951843834,-0.100318215658449,0.0281568269708613,0.0702113391573417,-0.0523594779722138
3356,"long_v3_CCD0.0.25",2.10503795138784,-0.180794562208163,-0.0646784778309382,-0.0216669590309333,-0.0346881305558436,-0.0684108085257623
3357,"long_v3_CCD0.0.25",2.00219352259594,-0.170569120913559,0.0172239367574623,0.0130363257481936,0.0160750440784085,-0.0427271932570852
3358,"long_v3_CCD0.0.25",1.96809793162428,-0.0160368255402178,-0.0222826908787409,-0.0272188432089396,-0.046905596502825,-0.0144538535305966
3359,"long_v3_CCD0.0.25",1.91274130858562,-0.142074649377948,-0.0719653614385875,0.0283947820893835,0.0116379830940084,-0.0147217685850126
3360,"long_v3_CCD0.0.25",1.98762640367824,-0.152362402903849,-0.0422727437779475,-0.00027011535193155,-0.0206025488276939,-0.0586072350715787
3361,"long_v3_CCD0.0.25",1.85258942072483,-0.211261668858568,-0.046463223017134,0.0270821894433944,0.0533707839552188,-0.132385387427326
3362,"long_v3_CCD0.0.25",1.94715665460639,-0.148499580731069,-0.0559293571439817,0.0507271602240284,0.00823919696479682,-0.13697628740788
3363,"long_v3_CCD0.0.25",2.01013647810136,-0.174268325405631,-0.0680439315704538,0.0214427344640725,0.0510364707638259,-0.1392617275059
3364,"long_v3_CCD0.0.25",1.91393954673754,-0.167253310763935,-0.0156620731330026,-0.0143796943636582,-0.029913598214284,-0.0985841350516087
3365,"long_v3_CCD0.0.25",1.95883185047153,-0.0310050971791482,0.108438463132977,0.0609459559505162,-0.0646800472595376,-0.0855796126387226
3366,"long_v3_CCD0.0.25",1.96178353495764,-0.114400653052888,0.00288976127620686,0.0226245395228811,0.042020945665413,-0.113027596344469
3367,"long_v3_CCD0.0.25",2.01399240321762,-0.178760160095091,-0.0826088534909711,-0.0279787068231367,0.0118152536655877,-0.0979604404530597
3368,"long_v3_CCD0.0.25",1.97230762145937,-0.0388720878822479,-0.0661168871431477,-0.0289390951491539,0.0998920760911342,-0.0384897091515526
3369,"long_v3_CCD0.0.25",1.91592319599042,-0.185847383581448,-0.0131193006791348,0.00604916203969888,0.00661911999153946,-0.068319544921192
3370,"long_v3_CCD0.0.25",1.90592927580638,-0.134630739624888,-0.0708021404771972,0.0308599993255122,-0.0529166026606497,-0.0435734965268914
3371,"long_v3_CCD0.0.25",1.99865705304536,-0.148642937084347,-0.0395062604743264,0.0137664754112207,0.0329280298748079,-0.0582719495730932
3372,"long_v3_CCD0.0.25",1.92376471575324,-0.0747419342343888,0.0253933924849027,0.0516683122668229,-0.0159375304273753,-0.100800731096341
3373,"long_v3_CCD0.0.25",1.94363467870319,-0.240228927681674,-0.102894581087891,-0.00803085126895802,0.0270514217590635,-0.127220120748219
3374,"long_v3_CCD0.0.25",1.96109751736893,-0.17054876756143,-0.0644294962368874,-0.0244432663226274,0.0790978038037672,-0.0802280323534195
3375,"long_v3_CCD0.0.25",2.05937331106655,-0.137027840088492,0.0558789941089687,0.0301071818412084,0.039951812814077,-0.115636300533776
3376,"long_v3_CCD0.0.25",1.95719261966055,-0.171632194831732,-0.0512504289575757,0.0161843215419589,-0.044757417832986,-0.0585275270332195
3377,"long_v3_CCD0.0.25",2.02858947521574,-0.17858549379682,0.0635772852846384,0.0108002246789137,0.032388593547758,-0.115556999210501
3378,"long_v3_CCD0.0.25",2.04380572573735,-0.188899911378413,-0.0297818051509787,0.00715544519068306,-0.0255818529109044,-0.115655649163344
3379,"long_v3_CCD0.0.25",2.08788595433196,-0.109885442199163,0.0510379968041702,-0.0185364198084163,-0.019444937354744,-0.0408813156533848
3380,"long_v3_CCD0.0.25",1.99363857801385,-0.290164815262036,-0.0774668614767197,-0.0332107099470559,0.119720445748712,-0.0233747865514963
3381,"long_v3_CCD0.0.25",1.90816437061943,-0.0954182651171548,-0.0172938875192598,0.0333746261945935,0.0129427490009063,-0.0965138109665725
3382,"long_v3_CCD0.0.25",1.71470185198113,-0.241678866819941,-0.0301207621980673,0.0518729931911974,-0.0700131924437746,-0.0204586599113975
3383,"long_v3_CCD0.0.25",1.95591846926398,-0.167146570799489,0.0154845996569925,0.0396004677364952,-0.0327639510242593,-0.129229077404069
3384,"long_v3_CCD0.0.25",2.04971704456487,-0.0992361276925203,0.103388178721095,-0.0234905774381263,0.0462888905016241,-0.0739673706720642
3385,"long_v3_CCD0.0.25",1.95768588047753,-0.131532958634573,0.024240791658173,0.0373413109934474,-0.057630574825857,-0.126345011264178
3386,"long_v3_CCD0.0.25",1.96246178331544,-0.100908507620929,0.0703888022965937,0.0229796496140772,0.0342943196961167,-0.0522946459989996
3387,"long_v3_CCD0.0.25",2.04324005047042,-0.0995168465094911,0.0782344826249931,-0.00120282087117767,-0.00125987062118767,-0.0722231690296131
3388,"long_v3_CCD0.0.25",2.02711672331923,-0.108673283171152,0.0116069711219115,0.0758333757025797,0.0499757068665631,-0.065642695851524
3389,"long_v3_CCD0.0.25",1.93133897970005,-0.144783043170726,-0.0259803279853876,0.0492341276828981,-0.0513411269189494,-0.09061178555489
3390,"long_v3_CCD0.0.25",1.98035757204515,-0.166532877518984,0.0292575708193876,-0.0261726608299221,0.0857584904990577,-0.0796348712395357
3391,"long_v3_CCD0.0.25",2.0716478455364,-0.209255626535584,0.0420075530156164,0.0426010960916658,-0.00260503304344403,-0.149151058522861
3392,"long_v3_CCD0.0.25",2.07769294486319,-0.100277076407468,0.0289730903521632,0.0194875166560982,0.0343241938947986,-0.139983075425452
3393,"long_v3_CCD0.0.25",1.78956825964536,-0.0755195921429689,0.0330080654954244,0.0274482111300433,0.0562842342957394,-0.0357032168081538
3394,"long_v3_CCD0.0.25",1.97438220057515,-0.258266171697294,0.0153237862445286,0.0624453666251552,0.0294468139369364,-0.0123706855171787
3395,"long_v3_CCD0.0.25",1.96199079525796,-0.0688442991164605,-0.0419527678041106,-0.00630204692760466,0.0299226485670558,-0.116422937187625
3396,"long_v3_CCD0.0.25",1.80259135994761,-0.255200146958756,-0.1450826620065,0.0120241756452935,0.056371421903231,0.025433304025338
3397,"long_v3_CCD0.0.25",2.0243700739395,-0.0401701691540326,0.0620185288154911,0.0152501726716972,-0.0156795842475714,-0.0983952617671611
3398,"long_v3_CCD0.0.25",1.92671518718208,-0.0477418890134875,0.0657788778506235,0.0505642241761505,0.0285736511711178,-0.0714603286398542
3399,"long_v3_CCD0.0.25",1.87341210880334,0.00399728925416168,0.0116298222893681,-0.144001508515478,-0.00359146356524719,0.0279578843106657
3400,"long_v3_CCD0.0.25",1.95446773660149,-0.0652930219213875,0.0909798509415098,-0.00833375197329832,-0.0291981997996984,-0.0897756133276747
3401,"long_v3_CCD0.0.25",1.99402187062852,-0.228240244415765,-0.0159685512111262,-0.06518333082048,0.0401106426161082,-0.0837226413028695
3402,"long_v3_CCD0.0.25",2.00205947231877,-0.072615795234124,0.0595156132463131,0.0352327872804285,-0.00425217588186593,-0.161439627545236
3403,"long_v3_CCD0.0.25",1.90988963104236,-0.124550119682416,0.00820747693520135,0.0411853612628077,0.0507496802109196,-0.0595186624632781
3404,"long_v3_CCD0.0.25",1.89006479732221,-0.228517812349924,0.0123424632684451,0.045030830177207,0.0783877296877819,-0.0895155667285237
3405,"long_v3_CCD0.0.25",1.92957409312585,-0.0932413516423886,-0.0590382015723864,0.0263696616426672,-0.0956026166033727,-0.117369556033492
3406,"long_v3_CCD0.0.25",1.91755461197129,-0.160445281457172,0.056543327033238,-0.0212662479045446,0.0317691967054218,-0.127288799392783
3407,"long_v3_CCD0.0.25",2.15141437797231,-0.13397097365774,0.0720473427829142,-0.0678119654899039,-0.054644796595903,-0.123942116579067
3408,"long_v3_CCD0.0.25",1.87957422412919,-0.165760794002233,-0.0334978215389129,-0.0102762775458314,0.0234340635424505,-0.02698606512503
3409,"long_v3_CCD0.0.25",2.06179438849585,-0.259857267286673,0.0473731694826885,-0.0818742757837128,-0.0253973661496935,-0.175623113108492
3410,"long_v3_CCD0.0.25",2.00255067908781,-0.153302914565543,-0.0207309718786753,0.00825829655350053,0.0427361970358887,-0.0951097760569939
3411,"long_v3_CCD0.0.25",2.02544687232002,-0.177772514659321,-0.025048388137595,-0.0324590976618889,0.00661223367199044,-0.120632871474954
3412,"long_v3_CCD0.0.25",1.87081195914678,-0.064792504240092,0.0958945653959818,-0.0291429538502717,-0.0237619447874521,-0.102953785251273
3413,"long_v3_CCD0.0.25",1.83469517268406,-0.0465946475525423,0.00191984115497542,0.0508387256491957,-0.00658992157325944,-0.036516111379841
3414,"long_v3_CCD0.0.25",1.92031122502881,-0.0883698611516285,-0.000376308460788955,0.0118042198917511,0.0243896637903768,-0.105890800656016
3415,"long_v3_CCD0.0.25",1.91404893298145,-0.206062805436043,-0.0319249594371784,0.0124480410909582,0.0283468589520194,-0.11002396556907
3416,"long_v3_CCD0.0.25",1.8541990043376,-0.0473664499390794,-0.0365925662164329,0.0384235741502585,0.0296555405389609,-0.0458194570231885
3417,"long_v3_CCD0.0.25",1.9558550675627,-0.0250305491274982,0.116807651407322,0.0237127407304888,0.0195188349349411,-0.119353094168767
3418,"long_v3_CCD0.0.25",1.91668989661906,-0.0973161153462265,0.0198930506749212,-0.0343331681812446,0.0713517736255672,-0.074114796334583
3419,"long_v3_CCD0.0.25",1.92087243316177,-0.153670105501716,0.016104289952978,0.0387981368792436,0.0375148959288956,-0.119910273927627
3420,"long_v3_CCD0.0.25",1.76060745134514,-0.157917493885121,-0.0351074944389687,0.000800810799728256,0.0141704866290714,-0.0541595005346384
3421,"long_v3_CCD0.0.25",2.01470534394107,-0.188907979791857,0.0349461310926627,0.0612258168508769,-0.00301194056336168,-0.0628515918931506
3422,"long_v3_CCD0.0.25",1.95963580676665,-0.0747323782525416,-0.00154128478430075,0.0306093012355821,0.0179481704439585,-0.110127999854435
3423,"long_v3_CCD0.0.25",1.90658319446074,-0.0621278018339486,0.0207379506683718,-0.107359561818606,-0.00136650518664951,0.0282736189332575
3424,"long_v3_CCD0.0.25",1.88948888052353,-0.134928463678747,-0.0448422769751526,-0.00545785399458121,0.0567836237136333,-0.0673025504007268
3425,"long_v3_CCD0.0.25",2.06895747718842,-0.0977382530808064,0.0662686834844388,-0.0245639915883057,0.0713290893298907,-0.0535128505674871
3426,"long_v3_CCD0.0.25",1.9729111303922,-0.0984621186513436,0.00456147369783137,-0.0311638297174054,0.02834330695913,-0.136531263355432
3427,"long_v3_CCD0.0.25",1.90866393182436,-0.0963176618819136,-0.0570384854220476,0.0444584638998192,0.00871447881555763,-0.0720033250470257
3428,"long_v3_CCD0.0.25",1.93426741593581,-0.116364630762362,0.0231543406694953,-0.0160650064726373,-0.00159251916614016,-0.0832650502743361
3429,"long_v3_CCD0.0.25",1.88710016256807,-0.0899599225901185,-0.0010114272071984,0.00831510145166478,-0.043014135439325,-0.0688801505277151
3430,"long_v3_CCD0.0.25",1.890782885981,-0.0878930165238613,0.0218077678551907,0.0238974153492552,0.0268719399314486,-0.126723676637869
3431,"long_v3_CCD0.0.25",2.19679954472217,-0.0375160188832588,-0.082477441336703,0.0362540609944386,-0.00828310354395272,-0.0433667920241998
3432,"long_v3_CCD0.0.25",1.92189539558086,-0.154250951475451,-0.0983539376377874,-0.0604547046069083,-0.0466700196923652,-0.0486848684330785
3433,"long_v3_CCD0.0.25",1.99317233786605,-0.1753076375786,-0.179330079513058,0.0362839903158741,0.0740819738730857,-0.116247667222386
3434,"long_v3_CCD0.0.25",1.8966225620409,-0.0527289723155238,0.0956247309492519,0.0168664169956452,0.0182120378261793,-0.0816130382850555
3435,"long_v3_CCD0.0.25",1.9528309291101,-0.163734846442874,0.0414781998445841,0.0269405253817912,-0.0128884338008062,-0.233927217850462
3436,"long_v3_CCD0.0.25",2.00825206094682,-0.188126628238765,-0.0482039375071247,0.0413972989026249,0.0351192043934092,-0.0417975079796873
3437,"long_v3_CCD0.0.25",1.72846188109494,-0.178510272579415,-0.0732578986990382,-0.030603509181875,0.0688214330994522,-0.131733926408551
3438,"long_v3_CCD0.0.25",1.91291488887353,-0.225734929820587,-0.0680117406967629,0.0190638736177961,0.0766864973189586,-0.0631892319047586
3439,"long_v3_CCD0.0.25",2.06881875546846,-0.0954285552309064,0.0960312208370139,-0.0231182813547925,0.024490826928516,-0.1028969739679
3440,"long_v3_CCD0.0.25",2.00950817888832,-0.180061099606342,0.0218174808908434,0.0427025503927562,0.0584873826461321,-0.165007343094898
3441,"long_v3_CCD0.0.25",2.03663567768683,-0.191425867497718,-0.101687639563105,-0.0227319450414079,-0.00463113270516286,-0.113510983032718
3442,"long_v3_CCD0.0.25",2.10057104598747,-0.156532596846073,0.00990298272003372,0.0235267923216862,0.0261191469922403,-0.101225342185462
3443,"long_v3_CCD0.0.25",2.01039847093312,-0.130725531882453,-0.0328574905608043,0.00598869521443573,0.0437995038713208,-0.104652197814611
3444,"long_v3_CCD0.0.25",1.9749461430536,-0.088398259829597,0.07257424931753,0.0343153074348682,-0.0331664992386209,-0.181619471344237
3445,"long_v3_CCD0.0.25",2.01298210887096,-0.108958086529177,-0.00891885505508849,0.00762941645301619,0.0748320256418591,-0.082854527094951
3446,"long_v3_CCD0.0.25",1.96301197468105,-0.173887503999051,0.101685018233455,0.00292520046175667,0.0191417911158491,-0.0643000558461739
3447,"long_v3_CCD0.0.25",1.89368272033195,-0.141280365099012,-0.0752423031851484,-0.0258339760089361,0.0578223986526231,-0.0718871550432126
3448,"long_v3_CCD0.0.25",1.93354265598857,-0.0985731195501032,0.0779135567485826,0.0426368161891186,-0.0190167299380764,-0.0743499477360723
3449,"long_v3_CCD0.0.25",1.97819985934633,-0.0596733397599919,0.115272159209214,0.0596069747933271,0.0212931264477437,-0.0752366791743393
3450,"long_v3_CCD0.0.25",1.96696646578128,-0.101621558973523,0.0493077467681469,0.0141918302417669,0.0225401185810206,-0.0388510550663168
3451,"long_v3_CCD0.0.25",2.04623967165378,-0.130945626999265,-0.0587351201292918,0.0587561207962241,-0.0214565863736631,-0.0925180156702889
3452,"long_v3_CCD0.0.25",1.95706242674879,-0.127466478323617,-0.048975761098205,0.0131891968800419,-0.00790941213221191,-0.071993335405164
3453,"long_v3_CCD0.0.25",2.08407519677723,-0.191665330145681,0.100968565821957,0.0782431287556822,0.0512078463628657,-0.144876373286709
3454,"long_v3_CCD0.0.25",1.82604736817313,-0.0756304043583975,-0.0686068739433318,-0.000112588486422769,0.026883658005564,-0.0527621842928859
3455,"long_v3_CCD0.0.25",2.10292601770403,-0.0952218830698093,0.0768447104948309,0.0281207680797056,-0.00700000352245733,-0.119050357411354
3456,"long_v3_CCD0.0.25",1.91049953161267,-0.158511026364765,0.00861318274158114,0.00464153193893679,0.039143633369579,-0.110407752102122
3457,"long_v3_CCD0.0.25",1.95226310868725,-0.113536138044206,0.00919790912549099,0.0171754482184645,0.0181463682326482,-0.10077934700419
3458,"long_v3_CCD0.0.25",2.0134545327766,-0.0702747034071036,0.0198816586631945,0.0251770456332981,0.0425448783909283,-0.0342059644986678
3459,"long_v3_CCD0.0.25",1.86479427041681,-0.236439741370125,-0.137376671377162,-0.00617470431809718,0.0541907813473466,-0.104747270426095
3460,"long_v3_CCD0.0.25",1.92816392484316,-0.0280077294744503,-0.0290196217139319,0.0387683218387469,0.0508235611591189,-0.0867560466926635
3461,"long_v3_CCD0.0.25",1.904554679716,-0.183107666225984,-0.028439406035744,0.0328914004763449,0.0192103454574683,-0.0915151530900313
3462,"long_v3_CCD0.0.25",1.97295614554791,-0.0738953564549511,0.0655905345132616,-0.00110777227743449,0.0450314194136897,-0.0727331106902997
3463,"long_v3_CCD0.0.25",1.87374307998768,-0.0786144141377989,-0.0182838024362301,-0.0140108449793871,-0.0490843608651208,-0.0336769366650955
3464,"long_v3_CCD0.0.25",2.0077099763329,-0.132724435751816,0.0498781619282607,0.0196268696324391,-0.0652357667930925,-0.122128879404428
3465,"long_v3_CCD0.0.25",2.09276680053568,-0.181712577732304,0.00467864946603227,0.00977058503996494,0.0053988009608036,-0.07304759266183
3466,"long_v3_CCD0.0.25",1.99368493356671,-0.0733643310888633,-0.00713243481464241,0.0187953952494011,-0.0262710166683958,-0.116089980579719
3467,"long_v3_CCD0.0.25",1.82035008402938,-0.182798192660957,-0.0640090969135242,0.0289188012085041,-0.0178452286580442,-0.0595020983391842
3468,"long_v3_CCD0.0.25",1.80491361814128,-0.139150870703592,0.0333323632647129,0.0369466658689948,0.00921046039110729,0.0220532478264774
3469,"long_v3_CCD0.0.25",1.82190377903746,-0.107293201778384,-0.0703726586760113,0.0677359153780059,-0.0250655841592438,-0.105699272928732
3470,"long_v3_CCD0.0.25",1.85036170755456,-0.0333904831345241,0.125561704067971,0.0342882291032925,-0.0191220862651509,-0.0783748052951593
3471,"long_v3_CCD0.0.25",1.80598806870424,-0.140728698174774,0.0319459941805806,-0.00455615018442039,0.0260921534505349,-0.0863016694271175
3472,"long_v3_CCD0.0.25",1.94455493894589,-0.0694301015225951,0.0977496650252551,-0.0154461729607183,0.0339653030383386,-0.133827512866085
3473,"long_v3_CCD0.0.25",1.97681277768336,-0.145072001226385,0.0886680433112829,0.0480778771101952,0.0159018890597071,-0.0681818941849184
3474,"long_v3_CCD0.0.25",1.93445447631583,-0.0192589711401404,0.0684450093575519,-0.0136635056904627,-0.0112921609210159,-0.0241076931733202
3475,"long_v3_CCD0.0.25",1.77829127553143,-0.106070613844024,0.037135373107075,-0.0181978945890081,-0.0550222876910176,-0.0625730201177719
3476,"long_v3_CCD0.0.25",1.9555969118689,-0.018438570229059,0.025812068228155,-0.036698649114146,-0.0198265411184031,-0.0653341075870078
3477,"long_v3_CCD0.0.25",1.9718702575273,-0.123518322627944,0.0559884024008575,-0.0356251370504106,0.0409090975993284,-0.0853269963226509
3478,"long_v3_CCD0.0.25",1.91772564268544,-0.156305752759538,-0.0196407585094016,-0.00616079053947571,0.00218078976063361,0.0198895938370865
3479,"long_v3_CCD0.0.25",1.86493025874073,-0.0704662998858934,0.0203570713560333,0.0572774014490587,0.0464158673743291,-0.0239374047699577
3480,"long_v3_CCD0.0.25",1.9852094250586,-0.153612541095631,0.00189402491675269,-0.017830916028002,0.0473207353956511,-0.119971258029151
3481,"long_v3_CCD0.0.25",2.110178903862,-0.190720536649752,0.0226362883224254,0.00280086111539771,0.0668066460613093,-0.132420617003724
3482,"long_v3_CCD0.0.25",2.04446405114957,-0.107660018128627,0.0703252932401744,-0.00973140383776225,0.0435593838873853,-0.0983702421109656
3483,"long_v3_CCD0.0.25",1.84242414636503,-0.14264496023941,0.0437472655245357,0.00734262896015683,0.00342222021306806,-0.0766604350368801
3484,"long_v3_CCD0.0.25",1.95011146631786,-0.097091619559041,-0.01069187135268,0.00521303530175942,0.0242989499306743,-0.134183552290404
3485,"long_v3_CCD0.0.25",1.86069414956351,-0.0499144040672973,0.0797048946615493,0.0144046647973126,-0.0143930235833202,-0.109092991327054
3486,"long_v3_CCD0.0.25",1.88809140582059,-0.125091663950463,0.030837999148446,0.0443871223513514,0.0317985120600123,-0.052826274642914
3487,"long_v3_CCD0.0.25",1.79489301948486,-0.152351865280373,0.076490738046796,0.0110481331646061,0.0536997151680833,-0.136996150362414
3488,"long_v3_CCD0.0.25",1.80386839528763,-0.105086607200106,0.00612182836340038,0.0283066368926032,0.0284922175338247,-0.0367299691927468
3489,"long_v3_CCD0.0.25",2.02536977343031,-0.14385858701291,-0.0462700304238066,-0.0300532872406546,0.0362535778262155,-0.107518130774132
3490,"long_v3_CCD0.0.25",1.93454022040843,-0.0957654210431837,0.144958381463278,0.0494435931919965,0.0552412900300123,-0.0881916188914786
3491,"long_v3_CCD0.0.25",1.78690785556171,-0.17136345951574,-0.132138728836796,-0.0208853015554667,-0.0428006326798267,-0.0225438000168764
3492,"long_v3_CCD0.0.25",1.84468311263718,-0.178089459919928,0.044305024749869,-0.0122846456342239,0.018476031632909,-0.0138998178311243
3493,"long_v3_CCD0.0.25",1.85400374350504,-0.106143675215171,-0.0253206169541949,-0.0124426821205806,0.0235383811946053,-0.0736743205408172
3494,"long_v3_CCD0.0.25",1.83141119791443,-0.189982851294428,0.047831683575788,-0.0381745616159478,0.0435751763222022,-0.105453674642716
3495,"long_v3_CCD0.0.25",1.75537127501914,-0.0556977433442044,0.0137726986426961,0.00328570296227048,0.0422215747993671,-0.0750428703172916
3496,"long_v3_CCD0.0.25",1.87480813947761,-0.0568450721347904,-0.0328969385614889,-0.00915250463351634,0.0244168950929738,-0.0257681559496357
3497,"long_v3_CCD0.0.25",1.89307125020104,-0.145811108630501,-0.000692431709379287,-0.0440115489512775,0.0103017071990439,-0.074346179198528
3498,"long_v3_CCD0.0.25",1.7713965064492,-0.0435221447667626,0.0363348341638442,-0.0308312537592448,-0.00411387344628524,-0.0963026098891183
3499,"long_v3_CCD0.0.25",1.84878228822408,-0.0205126770285417,0.0470371430633014,0.0759555008799312,0.0160250741790263,-0.0621697919754297
3500,"long_v3_CCD0.0.25",2.01228878401339,-0.181368390060186,0.10908678623251,0.0310281330163018,0.0416188882839065,-0.101367942091201
3501,"long_v3_CCD0.0.25",1.95761061334665,-0.0848891525712206,-0.013303593760387,0.0247963849007961,0.0106539778126649,-0.0280364964265652
3502,"long_v3_CCD0.0.25",2.07220919904966,-0.119627907510551,0.0821532469491288,0.0875925530520148,-0.0112751464112703,-0.129606460117222
3503,"long_v3_CCD0.0.25",1.91949078492782,-0.16987133173396,-0.00356353685969689,0.0344152730464447,0.0945218670082993,-0.073555490937947
3504,"long_v3_CCD0.0.25",1.95895392775002,-0.233450066874867,-0.0963145859943997,-0.0147409636280364,-0.0340272416601956,-0.0904105338234431
3505,"long_v3_CCD0.0.25",2.02110717940328,-0.0480504259620062,0.126077735866092,0.0237847806368902,-0.0121441939592446,-0.12055025004974
3506,"long_v3_CCD0.0.25",1.88730899972265,-0.155103614255809,-0.0242668991721419,0.0500266922234942,0.0635682016766875,-0.128894157214807
3507,"long_v3_CCD0.0.25",1.95536756944923,-0.129264884825431,0.0398802513749284,-0.016200420537968,0.0456067828384166,-0.0774058694188302
3508,"long_v3_CCD0.0.25",1.9309565499136,-0.105793869806473,-0.0189990511986162,-0.00241100778481228,-0.00353934483603954,-0.120519926621361
3509,"long_v3_CCD0.0.25",1.88620505043078,-0.162838755399056,0.0571093687323411,0.0448073241264891,0.0225780215437489,-0.0394186092802221
3510,"long_v3_CCD0.0.25",1.91429803368524,-0.169380548822252,0.00790316808031111,0.0177113723002606,0.00376449590370168,-0.0774180655192637
3511,"long_v3_CCD0.0.25",2.13578381171574,-0.172259304149867,-0.0308563444555309,-0.0304577799411005,0.00926848106589912,-0.117861229884353
3512,"long_v3_CCD0.0.25",1.8300390305318,-0.101699496375346,0.056856965712056,0.0250630331116862,0.0741676527212154,-0.0391401529833963
3513,"long_v3_CCD0.0.25",2.03794114211249,-0.0723666050760395,-0.0140300585887141,0.0178921790346761,0.0748567501457233,-0.0641365561258135
3514,"long_v3_CCD0.0.25",1.973964314233,-0.067704958220799,0.137609640823546,0.0357089226246106,0.0238858369386799,-0.107671898665323
3515,"long_v3_CCD0.0.25",1.93901928311959,-0.109108497938708,-0.0508691791552449,-0.0032588919119464,0.0432192918893791,-0.0858492427427215
3516,"long_v3_CCD0.0.25",2.00211210400082,-0.163887642329798,-0.0266403828249331,0.0190938229328489,0.00627871515725722,-0.093846796528255
3517,"long_v3_CCD0.0.25",1.95804480794976,-0.101443348751445,-0.017761445452668,0.0213417680059393,-0.00519887007238655,-0.106581144243997
3518,"long_v3_CCD0.0.25",2.07838164384209,-0.164782837343573,0.000998022021390862,0.0634979975463885,0.000595924600354486,-0.164131356573013
3519,"long_v3_CCD0.0.25",2.00768483490017,-0.0869872862722086,0.0567802545272804,0.052853507543074,-0.0404620438816189,-0.0891683556520071
3520,"long_v3_CCD0.0.25",1.93627798230603,-0.0851201832043537,0.169288852086986,-0.00969528018477003,0.0464238194433792,-0.139218125908685
3521,"long_v3_CCD0.0.25",1.86817535314521,-0.159080956723457,-0.0337915361582738,-0.00503327182406814,-0.00255451255996369,-0.00465825743439909
3522,"long_v3_CCD0.0.25",1.87722612095946,-0.115214602076917,-0.0953053994606762,0.0700133051895294,-0.051507523986408,-0.11652760433658
3523,"long_v3_CCD0.0.25",2.0587430496839,-0.114297031262879,-0.0466948908690547,-0.0296355205886082,0.0442500596926887,-0.0844786925738823
3524,"long_v3_CCD0.0.25",2.00481057376502,-0.15129559355302,0.0457003196448546,0.0600318252201185,0.0305168115400319,-0.135770691848733
3525,"long_v3_CCD0.0.25",2.00102921987527,-0.0886701977919561,0.0204625474916414,0.0344815939610597,0.00845378227680875,-0.157875171261622
3526,"long_v3_CCD0.0.25",2.08961738793876,-0.106315773305656,0.02124051577039,-0.0184030857217137,0.025863135269754,-0.143700052052058
3527,"long_v3_CCD0.0.25",1.89310652583169,-0.0996316986817063,-0.00419775451727599,-0.00885399256608188,0.0537879172964427,-0.0721591237512035
3528,"long_v3_CCD0.0.25",2.00942427399081,-0.17078569602363,0.0240822350623324,-0.00454911575430691,0.00605038361563869,-0.116640871420292
3529,"long_v3_CCD0.0.25",1.9900552370834,-0.11722415899851,-0.00716322448216432,-0.0467093699929332,0.0359451633062673,-0.0517272965201064
3530,"long_v3_CCD0.0.25",1.96495050050898,-0.175598705475413,-0.123646710564965,-0.032456117711678,0.0397071518358718,-0.0907514145250367
3531,"long_v3_CCD0.0.25",1.92938673892996,-0.0707065055931608,0.0838592002480367,0.0536814909960266,0.0323305974705509,-0.0719264989299452
3532,"long_v3_CCD0.0.25",2.0296659668363,-0.228093150707013,-0.0451562557016673,0.0206730935197448,0.0375476931454827,-0.10381160874682
3533,"long_v3_CCD0.0.25",1.98694123869687,-0.0630066049668421,0.0901105404931304,0.014993437064833,-0.00965694787271098,-0.0674711145296651
3534,"long_v3_CCD0.0.25",1.86245091420614,-0.156299825614088,-0.0259185532175994,-0.0404764173233823,0.0644076453811906,-0.0845491735436806
3535,"long_v3_CCD0.0.25",1.86299315965142,-0.193118101304848,0.00639919045347376,-0.000319988905790028,-0.0571883420022481,-0.116167414102664
3536,"long_v3_CCD0.0.25",1.90557748601688,-0.199875139072184,0.0137311591694805,0.018580954945472,0.0564424504240139,-0.143870666306708
3537,"long_v3_CCD0.0.25",2.01388488105202,-0.0793952094064201,0.0426568294019579,-0.0132550153938275,0.0467655503209176,-0.0104927248628606
3538,"long_v3_CCD0.0.25",1.71580441652928,-0.104257872536593,0.0230358801199993,-0.0280226677859564,0.0243794698753309,-0.135894642930705
3539,"long_v3_CCD0.0.25",1.84131339082818,-0.0926067065922776,0.0768385538607241,0.0219678763452484,0.0135205353093004,-0.13037837978228
3540,"long_v3_CCD0.0.25",1.91233947712748,-0.190034267296114,-0.0689111932726124,0.062294188757419,0.0760811972662672,-0.105045677980361
3541,"long_v3_CCD0.0.25",1.94396936265521,-0.149399205049834,0.0454037920628513,0.00401276676624514,0.0198307658305215,-0.0615372817763498
3542,"long_v3_CCD0.0.25",1.78738319178266,-0.209760794274661,-0.00633935877723782,-0.00301332739341723,0.027363449404822,-0.125983530528083
3543,"long_v3_CCD0.0.25",1.93580399426771,-0.118821208528228,-0.0570150847987931,0.0293327918757117,0.0068871574199455,-0.0150291164602655
3544,"long_v3_CCD0.0.25",1.79237840616926,-0.296909020258338,0.0230314486876431,0.0526259431538921,-0.0081021922826735,-0.0321290619137573
3545,"long_v3_CCD0.0.25",2.15409816068318,-0.190653882858589,-0.144961783706949,-0.00203412823002825,0.00421422794572446,-0.151167551016056
3546,"long_v3_CCD0.0.25",1.96217875005696,-0.248185177834097,-0.023864989854048,-0.0142622602157853,0.0334679035336332,-0.0862478886269586
3547,"long_v3_CCD0.0.25",1.91892629525725,-0.1470844815221,-0.0367333377187058,-0.00390721579302162,0.00427290176766536,-0.125378598679296
3548,"long_v3_CCD0.0.25",1.89797119528964,-0.133005227568421,0.0815712419063599,0.0514212808606405,0.0594166166054637,-0.0911384062478219
3549,"long_v3_CCD0.0.25",1.9709893704392,-0.137216345140891,-0.0810180173345696,0.0405578523905452,-0.013338135013121,-0.132058600493034
3550,"long_v3_CCD0.0.25",2.02038456919843,-0.135291807222118,-0.0237809438014279,-0.0123028749627,0.0536548157991028,-0.0762047459017191
3551,"long_v3_CCD0.0.25",1.93843251399237,-0.154475732315846,-0.0718644183788436,0.0323877496211098,0.0521090062238033,-0.0981618575006319
3552,"long_v3_CCD0.0.25",1.99267931655243,-0.0925861112791418,0.0403428084640336,-0.0149873433121573,-0.0272447508719861,-0.118729359711866
3553,"long_v3_CCD0.0.25",1.9212688652612,-0.166919837895773,0.0173055920563261,0.0678397802918023,0.0833635143083844,-0.14620690742063
3554,"long_v3_CCD0.0.25",1.84945784656104,-0.0876419009322416,-0.00264942988183694,-0.0243591271864618,0.0287232512149065,0.00327274768772623
3555,"long_v3_CCD0.0.25",1.89677976493618,-0.0383327783222245,0.0921404259007237,0.0268215998815249,-0.00598969236550017,-0.104350226078379
3556,"long_v3_CCD0.0.25",1.93166331659284,-0.110982024482217,0.0846027982428873,0.0544987232855233,-0.0298842970019703,-0.104618085042497
3557,"long_v3_CCD0.0.25",1.77283046691451,-0.125516947052647,0.0546133396999839,-0.0178978043047973,0.0186630271719818,-0.0681135669085784
3558,"long_v3_CCD0.0.25",1.77895084142371,-0.158548361804127,0.00345133534301857,0.0311275380738298,0.052554274538848,-0.0184021814938646
3559,"long_v3_CCD0.0.25",1.94790647361266,-0.0537300728128941,0.0586217640857972,0.0175514026162193,-0.0421298782691913,-0.101719449784682
3560,"long_v3_CCD0.0.25",1.95831945978514,-0.222170526545423,-0.148870400785371,-0.0398125602943962,0.0634163723346726,-0.0862641326064859
3561,"long_v3_CCD0.0.25",1.94630991731999,-0.105816354772547,0.0491481009422549,-0.00248213822475624,0.0237232403842159,-0.0962827842675588
3562,"long_v3_CCD0.0.25",1.89813284222607,-0.148833081448162,0.00361845004842415,-0.0385986662048654,-0.0495101338959268,-0.0932292640357102
3563,"long_v3_CCD0.0.25",2.00649911037517,-0.0727869350973926,0.0439471838816719,0.0730099148517124,-0.0115038966192488,-0.123138375893607
3564,"long_v3_CCD0.0.25",1.94175692263752,-0.161917768432292,0.0372767336725735,-0.0171627322543129,0.0493571197743099,-0.123611524909482
3565,"long_v3_CCD0.0.25",1.88941503614023,-0.221643261643624,-0.038399251494882,-0.00776941865700259,0.027526538920288,-0.0819813522230965
3566,"long_v3_CCD0.0.25",1.68458015242181,-0.16384268182428,0.000835588207639274,0.0212553684419823,0.037520324340803,-0.0908901275048669
3567,"long_v3_CCD0.0.25",1.96250113655045,-0.132819213296488,0.00712936324683219,-0.0269806570007821,0.0298079704168814,-0.0835872095042431
3568,"long_v3_CCD0.0.25",1.9630653443683,-0.107163092347426,-0.0455626350753151,0.00942984413894944,0.0319464310643394,-0.170039986338624
3569,"long_v3_CCD0.0.25",1.96796837729436,-0.0775366224681294,0.0483191577389132,-0.0115162954012469,0.00161220390465072,-0.0830231031401815
3570,"long_v3_CCD0.0.25",2.00511504644547,-0.146468681791404,-0.0143250292320336,0.0173076200406479,0.0582975211080755,-0.158915609083814
3571,"long_v3_CCD0.0.25",2.07610517283331,-0.113269750382473,0.0267521426206276,0.0197663763316819,0.0326917936542887,-0.087350758828523
3572,"long_v3_CCD0.0.25",1.78262434730293,-0.0854509639045565,0.0262592064872908,-0.0274616583907622,0.0115185780015154,-0.0639336629036637
3573,"long_v3_CCD0.0.25",2.09562157368652,-0.182144549429491,0.0308593705674435,0.0193020383018437,0.0794454524789367,-0.07082342361838
3574,"long_v3_CCD0.0.25",1.95921234064298,-0.133486464611935,0.0251699581800249,0.0212662140492766,-0.0344853342882158,-0.0953886836621212
3575,"long_v3_CCD0.0.25",1.93615822227802,-0.0140852705680612,0.0905231630512315,0.00460779170478061,-0.038738735013639,-0.0617835678553493
3576,"long_v3_CCD0.0.25",1.96004382161342,-0.274926650764235,-0.156064077989029,-0.0208691695012673,0.00258401043482127,-0.0517824675090183
3577,"long_v3_CCD0.0.25",1.90564302239065,-0.0976860155111145,0.0920002260789515,-0.00201947304264219,-0.0713544455061959,-0.0825726320405007
3578,"long_v3_CCD0.0.25",1.92633572628546,-0.193941576161826,-0.0421435469726227,0.0833257145522277,0.0139419003166464,-0.110165948669609
3579,"long_v3_CCD0.0.25",1.89180582563212,-0.0554117038673509,0.0824844851050371,-0.0078199268344219,-0.031910940034603,-0.109255993473736
3580,"long_v3_CCD0.0.25",1.89494033085669,-0.137495853961052,0.0301307970014881,-0.0127074973717896,0.0020927616686473,-0.083331046843525
3581,"long_v3_CCD0.0.25",1.97695017581288,-0.16021677550461,0.0941819019129041,-0.00188892119835995,0.020269977624317,-0.134312080660969
3582,"long_v3_CCD0.0.25",2.03688835965828,-0.113109141235704,0.0340120220400342,-0.0129348058918411,0.0387575774751165,-0.114310438424606
3583,"long_v3_CCD0.0.25",1.99650312860272,-0.10258484843117,-0.0402912470387101,0.0480083680687027,0.0413106874355619,-0.0930267494602244
3584,"long_v3_CCD0.0.25",2.13701167562338,-0.153085819945448,-0.000716482329040783,0.00073583951194003,0.0373240357263139,-0.178410124306617
3585,"long_v3_CCD0.0.25",1.89771996403186,-0.110294102222129,-0.00382214103105207,-0.0204034536315218,0.0661745831521629,-0.0574667516651313
3586,"long_v3_CCD0.0.25",1.98141902257831,-0.1081073624486,0.0261872225311759,0.0344469597530317,0.00760089914289974,-0.115976565818643
3587,"long_v3_CCD0.0.25",1.78554062745194,-0.141428678485745,-0.0228392223629352,0.0417694334699548,0.0378913910081685,-0.107334346735577
3588,"long_v3_CCD0.0.25",1.76150799486777,-0.186120608583516,-0.0810189097717672,-0.0208268243802528,-0.042152794179343,-0.0732670571324385
3589,"long_v3_CCD0.0.25",1.94538810114765,-0.217777041858759,-0.186456870156425,0.0219293792151047,0.0635970331678047,-0.0611785125877046
3590,"long_v3_CCD0.0.25",1.93393076156363,-0.0851746849611555,0.0172296496156535,0.0166218175458855,0.0197802214423909,-0.062501032255999
3591,"long_v3_CCD0.0.25",1.97927715804303,-0.105320876472282,-0.0180113578617684,-0.0563924156125568,0.00781162331706628,-0.0981015655959928
3592,"long_v3_CCD0.0.25",1.87433330391828,-0.0613222997447107,-0.0201515380699465,0.0119969175170684,-0.000714205951303245,-0.0348855599061338
3593,"long_v3_CCD0.0.25",1.92884039522975,-0.222741669937325,0.0826373214102068,0.0264842011647826,-0.0376584306239999,-0.00728347412935298
3594,"long_v3_CCD0.0.25",1.98310519299543,-0.174004842828641,-0.0330615838338244,-0.00178398979067562,0.0379826091327254,-0.066896789248156
3595,"long_v3_CCD0.0.25",1.82974588685946,-0.0345313227127642,0.0860799985945617,-0.00162069891155989,0.00164813754873114,-0.0266823141347808
3596,"long_v3_CCD0.0.25",2.08129302844149,-0.196025410944382,0.00714788392959221,0.0328361142433011,0.0295975118192845,-0.12068142171974
3597,"long_v3_CCD0.0.25",1.91886308411005,-0.144402514533275,0.0143423702695231,0.00607026584847384,-0.0274652808944622,-0.0599541580705525
3598,"long_v3_CCD0.0.25",1.93139226614195,-0.147347062864937,-0.0636812831456427,0.00571599348465401,-0.0117186743053312,-0.0664179110001461
3599,"long_v3_CCD0.0.25",1.96010188103508,-0.245454562428513,-0.108399457371452,-0.0107741562893068,0.0422565277547072,-0.0626128163518592
3600,"long_v3_CCD0.0.25",2.04714739196706,-0.117583261649385,0.0537191930172309,-0.00610769031506631,0.0113631721847432,-0.1124219305645
3601,"long_v3_CCD0.0.25",1.94285565113318,-0.235610892147027,-0.050984428066853,-0.0125844984966299,0.029216154608041,-0.00257020069851958
3602,"long_v3_CCD0.0.25",1.9101936087236,-0.137877529021873,0.0366480992590595,-0.0433837893252895,0.0152257478029882,-0.0210268806477701
3603,"long_v3_CCD0.0.25",1.80083229388595,-0.110195187032758,0.0169821089053384,0.0456524416490753,0.0355828094251711,-0.125196040305248
3604,"long_v3_CCD0.0.25",2.0076730030551,-0.188475792608819,0.0406862435400239,0.0388574449687837,0.0495446568046214,-0.0669536815989038
3605,"long_v3_CCD0.0.25",1.8364398815924,-0.115496864421003,0.0318013009408318,-0.00747907268114143,0.0201818270435279,-0.136500576222303
3606,"long_v3_CCD0.0.25",1.82328995327902,-0.212845481980912,-0.0816893458518573,-0.00576385231520498,0.0129214981438739,-0.0745893840168476
3607,"long_v3_CCD0.0.25",1.86081463405042,-0.188742597730344,-0.0987734108353178,0.0556504235556886,0.062640457908931,-0.0612163581955505
3608,"long_v3_CCD0.0.25",2.03011508823448,-0.160980026866825,-0.0320162440198572,-0.029929863707434,-0.014235866880281,-0.0706645342558241
3609,"long_v3_CCD0.0.25",1.91799616377336,-0.130405823437379,0.0522914536796071,0.0406426200620603,0.0209035765034955,-0.195796119804303
3610,"long_v3_CCD0.0.25",2.02540904005082,-0.0972284278675482,0.0765857091477067,0.0576445261944369,-0.00243554438591661,-0.0775864225135344
3611,"long_v3_CCD0.0.25",2.08364851958224,-0.162654038156217,-0.0201334069663046,0.0389893746039175,-0.0153708294636886,-0.0516428690859305
3612,"long_v3_CCD0.0.25",1.90779695053766,-0.197368724658642,-0.0557965246164468,0.0399737419333934,0.0433229014409266,-0.0766404534548989
3613,"long_v3_CCD0.0.25",1.91598901669836,-0.165653222697199,-0.0794294109636554,-0.0239507020275521,0.0355533039261449,-0.115564540029216
3614,"long_v3_CCD0.0.25",1.8221197460293,-0.0415807701241357,0.0429229825262926,0.0138789192955571,-0.000905881691250946,-0.12266075041611
3615,"long_v3_CCD0.0.25",2.00496087355721,-0.0526276677663557,-0.0540275157593297,0.0185011973910076,0.0330019670106294,-0.076569018801196
3616,"long_v3_CCD0.0.25",2.0516891481694,-0.213150528362005,-0.0868481848593896,-0.0293651006620607,0.00642872601139054,-0.106796168604231
3617,"long_v3_CCD0.0.25",2.04067687388282,-0.0279026512747465,0.0764172261025081,0.033503662829544,-0.0088444715424892,-0.126895197669855
3618,"long_v3_CCD0.0.25",1.84325009308322,-0.0393977679552104,0.0687965156429282,-0.00724409182836808,0.0270370257036531,-0.000848054098697694
3619,"long_v3_CCD0.0.25",1.86855628322285,-0.0766870542432867,-0.00483036924819499,-0.00951840283764658,0.0785414345791127,-0.108980174976647
3620,"long_v3_CCD0.0.25",2.08613685275998,-0.169527476276959,0.0314226486372305,0.0387778815657335,0.0481386487664879,-0.146912337310156
3621,"long_v3_CCD0.0.25",1.9094225302451,-0.20399892490849,-0.0174469554205858,0.0180999632962139,0.0602456472716636,-0.0297710742785759
3622,"long_v3_CCD0.0.25",2.06396949779253,-0.154528036550172,0.010177152727022,0.0420953319207925,-0.0104977841282829,-0.0761531313811351
3623,"long_v3_CCD0.0.25",1.89848047108241,-0.188157346216611,-0.0201072371171925,0.0235935195944429,-0.00419172744190866,-0.138208417160615
3624,"long_v3_CCD0.0.25",2.0343155745772,-0.119689525931378,-0.0985969436291008,0.0306991228033358,-0.00502395416123632,-0.183083065169452
3625,"long_v3_CCD0.0.25",1.92613586707627,-0.115142638500247,0.0266061448782565,-0.00993668093368323,0.0226669423042032,-0.0736524413474243
3626,"long_v3_CCD0.0.25",1.91556108524321,-0.151956855554179,0.0189875331455302,0.0601399045963998,-0.0190822705120626,-0.123052703523164
3627,"long_v3_CCD0.0.25",1.89229851819707,-0.200085002699859,0.00927177425213994,0.038539662767655,-0.00664516535911698,-0.119537849393032
3628,"long_v3_CCD0.0.25",1.93235784224311,-0.124430896297061,-0.0205856230302828,-0.0530553843269759,0.0271578737593932,-0.128593431935872
3629,"long_v3_CCD0.0.25",1.93426159111167,-0.137323541287499,0.0227662266419626,0.0218169459635124,0.00953279969860896,-0.0967077098246737
3630,"long_v3_CCD0.0.25",1.92460373142185,-0.197102834774755,-0.0699179296451742,0.00823201822938593,0.0633978356583373,-0.144963401455628
3631,"long_v3_CCD0.0.25",1.96734438835987,-0.118066357692476,-0.013542204901044,-0.0209606058762144,0.0165659939123333,-0.0911368822186287
3632,"long_v3_CCD0.0.25",1.93598791774743,-0.222082294148909,-0.0157408930431901,0.0195487985546331,0.0531754365561074,-0.0932376537604984
3633,"long_v3_CCD0.0.25",2.07507533719679,-0.192048687590459,-0.00578545114833505,0.0311865560828457,-0.0190687054429386,-0.0841388380450972
3634,"long_v3_CCD0.0.25",1.83155599853789,-0.104702928374704,0.0556025717295126,-0.0216569203721939,-0.0246490098826929,-0.0822994021395521
3635,"long_v3_CCD0.0.25",1.99237901667165,-0.188592226328466,0.0931961097259,0.0178377184195245,0.0231219298351493,-0.113293725937192
3636,"long_v3_CCD0.0.25",1.94724496693528,-0.198646267822509,0.0208417180767284,0.0220517064127565,0.00369680418441368,-0.0811594772898773
3637,"long_v3_CCD0.0.25",1.96602376713255,-0.245820755056324,-0.0883818553932023,-0.0211885997230824,0.0346046396118882,-0.106290127063795
3638,"long_v3_CCD0.0.25",2.19090151653148,-0.0985119730705881,-0.0744300371134085,0.000232703062421313,-0.0104856456140634,-0.0555544708328879
3639,"long_v3_CCD0.0.25",1.78716952709086,-0.0687083702856736,0.0361615472392032,0.00488343037095311,0.0719745653479551,0.00994584193069144
3640,"long_v3_CCD0.0.25",1.89084573861772,-0.16507749200741,-0.0162911905033747,-0.0284315052740994,-0.00252389705326706,-0.0720916846118157
3641,"long_v3_CCD0.0.25",2.09094482850044,-0.208300615351642,0.00122726675848464,-0.01768324448556,0.0736136045959963,-0.0302900065311104
3642,"long_v3_CCD0.0.25",1.88945987704477,-0.0998852145708676,-0.0262591932268084,0.0575796322127878,0.0469253957836064,-0.0683740297525387
3643,"long_v3_CCD0.0.25",1.90809229757459,-0.174055970050391,0.00878361648840943,0.0339755500162469,0.141686194902884,-0.0607423526032001
3644,"long_v3_CCD0.0.25",1.99239702529163,-0.0560864756743661,0.044775991165679,0.0681907164294796,-0.0100124076094978,-0.0374458309436441
3645,"long_v3_CCD0.0.25",1.89324401400534,-0.162212284670025,-0.0343106675186388,-0.0183356133761784,0.0273667576016445,-0.105397411886028
3646,"long_v3_CCD0.0.25",1.87880432338669,-0.125562693390046,0.0821717445554462,-0.0237711862989967,0.0195180420178816,-0.0967587707183489
3647,"long_v3_CCD0.0.25",1.90456968546237,-0.172452166457094,0.0222678903339709,0.0175059858269167,0.0270662167203518,-0.0577836521768052
3648,"long_v3_CCD0.0.25",2.16906813251651,-0.0353547056591316,0.0290959465442829,0.0484796791974424,0.0706604380148933,-0.141588326654651
3649,"long_v3_CCD0.0.25",2.06538431299154,-0.164921722412947,-0.0384593045609427,-0.0133483191815783,0.0329764404878999,-0.0949274630761101
3650,"long_v3_CCD0.0.25",1.92564394173495,-0.157846730538134,0.011082298869756,-0.00365424286134031,0.0477386304444485,-0.0713321368375971
3651,"long_v3_CCD0.0.25",1.61108779375357,-0.257925439664223,-0.0615406015686917,0.0214270583424568,0.106669617838018,-0.0924258599525455
3652,"long_v3_CCD0.0.25",2.04855776124597,-0.194202714365748,-0.0792622467641385,-0.00469416555206852,-0.0463993088321987,-0.0337956269711489
3653,"long_v3_CCD0.0.25",1.92277632315589,0.0324117251821606,0.0543350862613843,0.0080742967651446,-0.0189488266386052,-0.0387777356689507
3654,"long_v3_CCD0.0.25",1.97320462661309,-0.150842611998082,-0.045593269930959,0.0422259946061176,0.015388864324723,-0.116394895520302
3655,"long_v3_CCD0.0.25",2.00745920031501,-0.191639758419837,-0.0764248836455436,0.00532404781412419,0.0893460773618994,-0.0754446105457322
3656,"long_v3_CCD0.0.25",1.91330818619271,-0.084368446083681,-0.0116338991455312,0.0270687897944776,0.0746837925913715,-0.0837135655847137
3657,"long_v3_CCD0.0.25",1.94961606867829,-0.131768117098568,0.0377960682935606,-0.0326773040580606,0.0206148580514572,-0.15582315550769
3658,"long_v3_CCD0.0.25",1.9392811947237,-0.244352213494836,-0.0413433412545166,-0.029536827396888,0.0550601685410062,-0.0960224584022774
3659,"long_v3_CCD0.0.25",1.92415536644243,-0.210467169118082,0.0127467192870812,0.0156682856138417,-0.0379804149428516,-0.106713451359389
3660,"long_v3_CCD0.0.25",1.75508118005512,-0.0828338372127492,0.0638680441135129,-0.016536876507861,-0.052737242985296,-0.0546579387357568
3661,"long_v3_CCD0.0.25",1.99456008738326,-0.0584498042891676,0.0208696547010472,0.0526263255655489,0.033568396265532,-0.105376201033633
3662,"long_v3_CCD0.0.25",1.99091151598279,-0.256693970462816,-0.0342850209789296,0.0163056106733476,0.00652163500965689,-0.0813705079934668
3663,"long_v3_CCD0.0.25",1.89155447426701,-0.168785620161048,0.0179827962329355,0.0371429159879162,0.0619550781619684,-0.0425431461881633
3664,"long_v3_CCD0.0.25",2.02423480904852,-0.165069997832183,-0.0136822270380266,0.0224409543854079,0.0214828821886261,-0.0905125226296987
3665,"long_v3_CCD0.0.25",1.82397477786843,-0.177221272337874,0.00142594016887907,0.0178964132918554,0.055723860900799,-0.023234505765016
3666,"long_v3_CCD0.0.25",1.93019791603416,-0.0853408159462237,-0.0665034543789076,-0.0133272691425824,0.0363067890290025,-0.0307491303661269
3667,"long_v3_CCD0.0.25",1.73526321049815,-0.153764845682614,-0.0829656371348477,-0.0226725161058682,0.0164315603892374,-0.0144285128342584
3668,"long_v3_CCD0.0.25",1.95622580857152,-0.245932015131933,-0.112159603274574,0.0502025066040472,0.0555636360836625,-0.11434860816708
3669,"long_v3_CCD0.0.25",1.98196723694519,-0.144965182010638,-0.00505734417546426,-0.0238533642959673,0.00769837372262657,-0.126898805718326
3670,"long_v3_CCD0.0.25",1.99780128803026,-0.163701188809693,0.000216462737054865,0.0590045349475938,0.0380269922082161,-0.104405487747755
3671,"long_v3_CCD0.0.25",1.89000376373945,-0.154843377076874,-0.0583340943759815,0.0171475929494956,-0.0229310049642413,-0.0759898558260688
3672,"long_v3_CCD0.0.25",1.93748149459039,-0.163333505610391,-0.0154995570752623,-0.041892262740403,0.0482511505733086,-0.0655144289805825
3673,"long_v3_CCD0.0.25",1.95124042166697,-0.192563841704934,-0.0576576414872817,-0.0285514554474374,-0.0026055096005816,-0.13124675167188
3674,"long_v3_CCD0.0.25",1.72769945783058,-0.0440397055352923,0.0856473034013629,0.00603391562148354,0.0134757816577369,-0.0508110224821196
3675,"long_v3_CCD0.0.25",1.92888765954953,-0.102803191269922,-0.000131656268703667,0.0748463061444478,-0.00751329629292784,-0.100144142806013
3676,"long_v3_CCD0.0.25",2.04339419407058,-0.119917007148263,0.0692645383237257,-0.0236778524656646,0.077418242439231,-0.0819078184636618
3677,"long_v3_CCD0.0.25",1.82332585494107,-0.169060790507921,-0.0459461885574176,0.0103472839841742,0.0274959144447399,-0.0781899119207133
3678,"long_v3_CCD0.0.25",1.9083120575135,-0.119416184649437,0.0568672909440271,0.0338421044399286,0.0262123236886737,-0.181582676014956
3679,"long_v3_CCD0.0.25",1.87362196538643,-0.126879637777834,-0.0852752768853397,-0.0784738174883385,0.00942354837989873,-0.0577204647274231
3680,"long_v3_CCD0.0.25",1.87711346653334,-0.183109685023233,-0.0139235699498537,-0.0209979004477424,0.0770452127581498,-0.0687914867484623
3681,"long_v3_CCD0.0.25",1.96061825515984,-0.0983744683961687,-0.000443711483873044,-0.000523048400309545,0.0607763308432362,-0.154628936516843
3682,"long_v3_CCD0.0.25",1.91486863462625,-0.0766303417361602,-0.00473101861858649,-0.00657766350280305,-0.010833419296621,-0.12387752960044
3683,"long_v3_CCD0.0.25",1.83659318166385,-0.115527946761945,-0.124556501688245,-0.0181482212654072,-0.0267863926519157,-0.0741530316472862
3684,"long_v3_CCD0.0.25",2.03077080138798,-0.139754075015214,-0.041615871111363,0.0209234506863641,0.0279713336729453,-0.0393861485723006
3685,"long_v3_CCD0.0.25",2.02234794825312,-0.0272268240988039,0.120779790790287,0.0323718380413493,0.0201121838449336,-0.0929725368919918
3686,"long_v3_CCD0.0.25",1.94475993138388,-0.117234681678998,-0.0558077144178177,-0.00350275505073323,0.0331866540356853,0.00903262272787602
3687,"long_v3_CCD0.0.25",1.986046799642,-0.104253612838713,-0.030944256403428,0.0390408158515889,-0.0139081841996388,-0.14455308299682
3688,"long_v3_CCD0.0.25",1.86380595666947,0.0555781943374458,0.0156294924461043,-0.0279777016840033,0.0129544400226795,-0.0307010782651942
3689,"long_v3_CCD0.0.25",1.94929322382169,-0.2330187598325,0.0198754204528539,0.00131782686023047,0.0208269748708864,-0.153254505581001
3690,"long_v3_CCD0.0.25",1.88260025790763,-0.222655700959208,-0.109664514720686,0.0418556445482234,-0.0159124028494119,-0.0927624349928227
3691,"long_v3_CCD0.0.25",1.89400932296553,-0.192255455266703,0.0178579541745926,0.0889241661851373,-0.0377590991636871,-0.0561080445699372
3692,"long_v3_CCD0.0.25",1.94198956749664,-0.0927375036950744,-0.0450080369423826,-0.0440232875972488,0.028757293087911,-0.0993028506750758
3693,"long_v3_CCD0.0.25",1.90092582581638,-0.294153363913508,-0.065321950004748,0.00985182594517031,-0.00710132470999187,-0.0267144612133498
3694,"long_v3_CCD0.0.25",1.9070431628186,-0.196003537067676,0.0988224659523187,0.0131885655753743,-0.0010281473466304,-0.062983164055802
3695,"long_v3_CCD0.0.25",2.05224794934674,-0.233788408520685,-0.105841147787584,0.0358995523254773,0.0548212472398171,-0.0603184702499435
3696,"long_v3_CCD0.0.25",1.65201800731946,-0.124455471447879,-0.0827741511575915,0.0191348222394348,0.0550350667669288,-0.00853233685713345
3697,"long_v3_CCD0.0.25",1.82833562281889,-0.126979934156332,0.0771959027769576,0.0189869484955727,0.0141093052020941,-0.107423741675372
3698,"long_v3_CCD0.0.25",1.91229894640812,-0.112440723563735,0.0546560801408659,-0.00702894419062536,-0.0142364233775118,-0.101284606064895
3699,"long_v3_CCD0.0.25",1.7172558538532,-0.163846971095977,-0.00815843264239817,-0.0666317796806831,-0.0479383560849464,-0.169257296467815
3700,"long_v3_CCD0.0.25",1.78281030293341,-0.0957304634778947,0.0571551939117313,-0.00747416994138957,0.0184828945299497,-0.0371650120736852
3701,"long_v3_CCD0.0.25",1.82941002622451,-0.0803260763920654,0.0424373926071674,-0.00136475925898093,0.0318669759739377,-0.0443128030099397
3702,"long_v3_CCD0.0.25",1.99240726793408,-0.042073478314098,0.0368228098174769,0.0311023963120973,0.049166918997353,-0.12912820312486
3703,"long_v3_CCD0.0.25",2.04207375814888,-0.236431582951536,-0.0532183019220443,-0.0119523607706366,0.0435425432784129,-0.153392544457305
3704,"long_v3_CCD0.0.25",1.83903025444354,-0.217782048696349,-0.0350127983175361,-0.0480796880201269,-0.0284163334206837,-0.0834334022687728
3705,"long_v3_CCD0.0.25",1.92253598363485,-0.110391661955427,-0.0105137971258994,0.0389461555663742,0.00861226020809786,-0.0695976491003802
3706,"long_v3_CCD0.0.25",2.00820471391723,-0.0788463870710645,-0.0135474054476334,0.0181230289724622,0.0217788353574336,-0.138405801479144
3707,"long_v3_CCD0.0.25",1.86248630662169,-0.239997848981878,-0.127452833364381,-0.0104110020643186,0.0427602400903821,0.0165581922476107
3708,"long_v3_CCD0.0.25",1.82057861697693,-0.00581179222711944,0.0108772117078525,-0.0264619183925014,0.0410846932440352,-0.0432474682071744
3709,"long_v3_CCD0.0.25",1.93397588231404,-0.235944947333595,-0.147690434215141,0.00656352719775059,0.0263744867076198,-0.111485538195102
3710,"long_v3_CCD0.0.25",1.92913389577352,0.00329269588169381,-0.0273689582739072,-0.00841696879309858,0.00204299159239307,-0.0977724403491824
3711,"long_v3_CCD0.0.25",1.99833183154741,-0.253653704274842,-0.0208867637586483,-0.0143029418337034,0.00411807607556382,-0.175231910189164
3712,"long_v3_CCD0.0.25",1.87812977026516,-0.0870185322085007,0.0444984771362476,0.0117093909443097,0.012684132106588,-0.138910243097539
3713,"long_v3_CCD0.0.25",1.99968087907708,-0.158426915474284,0.00240273574776243,0.076930467606677,0.0161767438475598,-0.0962190490082659
3714,"long_v3_CCD0.0.25",1.83628871248288,-0.190385409283482,-0.0603337575966163,-0.0358047832123569,0.117834708237503,-0.0904598140053746
3715,"long_v3_CCD0.0.25",1.89861083036809,-0.0634535477506006,0.055473188152994,0.0646052712280607,-0.00708490244552047,-0.0375145586036012
3716,"long_v3_CCD0.0.25",1.927450767586,-0.151430654773246,-0.0277190252737966,-0.0100363688861924,0.00943920625923885,-0.159078143001484
3717,"long_v3_CCD0.0.25",2.07581247971047,-0.261649985762294,-0.00707610181454093,0.0171969853722684,0.0947205334528021,-0.105713366186196
3718,"long_v3_CCD0.0.25",1.87106536071479,-0.0554776259062215,0.0386870105078829,0.00584396344788456,0.00395021383755457,-0.0775765503119641
3719,"long_v3_CCD0.0.25",2.07843781626445,-0.09457593985974,-0.104274556626617,-0.0293233649411825,0.00906131894687276,-0.0495335935750059
3720,"long_v3_CCD0.0.25",2.01334641721026,-0.131721161957984,-0.119219959102697,0.0012582833456102,0.0109050169333778,-0.0230158765916278
3721,"long_v3_CCD0.0.25",2.09134606430627,-0.0988680326360983,-0.0821076384663164,-0.00126900677321238,0.00140048041323023,-0.0238352593681177
3722,"long_v3_CCD0.0.25",2.04589699592578,-0.0889028391701902,-0.0459589246127419,0.0370398187675413,0.00642091164573843,-0.0802639460899845
3723,"long_v3_CCD0.0.25",1.89372112567325,-0.269299854909157,-0.191354687422,0.0413854760934981,0.0424291330309647,-0.0879018905864951
3724,"long_v3_CCD0.0.25",1.89855603759129,-0.0913645789838901,0.0764139432845372,0.0243272089247509,0.017974077459863,-0.112998723398047
3725,"long_v3_CCD0.0.25",2.03966278387019,-0.11230098210685,0.129296556189429,-0.0119249524755859,0.0378621922960082,-0.23102556139248
3726,"long_v3_CCD0.0.25",1.88315725540313,-0.140744252208842,-0.0415844475478786,0.0736695713455203,-0.000116369377720357,-0.091198287740187
3727,"long_v3_CCD0.0.25",1.96349605376237,-0.245399912898649,-0.0547624026447406,-0.0291734276168385,-0.010632832165002,-0.160512544214978
3728,"long_v3_CCD0.0.25",1.98674427004385,-0.284860414727954,-0.0682551766958641,0.10022603596078,0.0174957958140629,-0.0657837550965216
3729,"long_v3_CCD0.0.25",2.05063783327699,-0.181927692178356,0.0239804090957426,0.0436311658786414,0.0356885777003664,-0.103241588157617
3730,"long_v3_CCD0.0.25",1.83660154246981,-0.0227588642291443,0.0270049826694921,0.0255750806381966,0.0417447199244047,-0.0823827206332015
3731,"long_v3_CCD0.0.25",1.92433538752601,-0.236951350579717,-0.000144931720751188,0.0489346155591767,0.0311701099266528,-0.0502614354655426
3732,"long_v3_CCD0.0.25",2.06861417289466,-0.203271454186031,-0.0539890144722701,0.0373385834094477,0.0240319307282553,-0.0963688243319592
3733,"long_v3_CCD0.0.25",1.74106640332292,-0.153001759236429,-0.0993999580911902,-0.0273555644295584,-0.00248018429771289,-0.0919815864966934
3734,"long_v3_CCD0.0.25",2.15290019098378,-0.0637282627148656,0.0994151397599956,0.0224259974879091,0.0404646684755867,-0.130439429191578
3735,"long_v3_CCD0.0.25",1.99399553895221,-0.0572418021758791,0.0961362686948522,-0.0141745903989989,0.0417544019490551,-0.116038567295606
3736,"long_v3_CCD0.0.25",1.90700221255703,-0.115961789831307,-0.00594326329136224,-0.00734956617662855,0.0783585829541399,-0.0907890953066781
3737,"long_v3_CCD0.0.25",1.91848971925367,-0.0398980751092191,0.10135021284157,0.0234584314314178,-0.00873459492430887,-0.0968070961593128
3738,"long_v3_CCD0.0.25",1.82368391205712,-0.126401066867812,0.0134547012477692,0.00141227714804493,0.0345567611283186,-0.0876002615263371
3739,"long_v3_CCD0.0.25",1.95433804189164,-0.190296829119912,-0.102255831697553,0.0282918282261728,0.016139277874923,-0.136047687332473
3740,"long_v3_CCD0.0.25",1.83121157186884,-0.107151961177283,0.0706507590566468,-0.00908844738030165,0.0408000674295235,-0.0461422028936574
3741,"long_v3_CCD0.0.25",1.88489858780287,-0.200622494879346,-0.0451149982889036,0.00572764253611971,0.030518579067774,-0.0697893935231779
3742,"long_v3_CCD0.0.25",1.88398060876244,-0.236429659851835,-0.043529061967679,0.0376915397353004,-0.0509032637959942,-0.121827781612595
3743,"long_v3_CCD0.0.25",2.05963512809483,-0.170828464714898,-0.0137405208997102,-0.0153411277290389,0.108654629315123,-0.148135877060864
3744,"long_v3_CCD0.0.25",2.03692940730246,-0.142202975981847,-0.102368923252992,-0.00163052168338161,0.0329174582034551,-0.105137318369714
3745,"long_v3_CCD0.0.25",1.9070531817901,-0.126884301591606,0.0109724730139707,-0.0310081236606356,0.0315653364264582,-0.163794262197852
3746,"long_v3_CCD0.0.25",1.85080171232475,0.0171161438406555,0.0231259284343814,-0.00591813734183901,0.0385352933679289,-0.0881866702421256
3747,"long_v3_CCD0.0.25",1.96602502711856,-0.162809141021845,0.0163744588674522,-0.0305833939416638,0.0197867635160511,-0.0644096922899044
3748,"long_v3_CCD0.0.25",1.92440813489101,-0.235811846373878,-0.0142296969209923,0.010641764777529,0.0326598696067163,-0.105235131422386
3749,"long_v3_CCD0.0.25",1.95535281999028,-0.220570934340051,-0.0339269766473814,0.0530057931489413,0.0696668437940563,-0.0705973981150321
3750,"long_v3_CCD0.0.25",1.95230285953397,-0.261437024235271,0.0450658165274597,-0.00923122424270048,0.0305573627846364,-0.153083070377394
3751,"long_v3_CCD0.0.25",1.93676826843191,-0.134636404695897,0.0512349341283116,-0.0126161041573372,0.0234719835955402,-0.0719971278017483
3752,"long_v3_CCD0.0.25",1.82024216375874,-0.171887936156051,-0.0699892676640914,-0.0520761531261115,-0.0260105473755911,-0.0782607832188925
3753,"long_v3_CCD0.0.25",1.9535100187178,-0.177640875145431,-0.0847522218563859,0.00126874034466937,0.050569230477653,-0.0149941978872666
3754,"long_v3_CCD0.0.25",1.90990260940868,-0.152065972368336,-0.01926542354453,-0.0242008988537017,9.92135620461101e-05,-0.0400285396622664
3755,"long_v3_CCD0.0.25",1.90698535623448,-0.188876640820176,-0.0659814623718436,0.121436097885157,-0.0452250561388307,-0.049412478710378
3756,"long_v3_CCD0.0.25",1.81045626312864,-0.181604002984631,-0.0646664420437918,-0.00304977298257313,0.00656279190739123,-0.0469604883547754
3757,"long_v3_CCD0.0.25",1.82374350170206,-0.192175463051784,-0.0593096470997405,0.0191421537934016,0.00822432357161187,-0.140213179990042
3758,"long_v3_CCD0.0.25",1.8187973484147,-0.220428660385687,-0.112274874887306,0.00152674435377983,0.0298113851682244,-0.0625445625191357
3759,"long_v3_CCD0.0.25",2.08919184927963,-0.188355913833781,-0.0852759782604746,0.0128968627423556,-0.0736882544117122,-0.0857644226610661
3760,"long_v3_CCD0.0.25",1.87703592044851,-0.23022344577157,-0.0243466608932435,0.0185184267577057,0.0941987359746619,-0.0622355282617755
3761,"long_v3_CCD0.0.25",2.05702536456274,-0.0742550935308355,-0.0486794452222027,-0.00836397816906675,0.0632403100977716,-0.0759775456961356
3762,"long_v3_CCD0.0.25",1.9803775710474,-0.0796311622055422,0.055789547530351,-0.0194519812528993,0.0497365722390869,-0.041867023682383
3763,"long_v3_CCD0.0.25",1.93822779673822,-0.139016641554785,0.0631134518744092,0.0218999827635314,0.0373489607781982,-0.0395783409408718
3764,"long_v3_CCD0.0.25",1.97286480684881,-0.235138655249864,-0.0827742849281467,-0.00499840477882661,-0.00822805299468116,-0.0662994781691506
3765,"long_v3_CCD0.0.25",1.8039373847591,-0.0335913453745563,0.0867760268140855,-0.00102962061784161,0.042417835797147,-0.0949546195398455
3766,"long_v3_CCD0.0.25",1.92782723869096,-0.109215081662206,0.0557144404960528,0.00945828441005817,-0.0133144051385635,-0.116791487513888
3767,"long_v3_CCD0.0.25",1.97592824090318,-0.176292677674881,-0.0153187809932656,0.0281783532022869,-0.0199114728528203,-0.134474308357449
3768,"long_v3_CCD0.0.25",1.83421536532837,-0.307037015960068,-0.127637646289336,-0.0290663067078646,0.000956203639144088,-0.0921258676492127
3769,"long_v3_CCD0.0.25",1.90032382995345,-0.0604680924552802,0.0831643306938728,-0.0388411188390868,0.0506748784432077,-0.139287402565664
3770,"long_v3_CCD0.0.25",1.90232423730326,-0.171851032343797,-0.0749893678576294,0.0212068817541354,0.00419687929168623,-0.0487412073311868
3771,"long_v3_CCD0.0.25",1.93043446495849,-0.196717385984009,0.0410719038188231,0.0568842524146131,-0.0475646770621338,-0.0653872468035584
3772,"long_v3_CCD0.0.25",1.87739007213741,-0.11297850994594,-0.0611807465289165,-0.00548253165016128,0.0320910165927143,-0.0732053757404116
3773,"long_v3_CCD0.0.25",1.85598742178246,-0.0651335426070491,0.0228592327190382,-0.0739411011211968,-0.0182193756987382,-0.0267448404062826
3774,"long_v3_CCD0.0.25",1.92283098055114,-0.205543740814692,0.0376220751995262,-0.035905119691709,-0.0419858147415669,-0.29676640278671
3775,"long_v3_CCD0.0.25",2.21863251626882,-0.104669153148029,0.0444915874011215,-0.0654766353804981,-0.042486843553403,-0.189604317753517
3776,"long_v3_CCD0.0.25",1.9082401325111,-0.147449137173359,0.102581001697117,0.0208933936230746,0.00334149468935631,-0.107856539299143
3777,"long_v3_CCD0.0.25",1.90012625378826,-0.0310196013201607,-0.0297927204651849,0.0225748371064892,-0.00956668762020289,-0.0479361953636471
3778,"long_v3_CCD0.0.25",1.89184748740127,-0.158271397665224,0.0123837201124619,-0.00193961187382051,0.0768173716492963,-0.0154023147583926
3779,"long_v3_CCD0.0.25",2.02705969795089,-0.137317999377132,0.113237313938746,-0.0393367124595828,-0.0231232459348193,-0.0210064930588464
3780,"long_v3_CCD0.0.25",1.87037252626272,-0.0604690384741993,0.167991667908497,0.0810165020851503,-0.0191608169989929,-0.0859754716878898
3781,"long_v3_CCD0.0.25",1.77457820950848,-0.179662480767366,0.013185739606054,-0.0299359639608779,0.0542781588025397,-0.0335972706613685
3782,"long_v3_CCD0.0.25",2.03994709777198,-0.0651028348527908,0.185864563049287,0.0462964707144761,0.0576567497815247,-0.0956392275303527
3783,"long_v3_CCD0.0.25",1.77961390095453,-0.0949834148267997,-0.0125056352267929,-0.017339068927695,0.0310052825074904,-0.0794937387390464
3784,"long_v3_CCD0.0.25",1.87991606690494,-0.127585471506349,-0.00871620867006429,-0.00491590595821408,-0.0074933941847925,-0.0557905160671401
3785,"long_v3_CCD0.0.25",1.87178381082509,-0.0463553087609536,-0.00657515329786637,0.0406005998278725,0.0192724610374449,-0.0178462695906905
3786,"long_v3_CCD0.0.25",1.92080773804369,-0.139973822812548,-0.0403034801949064,-0.0336106919484053,0.0383608011336282,-0.133169859684503
3787,"long_v3_CCD0.0.25",2.04743558624486,-0.239719520324718,0.0151942799739927,-0.0079441510797908,-0.026178121180346,-0.105869660211762
3788,"long_v3_CCD0.0.25",1.91347890094899,-0.0858131187207459,0.042504928758929,0.0351774406116577,0.0591765904521532,-0.0625477071407288
3789,"long_v3_CCD0.0.25",1.77912101812983,-0.112494338203699,-0.000246135742425918,0.0104558789659217,-0.035035807402112,-0.0465951817317062
3790,"long_v3_CCD0.0.25",1.95041600449837,-0.229207997756067,-0.141157664442356,-0.00240215893092843,0.0384073865025217,-0.0420722307610613
3791,"long_v3_CCD0.0.25",1.80892358835703,-0.0887877832928407,0.00487274487366701,-0.0363644122352212,0.0366786783232519,-0.108683784678443
3792,"long_v3_CCD0.0.25",1.86736420516934,-0.0817419112316174,-0.0262920560201036,-0.000351274995743324,0.0208435256461239,-0.0578490421936533
3793,"long_v3_CCD0.0.25",2.02943060722142,-0.207726702670506,-0.0304031133210443,0.0115691274058125,0.0209929554774329,-0.115685514127158
3794,"long_v3_CCD0.0.25",1.98535039528214,-0.170894284409238,-0.0625459002551365,-0.0354438840129912,0.0647796546562526,-0.0283510800538935
3795,"long_v3_CCD0.0.25",2.07705629275035,-0.105157197471502,-0.0611912921036916,0.018776561809085,-0.0223714294656513,-0.0440568725050244
3796,"long_v3_CCD0.0.25",1.83132958352668,-0.133234310767224,0.0324506796957495,0.0321357678379562,0.0312694396119801,-0.0874229862879445
3797,"long_v3_CCD0.0.25",1.97175640066423,-0.0614465438780437,-0.0392881711067487,-0.00405588789279475,0.0129148533490586,-0.110865327924117
3798,"long_v3_CCD0.0.25",1.89946180121705,-0.201789833505484,-0.143828473339525,0.0339723485756643,0.0724242054333123,0.0130534295134003
3799,"long_v3_CCD0.0.25",1.93092604523661,-0.131953840773869,-0.0656785983662591,0.0487202425410862,-0.00484685817008751,-0.125733345357843
3800,"long_v3_CCD0.0.25",1.85280273741083,-0.0732860584884494,0.109944966703229,0.0463977880346309,-0.0262119020045567,-0.0658811739099158
3801,"long_v3_CCD0.0.25",1.84885100167489,-0.0935167428242788,0.0732408791390053,0.0129811014213598,0.0148324747427987,-0.0784392847219167
3802,"long_v3_CCD0.0.25",2.02319557220264,-0.181012226527512,-0.0347613183321303,-0.0272596860546391,-0.0266740192348563,-0.189286504970245
3803,"long_v3_CCD0.0.25",1.87689192736651,-0.120313366924256,0.0631047633504197,-0.0213348365893949,-0.0101707087311201,-0.0746889336113243
3804,"long_v3_CCD0.0.25",1.77503663062207,-0.117419416200558,0.0787567884795964,0.0321512368177425,-0.030204942239042,-0.137293393383541
3805,"long_v3_CCD0.0.25",2.04996727371165,-0.215958325897526,0.129804623380623,0.0444180959898787,0.0289562056970241,-0.109830427953617
3806,"long_v3_CCD0.0.25",2.05512305926015,-0.0668716302657049,0.178490503594179,-0.0183050479387094,-0.0398119458519682,-0.0135809762696675
3807,"long_v3_CCD0.0.25",1.92632586360768,-0.198234725201253,-0.0507493414613238,-0.0318555137811609,0.0390979994676703,-0.0714963034957467
3808,"long_v3_CCD0.0.25",1.88197306720918,-0.117713787777912,-0.0258440712018141,-0.0104124451652316,-0.0309722382363097,-0.0370199908938592
3809,"long_v3_CCD0.0.25",1.95926231137027,-0.100111271106156,-0.00409118402354978,-0.0139011209416517,0.0519629798858964,-0.109576236042077
3810,"long_v3_CCD0.0.25",1.83545003498424,-0.142455814369458,-0.0417848356428985,0.00481788370388334,0.0234407996239797,-0.0438994146863282
3811,"long_v3_CCD0.0.25",1.97960795420577,-0.232559150534374,0.033844046343354,-0.0408669427160199,0.0155324646204512,-0.0942014551498452
3812,"long_v3_CCD0.0.25",1.78143542425694,-0.188957420304414,-0.0374923871176523,-0.0138990969193813,0.0100468753994351,-0.0754688459273978
3813,"long_v3_CCD0.0.25",1.87803298377312,-0.065786697745842,0.0891397652021079,0.0313270891172046,0.0481458392001322,-0.065445302529894
3814,"long_v3_CCD0.0.25",1.9741172170924,-0.197659311794377,0.0283176869346475,0.00162003522523775,-0.0496864395363138,-0.087215082206092
3815,"long_v3_CCD0.0.25",2.0362229756665,-0.171167908629531,0.00629821165636576,0.036450663042007,0.027496366139841,-0.116954928606085
3816,"long_v3_CCD0.0.25",1.96002739252097,-0.178933187238748,0.0112594596687329,0.0399270517864751,0.0349600673477464,-0.0950251954096982
3817,"long_v3_CCD0.0.25",1.91298305789146,-0.278907731246424,-0.0885186949515455,-0.0647744811891505,0.0441889865619066,-0.141440030614746
3818,"long_v3_CCD0.0.25",1.71821927083351,-0.170953349908635,-0.076378109193188,-0.0262234097308541,-0.0244162921072536,-0.114850255214602
3819,"long_v3_CCD0.0.25",1.78185938098687,-0.0881591335592713,0.0410900825858085,-0.00124901304553127,0.0160347879161678,-0.111013828232542
3820,"long_v3_CCD0.0.25",1.91747916767825,-0.152391593179472,-0.002123588530136,0.0250377168338748,-0.0290398968566112,-0.136454114533786
3821,"long_v3_CCD0.0.25",1.93405995890169,-0.132403167523455,0.0289055450854047,-0.0367007322264653,0.014201025149977,-0.0741643040493605
3822,"long_v3_CCD0.0.25",2.0455401632363,-0.0168456370917924,0.0779938321381592,-0.0383978404716871,0.0431352784527512,-0.118876261538378
3823,"long_v3_CCD0.0.25",1.96029190850863,-0.0917142730295702,0.0683743488148163,0.0340088290131283,0.0272937145543792,-0.104169058285329
3824,"long_v3_CCD0.0.25",1.91783790609116,-0.160917382445401,0.051860607154063,0.00624516693471523,-0.0135763514416848,-0.0597067056983354
3825,"long_v3_CCD0.0.25",1.93967660335532,-0.105543188402593,0.0139723994997816,0.038615855860415,-0.0119348980034068,-0.103349345932788
3826,"long_v3_CCD0.0.25",1.87888999667192,-0.196907557189026,-0.0607164879848623,-0.00229470514664421,0.0352253997521302,-0.0547193912583623
3827,"long_v3_CCD0.0.25",1.94949271709511,-0.113419494160406,0.0204346873086176,-0.00027981804837946,0.0626078074686322,-0.105350437434721
3828,"long_v3_CCD0.0.25",1.90070097112306,-0.0750214447838167,-0.0194491431439018,-0.0120266043518062,0.0333644371391165,-0.124142803599627
3829,"long_v3_CCD0.0.25",1.83767664888206,-0.0796854723724556,0.0435270852832408,-0.0120988518603686,0.00103818925534584,-0.054467567699588
3830,"long_v3_CCD0.0.25",1.75956286090693,-0.017943313473577,0.0678375135046518,0.0370408458042041,-0.0609079432165924,-0.0984714419250324
3831,"long_v3_CCD0.0.25",1.87804731180224,-0.0913010677288952,0.0383091742004415,-0.010378944738255,0.00468875975605368,-0.066361295298352
3832,"long_v3_CCD0.0.25",1.93077646890334,-0.0406519929433338,0.031593651021681,0.0524571773634541,0.0241002915964566,-0.0582148089428822
3833,"long_v3_CCD0.0.25",1.90454876886125,-0.146796179551165,0.00328337386602274,0.0173159029212966,0.0185005773925106,-0.135082279664165
3834,"long_v3_CCD0.0.25",2.08952879555661,-0.179651741328559,0.0328820644926225,-0.00802049926309821,0.0747029650750458,-0.103186418335903
3835,"long_v3_CCD0.0.25",1.91733322862544,-0.230408767575786,-0.0628351667808666,0.0119583666268247,0.0794906654816423,-0.127517643961348
3836,"long_v3_CCD0.0.25",1.95274343434999,-0.219477946189675,-0.0806800406000326,0.0242845694415679,0.0212727454027572,-0.0472873402756324
3837,"long_v3_CCD0.0.25",1.86762040193466,-0.142516221808871,0.0612355758793998,0.00937421027661637,0.0221449328464624,-0.0713714610329404
3838,"long_v3_CCD0.0.25",1.92496517677899,-0.261044349152856,-0.112479173584967,-0.00533282769238532,-0.0405839869293895,-0.119664058590799
3839,"long_v3_CCD0.0.25",1.84261073451425,0.0305902477501915,0.0769022230529832,0.0634324167747071,-0.0324256720656416,-0.0163021341870567
3840,"long_v3_CCD0.0.25",2.09362627731517,-0.168263434102317,0.0709888559452303,-0.00398497830116782,0.0367985201739534,-0.0808932609110055
3841,"long_v3_CCD0.0.25",1.8625772874825,-0.168490381395503,0.0187643574007803,0.0134434940288016,-0.015137143911899,-0.123587755352078
3842,"long_v3_CCD0.0.25",1.96408272673244,-0.0984075129062396,0.0418049607700648,0.00966078541746169,-0.0167372937885253,-0.110683454852737
3843,"long_v3_CCD0.0.25",2.13570800947458,-0.126384571607398,0.044570231162538,0.021118713016242,-0.010415669711703,-0.14003708632928
3844,"long_v3_CCD0.0.25",1.88015093152089,-0.0672694040576663,0.100687831300821,0.0543126509591909,-0.0479907372411569,-0.104704478608008
3845,"long_v3_CCD0.0.25",2.01556091286541,-0.0365082556585936,0.140291833221589,0.0225586233016584,-0.0333323866027883,-0.105219849039278
3846,"long_v3_CCD0.0.25",1.94760920321005,-0.121361653074519,-0.0406709783623456,-0.0570672381339103,0.0214533872868875,-0.072882356535282
3847,"long_v3_CCD0.0.25",1.79027251095379,-0.18786235067129,-0.064505527113914,-0.0153526992903869,-0.0211504610365947,-0.0490343845718767
3848,"long_v3_CCD0.0.25",1.900199037286,-0.106349829912819,0.0371836639805716,-0.0363860448399106,0.0160059413590355,-0.0499503110102402
3849,"long_v3_CCD0.0.25",1.93330041867645,-0.0458635362162766,-0.00147053656719383,-0.0037280385579361,0.0088924330919795,-0.0597897375724833
3850,"long_v3_CCD0.0.25",1.90482780308569,-0.190214293096105,-0.10244308533754,0.0168138423548833,-0.0307744216786007,-0.154069086842528
3851,"long_v3_CCD0.0.25",1.9534289027392,-0.165616822701966,0.0299355798545832,-0.0216459239869642,0.0200107449615951,-0.0816525122404023
3852,"long_v3_CCD0.0.25",1.89974354980821,-0.0863407600340423,0.0655877692912118,0.0388436763579837,-0.0235176145139771,-0.0812934948816048
3853,"long_v3_CCD0.0.25",1.88380046280607,-0.18833739339044,-0.0092957387613121,0.0637306123623561,0.0357619522441124,-0.146579786818364
3854,"long_v3_CCD0.0.25",2.0250766660328,-0.122740162047022,0.0783558428947423,0.024994347898973,0.0438921861865309,-0.107529308907376
3855,"long_v3_CCD0.0.25",1.92215968737235,-0.213343315282238,0.0989650330311093,0.0222405036154,0.0242245040439948,-0.111253943979937
3856,"long_v3_CCD0.0.25",2.10889880285263,-0.0818421219175604,0.112948290271176,-0.0166272547854836,-0.0187226005909315,-0.0630829761680325
3857,"long_v3_CCD0.0.25",2.08495425089574,-0.0717289765362134,0.214992516374087,0.0529278681631284,0.0861525332709617,-0.120087269557855
3858,"long_v3_CCD0.0.25",2.01826196720094,-0.127007813246743,0.0464380250459406,0.0151230325775169,0.0285286576125663,-0.136431711287696
3859,"long_v3_CCD0.0.25",2.04506816577312,-0.1551318811016,0.0297775851232095,-0.0218843997842423,0.0413470898538885,-0.0368288534750604
3860,"long_v3_CCD0.0.25",2.01586799863918,-0.205505164752566,0.0971873242058252,0.000793782818826748,0.0193455680970855,-0.147199081686438
3861,"long_v3_CCD0.0.25",1.9520176437867,-0.23547839831421,-0.12839519651277,0.0230426608186016,0.0443212964588323,-0.0721752296963493
3862,"long_v3_CCD0.0.25",1.83286153422248,-0.0998204192848862,-0.000873358677543542,-0.0398697522920481,0.0580357176186309,-0.0103484571541313
3863,"long_v3_CCD0.0.25",1.88276780216745,-0.0974115191215811,-0.0647289409440444,0.00873708575903151,-0.0207163507495834,-0.0555727129138444
3864,"long_v3_CCD0.0.25",1.85991331235772,-0.0241087261409748,0.0889713075148426,0.0144987507722335,0.00970104068531392,-0.103714013606121
3865,"long_v3_CCD0.0.25",2.04944256124636,-0.0752132333290953,0.039822281260976,0.0541695427594175,0.0587779765632197,-0.0916460732797068
3866,"long_v3_CCD0.0.25",1.99984636122828,-0.179285329308906,-0.0150554014517462,0.0352104490149679,0.0187825237615216,-0.060602293967568
3867,"long_v3_CCD0.0.25",1.86233061835126,-0.25622883304144,0.00669049463830362,0.0109674905409423,0.0247291429141938,-0.0956028446204352
3868,"long_v3_CCD0.0.25",1.99959861685246,-0.124769236704623,-0.0780874332328071,0.000315508662240763,0.0192867953261688,-0.0539007839121657
3869,"long_v3_CCD0.0.25",1.91287580746235,-0.122460149588563,0.0299299963260724,-0.00346604752355551,0.0794869562860676,-0.0701524271398764
3870,"long_v3_CCD0.0.25",1.88241290902988,-0.161759919401953,0.137388335280865,0.0218496262707506,0.0227968593617003,-0.0871310612216081
3871,"long_v3_CCD0.0.25",1.84832752671935,-0.208536859410445,-0.00324350188141238,0.0130082211100882,0.00885401032315783,-0.0340616209737636
3872,"long_v3_CCD0.0.25",2.05391919624316,-0.121971022990934,-0.0184328248564781,0.0461122934897188,0.0425507111498855,-0.0918933003206033
3873,"long_v3_CCD0.0.25",1.98873773452162,-0.202941645046908,-0.0601868385219419,0.0181181532115153,-0.00474112275144352,-0.112093406138672
3874,"long_v3_CCD0.0.25",2.01827390535747,-0.18705410447025,-0.0286657626998042,-0.020419635239246,0.0799372883264438,-0.0838801139903819
3875,"long_v3_CCD0.0.25",1.76254408730987,-0.23413778532254,-0.139180847032872,-0.0399329227160969,0.0874978867315308,-0.0319098770457519
3876,"long_v3_CCD0.0.25",2.15777981667456,-0.0491644240271677,0.0843987522436962,0.0646267306675542,-0.0215690747936183,-0.039361598777044
3877,"long_v3_CCD0.0.25",1.99779162557526,-0.08017352850842,-0.0559644470935654,0.0204943645859532,0.0237880985140938,-0.0607873700536108
3878,"long_v3_CCD0.0.25",1.81312477759967,-0.136006472124398,0.0744303368759238,0.0259149094761541,0.0303343802657068,-0.0869154816221113
3879,"long_v3_CCD0.0.25",1.98797143144689,-0.0641826313935963,0.0717346324461725,0.0692611102612053,-0.0483526315923546,-0.0111396378706426
3880,"long_v3_CCD0.0.25",2.02003312024935,-0.128787758815579,0.0692589068876248,-0.00404494018324839,0.00331895320474916,-0.105866903915183
3881,"long_v3_CCD0.0.25",2.03815365023399,-0.222317173400527,0.00201542063288713,-0.00490219170919485,0.0407862510630489,-0.0990045034954025
3882,"long_v3_CCD0.0.25",2.06142722462688,-0.128353205961103,0.000677503838623709,-0.0307809470019656,-0.0255882868705719,-0.110619589433358
3883,"long_v3_CCD0.0.25",1.97614553815965,-0.202615018123278,-0.0502866196338833,-0.00456966583937774,-0.00532541974939784,-0.0998613411092745
3884,"long_v3_CCD0.0.25",1.88312125223285,-0.078160145292706,0.0617400151442964,0.0151225166902561,0.0250325468717378,-0.109689034739543
3885,"long_v3_CCD0.0.25",2.00455244286934,-0.247543551406084,-0.131415459198819,0.00665041489249281,0.0111628498519995,-0.0833257787863909
3886,"long_v3_CCD0.0.25",2.09969597491097,-0.277315049982423,-0.064062218846829,0.0120474253406334,0.111665995830341,-0.0778297972952544
3887,"long_v3_CCD0.0.25",1.98807441949863,-0.101242196423515,0.0597557905259916,0.0449704748045432,0.062647581534741,-0.107464093006568
3888,"long_v3_CCD0.0.25",1.95644805803842,-0.0888957959406845,0.107384191251377,0.0849106781773682,0.0794866173814804,-0.131444379114243
3889,"long_v3_CCD0.0.25",2.08310293645748,-0.125680939037642,0.0180770405756615,0.00582442493499728,-0.00739913618125894,-0.18153144243858
3890,"long_v3_CCD0.0.25",2.04205514754449,-0.225444778491681,0.0326918061421651,-0.0198530776561822,-0.0188045818842539,-0.117478075937091
3891,"long_v3_CCD0.0.25",1.95484086027983,-0.122518741806332,0.00604611940741551,0.044888789233647,0.0723665283405526,-0.047787952121869
3892,"long_v3_CCD0.0.25",1.80485884183563,-0.134187043806272,0.0226071760713214,0.0450119464215953,0.0279794748560128,-0.0929283000465096
3893,"long_v3_CCD0.0.25",1.94010865890655,-0.180123926826744,0.0827673039760662,0.0172608401675503,0.0321264645604054,-0.094361655622232
3894,"long_v3_CCD0.0.25",2.11922468528456,-0.204502795385548,-0.0539042598919157,0.0394602213290654,0.015745204767704,-0.164660999594281
3895,"long_v3_CCD0.0.25",1.86603237326301,-0.163088862709494,0.0360908273080342,0.0288108046744932,-0.0530504324705625,-0.104233173160696
3896,"long_v3_CCD0.0.25",1.82068868583055,-0.224074587175944,-0.0788690701031003,0.0156886280983279,0.0363252230360436,-0.0892811965743749
3897,"long_v3_CCD0.0.25",1.9415642626059,-0.106084538714504,0.00826876200435383,-0.0208817647551989,0.0384418236291541,-0.149529451354584
3898,"long_v3_CCD0.0.25",2.07787649209886,-0.0590872689946359,0.143050899030769,0.0912876780537086,-0.0230168000903606,-0.160849610629598
3899,"long_v3_CCD0.0.25",2.01989723831375,-0.21610439734614,0.0167508125162713,-0.0239261529509049,0.0248006165129093,-0.0935028522920374
3900,"long_v3_CCD0.0.25",1.91985893341245,-0.0816600322504188,0.0235772983233121,0.040402093545812,0.00583168876831439,-0.0732558457170687
3901,"long_v3_CCD0.0.25",2.02459641154397,-0.162070761921984,0.0451365562371233,0.00340924514060877,0.017082642347226,-0.133448795669936
3902,"long_v3_CCD0.0.25",1.96827995025638,-0.184818039874404,-0.0261105637467939,0.0372658095619458,0.0262888347995841,-0.106079359727841
3903,"long_v3_CCD0.0.25",1.83341565395044,-0.232354421440798,-0.092057803015601,0.0140179125284998,0.076838333174086,-0.0877587323480916
3904,"long_v3_CCD0.0.25",2.00257850190781,-0.167648576657334,0.183718158861904,-0.00968999745000831,0.0599421231281142,-0.0593739194994894
3905,"long_v3_CCD0.0.25",2.08487149629768,-0.215468668681206,-0.101218866857533,0.0329549972614599,0.0801798916632387,-0.0728263192779261
3906,"long_v3_CCD0.0.25",2.02204570840015,-0.159299372073613,0.0368275779436493,0.0414909575215188,0.0536401339621633,-0.0996729359620675
3907,"long_v3_CCD0.0.25",2.00262860127108,-0.205769673526716,-0.0358796330768324,0.0336772170361793,0.00079289595750583,-0.0818901487679684
3908,"long_v3_CCD0.0.25",1.81806058740487,-0.023463522950556,0.140075419634731,0.0466327269115625,0.0218392093561384,-0.0846084002775785
3909,"long_v3_CCD0.0.25",2.04432882499633,-0.135145018714835,0.0934836597915261,0.000302138847455058,-0.0250045416025022,-0.153579663298576
3910,"long_v3_CCD0.0.25",1.95472386934262,-0.132662672250476,-0.0543258269836603,-0.0244283432571683,-0.0435391483796493,-0.0680366389403511
3911,"long_v3_CCD0.0.25",1.7739314030538,-0.113097143654899,-0.0249603830246983,-0.0547338721973556,-0.0460557266006646,-0.0584563319229876
3912,"long_v3_CCD0.0.25",2.15157262868296,-0.242283382894302,-0.0429032131033636,0.00384159337919957,0.0553613230835763,-0.0608420506886446
3913,"long_v3_CCD0.0.25",2.02716826637088,-0.209693362111627,-0.159043203274671,0.0226053490072482,0.0867254700438251,-0.0453035955383176
3914,"long_v3_CCD0.0.25",1.95822665158268,-0.224287256142932,0.000203841743865619,-0.0454543137659095,0.0333119314190429,-0.0671425428041013
3915,"long_v3_CCD0.0.25",1.97162152594492,-0.068176398697593,0.0811504544401363,-0.0153448725870872,0.0258820229481371,-0.102593880801253
3916,"long_v3_CCD0.0.25",1.83966153750283,-0.145888657466987,-0.0467056001883698,0.0741886054346984,0.0153480148807798,-0.134565232473178
3917,"long_v3_CCD0.0.25",1.89255074832858,-0.290392527204419,-0.00657489667133613,-0.0131999253323698,-0.00915446791196959,-0.0526644412762722
3918,"long_v3_CCD0.0.25",1.68225761174374,-0.141661613367537,-0.0927338779004133,0.00954554893574498,-0.0120354450490303,-0.155125877720312
3919,"long_v3_CCD0.0.25",1.88728906243917,-0.0616262437890633,0.0685435427011237,0.0293872733675889,0.0425110953882315,-0.103145834645615
3920,"long_v3_CCD0.0.25",1.86067200643822,-0.10445488663002,-0.0205401473014068,-0.0150416678931437,-0.0120146382190935,-0.0623684615307787
3921,"long_v3_CCD0.0.25",1.9530170512195,-0.197614897035294,-0.0266087050364959,-0.00640460309100354,0.0836990858958538,-0.0301610920780428
3922,"long_v3_CCD0.0.25",1.79352126610968,-0.256247844464484,-0.00685836449694156,-0.0490291816598562,-0.00964615458451401,-0.0323350662378623
3923,"long_v3_CCD0.0.25",2.07891561070444,-0.172632199742598,-0.00344579965493802,-0.0247098017761609,-0.000698427826665654,-0.104342914070913
3924,"long_v3_CCD0.0.25",1.91523626644068,-0.109478028249621,0.0015485012992742,0.0610022666649947,0.0222991745669793,0.00901868769372247
3925,"long_v3_CCD0.0.25",1.91363393591124,-0.196405360017779,-0.0900851927840778,0.0171159406866306,0.0299922030165873,-0.178190104061905
3926,"long_v3_CCD0.0.25",1.95806575439741,-0.0810245917736571,-0.0516404167743217,0.0325977917276887,-0.0568035000861626,-0.0770806171708775
3927,"long_v3_CCD0.0.25",1.91074144701737,-0.150852158465086,0.00998529021480161,0.013568804286362,0.017237807577261,-0.0915990953153275
3928,"long_v3_CCD0.0.25",1.90951059645453,-0.025789201190669,0.13536610730729,0.00760023258303187,0.079099490800406,-0.0344113504321389
3929,"long_v3_CCD0.0.25",1.85319027265878,-0.159843398446654,-0.0352483649518442,0.0234903380006644,0.0537112150107401,-0.156023604034319
3930,"long_v3_CCD0.0.25",1.92161508232434,0.0231108254235342,0.00792279992072615,-0.0236059769172391,-0.051592708255013,-0.0801737469534093
3931,"long_v3_CCD0.0.25",2.00843662696121,-0.242120310232634,-0.0555126375895738,-0.0253722987341115,0.0476461302135774,-0.108762826709551
3932,"long_v3_CCD0.0.25",1.93937535224127,-0.0315705032178875,0.0414067659918161,0.0649643215001279,0.0107692675757081,-0.100177828246087
3933,"long_v3_CCD0.0.25",1.92611772607888,-0.156061407026657,0.0190258388780303,-0.0196062159747351,0.0375063429075009,-0.0578817315749228
3934,"long_v3_CCD0.0.25",2.00176203033269,-0.0707099775073674,0.0407722151384879,-0.0243102532079278,-0.0144809730575483,-0.0730093655287796
3935,"long_v3_CCD0.0.25",1.95342627380688,-0.222718562177547,-0.0731051517060079,0.0255673537850838,0.0343932304691149,-0.112861474487601
3936,"long_v3_CCD0.0.25",1.96821564691785,-0.0767584797401791,0.0180027200559835,0.0219760513551097,0.0777422828459093,-0.0594624314410592
3937,"long_v3_CCD0.0.25",1.81560989154523,-0.0184912942937058,0.0155787776342686,0.028067683300665,-0.00947578944791451,-0.0481754140597991
3938,"long_v3_CCD0.0.25",1.9542678455213,-0.135070660615084,0.0615166727942771,0.0821507372637249,0.0243403101052672,-0.109629937908042
3939,"long_v3_CCD0.0.25",1.9941629128154,-0.142942141742345,0.0187551260547867,-0.0247679480735852,0.0694593560030728,-0.0650421837092136
3940,"long_v3_CCD0.0.25",1.96687791461933,-0.199958220783581,-0.0435730251519731,-0.0155757741537576,0.0448626543607649,-0.0630148104623498
3941,"long_v3_CCD0.0.25",2.06359482154402,-0.172910826367576,-0.0793945710225263,0.00320030687025463,-0.0467801657477594,-0.147093678395385
3942,"long_v3_CCD0.0.25",1.97245175891536,-0.230850614184905,-0.0147048581465303,-0.00269600122363676,0.0248742432841724,-0.126710612137748
3943,"long_v3_CCD0.0.25",1.95387521373527,-0.0595183571099475,0.137154453068149,0.00472829784242438,0.0844923030745247,-0.03961454673458
3944,"long_v3_CCD0.0.25",1.94292262764779,-0.178968081901203,-0.0433330249277039,-0.0454392409863929,0.0150029159426493,-0.0845675906122314
3945,"long_v3_CCD0.0.25",1.95498294941596,-0.111771636506706,-0.0313961572927108,0.024176738650266,-0.0124960788890296,-0.123890525775284
3946,"long_v3_CCD0.0.25",1.97471755867473,-0.0839092920176179,0.0750428740955951,0.042687882880105,0.00606427098484905,-0.158341624710772
3947,"long_v3_CCD0.0.25",1.79615526234034,-0.2423841900039,-0.199140907459376,0.0239463947276324,0.00680700111278192,-0.0308977235704961
3948,"long_v3_CCD0.0.25",1.9110834907311,-0.0848628438168611,0.0756149480824089,0.059441844500892,0.0353269394873648,-0.0529913335944023
3949,"long_v3_CCD0.0.25",2.07107364651875,-0.138130605287046,0.106667889626935,0.0401318485491646,-0.0211930779425834,-0.117456041688794
3950,"long_v3_CCD0.0.25",1.98161606838788,0.00318972475375711,0.201208677193873,0.00031767518127414,0.0338036812013209,-0.0535829671974621
3951,"long_v3_CCD0.0.25",2.03673757122207,-0.0994413035340424,0.111914397784873,0.0280936565555295,-0.0267623049686101,-0.172745016082475
3952,"long_v3_CCD0.0.25",1.94017142305454,-0.114467041422443,0.0962150415159692,-0.00747850909749172,0.0255688292308839,-0.0995835556580924
3953,"long_v3_CCD0.0.25",1.96227382759318,-0.224501666932142,-0.0692858026819637,-0.000171139262693536,0.0135328361587367,-0.0708660457644735
3954,"long_v3_CCD0.0.25",1.94479724677479,-0.165126631075826,-0.0345157626611319,-0.0234150281287623,0.0346361544929559,-0.112750969454813
3955,"long_v3_CCD0.0.25",2.0071223041067,-0.146983489769514,-0.102379840719319,0.0834876725873185,0.00349896752818727,-0.0776805928542331
3956,"long_v3_CCD0.0.25",1.89078142518653,-0.254901312256988,-0.108257185302118,-0.0079490280601759,0.0757502476358188,-0.0745071870466871
3957,"long_v3_CCD0.0.25",2.05581354382992,-0.198250796910489,0.0193489253259935,0.0626129648801959,-0.00334983843668975,-0.0549237531300727
3958,"long_v3_CCD0.0.25",1.78305878865481,-0.058828800867341,0.00107556173981703,0.0357927518444824,0.0530349749999738,-0.0674485735305489
3959,"long_v3_CCD0.0.25",1.87417733507711,-0.0987042935537594,-0.0523937981836234,0.0282265090486136,0.07365707011382,-0.0700373756808756
3960,"long_v3_CCD0.0.25",1.9955818291282,-0.106910745339739,-0.0830801021348937,0.00918421499372486,0.0511168784189677,-0.0892198105743055
3961,"long_v3_CCD0.0.25",1.98156437837419,-0.111405423152776,0.112701030454908,0.0684034084843399,-0.039286612146137,-0.123672963760179
3962,"long_v3_CCD0.0.25",1.87209405879948,-0.165059036681414,-0.00360252867315305,0.0185493150646889,-0.00466583949067589,-0.0669965335422225
3963,"long_v3_CCD0.0.25",1.83133678525275,-0.0342634192060888,0.0556978670620474,-0.00635296969737802,-0.0494063289972631,-0.0772865057406995
3964,"long_v3_CCD0.0.25",1.83913104132974,-0.182679947095553,0.0563486871302351,-0.0145021174586686,0.0417519711513048,-0.0926331662026989
3965,"long_v3_CCD0.0.25",1.89035589788471,-0.200557164575005,-0.0501129049996325,-0.0428865378008931,-0.00981142323662251,-0.0712920961370617
3966,"long_v3_CCD0.0.25",1.96760015746038,-0.160637667062282,-0.005890721983703,0.000725934422949694,0.0121129634652913,-0.0941330742901351
3967,"long_v3_CCD0.0.25",1.92437550570469,-0.110499045473412,0.0742569773863313,0.0331506188444598,0.00428655115977453,0.0147901052651095
3968,"long_v3_CCD0.0.25",1.95985429642375,-0.272277429684082,-0.0322924397209004,-0.0319409549591082,0.0207071455138927,-0.0979335015484624
3969,"long_v3_CCD0.0.25",1.8653354062895,-0.127791125292102,0.0559060481060951,-0.0068574486806074,0.107707815988225,-0.0830723350257574
3970,"long_v3_CCD0.0.25",1.93756503396209,-0.169726452706126,0.0135174830768791,0.0193809241524302,0.00413813002108473,-0.130871023797534
3971,"long_v3_CCD0.0.25",1.86384985938607,-0.104473649947744,-0.0147123598100346,-0.0134378937420494,0.0880139210304713,-0.04701293970239
3972,"long_v3_CCD0.0.25",1.95585314326424,-0.0520287176168274,0.0532154476628278,-0.00543241273362157,0.0114675750196825,-0.0693075023198809
3973,"long_v3_CCD0.0.25",1.92784024786198,-0.0986957144552451,-0.048276973550597,-0.020783945316412,0.0723643405649636,-0.107884117402675
3974,"long_v3_CCD0.0.25",2.17180242042953,-0.137630002536448,0.00621432322602437,0.0562370916559624,0.0298852329925309,-0.067999255577541
3975,"long_v3_CCD0.0.25",2.09116907198195,0.0648972092264517,0.146343356104454,0.0207799788085916,-0.00131117029470426,0.02803432794801
3976,"long_v3_CCD0.0.25",1.89591246934562,-0.121127229000977,-0.0209810953779155,-0.0335196608661432,-0.00951125844462872,-0.114831664982125
3977,"long_v3_CCD0.0.25",1.96518469315888,-0.132282768971927,0.0521885459165054,-0.034428440675707,-0.0229834483611396,0.0184543770212381
3978,"long_v3_CCD0.0.25",2.08280617288224,-0.130174671495702,0.0193266949820136,0.000725845372256196,0.0392592540399972,-0.0544511992193803
3979,"long_v3_CCD0.0.25",1.89183198689042,-0.0864377792516652,-0.0512661907359794,-0.0240883376995037,0.0065687378104572,-0.0770839377663187
3980,"long_v3_CCD0.0.25",1.94815482744515,-0.105056238388408,0.0335190435685255,0.0518281213061158,0.0285944120101397,-0.171952578999108
3981,"long_v3_CCD0.0.25",1.86278227067675,-0.0160663652850687,0.087878108641787,0.0190799987950419,-0.0180667874283265,-0.0665501391061561
3982,"long_v3_CCD0.0.25",1.96627683577292,-0.0188237801233621,0.0361675949257492,-0.0632509003723488,-0.0186157166330106,-0.0642893348273521
3983,"long_v3_CCD0.0.25",1.84542425446631,-0.0107580203423124,0.0122981878661028,-0.0606326182964174,-0.0271502066925442,0.0231380136809383
3984,"long_v3_CCD0.0.25",1.74610225228105,-0.12139965300705,-0.0709316109385788,-0.0673577188021628,-0.0153420031573554,0.00475575107967539
3985,"long_v3_CCD0.0.25",1.89566846762392,-0.164181177013874,-0.00727998901192941,0.022183935307609,0.0145363892950611,-0.0985559959669284
3986,"long_v3_CCD0.0.25",2.00667921228369,-0.17733132190768,0.00930311992731445,-0.02993182849665,0.0333887146870279,-0.166506809288323
3987,"long_v3_CCD0.0.25",1.85560889179275,-0.0753068137240359,0.0457920421246298,0.0322769478865325,-0.0336075430703664,-0.0313257039419145
3988,"long_v3_CCD0.0.25",1.93295069900558,-0.199520973521551,0.00696848763413723,0.0485445564454014,0.0362918484713873,-0.127319691757137
3989,"long_v3_CCD0.0.25",1.92368101655173,-0.108176969490201,-0.00727166532128843,0.0342219286280147,0.0363537606181523,-0.00593740117900971
3990,"long_v3_CCD0.0.25",1.8440358312284,-0.10564530273176,0.00523888262233699,-0.00444681412892862,0.0366103024181835,-0.0587843571929751
3991,"long_v3_CCD0.0.25",1.95602560463991,0.0244422819302969,0.191153331742134,0.0601062616458357,0.0111705594074746,-0.121597457697666
3992,"long_v3_CCD0.0.25",2.07536023403524,-0.333394777539684,-0.157185711299778,0.0534681216457311,0.026029918391074,-0.134342234943036
3993,"long_v3_CCD0.0.25",1.87391665759346,-0.0889598143313283,0.0438546923386295,-0.0302005013569041,0.0359650534034292,-0.12424315293567
3994,"long_v3_CCD0.0.25",1.99431614128942,-0.220210529083005,-0.0379291093974318,-0.0598291849033733,0.0724323288546454,-0.119314259255291
3995,"long_v3_CCD0.0.25",1.95900494158909,-0.0878888274635862,0.0165908339389685,0.0252946667234866,0.0342798010466106,-0.126975694679962
3996,"long_v3_CCD0.0.25",1.88982251419626,-0.0934757641324487,-0.094261098772529,0.0234180235027026,0.00406244926028885,-0.0810871526323602
3997,"long_v3_CCD0.0.25",1.99367142065109,-0.133137804013829,-0.0280792223154814,0.00113018819299523,0.0305661186751803,-0.0522136506656045
3998,"long_v3_CCD0.0.25",2.05390717576667,-0.205856913537922,0.0584519199890316,0.04282240090316,0.102966777498671,-0.0673694465352954
3999,"long_v3_CCD0.0.25",1.94814367841377,-0.1313671528138,0.0813132524804262,0.0258298687222168,0.0101146772900471,-0.0527083502551426
4000,"long_v3_CCD0.0.25",2.12612148020278,-0.313481760834813,-0.0819067635100306,-0.0152694665253723,0.0985683991466304,-0.120069963512527
