"longitude_norm","latitude_norm","spline_mean","spline_lower","spline_upper","longitude","latitude"
-1.39943703264916,-2.2080946136615,-0.476003550030712,-1.49172109298061,0.530281998422518,-8.1,17.9344
-1.2812980381697,-2.2080946136615,-0.442362099712795,-1.41179372446613,0.516105308229304,-4.67264827586207,17.9344
-1.16315904369023,-2.2080946136615,-0.408700568325307,-1.3366637467318,0.505130732804285,-1.24529655172414,17.9344
-1.04502004921077,-2.2080946136615,-0.374997147234983,-1.26489027889472,0.494088385375655,2.18205517241379,17.9344
-0.926881054731307,-2.2080946136615,-0.341220928561622,-1.18598726367858,0.485876169394531,5.60940689655172,17.9344
-0.808742060251843,-2.2080946136615,-0.307336252827419,-1.11324071669316,0.479245907343427,9.03675862068965,17.9344
-0.69060306577238,-2.2080946136615,-0.273308432226227,-1.04328730074051,0.472034392243847,12.4641103448276,17.9344
-0.572464071292917,-2.2080946136615,-0.239109313794788,-0.972695104371107,0.464440425399835,15.8914620689655,17.9344
-0.454325076813454,-2.2080946136615,-0.20472418034185,-0.8993800311347,0.461086484087142,19.3188137931034,17.9344
-0.336186082333991,-2.2080946136615,-0.17015299101958,-0.83246040091958,0.461744258360117,22.7461655172414,17.9344
-0.218047087854528,-2.2080946136615,-0.135404698513628,-0.7695075743259,0.458972596857517,26.1735172413793,17.9344
-0.0999080933750645,-2.2080946136615,-0.10049326109212,-0.706280169842157,0.460032771471595,29.6008689655172,17.9344
0.0182309011043986,-2.2080946136615,-0.0654344965954268,-0.647037607995702,0.468352901492744,33.0282206896552,17.9344
0.136369895583862,-2.2080946136615,-0.0302428831417165,-0.592187293538425,0.477577512785711,36.4555724137931,17.9344
0.254508890063325,-2.2080946136615,0.00506757632612587,-0.543145816120029,0.491246154784595,39.882924137931,17.9344
0.372647884542788,-2.2080946136615,0.0404828792272998,-0.493332435836726,0.511310749067921,43.310275862069,17.9344
0.490786879022251,-2.2080946136615,0.0759891669411656,-0.448831309606997,0.531027721398877,46.7376275862069,17.9344
0.608925873501715,-2.2080946136615,0.111577226078748,-0.409707118469507,0.557830527336237,50.1649793103448,17.9344
0.727064867981178,-2.2080946136615,0.147244837409093,-0.373701582114758,0.590678563385254,53.5923310344828,17.9344
0.845203862460641,-2.2080946136615,0.182993826105188,-0.344013546484158,0.624359343103263,57.0196827586207,17.9344
0.963342856940104,-2.2080946136615,0.218828557992264,-0.315568989637342,0.665305656120095,60.4470344827586,17.9344
1.08148185141957,-2.2080946136615,0.254753766647146,-0.291306155926322,0.714136321670958,63.8743862068965,17.9344
1.19962084589903,-2.2080946136615,0.290774185090474,-0.27374298075887,0.766166006834004,67.3017379310345,17.9344
1.31775984037849,-2.2080946136615,0.326893498706206,-0.262901940372092,0.820592778118175,70.7290896551724,17.9344
1.43589883485796,-2.2080946136615,0.363111607771025,-0.245665376257719,0.880804277841651,74.1564413793103,17.9344
1.55403782933742,-2.2080946136615,0.399423776948233,-0.230962098187586,0.942035427651335,77.5837931034483,17.9344
1.67217682381688,-2.2080946136615,0.435817681569563,-0.221150475078778,1.00891569491279,81.0111448275862,17.9344
1.79031581829635,-2.2080946136615,0.472272003006429,-0.216128212529081,1.07921138590326,84.4384965517241,17.9344
1.90845481277581,-2.2080946136615,0.508764655292172,-0.215999063977935,1.14730347109478,87.8658482758621,17.9344
2.02659380725527,-2.2080946136615,0.545274628066538,-0.215183666930573,1.21980020833529,91.2932,17.9344
-1.39943703264916,-2.08022321752752,-0.456507455612563,-1.42805033732208,0.502067983328087,-8.1,19.3821793103448
-1.2812980381697,-2.08022321752752,-0.424538265747201,-1.35048669972933,0.490494434712391,-4.67264827586207,19.3821793103448
-1.16315904369023,-2.08022321752752,-0.392550112068712,-1.28189573531204,0.480535272885616,-1.24529655172414,19.3821793103448
-1.04502004921077,-2.08022321752752,-0.360522403856092,-1.2097256105099,0.468895100719135,2.18205517241379,19.3821793103448
-0.926881054731307,-2.08022321752752,-0.328425987206967,-1.13544189343696,0.460787758235741,5.60940689655172,19.3821793103448
-0.808742060251843,-2.08022321752752,-0.296227256101071,-1.06400758803963,0.452644926688588,9.03675862068965,19.3821793103448
-0.69060306577238,-2.08022321752752,-0.263893540075531,-0.997987448563141,0.448654480712351,12.4641103448276,19.3821793103448
-0.572464071292917,-2.08022321752752,-0.231398358831913,-0.932826489045645,0.442815173629342,15.8914620689655,19.3821793103448
-0.454325076813454,-2.08022321752752,-0.198727940701033,-0.865208798452015,0.436378831667473,19.3188137931034,19.3821793103448
-0.336186082333991,-2.08022321752752,-0.165882373193428,-0.800395226709241,0.438139816925797,22.7461655172414,19.3821793103448
-0.218047087854528,-2.08022321752752,-0.132870215656842,-0.735859238132203,0.436901387492442,26.1735172413793,19.3821793103448
-0.0999080933750645,-2.08022321752752,-0.0997046817009695,-0.676342068251849,0.437583339330486,29.6008689655172,19.3821793103448
0.0182309011043986,-2.08022321752752,-0.066400677444916,-0.621989097340603,0.443640402455282,33.0282206896552,19.3821793103448
0.136369895583862,-2.08022321752752,-0.0329718194751756,-0.568857413814175,0.451561644311127,36.4555724137931,19.3821793103448
0.254508890063325,-2.08022321752752,0.000568731170497827,-0.522165240789547,0.464989282117116,39.882924137931,19.3821793103448
0.372647884542788,-2.08022321752752,0.0342078138014843,-0.472641930143629,0.482181435842257,43.310275862069,19.3821793103448
0.490786879022251,-2.08022321752752,0.0679324042056892,-0.434951679290569,0.502374148333119,46.7376275862069,19.3821793103448
0.608925873501715,-2.08022321752752,0.101733881662395,-0.394667029179022,0.527642075555824,50.1649793103448,19.3821793103448
0.727064867981178,-2.08022321752752,0.135610253770555,-0.35900530425541,0.557030514218662,53.5923310344828,19.3821793103448
0.845203862460641,-2.08022321752752,0.169563353509425,-0.332080226525738,0.589739566073612,57.0196827586207,19.3821793103448
0.963342856940104,-2.08022321752752,0.203597411998959,-0.303847113820457,0.627599790082068,60.4470344827586,19.3821793103448
1.08148185141957,-2.08022321752752,0.237717007215497,-0.282577315457451,0.67329850100467,63.8743862068965,19.3821793103448
1.19962084589903,-2.08022321752752,0.271926716605203,-0.264064867081888,0.721110802476272,67.3017379310345,19.3821793103448
1.31775984037849,-2.08022321752752,0.306230118967369,-0.250893998309198,0.771999635924269,70.7290896551724,19.3821793103448
1.43589883485796,-2.08022321752752,0.340627185648551,-0.235759301701623,0.827587679946086,74.1564413793103,19.3821793103448
1.55403782933742,-2.08022321752752,0.375113473921534,-0.22136029254376,0.887190029681757,77.5837931034483,19.3821793103448
1.67217682381688,-2.08022321752752,0.409677318136489,-0.210963085870172,0.949000404235662,81.0111448275862,19.3821793103448
1.79031581829635,-2.08022321752752,0.444298493772459,-0.206513156719915,1.01385883469473,84.4384965517241,19.3821793103448
1.90845481277581,-2.08022321752752,0.478956045213323,-0.20402266212749,1.08054804412731,87.8658482758621,19.3821793103448
2.02659380725527,-2.08022321752752,0.513630034401187,-0.202984490744102,1.14888731171187,91.2932,19.3821793103448
-1.39943703264916,-1.95235182139355,-0.43699511854595,-1.36325789011827,0.473871525800143,-8.1,20.8299586206897
-1.2812980381697,-1.95235182139355,-0.406699327139431,-1.29394098415691,0.463871104756389,-4.67264827586207,20.8299586206897
-1.16315904369023,-1.95235182139355,-0.376385675131722,-1.22178464231836,0.454383732902534,-1.24529655172414,20.8299586206897
-1.04502004921077,-1.95235182139355,-0.346034774232683,-1.15469909935536,0.445535762440523,2.18205517241379,20.8299586206897
-0.926881054731307,-1.95235182139355,-0.315619201163397,-1.08488150238604,0.437337368908446,5.60940689655172,20.8299586206897
-0.808742060251843,-1.95235182139355,-0.285107374882411,-1.01886638369203,0.429941826574317,9.03675862068965,20.8299586206897
-0.69060306577238,-1.95235182139355,-0.254468613525604,-0.955516025576607,0.426589072196525,12.4641103448276,20.8299586206897
-0.572464071292917,-1.95235182139355,-0.223678084207506,-0.891588988978086,0.418773130941624,15.8914620689655,20.8299586206897
-0.454325076813454,-1.95235182139355,-0.192722943625541,-0.828290603891726,0.41396868649644,19.3188137931034,20.8299586206897
-0.336186082333991,-1.95235182139355,-0.161603400446992,-0.764130471418707,0.415221211200764,22.7461655172414,20.8299586206897
-0.218047087854528,-1.95235182139355,-0.130327620591968,-0.706050173335466,0.415687939821462,26.1735172413793,20.8299586206897
-0.0999080933750645,-1.95235182139355,-0.0989080798484485,-0.64889978423499,0.415226520295439,29.6008689655172,20.8299586206897
0.0182309011043986,-1.95235182139355,-0.0673587838140302,-0.597330884748096,0.418916690688037,33.0282206896552,20.8299586206897
0.136369895583862,-1.95235182139355,-0.0356924990503655,-0.548906302643587,0.426147336332302,36.4555724137931,20.8299586206897
0.254508890063325,-1.95235182139355,-0.00392155621622603,-0.500749813785996,0.439354401149748,39.882924137931,20.8299586206897
0.372647884542788,-1.95235182139355,0.0279417143617762,-0.457113516590397,0.45511752718849,43.310275862069,20.8299586206897
0.490786879022251,-1.95235182139355,0.0598851114178913,-0.415637766426875,0.474434061109543,46.7376275862069,20.8299586206897
0.608925873501715,-1.95235182139355,0.0919005975119633,-0.380731030668738,0.497673713846511,50.1649793103448,20.8299586206897
0.727064867981178,-1.95235182139355,0.123986400862072,-0.343877134321655,0.525334564243241,53.5923310344828,20.8299586206897
0.845203862460641,-1.95235182139355,0.156144358081055,-0.319586710795608,0.555128711362487,57.0196827586207,20.8299586206897
0.963342856940104,-1.95235182139355,0.188378562807432,-0.295090557109299,0.591865765533633,60.4470344827586,20.8299586206897
1.08148185141957,-1.95235182139355,0.220693434849194,-0.274154359410312,0.633860633146226,63.8743862068965,20.8299586206897
1.19962084589903,-1.95235182139355,0.253093393509969,-0.255149494134917,0.676829142892383,67.3017379310345,20.8299586206897
1.31775984037849,-1.95235182139355,0.285581908058433,-0.24295130717667,0.724143560404791,70.7290896551724,20.8299586206897
1.43589883485796,-1.95235182139355,0.318159016588422,-0.227226127606347,0.777641715345158,74.1564413793103,20.8299586206897
1.55403782933742,-1.95235182139355,0.350820562907002,-0.21468244693851,0.835335089044566,77.5837931034483,20.8299586206897
1.67217682381688,-1.95235182139355,0.383555531459445,-0.202848326728087,0.890866244699066,81.0111448275862,20.8299586206897
1.79031581829635,-1.95235182139355,0.416344779560849,-0.197408215093215,0.953122816905204,84.4384965517241,20.8299586206897
1.90845481277581,-1.95235182139355,0.449168469461318,-0.195363433269296,1.01485601456967,87.8658482758621,20.8299586206897
2.02659380725527,-1.95235182139355,0.482007723807762,-0.19235884120472,1.07911981069236,91.2932,20.8299586206897
-1.39943703264916,-1.82448042525957,-0.417450296182408,-1.29497403687293,0.447213282447319,-8.1,22.2777379310345
-1.2812980381697,-1.82448042525957,-0.388830179247309,-1.23171568033911,0.436583061428176,-4.67264827586207,22.2777379310345
-1.16315904369023,-1.82448042525957,-0.360193276833942,-1.16503175787191,0.427452621175713,-1.24529655172414,22.2777379310345
-1.04502004921077,-1.82448042525957,-0.331521372120238,-1.09765298861862,0.419556925044915,2.18205517241379,22.2777379310345
-0.926881054731307,-1.82448042525957,-0.302788725741997,-1.03574182224718,0.412989659716212,5.60940689655172,22.2777379310345
-0.808742060251843,-1.82448042525957,-0.273965724679126,-0.974652560733099,0.408561310820622,9.03675862068965,22.2777379310345
-0.69060306577238,-1.82448042525957,-0.245023618177211,-0.911871484668421,0.402709059777037,12.4641103448276,22.2777379310345
-0.572464071292917,-1.82448042525957,-0.21593917026004,-0.851460629775499,0.396042302593462,15.8914620689655,22.2777379310345
-0.454325076813454,-1.82448042525957,-0.186700431680696,-0.790499001407682,0.392059932365617,19.3188137931034,22.2777379310345
-0.336186082333991,-1.82448042525957,-0.157307717859989,-0.731748892679043,0.392524390979965,22.7461655172414,22.2777379310345
-0.218047087854528,-1.82448042525957,-0.127768801110916,-0.674551151554152,0.392850099411408,26.1735172413793,22.2777379310345
-0.0999080933750645,-1.82448042525957,-0.0980954330731869,-0.622478922990537,0.393808961382231,29.6008689655172,22.2777379310345
0.0182309011043986,-1.82448042525957,-0.0683007412223935,-0.571211067867444,0.396209194728305,33.0282206896552,22.2777379310345
0.136369895583862,-1.82448042525957,-0.0383966651090146,-0.523243327607573,0.402750181759452,36.4555724137931,22.2777379310345
0.254508890063325,-1.82448042525957,-0.00839472806514596,-0.481315597307636,0.41372470009393,39.882924137931,22.2777379310345
0.372647884542788,-1.82448042525957,0.0216935468942809,-0.441665887202714,0.427993888880774,43.310275862069,22.2777379310345
0.490786879022251,-1.82448042525957,0.0518567585254486,-0.400692625675097,0.445769007530611,46.7376275862069,22.2777379310345
0.608925873501715,-1.82448042525957,0.0820874338933733,-0.366399744476632,0.467655220363368,50.1649793103448,22.2777379310345
0.727064867981178,-1.82448042525957,0.112384009413693,-0.332481890895457,0.494140161447176,53.5923310344828,22.2777379310345
0.845203862460641,-1.82448042525957,0.142748316987473,-0.308470535004265,0.52272949070349,57.0196827586207,22.2777379310345
0.963342856940104,-1.82448042525957,0.173184307219463,-0.282759722101681,0.557276624772522,60.4470344827586,22.2777379310345
1.08148185141957,-1.82448042525957,0.203696236613585,-0.264452289796148,0.594754404755813,63.8743862068965,22.2777379310345
1.19962084589903,-1.82448042525957,0.234288361194808,-0.247339813341905,0.635555840707547,67.3017379310345,22.2777379310345
1.31775984037849,-1.82448042525957,0.2649640348093,-0.232559998832487,0.679260698989508,70.7290896551724,22.2777379310345
1.43589883485796,-1.82448042525957,0.29572335365298,-0.219375786685862,0.730428496085306,74.1564413793103,22.2777379310345
1.55403782933742,-1.82448042525957,0.326562435916804,-0.205321144556581,0.780635014772699,77.5837931034483,22.2777379310345
1.67217682381688,-1.82448042525957,0.357470898294459,-0.197686317944336,0.834123902605603,81.0111448275862,22.2777379310345
1.79031581829635,-1.82448042525957,0.388430655393957,-0.189653417639409,0.89187193311056,84.4384965517241,22.2777379310345
1.90845481277581,-1.82448042525957,0.419422962363002,-0.185808576981396,0.950399290935232,87.8658482758621,22.2777379310345
2.02659380725527,-1.82448042525957,0.450429979358191,-0.18581877571258,1.01051908994423,91.2932,22.2777379310345
-1.39943703264916,-1.6966090291256,-0.397856745873475,-1.22847348524695,0.420966116406135,-8.1,23.7255172413793
-1.2812980381697,-1.6966090291256,-0.370915717428661,-1.1687202904404,0.410716171379772,-4.67264827586207,23.7255172413793
-1.16315904369023,-1.6966090291256,-0.343958936494978,-1.10441134770402,0.40459043459896,-1.24529655172414,23.7255172413793
-1.04502004921077,-1.6966090291256,-0.31696931127424,-1.04291843791323,0.396980928966136,2.18205517241379,23.7255172413793
-0.926881054731307,-1.6966090291256,-0.289922716253852,-0.985855385734543,0.389050145111539,5.60940689655172,23.7255172413793
-0.808742060251843,-1.6966090291256,-0.262791420998902,-0.928234051948384,0.385762633225137,9.03675862068965,23.7255172413793
-0.69060306577238,-1.6966090291256,-0.235548519631124,-0.868853419360935,0.379780848925665,12.4641103448276,23.7255172413793
-0.572464071292917,-1.6966090291256,-0.20817229732798,-0.812373419835191,0.372193708633678,15.8914620689655,23.7255172413793
-0.454325076813454,-1.6966090291256,-0.180651647431821,-0.756248911431028,0.370914222509998,19.3188137931034,23.7255172413793
-0.336186082333991,-1.6966090291256,-0.152986970512133,-0.701082824247704,0.368520191995457,22.7461655172414,23.7255172413793
-0.218047087854528,-1.6966090291256,-0.125185645005597,-0.644658290513049,0.368704682034067,26.1735172413793,23.7255172413793
-0.0999080933750645,-1.6966090291256,-0.0972587189138148,-0.597683953498762,0.368940598880832,29.6008689655172,23.7255172413793
0.0182309011043986,-1.6966090291256,-0.0692184751896319,-0.546548479982254,0.371631958109166,33.0282206896552,23.7255172413793
0.136369895583862,-1.6966090291256,-0.0410760608928555,-0.502040477045827,0.379988036221872,36.4555724137931,23.7255172413793
0.254508890063325,-1.6966090291256,-0.0128422266073569,-0.464655224716254,0.388304725740071,39.882924137931,23.7255172413793
0.372647884542788,-1.6966090291256,0.0154722773851068,-0.426161798636135,0.401861189836221,43.310275862069,23.7255172413793
0.490786879022251,-1.6966090291256,0.0438568154760395,-0.385933642916912,0.418810450894848,46.7376275862069,23.7255172413793
0.608925873501715,-1.6966090291256,0.0723044510725463,-0.356155856256863,0.439206718601531,50.1649793103448,23.7255172413793
0.727064867981178,-1.6966090291256,0.100813810155473,-0.32145692176025,0.463813550074263,53.5923310344828,23.7255172413793
0.845203862460641,-1.6966090291256,0.129386707396071,-0.296316101285448,0.49018875955271,57.0196827586207,23.7255172413793
0.963342856940104,-1.6966090291256,0.15802694203683,-0.275753190416395,0.52295550178255,60.4470344827586,23.7255172413793
1.08148185141957,-1.6966090291256,0.186738599574019,-0.259020200911174,0.557052592062721,63.8743862068965,23.7255172413793
1.19962084589903,-1.6966090291256,0.215525765049756,-0.240406537567971,0.596871624988963,67.3017379310345,23.7255172413793
1.31775984037849,-1.6966090291256,0.244391668049873,-0.225802779915227,0.638148193830263,70.7290896551724,23.7255172413793
1.43589883485796,-1.6966090291256,0.27333644990457,-0.214453447993648,0.684214467652154,74.1564413793103,23.7255172413793
1.55403782933742,-1.6966090291256,0.302356484963108,-0.202290121229455,0.732928249998531,77.5837931034483,23.7255172413793
1.67217682381688,-1.6966090291256,0.331441995397559,-0.193122417897476,0.784448916713426,81.0111448275862,23.7255172413793
1.79031581829635,-1.6966090291256,0.360575916294144,-0.18570960423974,0.836108269057543,84.4384965517241,23.7255172413793
1.90845481277581,-1.6966090291256,0.389740558245217,-0.180203972783147,0.888525593136956,87.8658482758621,23.7255172413793
2.02659380725527,-1.6966090291256,0.418919084124396,-0.180059126883772,0.946117570634536,91.2932,23.7255172413793
-1.39943703264916,-1.56873763299162,-0.378198484337442,-1.1648123982843,0.393796161882888,-8.1,25.1732965517241
-1.2812980381697,-1.56873763299162,-0.352941079556609,-1.10361588780297,0.387416246105595,-4.67264827586207,25.1732965517241
-1.16315904369023,-1.56873763299162,-0.327668899335255,-1.04362533576359,0.380081758000189,-1.24529655172414,25.1732965517241
-1.04502004921077,-1.56873763299162,-0.302365915228077,-0.989582858270503,0.373342770835536,2.18205517241379,25.1732965517241
-0.926881054731307,-1.56873763299162,-0.2770095225003,-0.935518209837881,0.366294388316133,5.60940689655172,25.1732965517241
-0.808742060251843,-1.56873763299162,-0.251573759765455,-0.880398418537572,0.361337559733893,9.03675862068965,25.1732965517241
-0.69060306577238,-1.56873763299162,-0.226033451398967,-0.824208562420962,0.356523262726715,12.4641103448276,25.1732965517241
-0.572464071292917,-1.56873763299162,-0.200368302991202,-0.771967934580648,0.351497634301326,15.8914620689655,25.1732965517241
-0.454325076813454,-1.56873763299162,-0.174567981946896,-0.719825206506085,0.347778076654071,19.3188137931034,25.1732965517241
-0.336186082333991,-1.56873763299162,-0.148632945099195,-0.66818779891483,0.347974644128771,22.7461655172414,25.1732965517241
-0.218047087854528,-1.56873763299162,-0.12257017647733,-0.61741659821628,0.346622107449498,26.1735172413793,25.1732965517241
-0.0999080933750645,-1.56873763299162,-0.0963900476045074,-0.572435241696994,0.346615882597141,29.6008689655172,25.1732965517241
0.0182309011043986,-1.56873763299162,-0.0701040415393761,-0.52430314071328,0.35085612771705,33.0282206896552,25.1732965517241
0.136369895583862,-1.56873763299162,-0.0437225587387147,-0.482377825460141,0.357131319064809,36.4555724137931,25.1732965517241
0.254508890063325,-1.56873763299162,-0.017255623012888,-0.444912128457224,0.367008002914233,39.882924137931,25.1732965517241
0.372647884542788,-1.56873763299162,0.00928674211474423,-0.408630576227859,0.377893330259654,43.310275862069,25.1732965517241
0.490786879022251,-1.56873763299162,0.0358946209500273,-0.37400721364067,0.393233496146401,46.7376275862069,25.1732965517241
0.608925873501715,-1.56873763299162,0.062561575753433,-0.342898829449116,0.411250069122207,50.1649793103448,25.1732965517241
0.727064867981178,-1.56873763299162,0.089286397191942,-0.313973146480874,0.434859496065524,53.5923310344828,25.1732965517241
0.845203862460641,-1.56873763299162,0.116070865927866,-0.288473701441728,0.459204433340407,57.0196827586207,25.1732965517241
0.963342856940104,-1.56873763299162,0.14291861861813,-0.267207327598443,0.488406228313101,60.4470344827586,25.1732965517241
1.08148185141957,-1.56873763299162,0.169833559357032,-0.250913112865212,0.52248696174799,63.8743862068965,25.1732965517241
1.19962084589903,-1.56873763299162,0.196819591808735,-0.231337786671818,0.560115596795502,67.3017379310345,25.1732965517241
1.31775984037849,-1.56873763299162,0.223879809409893,-0.218831527240234,0.598263926035854,70.7290896551724,25.1732965517241
1.43589883485796,-1.56873763299162,0.251014381293554,-0.20803425316895,0.64270510033011,74.1564413793103,25.1732965517241
1.55403782933742,-1.56873763299162,0.278219913701682,-0.199839798980391,0.687165446045272,77.5837931034483,25.1732965517241
1.67217682381688,-1.56873763299162,0.305487198749569,-0.189938965935259,0.734120657994914,81.0111448275862,25.1732965517241
1.79031581829635,-1.56873763299162,0.332800143218948,-0.183843211752683,0.783836891158792,84.4384965517241,25.1732965517241
1.90845481277581,-1.56873763299162,0.360142063526165,-0.179853104263576,0.835583710274171,87.8658482758621,25.1732965517241
2.02659380725527,-1.56873763299162,0.387497079174926,-0.175727009097346,0.891116532364753,91.2932,25.1732965517241
-1.39943703264916,-1.44086623685764,-0.358462406932547,-1.10186076597981,0.369722201756803,-8.1,26.621075862069
-1.2812980381697,-1.44086623685764,-0.334894092106153,-1.04274682470167,0.363289190849168,-4.67264827586207,26.621075862069
-1.16315904369023,-1.44086623685764,-0.311311911749053,-0.989138608799133,0.359173894193339,-1.24529655172414,26.621075862069
-1.04502004921077,-1.44086623685764,-0.287700826685029,-0.935654343150127,0.34995140437695,2.18205517241379,26.621075862069
-0.926881054731307,-1.44086623685764,-0.264039640734249,-0.884708765275653,0.34160260795295,5.60940689655172,26.621075862069
-0.808742060251843,-1.44086623685764,-0.240304024241422,-0.834036472673814,0.338253525320884,9.03675862068965,26.621075862069
-0.69060306577238,-1.44086623685764,-0.216470392936628,-0.782934599775418,0.332392374598442,12.4641103448276,26.621075862069
-0.572464071292917,-1.44086623685764,-0.192519750274236,-0.732674285782583,0.329688306288771,15.8914620689655,26.621075862069
-0.454325076813454,-1.44086623685764,-0.168442453471985,-0.684482153527331,0.327423529685904,19.3188137931034,26.621075862069
-0.336186082333991,-1.44086623685764,-0.144238978894093,-0.636377174658547,0.326153334109756,22.7461655172414,26.621075862069
-0.218047087854528,-1.44086623685764,-0.119915913729185,-0.589448094027174,0.326639648157327,26.1735172413793,26.621075862069
-0.0999080933750645,-1.44086623685764,-0.0954829848702614,-0.544636462499906,0.326901303343993,29.6008689655172,26.621075862069
0.0182309011043986,-1.44086623685764,-0.0709509292248551,-0.500856792573988,0.32970752271594,33.0282206896552,26.621075862069
0.136369895583862,-1.44086623685764,-0.0463294562712377,-0.461328521757443,0.335246718037161,36.4555724137931,26.621075862069
0.254508890063325,-1.44086623685764,-0.0216279188796156,-0.428401606786755,0.343905534524493,39.882924137931,26.621075862069
0.372647884542788,-1.44086623685764,0.00314433035153883,-0.395125910757707,0.35476473456964,43.310275862069,26.621075862069
0.490786879022251,-1.44086623685764,0.027978040103501,-0.363750255553753,0.368331814385527,46.7376275862069,26.621075862069
0.608925873501715,-1.44086623685764,0.0528672255121787,-0.332585146476791,0.387009446191564,50.1649793103448,26.621075862069
0.727064867981178,-1.44086623685764,0.0778108106258113,-0.307071288602009,0.408170654169155,53.5923310344828,26.621075862069
0.845203862460641,-1.44086623685764,0.102810520324852,-0.281944828713929,0.430884558762271,57.0196827586207,26.621075862069
0.963342856940104,-1.44086623685764,0.127869813504179,-0.262888954009574,0.458297390029127,60.4470344827586,26.621075862069
1.08148185141957,-1.44086623685764,0.152992398666755,-0.242389844941021,0.488763001004161,63.8743862068965,26.621075862069
1.19962084589903,-1.44086623685764,0.178181983908526,-0.22969633266863,0.524845946276077,67.3017379310345,26.621075862069
1.31775984037849,-1.44086623685764,0.203441510651047,-0.215514773159354,0.56050736274089,70.7290896551724,26.621075862069
1.43589883485796,-1.44086623685764,0.228771153849642,-0.205644178739505,0.601187797855397,74.1564413793103,26.621075862069
1.55403782933742,-1.44086623685764,0.254167721814716,-0.198021393966314,0.645012915628229,77.5837931034483,26.621075862069
1.67217682381688,-1.44086623685764,0.279622534024718,-0.187717917384105,0.690060929182182,81.0111448275862,26.621075862069
1.79031581829635,-1.44086623685764,0.305120411390888,-0.182002461619665,0.735034769805166,84.4384965517241,26.621075862069
1.90845481277581,-1.44086623685764,0.330645617678816,-0.178202661253665,0.782644613194173,87.8658482758621,26.621075862069
2.02659380725527,-1.44086623685764,0.356183174807144,-0.17355839626982,0.83463289993552,91.2932,26.621075862069
-1.39943703264916,-1.31299484072367,-0.338641028313809,-1.03421592039127,0.347239944757783,-8.1,28.0688551724138
-1.2812980381697,-1.31299484072367,-0.31676781819234,-0.984308764175249,0.34014902468819,-4.67264827586207,28.0688551724138
-1.16315904369023,-1.31299484072367,-0.294881579133989,-0.93337124965395,0.333701695681674,-1.24529655172414,28.0688551724138
-1.04502004921077,-1.31299484072367,-0.272968180185167,-0.883910073581098,0.327302478563097,2.18205517241379,28.0688551724138
-0.926881054731307,-1.31299484072367,-0.251007710062849,-0.836295482563896,0.318789234438803,5.60940689655172,28.0688551724138
-0.808742060251843,-1.31299484072367,-0.228977318635623,-0.788779562226696,0.314906768529868,9.03675862068965,28.0688551724138
-0.69060306577238,-1.31299484072367,-0.206854858456466,-0.73944068879261,0.311327398630556,12.4641103448276,28.0688551724138
-0.572464071292917,-1.31299484072367,-0.184622493499395,-0.694168491716677,0.309158061912115,15.8914620689655,28.0688551724138
-0.454325076813454,-1.31299484072367,-0.162271174490547,-0.648603859228894,0.305937362957877,19.3188137931034,28.0688551724138
-0.336186082333991,-1.31299484072367,-0.139801352770346,-0.605234940620184,0.304123809026152,22.7461655172414,28.0688551724138
-0.218047087854528,-1.31299484072367,-0.117219212156621,-0.560450026002051,0.305629645103658,26.1735172413793,28.0688551724138
-0.0999080933750645,-1.31299484072367,-0.0945338680498065,-0.520804581108602,0.305931862934313,29.6008689655172,28.0688551724138
0.0182309011043986,-1.31299484072367,-0.0717553702358327,-0.476984241965895,0.307951423188388,33.0282206896552,28.0688551724138
0.136369895583862,-1.31299484072367,-0.0488927990907868,-0.442039532972688,0.314259189594754,36.4555724137931,28.0688551724138
0.254508890063325,-1.31299484072367,-0.0259548988724054,-0.411827455255709,0.321679492267957,39.882924137931,28.0688551724138
0.372647884542788,-1.31299484072367,-0.00295041358230197,-0.380847587154969,0.332280270475181,43.310275862069,28.0688551724138
0.490786879022251,-1.31299484072367,0.0201120078081978,-0.352685514832976,0.345261884545609,46.7376275862069,28.0688551724138
0.608925873501715,-1.31299484072367,0.0432267810303166,-0.325849824136118,0.36346966702022,50.1649793103448,28.0688551724138
0.727064867981178,-1.31299484072367,0.0663929262546334,-0.299915616051803,0.382459288722047,53.5923310344828,28.0688551724138
0.845203862460641,-1.31299484072367,0.0896120853095521,-0.2758193499072,0.405431471021141,57.0196827586207,28.0688551724138
0.963342856940104,-1.31299484072367,0.112887519094325,-0.257021648970044,0.431752621461035,60.4470344827586,28.0688551724138
1.08148185141957,-1.31299484072367,0.136222721346015,-0.241814504590071,0.459510609629046,63.8743862068965,28.0688551724138
1.19962084589903,-1.31299484072367,0.159621185416945,-0.228088846698842,0.491890230521464,67.3017379310345,28.0688551724138
1.31775984037849,-1.31299484072367,0.18308567995493,-0.215315506470354,0.528542336805763,70.7290896551724,28.0688551724138
1.43589883485796,-1.31299484072367,0.206616359181665,-0.206358039728436,0.567551716849504,74.1564413793103,28.0688551724138
1.55403782933742,-1.31299484072367,0.230210199366618,-0.197798654705768,0.607316302618606,77.5837931034483,28.0688551724138
1.67217682381688,-1.31299484072367,0.253859000946569,-0.188696513742613,0.645257255932563,81.0111448275862,28.0688551724138
1.79031581829635,-1.31299484072367,0.277548438134052,-0.185566386594608,0.690161559489599,84.4384965517241,28.0688551724138
1.90845481277581,-1.31299484072367,0.301263660430578,-0.181894675000736,0.735889077020573,87.8658482758621,28.0688551724138
2.02659380725527,-1.31299484072367,0.324990535254718,-0.17951800923237,0.785397250910451,91.2932,28.0688551724138
-1.39943703264916,-1.18512344458969,-0.318731296385885,-0.975234114408208,0.324924695108511,-8.1,29.5166344827586
-1.2812980381697,-1.18512344458969,-0.298559442914887,-0.925379077030008,0.319011678770757,-4.67264827586207,29.5166344827586
-1.16315904369023,-1.18512344458969,-0.278375321515727,-0.880753611589701,0.312641986505949,-1.24529655172414,29.5166344827586
-1.04502004921077,-1.18512344458969,-0.258165625718359,-0.835809417283565,0.305538000758113,2.18205517241379,29.5166344827586
-0.926881054731307,-1.18512344458969,-0.23791160025214,-0.787418366272286,0.298367598324328,5.60940689655172,29.5166344827586
-0.808742060251843,-1.18512344458969,-0.217591714746454,-0.744539459177848,0.293599712803944,9.03675862068965,29.5166344827586
-0.69060306577238,-1.18512344458969,-0.197185095662983,-0.698151935792091,0.290322829133512,12.4641103448276,29.5166344827586
-0.572464071292917,-1.18512344458969,-0.176674921453817,-0.655133238691419,0.288149596277695,15.8914620689655,29.5166344827586
-0.454325076813454,-1.18512344458969,-0.156052631621272,-0.614245815753367,0.286544550753293,19.3188137931034,29.5166344827586
-0.336186082333991,-1.18512344458969,-0.135318600910096,-0.575637825995656,0.285117741137353,22.7461655172414,29.5166344827586
-0.218047087854528,-1.18512344458969,-0.114478598103104,-0.535660189997006,0.284377572496108,26.1735172413793,29.5166344827586
-0.0999080933750645,-1.18512344458969,-0.0935411591423208,-0.495318850194939,0.285427887019376,29.6008689655172,29.5166344827586
0.0182309011043986,-1.18512344458969,-0.0725157079120189,-0.457421084906011,0.289668763393976,33.0282206896552,29.5166344827586
0.136369895583862,-1.18512344458969,-0.0514107608405219,-0.426066914818338,0.294227639138716,36.4555724137931,29.5166344827586
0.254508890063325,-1.18512344458969,-0.0302345194747513,-0.395288988199873,0.301639899124086,39.882924137931,29.5166344827586
0.372647884542788,-1.18512344458969,-0.00899518512168829,-0.36681407470146,0.312420120252645,43.310275862069,29.5166344827586
0.490786879022251,-1.18512344458969,0.0122991299739565,-0.342138108187179,0.325040972094689,46.7376275862069,29.5166344827586
0.608925873501715,-1.18512344458969,0.033643185678943,-0.31664206488486,0.339748198547032,50.1649793103448,29.5166344827586
0.727064867981178,-1.18512344458969,0.0550360560245737,-0.293951636154354,0.358976634534419,53.5923310344828,29.5166344827586
0.845203862460641,-1.18512344458969,0.0764792672712211,-0.276017331072885,0.381491012847676,57.0196827586207,29.5166344827586
0.963342856940104,-1.18512344458969,0.0979758568305327,-0.259335935019972,0.406194565948216,60.4470344827586,29.5166344827586
1.08148185141957,-1.18512344458969,0.119529079246361,-0.24297657428241,0.434473975603082,63.8743862068965,29.5166344827586
1.19962084589903,-1.18512344458969,0.141142188699404,-0.231272782465958,0.464282373868942,67.3017379310345,29.5166344827586
1.31775984037849,-1.18512344458969,0.162817755309146,-0.219214253284632,0.498623718436953,70.7290896551724,29.5166344827586
1.43589883485796,-1.18512344458969,0.184555881923862,-0.210658067852778,0.533777349186074,74.1564413793103,29.5166344827586
1.55403782933742,-1.18512344458969,0.206353675604931,-0.200403738150348,0.572391163841417,77.5837931034483,29.5166344827586
1.67217682381688,-1.18512344458969,0.228203369947967,-0.195462429392619,0.609076762985084,81.0111448275862,29.5166344827586
1.79031581829635,-1.18512344458969,0.250091432228906,-0.190191020475482,0.650168884788373,84.4384965517241,29.5166344827586
1.90845481277581,-1.18512344458969,0.2720038368991,-0.189687186041655,0.692284662566921,87.8658482758621,29.5166344827586
2.02659380725527,-1.18512344458969,0.293927241004027,-0.188622281086413,0.736408716592794,91.2932,29.5166344827586
-1.39943703264916,-1.05725204845572,-0.298734288618232,-0.913579751507957,0.30434529029774,-8.1,30.9644137931035
-1.2812980381697,-1.05725204845572,-0.280269980481346,-0.868669049926004,0.297546083209046,-4.67264827586207,30.9644137931035
-1.16315904369023,-1.05725204845572,-0.26179409116207,-0.825069419590527,0.293437317876492,-1.24529655172414,30.9644137931035
-1.04502004921077,-1.05725204845572,-0.243294056191728,-0.784805834590615,0.286135097361651,2.18205517241379,30.9644137931035
-0.926881054731307,-1.05725204845572,-0.224752148103128,-0.739991510484458,0.279902538925107,5.60940689655172,30.9644137931035
-0.808742060251843,-1.05725204845572,-0.20614799610513,-0.700469419404683,0.273860258963293,9.03675862068965,30.9644137931035
-0.69060306577238,-1.05725204845572,-0.187461836435986,-0.658687561324124,0.269133557179416,12.4641103448276,30.9644137931035
-0.572464071292917,-1.05725204845572,-0.168677713505459,-0.620936471789637,0.268406220225773,15.8914620689655,30.9644137931035
-0.454325076813454,-1.05725204845572,-0.149787446506858,-0.579738504345905,0.26763453083924,19.3188137931034,30.9644137931035
-0.336186082333991,-1.05725204845572,-0.130791276490477,-0.544166204784355,0.267776049830326,22.7461655172414,30.9644137931035
-0.218047087854528,-1.05725204845572,-0.111694540090491,-0.509644690399146,0.266485291861283,26.1735172413793,30.9644137931035
-0.0999080933750645,-1.05725204845572,-0.0925052227525596,-0.471853578466918,0.267171182063953,29.6008689655172,30.9644137931035
0.0182309011043986,-1.05725204845572,-0.0732321828967528,-0.439150213388417,0.269297751896921,33.0282206896552,30.9644137931035
0.136369895583862,-1.05725204845572,-0.0538834384358093,-0.407204901477002,0.274686831955445,36.4555724137931,30.9644137931035
0.254508890063325,-1.05725204845572,-0.0344667146909243,-0.378660789051912,0.2832987212822,39.882924137931,30.9644137931035
0.372647884542788,-1.05725204845572,-0.0149897367603362,-0.356937503187186,0.292200895660178,43.310275862069,30.9644137931035
0.490786879022251,-1.05725204845572,0.00453985359624731,-0.333468090966254,0.304245320233776,46.7376275862069,30.9644137931035
0.608925873501715,-1.05725204845572,0.024117102110023,-0.312462956333127,0.320079161525165,50.1649793103448,30.9644137931035
0.727064867981178,-1.05725204845572,0.0437410908536275,-0.292758512495665,0.341478726202353,53.5923310344828,30.9644137931035
0.845203862460641,-1.05725204845572,0.06341319361138,-0.275426085679124,0.362503122092077,57.0196827586207,30.9644137931035
0.963342856940104,-1.05725204845572,0.0831361940039237,-0.260040196679788,0.386407020200123,60.4470344827586,30.9644137931035
1.08148185141957,-1.05725204845572,0.102913078088065,-0.246085338862214,0.412053946239168,63.8743862068965,30.9644137931035
1.19962084589903,-1.05725204845572,0.122746831578511,-0.23418500156367,0.440772879452291,67.3017379310345,30.9644137931035
1.31775984037849,-1.05725204845572,0.142639795804055,-0.224989012040299,0.471016497365717,70.7290896551724,30.9644137931035
1.43589883485796,-1.05725204845572,0.162591988376282,-0.216485597620923,0.503953872731334,74.1564413793103,30.9644137931035
1.55403782933742,-1.05725204845572,0.182600608264786,-0.211001510971526,0.540870556519553,77.5837931034483,30.9644137931035
1.67217682381688,-1.05725204845572,0.202658275169928,-0.206239686588948,0.577467683478009,81.0111448275862,30.9644137931035
1.79031581829635,-1.05725204845572,0.22275219287005,-0.203250026772606,0.614070944104683,84.4384965517241,30.9644137931035
1.90845481277581,-1.05725204845572,0.242869103961349,-0.202100148685536,0.651529243947804,87.8658482758621,30.9644137931035
2.02659380725527,-1.05725204845572,0.262996403235302,-0.198545236224306,0.692172709410659,91.2932,30.9644137931035
-1.39943703264916,-0.92938065232174,-0.278654484775909,-0.853886958529683,0.288460689849304,-8.1,32.4121931034483
-1.2812980381697,-0.92938065232174,-0.261903587960788,-0.813220206917485,0.281389469632695,-4.67264827586207,32.4121931034483
-1.16315904369023,-0.92938065232174,-0.245141726679087,-0.77383778917518,0.275081184958619,-1.24529655172414,32.4121931034483
-1.04502004921077,-0.92938065232174,-0.228357000465213,-0.734012219105948,0.26686098242869,2.18205517241379,32.4121931034483
-0.926881054731307,-0.92938065232174,-0.211532587100667,-0.694226656736435,0.261434684089124,5.60940689655172,32.4121931034483
-0.808742060251843,-0.92938065232174,-0.194649120954597,-0.658718024238703,0.254583222363265,9.03675862068965,32.4121931034483
-0.69060306577238,-0.92938065232174,-0.17768778899676,-0.620598656029519,0.252175834031029,12.4641103448276,32.4121931034483
-0.572464071292917,-0.92938065232174,-0.160633356243989,-0.584267282450452,0.248699855679424,15.8914620689655,32.4121931034483
-0.454325076813454,-0.92938065232174,-0.143477912175847,-0.549440180191309,0.249667516507341,19.3188137931034,32.4121931034483
-0.336186082333991,-0.92938065232174,-0.126221503466027,-0.515085144628742,0.246890385420905,22.7461655172414,32.4121931034483
-0.218047087854528,-0.92938065232174,-0.108869012402373,-0.481869601733687,0.24840593177799,26.1735172413793,32.4121931034483
-0.0999080933750645,-0.92938065232174,-0.0914278984421788,-0.450269807562046,0.249384553018094,29.6008689655172,32.4121931034483
0.0182309011043986,-0.92938065232174,-0.0739065116428588,-0.422167561150061,0.252782433264354,33.0282206896552,32.4121931034483
0.136369895583862,-0.92938065232174,-0.0563124343972792,-0.391120728008437,0.257614084138773,36.4555724137931,32.4121931034483
0.254508890063325,-0.92938065232174,-0.038652980124275,-0.367966123878087,0.265758272627456,39.882924137931,32.4121931034483
0.372647884542788,-0.92938065232174,-0.0209354620377225,-0.347401626183466,0.275660266586909,43.310275862069,32.4121931034483
0.490786879022251,-0.92938065232174,-0.00316711554144966,-0.326954260306515,0.286790978098772,46.7376275862069,32.4121931034483
0.608925873501715,-0.92938065232174,0.0146473332249055,-0.307962907676462,0.304256611789317,50.1649793103448,32.4121931034483
0.727064867981178,-0.92938065232174,0.0325069267423155,-0.291959751456785,0.321004126297996,53.5923310344828,32.4121931034483
0.845203862460641,-0.92938065232174,0.0504128463300999,-0.275561411266867,0.343668116275704,57.0196827586207,32.4121931034483
0.963342856940104,-0.92938065232174,0.0683675876887193,-0.264869129056533,0.36872856902056,60.4470344827586,32.4121931034483
1.08148185141957,-0.92938065232174,0.0863738351631955,-0.252045575741557,0.394619033761529,63.8743862068965,32.4121931034483
1.19962084589903,-0.92938065232174,0.104434272777209,-0.241450243153451,0.420350205817049,67.3017379310345,32.4121931034483
1.31775984037849,-0.92938065232174,0.122550979266984,-0.233958865368747,0.449770873993509,70.7290896551724,32.4121931034483
1.43589883485796,-0.92938065232174,0.140723851013381,-0.227381130351239,0.482937356144872,74.1564413793103,32.4121931034483
1.55403782933742,-0.92938065232174,0.158950139578327,-0.224445087263283,0.514391581605284,77.5837931034483,32.4121931034483
1.67217682381688,-0.92938065232174,0.177222806082007,-0.223085618707122,0.547778195296377,81.0111448275862,32.4121931034483
1.79031581829635,-0.92938065232174,0.195529739949857,-0.220692117633815,0.583193001123769,84.4384965517241,32.4121931034483
1.90845481277581,-0.92938065232174,0.213858401145763,-0.219480925826486,0.619892652808026,87.8658482758621,32.4121931034483
2.02659380725527,-0.92938065232174,0.232196876204738,-0.219502290692348,0.655579790451522,91.2932,32.4121931034483
-1.39943703264916,-0.801509256187764,-0.25849824942101,-0.79783540559921,0.272913009998689,-8.1,33.8599724137931
-1.2812980381697,-0.801509256187764,-0.243466159320709,-0.760799106600497,0.265310760051138,-4.67264827586207,33.8599724137931
-1.16315904369023,-0.801509256187764,-0.228423657268883,-0.724811819062136,0.256061795715032,-1.24529655172414,33.8599724137931
-1.04502004921077,-0.801509256187764,-0.213359435067149,-0.687441828814523,0.249849902171763,2.18205517241379,33.8599724137931
-0.926881054731307,-0.801509256187764,-0.19825746164283,-0.651248466155173,0.24512903418927,5.60940689655172,33.8599724137931
-0.808742060251843,-0.801509256187764,-0.183099231394221,-0.616803606651295,0.239444189243886,9.03675862068965,33.8599724137931
-0.69060306577238,-0.801509256187764,-0.167866731694498,-0.584655925219267,0.233975144016171,12.4641103448276,33.8599724137931
-0.572464071292917,-0.801509256187764,-0.152545309294735,-0.549398722837414,0.231299397548137,15.8914620689655,33.8599724137931
-0.454325076813454,-0.801509256187764,-0.137127216700872,-0.518182400141966,0.230934665887726,19.3188137931034,33.8599724137931
-0.336186082333991,-0.801509256187764,-0.121612243264272,-0.486284254254862,0.231117823088985,22.7461655172414,33.8599724137931
-0.218047087854528,-0.801509256187764,-0.106004790059047,-0.458900139459105,0.232249290657958,26.1735172413793,33.8599724137931
-0.0999080933750645,-0.801509256187764,-0.0903118099230431,-0.428923579568033,0.233057842341109,29.6008689655172,33.8599724137931
0.0182309011043986,-0.801509256187764,-0.0745411968653373,-0.402764816386208,0.235700450349794,33.0282206896552,33.8599724137931
0.136369895583862,-0.801509256187764,-0.0587001567306862,-0.377512691777186,0.240063458816562,36.4555724137931,33.8599724137931
0.254508890063325,-0.801509256187764,-0.042795651579322,-0.358075270463267,0.249804004899652,39.882924137931,33.8599724137931
0.372647884542788,-0.801509256187764,-0.0268346432857127,-0.336740866889096,0.258882574319872,43.310275862069,33.8599724137931
0.490786879022251,-0.801509256187764,-0.0108240213019073,-0.320943672176975,0.274485837165368,46.7376275862069,33.8599724137931
0.608925873501715,-0.801509256187764,0.00523166059827229,-0.308045026932193,0.290388024449392,50.1649793103448,33.8599724137931
0.727064867981178,-0.801509256187764,0.0213313570129223,-0.29340112190519,0.308497206160453,53.5923310344828,33.8599724137931
0.845203862460641,-0.801509256187764,0.0374760146598465,-0.28062363215945,0.328123341230642,57.0196827586207,33.8599724137931
0.963342856940104,-0.801509256187764,0.0536678041203382,-0.26904302913991,0.352809149697978,60.4470344827586,33.8599724137931
1.08148185141957,-0.801509256187764,0.0699090716002511,-0.259208123094595,0.378131165290927,63.8743862068965,33.8599724137931
1.19962084589903,-0.801509256187764,0.0862021630047574,-0.252818625479818,0.402831742823909,67.3017379310345,33.8599724137931
1.31775984037849,-0.801509256187764,0.102548857864856,-0.246400089708578,0.430375134141941,70.7290896551724,33.8599724137931
1.43589883485796,-0.801509256187764,0.118948893941058,-0.24184197071579,0.46037669278381,74.1564413793103,33.8599724137931
1.55403782933742,-0.801509256187764,0.135399536411041,-0.241059169970425,0.492553587698909,77.5837931034483,33.8599724137931
1.67217682381688,-0.801509256187764,0.151894046349556,-0.24073587140963,0.525535797474645,81.0111448275862,33.8599724137931
1.79031581829635,-0.801509256187764,0.168420954626508,-0.240230249227117,0.56005918279532,84.4384965517241,33.8599724137931
1.90845481277581,-0.801509256187764,0.184968394768328,-0.242944348793324,0.592541989176402,87.8658482758621,33.8599724137931
2.02659380725527,-0.801509256187764,0.201525105787511,-0.244526135895923,0.628772913866086,91.2932,33.8599724137931
-1.39943703264916,-0.673637860053788,-0.23827309388142,-0.741998984427359,0.258976412624695,-8.1,35.3077517241379
-1.2812980381697,-0.673637860053788,-0.22496461477169,-0.709032382393976,0.250584628507749,-4.67264827586207,35.3077517241379
-1.16315904369023,-0.673637860053788,-0.211646218709007,-0.674269863836291,0.241913527384052,-1.24529655172414,35.3077517241379
-1.04502004921077,-0.673637860053788,-0.198307125305683,-0.641757256866763,0.235392856693115,2.18205517241379,35.3077517241379
-0.926881054731307,-0.673637860053788,-0.184931990969069,-0.608629210514526,0.230020698907389,5.60940689655172,35.3077517241379
-0.808742060251843,-0.673637860053788,-0.171503037157407,-0.578405923730073,0.222851761263449,9.03675862068965,35.3077517241379
-0.69060306577238,-0.673637860053788,-0.158002913221792,-0.546786224822617,0.218724697090438,12.4641103448276,35.3077517241379
-0.572464071292917,-0.673637860053788,-0.144417418539471,-0.518572906090001,0.21509776696985,15.8914620689655,35.3077517241379
-0.454325076813454,-0.673637860053788,-0.130738866664962,-0.490209883311027,0.215412280783225,19.3188137931034,35.3077517241379
-0.336186082333991,-0.673637860053788,-0.116966726950301,-0.462407315814985,0.214672371798539,22.7461655172414,35.3077517241379
-0.218047087854528,-0.673637860053788,-0.103104889476823,-0.435577079109506,0.2161474233537,26.1735172413793,35.3077517241379
-0.0999080933750645,-0.673637860053788,-0.0891598148431818,-0.410154227765299,0.217409806221634,29.6008689655172,35.3077517241379
0.0182309011043986,-0.673637860053788,-0.0751389873839603,-0.387999430891957,0.220728000091595,33.0282206896552,35.3077517241379
0.136369895583862,-0.673637860053788,-0.0610492897719146,-0.367091957352022,0.227154485018593,36.4555724137931,35.3077517241379
0.254508890063325,-0.673637860053788,-0.0468973877880146,-0.349971050190669,0.237371575750963,39.882924137931,35.3077517241379
0.372647884542788,-0.673637860053788,-0.0326899470479578,-0.333660404394632,0.2485239526085,43.310275862069,35.3077517241379
0.490786879022251,-0.673637860053788,-0.0184335660410992,-0.319358878481434,0.263266429818741,46.7376275862069,35.3077517241379
0.608925873501715,-0.673637860053788,-0.00413267811840523,-0.308968276133017,0.27716479796165,50.1649793103448,35.3077517241379
0.727064867981178,-0.673637860053788,0.0102115365405622,-0.296866191473864,0.296312908713836,53.5923310344828,35.3077517241379
0.845203862460641,-0.673637860053788,0.0245997478128661,-0.286643803545276,0.317827747351241,57.0196827586207,35.3077517241379
0.963342856940104,-0.673637860053788,0.039033762847013,-0.278439420121072,0.340260507668465,60.4470344827586,35.3077517241379
1.08148185141957,-0.673637860053788,0.0535155520173491,-0.272339480581613,0.362914077425233,63.8743862068965,35.3077517241379
1.19962084589903,-0.673637860053788,0.0680470854182431,-0.26768841603168,0.385572801518411,67.3017379310345,35.3077517241379
1.31775984037849,-0.673637860053788,0.082629805763955,-0.262989916351904,0.411321083783288,70.7290896551724,35.3077517241379
1.43589883485796,-0.673637860053788,0.0972632547778556,-0.264096992033235,0.442284079930307,74.1564413793103,35.3077517241379
1.55403782933742,-0.673637860053788,0.111944673506124,-0.26551844386985,0.473167404870125,77.5837931034483,35.3077517241379
1.67217682381688,-0.673637860053788,0.126667584892009,-0.265627382567745,0.50485101278324,81.0111448275862,35.3077517241379
1.79031581829635,-0.673637860053788,0.14142112300399,-0.268704027678617,0.536650705602677,84.4384965517241,35.3077517241379
1.90845481277581,-0.673637860053788,0.156194057309199,-0.270677936612125,0.570404238432909,87.8658482758621,35.3077517241379
2.02659380725527,-0.673637860053788,0.170975745947387,-0.276624609818557,0.603440665064143,91.2932,35.3077517241379
-1.39943703264916,-0.545766463919811,-0.217987485175887,-0.68854918640579,0.243174101854871,-8.1,36.7555310344828
-1.2812980381697,-0.545766463919811,-0.206406696664494,-0.657507983074508,0.236337826092234,-4.67264827586207,36.7555310344828
-1.16315904369023,-0.545766463919811,-0.194816435953256,-0.628034530777976,0.228148401083689,-1.24529655172414,36.7555310344828
-1.04502004921077,-0.545766463919811,-0.183206394064938,-0.597364303120671,0.219573655559159,2.18205517241379,36.7555310344828
-0.926881054731307,-0.545766463919811,-0.171561823619275,-0.568276471029284,0.214314655865365,5.60940689655172,36.7555310344828
-0.808742060251843,-0.545766463919811,-0.159865555511783,-0.540568117466754,0.210343743954496,9.03675862068965,36.7555310344828
-0.69060306577238,-0.545766463919811,-0.148100778262271,-0.51242586131815,0.206916720010134,12.4641103448276,36.7555310344828
-0.572464071292917,-0.545766463919811,-0.136253628651041,-0.486331521355721,0.200874148671781,15.8914620689655,36.7555310344828
-0.454325076813454,-0.545766463919811,-0.124316388974722,-0.4620223217924,0.199318926270051,19.3188137931034,36.7555310344828
-0.336186082333991,-0.545766463919811,-0.112288150162086,-0.436888775844443,0.199655709144497,22.7461655172414,36.7555310344828
-0.218047087854528,-0.545766463919811,-0.100172261707928,-0.414971141771745,0.200410107860892,26.1735172413793,36.7555310344828
-0.0999080933750645,-0.545766463919811,-0.0879747021032014,-0.392888767208379,0.204044567096997,29.6008689655172,36.7555310344828
0.0182309011043986,-0.545766463919811,-0.0757025851872228,-0.374236153325898,0.208160070272617,33.0282206896552,36.7555310344828
0.136369895583862,-0.545766463919811,-0.0633625162746965,-0.357589819521042,0.216411579790233,36.4555724137931,36.7555310344828
0.254508890063325,-0.545766463919811,-0.0509609123189358,-0.341740114739485,0.226500139810069,39.882924137931,36.7555310344828
0.372647884542788,-0.545766463919811,-0.0385041901297214,-0.328661405599513,0.239252738808475,43.310275862069,36.7555310344828
0.490786879022251,-0.545766463919811,-0.0259987046310206,-0.321931799547952,0.25377782422888,46.7376275862069,36.7555310344828
0.608925873501715,-0.545766463919811,-0.0134488142766607,-0.311572906264897,0.270318672949485,50.1649793103448,36.7555310344828
0.727064867981178,-0.545766463919811,-0.000855876345014828,-0.303291296854578,0.287647811923153,53.5923310344828,36.7555310344828
0.845203862460641,-0.545766463919811,0.0117804631629443,-0.29629984638597,0.30819734261974,57.0196827586207,36.7555310344828
0.963342856940104,-0.545766463919811,0.0244616117843952,-0.291897705093192,0.330242479661287,60.4470344827586,36.7555310344828
1.08148185141957,-0.545766463919811,0.0371891283393273,-0.289540196005657,0.352795417566163,63.8743862068965,36.7555310344828
1.19962084589903,-0.545766463919811,0.0499645713885091,-0.288061172397295,0.376505806098356,67.3017379310345,36.7555310344828
1.31775984037849,-0.545766463919811,0.0627890112120619,-0.288804521699183,0.402627378594011,70.7290896551724,36.7555310344828
1.43589883485796,-0.545766463919811,0.0756617581907779,-0.29276925755737,0.432268543233055,74.1564413793103,36.7555310344828
1.55403782933742,-0.545766463919811,0.088579993918831,-0.295475506962219,0.45950903651238,77.5837931034483,36.7555310344828
1.67217682381688,-0.545766463919811,0.101537468245932,-0.299626633278761,0.491632540809046,81.0111448275862,36.7555310344828
1.79031581829635,-0.545766463919811,0.114523884191148,-0.301220770850852,0.522758308337693,84.4384965517241,36.7555310344828
1.90845481277581,-0.545766463919811,0.127528613589008,-0.307636886728575,0.555355187310136,87.8658482758621,36.7555310344828
2.02659380725527,-0.545766463919811,0.140541604133036,-0.312280881706687,0.585915635000031,91.2932,36.7555310344828
-1.39943703264916,-0.417895067785836,-0.197649253744668,-0.640993064425865,0.236505300744413,-8.1,38.2033103448276
-1.2812980381697,-0.417895067785836,-0.187799501154149,-0.611752136757206,0.227454839295408,-4.67264827586207,38.2033103448276
-1.16315904369023,-0.417895067785836,-0.177940677376379,-0.584401229172603,0.217336984164151,-1.24529655172414,38.2033103448276
-1.04502004921077,-0.417895067785836,-0.168062895772583,-0.558112776428615,0.210276330158807,2.18205517241379,38.2033103448276
-0.926881054731307,-0.417895067785836,-0.158151925913414,-0.532799665690006,0.204385692429817,5.60940689655172,38.2033103448276
-0.808742060251843,-0.417895067785836,-0.148191106088386,-0.507000429078913,0.19899608735417,9.03675862068965,38.2033103448276
-0.69060306577238,-0.417895067785836,-0.138164057476502,-0.481320432310484,0.194896735201269,12.4641103448276,38.2033103448276
-0.572464071292917,-0.417895067785836,-0.128057154295907,-0.456303885852061,0.191064288499843,15.8914620689655,38.2033103448276
-0.454325076813454,-0.417895067785836,-0.117862567318583,-0.434823837832053,0.18678234353541,19.3188137931034,38.2033103448276
-0.336186082333991,-0.417895067785836,-0.10757895781331,-0.412135568483882,0.188288966699368,22.7461655172414,38.2033103448276
-0.218047087854528,-0.417895067785836,-0.0972091080834705,-0.39326252911809,0.189111216453833,26.1735172413793,38.2033103448276
-0.0999080933750645,-0.417895067785836,-0.0867585217357814,-0.375834196436614,0.193366956404991,29.6008689655172,38.2033103448276
0.0182309011043986,-0.417895067785836,-0.0762339740621387,-0.360856904750167,0.199289243501998,33.0282206896552,38.2033103448276
0.136369895583862,-0.417895067785836,-0.0656418306243713,-0.347885823381557,0.207727468934365,36.4555724137931,38.2033103448276
0.254508890063325,-0.417895067785836,-0.0549882985507884,-0.337838916379891,0.21932297874601,39.882924137931,38.2033103448276
0.372647884542788,-0.417895067785836,-0.0442795848489705,-0.330355841208284,0.232302097184625,43.310275862069,38.2033103448276
0.490786879022251,-0.417895067785836,-0.0335218398434902,-0.32214711550896,0.2476598938182,46.7376275862069,38.2033103448276
0.608925873501715,-0.417895067785836,-0.0227193847807188,-0.317651862115389,0.264320244274098,50.1649793103448,38.2033103448276
0.727064867981178,-0.417895067785836,-0.0118737895346408,-0.312639676276953,0.2815141294059,53.5923310344828,38.2033103448276
0.845203862460641,-0.417895067785836,-0.000985049248821035,-0.311044349024915,0.301660776284554,57.0196827586207,38.2033103448276
0.963342856940104,-0.417895067785836,0.00994781262590827,-0.31070146708565,0.323888196859403,60.4470344827586,38.2033103448276
1.08148185141957,-0.417895067785836,0.0209259122767946,-0.310527481808925,0.345455923573928,63.8743862068965,38.2033103448276
1.19962084589903,-0.417895067785836,0.0319503656525582,-0.312273714802841,0.369580366661627,67.3017379310345,38.2033103448276
1.31775984037849,-0.417895067785836,0.0430218394044495,-0.316502413420363,0.396885366671765,70.7290896551724,38.2033103448276
1.43589883485796,-0.417895067785836,0.054139380928933,-0.320225595966862,0.423428266208099,74.1564413793103,38.2033103448276
1.55403782933742,-0.417895067785836,0.065300080036808,-0.325104179525937,0.45219905956885,77.5837931034483,38.2033103448276
1.67217682381688,-0.417895067785836,0.076497880660674,-0.331799731837038,0.481474534465973,81.0111448275862,38.2033103448276
1.79031581829635,-0.417895067785836,0.0877230217158509,-0.336692628934227,0.511608539453204,84.4384965517241,38.2033103448276
1.90845481277581,-0.417895067785836,0.0989654448982931,-0.341513590852593,0.541707282653126,87.8658482758621,38.2033103448276
2.02659380725527,-0.417895067785836,0.110215658746425,-0.348623287591365,0.573032918490754,91.2932,38.2033103448276
-1.39943703264916,-0.29002367165186,-0.177265443884342,-0.593663421790136,0.232146783227675,-8.1,39.6510896551724
-1.2812980381697,-0.29002367165186,-0.169149366570351,-0.566778541088596,0.222674914406282,-4.67264827586207,39.6510896551724
-1.16315904369023,-0.29002367165186,-0.161024581052197,-0.543314328727077,0.211961355240313,-1.24529655172414,39.6510896551724
-1.04502004921077,-0.29002367165186,-0.152881580472087,-0.518222540736374,0.205052330136304,2.18205517241379,39.6510896551724
-0.926881054731307,-0.29002367165186,-0.144706583241361,-0.494713500921435,0.195662849038897,5.60940689655172,39.6510896551724
-0.808742060251843,-0.29002367165186,-0.136483347912546,-0.472494046584688,0.189908311338126,9.03675862068965,39.6510896551724
-0.69060306577238,-0.29002367165186,-0.128195837677717,-0.450334825253662,0.185098933246676,12.4641103448276,39.6510896551724
-0.572464071292917,-0.29002367165186,-0.119830579511596,-0.429896808278142,0.182234418942435,15.8914620689655,39.6510896551724
-0.454325076813454,-0.29002367165186,-0.111379565213942,-0.409343428154801,0.178894825224941,19.3188137931034,39.6510896551724
-0.336186082333991,-0.29002367165186,-0.102840983702686,-0.39122345392348,0.179185228282247,22.7461655172414,39.6510896551724
-0.218047087854528,-0.29002367165186,-0.0942170279643308,-0.375435759629406,0.181358879312497,26.1735172413793,39.6510896551724
-0.0999080933750645,-0.29002367165186,-0.0855127319511073,-0.363075398494376,0.185576957272487,29.6008689655172,39.6510896551724
0.0182309011043986,-0.29002367165186,-0.0767345574345208,-0.351347049315176,0.192549816344078,33.0282206896552,39.6510896551724
0.136369895583862,-0.29002367165186,-0.0678886596171404,-0.34241693664512,0.20156281247553,36.4555724137931,39.6510896551724
0.254508890063325,-0.29002367165186,-0.0589810662614685,-0.336440622525298,0.213919146532275,39.882924137931,39.6510896551724
0.372647884542788,-0.29002367165186,-0.0500178050328994,-0.332201202541007,0.227901761497067,43.310275862069,39.6510896551724
0.490786879022251,-0.29002367165186,-0.0410048520852273,-0.328704869413659,0.24141761796826,46.7376275862069,39.6510896551724
0.608925873501715,-0.29002367165186,-0.0319465208374536,-0.325403621999324,0.25908255678585,50.1649793103448,39.6510896551724
0.727064867981178,-0.29002367165186,-0.0228446214239098,-0.326252741103064,0.27765354149319,53.5923310344828,39.6510896551724
0.845203862460641,-0.29002367165186,-0.0136995243830524,-0.326252141537719,0.297756947967404,57.0196827586207,39.6510896551724
0.963342856940104,-0.29002367165186,-0.00451070939387499,-0.328503772905552,0.319994327172145,60.4470344827586,39.6510896551724
1.08148185141957,-0.29002367165186,0.0047224720099166,-0.332057543969376,0.3425652319922,63.8743862068965,39.6510896551724
1.19962084589903,-0.29002367165186,0.0140006680765321,-0.337412156859311,0.364836201188756,67.3017379310345,39.6510896551724
1.31775984037849,-0.29002367165186,0.023324116262974,-0.34570941356175,0.391602946142667,70.7290896551724,39.6510896551724
1.43589883485796,-0.29002367165186,0.0326915737147244,-0.3513192111582,0.418308430379926,74.1564413793103,39.6510896551724
1.55403782933742,-0.29002367165186,0.0421000092619783,-0.35844087472274,0.444568285730055,77.5837931034483,39.6510896551724
1.67217682381688,-0.29002367165186,0.051543529489174,-0.365949568422488,0.47171480895567,81.0111448275862,39.6510896551724
1.79031581829635,-0.29002367165186,0.0610128755534758,-0.375404561152454,0.49927690004065,84.4384965517241,39.6510896551724
1.90845481277581,-0.29002367165186,0.0704985256806827,-0.384637272195833,0.528361628084214,87.8658482758621,39.6510896551724
2.02659380725527,-0.29002367165186,0.0799915195749872,-0.393637011003963,0.559424233633165,91.2932,39.6510896551724
-1.39943703264916,-0.162152275517883,-0.156840179145635,-0.555390102369217,0.233536629690343,-8.1,41.0988689655172
-1.2812980381697,-0.162152275517883,-0.150459870831485,-0.53119679585112,0.221133022711783,-4.67264827586207,41.0988689655172
-1.16315904369023,-0.162152275517883,-0.144071182233342,-0.506881235197364,0.211749578944451,-1.24529655172414,41.0988689655172
-1.04502004921077,-0.162152275517883,-0.137664947323136,-0.483583594349266,0.202656177314438,2.18205517241379,41.0988689655172
-0.926881054731307,-0.162152275517883,-0.131227772716441,-0.462642347235289,0.192776787182474,5.60940689655172,41.0988689655172
-0.808742060251843,-0.162152275517883,-0.124743761241805,-0.440810701098221,0.184349885418721,9.03675862068965,41.0988689655172
-0.69060306577238,-0.162152275517883,-0.118197139971414,-0.422830818210175,0.180813214973472,12.4641103448276,41.0988689655172
-0.572464071292917,-0.162152275517883,-0.111574517081736,-0.406120072773016,0.175099075065333,15.8914620689655,41.0988689655172
-0.454325076813454,-0.162152275517883,-0.104867650772454,-0.389351388493306,0.172835067015305,19.3188137931034,41.0988689655172
-0.336186082333991,-0.162152275517883,-0.0980742254589124,-0.374737060655705,0.173607107137429,22.7461655172414,41.0988689655172
-0.218047087854528,-0.162152275517883,-0.0911958300452111,-0.36291332082771,0.174363522757548,26.1735172413793,41.0988689655172
-0.0999080933750645,-0.162152275517883,-0.0842370344682664,-0.351995859633013,0.179789670642009,29.6008689655172,41.0988689655172
0.0182309011043986,-0.162152275517883,-0.077204006729013,-0.344712274198125,0.188153903795872,33.0282206896552,41.0988689655172
0.136369895583862,-0.162152275517883,-0.0701027139258947,-0.338703282932357,0.196583377657455,36.4555724137931,41.0988689655172
0.254508890063325,-0.162152275517883,-0.0629390272712014,-0.336867181655514,0.208969982980747,39.882924137931,41.0988689655172
0.372647884542788,-0.162152275517883,-0.0557188179041557,-0.336599997234104,0.223067864053257,43.310275862069,41.0988689655172
0.490786879022251,-0.162152275517883,-0.0484479105707507,-0.338164819069481,0.239170833877147,46.7376275862069,41.0988689655172
0.608925873501715,-0.162152275517883,-0.0411306319073033,-0.338795022805461,0.25721635757762,50.1649793103448,41.0988689655172
0.727064867981178,-0.162152275517883,-0.0337690507939747,-0.343212962476591,0.27640998940957,53.5923310344828,41.0988689655172
0.845203862460641,-0.162152275517883,-0.0263639304135737,-0.347682931322059,0.295864107195992,57.0196827586207,41.0988689655172
0.963342856940104,-0.162152275517883,-0.0189152234617804,-0.351543998692824,0.318504505853796,60.4470344827586,41.0988689655172
1.08148185141957,-0.162152275517883,-0.0114227659335446,-0.359785645981586,0.340697031367244,63.8743862068965,41.0988689655172
1.19962084589903,-0.162152275517883,-0.00388639402205282,-0.368325023788415,0.364869182775494,67.3017379310345,41.0988689655172
1.31775984037849,-0.162152275517883,0.00369368266474712,-0.376247037793337,0.388862786282542,70.7290896551724,41.0988689655172
1.43589883485796,-0.162152275517883,0.011315909149709,-0.385816970582436,0.416163145662183,74.1564413793103,41.0988689655172
1.55403782933742,-0.162152275517883,0.0189771070234412,-0.397662380254618,0.442214918178848,77.5837931034483,41.0988689655172
1.67217682381688,-0.162152275517883,0.0266715133582904,-0.407409071328912,0.469736259248575,81.0111448275862,41.0988689655172
1.79031581829635,-0.162152275517883,0.0343903329012925,-0.420800473366421,0.495796925425325,84.4384965517241,41.0988689655172
1.90845481277581,-0.162152275517883,0.0421245416458467,-0.434036171262376,0.524569723077302,87.8658482758621,41.0988689655172
2.02659380725527,-0.162152275517883,0.0498656753852806,-0.447556084476649,0.554686474862044,91.2932,41.0988689655172
-1.39943703264916,-0.0342808793839073,-0.136369859961185,-0.518962527678443,0.242612097690475,-8.1,42.5466482758621
-1.2812980381697,-0.0342808793839073,-0.131727326949239,-0.495090462083484,0.227631650817069,-4.67264827586207,42.5466482758621
-1.16315904369023,-0.0342808793839073,-0.127076702336136,-0.473512073017973,0.213194223108854,-1.24529655172414,42.5466482758621
-1.04502004921077,-0.0342808793839073,-0.122409117952879,-0.450999353462849,0.201741997264463,2.18205517241379,42.5466482758621
-0.926881054731307,-0.0342808793839073,-0.117711505446905,-0.430995999777246,0.193322643716261,5.60940689655172,42.5466482758621
-0.808742060251843,-0.0342808793839073,-0.112968236382601,-0.413360156651013,0.184990998198809,9.03675862068965,42.5466482758621
-0.69060306577238,-0.0342808793839073,-0.108163726251954,-0.396389556983499,0.178641612040642,12.4641103448276,42.5466482758621
-0.572464071292917,-0.0342808793839073,-0.103284599022858,-0.384266829908399,0.17267412672025,15.8914620689655,42.5466482758621
-0.454325076813454,-0.0342808793839073,-0.098322335853319,-0.372816736990299,0.169778507483032,19.3188137931034,42.5466482758621
-0.336186082333991,-0.0342808793839073,-0.0932740985963854,-0.360806093449166,0.168972853493746,22.7461655172414,42.5466482758621
-0.218047087854528,-0.0342808793839073,-0.0881408707986688,-0.351380693304519,0.170743959967796,26.1735172413793,42.5466482758621
-0.0999080933750645,-0.0342808793839073,-0.0829267702485756,-0.344430549251222,0.175809395456718,29.6008689655172,42.5466482758621
0.0182309011043986,-0.0342808793839073,-0.0776376903043303,-0.341308790926667,0.184463615679342,33.0282206896552,42.5466482758621
0.136369895583862,-0.0342808793839073,-0.072279428560595,-0.339909467681271,0.195336369702972,36.4555724137931,42.5466482758621
0.254508890063325,-0.0342808793839073,-0.0668577179718062,-0.340932893996163,0.20828825435154,39.882924137931,42.5466482758621
0.372647884542788,-0.0342808793839073,-0.0613782914431464,-0.343048071695438,0.221264063355013,43.310275862069,42.5466482758621
0.490786879022251,-0.0342808793839073,-0.0558468404644179,-0.346897400612746,0.239430448725265,46.7376275862069,42.5466482758621
0.608925873501715,-0.0342808793839073,-0.0502677185381426,-0.353701905434335,0.257859709838965,50.1649793103448,42.5466482758621
0.727064867981178,-0.0342808793839073,-0.0446432604070806,-0.360710797074983,0.276348361787381,53.5923310344828,42.5466482758621
0.845203862460641,-0.0342808793839073,-0.0389746263676347,-0.368881845846972,0.297948751085329,57.0196827586207,42.5466482758621
0.963342856940104,-0.0342808793839073,-0.0332622458407599,-0.377972669647052,0.320123163422796,60.4470344827586,42.5466482758621
1.08148185141957,-0.0342808793839073,-0.0275064429314851,-0.38961397002153,0.343725234946777,63.8743862068965,42.5466482758621
1.19962084589903,-0.0342808793839073,-0.0217075419245285,-0.401012117024717,0.3678144528418,67.3017379310345,42.5466482758621
1.31775984037849,-0.0342808793839073,-0.0158662055689884,-0.415597073211068,0.39338671680486,70.7290896551724,42.5466482758621
1.43589883485796,-0.0342808793839073,-0.00998431564620716,-0.428304868613498,0.417288120434432,74.1564413793103,42.5466482758621
1.55403782933742,-0.0342808793839073,-0.00406522203422277,-0.443196784064238,0.443575682618838,77.5837931034483,42.5466482758621
1.67217682381688,-0.0342808793839073,0.00188540471148002,-0.456729243966526,0.470447010252039,81.0111448275862,42.5466482758621
1.79031581829635,-0.0342808793839073,0.00785917897874189,-0.470235250803737,0.498327402138024,84.4384965517241,42.5466482758621
1.90845481277581,-0.0342808793839073,0.0138475195788876,-0.485525224080073,0.524544099640504,87.8658482758621,42.5466482758621
2.02659380725527,-0.0342808793839073,0.0198424076072676,-0.503037850692047,0.554361894426335,91.2932,42.5466482758621
-1.39943703264916,0.0935905167500688,-0.115842394159379,-0.486702362278997,0.255472996373038,-8.1,43.9944275862069
-1.2812980381697,0.0935905167500688,-0.112940084622067,-0.46458301623696,0.238213487607752,-4.67264827586207,43.9944275862069
-1.16315904369023,0.0935905167500688,-0.110029920979625,-0.444573817327677,0.222876813018389,-1.24529655172414,43.9944275862069
-1.04502004921077,0.0935905167500688,-0.107103277589566,-0.425128957340612,0.208953888644396,2.18205517241379,43.9944275862069
-0.926881054731307,0.0935905167500688,-0.104147334222815,-0.407283183006987,0.198011909344853,5.60940689655172,43.9944275862069
-0.808742060251843,0.0935905167500688,-0.101146643829418,-0.392031955886605,0.187220927526774,9.03675862068965,43.9944275862069
-0.69060306577238,0.0935905167500688,-0.0980857260519921,-0.377154972657955,0.18058324411932,12.4641103448276,43.9944275862069
-0.572464071292917,0.0935905167500688,-0.0949511528493954,-0.364905029519663,0.174842128146212,15.8914620689655,43.9944275862069
-0.454325076813454,0.0935905167500688,-0.0917340931933479,-0.356415837089471,0.171639448480731,19.3188137931034,43.9944275862069
-0.336186082333991,0.0935905167500688,-0.0884311851712782,-0.348033326720641,0.169991997274323,22.7461655172414,43.9944275862069
-0.218047087854528,0.0935905167500688,-0.0850428249466626,-0.343124161620469,0.171397192828274,26.1735172413793,43.9944275862069
-0.0999080933750645,0.0935905167500688,-0.0815727023132968,-0.342246353143187,0.17698305441496,29.6008689655172,43.9944275862069
0.0182309011043986,0.0935905167500688,-0.0780264598449767,-0.343931248862566,0.185614410130166,33.0282206896552,43.9944275862069
0.136369895583862,0.0935905167500688,-0.0744097448686034,-0.344749071560966,0.198353839227209,36.4555724137931,43.9944275862069
0.254508890063325,0.0935905167500688,-0.0707281698046431,-0.346983485251206,0.211614004381232,39.882924137931,43.9944275862069
0.372647884542788,0.0935905167500688,-0.0669873470469611,-0.352603818814612,0.224723603132301,43.310275862069,43.9944275862069
0.490786879022251,0.0935905167500688,-0.0631928522568144,-0.359725406050356,0.242182806246479,46.7376275862069,43.9944275862069
0.608925873501715,0.0935905167500688,-0.0593490737864135,-0.369866640196441,0.260098428652565,50.1649793103448,43.9944275862069
0.727064867981178,0.0935905167500688,-0.0554586065151259,-0.382129356167393,0.279575491389457,53.5923310344828,43.9944275862069
0.845203862460641,0.0935905167500688,-0.0515229963897639,-0.394479281868254,0.299866133751369,57.0196827586207,43.9944275862069
0.963342856940104,0.0935905167500688,-0.0475431360946201,-0.410146200249494,0.324173232434871,60.4470344827586,43.9944275862069
1.08148185141957,0.0935905167500688,-0.043519824182086,-0.424915144442044,0.346049714471003,63.8743862068965,43.9944275862069
1.19962084589903,0.0935905167500688,-0.0394538593679874,-0.440236228734858,0.370912759545278,67.3017379310345,43.9944275862069
1.31775984037849,0.0935905167500688,-0.0353463482228733,-0.457813234836214,0.395717331904961,70.7290896551724,43.9944275862069
1.43589883485796,0.0935905167500688,-0.031199505441001,-0.47521973073122,0.420289858993334,74.1564413793103,43.9944275862069
1.55403782933742,0.0935905167500688,-0.0270168758080231,-0.492198000124183,0.443831865222253,77.5837931034483,43.9944275862069
1.67217682381688,0.0935905167500688,-0.0228040870162554,-0.510211678069696,0.470077900706293,81.0111448275862,43.9944275862069
1.79031581829635,0.0935905167500688,-0.0185691946814108,-0.528195675311105,0.500089881385318,84.4384965517241,43.9944275862069
1.90845481277581,0.0935905167500688,-0.0143204191507902,-0.546094278907064,0.527408466003873,87.8658482758621,43.9944275862069
2.02659380725527,0.0935905167500688,-0.0100654108974743,-0.566188690096543,0.555014590365221,91.2932,43.9944275862069
-1.39943703264916,0.221461912884044,-0.0952407058320999,-0.460412420298669,0.274446662006498,-8.1,45.4422068965517
-1.2812980381697,0.221461912884044,-0.0940818507394505,-0.439914656409677,0.255050318070504,-4.67264827586207,45.4422068965517
-1.16315904369023,0.221461912884044,-0.0929153114199304,-0.423309919076842,0.238281800120137,-1.24529655172414,45.4422068965517
-1.04502004921077,0.221461912884044,-0.0917326322118424,-0.40297065069624,0.220404289328552,2.18205517241379,45.4422068965517
-0.926881054731307,0.221461912884044,-0.0905211435871891,-0.386173811569527,0.207639116571656,5.60940689655172,45.4422068965517
-0.808742060251843,0.221461912884044,-0.0892654730054065,-0.372732352933482,0.197186807139119,9.03675862068965,45.4422068965517
-0.69060306577238,0.221461912884044,-0.0879501437450996,-0.360536437586701,0.187326780676885,12.4641103448276,45.4422068965517
-0.572464071292917,0.221461912884044,-0.0865615996534643,-0.349707499157332,0.182953854456655,15.8914620689655,45.4422068965517
-0.454325076813454,0.221461912884044,-0.08509066782654,-0.343771845390665,0.175589948063404,19.3188137931034,45.4422068965517
-0.336186082333991,0.221461912884044,-0.0835334786715585,-0.339083687185448,0.175197492703847,22.7461655172414,45.4422068965517
-0.218047087854528,0.221461912884044,-0.081889880558573,-0.337404574888629,0.175571226383935,26.1735172413793,45.4422068965517
-0.0999080933750645,0.221461912884044,-0.0801631749578258,-0.338917791012521,0.180843196417934,29.6008689655172,45.4422068965517
0.0182309011043986,0.221461912884044,-0.0783587856713286,-0.343043955604645,0.189568923987919,33.0282206896552,45.4422068965517
0.136369895583862,0.221461912884044,-0.0764822326700294,-0.347333969743147,0.200780187681934,36.4555724137931,45.4422068965517
0.254508890063325,0.221461912884044,-0.0745390279061215,-0.355028114446426,0.214702089405965,39.882924137931,45.4422068965517
0.372647884542788,0.221461912884044,-0.0725346833256877,-0.365663187482687,0.229228442664644,43.310275862069,45.4422068965517
0.490786879022251,0.221461912884044,-0.0704746783413341,-0.377328020579261,0.246041779748231,46.7376275862069,45.4422068965517
0.608925873501715,0.221461912884044,-0.0683634402534326,-0.391083303839254,0.263187240408542,50.1649793103448,45.4422068965517
0.727064867981178,0.221461912884044,-0.0662038056460412,-0.406569228255472,0.283140911801803,53.5923310344828,45.4422068965517
0.845203862460641,0.221461912884044,-0.0639976779327327,-0.42265447553682,0.303903797645455,57.0196827586207,45.4422068965517
0.963342856940104,0.221461912884044,-0.0617463810764338,-0.440752576985768,0.32877545138996,60.4470344827586,45.4422068965517
1.08148185141957,0.221461912884044,-0.0594511556696053,-0.460780722941553,0.351891040308736,63.8743862068965,45.4422068965517
1.19962084589903,0.221461912884044,-0.0571132424553573,-0.480880383744282,0.376327436240555,67.3017379310345,45.4422068965517
1.31775984037849,0.221461912884044,-0.0547341659430662,-0.499978100781738,0.400640313845351,70.7290896551724,45.4422068965517
1.43589883485796,0.221461912884044,-0.0523164710671171,-0.52102187400523,0.424994315854968,74.1564413793103,45.4422068965517
1.55403782933742,0.221461912884044,-0.0498639211212302,-0.542643366290094,0.451243860428672,77.5837931034483,45.4422068965517
1.67217682381688,0.221461912884044,-0.0473821646755948,-0.563110626947628,0.476619735320189,81.0111448275862,45.4422068965517
1.79031581829635,0.221461912884044,-0.0448790377615795,-0.585714943289308,0.503822500712298,84.4384965517241,45.4422068965517
1.90845481277581,0.221461912884044,-0.0423625141546804,-0.604019618831431,0.531812340158904,87.8658482758621,45.4422068965517
2.02659380725527,0.221461912884044,-0.0398399838707055,-0.625801615069223,0.559249799586005,91.2932,45.4422068965517
-1.39943703264916,0.349333309018021,-0.0745455823044425,-0.442913652639542,0.298800885932292,-8.1,46.8899862068966
-1.2812980381697,0.349333309018021,-0.0751343592064906,-0.422388935414617,0.27704075847633,-4.67264827586207,46.8899862068966
-1.16315904369023,0.349333309018021,-0.0757155358324013,-0.404362793388931,0.25674263906679,-1.24529655172414,46.8899862068966
-1.04502004921077,0.349333309018021,-0.0762807346855983,-0.386949886406173,0.238885093619114,2.18205517241379,46.8899862068966
-0.926881054731307,0.349333309018021,-0.076817315987233,-0.372571670891944,0.224306119466926,5.60940689655172,46.8899862068966
-0.808742060251843,0.349333309018021,-0.0773098517179562,-0.358741741660861,0.212317481685935,9.03675862068965,46.8899862068966
-0.69060306577238,0.349333309018021,-0.0777427484737299,-0.347198501328712,0.200542186216215,12.4641103448276,46.8899862068966
-0.572464071292917,0.349333309018021,-0.0781022345734241,-0.338881027779326,0.192292220671393,15.8914620689655,46.8899862068966
-0.454325076813454,0.349333309018021,-0.0783787691824012,-0.334874873101159,0.186878196955783,19.3188137931034,46.8899862068966
-0.336186082333991,0.349333309018021,-0.0785680079657833,-0.331029666330708,0.185102845840617,22.7461655172414,46.8899862068966
-0.218047087854528,0.349333309018021,-0.0786693131944949,-0.333793714016247,0.185824510135365,26.1735172413793,46.8899862068966
-0.0999080933750645,0.349333309018021,-0.0786856544304042,-0.340591834291739,0.18794749147261,29.6008689655172,46.8899862068966
0.0182309011043986,0.349333309018021,-0.0786222785050406,-0.347273261471593,0.196055997841897,33.0282206896552,46.8899862068966
0.136369895583862,0.349333309018021,-0.0784846062173123,-0.354505087807655,0.208216136530046,36.4555724137931,46.8899862068966
0.254508890063325,0.349333309018021,-0.0782780730348627,-0.365454278244717,0.221374370905846,39.882924137931,46.8899862068966
0.372647884542788,0.349333309018021,-0.0780081144365141,-0.380348514521332,0.235536504210275,43.310275862069,46.8899862068966
0.490786879022251,0.349333309018021,-0.0776801368826998,-0.395006393716252,0.251857950864679,46.7376275862069,46.8899862068966
0.608925873501715,0.349333309018021,-0.077298608016271,-0.414543397814948,0.268789261264643,50.1649793103448,46.8899862068966
0.727064867981178,0.349333309018021,-0.0768665755837379,-0.434168710501819,0.289847969335773,53.5923310344828,46.8899862068966
0.845203862460641,0.349333309018021,-0.0763862557867272,-0.453223369205701,0.31043824011379,57.0196827586207,46.8899862068966
0.963342856940104,0.349333309018021,-0.0758593533307677,-0.474260029608269,0.334095116552873,60.4470344827586,46.8899862068966
1.08148185141957,0.349333309018021,-0.0752874996300417,-0.496692455114347,0.35784820969556,63.8743862068965,46.8899862068966
1.19962084589903,0.349333309018021,-0.0746723262412452,-0.519176785082305,0.381557730914697,67.3017379310345,46.8899862068966
1.31775984037849,0.349333309018021,-0.0740157331619526,-0.543403479432603,0.407506517659059,70.7290896551724,46.8899862068966
1.43589883485796,0.349333309018021,-0.0733205843318583,-0.567379148313576,0.431711670102196,74.1564413793103,46.8899862068966
1.55403782933742,0.349333309018021,-0.0725908858272319,-0.593889288791882,0.456852345200412,77.5837931034483,46.8899862068966
1.67217682381688,0.349333309018021,-0.0718323860806214,-0.618944961940906,0.484535242555325,81.0111448275862,46.8899862068966
1.79031581829635,0.349333309018021,-0.0710528443265659,-0.641263492592013,0.511428732724247,84.4384965517241,46.8899862068966
1.90845481277581,0.349333309018021,-0.0702601359875281,-0.664429638766902,0.537025272440729,87.8658482758621,46.8899862068966
2.02659380725527,0.349333309018021,-0.069461531268395,-0.689659782568606,0.564644692288939,91.2932,46.8899862068966
-1.39943703264916,0.477204705151997,-0.0537386424138413,-0.42902378650742,0.332366098343646,-8.1,48.3377655172414
-1.2812980381697,0.477204705151997,-0.0560801979744623,-0.410103979955066,0.307416046299404,-4.67264827586207,48.3377655172414
-1.16315904369023,0.477204705151997,-0.0584141338980251,-0.39187217017294,0.282022223933891,-1.24529655172414,48.3377655172414
-1.04502004921077,0.477204705151997,-0.0607320406727494,-0.376590672839874,0.264088273890296,2.18205517241379,48.3377655172414
-0.926881054731307,0.477204705151997,-0.0630211644567753,-0.362516770187022,0.245951400059156,5.60940689655172,48.3377655172414
-0.808742060251843,0.477204705151997,-0.0652658687715837,-0.349692122660069,0.231140344955808,9.03675862068965,48.3377655172414
-0.69060306577238,0.477204705151997,-0.0674503030936133,-0.339066399038058,0.219577083732835,12.4641103448276,48.3377655172414
-0.572464071292917,0.477204705151997,-0.0695603804695546,-0.33491624823723,0.210431663197771,15.8914620689655,48.3377655172414
-0.454325076813454,0.477204705151997,-0.0715861676725726,-0.329991437122674,0.202866820098145,19.3188137931034,48.3377655172414
-0.336186082333991,0.477204705151997,-0.0735228927632336,-0.331161407066788,0.199286563489364,22.7461655172414,48.3377655172414
-0.218047087854528,0.477204705151997,-0.0753695131514949,-0.332606955591891,0.198265117826792,26.1735172413793,48.3377655172414
-0.0999080933750645,0.477204705151997,-0.0771287384987893,-0.340451215087771,0.200176947888871,29.6008689655172,48.3377655172414
0.0182309011043986,0.477204705151997,-0.0788056904409391,-0.350438319942986,0.206423478188617,33.0282206896552,48.3377655172414
0.136369895583862,0.477204705151997,-0.0804057248410963,-0.363371977717384,0.216092191572036,36.4555724137931,48.3377655172414
0.254508890063325,0.477204705151997,-0.0819342295350127,-0.379123508192873,0.227326051570119,39.882924137931,48.3377655172414
0.372647884542788,0.477204705151997,-0.0833965923828064,-0.3972260177969,0.242488638684874,43.310275862069,48.3377655172414
0.490786879022251,0.477204705151997,-0.0847981748736135,-0.416449815604716,0.258647926850843,46.7376275862069,48.3377655172414
0.608925873501715,0.477204705151997,-0.0861434851834186,-0.437077902888154,0.277208182012408,50.1649793103448,48.3377655172414
0.727064867981178,0.477204705151997,-0.0874357418242973,-0.459496260655966,0.298421514162335,53.5923310344828,48.3377655172414
0.845203862460641,0.477204705151997,-0.0886774151137395,-0.484109199967497,0.319023029420212,57.0196827586207,48.3377655172414
0.963342856940104,0.477204705151997,-0.0898705239405624,-0.507259261458788,0.341755120480453,60.4470344827586,48.3377655172414
1.08148185141957,0.477204705151997,-0.0910170230361809,-0.532128789543151,0.363955519455524,63.8743862068965,48.3377655172414
1.19962084589903,0.477204705151997,-0.0921188672720863,-0.560510089035591,0.38789795252532,67.3017379310345,48.3377655172414
1.31775984037849,0.477204705151997,-0.0931782753702191,-0.587315294551863,0.412561731031907,70.7290896551724,48.3377655172414
1.43589883485796,0.477204705151997,-0.0941984117758397,-0.616683583081432,0.438247440835508,74.1564413793103,48.3377655172414
1.55403782933742,0.477204705151997,-0.0951835505276053,-0.64477699072485,0.46481273587523,77.5837931034483,48.3377655172414
1.67217682381688,0.477204705151997,-0.09613963274745,-0.67244951566607,0.490698789899676,81.0111448275862,48.3377655172414
1.79031581829635,0.477204705151997,-0.0970745127303188,-0.698479160609743,0.518016998933444,84.4384965517241,48.3377655172414
1.90845481277581,0.477204705151997,-0.0979961462303445,-0.725266095247501,0.543732467886333,87.8658482758621,48.3377655172414
2.02659380725527,0.477204705151997,-0.0989118535991738,-0.755415054715618,0.571350575586643,91.2932,48.3377655172414
-1.39943703264916,0.605076101285972,-0.0328042411992735,-0.424604368265204,0.367291537755414,-8.1,49.7855448275862
-1.2812980381697,0.605076101285972,-0.0369046148542207,-0.40519025715,0.339004950982775,-4.67264827586207,49.7855448275862
-1.16315904369023,0.605076101285972,-0.040997231517351,-0.387498589321207,0.314354434118163,-1.24529655172414,49.7855448275862
-1.04502004921077,0.605076101285972,-0.0450735239099265,-0.369630545992555,0.290744343814434,2.18205517241379,49.7855448275862
-0.926881054731307,0.605076101285972,-0.0491204605468658,-0.356392560377524,0.27265333233409,5.60940689655172,49.7855448275862
-0.808742060251843,0.605076101285972,-0.053122023164514,-0.345002790841949,0.256169134997805,9.03675862068965,49.7855448275862
-0.69060306577238,0.605076101285972,-0.0570619455315384,-0.336196504081709,0.239985716379874,12.4641103448276,49.7855448275862
-0.572464071292917,0.605076101285972,-0.0609257138788593,-0.332591683154976,0.229248405182828,15.8914620689655,49.7855448275862
-0.454325076813454,0.605076101285972,-0.0647029778654407,-0.329691412723657,0.221155064578776,19.3188137931034,49.7855448275862
-0.336186082333991,0.605076101285972,-0.0683885955500374,-0.33133781065202,0.214847706958994,22.7461655172414,49.7855448275862
-0.218047087854528,0.605076101285972,-0.0719812160380684,-0.334491103599424,0.212819449601997,26.1735172413793,49.7855448275862
-0.0999080933750645,0.605076101285972,-0.0754833741105347,-0.344255279418061,0.213614270764498,29.6008689655172,49.7855448275862
0.0182309011043986,0.605076101285972,-0.0789001271341023,-0.358028613416993,0.218350899371207,33.0282206896552,49.7855448275862
0.136369895583862,0.605076101285972,-0.0822368064367636,-0.373754848561672,0.228473710129792,36.4555724137931,49.7855448275862
0.254508890063325,0.605076101285972,-0.0854987863297856,-0.391731591130824,0.238009386154359,39.882924137931,49.7855448275862
0.372647884542788,0.605076101285972,-0.0886914411571897,-0.41360153873585,0.253497261712027,43.310275862069,49.7855448275862
0.490786879022251,0.605076101285972,-0.0918201205216524,-0.438757264307279,0.268754515633019,46.7376275862069,49.7855448275862
0.608925873501715,0.605076101285972,-0.094889373610008,-0.462890181224607,0.286958888581159,50.1649793103448,49.7855448275862
0.727064867981178,0.605076101285972,-0.0979025424851683,-0.489763429951497,0.307372125834908,53.5923310344828,49.7855448275862
0.845203862460641,0.605076101285972,-0.100862282574405,-0.5159220781889,0.326236606898352,57.0196827586207,49.7855448275862
0.963342856940104,0.605076101285972,-0.103770848235797,-0.544631569974682,0.349780696144037,60.4470344827586,49.7855448275862
1.08148185141957,0.605076101285972,-0.106630437616269,-0.574093022730886,0.371771820957555,63.8743862068965,49.7855448275862
1.19962084589903,0.605076101285972,-0.109443249006889,-0.603449910325018,0.39590626205915,67.3017379310345,49.7855448275862
1.31775984037849,0.605076101285972,-0.112211752210382,-0.634087729128741,0.421811328323643,70.7290896551724,49.7855448275862
1.43589883485796,0.605076101285972,-0.114939388226863,-0.666079519586812,0.447513978055277,74.1564413793103,49.7855448275862
1.55403782933742,0.605076101285972,-0.117630725125879,-0.696620532485266,0.472269509374406,77.5837931034483,49.7855448275862
1.67217682381688,0.605076101285972,-0.120292000535803,-0.72762651947499,0.50155910012041,81.0111448275862,49.7855448275862
1.79031581829635,0.605076101285972,-0.122931358568313,-0.759784640334344,0.526786663187555,84.4384965517241,49.7855448275862
1.90845481277581,0.605076101285972,-0.125557037985162,-0.793016919929184,0.552437951575439,87.8658482758621,49.7855448275862
2.02659380725527,0.605076101285972,-0.128176602329348,-0.823661596122966,0.581719733912471,91.2932,49.7855448275862
-1.39943703264916,0.732947497419949,-0.0117347066933471,-0.422177544151415,0.407725724073609,-8.1,51.233324137931
-1.2812980381697,0.732947497419949,-0.0176004642269207,-0.403573919628699,0.377668189653739,-4.67264827586207,51.233324137931
-1.16315904369023,0.732947497419949,-0.0234582022787899,-0.385168959089262,0.348593487655394,-1.24529655172414,51.233324137931
-1.04502004921077,0.732947497419949,-0.0292990624396552,-0.368091871935289,0.324217153863922,2.18205517241379,51.233324137931
-0.926881054731307,0.732947497419949,-0.0351095621015576,-0.354488441252627,0.300065905850653,5.60940689655172,51.233324137931
-0.808742060251843,0.732947497419949,-0.0408731174300048,-0.342388568210786,0.278946534464413,9.03675862068965,51.233324137931
-0.69060306577238,0.732947497419949,-0.0465728783738122,-0.336434221196681,0.261821310682132,12.4641103448276,51.233324137931
-0.572464071292917,0.732947497419949,-0.0521937862697159,-0.333580590671509,0.248768686713626,15.8914620689655,51.233324137931
-0.454325076813454,0.732947497419949,-0.0577250479738129,-0.333901402654474,0.239504972995006,19.3188137931034,51.233324137931
-0.336186082333991,0.732947497419949,-0.0631612135590576,-0.334779697892944,0.230777837808573,22.7461655172414,51.233324137931
-0.218047087854528,0.732947497419949,-0.0685007274518057,-0.341669423560305,0.22758470326582,26.1735172413793,51.233324137931
-0.0999080933750645,0.732947497419949,-0.0737460412426927,-0.353318578640107,0.228694424622296,29.6008689655172,51.233324137931
0.0182309011043986,0.732947497419949,-0.0789022143467335,-0.367804931074764,0.231358838880957,33.0282206896552,51.233324137931
0.136369895583862,0.732947497419949,-0.0839745980912436,-0.388062000380732,0.239144640067722,36.4555724137931,51.233324137931
0.254508890063325,0.732947497419949,-0.0889685911150178,-0.408704898796459,0.252227795936464,39.882924137931,51.233324137931
0.372647884542788,0.732947497419949,-0.0938895920929017,-0.435130005271072,0.268433665605554,43.310275862069,51.233324137931
0.490786879022251,0.732947497419949,-0.0987429754969966,-0.462395431773663,0.281666571602774,46.7376275862069,51.233324137931
0.608925873501715,0.732947497419949,-0.103533333317054,-0.491121053083311,0.298387160161339,50.1649793103448,51.233324137931
0.727064867981178,0.732947497419949,-0.108264081755708,-0.518681616025817,0.318520139883525,53.5923310344828,51.233324137931
0.845203862460641,0.732947497419949,-0.112937988261719,-0.549011698869055,0.340045283757893,57.0196827586207,51.233324137931
0.963342856940104,0.732947497419949,-0.117557458768016,-0.582382625062708,0.360400533175275,60.4470344827586,51.233324137931
1.08148185141957,0.732947497419949,-0.122124849600577,-0.616273810158379,0.383494230025592,63.8743862068965,51.233324137931
1.19962084589903,0.732947497419949,-0.126642517240416,-0.648719704570031,0.408509091873291,67.3017379310345,51.233324137931
1.31775984037849,0.732947497419949,-0.131113110200317,-0.681542753979942,0.433147964353552,70.7290896551724,51.233324137931
1.43589883485796,0.732947497419949,-0.135540319542045,-0.716046325338404,0.459022135681685,74.1564413793103,51.233324137931
1.55403782933742,0.732947497419949,-0.139929033512194,-0.750341016634278,0.483950103926111,77.5837931034483,51.233324137931
1.67217682381688,0.732947497419949,-0.144285894422094,-0.78397354450407,0.511678702304814,81.0111448275862,51.233324137931
1.79031581829635,0.732947497419949,-0.148619540400076,-0.818440808303727,0.539963639372097,84.4384965517241,51.233324137931
1.90845481277581,0.732947497419949,-0.152938705811755,-0.854706141111334,0.564828829264491,87.8658482758621,51.233324137931
2.02659380725527,0.732947497419949,-0.157251400035582,-0.891063703727546,0.594427488243149,91.2932,51.233324137931
-1.39943703264916,0.860818893553925,0.00946895149800309,-0.425686892790728,0.45354925977779,-8.1,52.6811034482759
-1.2812980381697,0.860818893553925,0.00183114682580765,-0.405749830020053,0.419399539560583,-4.67264827586207,52.6811034482759
-1.16315904369023,0.860818893553925,-0.00579825173902204,-0.385604951640058,0.387721397162322,-1.24529655172414,52.6811034482759
-1.04502004921077,0.860818893553925,-0.0134099623099875,-0.371602044232207,0.360998905161947,2.18205517241379,52.6811034482759
-0.926881054731307,0.860818893553925,-0.0209898787041922,-0.358885732074966,0.334050300192839,5.60940689655172,52.6811034482759
-0.808742060251843,0.860818893553925,-0.0285206684950712,-0.34912662299275,0.310570001630508,9.03675862068965,52.6811034482759
-0.69060306577238,0.860818893553925,-0.0359847301827845,-0.339786226486205,0.290110390365791,12.4641103448276,52.6811034482759
-0.572464071292917,0.860818893553925,-0.0433663421187358,-0.336914956787097,0.273433391061622,15.8914620689655,52.6811034482759
-0.454325076813454,0.860818893553925,-0.0506542419272122,-0.340930302239322,0.261558295404658,19.3188137931034,52.6811034482759
-0.336186082333991,0.860818893553925,-0.0578427325598314,-0.344100154525913,0.251654432545145,22.7461655172414,52.6811034482759
-0.218047087854528,0.860818893553925,-0.0649301563402069,-0.350222542459715,0.244420612749159,26.1735172413793,52.6811034482759
-0.0999080933750645,0.860818893553925,-0.0719189733777377,-0.3645424930946,0.243781644692693,29.6008689655172,52.6811034482759
0.0182309011043986,0.860818893553925,-0.0788143124661804,-0.382338807036095,0.246161185656266,33.0282206896552,52.6811034482759
0.136369895583862,0.860818893553925,-0.0856215908970928,-0.401534760691172,0.252696627810282,36.4555724137931,52.6811034482759
0.254508890063325,0.860818893553925,-0.0923462710377212,-0.425632546377428,0.265389368333087,39.882924137931,52.6811034482759
0.372647884542788,0.860818893553925,-0.098993815289659,-0.455792895330746,0.279532480872991,43.310275862069,52.6811034482759
0.490786879022251,0.860818893553925,-0.105569661305241,-0.487341396605324,0.295521314020182,46.7376275862069,52.6811034482759
0.608925873501715,0.860818893553925,-0.11207844740504,-0.519092778741954,0.312776759338702,50.1649793103448,52.6811034482759
0.727064867981178,0.860818893553925,-0.118523616464018,-0.550562503187029,0.331524870566037,53.5923310344828,52.6811034482759
0.845203862460641,0.860818893553925,-0.124907976656107,-0.584036378220673,0.351545022255383,57.0196827586207,52.6811034482759
0.963342856940104,0.860818893553925,-0.131234003097553,-0.619591690371036,0.372774465299917,60.4470344827586,52.6811034482759
1.08148185141957,0.860818893553925,-0.137504126507324,-0.656341323585679,0.395137644364349,63.8743862068965,52.6811034482759
1.19962084589903,0.860818893553925,-0.143720777776984,-0.693301877057814,0.421884269577205,67.3017379310345,52.6811034482759
1.31775984037849,0.860818893553925,-0.149886712913631,-0.729455788516061,0.446896058413958,70.7290896551724,52.6811034482759
1.43589883485796,0.860818893553925,-0.156005846665209,-0.766058198275643,0.472504214447947,74.1564413793103,52.6811034482759
1.55403782933742,0.860818893553925,-0.162083412629555,-0.804171412443782,0.498667660050947,77.5837931034483,52.6811034482759
1.67217682381688,0.860818893553925,-0.168126563466142,-0.840923577037713,0.526111645393435,81.0111448275862,52.6811034482759
1.79031581829635,0.860818893553925,-0.174144631261407,-0.878138632421806,0.553919645083618,84.4384965517241,52.6811034482759
1.90845481277581,0.860818893553925,-0.180147054186388,-0.91665917449652,0.582305981469789,87.8658482758621,52.6811034482759
2.02659380725527,0.860818893553925,-0.18614248598914,-0.956109094706018,0.609994322528541,91.2932,52.6811034482759
-1.39943703264916,0.988690289687901,0.0307980723838135,-0.43475030878716,0.506484696796194,-8.1,54.1288827586207
-1.2812980381697,0.988690289687901,0.0213818703238742,-0.412747075081011,0.46869466480175,-4.67264827586207,54.1288827586207
-1.16315904369023,0.988690289687901,0.0119745770344597,-0.395761708502365,0.432875041103305,-1.24529655172414,54.1288827586207
-1.04502004921077,0.988690289687901,0.00258602164502086,-0.379071760744583,0.400039408767311,2.18205517241379,54.1288827586207
-0.926881054731307,0.988690289687901,-0.00676890448789802,-0.365295828069303,0.369163811228582,5.60940689655172,54.1288827586207
-0.808742060251843,0.988690289687901,-0.016071948476152,-0.355051825114787,0.343809455733521,9.03675862068965,54.1288827586207
-0.69060306577238,0.988690289687901,-0.0253045997048718,-0.348789701504858,0.320606736717904,12.4641103448276,54.1288827586207
-0.572464071292917,0.988690289687901,-0.034450362033585,-0.34554269840974,0.301876558984754,15.8914620689655,54.1288827586207
-0.454325076813454,0.988690289687901,-0.0434974779553032,-0.347214516841985,0.286212949822184,19.3188137931034,54.1288827586207
-0.336186082333991,0.988690289687901,-0.0524400592100251,-0.351895889712389,0.27212150335891,22.7461655172414,54.1288827586207
-0.218047087854528,0.988690289687901,-0.0612764413184079,-0.361348734725304,0.264649959989642,26.1735172413793,54.1288827586207
-0.0999080933750645,0.988690289687901,-0.0700091790459068,-0.375698813702117,0.261948546233286,29.6008689655172,54.1288827586207
0.0182309011043986,0.988690289687901,-0.0786435347415262,-0.395586800770801,0.262558063514126,33.0282206896552,54.1288827586207
0.136369895583862,0.988690289687901,-0.0871850361400597,-0.417110849441514,0.267282050115585,36.4555724137931,54.1288827586207
0.254508890063325,0.988690289687901,-0.0956392477549226,-0.444417719379216,0.278272022871239,39.882924137931,54.1288827586207
0.372647884542788,0.988690289687901,-0.104011734127552,-0.476029840766391,0.294827943420704,43.310275862069,54.1288827586207
0.490786879022251,0.988690289687901,-0.112308033489437,-0.509438810924774,0.307634885009445,46.7376275862069,54.1288827586207
0.608925873501715,0.988690289687901,-0.120532835374179,-0.543488167567538,0.325479355181627,50.1649793103448,54.1288827586207
0.727064867981178,0.988690289687901,-0.128689566492684,-0.581298505155175,0.344359379544615,53.5923310344828,54.1288827586207
0.845203862460641,0.988690289687901,-0.136781010412344,-0.619777678867667,0.363442280460884,57.0196827586207,54.1288827586207
0.963342856940104,0.988690289687901,-0.144809635454777,-0.657476793171348,0.385961258012824,60.4470344827586,54.1288827586207
1.08148185141957,0.988690289687901,-0.15277786940318,-0.695948009332035,0.40958848772507,63.8743862068965,54.1288827586207
1.19962084589903,0.988690289687901,-0.160688140237053,-0.735583590849268,0.432901018000321,67.3017379310345,54.1288827586207
1.31775984037849,0.988690289687901,-0.16854324570291,-0.775872546172868,0.460570549276396,70.7290896551724,54.1288827586207
1.43589883485796,0.988690289687901,-0.176347299778518,-0.817743349310276,0.485447759304655,74.1564413793103,54.1288827586207
1.55403782933742,0.988690289687901,-0.184105904513979,-0.856825869622468,0.512436934007478,77.5837931034483,54.1288827586207
1.67217682381688,0.988690289687901,-0.191826820394898,-0.898172680855369,0.539267033584046,81.0111448275862,54.1288827586207
1.79031581829635,0.988690289687901,-0.199520258099195,-0.940700566946147,0.568378654354238,84.4384965517241,54.1288827586207
1.90845481277581,0.988690289687901,-0.207196551881993,-0.983177430603461,0.598622803249791,87.8658482758621,54.1288827586207
2.02659380725527,0.988690289687901,-0.21486518325788,-1.02607141620987,0.624192176399557,91.2932,54.1288827586207
-1.39943703264916,1.11656168582188,0.0522330501999058,-0.443883066739502,0.558795712288143,-8.1,55.5766620689655
-1.2812980381697,1.11656168582188,0.0410330214299801,-0.424006323492952,0.518699665756365,-4.67264827586207,55.5766620689655
-1.16315904369023,1.11656168582188,0.0298425019243975,-0.405116837250518,0.477508870118642,-1.24529655172414,55.5766620689655
-1.04502004921077,1.11656168582188,0.0186719724454925,-0.389403860229656,0.441059539802514,2.18205517241379,55.5766620689655
-0.926881054731307,1.11656168582188,0.00753724609436812,-0.374743684274231,0.407035697155296,5.60940689655172,55.5766620689655
-0.808742060251843,1.11656168582188,-0.00354235822161719,-0.365650491421101,0.379634904557031,9.03675862068965,55.5766620689655
-0.69060306577238,1.11656168582188,-0.0145472870298624,-0.358575405922345,0.352785507903075,12.4641103448276,55.5766620689655
-0.572464071292917,1.11656168582188,-0.0254601747298056,-0.356666567970445,0.327129635044145,15.8914620689655,55.5766620689655
-0.454325076813454,1.11656168582188,-0.0362687457789574,-0.359558277283801,0.310758920858131,19.3188137931034,55.5766620689655
-0.336186082333991,1.11656168582188,-0.0469669668864867,-0.363586079047351,0.297119652244914,22.7461655172414,55.5766620689655
-0.218047087854528,1.11656168582188,-0.0575532464437867,-0.372698742210944,0.288859113013127,26.1735172413793,55.5766620689655
-0.0999080933750645,1.11656168582188,-0.0680303065967172,-0.388304380917105,0.28201607679522,29.6008689655172,55.5766620689655
0.0182309011043986,1.11656168582188,-0.0784035981141615,-0.411033368415418,0.282183904238655,33.0282206896552,55.5766620689655
0.136369895583862,1.11656168582188,-0.0886787976604957,-0.435240768565269,0.287597251216137,36.4555724137931,55.5766620689655
0.254508890063325,1.11656168582188,-0.0988616053342257,-0.463773262820832,0.2956252406888,39.882924137931,55.5766620689655
0.372647884542788,1.11656168582188,-0.108957721251713,-0.497041504708489,0.309428381433149,43.310275862069,55.5766620689655
0.490786879022251,1.11656168582188,-0.118972816805538,-0.534533388147488,0.324266282120832,46.7376275862069,55.5766620689655
0.608925873501715,1.11656168582188,-0.128911637966753,-0.572297564643526,0.339021899094766,50.1649793103448,55.5766620689655
0.727064867981178,1.11656168582188,-0.138777560330921,-0.612609690864265,0.35845584163943,53.5923310344828,55.5766620689655
0.845203862460641,1.11656168582188,-0.148573288847659,-0.653602382220259,0.378085068759099,57.0196827586207,55.5766620689655
0.963342856940104,1.11656168582188,-0.158301221909371,-0.695678804083297,0.400357295657347,60.4470344827586,55.5766620689655
1.08148185141957,1.11656168582188,-0.167963720063854,-0.737845090217552,0.424081324313047,63.8743862068965,55.5766620689655
1.19962084589903,1.11656168582188,-0.177563144084026,-0.781755397233624,0.449513891464124,67.3017379310345,55.5766620689655
1.31775984037849,1.11656168582188,-0.187102278789306,-0.823122854952726,0.473183129804557,70.7290896551724,55.5766620689655
1.43589883485796,1.11656168582188,-0.196585417101877,-0.867672529959748,0.500001423935461,74.1564413793103,55.5766620689655
1.55403782933742,1.11656168582188,-0.206018548877896,-0.912259223042337,0.526224989154971,77.5837931034483,55.5766620689655
1.67217682381688,1.11656168582188,-0.215410123843142,-0.958096476985506,0.555122966148812,81.0111448275862,55.5766620689655
1.79031581829635,1.11656168582188,-0.224771385425399,-1.00457408985283,0.584733962678136,84.4384965517241,55.5766620689655
1.90845481277581,1.11656168582188,-0.234113724505645,-1.05149582136236,0.613467750522977,87.8658482758621,55.5766620689655
2.02659380725527,1.11656168582188,-0.243447603505841,-1.09958494659532,0.644619603271517,91.2932,55.5766620689655
-1.39943703264916,1.24443308195585,0.0737480968741746,-0.456468925845509,0.613898503349937,-8.1,57.0244413793104
-1.2812980381697,1.24443308195585,0.0607600948015206,-0.434911676492992,0.568092152723344,-4.67264827586207,57.0244413793104
-1.16315904369023,1.24443308195585,0.0477822764349245,-0.41350770273751,0.525561475163103,-1.24529655172414,57.0244413793104
-1.04502004921077,1.24443308195585,0.0348258531040262,-0.399477287819563,0.484916196295339,2.18205517241379,57.0244413793104
-0.926881054731307,1.24443308195585,0.0219076630998485,-0.38420202103071,0.447487685839309,5.60940689655172,57.0244413793104
-0.808742060251843,1.24443308195585,0.00904820180276023,-0.377339209688553,0.41657006787969,9.03675862068965,57.0244413793104
-0.69060306577238,1.24443308195585,-0.00373183282740008,-0.371645296573803,0.386363123890064,12.4641103448276,57.0244413793104
-0.572464071292917,1.24443308195585,-0.0164141333099197,-0.369398763619994,0.358704750750656,15.8914620689655,57.0244413793104
-0.454325076813454,1.24443308195585,-0.0289858880325804,-0.367212463596992,0.335704800236698,19.3188137931034,57.0244413793104
-0.336186082333991,1.24443308195585,-0.0414409529160302,-0.37458647963813,0.322770877258941,22.7461655172414,57.0244413793104
-0.218047087854528,1.24443308195585,-0.0537778689542661,-0.386875512921161,0.313582324417243,26.1735172413793,57.0244413793104
-0.0999080933750645,1.24443308195585,-0.0659995806477323,-0.404475817344669,0.305813236604969,29.6008689655172,57.0244413793104
0.0182309011043986,1.24443308195585,-0.0781117690811284,-0.428072054893021,0.303395362255896,33.0282206896552,57.0244413793104
0.136369895583862,1.24443308195585,-0.0901202895146378,-0.454783263792389,0.307676443395395,36.4555724137931,57.0244413793104
0.254508890063325,1.24443308195585,-0.102031003524313,-0.485093337793319,0.314601265211737,39.882924137931,57.0244413793104
0.372647884542788,1.24443308195585,-0.113849772691019,-0.521394846604222,0.328505715358922,43.310275862069,57.0244413793104
0.490786879022251,1.24443308195585,-0.125582426814896,-0.559062273254543,0.341552456855903,46.7376275862069,57.0244413793104
0.608925873501715,1.24443308195585,-0.13723377292534,-0.60038129781333,0.355675704902241,50.1649793103448,57.0244413793104
0.727064867981178,1.24443308195585,-0.148807109818049,-0.645344897260313,0.373584614822371,53.5923310344828,57.0244413793104
0.845203862460641,1.24443308195585,-0.160305023695229,-0.689224251487725,0.393316449857773,57.0196827586207,57.0244413793104
0.963342856940104,1.24443308195585,-0.171729795919029,-0.73211435535671,0.41404385052023,60.4470344827586,57.0244413793104
1.08148185141957,1.24443308195585,-0.183083671806454,-0.779859286950661,0.436320002735584,63.8743862068965,57.0244413793104
1.19962084589903,1.24443308195585,-0.194368896932265,-0.825649625332615,0.462576927189936,67.3017379310345,57.0244413793104
1.31775984037849,1.24443308195585,-0.205588202398779,-0.873668918811876,0.488713164859597,70.7290896551724,57.0244413793104
1.43589883485796,1.24443308195585,-0.216746045003244,-0.921834798945005,0.516261446329434,74.1564413793103,57.0244413793104
1.55403782933742,1.24443308195585,-0.227848817019167,-0.97000868033074,0.543309159247131,77.5837931034483,57.0244413793104
1.67217682381688,1.24443308195585,-0.238905718528109,-1.01889825612515,0.572801603264794,81.0111448275862,57.0244413793104
1.79031581829635,1.24443308195585,-0.249929141344781,-1.06958857045335,0.601875497061185,84.4384965517241,57.0244413793104
1.90845481277581,1.24443308195585,-0.260931653397479,-1.12149063299466,0.634733972655193,87.8658482758621,57.0244413793104
2.02659380725527,1.24443308195585,-0.271924812888991,-1.17044011071174,0.665052203116665,91.2932,57.0244413793104
-1.39943703264916,1.37230447808983,0.0953143399989287,-0.472970500354034,0.669107008249709,-8.1,58.4722206896552
-1.2812980381697,1.37230447808983,0.0805356977938443,-0.447920936067504,0.621022776217114,-4.67264827586207,58.4722206896552
-1.16315904369023,1.37230447808983,0.0657679609963777,-0.42889166864644,0.574822386364488,-1.24529655172414,58.4722206896552
-1.04502004921077,1.37230447808983,0.0510231219628823,-0.412734479954162,0.531701833693476,2.18205517241379,58.4722206896552
-0.926881054731307,1.37230447808983,0.0363191103815996,-0.397852582162769,0.490939369888937,5.60940689655172,58.4722206896552
-0.808742060251843,1.37230447808983,0.021677668888846,-0.390699008234055,0.452426733027436,9.03675862068965,58.4722206896552
-0.69060306577238,1.37230447808983,0.00712070512311236,-0.381877772109925,0.420271930438184,12.4641103448276,58.4722206896552
-0.572464071292917,1.37230447808983,-0.00733248498469052,-0.382641336174165,0.390007217588876,15.8914620689655,58.4722206896552
-0.454325076813454,1.37230447808983,-0.0216685418976921,-0.381074920022501,0.365976044119764,19.3188137931034,58.4722206896552
-0.336186082333991,1.37230447808983,-0.0358812323225459,-0.389181366879491,0.348538381108491,22.7461655172414,58.4722206896552
-0.218047087854528,1.37230447808983,-0.0499692677936077,-0.401742709964648,0.338767160877025,26.1735172413793,58.4722206896552
-0.0999080933750645,1.37230447808983,-0.0639358502796341,-0.419458627962408,0.330638333615661,29.6008689655172,58.4722206896552
0.0182309011043986,1.37230447808983,-0.0777869181220474,-0.443391648590855,0.324205421847958,33.0282206896552,58.4722206896552
0.136369895583862,1.37230447808983,-0.0915285243690072,-0.473408719646836,0.32601467097381,36.4555724137931,58.4722206896552
0.254508890063325,1.37230447808983,-0.105166708873089,-0.506129434866383,0.332674325947032,39.882924137931,58.4722206896552
0.372647884542788,1.37230447808983,-0.118707511476813,-0.546581403045137,0.344915123406787,43.310275862069,58.4722206896552
0.490786879022251,1.37230447808983,-0.132156936774959,-0.584876239458413,0.357206560885926,46.7376275862069,58.4722206896552
0.608925873501715,1.37230447808983,-0.145519856089875,-0.630975605234876,0.372633383408759,50.1649793103448,58.4722206896552
0.727064867981178,1.37230447808983,-0.158799475320603,-0.678607198442842,0.388474292599608,53.5923310344828,58.4722206896552
0.845203862460641,1.37230447808983,-0.171998236584421,-0.724851636323901,0.407299089153264,57.0196827586207,58.4722206896552
0.963342856940104,1.37230447808983,-0.185118274393945,-0.772834442925221,0.430170748653595,60.4470344827586,58.4722206896552
1.08148185141957,1.37230447808983,-0.198161688439598,-0.821992445933808,0.451588367447445,63.8743862068965,58.4722206896552
1.19962084589903,1.37230447808983,-0.211130578704632,-0.871574191898732,0.476672101699839,67.3017379310345,58.4722206896552
1.31775984037849,1.37230447808983,-0.224027596751381,-0.924593598296378,0.505949138604366,70.7290896551724,58.4722206896552
1.43589883485796,1.37230447808983,-0.236857353754631,-0.97506354862257,0.534356719988567,74.1564413793103,58.4722206896552
1.55403782933742,1.37230447808983,-0.24962665375666,-1.02754081863562,0.563586130987237,77.5837931034483,58.4722206896552
1.67217682381688,1.37230447808983,-0.262345486092094,-1.08341957374716,0.591555545398706,81.0111448275862,58.4722206896552
1.79031581829635,1.37230447808983,-0.275027464503229,-1.13481708355246,0.621147655963878,84.4384965517241,58.4722206896552
1.90845481277581,1.37230447808983,-0.287686410545931,-1.18903774119306,0.653304329357875,87.8658482758621,58.4722206896552
2.02659380725527,1.37230447808983,-0.300335051255205,-1.24300247233171,0.687675043150612,91.2932,58.4722206896552
-1.39943703264916,1.5001758742238,0.116903690924161,-0.486847296675725,0.728046045376625,-8.1,59.92
-1.2812980381697,1.5001758742238,0.100333200664463,-0.464837608453899,0.677995598273252,-4.67264827586207,59.92
-1.16315904369023,1.5001758742238,0.0837743588380757,-0.443872125202616,0.625657345573828,-1.24529655172414,59.92
-1.04502004921077,1.5001758742238,0.0672399615996468,-0.42436600935789,0.578110988671876,2.18205517241379,59.92
-0.926881054731307,1.5001758742238,0.0507490599364653,-0.412634408803804,0.536696789190308,5.60940689655172,59.92
-0.808742060251843,1.5001758742238,0.034324675735915,-0.402845678841374,0.496542984391088,9.03675862068965,59.92
-0.69060306577238,1.5001758742238,0.0179899558016618,-0.395103194119202,0.458703590171209,12.4641103448276,59.92
-0.572464071292917,1.5001758742238,0.00176520561322935,-0.395192808017589,0.424143937754333,15.8914620689655,59.92
-0.454325076813454,1.5001758742238,-0.0143356619199366,-0.40036773265471,0.400089807475425,19.3188137931034,59.92
-0.336186082333991,1.5001758742238,-0.030306333931259,-0.406341067585808,0.377421787422135,22.7461655172414,59.92
-0.218047087854528,1.5001758742238,-0.0461457095404656,-0.420606926175452,0.365218917801141,26.1735172413793,59.92
-0.0999080933750645,1.5001758742238,-0.0618572640190198,-0.435771030406154,0.355221687946053,29.6008689655172,59.92
0.0182309011043986,1.5001758742238,-0.0774472051664352,-0.462539878527391,0.347929710203118,33.0282206896552,59.92
0.136369895583862,1.5001758742238,-0.0929217925438746,-0.491736503734562,0.348790511994803,36.4555724137931,59.92
0.254508890063325,1.5001758742238,-0.108287251931174,-0.530565185461415,0.352336137918329,39.882924137931,59.92
0.372647884542788,1.5001758742238,-0.123549809082427,-0.571202376194927,0.360651533457538,43.310275862069,59.92
0.490786879022251,1.5001758742238,-0.138715650852253,-0.614466012819093,0.373172921566177,46.7376275862069,59.92
0.608925873501715,1.5001758742238,-0.153789714396122,-0.664456435153557,0.390304335642637,50.1649793103448,59.92
0.727064867981178,1.5001758742238,-0.168775105546327,-0.711691245583332,0.406755738490458,53.5923310344828,59.92
0.845203862460641,1.5001758742238,-0.183674110994185,-0.76154963441078,0.423818527054776,57.0196827586207,59.92
0.963342856940104,1.5001758742238,-0.198488705032846,-0.812686321264183,0.446211694500627,60.4470344827586,59.92
1.08148185141957,1.5001758742238,-0.2132208280948,-0.865170594611056,0.468274494056073,63.8743862068965,59.92
1.19962084589903,1.5001758742238,-0.227872420941518,-0.919788481416798,0.493878200591346,67.3017379310345,59.92
1.31775984037849,1.5001758742238,-0.242446044018148,-0.974912985408729,0.524456200145589,70.7290896551724,59.92
1.43589883485796,1.5001758742238,-0.256946458633538,-1.02916427020036,0.552151813128155,74.1564413793103,59.92
1.55403782933742,1.5001758742238,-0.271380884825446,-1.08602585150626,0.580773164260436,77.5837931034483,59.92
1.67217682381688,1.5001758742238,-0.285760118688704,-1.14328370618126,0.611396880767583,81.0111448275862,59.92
1.79031581829635,1.5001758742238,-0.300099028973049,-1.20045372565691,0.641241017937291,84.4384965517241,59.92
1.90845481277581,1.5001758742238,-0.314412725307884,-1.25755936282154,0.673899925823782,87.8658482758621,59.92
2.02659380725527,1.5001758742238,-0.328715136418593,-1.31504903697598,0.708147675796749,91.2932,59.92
