"longitude_norm","latitude_norm","spline_mean","spline_lower","spline_upper","longitude","latitude"
-1.39943703264916,-2.2080946136615,-0.437864460521265,-1.42586816555506,0.548116630557604,-8.1,17.9344
-1.2812980381697,-2.2080946136615,-0.405526619074968,-1.34987322142475,0.536845638889798,-4.67264827586207,17.9344
-1.16315904369023,-2.2080946136615,-0.373170551646689,-1.27343602321724,0.527011389578599,-1.24529655172414,17.9344
-1.04502004921077,-2.2080946136615,-0.340776471652918,-1.19782765916141,0.515443423660469,2.18205517241379,17.9344
-0.926881054731307,-2.2080946136615,-0.308316373752198,-1.124950453136,0.507677352205892,5.60940689655172,17.9344
-0.808742060251843,-2.2080946136615,-0.27575796014451,-1.05367385970396,0.49952847692225,9.03675862068965,17.9344
-0.69060306577238,-2.2080946136615,-0.243069796950579,-0.982376119481629,0.490423426784107,12.4641103448276,17.9344
-0.572464071292917,-2.2080946136615,-0.210226268848578,-0.91157865493455,0.485433314932144,15.8914620689655,17.9344
-0.454325076813454,-2.2080946136615,-0.177213676034094,-0.847539109522359,0.481897078049664,19.3188137931034,17.9344
-0.336186082333991,-2.2080946136615,-0.144031248444285,-0.78144819411233,0.480699576834141,22.7461655172414,17.9344
-0.218047087854528,-2.2080946136615,-0.110686056257211,-0.722235337780732,0.483067107089598,26.1735172413793,17.9344
-0.0999080933750645,-2.2080946136615,-0.0771893172324036,-0.66419086699071,0.486439718932091,29.6008689655172,17.9344
0.0182309011043986,-2.2080946136615,-0.0435536721089349,-0.603148123254221,0.49080418951854,33.0282206896552,17.9344
0.136369895583862,-2.2080946136615,-0.00979052608028841,-0.547213694349023,0.497004055124744,36.4555724137931,17.9344
0.254508890063325,-2.2080946136615,0.024089148241611,-0.494285059560756,0.508768130344253,39.882924137931,17.9344
0.372647884542788,-2.2080946136615,0.0580743785744673,-0.445556680697412,0.529323730679088,43.310275862069,17.9344
0.490786879022251,-2.2080946136615,0.0921543125920126,-0.401248491040798,0.546971129896148,46.7376275862069,17.9344
0.608925873501715,-2.2080946136615,0.126321961439478,-0.362286268459173,0.56905823325305,50.1649793103448,17.9344
0.727064867981178,-2.2080946136615,0.160576104398013,-0.328886728619035,0.598115962249932,53.5923310344828,17.9344
0.845203862460641,-2.2080946136615,0.194918643630274,-0.302239218672582,0.632048847077913,57.0196827586207,17.9344
0.963342856940104,-2.2080946136615,0.229353284589573,-0.276904237772641,0.67263760810228,60.4470344827586,17.9344
1.08148185141957,-2.2080946136615,0.263883984989723,-0.254923886346082,0.71378172508277,63.8743862068965,17.9344
1.19962084589903,-2.2080946136615,0.2985147019629,-0.240694866146984,0.763693067444466,67.3017379310345,17.9344
1.31775984037849,-2.2080946136615,0.333248297040958,-0.225383742495048,0.815577968221806,70.7290896551724,17.9344
1.43589883485796,-2.2080946136615,0.368083699092985,-0.216028171307496,0.871187728881275,74.1564413793103,17.9344
1.55403782933742,-2.2080946136615,0.403015179166117,-0.206369709500843,0.931664215320525,77.5837931034483,17.9344
1.67217682381688,-2.2080946136615,0.438029626107221,-0.201095795297785,0.99501563907641,81.0111448275862,17.9344
1.79031581829635,-2.2080946136615,0.473105262329959,-0.193830731029875,1.06025366629601,84.4384965517241,17.9344
1.90845481277581,-2.2080946136615,0.508219602201482,-0.188049655463713,1.12427082166328,87.8658482758621,17.9344
2.02659380725527,-2.2080946136615,0.543351396051152,-0.185191042730523,1.19550948707766,91.2932,17.9344
-1.39943703264916,-2.08022321752752,-0.420745419184994,-1.36198090405467,0.518378303999024,-8.1,19.3821793103448
-1.2812980381697,-2.08022321752752,-0.389961619018403,-1.29115333730226,0.508510408069325,-4.67264827586207,19.3821793103448
-1.16315904369023,-2.08022321752752,-0.359160628790651,-1.21914516319248,0.497772498812993,-1.24529655172414,19.3821793103448
-1.04502004921077,-2.08022321752752,-0.328323784840934,-1.14707812156027,0.488878155035849,2.18205517241379,19.3821793103448
-0.926881054731307,-2.08022321752752,-0.2974246604825,-1.07613478955119,0.481439186161513,5.60940689655172,19.3821793103448
-0.808742060251843,-2.08022321752752,-0.26643276633868,-1.00821419132851,0.47408897996845,9.03675862068965,19.3821793103448
-0.69060306577238,-2.08022321752752,-0.235318419775057,-0.941238216057779,0.465287388918729,12.4641103448276,19.3821793103448
-0.572464071292917,-2.08022321752752,-0.204057414798961,-0.873266992313634,0.459471652172297,15.8914620689655,19.3821793103448
-0.454325076813454,-2.08022321752752,-0.172636767062802,-0.811747108739201,0.456973210399455,19.3188137931034,19.3821793103448
-0.336186082333991,-2.08022321752752,-0.141055676065715,-0.751505835185409,0.454454407018317,22.7461655172414,19.3821793103448
-0.218047087854528,-2.08022321752752,-0.10932073561627,-0.693818377654098,0.459421415954092,26.1735172413793,19.3821793103448
-0.0999080933750645,-2.08022321752752,-0.0774424706359662,-0.638724675726194,0.461529364540802,29.6008689655172,19.3821793103448
0.0182309011043986,-2.08022321752752,-0.0454327673008965,-0.579493565626137,0.465586537546808,33.0282206896552,19.3821793103448
0.136369895583862,-2.08022321752752,-0.0133023561557639,-0.527537333814703,0.470178304462412,36.4555724137931,19.3821793103448
0.254508890063325,-2.08022321752752,0.0189384374189538,-0.476396580014455,0.481536807681748,39.882924137931,19.3821793103448
0.372647884542788,-2.08022321752752,0.0512792883515134,-0.42838033370042,0.500030852588368,43.310275862069,19.3821793103448
0.490786879022251,-2.08022321752752,0.0837099841775242,-0.387992883506729,0.51718518196128,46.7376275862069,19.3821793103448
0.608925873501715,-2.08022321752752,0.116223939120645,-0.350918753341944,0.537911153358467,50.1649793103448,19.3821793103448
0.727064867981178,-2.08022321752752,0.148819981179105,-0.317895149760918,0.564353594898939,53.5923310344828,19.3821793103448
0.845203862460641,-2.08022321752752,0.181499865428437,-0.290517715772829,0.596709661431199,57.0196827586207,19.3821793103448
0.963342856940104,-2.08022321752752,0.214267033748091,-0.264566795740628,0.634100538845283,60.4470344827586,19.3821793103448
1.08148185141957,-2.08022321752752,0.247125163774967,-0.244687714186624,0.672080782757743,63.8743862068965,19.3821793103448
1.19962084589903,-2.08022321752752,0.280077932597253,-0.229539814597739,0.718333767906914,67.3017379310345,19.3821793103448
1.31775984037849,-2.08022321752752,0.313127983719914,-0.213675536884471,0.768341803404924,70.7290896551724,19.3821793103448
1.43589883485796,-2.08022321752752,0.346274251055609,-0.206627842708509,0.821387940063569,74.1564413793103,19.3821793103448
1.55403782933742,-2.08022321752752,0.379511277775557,-0.199452863600436,0.87529020945807,77.5837931034483,19.3821793103448
1.67217682381688,-2.08022321752752,0.412826653722071,-0.191185434990473,0.936773066946818,81.0111448275862,19.3821793103448
1.79031581829635,-2.08022321752752,0.446199807886081,-0.184192772623841,1.00154519590471,84.4384965517241,19.3821793103448
1.90845481277581,-2.08022321752752,0.479609503837528,-0.178869622871767,1.06118406620135,87.8658482758621,19.3821793103448
2.02659380725527,-2.08022321752752,0.513035677584593,-0.175749243556035,1.12848930150426,91.2932,19.3821793103448
-1.39943703264916,-1.95235182139355,-0.403612024240427,-1.2980803218936,0.488961277476902,-8.1,20.8299586206897
-1.2812980381697,-1.95235182139355,-0.37438324690762,-1.23255250161975,0.478538528033559,-4.67264827586207,20.8299586206897
-1.16315904369023,-1.95235182139355,-0.345138305291863,-1.16512841507294,0.468918292302133,-1.24529655172414,20.8299586206897
-1.04502004921077,-1.95235182139355,-0.315859647416079,-1.09689069555391,0.460640102812517,2.18205517241379,20.8299586206897
-0.926881054731307,-1.95235182139355,-0.286522407927827,-1.02950593634613,0.452573592824996,5.60940689655172,20.8299586206897
-0.808742060251843,-1.95235182139355,-0.257097884353787,-0.964163115645273,0.444904671847148,9.03675862068965,20.8299586206897
-0.69060306577238,-1.95235182139355,-0.227558123302916,-0.900047591658992,0.438830014954913,12.4641103448276,20.8299586206897
-0.572464071292917,-1.95235182139355,-0.197880308213281,-0.837257391997875,0.434437590403475,15.8914620689655,20.8299586206897
-0.454325076813454,-1.95235182139355,-0.168052155498192,-0.777801040218254,0.432837085595622,19.3188137931034,20.8299586206897
-0.336186082333991,-1.95235182139355,-0.138072826243476,-0.72169703076504,0.431302737489086,22.7461655172414,20.8299586206897
-0.218047087854528,-1.95235182139355,-0.107948434973317,-0.663946099721024,0.432776817243338,26.1735172413793,20.8299586206897
-0.0999080933750645,-1.95235182139355,-0.0776888164614453,-0.611943754965199,0.43593558527102,29.6008689655172,20.8299586206897
0.0182309011043986,-1.95235182139355,-0.0473051087872634,-0.558660537036491,0.441099416253681,33.0282206896552,20.8299586206897
0.136369895583862,-1.95235182139355,-0.0168073748738848,-0.507416583577865,0.446840831042574,36.4555724137931,20.8299586206897
0.254508890063325,-1.95235182139355,0.0137946999885505,-0.457182909260763,0.456610468089576,39.882924137931,20.8299586206897
0.372647884542788,-1.95235182139355,0.0444914307976614,-0.412169910505696,0.47280503222524,43.310275862069,20.8299586206897
0.490786879022251,-1.95235182139355,0.0752732378350016,-0.373390512550834,0.489185230799386,46.7376275862069,20.8299586206897
0.608925873501715,-1.95235182139355,0.106133932105426,-0.337819968357374,0.507351438962377,50.1649793103448,20.8299586206897
0.727064867981178,-1.95235182139355,0.137072385266249,-0.308213227855804,0.530344577684224,53.5923310344828,20.8299586206897
0.845203862460641,-1.95235182139355,0.168090200961716,-0.279866431013867,0.561481146382935,57.0196827586207,20.8299586206897
0.963342856940104,-1.95235182139355,0.199190553565604,-0.253077976741277,0.595396669288133,60.4470344827586,20.8299586206897
1.08148185141957,-1.95235182139355,0.23037683676352,-0.234788686427676,0.63197657212149,63.8743862068965,20.8299586206897
1.19962084589903,-1.95235182139355,0.261652443725116,-0.219972557352374,0.674733901960653,67.3017379310345,20.8299586206897
1.31775984037849,-1.95235182139355,0.293019795743017,-0.206727369181059,0.722898197988278,70.7290896551724,20.8299586206897
1.43589883485796,-1.95235182139355,0.324477826478138,-0.1955008532105,0.772114052361984,74.1564413793103,20.8299586206897
1.55403782933742,-1.95235182139355,0.356021344657402,-0.191571905681498,0.823517460287998,77.5837931034483,20.8299586206897
1.67217682381688,-1.95235182139355,0.387638632723105,-0.183623460614032,0.877812439668788,81.0111448275862,20.8299586206897
1.79031581829635,-1.95235182139355,0.419310315789489,-0.179924697225468,0.938262279834118,84.4384965517241,20.8299586206897
1.90845481277581,-1.95235182139355,0.451016396103722,-0.169946813937505,1.00023020584706,87.8658482758621,20.8299586206897
2.02659380725527,-1.95235182139355,0.482737985757804,-0.1677972901774,1.06179689827414,91.2932,20.8299586206897
-1.39943703264916,-1.82448042525957,-0.386449922079268,-1.23769579475823,0.461383765602641,-8.1,22.2777379310345
-1.2812980381697,-1.82448042525957,-0.3587781306884,-1.17285830915446,0.452152358637649,-4.67264827586207,22.2777379310345
-1.16315904369023,-1.82448042525957,-0.331091180507574,-1.11200551073515,0.444001198704028,-1.24529655172414,22.2777379310345
-1.04502004921077,-1.82448042525957,-0.303372608765484,-1.04767871492132,0.433953269542026,2.18205517241379,22.2777379310345
-0.926881054731307,-1.82448042525957,-0.275599076803205,-0.982948670322182,0.426835685702443,5.60940689655172,22.2777379310345
-0.808742060251843,-1.82448042525957,-0.247743626010772,-0.919348737444017,0.419141507180717,9.03675862068965,22.2777379310345
-0.69060306577238,-1.82448042525957,-0.219779988237535,-0.858130266077059,0.414268441815488,12.4641103448276,22.2777379310345
-0.572464071292917,-1.82448042525957,-0.191686696555474,-0.79784529683704,0.411309484363802,15.8914620689655,22.2777379310345
-0.454325076813454,-1.82448042525957,-0.163452138746946,-0.742322333319851,0.407391609076629,19.3188137931034,22.2777379310345
-0.336186082333991,-1.82448042525957,-0.135075421533903,-0.690501863973838,0.40658777569528,22.7461655172414,22.2777379310345
-0.218047087854528,-1.82448042525957,-0.106562174326338,-0.635716153374014,0.408174784451907,26.1735172413793,22.2777379310345
-0.0999080933750645,-1.82448042525957,-0.0779215471307548,-0.58563614940106,0.412662494161161,29.6008689655172,22.2777379310345
0.0182309011043986,-1.82448042525957,-0.0491639428624397,-0.53562435617197,0.417047329823268,33.0282206896552,22.2777379310345
0.136369895583862,-1.82448042525957,-0.0202987708773001,-0.486433623155832,0.423071675657084,36.4555724137931,22.2777379310345
0.254508890063325,-1.82448042525957,0.00866490934265407,-0.441734038180638,0.431532890299819,39.882924137931,22.2777379310345
0.372647884542788,-1.82448042525957,0.0377180385820157,-0.397510481827127,0.444603147814957,43.310275862069,22.2777379310345
0.490786879022251,-1.82448042525957,0.0668516556364107,-0.36158305170659,0.460294226016554,46.7376275862069,22.2777379310345
0.608925873501715,-1.82448042525957,0.0960599556974371,-0.326536112865451,0.477289466431674,50.1649793103448,22.2777379310345
0.727064867981178,-1.82448042525957,0.125341843965497,-0.296893648714305,0.499348846982993,53.5923310344828,22.2777379310345
0.845203862460641,-1.82448042525957,0.154698763965225,-0.270386870044224,0.524612452967665,57.0196827586207,22.2777379310345
0.963342856940104,-1.82448042525957,0.184133614701106,-0.246663862627943,0.557209619073596,60.4470344827586,22.2777379310345
1.08148185141957,-1.82448042525957,0.21364949815869,-0.226441229231487,0.594699364881498,63.8743862068965,22.2777379310345
1.19962084589903,-1.82448042525957,0.243249515839999,-0.210546052186644,0.636062345554056,67.3017379310345,22.2777379310345
1.31775984037849,-1.82448042525957,0.272935858454414,-0.199139360563574,0.678439480158252,70.7290896551724,22.2777379310345
1.43589883485796,-1.82448042525957,0.302707448820473,-0.187880455512947,0.724354918210669,74.1564413793103,22.2777379310345
1.55403782933742,-1.82448042525957,0.332559348084057,-0.182719278106884,0.774997088821179,77.5837931034483,22.2777379310345
1.67217682381688,-1.82448042525957,0.362480514496501,-0.176565956481787,0.826090086739377,81.0111448275862,22.2777379310345
1.79031581829635,-1.82448042525957,0.39245274838747,-0.172385737689658,0.878873952695911,84.4384965517241,22.2777379310345
1.90845481277581,-1.82448042525957,0.422457269630211,-0.16384739270167,0.937752797033589,87.8658482758621,22.2777379310345
2.02659380725527,-1.82448042525957,0.452476347210553,-0.16035765635662,0.998280300896781,91.2932,22.2777379310345
-1.39943703264916,-1.6966090291256,-0.36924475909322,-1.17295731982937,0.435761579601869,-8.1,23.7255172413793
-1.2812980381697,-1.6966090291256,-0.343132898306525,-1.11489543286785,0.42410746823434,-4.67264827586207,23.7255172413793
-1.16315904369023,-1.6966090291256,-0.317006853795034,-1.05636470112613,0.417268964615253,-1.24529655172414,23.7255172413793
-1.04502004921077,-1.6966090291256,-0.290851218276278,-0.993856248602319,0.408235583018317,2.18205517241379,23.7255172413793
-0.926881054731307,-1.6966090291256,-0.264644127823659,-0.93612170719506,0.40301179169281,5.60940689655172,23.7255172413793
-0.808742060251843,-1.6966090291256,-0.238360303130571,-0.875712702734589,0.397350953757438,9.03675862068965,23.7255172413793
-0.69060306577238,-1.6966090291256,-0.211975095282299,-0.817127596181169,0.392403111149069,12.4641103448276,23.7255172413793
-0.572464071292917,-1.6966090291256,-0.185468327289479,-0.762214034146877,0.386924505639571,15.8914620689655,23.7255172413793
-0.454325076813454,-1.6966090291256,-0.158829014215748,-0.708995193132151,0.384299357640498,19.3188137931034,23.7255172413793
-0.336186082333991,-1.6966090291256,-0.132056184493323,-0.660345090143711,0.383562595528904,22.7461655172414,23.7255172413793
-0.218047087854528,-1.6966090291256,-0.105154973673318,-0.608886246916782,0.385396814080938,26.1735172413793,23.7255172413793
-0.0999080933750645,-1.6966090291256,-0.0781338550658122,-0.562500482013828,0.388276747604285,29.6008689655172,23.7255172413793
0.0182309011043986,-1.6966090291256,-0.05100251582083,-0.513706340523528,0.39346563903432,33.0282206896552,23.7255172413793
0.136369895583862,-1.6966090291256,-0.0237697328086544,-0.466580027008631,0.399337559428249,36.4555724137931,23.7255172413793
0.254508890063325,-1.6966090291256,0.00355603887351652,-0.425205764778682,0.407309481924085,39.882924137931,23.7255172413793
0.372647884542788,-1.6966090291256,0.0309663443736774,-0.384963454666792,0.417427289138339,43.310275862069,23.7255172413793
0.490786879022251,-1.6966090291256,0.0584528196537173,-0.348248685986446,0.431837754918019,46.7376275862069,23.7255172413793
0.608925873501715,-1.6966090291256,0.0860100252002907,-0.316223659565055,0.447099066142003,50.1649793103448,23.7255172413793
0.727064867981178,-1.6966090291256,0.113636884582902,-0.286464072945062,0.467733563109521,53.5923310344828,23.7255172413793
0.845203862460641,-1.6966090291256,0.141334668174082,-0.262532531766457,0.492685886349272,57.0196827586207,23.7255172413793
0.963342856940104,-1.6966090291256,0.169105987813593,-0.243446459451097,0.522968714806691,60.4470344827586,23.7255172413793
1.08148185141957,-1.6966090291256,0.196953642163785,-0.223736824708952,0.557864055130366,63.8743862068965,23.7255172413793
1.19962084589903,-1.6966090291256,0.224880429435412,-0.204603512788595,0.597308948196694,67.3017379310345,23.7255172413793
1.31775984037849,-1.6966090291256,0.25288829719825,-0.19406387667178,0.636053786982909,70.7290896551724,23.7255172413793
1.43589883485796,-1.6966090291256,0.280976141542519,-0.183111172873369,0.679074528647336,74.1564413793103,23.7255172413793
1.55403782933742,-1.6966090291256,0.309139256327928,-0.175742176260208,0.727004594551175,77.5837931034483,23.7255172413793
1.67217682381688,-1.6966090291256,0.337367250428443,-0.169967289011613,0.774895035559886,81.0111448275862,23.7255172413793
1.79031581829635,-1.6966090291256,0.365643068027309,-0.163391423837365,0.827218361795696,84.4384965517241,23.7255172413793
1.90845481277581,-1.6966090291256,0.393949115047144,-0.159138424668912,0.882982176967024,87.8658482758621,23.7255172413793
2.02659380725527,-1.6966090291256,0.422268788582611,-0.157026408869557,0.939660526080149,91.2932,23.7255172413793
-1.39943703264916,-1.56873763299162,-0.351982422051252,-1.11236581011187,0.406799479389754,-8.1,25.1732965517241
-1.2812980381697,-1.56873763299162,-0.327434404112496,-1.05615431414294,0.398517006038844,-4.67264827586207,25.1732965517241
-1.16315904369023,-1.56873763299162,-0.302873137058845,-0.999628172896738,0.391317411839222,-1.24529655172414,25.1732965517241
-1.04502004921077,-1.56873763299162,-0.278284224267471,-0.945502623436866,0.387109294650335,2.18205517241379,25.1732965517241
-0.926881054731307,-1.56873763299162,-0.253647207452639,-0.887510864418042,0.37918962599668,5.60940689655172,25.1732965517241
-0.808742060251843,-1.56873763299162,-0.228938400763417,-0.831840548698906,0.373562447183111,9.03675862068965,25.1732965517241
-0.69060306577238,-1.56873763299162,-0.204134686751229,-0.7774553799718,0.369603085324781,12.4641103448276,25.1732965517241
-0.572464071292917,-1.56873763299162,-0.179217098986283,-0.725955143009413,0.365531029206987,15.8914620689655,25.1732965517241
-0.454325076813454,-1.56873763299162,-0.154175221194495,-0.676921229635202,0.361384685447319,19.3188137931034,25.1732965517241
-0.336186082333991,-1.56873763299162,-0.129007971722325,-0.630028681120121,0.363602714892071,22.7461655172414,25.1732965517241
-0.218047087854528,-1.56873763299162,-0.103719980666643,-0.582687347117633,0.361561760578708,26.1735172413793,25.1732965517241
-0.0999080933750645,-1.56873763299162,-0.0783190554292688,-0.537162705459112,0.364544966331866,29.6008689655172,25.1732965517241
0.0182309011043986,-1.56873763299162,-0.0528141932640356,-0.494306144996878,0.369631202461558,33.0282206896552,25.1732965517241
0.136369895583862,-1.56873763299162,-0.0272135666659903,-0.451101156999623,0.375824281068154,36.4555724137931,25.1732965517241
0.254508890063325,-1.56873763299162,-0.00152505491321886,-0.409037529319237,0.382953216027975,39.882924137931,25.1732965517241
0.372647884542788,-1.56873763299162,0.0242434629396229,-0.372171421927992,0.393612576058182,43.310275862069,25.1732965517241
0.490786879022251,-1.56873763299162,0.0500841915557668,-0.340394711844215,0.405889865935502,46.7376275862069,25.1732965517241
0.608925873501715,-1.56873763299162,0.0759920315303546,-0.306117732461585,0.419264697557319,50.1649793103448,25.1732965517241
0.727064867981178,-1.56873763299162,0.10196590457992,-0.276125809278301,0.438406599055819,53.5923310344828,25.1732965517241
0.845203862460641,-1.56873763299162,0.128006890572614,-0.254750545030514,0.462042770800999,57.0196827586207,25.1732965517241
0.963342856940104,-1.56873763299162,0.154117298497516,-0.237738239324084,0.489710885498717,60.4470344827586,25.1732965517241
1.08148185141957,-1.56873763299162,0.18029960824041,-0.220484537064505,0.520818482057555,63.8743862068965,25.1732965517241
1.19962084589903,-1.56873763299162,0.206556299266763,-0.203737984121664,0.558164646699264,67.3017379310345,25.1732965517241
1.31775984037849,-1.56873763299162,0.232889059320031,-0.189507879440676,0.595857826106747,70.7290896551724,25.1732965517241
1.43589883485796,-1.56873763299162,0.259296736674131,-0.180384049646891,0.637761134008126,74.1564413793103,25.1732965517241
1.55403782933742,-1.56873763299162,0.285774831760844,-0.175096385127038,0.679260458889502,77.5837931034483,25.1732965517241
1.67217682381688,-1.56873763299162,0.312313570675848,-0.166769523706527,0.725653818450643,81.0111448275862,25.1732965517241
1.79031581829635,-1.56873763299162,0.338896999874621,-0.161024631084121,0.775901848082256,84.4384965517241,25.1732965517241
1.90845481277581,-1.56873763299162,0.365508669463479,-0.155431278765326,0.827345697385701,87.8658482758621,25.1732965517241
2.02659380725527,-1.56873763299162,0.392133066480657,-0.158448092362565,0.879706286828092,91.2932,25.1732965517241
-1.39943703264916,-1.44086623685764,-0.334651440299546,-1.05191951980774,0.381251998034013,-8.1,26.621075862069
-1.2812980381697,-1.44086623685764,-0.311671987157196,-0.999292102599129,0.374836212459558,-4.67264827586207,26.621075862069
-1.16315904369023,-1.44086623685764,-0.288680170351936,-0.947117341600735,0.368134417495666,-1.24529655172414,26.621075862069
-1.04502004921077,-1.44086623685764,-0.265662549440001,-0.89565357299278,0.360543301723658,2.18205517241379,26.621075862069
-0.926881054731307,-1.44086623685764,-0.242599987766894,-0.842079675329016,0.355682266306096,5.60940689655172,26.621075862069
-0.808742060251843,-1.44086623685764,-0.219470288523151,-0.790194110688607,0.352664296303262,9.03675862068965,26.621075862069
-0.69060306577238,-1.44086623685764,-0.196251758967001,-0.738995158934885,0.347255047734202,12.4641103448276,26.621075862069
-0.572464071292917,-1.44086623685764,-0.172926546697044,-0.690413933773002,0.343775832678618,15.8914620689655,26.621075862069
-0.454325076813454,-1.44086623685764,-0.149484732902815,-0.644806744416278,0.340603609818859,19.3188137931034,26.621075862069
-0.336186082333991,-1.44086623685764,-0.12592508741743,-0.599380081455183,0.34035298974601,22.7461655172414,26.621075862069
-0.218047087854528,-1.44086623685764,-0.10225172116952,-0.556863308749213,0.340378429104498,26.1735172413793,26.621075862069
-0.0999080933750645,-1.44086623685764,-0.0784717893886855,-0.516982270188413,0.342510090620749,29.6008689655172,26.621075862069
0.0182309011043986,-1.44086623685764,-0.0545936316766351,-0.47462764887699,0.347613145420588,33.0282206896552,26.621075862069
0.136369895583862,-1.44086623685764,-0.0306248511536191,-0.433576516413816,0.352069236024295,36.4555724137931,26.621075862069
0.254508890063325,-1.44086623685764,-0.00657278683962748,-0.395718104046982,0.358741411798612,39.882924137931,26.621075862069
0.372647884542788,-1.44086623685764,0.0175552224465987,-0.361531677595399,0.367448611573536,43.310275862069,26.621075862069
0.490786879022251,-1.44086623685764,0.0417519146354097,-0.331551410788481,0.380076769049378,46.7376275862069,26.621075862069
0.608925873501715,-1.44086623685764,0.066012499123385,-0.298788449110429,0.392714949780839,50.1649793103448,26.621075862069
0.727064867981178,-1.44086623685764,0.0903358707397341,-0.270600392769339,0.412097722549168,53.5923310344828,26.621075862069
0.845203862460641,-1.44086623685764,0.114722897543803,-0.248802330270802,0.43281044737324,57.0196827586207,26.621075862069
0.963342856940104,-1.44086623685764,0.13917556662364,-0.233995601334958,0.458955002808016,60.4470344827586,26.621075862069
1.08148185141957,-1.44086623685764,0.163696020358175,-0.215066093371596,0.487807456610128,63.8743862068965,26.621075862069
1.19962084589903,-1.44086623685764,0.188286400736549,-0.202334998839644,0.520750168535959,67.3017379310345,26.621075862069
1.31775984037849,-1.44086623685764,0.21294811552186,-0.18967141702892,0.557527202123254,70.7290896551724,26.621075862069
1.43589883485796,-1.44086623685764,0.237679939927817,-0.180911750898177,0.5986854532754,74.1564413793103,26.621075862069
1.55403782933742,-1.44086623685764,0.262477549813793,-0.171892622694476,0.638348342321564,77.5837931034483,26.621075862069
1.67217682381688,-1.44086623685764,0.287331748811267,-0.16642106426842,0.68345237536577,81.0111448275862,26.621075862069
1.79031581829635,-1.44086623685764,0.312227636314767,-0.162863892140761,0.730191872799852,84.4384965517241,26.621075862069
1.90845481277581,-1.44086623685764,0.337149856947249,-0.159140114408697,0.776458479894672,87.8658482758621,26.621075862069
2.02659380725527,-1.44086623685764,0.362083942400249,-0.156565443572398,0.823998952129251,91.2932,26.621075862069
-1.39943703264916,-1.31299484072367,-0.317245403405854,-0.991763009096021,0.357741039104597,-8.1,28.0688551724138
-1.2812980381697,-1.31299484072367,-0.295839728049794,-0.943064150585081,0.350399850944071,-4.67264827586207,28.0688551724138
-1.16315904369023,-1.31299484072367,-0.274422519366353,-0.892827916817791,0.345025886469135,-1.24529655172414,28.0688551724138
-1.04502004921077,-1.31299484072367,-0.252981231997957,-0.844435293916722,0.33886420175185,2.18205517241379,28.0688551724138
-0.926881054731307,-1.31299484072367,-0.23149795667267,-0.797415901040541,0.333954493604573,5.60940689655172,28.0688551724138
-0.808742060251843,-1.31299484072367,-0.209951868467697,-0.750276841609606,0.327415149233542,9.03675862068965,28.0688551724138
-0.69060306577238,-1.31299484072367,-0.188322579578741,-0.702887965257142,0.324999938931316,12.4641103448276,28.0688551724138
-0.572464071292917,-1.31299484072367,-0.166593243443841,-0.657291103514015,0.321506102820976,15.8914620689655,28.0688551724138
-0.454325076813454,-1.31299484072367,-0.144754359214588,-0.612361145530376,0.319315672044255,19.3188137931034,28.0688551724138
-0.336186082333991,-1.31299484072367,-0.122804505856707,-0.570260439073142,0.318288852645873,22.7461655172414,28.0688551724138
-0.218047087854528,-1.31299484072367,-0.100747260823601,-0.531345736011451,0.317445331833223,26.1735172413793,28.0688551724138
-0.0999080933750645,-1.31299484072367,-0.0785891440672417,-0.493197826520216,0.321835270043303,29.6008689655172,28.0688551724138
0.0182309011043986,-1.31299484072367,-0.0563378754703354,-0.45258337973616,0.3248850937071,33.0282206896552,28.0688551724138
0.136369895583862,-1.31299484072367,-0.0340005298273027,-0.415343120304002,0.328660852201374,36.4555724137931,28.0688551724138
0.254508890063325,-1.31299484072367,-0.0115839475802915,-0.38018464909672,0.335219108792889,39.882924137931,28.0688551724138
0.372647884542788,-1.31299484072367,0.0109050310071304,-0.35082355265734,0.34422234266965,43.310275862069,28.0688551724138
0.490786879022251,-1.31299484072367,0.0334596356052907,-0.323623482661477,0.35663196441361,46.7376275862069,28.0688551724138
0.608925873501715,-1.31299484072367,0.0560753478736009,-0.293016730432999,0.369720294314506,50.1649793103448,28.0688551724138
0.727064867981178,-1.31299484072367,0.0787510068430448,-0.266829633926344,0.387395365633759,53.5923310344828,28.0688551724138
0.845203862460641,-1.31299484072367,0.101487244600538,-0.246749694534897,0.407328985603187,57.0196827586207,28.0688551724138
0.963342856940104,-1.31299484072367,0.124285705216717,-0.231495751355921,0.432762228462145,60.4470344827586,28.0688551724138
1.08148185141957,-1.31299484072367,0.147148172890516,-0.21507355490419,0.459508746815983,63.8743862068965,28.0688551724138
1.19962084589903,-1.31299484072367,0.170076431460834,-0.200919952134488,0.491084986629142,67.3017379310345,28.0688551724138
1.31775984037849,-1.31299484072367,0.19307158659263,-0.189411576133318,0.521980290187377,70.7290896551724,28.0688551724138
1.43589883485796,-1.31299484072367,0.216132313135776,-0.179140972528899,0.560081052370432,74.1564413793103,28.0688551724138
1.55403782933742,-1.31299484072367,0.239254428931166,-0.174933434856027,0.601646201111366,77.5837931034483,28.0688551724138
1.67217682381688,-1.31299484072367,0.262429272645679,-0.168146092809192,0.642336352529525,81.0111448275862,28.0688551724138
1.79031581829635,-1.31299484072367,0.28564294382994,-0.163958364771614,0.685046127151208,84.4384965517241,28.0688551724138
1.90845481277581,-1.31299484072367,0.308881128479598,-0.160920228602288,0.728296666795982,87.8658482758621,28.0688551724138
2.02659380725527,-1.31299484072367,0.332130354433922,-0.157833350223958,0.774091585038125,91.2932,28.0688551724138
-1.39943703264916,-1.18512344458969,-0.299761814453555,-0.93654583547712,0.33483381236371,-8.1,29.5166344827586
-1.2812980381697,-1.18512344458969,-0.279935362080932,-0.888500929823786,0.328806107661792,-4.67264827586207,29.5166344827586
-1.16315904369023,-1.18512344458969,-0.26009814787882,-0.843406011570195,0.321087807650219,-1.24529655172414,29.5166344827586
-1.04502004921077,-1.18512344458969,-0.240238456359291,-0.796683669994627,0.31640346304702,2.18205517241379,29.5166344827586
-0.926881054731307,-1.18512344458969,-0.220339505040331,-0.755718383297242,0.310275599425181,5.60940689655172,29.5166344827586
-0.808742060251843,-1.18512344458969,-0.200381715898937,-0.709417261544571,0.306367986381583,9.03675862068965,29.5166344827586
-0.69060306577238,-1.18512344458969,-0.180345878359065,-0.666855185412168,0.301377449780327,12.4641103448276,29.5166344827586
-0.572464071292917,-1.18512344458969,-0.160216036552355,-0.624808792483428,0.298109112854364,15.8914620689655,29.5166344827586
-0.454325076813454,-1.18512344458969,-0.139983023504408,-0.581986781611861,0.298250298375634,19.3188137931034,29.5166344827586
-0.336186082333991,-1.18512344458969,-0.11964518341675,-0.542093285236489,0.296390474219764,22.7461655172414,29.5166344827586
-0.218047087854528,-1.18512344458969,-0.0992055467024011,-0.50543410577412,0.298400167473633,26.1735172413793,29.5166344827586
-0.0999080933750645,-1.18512344458969,-0.0786700181438995,-0.471310707655406,0.299490663221471,29.6008689655172,29.5166344827586
0.0182309011043986,-1.18512344458969,-0.0580457406801465,-0.43245284238477,0.303587223626883,33.0282206896552,29.5166344827586
0.136369895583862,-1.18512344458969,-0.0373393068483496,-0.398156479002247,0.307582925107709,36.4555724137931,29.5166344827586
0.254508890063325,-1.18512344458969,-0.016557105240433,-0.36776759270515,0.315053425673119,39.882924137931,29.5166344827586
0.372647884542788,-1.18512344458969,0.00429447570708774,-0.338503826136153,0.321938532222816,43.310275862069,29.5166344827586
0.490786879022251,-1.18512344458969,0.0252091108563697,-0.312376264846382,0.334287409492039,46.7376275862069,29.5166344827586
0.608925873501715,-1.18512344458969,0.0461825134325533,-0.288908657619431,0.348954559769,50.1649793103448,29.5166344827586
0.727064867981178,-1.18512344458969,0.0672134349682718,-0.264816621231755,0.365310744683017,53.5923310344828,29.5166344827586
0.845203862460641,-1.18512344458969,0.0883022457135274,-0.244841643097846,0.384597763069936,57.0196827586207,29.5166344827586
0.963342856940104,-1.18512344458969,0.109450224798175,-0.229765156999575,0.405920336094612,60.4470344827586,29.5166344827586
1.08148185141957,-1.18512344458969,0.130658776901928,-0.215406948186097,0.432237771156475,63.8743862068965,29.5166344827586
1.19962084589903,-1.18512344458969,0.151929306373501,-0.201102445036661,0.460812629883736,67.3017379310345,29.5166344827586
1.31775984037849,-1.18512344458969,0.173262594074575,-0.192088619450427,0.491802102905,70.7290896551724,29.5166344827586
1.43589883485796,-1.18512344458969,0.194657186852817,-0.185649312476892,0.528665127238169,74.1564413793103,29.5166344827586
1.55403782933742,-1.18512344458969,0.216109010865124,-0.176347330967404,0.566781560219121,77.5837931034483,29.5166344827586
1.67217682381688,-1.18512344458969,0.237609897024714,-0.170903522350622,0.604703882107671,81.0111448275862,29.5166344827586
1.79031581829635,-1.18512344458969,0.259146891804213,-0.167696264081205,0.644030389881419,84.4384965517241,29.5166344827586
1.90845481277581,-1.18512344458969,0.280706668952623,-0.164954369948346,0.68797953377563,87.8658482758621,29.5166344827586
2.02659380725527,-1.18512344458969,0.302276703436543,-0.167146115922009,0.730434782161069,91.2932,29.5166344827586
-1.39943703264916,-1.05725204845572,-0.282201733895012,-0.879004453285794,0.314127442496022,-8.1,30.9644137931035
-1.2812980381697,-1.05725204845572,-0.263959933584073,-0.834917330862947,0.307636242520851,-4.67264827586207,30.9644137931035
-1.16315904369023,-1.05725204845572,-0.245708082485981,-0.792477846178601,0.301784383985076,-1.24529655172414,30.9644137931035
-1.04502004921077,-1.05725204845572,-0.227435227994583,-0.751582132487283,0.295717200948577,2.18205517241379,30.9644137931035
-0.926881054731307,-1.05725204845572,-0.209125611239855,-0.70926500656764,0.289987384269866,5.60940689655172,30.9644137931035
-0.808742060251843,-1.05725204845572,-0.190760773087702,-0.668271500851778,0.286426675308077,9.03675862068965,30.9644137931035
-0.69060306577238,-1.05725204845572,-0.172322549548456,-0.630926567577749,0.281664698499134,12.4641103448276,30.9644137931035
-0.572464071292917,-1.05725204845572,-0.153795758046662,-0.592126615308809,0.277713950942621,15.8914620689655,30.9644137931035
-0.454325076813454,-1.05725204845572,-0.135171480616319,-0.552923220130618,0.277066558815983,19.3188137931034,30.9644137931035
-0.336186082333991,-1.05725204845572,-0.116447783777446,-0.515221599734362,0.277054811241504,22.7461655172414,30.9644137931035
-0.218047087854528,-1.05725204845572,-0.0976271395312756,-0.481655113824601,0.27864687367044,26.1735172413793,30.9644137931035
-0.0999080933750645,-1.05725204845572,-0.078714860831667,-0.448496908283347,0.279343426811387,29.6008689655172,30.9644137931035
0.0182309011043986,-1.05725204845572,-0.0597175602677886,-0.413826671486556,0.281784945654064,33.0282206896552,30.9644137931035
0.136369895583862,-1.05725204845572,-0.0406413979461231,-0.384188770932552,0.287620087402468,36.4555724137931,30.9644137931035
0.254508890063325,-1.05725204845572,-0.0214923610625792,-0.354321562685658,0.293915316872779,39.882924137931,30.9644137931035
0.372647884542788,-1.05725204845572,-0.00227643668130284,-0.329461144853173,0.302530985591459,43.310275862069,30.9644137931035
0.490786879022251,-1.05725204845572,0.0170004450039132,-0.305569651649126,0.314454989332385,46.7376275862069,30.9644137931035
0.608925873501715,-1.05725204845572,0.0363341852670729,-0.283019506669396,0.328004666497377,50.1649793103448,30.9644137931035
0.727064867981178,-1.05725204845572,0.0557234150206511,-0.264150995088283,0.344215214594829,53.5923310344828,30.9644137931035
0.845203862460641,-1.05725204845572,0.0751682165178975,-0.246658062479199,0.363121613594914,57.0196827586207,30.9644137931035
0.963342856940104,-1.05725204845572,0.0946694826731891,-0.231506030425106,0.384118301977709,60.4470344827586,30.9644137931035
1.08148185141957,-1.05725204845572,0.11422821810619,-0.218564378548442,0.408472543796021,63.8743862068965,30.9644137931035
1.19962084589903,-1.05725204845572,0.133845427133941,-0.20695265933051,0.437633026385166,67.3017379310345,30.9644137931035
1.31775984037849,-1.05725204845572,0.153521544043354,-0.199296470171236,0.467179818515909,70.7290896551724,30.9644137931035
1.43589883485796,-1.05725204845572,0.173254961425267,-0.191962577452348,0.499489947086104,74.1564413793103,30.9644137931035
1.55403782933742,-1.05725204845572,0.193041681786213,-0.186587761718412,0.534909189158709,77.5837931034483,30.9644137931035
1.67217682381688,-1.05725204845572,0.212873987351753,-0.182124221406633,0.571066977269811,81.0111448275862,30.9644137931035
1.79031581829635,-1.05725204845572,0.232739820201051,-0.181683794264984,0.607683741135572,84.4384965517241,30.9644137931035
1.90845481277581,-1.05725204845572,0.252626790095763,-0.179631844475477,0.648815404313303,87.8658482758621,30.9644137931035
2.02659380725527,-1.05725204845572,0.272523271691814,-0.178791303303604,0.689565686204202,91.2932,30.9644137931035
-1.39943703264916,-0.92938065232174,-0.2645690535913,-0.824795760064217,0.294331217736788,-8.1,32.4121931034483
-1.2812980381697,-0.92938065232174,-0.247917106495725,-0.783467392879843,0.287252558989604,-4.67264827586207,32.4121931034483
-1.16315904369023,-0.92938065232174,-0.231255759282974,-0.74327957257209,0.281004553646923,-1.24529655172414,32.4121931034483
-1.04502004921077,-0.92938065232174,-0.214574755387937,-0.705453406494514,0.274413500866897,2.18205517241379,32.4121931034483
-0.926881054731307,-0.92938065232174,-0.197859256949103,-0.668418341876441,0.269478474369821,5.60940689655172,32.4121931034483
-0.808742060251843,-0.92938065232174,-0.181091796816138,-0.629469887219716,0.265210457377979,9.03675862068965,32.4121931034483
-0.69060306577238,-0.92938065232174,-0.164255128362588,-0.594045578309132,0.260554692534457,12.4641103448276,32.4121931034483
-0.572464071292917,-0.92938065232174,-0.147334726814549,-0.559577143331921,0.256517125170726,15.8914620689655,32.4121931034483
-0.454325076813454,-0.92938065232174,-0.130321841070117,-0.523937703251578,0.25800721101467,19.3188137931034,32.4121931034483
-0.336186082333991,-0.92938065232174,-0.113214220468274,-0.490489227167168,0.258865123418428,22.7461655172414,32.4121931034483
-0.218047087854528,-0.92938065232174,-0.0960137709057136,-0.458577075207518,0.259380965511746,26.1735172413793,32.4121931034483
-0.0999080933750645,-0.92938065232174,-0.0787252401393976,-0.429201651443901,0.260285311668021,29.6008689655172,32.4121931034483
0.0182309011043986,-0.92938065232174,-0.0613547598073918,-0.398232217549759,0.263169137447137,33.0282206896552,32.4121931034483
0.136369895583862,-0.92938065232174,-0.0439081098782834,-0.371983830716273,0.268236189448571,36.4555724137931,32.4121931034483
0.254508890063325,-0.92938065232174,-0.0263909289701107,-0.345119793075921,0.27668118223218,39.882924137931,32.4121931034483
0.372647884542788,-0.92938065232174,-0.00880885559320177,-0.322853730707643,0.28405190206421,43.310275862069,32.4121931034483
0.490786879022251,-0.92938065232174,0.00883252241975807,-0.300153020433603,0.294405874128876,46.7376275862069,32.4121931034483
0.608925873501715,-0.92938065232174,0.0265292494746161,-0.279797118261667,0.308676920780266,50.1649793103448,32.4121931034483
0.727064867981178,-0.92938065232174,0.0442798028164386,-0.262866700486811,0.325000691009635,53.5923310344828,32.4121931034483
0.845203862460641,-0.92938065232174,0.0620839517689733,-0.24815729218518,0.343028571331228,57.0196827586207,32.4121931034483
0.963342856940104,-0.92938065232174,0.0799421839412142,-0.236701099755705,0.363829224532907,60.4470344827586,32.4121931034483
1.08148185141957,-0.92938065232174,0.0978550856883569,-0.225877676227065,0.388242729250011,63.8743862068965,32.4121931034483
1.19962084589903,-0.92938065232174,0.115823243090776,-0.21622745455713,0.414337318750467,67.3017379310345,32.4121931034483
1.31775984037849,-0.92938065232174,0.133846724568029,-0.208537895538858,0.443311720331975,70.7290896551724,32.4121931034483
1.43589883485796,-0.92938065232174,0.15192374515275,-0.204705803805399,0.47299163112278,74.1564413793103,32.4121931034483
1.55403782933742,-0.92938065232174,0.170050355020162,-0.200776226151234,0.50697816049825,77.5837931034483,32.4121931034483
1.67217682381688,-0.92938065232174,0.188219250183796,-0.196164112868649,0.541203646210715,81.0111448275862,32.4121931034483
1.79031581829635,-0.92938065232174,0.206419220423252,-0.196781167119421,0.575153010270559,84.4384965517241,32.4121931034483
1.90845481277581,-0.92938065232174,0.224638763106213,-0.196213291379998,0.61311998513168,87.8658482758621,32.4121931034483
2.02659380725527,-0.92938065232174,0.24286710798806,-0.196462557458672,0.653287432916394,91.2932,32.4121931034483
-1.39943703264916,-0.801509256187764,-0.24686919900725,-0.767773616345909,0.278075665306162,-8.1,33.8599724137931
-1.2812980381697,-0.801509256187764,-0.231811958552631,-0.733382715026258,0.271810496193565,-4.67264827586207,33.8599724137931
-1.16315904369023,-0.801509256187764,-0.216745909289174,-0.697174782647271,0.264297863601506,-1.24529655172414,33.8599724137931
-1.04502004921077,-0.801509256187764,-0.201661425051078,-0.661740927768962,0.257982513447797,2.18205517241379,33.8599724137931
-0.926881054731307,-0.801509256187764,-0.186544488723063,-0.625568421243727,0.251349368318237,5.60940689655172,33.8599724137931
-0.808742060251843,-0.801509256187764,-0.17137850167925,-0.589494960572434,0.247274835131467,9.03675862068965,33.8599724137931
-0.69060306577238,-0.801509256187764,-0.156147009335332,-0.556551554334045,0.241364858448047,12.4641103448276,33.8599724137931
-0.572464071292917,-0.801509256187764,-0.14083603354053,-0.525927403380577,0.239535005310437,15.8914620689655,33.8599724137931
-0.454325076813454,-0.801509256187764,-0.125436912696885,-0.494309763818501,0.239982905380939,19.3188137931034,33.8599724137931
-0.336186082333991,-0.801509256187764,-0.10994704435925,-0.465294595355829,0.239944593020621,22.7461655172414,33.8599724137931
-0.218047087854528,-0.801509256187764,-0.0943677652333443,-0.436236584141586,0.239748721740366,26.1735172413793,33.8599724137931
-0.0999080933750645,-0.801509256187764,-0.0787032878549851,-0.407342228798451,0.241466832209181,29.6008689655172,33.8599724137931
0.0182309011043986,-0.801509256187764,-0.0629593144987464,-0.383645430809026,0.2463138524952,33.0282206896552,33.8599724137931
0.136369895583862,-0.801509256187764,-0.0471412989567792,-0.360314505984102,0.251136032525561,36.4555724137931,33.8599724137931
0.254508890063325,-0.801509256187764,-0.0312545856062876,-0.335843889812644,0.258486401423706,39.882924137931,33.8599724137931
0.372647884542788,-0.801509256187764,-0.0153045187410994,-0.315436148446258,0.268036978213208,43.310275862069,33.8599724137931
0.490786879022251,-0.801509256187764,0.000703602095680544,-0.29699007301021,0.28072480563048,46.7376275862069,33.8599724137931
0.608925873501715,-0.801509256187764,0.0167659190176126,-0.279175729826213,0.292871291451271,50.1649793103448,33.8599724137931
0.727064867981178,-0.801509256187764,0.0328807235861701,-0.266346140461549,0.308723613028109,53.5923310344828,33.8599724137931
0.845203862460641,-0.801509256187764,0.049047449461062,-0.251912657256296,0.326615636525285,57.0196827586207,33.8599724137931
0.963342856940104,-0.801509256187764,0.0652661630112608,-0.243716331376958,0.348904601454462,60.4470344827586,33.8599724137931
1.08148185141957,-0.801509256187764,0.0815370174293797,-0.233347848852481,0.372140117228454,63.8743862068965,33.8599724137931
1.19962084589903,-0.801509256187764,0.0978601656605065,-0.226429647121773,0.395884002173676,67.3017379310345,33.8599724137931
1.31775984037849,-0.801509256187764,0.114235294403383,-0.223030261386554,0.424026507843313,70.7290896551724,33.8599724137931
1.43589883485796,-0.801509256187764,0.130660421709692,-0.219712385134797,0.453120343090898,74.1564413793103,33.8599724137931
1.55403782933742,-0.801509256187764,0.147131620910521,-0.217387518498291,0.48407598220613,77.5837931034483,33.8599724137931
1.67217682381688,-0.801509256187764,0.163641968481175,-0.216892632740146,0.515506768310412,81.0111448275862,33.8599724137931
1.79031581829635,-0.801509256187764,0.180181058069812,-0.216073746312611,0.549419696882694,84.4384965517241,33.8599724137931
1.90845481277581,-0.801509256187764,0.196738230214864,-0.216319823932315,0.585027766709526,87.8658482758621,33.8599724137931
2.02659380725527,-0.801509256187764,0.213303528568995,-0.218029238895406,0.623775036731572,91.2932,33.8599724137931
-1.39943703264916,-0.673637860053788,-0.229108273405861,-0.718072871225054,0.265958862336612,-8.1,35.3077517241379
-1.2812980381697,-0.673637860053788,-0.215650154734742,-0.682879604806427,0.256684818533506,-4.67264827586207,35.3077517241379
-1.16315904369023,-0.673637860053788,-0.202183760647015,-0.647898048356744,0.247394778587964,-1.24529655172414,35.3077517241379
-1.04502004921077,-0.673637860053788,-0.188700031470597,-0.61567554567002,0.239362488891392,2.18205517241379,35.3077517241379
-0.926881054731307,-0.673637860053788,-0.175185674076366,-0.585103008608622,0.234179137525947,5.60940689655172,35.3077517241379
-0.808742060251843,-0.673637860053788,-0.161624840117217,-0.553619130761663,0.228391611694003,9.03675862068965,35.3077517241379
-0.69060306577238,-0.673637860053788,-0.148001747637359,-0.52390586840423,0.22413523735433,12.4641103448276,35.3077517241379
-0.572464071292917,-0.673637860053788,-0.134302860383598,-0.494251539799667,0.220360084875751,15.8914620689655,35.3077517241379
-0.454325076813454,-0.673637860053788,-0.120519535838909,-0.46660601146581,0.221114287939442,19.3188137931034,35.3077517241379
-0.336186082333991,-0.673637860053788,-0.10664879190906,-0.440295832136752,0.221341351886652,22.7461655172414,35.3077517241379
-0.218047087854528,-0.673637860053788,-0.0926913989818887,-0.414649473898821,0.223573895682046,26.1735172413793,35.3077517241379
-0.0999080933750645,-0.673637860053788,-0.0786510679054944,-0.390236041329071,0.226836784473827,29.6008689655172,35.3077517241379
0.0182309011043986,-0.673637860053788,-0.0645331246372587,-0.370851574099755,0.229384814690018,33.0282206896552,35.3077517241379
0.136369895583862,-0.673637860053788,-0.0503427513725585,-0.347874695353689,0.236101521286249,36.4555724137931,35.3077517241379
0.254508890063325,-0.673637860053788,-0.0360850529656869,-0.329406364771323,0.244769367349454,39.882924137931,35.3077517241379
0.372647884542788,-0.673637860053788,-0.021765134212,-0.31320001061717,0.254419627366748,43.310275862069,35.3077517241379
0.490786879022251,-0.673637860053788,-0.00738806078219145,-0.296484297825531,0.267317488533443,46.7376275862069,35.3077517241379
0.608925873501715,-0.673637860053788,0.00704236251009149,-0.28307686359637,0.279806964281572,50.1649793103448,35.3077517241379
0.727064867981178,-0.673637860053788,0.0215242120600401,-0.27039668949055,0.295207418788788,53.5923310344828,35.3077517241379
0.845203862460641,-0.673637860053788,0.0360565668494957,-0.261615384593445,0.315965613718046,57.0196827586207,35.3077517241379
0.963342856940104,-0.673637860053788,0.0506390606986047,-0.254055235496875,0.33495669183776,60.4470344827586,35.3077517241379
1.08148185141957,-0.673637860053788,0.0652714035051387,-0.249077329199271,0.358202753340861,63.8743862068965,35.3077517241379
1.19962084589903,-0.673637860053788,0.0799533049461498,-0.244964478929689,0.382517541634503,67.3017379310345,35.3077517241379
1.31775984037849,-0.673637860053788,0.094684058939448,-0.242698391404211,0.411293385087126,70.7290896551724,35.3077517241379
1.43589883485796,-0.673637860053788,0.109461471993891,-0.240831393524606,0.438747754785558,74.1564413793103,35.3077517241379
1.55403782933742,-0.673637860053788,0.124281620829263,-0.243416963739119,0.46761094397729,77.5837931034483,35.3077517241379
1.67217682381688,-0.673637860053788,0.139137933213285,-0.243977074926279,0.496611772330364,81.0111448275862,35.3077517241379
1.79031581829635,-0.673637860053788,0.154020766139478,-0.246767186967673,0.529299939368503,84.4384965517241,35.3077517241379
1.90845481277581,-0.673637860053788,0.168920262011945,-0.247888879755304,0.564515774382391,87.8658482758621,35.3077517241379
2.02659380725527,-0.673637860053788,0.183827239717349,-0.248594915741845,0.59926642768633,91.2932,35.3077517241379
-1.39943703264916,-0.545766463919811,-0.211292668114953,-0.667300669142984,0.249857092918136,-8.1,36.7555310344828
-1.2812980381697,-0.545766463919811,-0.199437553477813,-0.635546585623351,0.240810346420899,-4.67264827586207,36.7555310344828
-1.16315904369023,-0.545766463919811,-0.187574640567144,-0.604726363689518,0.232991228765546,-1.24529655172414,36.7555310344828
-1.04502004921077,-0.545766463919811,-0.175695374370769,-0.576099862002804,0.225033256677349,2.18205517241379,36.7555310344828
-0.926881054731307,-0.545766463919811,-0.163787093548013,-0.545812547613661,0.217886027255129,5.60940689655172,36.7555310344828
-0.808742060251843,-0.545766463919811,-0.151834588843733,-0.519076101369798,0.212006272400438,9.03675862068965,36.7555310344828
-0.69060306577238,-0.545766463919811,-0.139822639630913,-0.490038214906345,0.208270760875442,12.4641103448276,36.7555310344828
-0.572464071292917,-0.545766463919811,-0.127738055798615,-0.465272023754746,0.20573850882115,15.8914620689655,36.7555310344828
-0.454325076813454,-0.545766463919811,-0.115572153192336,-0.441591491163602,0.204953887176563,19.3188137931034,36.7555310344828
-0.336186082333991,-0.545766463919811,-0.103321551498422,-0.416626966793174,0.207179754942437,22.7461655172414,36.7555310344828
-0.218047087854528,-0.545766463919811,-0.0909864656028851,-0.393141019669655,0.208645262385203,26.1735172413793,36.7555310344828
-0.0999080933750645,-0.545766463919811,-0.0785701421327838,-0.374225823625598,0.211889320617397,29.6008689655172,36.7555310344828
0.0182309011043986,-0.545766463919811,-0.0660775842398618,-0.355803970328298,0.217912666520733,33.0282206896552,36.7555310344828
0.136369895583862,-0.545766463919811,-0.0535137562332686,-0.33798287983009,0.223601691743927,36.4555724137931,36.7555310344828
0.254508890063325,-0.545766463919811,-0.0408835769192484,-0.323796915696999,0.232721762273394,39.882924137931,36.7555310344828
0.372647884542788,-0.545766463919811,-0.0281919650693734,-0.310362636325477,0.24350620213387,43.310275862069,36.7555310344828
0.490786879022251,-0.545766463919811,-0.0154438056122688,-0.29758785594208,0.255651057477564,46.7376275862069,36.7555310344828
0.608925873501715,-0.545766463919811,-0.00264289223840652,-0.289347265581191,0.26955220294125,50.1649793103448,36.7555310344828
0.727064867981178,-0.545766463919811,0.0102086115817448,-0.280636552401919,0.287971742663264,53.5923310344828,36.7555310344828
0.845203862460641,-0.545766463919811,0.0231094171379533,-0.273995333044931,0.305871056105201,57.0196827586207,36.7555310344828
0.963342856940104,-0.545766463919811,0.0360587211984988,-0.26912013647785,0.326440627346336,60.4470344827586,36.7555310344828
1.08148185141957,-0.545766463919811,0.0490557871591459,-0.267498657269593,0.347650261066915,63.8743862068965,36.7555310344828
1.19962084589903,-0.545766463919811,0.0620998782211544,-0.265898332066833,0.371673666989952,67.3017379310345,36.7555310344828
1.31775984037849,-0.545766463919811,0.0751898912182805,-0.265281990344673,0.399297515417135,70.7290896551724,36.7555310344828
1.43589883485796,-0.545766463919811,0.0883234126889825,-0.266818932163337,0.427351035205677,74.1564413793103,36.7555310344828
1.55403782933742,-0.545766463919811,0.101496508245648,-0.269656965746669,0.457410898194293,77.5837931034483,36.7555310344828
1.67217682381688,-0.545766463919811,0.114702931336622,-0.27274223854986,0.48648419278287,81.0111448275862,36.7555310344828
1.79031581829635,-0.545766463919811,0.127933763179851,-0.276172425370167,0.51758855562917,84.4384965517241,36.7555310344828
1.90845481277581,-0.545766463919811,0.141179907836942,-0.280925300861363,0.547426073395062,87.8658482758621,36.7555310344828
2.02659380725527,-0.545766463919811,0.15443292132059,-0.285060604341355,0.579567947666854,91.2932,36.7555310344828
-1.39943703264916,-0.417895067785836,-0.19342775848602,-0.623588902680813,0.237282699176991,-8.1,38.2033103448276
-1.2812980381697,-0.417895067785836,-0.183179003197819,-0.593065660583711,0.22732206114028,-4.67264827586207,38.2033103448276
-1.16315904369023,-0.417895067785836,-0.172922871633866,-0.565964716749321,0.221056645494162,-1.24529655172414,38.2033103448276
-1.04502004921077,-0.417895067785836,-0.162651253127122,-0.53765741024245,0.214035855271378,2.18205517241379,38.2033103448276
-0.926881054731307,-0.417895067785836,-0.152352030065659,-0.512289302751419,0.207548841901446,5.60940689655172,38.2033103448276
-0.808742060251843,-0.417895067785836,-0.142010528044233,-0.486479161110566,0.20045420640675,9.03675862068965,38.2033103448276
-0.69060306577238,-0.417895067785836,-0.131611984709554,-0.461932957149488,0.198386641412359,12.4641103448276,38.2033103448276
-0.572464071292917,-0.417895067785836,-0.121143469821673,-0.438175232958571,0.195551639845341,15.8914620689655,38.2033103448276
-0.454325076813454,-0.417895067785836,-0.11059620763131,-0.416463031312625,0.195201781093779,19.3188137931034,38.2033103448276
-0.336186082333991,-0.417895067785836,-0.0999664116669718,-0.396993095701879,0.19566953547297,22.7461655172414,38.2033103448276
-0.218047087854528,-0.417895067785836,-0.0892537612944544,-0.377444866707311,0.197358611142494,26.1735172413793,38.2033103448276
-0.0999080933750645,-0.417895067785836,-0.0784610806516195,-0.360357163686193,0.200758085909341,29.6008689655172,38.2033103448276
0.0182309011043986,-0.417895067785836,-0.0675931035703972,-0.344674102389935,0.207266822730987,33.0282206896552,38.2033103448276
0.136369895583862,-0.417895067785836,-0.0566546284773644,-0.331350883655692,0.214840957976516,36.4555724137931,38.2033103448276
0.254508890063325,-0.417895067785836,-0.0456504394262307,-0.319939173171223,0.22371907093239,39.882924137931,38.2033103448276
0.372647884542788,-0.417895067785836,-0.0345853204597555,-0.311505334599921,0.234083648309427,43.310275862069,38.2033103448276
0.490786879022251,-0.417895067785836,-0.0234640266644162,-0.302349465662022,0.246800431730192,46.7376275862069,38.2033103448276
0.608925873501715,-0.417895067785836,-0.0122903787010733,-0.296136505959381,0.262690193084447,50.1649793103448,38.2033103448276
0.727064867981178,-0.417895067785836,-0.00106679834773526,-0.291947840295426,0.28190361704443,53.5923310344828,38.2033103448276
0.845203862460641,-0.417895067785836,0.0102050524683568,-0.28910300954839,0.300474149676555,57.0196827586207,38.2033103448276
0.963342856940104,-0.417895067785836,0.0215239371545097,-0.286741184629059,0.321182285957469,60.4470344827586,38.2033103448276
1.08148185141957,-0.417895067785836,0.032888677689785,-0.289388258436393,0.342191855046801,63.8743862068965,38.2033103448276
1.19962084589903,-0.417895067785836,0.0442980958841916,-0.290582682612699,0.366161156870016,67.3017379310345,38.2033103448276
1.31775984037849,-0.417895067785836,0.055750695117883,-0.294750381783537,0.39277996783205,70.7290896551724,38.2033103448276
1.43589883485796,-0.417895067785836,0.0672438401694864,-0.299220746194259,0.422311407871097,74.1564413793103,38.2033103448276
1.55403782933742,-0.417895067785836,0.078773576098202,-0.303672831272235,0.450955683583365,77.5837931034483,38.2033103448276
1.67217682381688,-0.417895067785836,0.0903339586945622,-0.308604775728179,0.478910082435289,81.0111448275862,38.2033103448276
1.79031581829635,-0.417895067785836,0.10191675317437,-0.31449310594076,0.507621399247837,84.4384965517241,38.2033103448276
1.90845481277581,-0.417895067785836,0.113513583532137,-0.31900713847502,0.536632140739483,87.8658482758621,38.2033103448276
2.02659380725527,-0.417895067785836,0.125116702874949,-0.327126736826677,0.566471796265215,91.2932,38.2033103448276
-1.39943703264916,-0.29002367165186,-0.175518001211808,-0.577112635773464,0.230088796862197,-8.1,39.6510896551724
-1.2812980381697,-0.29002367165186,-0.166878464167215,-0.550761559171251,0.221749784111871,-4.67264827586207,39.6510896551724
-1.16315904369023,-0.29002367165186,-0.158231918283315,-0.52500112421693,0.212909359405264,-1.24529655172414,39.6510896551724
-1.04502004921077,-0.29002367165186,-0.149570637900736,-0.500437236899013,0.204084515264743,2.18205517241379,39.6510896551724
-0.926881054731307,-0.29002367165186,-0.14088296458528,-0.477879195084862,0.197221100660895,5.60940689655172,39.6510896551724
-0.808742060251843,-0.29002367165186,-0.132154660899829,-0.455824040988936,0.192538188128041,9.03675862068965,39.6510896551724
-0.69060306577238,-0.29002367165186,-0.123371327474254,-0.435000954174642,0.188107120485536,12.4641103448276,39.6510896551724
-0.572464071292917,-0.29002367165186,-0.114520216902296,-0.414336843271388,0.185678948638075,15.8914620689655,39.6510896551724
-0.454325076813454,-0.29002367165186,-0.105592422769538,-0.396479322602232,0.185490181668549,19.3188137931034,39.6510896551724
-0.336186082333991,-0.29002367165186,-0.0965837555498963,-0.37740332990636,0.185092348726471,22.7461655172414,39.6510896551724
-0.218047087854528,-0.29002367165186,-0.0874933887026677,-0.360483840160186,0.187836977061015,26.1735172413793,39.6510896551724
-0.0999080933750645,-0.29002367165186,-0.0783237700370503,-0.347557081648185,0.194418908532126,29.6008689655172,39.6510896551724
0.0182309011043986,-0.29002367165186,-0.0690794173783136,-0.335693040514262,0.199851602156226,33.0282206896552,39.6510896551724
0.136369895583862,-0.29002367165186,-0.0597650132678291,-0.326477867091701,0.206346650193727,36.4555724137931,39.6510896551724
0.254508890063325,-0.29002367165186,-0.0503852557792852,-0.319407763554764,0.216121105554953,39.882924137931,39.6510896551724
0.372647884542788,-0.29002367165186,-0.0409448429982087,-0.313667161463507,0.227763175165681,43.310275862069,39.6510896551724
0.490786879022251,-0.29002367165186,-0.0314484484911262,-0.310976122733965,0.242633615573695,46.7376275862069,39.6510896551724
0.608925873501715,-0.29002367165186,-0.0218999536657556,-0.308038105137445,0.258512621732241,50.1649793103448,39.6510896551724
0.727064867981178,-0.29002367165186,-0.0123020501800788,-0.306907475398423,0.277613091088758,53.5923310344828,39.6510896551724
0.845203862460641,-0.29002367165186,-0.00265677060021741,-0.307829710430961,0.299052811450309,57.0196827586207,39.6510896551724
0.963342856940104,-0.29002367165186,0.00703422755924521,-0.309377041123516,0.317924466449056,60.4470344827586,39.6510896551724
1.08148185141957,-0.29002367165186,0.0167693387807635,-0.312148025809655,0.340358937096809,63.8743862068965,39.6510896551724
1.19962084589903,-0.29002367165186,0.0265469574021759,-0.317322084197833,0.364061609364305,67.3017379310345,39.6510896551724
1.31775984037849,-0.29002367165186,0.0363652053514878,-0.324505519680665,0.391854122623193,70.7290896551724,39.6510896551724
1.43589883485796,-0.29002367165186,0.0462212305639857,-0.331684052701884,0.418439835630636,74.1564413793103,39.6510896551724
1.55403782933742,-0.29002367165186,0.0561110528215627,-0.339776609482254,0.444780236883294,77.5837931034483,39.6510896551724
1.67217682381688,-0.29002367165186,0.0660290082894983,-0.34498728084637,0.473236547847402,81.0111448275862,39.6510896551724
1.79031581829635,-0.29002367165186,0.0759675032906095,-0.355100459756049,0.502189301569198,84.4384965517241,39.6510896551724
1.90845481277581,-0.29002367165186,0.0859188369000474,-0.36340562479173,0.531891329918834,87.8658482758621,39.6510896551724
2.02659380725527,-0.29002367165186,0.0958759158508853,-0.373730245169613,0.561297438589306,91.2932,39.6510896551724
-1.39943703264916,-0.162152275517883,-0.157564900673206,-0.536180821676786,0.225186905795792,-8.1,41.0988689655172
-1.2812980381697,-0.162152275517883,-0.150537089074146,-0.511020825588362,0.215729541815898,-4.67264827586207,41.0988689655172
-1.16315904369023,-0.162152275517883,-0.143502580426824,-0.488721944168315,0.20789428050288,-1.24529655172414,41.0988689655172
-1.04502004921077,-0.162152275517883,-0.136453973924509,-0.466563546399115,0.19879642685369,2.18205517241379,41.0988689655172
-0.926881054731307,-0.162152275517883,-0.12937998682158,-0.445703687157487,0.191352251317409,5.60940689655172,41.0988689655172
-0.808742060251843,-0.162152275517883,-0.122266724389778,-0.425354041067521,0.184985990634059,9.03675862068965,41.0988689655172
-0.69060306577238,-0.162152275517883,-0.115100060092402,-0.406361636720066,0.181731282033184,12.4641103448276,41.0988689655172
-0.572464071292917,-0.162152275517883,-0.107867359443051,-0.390375490179162,0.17783076672487,15.8914620689655,41.0988689655172
-0.454325076813454,-0.162152275517883,-0.100559556043108,-0.374845451214822,0.176979831016489,19.3188137931034,41.0988689655172
-0.336186082333991,-0.162152275517883,-0.0931720712679338,-0.359921161193164,0.177625177559641,22.7461655172414,41.0988689655172
-0.218047087854528,-0.162152275517883,-0.0857036121964914,-0.347332327396294,0.181753177946529,26.1735172413793,41.0988689655172
-0.0999080933750645,-0.162152275517883,-0.0781563011344417,-0.337842664382652,0.188274594874124,29.6008689655172,41.0988689655172
0.0182309011043986,-0.162152275517883,-0.0705344930852307,-0.330435332573155,0.192798178784489,33.0282206896552,41.0988689655172
0.136369895583862,-0.162152275517883,-0.0628428025533472,-0.324810046757192,0.200401218946343,36.4555724137931,41.0988689655172
0.254508890063325,-0.162152275517883,-0.0550858876814466,-0.320966485569825,0.2096764260777,39.882924137931,41.0988689655172
0.372647884542788,-0.162152275517883,-0.0472684066454354,-0.31952481390884,0.225168423605894,43.310275862069,41.0988689655172
0.490786879022251,-0.162152275517883,-0.0393949970298806,-0.31952104411702,0.239577907569338,46.7376275862069,41.0988689655172
0.608925873501715,-0.162152275517883,-0.0314696300579982,-0.320799754820356,0.256893545737568,50.1649793103448,41.0988689655172
0.727064867981178,-0.162152275517883,-0.0234952713411456,-0.321865232124098,0.27626886385081,53.5923310344828,41.0988689655172
0.845203862460641,-0.162152275517883,-0.0154743128018504,-0.326399130856413,0.296068773946764,57.0196827586207,41.0988689655172
0.963342856940104,-0.162152275517883,-0.00740881122815296,-0.332374625442677,0.317196017354233,60.4470344827586,41.0988689655172
1.08148185141957,-0.162152275517883,0.000699223554819994,-0.33996308719993,0.338880856241777,63.8743862068965,41.0988689655172
1.19962084589903,-0.162152275517883,0.00884778160037847,-0.349941048850008,0.363813330331746,67.3017379310345,41.0988689655172
1.31775984037849,-0.162152275517883,0.0170346239797823,-0.359923805196551,0.391106414679576,70.7290896551724,41.0988689655172
1.43589883485796,-0.162152275517883,0.0252566928873019,-0.369741197069056,0.418993669710143,74.1564413793103,41.0988689655172
1.55403782933742,-0.162152275517883,0.0335099815148823,-0.379863727796409,0.447841449693049,77.5837931034483,41.0988689655172
1.67217682381688,-0.162152275517883,0.0417890833805679,-0.391894733538891,0.474795628516519,81.0111448275862,41.0988689655172
1.79031581829635,-0.162152275517883,0.0500869966708102,-0.401948647966304,0.501108672195413,84.4384965517241,41.0988689655172
1.90845481277581,-0.162152275517883,0.0583966437849535,-0.411292083984998,0.529046846069558,87.8658482758621,41.0988689655172
2.02659380725527,-0.162152275517883,0.0667115346742193,-0.423210434629689,0.556603842600649,91.2932,41.0988689655172
-1.39943703264916,-0.0342808793839073,-0.139562440748174,-0.501163318748101,0.2261793260888,-8.1,42.5466482758621
-1.2812980381697,-0.0342808793839073,-0.134148910855656,-0.477463601380109,0.215635763162861,-4.67264827586207,42.5466482758621
-1.16315904369023,-0.0342808793839073,-0.128728934808931,-0.455519937223352,0.206468757905911,-1.24529655172414,42.5466482758621
-1.04502004921077,-0.0342808793839073,-0.123295371157603,-0.43455454178959,0.196137257848972,2.18205517241379,42.5466482758621
-0.926881054731307,-0.0342808793839073,-0.117837224005389,-0.416960888816257,0.187059123136103,5.60940689655172,42.5466482758621
-0.808742060251843,-0.0342808793839073,-0.112340843251303,-0.399927907418586,0.180820417305857,9.03675862068965,42.5466482758621
-0.69060306577238,-0.0342808793839073,-0.106792282866359,-0.381951490424477,0.175539019882248,12.4641103448276,42.5466482758621
-0.572464071292917,-0.0342808793839073,-0.101178952291105,-0.369531058211039,0.171879554542464,15.8914620689655,42.5466482758621
-0.454325076813454,-0.0342808793839073,-0.0954916016231495,-0.355229749639104,0.171998713881552,19.3188137931034,42.5466482758621
-0.336186082333991,-0.0342808793839073,-0.0897252863575808,-0.345144758320143,0.172744332162715,22.7461655172414,42.5466482758621
-0.218047087854528,-0.0342808793839073,-0.0838782963913554,-0.335693160644186,0.176814113426971,26.1735172413793,42.5466482758621
-0.0999080933750645,-0.0342808793839073,-0.0779524842910071,-0.330916620736511,0.183073264003786,29.6008689655172,42.5466482758621
0.0182309011043986,-0.0342808793839073,-0.0719520956393724,-0.326500111723693,0.188576089607411,33.0282206896552,42.5466482758621
0.136369895583862,-0.0342808793839073,-0.065881722692664,-0.326612121274122,0.196617513708238,36.4555724137931,42.5466482758621
0.254508890063325,-0.0342808793839073,-0.0597460269923156,-0.326388093775503,0.209631458154471,39.882924137931,42.5466482758621
0.372647884542788,-0.0342808793839073,-0.0535496701325577,-0.328372574572853,0.224921445710287,43.310275862069,42.5466482758621
0.490786879022251,-0.0342808793839073,-0.0472972964642491,-0.33175319590249,0.240278784180493,46.7376275862069,42.5466482758621
0.608925873501715,-0.0342808793839073,-0.0409929910754849,-0.336103416226258,0.257999619475811,50.1649793103448,42.5466482758621
0.727064867981178,-0.0342808793839073,-0.0346399894150409,-0.342880196936442,0.278129249769135,53.5923310344828,42.5466482758621
0.845203862460641,-0.0342808793839073,-0.0282410222212226,-0.352078766729402,0.299496236355159,57.0196827586207,42.5466482758621
0.963342856940104,-0.0342808793839073,-0.0217985144963588,-0.361200767713806,0.32126652687132,60.4470344827586,42.5466482758621
1.08148185141957,-0.0342808793839073,-0.0153148477796172,-0.37272561575147,0.342990809977983,63.8743862068965,42.5466482758621
1.19962084589903,-0.0342808793839073,-0.00879240371064238,-0.384345973295786,0.368377980831684,67.3017379310345,42.5466482758621
1.31775984037849,-0.0342808793839073,-0.00223375319994279,-0.39917302602128,0.39472095545507,70.7290896551724,42.5466482758621
1.43589883485796,-0.0342808793839073,0.00435785559823199,-0.410738319250053,0.421201921077333,74.1564413793103,42.5466482758621
1.55403782933742,-0.0342808793839073,0.0109783878214404,-0.422616534810405,0.449417026750274,77.5837931034483,42.5466482758621
1.67217682381688,-0.0342808793839073,0.0176226643892683,-0.434416871295002,0.475508877804048,81.0111448275862,42.5466482758621
1.79031581829635,-0.0342808793839073,0.0242842112839812,-0.448932939297469,0.50115232687385,84.4384965517241,42.5466482758621
1.90845481277581,-0.0342808793839073,0.0309565069320872,-0.46217243531038,0.529303302072829,87.8658482758621,42.5466482758621
2.02659380725527,-0.0342808793839073,0.0376335991942529,-0.476991178972245,0.557187684588781,91.2932,42.5466482758621
-1.39943703264916,0.0935905167500688,-0.12149654773888,-0.473722241230555,0.233311124788819,-8.1,43.9944275862069
-1.2812980381697,0.0935905167500688,-0.117700357913749,-0.451254563050654,0.221272751526645,-4.67264827586207,43.9944275862069
-1.16315904369023,0.0935905167500688,-0.113897902336126,-0.430573398443213,0.208351682737206,-1.24529655172414,43.9944275862069
-1.04502004921077,0.0935905167500688,-0.110082223328686,-0.408684792132592,0.197991315694589,2.18205517241379,43.9944275862069
-0.926881054731307,0.0935905167500688,-0.106242510739843,-0.390387854332462,0.187650092969569,5.60940689655172,43.9944275862069
-0.808742060251843,0.0935905167500688,-0.102365248960421,-0.375626736713371,0.180209987426631,9.03675862068965,43.9944275862069
-0.69060306577238,0.0935905167500688,-0.0984365697447487,-0.362230970985381,0.174248807266707,12.4641103448276,43.9944275862069
-0.572464071292917,0.0935905167500688,-0.0944438511885863,-0.351040433781398,0.169744349168893,15.8914620689655,43.9944275862069
-0.454325076813454,0.0935905167500688,-0.0903776371505325,-0.341351430065421,0.170190961318056,19.3188137931034,43.9944275862069
-0.336186082333991,0.0935905167500688,-0.0862326471461268,-0.333858769911862,0.172718259440844,22.7461655172414,43.9944275862069
-0.218047087854528,0.0935905167500688,-0.0820068117102011,-0.32825898127857,0.176239503028327,26.1735172413793,43.9944275862069
-0.0999080933750645,0.0935905167500688,-0.0777017743297845,-0.326375882142744,0.180899020331641,29.6008689655172,43.9944275862069
0.0182309011043986,0.0935905167500688,-0.0733217252301515,-0.327932152473858,0.187543105337208,33.0282206896552,43.9944275862069
0.136369895583862,0.0935905167500688,-0.0688712784930736,-0.329502777379139,0.198970536561593,36.4555724137931,43.9944275862069
0.254508890063325,0.0935905167500688,-0.0643551399725073,-0.334012001578216,0.213125438711836,39.882924137931,43.9944275862069
0.372647884542788,0.0935905167500688,-0.0597780155923395,-0.339115968269303,0.227490433709375,43.310275862069,43.9944275862069
0.490786879022251,0.0935905167500688,-0.0551445967254649,-0.345431925552165,0.243847225085215,46.7376275862069,43.9944275862069
0.608925873501715,0.0935905167500688,-0.0504591014751554,-0.354466461711753,0.261294439641646,50.1649793103448,43.9944275862069
0.727064867981178,0.0935905167500688,-0.045725022751836,-0.366236295626706,0.281677104903751,53.5923310344828,43.9944275862069
0.845203862460641,0.0935905167500688,-0.0409454004657563,-0.377744542542355,0.302918547143681,57.0196827586207,43.9944275862069
0.963342856940104,0.0935905167500688,-0.0361229879164577,-0.39264606649278,0.325059191324216,60.4470344827586,43.9944275862069
1.08148185141957,0.0935905167500688,-0.0312604969836858,-0.40638974937109,0.348653571776834,63.8743862068965,43.9944275862069
1.19962084589903,0.0935905167500688,-0.0263606396293712,-0.42122234522768,0.371031490231162,67.3017379310345,43.9944275862069
1.31775984037849,0.0935905167500688,-0.021426282632059,-0.437209395045461,0.397111651231503,70.7290896551724,43.9944275862069
1.43589883485796,0.0935905167500688,-0.01646084731264,-0.453198844450594,0.423459343707931,74.1564413793103,43.9944275862069
1.55403782933742,0.0935905167500688,-0.0114684022277824,-0.469642338226299,0.449495634180186,77.5837931034483,43.9944275862069
1.67217682381688,0.0935905167500688,-0.00645394202393312,-0.485459859913699,0.477260494051061,81.0111448275862,43.9944275862069
1.79031581829635,0.0935905167500688,-0.00142350019939208,-0.50200200004645,0.503311126588364,84.4384965517241,43.9944275862069
1.90845481277581,0.0935905167500688,0.00361686634972003,-0.518247341571281,0.529955736315929,87.8658482758621,43.9944275862069
2.02659380725527,0.0935905167500688,0.00866165538281116,-0.534975385115407,0.557060068847237,91.2932,43.9944275862069
-1.39943703264916,0.221461912884044,-0.103348672396131,-0.451448615197781,0.250521961878464,-8.1,45.4422068965517
-1.2812980381697,0.221461912884044,-0.101173662335423,-0.429789981180527,0.236630451309876,-4.67264827586207,45.4422068965517
-1.16315904369023,0.221461912884044,-0.0989924846483623,-0.408631165269694,0.220131198071823,-1.24529655172414,45.4422068965517
-1.04502004921077,0.221461912884044,-0.0967982773316258,-0.389202717234551,0.209503524695724,2.18205517241379,45.4422068965517
-0.926881054731307,0.221461912884044,-0.0945802988319544,-0.372299075854418,0.195927818058093,5.60940689655172,45.4422068965517
-0.808742060251843,0.221461912884044,-0.0923250410987935,-0.357337981637802,0.186106455434284,9.03675862068965,45.4422068965517
-0.69060306577238,0.221461912884044,-0.0900185956467778,-0.346014738977119,0.179888883077713,12.4641103448276,45.4422068965517
-0.572464071292917,0.221461912884044,-0.0876482231064664,-0.334945985466033,0.173316741429007,15.8914620689655,45.4422068965517
-0.454325076813454,0.221461912884044,-0.0852042354501688,-0.329567528784295,0.171998900489235,19.3188137931034,45.4422068965517
-0.336186082333991,0.221461912884044,-0.0826810502655357,-0.324275050129633,0.172298071314196,22.7461655172414,45.4422068965517
-0.218047087854528,0.221461912884044,-0.0800763035369743,-0.32544003405194,0.178017614610379,26.1735172413793,45.4422068965517
-0.0999080933750645,0.221461912884044,-0.0773914946749512,-0.326563856721658,0.183377031086262,29.6008689655172,45.4422068965517
0.0182309011043986,0.221461912884044,-0.0746308134791187,-0.329992143141162,0.189916535665622,33.0282206896552,45.4422068965517
0.136369895583862,0.221461912884044,-0.0717989385825826,-0.334822396544329,0.202015488009403,36.4555724137931,45.4422068965517
0.254508890063325,0.221461912884044,-0.06890065905462,-0.343382047909866,0.217438057584128,39.882924137931,45.4422068965517
0.372647884542788,0.221461912884044,-0.0659407640486602,-0.352379289277078,0.230660388818039,43.310275862069,45.4422068965517
0.490786879022251,0.221461912884044,-0.0629240301315788,-0.363141606511802,0.247598987876017,46.7376275862069,45.4422068965517
0.608925873501715,0.221461912884044,-0.0598548231997471,-0.376815878282793,0.265897546181279,50.1649793103448,45.4422068965517
0.727064867981178,0.221461912884044,-0.0567368737244651,-0.392135881677155,0.285028751514719,53.5923310344828,45.4422068965517
0.845203862460641,0.221461912884044,-0.0535734930360325,-0.409373355996137,0.306500513437558,57.0196827586207,45.4422068965517
0.963342856940104,0.221461912884044,-0.0503677152280204,-0.423760408538898,0.328611136985093,60.4470344827586,45.4422068965517
1.08148185141957,0.221461912884044,-0.047122533685557,-0.441162705392907,0.352066678878277,63.8743862068965,45.4422068965517
1.19962084589903,0.221461912884044,-0.0438409418613617,-0.457649717068755,0.376183980591287,67.3017379310345,45.4422068965517
1.31775984037849,0.221461912884044,-0.0405260605206283,-0.474750676399996,0.401642197352444,70.7290896551724,45.4422068965517
1.43589883485796,0.221461912884044,-0.0371814671826494,-0.494955365759367,0.428102423070762,74.1564413793103,45.4422068965517
1.55403782933742,0.221461912884044,-0.0338112764419565,-0.515804736515721,0.454195537805608,77.5837931034483,45.4422068965517
1.67217682381688,0.221461912884044,-0.0304203576577429,-0.535124345178121,0.479135340027801,81.0111448275862,45.4422068965517
1.79031581829635,0.221461912884044,-0.0270144181271874,-0.554335080837599,0.506971085461975,84.4384965517241,45.4422068965517
1.90845481277581,0.221461912884044,-0.0235991693148749,-0.576435146125813,0.535250652520728,87.8658482758621,45.4422068965517
2.02659380725527,0.221461912884044,-0.0201797777315953,-0.597219259356828,0.5630613751053,91.2932,45.4422068965517
-1.39943703264916,0.349333309018021,-0.0850984933835353,-0.434648883177425,0.273471297140786,-8.1,46.8899862068966
-1.2812980381697,0.349333309018021,-0.0845494110627465,-0.413777436982403,0.255781077789252,-4.67264827586207,46.8899862068966
-1.16315904369023,0.349333309018021,-0.083994164485321,-0.393619262334862,0.23611121370719,-1.24529655172414,46.8899862068966
-1.04502004921077,0.349333309018021,-0.083425885905986,-0.375515455351302,0.222269636926291,2.18205517241379,46.8899862068966
-0.926881054731307,0.349333309018021,-0.0828337677747299,-0.358830784235267,0.210420275450141,5.60940689655172,46.8899862068966
-0.808742060251843,0.349333309018021,-0.0822041639416486,-0.344804015045392,0.197913919119301,9.03675862068965,46.8899862068966
-0.69060306577238,0.349333309018021,-0.0815229902708401,-0.332522169455196,0.187751407673858,12.4641103448276,46.8899862068966
-0.572464071292917,0.349333309018021,-0.0807772908422386,-0.324050607852375,0.180188955983686,15.8914620689655,46.8899862068966
-0.454325076813454,0.349333309018021,-0.079957115178507,-0.321561964741385,0.176126669508145,19.3188137931034,46.8899862068966
-0.336186082333991,0.349333309018021,-0.0790566154547507,-0.319406361922416,0.176073044820495,22.7461655172414,46.8899862068966
-0.218047087854528,0.349333309018021,-0.0780732035909688,-0.321348469868492,0.180112014208087,26.1735172413793,46.8899862068966
-0.0999080933750645,0.349333309018021,-0.0770083036795706,-0.326945365356413,0.187114892277771,29.6008689655172,46.8899862068966
0.0182309011043986,0.349333309018021,-0.075866160898892,-0.333740318623319,0.194737605267838,33.0282206896552,46.8899862068966
0.136369895583862,0.349333309018021,-0.0746515600113433,-0.341685207773202,0.205895666448282,36.4555724137931,46.8899862068966
0.254508890063325,0.349333309018021,-0.0733694104473432,-0.352982156782075,0.220182644852971,39.882924137931,46.8899862068966
0.372647884542788,0.349333309018021,-0.0720246217323099,-0.367745956441496,0.235050032877008,43.310275862069,46.8899862068966
0.490786879022251,0.349333309018021,-0.0706220919751948,-0.382556190700124,0.252385506778113,46.7376275862069,46.8899862068966
0.608925873501715,0.349333309018021,-0.0691663457233478,-0.400466762577239,0.272985275210451,50.1649793103448,46.8899862068966
0.727064867981178,0.349333309018021,-0.0676613243307838,-0.41951702976883,0.292462882832741,53.5923310344828,46.8899862068966
0.845203862460641,0.349333309018021,-0.0661105656369507,-0.437205791435715,0.312746092606504,57.0196827586207,46.8899862068966
0.963342856940104,0.349333309018021,-0.0645173305453692,-0.457027420703946,0.335240052373939,60.4470344827586,46.8899862068966
1.08148185141957,0.349333309018021,-0.0628848387791372,-0.476575171259704,0.357310552987903,63.8743862068965,46.8899862068966
1.19962084589903,0.349333309018021,-0.0612163101189349,-0.498507017563028,0.382674817733319,67.3017379310345,46.8899862068966
1.31775984037849,0.349333309018021,-0.0595150728105933,-0.520994960039175,0.407294297365466,70.7290896551724,46.8899862068966
1.43589883485796,0.349333309018021,-0.0577848450026943,-0.544994503541695,0.433589119210871,74.1564413793103,46.8899862068966
1.55403782933742,0.349333309018021,-0.0560298075729637,-0.5664180030474,0.461276676964433,77.5837931034483,46.8899862068966
1.67217682381688,0.349333309018021,-0.0542547810517906,-0.589016557097113,0.488925503362131,81.0111448275862,46.8899862068966
1.79031581829635,0.349333309018021,-0.0524652889178148,-0.611570518022938,0.516881823896308,84.4384965517241,46.8899862068966
1.90845481277581,0.349333309018021,-0.0506668453337484,-0.635837501067206,0.544134364197753,87.8658482758621,46.8899862068966
2.02659380725527,0.349333309018021,-0.0488644222443577,-0.660171489413888,0.571724267902455,91.2932,46.8899862068966
-1.39943703264916,0.477204705151997,-0.066727097828049,-0.42237085474092,0.30105036072075,-8.1,48.3377655172414
-1.2812980381697,0.477204705151997,-0.0678095837245491,-0.402408881107209,0.281660237254242,-4.67264827586207,48.3377655172414
-1.16315904369023,0.477204705151997,-0.0688858030438695,-0.384516652626655,0.259134790327039,-1.24529655172414,48.3377655172414
-1.04502004921077,0.477204705151997,-0.0699487691614031,-0.366188947376006,0.241676231892316,2.18205517241379,48.3377655172414
-0.926881054731307,0.477204705151997,-0.0709874582275214,-0.349500787418568,0.227158476891162,5.60940689655172,48.3377655172414
-0.808742060251843,0.477204705151997,-0.0719879230633609,-0.336087183660879,0.211731243051385,9.03675862068965,48.3377655172414
-0.69060306577238,0.477204705151997,-0.072935752128565,-0.323830509689582,0.198271717354327,12.4641103448276,48.3377655172414
-0.572464071292917,0.477204705151997,-0.0738176610942087,-0.318228322319576,0.1900372119952,15.8914620689655,48.3377655172414
-0.454325076813454,0.477204705151997,-0.074623400337976,-0.318271081822816,0.184142459343656,19.3188137931034,48.3377655172414
-0.336186082333991,0.477204705151997,-0.0753468932752339,-0.315660629814437,0.183580450052921,22.7461655172414,48.3377655172414
-0.218047087854528,0.477204705151997,-0.0759854013068777,-0.321408426904786,0.186476355754005,26.1735172413793,48.3377655172414
-0.0999080933750645,0.477204705151997,-0.0765403440846875,-0.328493834680703,0.191976605246604,29.6008689655172,48.3377655172414
0.0182309011043986,0.477204705151997,-0.0770160782519183,-0.339366505276505,0.201259007418116,33.0282206896552,48.3377655172414
0.136369895583862,0.477204705151997,-0.0774175350967328,-0.350327668389425,0.211735566885203,36.4555724137931,48.3377655172414
0.254508890063325,0.477204705151997,-0.0777497799291744,-0.366912318928913,0.22485859440926,39.882924137931,48.3377655172414
0.372647884542788,0.477204705151997,-0.0780178781614076,-0.385523513890344,0.242306997352896,43.310275862069,48.3377655172414
0.490786879022251,0.477204705151997,-0.0782268841191467,-0.404821597296326,0.260642551024759,46.7376275862069,48.3377655172414
0.608925873501715,0.477204705151997,-0.0783814887497103,-0.424567981551868,0.279637539096336,50.1649793103448,48.3377655172414
0.727064867981178,0.477204705151997,-0.0784858126045442,-0.447266558171161,0.301284575153922,53.5923310344828,48.3377655172414
0.845203862460641,0.477204705151997,-0.0785435701432631,-0.469229364796344,0.321631516620441,57.0196827586207,48.3377655172414
0.963342856940104,0.477204705151997,-0.0785581909580673,-0.489048259225413,0.3435966553668,60.4470344827586,48.3377655172414
1.08148185141957,0.477204705151997,-0.07853306197247,-0.514199981065771,0.366539335273274,63.8743862068965,48.3377655172414
1.19962084589903,0.477204705151997,-0.0784715701629279,-0.539850549184033,0.39263628813277,67.3017379310345,48.3377655172414
1.31775984037849,0.477204705151997,-0.0783772022302127,-0.566629097025571,0.418273738774146,70.7290896551724,48.3377655172414
1.43589883485796,0.477204705151997,-0.0782538039713563,-0.592544872851912,0.442719049446851,74.1564413793103,48.3377655172414
1.55403782933742,0.477204705151997,-0.0781056508393059,-0.616707242268804,0.471553987744228,77.5837931034483,48.3377655172414
1.67217682381688,0.477204705151997,-0.0779376068158779,-0.642720354782075,0.497565859509447,81.0111448275862,48.3377655172414
1.79031581829635,0.477204705151997,-0.0777551785985136,-0.669375972118158,0.525599255739742,84.4384965517241,48.3377655172414
1.90845481277581,0.477204705151997,-0.0775638564726693,-0.697312879525119,0.555171294270042,87.8658482758621,48.3377655172414
2.02659380725527,0.477204705151997,-0.0773685825089965,-0.725198392882723,0.584086199727015,91.2932,48.3377655172414
-1.39943703264916,0.605076101285972,-0.0482189534815678,-0.417897165613709,0.33259745375848,-8.1,49.7855448275862
-1.2812980381697,0.605076101285972,-0.0509394294384133,-0.396068129575516,0.308094640111639,-4.67264827586207,49.7855448275862
-1.16315904369023,0.605076101285972,-0.0536534227707044,-0.377478081756473,0.284580377343723,-1.24529655172414,49.7855448275862
-1.04502004921077,0.605076101285972,-0.0563537061610715,-0.362526016209037,0.263678949778392,2.18205517241379,49.7855448275862
-0.926881054731307,0.605076101285972,-0.0590288771466527,-0.345493605508794,0.244993464008161,5.60940689655172,49.7855448275862
-0.808742060251843,0.605076101285972,-0.0616645109318741,-0.332310640220126,0.229618029081721,9.03675862068965,49.7855448275862
-0.69060306577238,0.605076101285972,-0.0642457035654784,-0.321133832719128,0.21513545245694,12.4641103448276,49.7855448275862
-0.572464071292917,0.605076101285972,-0.0667587194572112,-0.315400243286274,0.202214260178152,15.8914620689655,49.7855448275862
-0.454325076813454,0.605076101285972,-0.0691929665118716,-0.314534189985368,0.195682215211344,19.3188137931034,49.7855448275862
-0.336186082333991,0.605076101285972,-0.0715421737127349,-0.317161499688553,0.194817832719572,22.7461655172414,49.7855448275862
-0.218047087854528,0.605076101285972,-0.0738035253658644,-0.325406675017571,0.194956770708449,26.1735172413793,49.7855448275862
-0.0999080933750645,0.605076101285972,-0.0759785075000119,-0.334265496483598,0.202851519156111,29.6008689655172,49.7855448275862
0.0182309011043986,0.605076101285972,-0.0780716436205626,-0.347015332385836,0.210021543412178,33.0282206896552,49.7855448275862
0.136369895583862,0.605076101285972,-0.0800880505140542,-0.362667248775312,0.219799488773357,36.4555724137931,49.7855448275862
0.254508890063325,0.605076101285972,-0.0820329832357647,-0.381679566472711,0.232441877123541,39.882924137931,49.7855448275862
0.372647884542788,0.605076101285972,-0.0839116969463332,-0.403165234068097,0.24948882901406,43.310275862069,49.7855448275862
0.490786879022251,0.605076101285972,-0.0857294351924791,-0.424808070649223,0.266850429174814,46.7376275862069,49.7855448275862
0.608925873501715,0.605076101285972,-0.0874910608688824,-0.451064465869502,0.287155800075397,50.1649793103448,49.7855448275862
0.727064867981178,0.605076101285972,-0.0892008392428014,-0.477518733170909,0.309371990360239,53.5923310344828,49.7855448275862
0.845203862460641,0.605076101285972,-0.0908626092519471,-0.502707321048961,0.331656592022836,57.0196827586207,49.7855448275862
0.963342856940104,0.605076101285972,-0.0924799098022842,-0.526536490248136,0.355803328796807,60.4470344827586,49.7855448275862
1.08148185141957,0.605076101285972,-0.0940562348075602,-0.554740477218038,0.377917724574626,63.8743862068965,49.7855448275862
1.19962084589903,0.605076101285972,-0.0955950782357462,-0.581940116981236,0.403282249057185,67.3017379310345,49.7855448275862
1.31775984037849,0.605076101285972,-0.0971000361889409,-0.611626973777247,0.426998916517438,70.7290896551724,49.7855448275862
1.43589883485796,0.605076101285972,-0.0985750727702142,-0.641442622641629,0.453743884847837,74.1564413793103,49.7855448275862
1.55403782933742,0.605076101285972,-0.100024593774775,-0.670142080020729,0.480971557234495,77.5837931034483,49.7855448275862
1.67217682381688,0.605076101285972,-0.101453611680087,-0.699847249903732,0.509657791843817,81.0111448275862,49.7855448275862
1.79031581829635,0.605076101285972,-0.102867802139067,-0.730463244982863,0.53868790440739,84.4384965517241,49.7855448275862
1.90845481277581,0.605076101285972,-0.104272824069198,-0.762647793140474,0.566694075493936,87.8658482758621,49.7855448275862
2.02659380725527,0.605076101285972,-0.105673771965439,-0.792408692104059,0.592603109806195,91.2932,49.7855448275862
-1.39943703264916,0.732947497419949,-0.0295671790475831,-0.417674164016976,0.368168595174978,-8.1,51.233324137931
-1.2812980381697,0.732947497419949,-0.0339324673905343,-0.398645539949161,0.340623308210969,-4.67264827586207,51.233324137931
-1.16315904369023,0.732947497419949,-0.0382909416639379,-0.379803723390039,0.315192847669172,-1.24529655172414,51.233324137931
-1.04502004921077,0.732947497419949,-0.0426350101566468,-0.362954021715846,0.292721346239461,2.18205517241379,51.233324137931
-0.926881054731307,0.732947497419949,-0.0469527263316971,-0.346281539041223,0.270611811373776,5.60940689655172,51.233324137931
-0.808742060251843,0.732947497419949,-0.0512290069826884,-0.334216282724061,0.250854703830202,9.03675862068965,51.233324137931
-0.69060306577238,0.732947497419949,-0.0554482862005052,-0.324506323426848,0.235397219520547,12.4641103448276,51.233324137931
-0.572464071292917,0.732947497419949,-0.0595962495967282,-0.319431570640903,0.220717186190255,15.8914620689655,51.233324137931
-0.454325076813454,0.732947497419949,-0.0636619145456647,-0.317876173395748,0.211663294325205,19.3188137931034,51.233324137931
-0.336186082333991,0.732947497419949,-0.067638845384689,-0.323071128971964,0.2094867591571,22.7461655172414,51.233324137931
-0.218047087854528,0.732947497419949,-0.0715242185293654,-0.331854628227638,0.210802075587287,26.1735172413793,51.233324137931
-0.0999080933750645,0.732947497419949,-0.0753196538300118,-0.343099167020616,0.213692895630592,29.6008689655172,51.233324137931
0.0182309011043986,0.732947497419949,-0.0790298944248429,-0.358485796337335,0.222022210839718,33.0282206896552,51.233324137931
0.136369895583862,0.732947497419949,-0.0826602792787341,-0.377264940020404,0.229885682047479,36.4555724137931,51.233324137931
0.254508890063325,0.732947497419949,-0.0862162848613712,-0.400217388377806,0.241042930455284,39.882924137931,51.233324137931
0.372647884542788,0.732947497419949,-0.0897033877472175,-0.424159189384201,0.257986045736696,43.310275862069,51.233324137931
0.490786879022251,0.732947497419949,-0.0931270515393203,-0.448299714289953,0.275393464271494,46.7376275862069,51.233324137931
0.608925873501715,0.732947497419949,-0.0964923153564978,-0.477632525138855,0.295428301113176,50.1649793103448,51.233324137931
0.727064867981178,0.732947497419949,-0.0998035548750877,-0.506343881496589,0.319042840746193,53.5923310344828,51.233324137931
0.845203862460641,0.732947497419949,-0.103064682795367,-0.537689554459227,0.343218765940897,57.0196827586207,51.233324137931
0.963342856940104,0.732947497419949,-0.106279290498217,-0.565717678766751,0.366361214235253,60.4470344827586,51.233324137931
1.08148185141957,0.732947497419949,-0.109450921392093,-0.59584008363895,0.389655132705236,63.8743862068965,51.233324137931
1.19962084589903,0.732947497419949,-0.112583118947019,-0.628781789524737,0.415429167078184,67.3017379310345,51.233324137931
1.31775984037849,0.732947497419949,-0.115679542611889,-0.663266682461163,0.440767946800652,70.7290896551724,51.233324137931
1.43589883485796,0.732947497419949,-0.118744269424123,-0.694412731578141,0.464243072780306,74.1564413793103,51.233324137931
1.55403782933742,0.732947497419949,-0.121781876106041,-0.725820812339453,0.492637642655152,77.5837931034483,51.233324137931
1.67217682381688,0.732947497419949,-0.124797634304084,-0.759777798448428,0.521003686627668,81.0111448275862,51.233324137931
1.79031581829635,0.732947497419949,-0.127797580752071,-0.794321971444308,0.549523054353871,84.4384965517241,51.233324137931
1.90845481277581,0.732947497419949,-0.130787741860582,-0.82854379887972,0.581103625701947,87.8658482758621,51.233324137931
2.02659380725527,0.732947497419949,-0.133773552451568,-0.86207203687328,0.612047854873197,91.2932,51.233324137931
-1.39943703264916,0.860818893553925,-0.0107740639359948,-0.421840903209742,0.411239274748386,-8.1,52.6811034482759
-1.2812980381697,0.860818893553925,-0.0167909607217052,-0.402010754146922,0.379888360579892,-4.67264827586207,52.6811034482759
-1.16315904369023,0.860818893553925,-0.0228006014349127,-0.383299783391535,0.353008420373525,-1.24529655172414,52.6811034482759
-1.04502004921077,0.860818893553925,-0.0287949113518264,-0.364736508448436,0.324414054794292,2.18205517241379,52.6811034482759
-0.926881054731307,0.860818893553925,-0.0347612405238804,-0.350763718645801,0.30186688234407,5.60940689655172,52.6811034482759
-0.808742060251843,0.860818893553925,-0.040683672419755,-0.336262223392216,0.280603422207652,9.03675862068965,52.6811034482759
-0.69060306577238,0.860818893553925,-0.0465458145282218,-0.32879591932721,0.260434038020827,12.4641103448276,52.6811034482759
-0.572464071292917,0.860818893553925,-0.0523326485601032,-0.324915782051557,0.242003585490241,15.8914620689655,52.6811034482759
-0.454325076813454,0.860818893553925,-0.0580327513476124,-0.324040882770868,0.231292633862039,19.3188137931034,52.6811034482759
-0.336186082333991,0.860818893553925,-0.0636395464396315,-0.330581052409646,0.225875951739182,22.7461655172414,52.6811034482759
-0.218047087854528,0.860818893553925,-0.0691502639453798,-0.339991728146503,0.226698304997132,26.1735172413793,52.6811034482759
-0.0999080933750645,0.860818893553925,-0.0745667186160022,-0.35294139284982,0.227478675373869,29.6008689655172,52.6811034482759
0.0182309011043986,0.860818893553925,-0.0798939214247039,-0.371856171163691,0.233050033151561,33.0282206896552,52.6811034482759
0.136369895583862,0.860818893553925,-0.0851374669052349,-0.393822952226196,0.241828207179937,36.4555724137931,52.6811034482759
0.254508890063325,0.860818893553925,-0.0903030817083543,-0.418701560590983,0.254167928640453,39.882924137931,52.6811034482759
0.372647884542788,0.860818893553925,-0.095396492585496,-0.447095784026353,0.2695144762131,43.310275862069,52.6811034482759
0.490786879022251,0.860818893553925,-0.10042341119774,-0.475315993697857,0.28422182306361,46.7376275862069,52.6811034482759
0.608925873501715,0.860818893553925,-0.105389056539928,-0.505534352820447,0.307677533847289,50.1649793103448,52.6811034482759
0.727064867981178,0.860818893553925,-0.110297883074571,-0.537208093885547,0.329306727420651,53.5923310344828,52.6811034482759
0.845203862460641,0.860818893553925,-0.115153831096863,-0.570305341448279,0.35459009682657,57.0196827586207,52.6811034482759
0.963342856940104,0.860818893553925,-0.119960493332053,-0.604394743753958,0.3787730849508,60.4470344827586,52.6811034482759
1.08148185141957,0.860818893553925,-0.124721411063646,-0.638693628101471,0.401524441168323,63.8743862068965,52.6811034482759
1.19962084589903,0.860818893553925,-0.129440125649899,-0.675079938031589,0.428789051970506,67.3017379310345,52.6811034482759
1.31775984037849,0.860818893553925,-0.134120319252353,-0.709404323617041,0.453527786759072,70.7290896551724,52.6811034482759
1.43589883485796,0.860818893553925,-0.138766180242562,-0.74483150068361,0.480132337971408,74.1564413793103,52.6811034482759
1.55403782933742,0.860818893553925,-0.143382498578865,-0.783743434940419,0.506916310681772,77.5837931034483,52.6811034482759
1.67217682381688,0.860818893553925,-0.147974913983262,-0.818994678766904,0.536105831411802,81.0111448275862,52.6811034482759
1.79031581829635,0.860818893553925,-0.152550010430018,-0.854450178857522,0.564881432753178,84.4384965517241,52.6811034482759
1.90845481277581,0.860818893553925,-0.15711437428733,-0.894464026944855,0.595161529179929,87.8658482758621,52.6811034482759
2.02659380725527,0.860818893553925,-0.161673962234509,-0.935265181249539,0.625345458804522,91.2932,52.6811034482759
-1.39943703264916,0.988690289687901,0.0081502908722868,-0.428018823864965,0.456580892194925,-8.1,54.1288827586207
-1.2812980381697,0.988690289687901,0.00047540493364906,-0.408801020899642,0.422021542925636,-4.67264827586207,54.1288827586207
-1.16315904369023,0.988690289687901,-0.00719168248508328,-0.390250878939372,0.393021633929526,-1.24529655172414,54.1288827586207
-1.04502004921077,0.988690289687901,-0.0148423057878873,-0.373260857578098,0.361410533656554,2.18205517241379,54.1288827586207
-0.926881054731307,0.988690289687901,-0.022462966147522,-0.358610814187554,0.333352020697979,5.60940689655172,54.1288827586207
-0.808742060251843,0.988690289687901,-0.030036753328786,-0.346318925507174,0.310612531607968,9.03675862068965,54.1288827586207
-0.69060306577238,0.988690289687901,-0.0375462967417874,-0.337158407010352,0.286965507730455,12.4641103448276,54.1288827586207
-0.572464071292917,0.988690289687901,-0.0449757580634511,-0.333130894225588,0.267589972360899,15.8914620689655,54.1288827586207
-0.454325076813454,0.988690289687901,-0.0523132248264542,-0.332401668853244,0.253106507213989,19.3188137931034,54.1288827586207
-0.336186082333991,0.988690289687901,-0.0595519976151513,-0.34053104161508,0.246293625723717,22.7461655172414,54.1288827586207
-0.218047087854528,0.988690289687901,-0.0666894123617405,-0.35084511138639,0.242688292061784,26.1735172413793,54.1288827586207
-0.0999080933750645,0.988690289687901,-0.0737275314730335,-0.365732730062953,0.24225817178487,29.6008689655172,54.1288827586207
0.0182309011043986,0.988690289687901,-0.0806716758721793,-0.38703689033574,0.247161996073157,33.0282206896552,54.1288827586207
0.136369895583862,0.988690289687901,-0.0875277248394175,-0.410960858528962,0.254168254930545,36.4555724137931,54.1288827586207
0.254508890063325,0.988690289687901,-0.0943016803344099,-0.437967061856146,0.267512443321027,39.882924137931,54.1288827586207
0.372647884542788,0.988690289687901,-0.100999544410301,-0.466655568546702,0.28525961242745,43.310275862069,54.1288827586207
0.490786879022251,0.988690289687901,-0.107627301245913,-0.499198846078193,0.300510991305694,46.7376275862069,54.1288827586207
0.608925873501715,0.988690289687901,-0.114190352915434,-0.532767591502176,0.319609056091203,50.1649793103448,54.1288827586207
0.727064867981178,0.988690289687901,-0.120693205153235,-0.566214443821971,0.341767329851371,53.5923310344828,54.1288827586207
0.845203862460641,0.988690289687901,-0.127139786018203,-0.605039075320474,0.367100608806065,57.0196827586207,54.1288827586207
0.963342856940104,0.988690289687901,-0.133533645913587,-0.642853902097438,0.387639378347666,60.4470344827586,54.1288827586207
1.08148185141957,0.988690289687901,-0.139878279990945,-0.680206119365108,0.41583286626918,63.8743862068965,54.1288827586207
1.19962084589903,0.988690289687901,-0.146177183495053,-0.717226288514499,0.442171132513279,67.3017379310345,54.1288827586207
1.31775984037849,0.988690289687901,-0.15243402726644,-0.757389060157275,0.46776351662989,70.7290896551724,54.1288827586207
1.43589883485796,0.988690289687901,-0.158653112393028,-0.79864140047191,0.494475222419995,74.1564413793103,54.1288827586207
1.55403782933742,0.988690289687901,-0.164839483154326,-0.840409029810321,0.523227983041227,77.5837931034483,54.1288827586207
1.67217682381688,0.988690289687901,-0.170999248372543,-0.880438049416621,0.553709951188429,81.0111448275862,54.1288827586207
1.79031581829635,0.988690289687901,-0.177139709707554,-0.920758072296159,0.581331741747356,84.4384965517241,54.1288827586207
1.90845481277581,0.988690289687901,-0.183268189529906,-0.96253436564115,0.609045367859412,87.8658482758621,54.1288827586207
2.02659380725527,0.988690289687901,-0.189391332165834,-1.00314346815745,0.640519876167172,91.2932,54.1288827586207
-1.39943703264916,1.11656168582188,0.0271847833262768,-0.438101686461454,0.505358238321404,-8.1,55.5766620689655
-1.2812980381697,1.11656168582188,0.0178465074029219,-0.418315076999912,0.465143412390661,-4.67264827586207,55.5766620689655
-1.16315904369023,1.11656168582188,0.00851665554623438,-0.400213832314853,0.429982284601105,-1.24529655172414,55.5766620689655
-1.04502004921077,1.11656168582188,-0.000795426481094097,-0.384436581066893,0.399262256863663,2.18205517241379,55.5766620689655
-0.926881054731307,1.11656168582188,-0.010075270162309,-0.368694066427674,0.36850397319675,5.60940689655172,55.5766620689655
-0.808742060251843,1.11656168582188,-0.0193048379155263,-0.357119832278995,0.342511713204733,9.03675862068965,55.5766620689655
-0.69060306577238,1.11656168582188,-0.0284656545200805,-0.349323690116005,0.314788935158941,12.4641103448276,55.5766620689655
-0.572464071292917,1.11656168582188,-0.0375409639473121,-0.342797565565252,0.294380468706115,15.8914620689655,55.5766620689655
-0.454325076813454,1.11656168582188,-0.046518321992691,-0.343410698417399,0.278012400907484,19.3188137931034,55.5766620689655
-0.336186082333991,1.11656168582188,-0.0553909186360544,-0.351596754026475,0.267902024349905,22.7461655172414,55.5766620689655
-0.218047087854528,1.11656168582188,-0.0641562364403638,-0.36266318038322,0.260588939008186,26.1735172413793,55.5766620689655
-0.0999080933750645,1.11656168582188,-0.0728166275530988,-0.381370584623371,0.260849755577145,29.6008689655172,55.5766620689655
0.0182309011043986,1.11656168582188,-0.0813777568542351,-0.401070987414169,0.262639797509554,33.0282206896552,55.5766620689655
0.136369895583862,1.11656168582188,-0.0898458120132162,-0.428595972697048,0.270574402787625,36.4555724137931,55.5766620689655
0.254508890063325,1.11656168582188,-0.0982270906888703,-0.456706078470291,0.281573461988404,39.882924137931,55.5766620689655
0.372647884542788,1.11656168582188,-0.106527890623833,-0.491436732494885,0.300205781476577,43.310275862069,55.5766620689655
0.490786879022251,1.11656168582188,-0.114754488368023,-0.524914213739923,0.317269649365105,46.7376275862069,55.5766620689655
0.608925873501715,1.11656168582188,-0.122912471851676,-0.56219362562192,0.335296266555526,50.1649793103448,55.5766620689655
0.727064867981178,1.11656168582188,-0.131006376221017,-0.598321561243672,0.355708557522158,53.5923310344828,55.5766620689655
0.845203862460641,1.11656168582188,-0.13904008574951,-0.637659812695274,0.378877036845067,57.0196827586207,55.5766620689655
0.963342856940104,1.11656168582188,-0.147017074159169,-0.680415375796681,0.402916782319387,60.4470344827586,55.5766620689655
1.08148185141957,1.11656168582188,-0.154940755883792,-0.721650650806449,0.429661936448275,63.8743862068965,55.5766620689655
1.19962084589903,1.11656168582188,-0.162814545473237,-0.763474357534877,0.457402448099846,67.3017379310345,55.5766620689655
1.31775984037849,1.11656168582188,-0.170642076086463,-0.806855418810093,0.483864519478117,70.7290896551724,55.5766620689655
1.43589883485796,1.11656168582188,-0.178427764364089,-0.850510580456425,0.511603687781689,74.1564413793103,55.5766620689655
1.55403782933742,1.11656168582188,-0.186176944401484,-0.893898171349273,0.540347538147296,77.5837931034483,55.5766620689655
1.67217682381688,1.11656168582188,-0.193896278766103,-0.939688686810666,0.569007357292291,81.0111448275862,55.5766620689655
1.79031581829635,1.11656168582188,-0.201593928312046,-0.987123582272342,0.599410082341865,84.4384965517241,55.5766620689655
1.90845481277581,1.11656168582188,-0.209278097468462,-1.03169140320613,0.628474953446017,87.8658482758621,55.5766620689655
2.02659380725527,1.11656168582188,-0.216956255610463,-1.07868945309311,0.657390291566674,91.2932,55.5766620689655
-1.39943703264916,1.24443308195585,0.0463022505659296,-0.452917234165517,0.555855796998663,-8.1,57.0244413793104
-1.2812980381697,1.24443308195585,0.0352964888546996,-0.43042631892599,0.513129842712726,-4.67264827586207,57.0244413793104
-1.16315904369023,1.24443308195585,0.0242998387493962,-0.413923114583146,0.474739341267462,-1.24529655172414,57.0244413793104
-1.04502004921077,1.24443308195585,0.013322392828905,-0.397013780417108,0.437436184406185,2.18205517241379,57.0244413793104
-0.926881054731307,1.24443308195585,0.00237967969657582,-0.380304289882389,0.404233474831513,5.60940689655172,57.0244413793104
-0.808742060251843,1.24443308195585,-0.00850903546060522,-0.367729899042184,0.375801247980611,9.03675862068965,57.0244413793104
-0.69060306577238,1.24443308195585,-0.0193240776640033,-0.359336436404859,0.346315209822562,12.4641103448276,57.0244413793104
-0.572464071292917,1.24443308195585,-0.0300476993939212,-0.355515520796681,0.321022222850582,15.8914620689655,57.0244413793104
-0.454325076813454,1.24443308195585,-0.0406668918478132,-0.357243073583957,0.302291154926845,19.3188137931034,57.0244413793104
-0.336186082333991,1.24443308195585,-0.0511747422733508,-0.364894475319917,0.290450346570407,22.7461655172414,57.0244413793104
-0.218047087854528,1.24443308195585,-0.0615689090138849,-0.377938420749198,0.283801241955907,26.1735172413793,57.0244413793104
-0.0999080933750645,1.24443308195585,-0.0718520645216136,-0.398019124174201,0.278888567127643,29.6008689655172,57.0244413793104
0.0182309011043986,1.24443308195585,-0.0820302426054589,-0.417663476382709,0.279906242018247,33.0282206896552,57.0244413793104
0.136369895583862,1.24443308195585,-0.0921099567624513,-0.445148839464427,0.286940764805546,36.4555724137931,57.0244413793104
0.254508890063325,1.24443308195585,-0.102097815419609,-0.477712486844294,0.297418897439771,39.882924137931,57.0244413793104
0.372647884542788,1.24443308195585,-0.112000427076288,-0.515369420424459,0.313741093815395,43.310275862069,57.0244413793104
0.490786879022251,1.24443308195585,-0.121824375330637,-0.549891982082434,0.333998090834788,46.7376275862069,57.0244413793104
0.608925873501715,1.24443308195585,-0.131575436184423,-0.591969888097761,0.351044560630416,50.1649793103448,57.0244413793104
0.727064867981178,1.24443308195585,-0.141258158453353,-0.630739948309828,0.372563131815008,53.5923310344828,57.0244413793104
0.845203862460641,1.24443308195585,-0.150876359917769,-0.671240490121007,0.393738939712814,57.0196827586207,57.0244413793104
0.963342856940104,1.24443308195585,-0.160433412999264,-0.717908902665429,0.420125215445083,60.4470344827586,57.0244413793104
1.08148185141957,1.24443308195585,-0.169932626653574,-0.765390265591583,0.44768238325935,63.8743862068965,57.0244413793104
1.19962084589903,1.24443308195585,-0.179377309978569,-0.81233346949125,0.474729764909009,67.3017379310345,57.0244413793104
1.31775984037849,1.24443308195585,-0.18877103980495,-0.859591680113135,0.50218237697043,70.7290896551724,57.0244413793104
1.43589883485796,1.24443308195585,-0.198118351374833,-0.904365234877902,0.531393962808296,74.1564413793103,57.0244413793104
1.55403782933742,1.24443308195585,-0.207424895878874,-0.954448958195674,0.559408673093564,77.5837931034483,57.0244413793104
1.67217682381688,1.24443308195585,-0.216697953295456,-1.0024154385474,0.586786757870779,81.0111448275862,57.0244413793104
1.79031581829635,1.24443308195585,-0.225946649402624,-1.0504915176931,0.618564284524042,84.4384965517241,57.0244413793104
1.90845481277581,1.24443308195585,-0.235180179760438,-1.10108775788291,0.647411287280789,87.8658482758621,57.0244413793104
2.02659380725527,1.24443308195585,-0.244406941323642,-1.15252234575808,0.677904349133083,91.2932,57.0244413793104
-1.39943703264916,1.37230447808983,0.0654726435716144,-0.470272413346839,0.610345325188066,-8.1,58.4722206896552
-1.2812980381697,1.37230447808983,0.0527967726322354,-0.445854630534286,0.565317679067565,-4.67264827586207,58.4722206896552
-1.16315904369023,1.37230447808983,0.040130740165421,-0.427004119812565,0.5194506489457,-1.24529655172414,58.4722206896552
-1.04502004921077,1.37230447808983,0.0274854278623202,-0.41111113263034,0.479515947461782,2.18205517241379,58.4722206896552
-0.926881054731307,1.37230447808983,0.014877481869461,-0.394873543255795,0.443493548700695,5.60940689655172,58.4722206896552
-0.808742060251843,1.37230447808983,0.0023274588072919,-0.382243616736823,0.411005408941591,9.03675862068965,58.4722206896552
-0.69060306577238,1.37230447808983,-0.0101437059513643,-0.376258001640625,0.378354105330636,12.4641103448276,58.4722206896552
-0.572464071292917,1.37230447808983,-0.0225172262195112,-0.369678685440129,0.351307865694903,15.8914620689655,58.4722206896552
-0.454325076813454,1.37230447808983,-0.034779507276018,-0.371498517577296,0.327437472385371,19.3188137931034,58.4722206896552
-0.336186082333991,1.37230447808983,-0.046923538105883,-0.380781404879285,0.315880248660529,22.7461655172414,58.4722206896552
-0.218047087854528,1.37230447808983,-0.0589471708289651,-0.393734053804518,0.307023019998326,26.1735172413793,58.4722206896552
-0.0999080933750645,1.37230447808983,-0.0708534172882214,-0.414091449515528,0.300666375940696,29.6008689655172,58.4722206896552
0.0182309011043986,1.37230447808983,-0.0826486959392181,-0.436781172229471,0.297054642235462,33.0282206896552,58.4722206896552
0.136369895583862,1.37230447808983,-0.09433985712454,-0.466204237942825,0.303240078715523,36.4555724137931,58.4722206896552
0.254508890063325,1.37230447808983,-0.105933829577106,-0.500581288289569,0.312692986360748,39.882924137931,58.4722206896552
0.372647884542788,1.37230447808983,-0.117437542089568,-0.538858068648768,0.330622886934897,43.310275862069,58.4722206896552
0.490786879022251,1.37230447808983,-0.128857894600642,-0.576986602339637,0.347620020175559,46.7376275862069,58.4722206896552
0.608925873501715,1.37230447808983,-0.140200852674383,-0.619855939762878,0.368553083171841,50.1649793103448,58.4722206896552
0.727064867981178,1.37230447808983,-0.151470969051318,-0.662984281522861,0.390739482794214,53.5923310344828,58.4722206896552
0.845203862460641,1.37230447808983,-0.16267198094937,-0.709867158459346,0.411290978140098,57.0196827586207,58.4722206896552
0.963342856940104,1.37230447808983,-0.173807144271644,-0.758383681411048,0.436215813176483,60.4470344827586,58.4722206896552
1.08148185141957,1.37230447808983,-0.184879647197729,-0.809062955349421,0.464593300121431,63.8743862068965,58.4722206896552
1.19962084589903,1.37230447808983,-0.19589267807748,-0.859136785343729,0.492670232589717,67.3017379310345,58.4722206896552
1.31775984037849,1.37230447808983,-0.20684974598178,-0.908228878395593,0.519716437803322,70.7290896551724,58.4722206896552
1.43589883485796,1.37230447808983,-0.217755507041825,-0.960775610355697,0.550766098509075,74.1564413793103,58.4722206896552
1.55403782933742,1.37230447808983,-0.228615947140676,-1.01110156893613,0.578962869533683,77.5837931034483,58.4722206896552
1.67217682381688,1.37230447808983,-0.239439004225785,-1.06483458114528,0.606977172627905,81.0111448275862,58.4722206896552
1.79031581829635,1.37230447808983,-0.25023483608952,-1.11793036156843,0.637573287303069,84.4384965517241,58.4722206896552
1.90845481277581,1.37230447808983,-0.261013698613518,-1.17266299963532,0.671525178488872,87.8658482758621,58.4722206896552
2.02659380725527,1.37230447808983,-0.271784981343982,-1.22575420590395,0.699639098337881,91.2932,58.4722206896552
-1.39943703264916,1.5001758742238,0.084666889681082,-0.488384065759011,0.66853783169463,-8.1,59.92
-1.2812980381697,1.5001758742238,0.0703197240868869,-0.465040464182513,0.617770609250861,-4.67264827586207,59.92
-1.16315904369023,1.5001758742238,0.0559831415016081,-0.444604746710918,0.568907101579877,-1.24529655172414,59.92
-1.04502004921077,1.5001758742238,0.0416688317362333,-0.426984760077013,0.524355225418078,2.18205517241379,59.92
-0.926881054731307,1.5001758742238,0.0273945843263155,-0.41255898564205,0.483397261154937,5.60940689655172,59.92
-0.808742060251843,1.5001758742238,0.013182276066817,-0.399797659802533,0.447074391798186,9.03675862068965,59.92
-0.69060306577238,1.5001758742238,-0.000945869950919054,-0.390159637020828,0.412441295334089,12.4641103448276,59.92
-0.572464071292917,1.5001758742238,-0.0149700075741697,-0.384396215134434,0.381488602296651,15.8914620689655,59.92
-0.454325076813454,1.5001758742238,-0.0288759464530015,-0.387575429447481,0.35551646226096,19.3188137931034,59.92
-0.336186082333991,1.5001758742238,-0.0426565791742108,-0.398258876410073,0.339760456519452,22.7461655172414,59.92
-0.218047087854528,1.5001758742238,-0.056309959585203,-0.411195322422108,0.327863952245497,26.1735172413793,59.92
-0.0999080933750645,1.5001758742238,-0.0698394474155064,-0.431312956876877,0.32229483324168,29.6008689655172,59.92
0.0182309011043986,1.5001758742238,-0.0832518528005979,-0.459562090410145,0.316253819310096,33.0282206896552,59.92
0.136369895583862,1.5001758742238,-0.0965543678725584,-0.488317323686207,0.320748940706112,36.4555724137931,59.92
0.254508890063325,1.5001758742238,-0.109754245955433,-0.52312473755272,0.330887617405388,39.882924137931,59.92
0.372647884542788,1.5001758742238,-0.1228587404199,-0.564336470263332,0.345932625440176,43.310275862069,59.92
0.490786879022251,1.5001758742238,-0.135875071721088,-0.60744747895111,0.363110284241859,46.7376275862069,59.92
0.608925873501715,1.5001758742238,-0.148809395683706,-0.651908783054407,0.384578307260807,50.1649793103448,59.92
0.727064867981178,1.5001758742238,-0.161666264665092,-0.698237298831101,0.40780832084418,53.5923310344828,59.92
0.845203862460641,1.5001758742238,-0.174449329094015,-0.748110592205224,0.427357344881004,57.0196827586207,59.92
0.963342856940104,1.5001758742238,-0.187161721628246,-0.799201650326971,0.451998897992161,60.4470344827586,59.92
1.08148185141957,1.5001758742238,-0.199806502910808,-0.85246163229288,0.480093987022129,63.8743862068965,59.92
1.19962084589903,1.5001758742238,-0.212386733784039,-0.906740317851805,0.510002648386847,67.3017379310345,59.92
1.31775984037849,1.5001758742238,-0.22490585053198,-0.960636522819293,0.53783493168333,70.7290896551724,59.92
1.43589883485796,1.5001758742238,-0.237368631297803,-1.01305243197693,0.569397781572841,74.1564413793103,59.92
1.55403782933742,1.5001758742238,-0.249781404639528,-1.06965316121356,0.598171779173497,77.5837931034483,59.92
1.67217682381688,1.5001758742238,-0.262152784736841,-1.12506963758392,0.629086110450635,81.0111448275862,59.92
1.79031581829635,1.5001758742238,-0.274493991536155,-1.18449894476,0.660148963769667,84.4384965517241,59.92
1.90845481277581,1.5001758742238,-0.286816372318382,-1.24133571440984,0.69274339266699,87.8658482758621,59.92
2.02659380725527,1.5001758742238,-0.299130338414185,-1.29806890833537,0.724154348623861,91.2932,59.92
