"longitude_norm","latitude_norm","spline_mean","spline_lower","spline_upper","longitude","latitude"
-1.39943703264916,-2.2080946136615,0.265972390393116,-0.423611671765007,0.968507803568971,-8.1,17.9344
-1.2812980381697,-2.2080946136615,0.248799359745906,-0.409816745438736,0.914097964465647,-4.67264827586207,17.9344
-1.16315904369023,-2.2080946136615,0.23164893523599,-0.400838725655977,0.869022076050131,-1.24529655172414,17.9344
-1.04502004921077,-2.2080946136615,0.214545458024624,-0.388137110255437,0.82304266486929,2.18205517241379,17.9344
-0.926881054731307,-2.2080946136615,0.197522159140573,-0.373358859928649,0.776289849160199,5.60940689655172,17.9344
-0.808742060251843,-2.2080946136615,0.180616100179452,-0.365776126043244,0.732070664300547,9.03675862068965,17.9344
-0.69060306577238,-2.2080946136615,0.163862552935242,-0.355800705539051,0.689605770129404,12.4641103448276,17.9344
-0.572464071292917,-2.2080946136615,0.147288964913078,-0.346539053358634,0.646903723791687,15.8914620689655,17.9344
-0.454325076813454,-2.2080946136615,0.130907600378361,-0.339543401868279,0.607211830790165,19.3188137931034,17.9344
-0.336186082333991,-2.2080946136615,0.114715334230209,-0.333864431854875,0.570085628076638,22.7461655172414,17.9344
-0.218047087854528,-2.2080946136615,0.0987007176741246,-0.330742412726464,0.530941355168415,26.1735172413793,17.9344
-0.0999080933750645,-2.2080946136615,0.0828508181522851,-0.326515062242201,0.496348610600834,29.6008689655172,17.9344
0.0182309011043986,-2.2080946136615,0.0671540066969754,-0.327205221975237,0.461273411082363,33.0282206896552,17.9344
0.136369895583862,-2.2080946136615,0.0516012313405665,-0.330155006434258,0.42775701730688,36.4555724137931,17.9344
0.254508890063325,-2.2080946136615,0.0361842621835688,-0.332526968305896,0.397372852606379,39.882924137931,17.9344
0.372647884542788,-2.2080946136615,0.0208948699529103,-0.335841875470583,0.371284107907266,43.310275862069,17.9344
0.490786879022251,-2.2080946136615,0.00572497908540082,-0.343535099192271,0.344065519676044,46.7376275862069,17.9344
0.608925873501715,-2.2080946136615,-0.00932856017340367,-0.353615876783366,0.321219229389327,50.1649793103448,17.9344
0.727064867981178,-2.2080946136615,-0.0242616969852443,-0.365259112317183,0.299401343022304,53.5923310344828,17.9344
0.845203862460641,-2.2080946136615,-0.0390671299851522,-0.378573708467557,0.283989906811652,57.0196827586207,17.9344
0.963342856940104,-2.2080946136615,-0.0537361696323222,-0.395452448501756,0.272150819286762,60.4470344827586,17.9344
1.08148185141957,-2.2080946136615,-0.068259961382054,-0.415515417187611,0.262827077952664,63.8743862068965,17.9344
1.19962084589903,-2.2080946136615,-0.0826296517388518,-0.435985533682151,0.255253624300817,67.3017379310345,17.9344
1.31775984037849,-2.2080946136615,-0.0968383635291343,-0.459806945417112,0.251364027042811,70.7290896551724,17.9344
1.43589883485796,-2.2080946136615,-0.11088625988013,-0.48431093366779,0.249096579674067,74.1564413793103,17.9344
1.55403782933742,-2.2080946136615,-0.124781512118031,-0.514583411711574,0.246829097127247,77.5837931034483,17.9344
1.67217682381688,-2.2080946136615,-0.138544558369212,-0.545339898870324,0.246999773562183,81.0111448275862,17.9344
1.79031581829635,-2.2080946136615,-0.152210105430648,-0.578377541892602,0.25054320417022,84.4384965517241,17.9344
1.90845481277581,-2.2080946136615,-0.165814025188187,-0.613909824550898,0.256830465466618,87.8658482758621,17.9344
2.02659380725527,-2.2080946136615,-0.179390168260925,-0.653169375298722,0.26502434049948,91.2932,17.9344
-1.39943703264916,-2.08022321752752,0.260720096241871,-0.39635987644618,0.926491305101214,-8.1,19.3821793103448
-1.2812980381697,-2.08022321752752,0.243702633432938,-0.384438920513525,0.87873016790475,-4.67264827586207,19.3821793103448
-1.16315904369023,-2.08022321752752,0.226706593521588,-0.375927127292782,0.834025313342287,-1.24529655172414,19.3821793103448
-1.04502004921077,-2.08022321752752,0.209755045419218,-0.363563514497143,0.786159650108181,2.18205517241379,19.3821793103448
-0.926881054731307,-2.08022321752752,0.192879494722085,-0.353303198043673,0.743044120491724,5.60940689655172,19.3821793103448
-0.808742060251843,-2.08022321752752,0.176115092268375,-0.345740678605319,0.700810223296453,9.03675862068965,19.3821793103448
-0.69060306577238,-2.08022321752752,0.159495301467624,-0.337218536844177,0.660122497755324,12.4641103448276,19.3821793103448
-0.572464071292917,-2.08022321752752,0.143046183230992,-0.329909402247638,0.621136223990883,15.8914620689655,19.3821793103448
-0.454325076813454,-2.08022321752752,0.126779428379743,-0.323936586337592,0.580146930748584,19.3188137931034,19.3821793103448
-0.336186082333991,-2.08022321752752,0.11069215653362,-0.320154338400186,0.544211190327409,22.7461655172414,19.3821793103448
-0.218047087854528,-2.08022321752752,0.0947736003507602,-0.31556583481549,0.508448266925387,26.1735172413793,19.3821793103448
-0.0999080933750645,-2.08022321752752,0.0790115666311437,-0.314097487599775,0.47410028456711,29.6008689655172,19.3821793103448
0.0182309011043986,-2.08022321752752,0.0633950776066121,-0.314579604414796,0.440465167499688,33.0282206896552,19.3821793103448
0.136369895583862,-2.08022321752752,0.0479155872886947,-0.318680337640966,0.409103866449404,36.4555724137931,19.3821793103448
0.254508890063325,-2.08022321752752,0.032565325699226,-0.31916230927518,0.380108933728446,39.882924137931,19.3821793103448
0.372647884542788,-2.08022321752752,0.0173365234513636,-0.324333217520701,0.353891051787954,43.310275862069,19.3821793103448
0.490786879022251,-2.08022321752752,0.00222155623017062,-0.330979554574181,0.328141793645941,46.7376275862069,19.3821793103448
0.608925873501715,-2.08022321752752,-0.0127825515066111,-0.343026814491623,0.30357696952328,50.1649793103448,19.3821793103448
0.727064867981178,-2.08022321752752,-0.0276719813070689,-0.353356818783479,0.283159237766569,53.5923310344828,19.3821793103448
0.845203862460641,-2.08022321752752,-0.0424398551737766,-0.366975390772752,0.267409891628052,57.0196827586207,19.3821793103448
0.963342856940104,-2.08022321752752,-0.0570779957117404,-0.383607911999319,0.254554518272433,60.4470344827586,19.3821793103448
1.08148185141957,-2.08022321752752,-0.0715780716613201,-0.402461362953911,0.244857925691411,63.8743862068965,19.3821793103448
1.19962084589903,-2.08022321752752,-0.0859317527574808,-0.423486770487614,0.235784253451871,67.3017379310345,19.3821793103448
1.31775984037849,-2.08022321752752,-0.100132582210636,-0.444346788991416,0.230557624634764,70.7290896551724,19.3821793103448
1.43589883485796,-2.08022321752752,-0.114180776632999,-0.470150847361722,0.226487085572739,74.1564413793103,19.3821793103448
1.55403782933742,-2.08022321752752,-0.12808414017731,-0.498348014675994,0.222841816989023,77.5837931034483,19.3821793103448
1.67217682381688,-2.08022321752752,-0.141862092894741,-0.52738590490536,0.222059306044693,81.0111448275862,19.3821793103448
1.79031581829635,-2.08022321752752,-0.155547563862286,-0.558696659730598,0.224129893322443,84.4384965517241,19.3821793103448
1.90845481277581,-2.08022321752752,-0.169174583737443,-0.592496686326843,0.228750865782182,87.8658482758621,19.3821793103448
2.02659380725527,-2.08022321752752,-0.18277525991902,-0.627886624450411,0.234336689225961,91.2932,19.3821793103448
-1.39943703264916,-1.95235182139355,0.255485597732691,-0.372049414818867,0.889229420501174,-8.1,20.8299586206897
-1.2812980381697,-1.95235182139355,0.238622612017517,-0.360038706469935,0.844443428513279,-4.67264827586207,20.8299586206897
-1.16315904369023,-1.95235182139355,0.221779873741913,-0.3510213615497,0.798860308210357,-1.24529655172414,20.8299586206897
-1.04502004921077,-1.95235182139355,0.204979187809635,-0.341248163469657,0.755324518564185,2.18205517241379,20.8299586206897
-0.926881054731307,-1.95235182139355,0.188250344807321,-0.331679989387953,0.712436359310732,5.60940689655172,20.8299586206897
-0.808742060251843,-1.95235182139355,0.171626595579345,-0.324706052851549,0.67262393513071,9.03675862068965,20.8299586206897
-0.69060306577238,-1.95235182139355,0.155139604859897,-0.319020078716363,0.632060062963313,12.4641103448276,20.8299586206897
-0.572464071292917,-1.95235182139355,0.138814053723248,-0.314088505568329,0.593810034670343,15.8914620689655,20.8299586206897
-0.454325076813454,-1.95235182139355,0.122661061139925,-0.310164389350012,0.5566375212105,19.3188137931034,20.8299586206897
-0.336186082333991,-1.95235182139355,0.106677988609996,-0.304585172462335,0.521375536207815,22.7461655172414,20.8299586206897
-0.218047087854528,-1.95235182139355,0.0908547458051499,-0.302882431155832,0.485504925282352,26.1735172413793,20.8299586206897
-0.0999080933750645,-1.95235182139355,0.0751798767284533,-0.301564482574893,0.452862931540913,29.6008689655172,20.8299586206897
0.0182309011043986,-1.95235182139355,0.0596430553714993,-0.30330837157354,0.42098178859754,33.0282206896552,20.8299586206897
0.136369895583862,-1.95235182139355,0.0442362438624513,-0.306643800830514,0.392216307321254,36.4555724137931,20.8299586206897
0.254508890063325,-1.95235182139355,0.0289521347489374,-0.308413168668275,0.362145168789068,39.882924137931,20.8299586206897
0.372647884542788,-1.95235182139355,0.0137834211351677,-0.313848651775951,0.336888962146883,43.310275862069,20.8299586206897
0.490786879022251,-1.95235182139355,-0.00127706739697842,-0.321763323340281,0.311138682903934,46.7376275862069,20.8299586206897
0.608925873501715,-1.95235182139355,-0.0162321281536699,-0.333051688855804,0.288536683928185,50.1649793103448,20.8299586206897
0.727064867981178,-1.95235182139355,-0.0310781692046054,-0.343919233820987,0.26783965330623,53.5923310344828,20.8299586206897
0.845203862460641,-1.95235182139355,-0.0458087299649208,-0.354363775863718,0.250233692607418,57.0196827586207,20.8299586206897
0.963342856940104,-1.95235182139355,-0.0604161398734377,-0.371179534346018,0.237560582488106,60.4470344827586,20.8299586206897
1.08148185141957,-1.95235182139355,-0.0748925857751226,-0.388678468061625,0.227192457792431,63.8743862068965,20.8299586206897
1.19962084589903,-1.95235182139355,-0.0892302554556055,-0.410506335385848,0.217390771387065,67.3017379310345,20.8299586206897
1.31775984037849,-1.95235182139355,-0.103423108571044,-0.430989785713938,0.20933792181844,70.7290896551724,20.8299586206897
1.43589883485796,-1.95235182139355,-0.117471415658383,-0.455682833201743,0.205531342462935,74.1564413793103,20.8299586206897
1.55403782933742,-1.95235182139355,-0.131382618837765,-0.482346363558407,0.200840675960821,77.5837931034483,20.8299586206897
1.67217682381688,-1.95235182139355,-0.14517513200531,-0.510804502520304,0.200534161819172,81.0111448275862,20.8299586206897
1.79031581829635,-1.95235182139355,-0.158880126178809,-0.539255851543234,0.200175779876863,84.4384965517241,20.8299586206897
1.90845481277581,-1.95235182139355,-0.172529811045964,-0.570962386097602,0.202729698596232,87.8658482758621,20.8299586206897
2.02659380725527,-1.95235182139355,-0.186154569737063,-0.604203883758962,0.207262761315472,91.2932,20.8299586206897
-1.39943703264916,-1.82448042525957,0.25028669050764,-0.34438275018735,0.85184674394508,-8.1,22.2777379310345
-1.2812980381697,-1.82448042525957,0.233576000397192,-0.334998268142983,0.808364317314064,-4.67264827586207,22.2777379310345
-1.16315904369023,-1.82448042525957,0.216884397831693,-0.326905053592884,0.764206188660375,-1.24529655172414,22.2777379310345
-1.04502004921077,-1.82448042525957,0.200232440191698,-0.319345609822497,0.723660718127499,2.18205517241379,22.2777379310345
-0.926881054731307,-1.82448042525957,0.183648223900005,-0.311768809574024,0.681470101904859,5.60940689655172,22.2777379310345
-0.808742060251843,-1.82448042525957,0.167163121334409,-0.305053482556704,0.642948172134568,9.03675862068965,22.2777379310345
-0.69060306577238,-1.82448042525957,0.150807017971953,-0.302491707390216,0.604965016729607,12.4641103448276,22.2777379310345
-0.572464071292917,-1.82448042525957,0.134603228564187,-0.29783979391423,0.568107717568362,15.8914620689655,22.2777379310345
-0.454325076813454,-1.82448042525957,0.118562303417706,-0.293851702002504,0.533231722400846,19.3188137931034,22.2777379310345
-0.336186082333991,-1.82448042525957,0.1026818402323,-0.291365364617899,0.498580610211022,22.7461655172414,22.2777379310345
-0.218047087854528,-1.82448042525957,0.0869524168150475,-0.289485948660594,0.464864517095908,26.1735172413793,22.2777379310345
-0.0999080933750645,-1.82448042525957,0.0713633100626652,-0.290045213646885,0.431587217891054,29.6008689655172,22.2777379310345
0.0182309011043986,-1.82448042525957,0.0559048468468863,-0.291847552287641,0.401174191781589,33.0282206896552,22.2777379310345
0.136369895583862,-1.82448042525957,0.040569501687465,-0.295832537429198,0.373020442202738,36.4555724137931,22.2777379310345
0.254508890063325,-1.82448042525957,0.0253504348667579,-0.298944219896952,0.346270621522955,39.882924137931,22.2777379310345
0.372647884542788,-1.82448042525957,0.0102408071896738,-0.303719543591172,0.318527558305024,43.310275862069,22.2777379310345
0.490786879022251,-1.82448042525957,-0.0047660925679649,-0.312242747946168,0.295942099170615,46.7376275862069,22.2777379310345
0.608925873501715,-1.82448042525957,-0.0196728754284317,-0.3228917221155,0.273450665611453,50.1649793103448,22.2777379310345
0.727064867981178,-1.82448042525957,-0.0344761642535658,-0.332546932421167,0.252750997853767,53.5923310344828,22.2777379310345
0.845203862460641,-1.82448042525957,-0.0491699039611044,-0.34431185164017,0.234946602025716,57.0196827586207,22.2777379310345
0.963342856940104,-1.82448042525957,-0.0637469201996936,-0.35854044655652,0.220820875848168,60.4470344827586,22.2777379310345
1.08148185141957,-1.82448042525957,-0.0781999075579973,-0.37823973247425,0.209388981380192,63.8743862068965,22.2777379310345
1.19962084589903,-1.82448042525957,-0.0925215615127217,-0.397967185871578,0.199801660325082,67.3017379310345,22.2777379310345
1.31775984037849,-1.82448042525957,-0.106706250289267,-0.419201238889082,0.191495107561211,70.7290896551724,22.2777379310345
1.43589883485796,-1.82448042525957,-0.1207542992288,-0.441824115881704,0.18656770908122,74.1564413793103,22.2777379310345
1.55403782933742,-1.82448042525957,-0.134672798700569,-0.466224714411405,0.181527227660828,77.5837931034483,22.2777379310345
1.67217682381688,-1.82448042525957,-0.148479180285957,-0.493471806415717,0.178835217250503,81.0111448275862,22.2777379310345
1.79031581829635,-1.82448042525957,-0.162202896265101,-0.520788873604485,0.177369566215642,84.4384965517241,22.2777379310345
1.90845481277581,-1.82448042525957,-0.175874375873013,-0.552538698888368,0.178197481929367,87.8658482758621,22.2777379310345
2.02659380725527,-1.82448042525957,-0.189522315875005,-0.582751487197618,0.180669377251732,91.2932,22.2777379310345
-1.39943703264916,-1.6966090291256,0.245141170208784,-0.321621954101091,0.813099732902004,-8.1,23.7255172413793
-1.2812980381697,-1.6966090291256,0.22857950346951,-0.312507412966082,0.77074547923518,-4.67264827586207,23.7255172413793
-1.16315904369023,-1.6966090291256,0.212035787725655,-0.304159270205302,0.729941974952164,-1.24529655172414,23.7255172413793
-1.04502004921077,-1.6966090291256,0.195529357561229,-0.2972770612885,0.690339463012357,2.18205517241379,23.7255172413793
-0.926881054731307,-1.6966090291256,0.179086646503862,-0.290666112141516,0.651539540253682,5.60940689655172,23.7255172413793
-0.808742060251843,-1.6966090291256,0.162737180755615,-0.287323469695326,0.615635409013861,9.03675862068965,23.7255172413793
-0.69060306577238,-1.6966090291256,0.146509095663682,-0.284227052805996,0.579273809629629,12.4641103448276,23.7255172413793
-0.572464071292917,-1.6966090291256,0.130424359928152,-0.281367432619622,0.544158079427354,15.8914620689655,23.7255172413793
-0.454325076813454,-1.6966090291256,0.114492959971887,-0.278500207237484,0.509298127253909,19.3188137931034,23.7255172413793
-0.336186082333991,-1.6966090291256,0.0987127211734964,-0.276804389056005,0.476155730978799,22.7461655172414,23.7255172413793
-0.218047087854528,-1.6966090291256,0.0830748761582067,-0.276501292819265,0.442293482179193,26.1735172413793,23.7255172413793
-0.0999080933750645,-1.6966090291256,0.0675694282522303,-0.279266937594527,0.411210445099084,29.6008689655172,23.7255172413793
0.0182309011043986,-1.6966090291256,0.0521873588880228,-0.280752020665877,0.381610560633174,33.0282206896552,23.7255172413793
0.136369895583862,-1.6966090291256,0.0369216613893646,-0.285089479210852,0.354532420512698,36.4555724137931,23.7255172413793
0.254508890063325,-1.6966090291256,0.0217659715867418,-0.28926967960436,0.328592043413827,39.882924137931,23.7255172413793
0.372647884542788,-1.6966090291256,0.00671392580023222,-0.295269437285618,0.303314807532214,43.310275862069,23.7255172413793
0.490786879022251,-1.6966090291256,-0.00824072005470788,-0.302657991719264,0.279556823502304,46.7376275862069,23.7255172413793
0.608925873501715,-1.6966090291256,-0.0231003786447475,-0.314209717611013,0.258313227308329,50.1649793103448,23.7255172413793
0.727064867981178,-1.6966090291256,-0.0378618700296618,-0.32292470851469,0.238331238483745,53.5923310344828,23.7255172413793
0.845203862460641,-1.6966090291256,-0.0525195267648473,-0.334479228295358,0.221047801504882,57.0196827586207,23.7255172413793
0.963342856940104,-1.6966090291256,-0.0670666547727872,-0.347788864913875,0.20588175627994,60.4470344827586,23.7255172413793
1.08148185141957,-1.6966090291256,-0.0814964408444809,-0.36723676662678,0.193242137768741,63.8743862068965,23.7255172413793
1.19962084589903,-1.6966090291256,-0.0958020726083251,-0.385360928110865,0.182919006040717,67.3017379310345,23.7255172413793
1.31775984037849,-1.6966090291256,-0.109978315044211,-0.406543529795564,0.174130521700138,70.7290896551724,23.7255172413793
1.43589883485796,-1.6966090291256,-0.124025549616764,-0.428387130567096,0.167872858598796,74.1564413793103,23.7255172413793
1.55403782933742,-1.6966090291256,-0.137950530366898,-0.452631898618383,0.163255372916495,77.5837931034483,23.7255172413793
1.67217682381688,-1.6966090291256,-0.151769742321721,-0.477527142598203,0.158562838905731,81.0111448275862,23.7255172413793
1.79031581829635,-1.6966090291256,-0.165510978006046,-0.504042107545282,0.157842198988908,84.4384965517241,23.7255172413793
1.90845481277581,-1.6966090291256,-0.179202946977853,-0.533673080788138,0.154501022649316,87.8658482758621,23.7255172413793
2.02659380725527,-1.6966090291256,-0.192872716492794,-0.564598716145542,0.157266811679837,91.2932,23.7255172413793
-1.39943703264916,-1.56873763299162,0.240066323148677,-0.293782711382197,0.777153421116952,-8.1,25.1732965517241
-1.2812980381697,-1.56873763299162,0.223649351497182,-0.285740820400471,0.736761784556374,-4.67264827586207,25.1732965517241
-1.16315904369023,-1.56873763299162,0.207249225303549,-0.279227025021121,0.698600572614568,-1.24529655172414,25.1732965517241
-1.04502004921077,-1.56873763299162,0.190884089199574,-0.274988454782703,0.658397993791583,2.18205517241379,25.1732965517241
-0.926881054731307,-1.56873763299162,0.174578755332583,-0.272302287853429,0.623435718351628,5.60940689655172,25.1732965517241
-0.808742060251843,-1.56873763299162,0.158360946575788,-0.268416780833655,0.586867132697768,9.03675862068965,25.1732965517241
-0.69060306577238,-1.56873763299162,0.142257086775267,-0.265932435312662,0.55354324330983,12.4641103448276,25.1732965517241
-0.572464071292917,-1.56873763299162,0.126287825419303,-0.264868296209111,0.519296563367314,15.8914620689655,25.1732965517241
-0.454325076813454,-1.56873763299162,0.110462591268023,-0.263729481355935,0.485954252358364,19.3188137931034,25.1732965517241
-0.336186082333991,-1.56873763299162,0.0947794258972388,-0.26251152525762,0.453292386918138,22.7461655172414,25.1732965517241
-0.218047087854528,-1.56873763299162,0.0792301988860844,-0.263707219698702,0.421651791441276,26.1735172413793,25.1732965517241
-0.0999080933750645,-1.56873763299162,0.063805631252873,-0.267367679681238,0.390108105400129,29.6008689655172,25.1732965517241
0.0182309011043986,-1.56873763299162,0.0484973611001029,-0.271262838867531,0.361974116076651,33.0282206896552,25.1732965517241
0.136369895583862,-1.56873763299162,0.0332989089682063,-0.274808191047617,0.336697618711922,36.4555724137931,25.1732965517241
0.254508890063325,-1.56873763299162,0.0182043965147334,-0.279560188413798,0.311102291801829,39.882924137931,25.1732965517241
0.372647884542788,-1.56873763299162,0.00320794585528694,-0.2869080902539,0.288160292173877,43.310275862069,25.1732965517241
0.490786879022251,-1.56873763299162,-0.0116962094990358,-0.294458332399944,0.265181529665273,46.7376275862069,25.1732965517241
0.608925873501715,-1.56873763299162,-0.0265102678786626,-0.304591637733098,0.243577790281101,50.1649793103448,25.1732965517241
0.727064867981178,-1.56873763299162,-0.0412312231561529,-0.314965364932879,0.224358555813024,53.5923310344828,25.1732965517241
0.845203862460641,-1.56873763299162,-0.0558537717277676,-0.326376975813187,0.206540902432415,57.0196827586207,25.1732965517241
0.963342856940104,-1.56873763299162,-0.0703716785130166,-0.340319813713148,0.191765803459757,60.4470344827586,25.1732965517241
1.08148185141957,-1.56873763299162,-0.0847786017459566,-0.356908774784573,0.178806578468151,63.8743862068965,25.1732965517241
1.19962084589903,-1.56873763299162,-0.0990682004500196,-0.374915287598641,0.16870434584222,67.3017379310345,25.1732965517241
1.31775984037849,-1.56873763299162,-0.113235620545607,-0.396631242531692,0.159443311637425,70.7290896551724,25.1732965517241
1.43589883485796,-1.56873763299162,-0.127281301237192,-0.416334068463621,0.15181913338426,74.1564413793103,25.1732965517241
1.55403782933742,-1.56873763299162,-0.141211680578508,-0.439016591244627,0.146467412455779,77.5837931034483,25.1732965517241
1.67217682381688,-1.56873763299162,-0.155042344401989,-0.4634276966862,0.140334828320495,81.0111448275862,25.1732965517241
1.79031581829635,-1.56873763299162,-0.168799503692876,-0.489744225734646,0.136324939636156,84.4384965517241,25.1732965517241
1.90845481277581,-1.56873763299162,-0.182510228934231,-0.518561517587014,0.134991150352233,87.8658482758621,25.1732965517241
2.02659380725527,-1.56873763299162,-0.196200033287312,-0.545651333127384,0.13557454583431,91.2932,25.1732965517241
-1.39943703264916,-1.44086623685764,0.235074121832214,-0.268157770967034,0.738445075307035,-8.1,26.621075862069
-1.2812980381697,-1.44086623685764,0.218796821194909,-0.261481929982482,0.702349462487218,-4.67264827586207,26.621075862069
-1.16315904369023,-1.44086623685764,0.202535297903287,-0.257490310146898,0.664140759752299,-1.24529655172414,26.621075862069
-1.04502004921077,-1.44086623685764,0.1863065462429,-0.254770932284508,0.627673432261558,2.18205517241379,26.621075862069
-0.926881054731307,-1.44086623685764,0.170133806840888,-0.253018769380658,0.5916827577669,5.60940689655172,26.621075862069
-0.808742060251843,-1.44086623685764,0.154043050437727,-0.250277084912554,0.558597048920816,9.03675862068965,26.621075862069
-0.69060306577238,-1.44086623685764,0.138059035319134,-0.248797040829745,0.527252503650851,12.4641103448276,26.621075862069
-0.572464071292917,-1.44086623685764,0.122201123215284,-0.248343118607182,0.495848875391827,15.8914620689655,26.621075862069
-0.454325076813454,-1.44086623685764,0.106478191368903,-0.249329737488426,0.462850555646259,19.3188137931034,26.621075862069
-0.336186082333991,-1.44086623685764,0.0908884819795239,-0.249573704572799,0.433073282709714,22.7461655172414,26.621075862069
-0.218047087854528,-1.44086623685764,0.075424478183046,-0.254425511247587,0.402177727219236,26.1735172413793,26.621075862069
-0.0999080933750645,-1.44086623685764,0.060077606544032,-0.257979018695153,0.371159241242654,29.6008689655172,26.621075862069
0.0182309011043986,-1.44086623685764,0.0448401630604018,-0.260624681027346,0.343878789586849,33.0282206896552,26.621075862069
0.136369895583862,-1.44086623685764,0.0297062045045882,-0.266205654473364,0.319868227105042,36.4555724137931,26.621075862069
0.254508890063325,-1.44086623685764,0.01467034968389,-0.272028134209197,0.295397023296374,39.882924137931,26.621075862069
0.372647884542788,-1.44086623685764,-0.000272782166121921,-0.27959152467581,0.272701180291809,43.310275862069,26.621075862069
0.490786879022251,-1.44086623685764,-0.015128468388057,-0.286132770400574,0.251255383405036,46.7376275862069,26.621075862069
0.608925873501715,-1.44086623685764,-0.0298986742951997,-0.296269920504543,0.229778079249393,50.1649793103448,26.621075862069
0.727064867981178,-1.44086623685764,-0.0445805392291334,-0.308887466897214,0.210209179960115,53.5923310344828,26.621075862069
0.845203862460641,-1.44086623685764,-0.0591690940318401,-0.320862985768454,0.192962536809389,57.0196827586207,26.621075862069
0.963342856940104,-1.44086623685764,-0.0736585358120312,-0.334183144707358,0.179554944661908,60.4470344827586,26.621075862069
1.08148185141957,-1.44086623685764,-0.0880429679919987,-0.349824750983972,0.164685713402814,63.8743862068965,26.621075862069
1.19962084589903,-1.44086623685764,-0.102316494738526,-0.366695307316249,0.153977933058606,67.3017379310345,26.621075862069
1.31775984037849,-1.44086623685764,-0.116474622569066,-0.387128193901314,0.146011890861994,70.7290896551724,26.621075862069
1.43589883485796,-1.44086623685764,-0.130517848933304,-0.408538142417117,0.136876372664127,74.1564413793103,26.621075862069
1.55403782933742,-1.44086623685764,-0.144452318885565,-0.42944009798408,0.131333135711699,77.5837931034483,26.621075862069
1.67217682381688,-1.44086623685764,-0.158292774663345,-0.45393336453562,0.12595700756642,81.0111448275862,26.621075862069
1.79031581829635,-1.44086623685764,-0.172063938624987,-0.480222791746302,0.122080444531317,84.4384965517241,26.621075862069
1.90845481277581,-1.44086623685764,-0.185791338013771,-0.506252657722789,0.11878799510664,87.8658482758621,26.621075862069
2.02659380725527,-1.44086623685764,-0.19949902169678,-0.531474962289521,0.117348934265368,91.2932,26.621075862069
-1.39943703264916,-1.31299484072367,0.230167418783243,-0.243277885427881,0.706122405473739,-8.1,28.0688551724138
-1.2812980381697,-1.31299484072367,0.214024681572096,-0.241129673232108,0.669815009249029,-4.67264827586207,28.0688551724138
-1.16315904369023,-1.31299484072367,0.19789669508312,-0.237428909731594,0.632462590119856,-1.24529655172414,28.0688551724138
-1.04502004921077,-1.31299484072367,0.181799347093813,-0.236188742941924,0.597921375700484,2.18205517241379,28.0688551724138
-0.926881054731307,-1.31299484072367,0.165754361453242,-0.236255440768268,0.563948427303399,5.60940689655172,28.0688551724138
-0.808742060251843,-1.31299484072367,0.149786012389375,-0.234523828687495,0.532548465102403,9.03675862068965,28.0688551724138
-0.69060306577238,-1.31299484072367,0.133917442053616,-0.233972097485631,0.501620896964209,12.4641103448276,28.0688551724138
-0.572464071292917,-1.31299484072367,0.118166757197471,-0.235468014200207,0.471182743226263,15.8914620689655,28.0688551724138
-0.454325076813454,-1.31299484072367,0.102542287302239,-0.235741651981537,0.440745732159195,19.3188137931034,28.0688551724138
-0.336186082333991,-1.31299484072367,0.0870424540519434,-0.239079198390255,0.412058309201442,22.7461655172414,28.0688551724138
-0.218047087854528,-1.31299484072367,0.0716603240344629,-0.244057004862178,0.382630857193784,26.1735172413793,28.0688551724138
-0.0999080933750645,-1.31299484072367,0.0563880122282359,-0.247954457213846,0.353845095747747,29.6008689655172,28.0688551724138
0.0182309011043986,-1.31299484072367,0.0412184708247394,-0.25228879895504,0.327498991194167,33.0282206896552,28.0688551724138
0.136369895583862,-1.31299484072367,0.0261463001685032,-0.257722317320284,0.303473776600025,36.4555724137931,28.0688551724138
0.254508890063325,-1.31299484072367,0.0111666262370138,-0.26538927597788,0.280221503416714,39.882924137931,28.0688551724138
0.372647884542788,-1.31299484072367,-0.0037254245917091,-0.27274802303141,0.258118845093088,43.310275862069,28.0688551724138
0.490786879022251,-1.31299484072367,-0.018534630208296,-0.279572830434263,0.23830871595696,46.7376275862069,28.0688551724138
0.608925873501715,-1.31299484072367,-0.0332627036429385,-0.290013954269303,0.218757143735866,50.1649793103448,28.0688551724138
0.727064867981178,-1.31299484072367,-0.047906898068796,-0.302944361945278,0.199149337229567,53.5923310344828,28.0688551724138
0.845203862460641,-1.31299484072367,-0.0624625446971869,-0.316184714028173,0.183376325988942,57.0196827586207,28.0688551724138
0.963342856940104,-1.31299484072367,-0.0769242405720574,-0.329691395476601,0.166742962268304,60.4470344827586,28.0688551724138
1.08148185141957,-1.31299484072367,-0.0912865024979488,-0.343878085918359,0.153705931663174,63.8743862068965,28.0688551724138
1.19962084589903,-1.31299484072367,-0.105543847982413,-0.361759791022657,0.14342402025493,67.3017379310345,28.0688551724138
1.31775984037849,-1.31299484072367,-0.11969211875079,-0.381360991938576,0.133488790154252,70.7290896551724,28.0688551724138
1.43589883485796,-1.31299484072367,-0.133731867771433,-0.400949973810579,0.12541031377349,74.1564413793103,28.0688551724138
1.55403782933742,-1.31299484072367,-0.147668969008773,-0.42255183551335,0.120313238655418,77.5837931034483,28.0688551724138
1.67217682381688,-1.31299484072367,-0.161517379145897,-0.446758870438931,0.114356517902624,81.0111448275862,28.0688551724138
1.79031581829635,-1.31299484072367,-0.175300431451425,-0.470556706748716,0.110681240439678,84.4384965517241,28.0688551724138
1.90845481277581,-1.31299484072367,-0.189042212799802,-0.494709344052398,0.106649464636071,87.8658482758621,28.0688551724138
2.02659380725527,-1.31299484072367,-0.20276540446307,-0.522002493973465,0.104238612188567,91.2932,28.0688551724138
-1.39943703264916,-1.18512344458969,0.225342719210843,-0.221590354789063,0.671893404276207,-8.1,29.5166344827586
-1.2812980381697,-1.18512344458969,0.209329777556142,-0.219857632330843,0.639002487633152,-4.67264827586207,29.5166344827586
-1.16315904369023,-1.18512344458969,0.193330603813822,-0.219208620521967,0.606431503573068,-1.24529655172414,29.5166344827586
-1.04502004921077,-1.18512344458969,0.177360025460737,-0.218504583695122,0.570785481252488,2.18205517241379,29.5166344827586
-0.926881054731307,-1.18512344458969,0.161438306691451,-0.219896451755811,0.538879363041844,5.60940689655172,29.5166344827586
-0.808742060251843,-1.18512344458969,0.145588082490209,-0.221155602298872,0.50920816720163,9.03675862068965,29.5166344827586
-0.69060306577238,-1.18512344458969,0.129830929120937,-0.220366772246545,0.477476684758487,12.4641103448276,29.5166344827586
-0.572464071292917,-1.18512344458969,0.114183730249869,-0.221093410098806,0.447975864955581,15.8914620689655,29.5166344827586
-0.454325076813454,-1.18512344458969,0.0986542675550446,-0.223890112721563,0.418746524789438,19.3188137931034,29.5166344827586
-0.336186082333991,-1.18512344458969,0.0832411147703391,-0.228335563782851,0.389876321892342,22.7461655172414,29.5166344827586
-0.218047087854528,-1.18512344458969,0.0679378846211236,-0.233446772162674,0.362654152040703,26.1735172413793,29.5166344827586
-0.0999080933750645,-1.18512344458969,0.0527373574955372,-0.237416551644142,0.336251807365089,29.6008689655172,29.5166344827586
0.0182309011043986,-1.18512344458969,0.0376331358338766,-0.242575907693108,0.31135164540392,33.0282206896552,29.5166344827586
0.136369895583862,-1.18512344458969,0.0226203676830654,-0.250755517436054,0.288332520898725,36.4555724137931,29.5166344827586
0.254508890063325,-1.18512344458969,0.00769469331079398,-0.257630606299138,0.266054958885944,39.882924137931,29.5166344827586
0.372647884542788,-1.18512344458969,-0.00714824664017444,-0.265904425153201,0.245242626017876,43.310275862069,29.5166344827586
0.490786879022251,-1.18512344458969,-0.0219127231438967,-0.273644911395404,0.224930839374821,46.7376275862069,29.5166344827586
0.608925873501715,-1.18512344458969,-0.0366001786128887,-0.284301527209957,0.206286471168702,50.1649793103448,29.5166344827586
0.727064867981178,-1.18512344458969,-0.0512079464376709,-0.299040951973816,0.18837263031266,53.5923310344828,29.5166344827586
0.845203862460641,-1.18512344458969,-0.0657316202995133,-0.311180905279933,0.171521982224152,57.0196827586207,29.5166344827586
0.963342856940104,-1.18512344458969,-0.0801661597935963,-0.325651739497607,0.158138868523801,60.4470344827586,29.5166344827586
1.08148185141957,-1.18512344458969,-0.0945064579731714,-0.340319048375149,0.14629781408944,63.8743862068965,29.5166344827586
1.19962084589903,-1.18512344458969,-0.108747408556515,-0.357376256607413,0.134256123426145,67.3017379310345,29.5166344827586
1.31775984037849,-1.18512344458969,-0.122885157928263,-0.376892209167243,0.126488662714523,70.7290896551724,29.5166344827586
1.43589883485796,-1.18512344458969,-0.136920307325988,-0.396817191419821,0.118956825064061,74.1564413793103,29.5166344827586
1.55403782933742,-1.18512344458969,-0.150858477973801,-0.41852551058757,0.110972791542107,77.5837931034483,29.5166344827586
1.67217682381688,-1.18512344458969,-0.164712897429296,-0.439492826734833,0.104060256606995,81.0111448275862,29.5166344827586
1.79031581829635,-1.18512344458969,-0.178505610245694,-0.463927250204889,0.0996364552359736,84.4384965517241,29.5166344827586
1.90845481277581,-1.18512344458969,-0.19225936694462,-0.488196088825057,0.0965618081464537,87.8658482758621,29.5166344827586
2.02659380725527,-1.18512344458969,-0.205995579400868,-0.513763476084042,0.0944393675238357,91.2932,29.5166344827586
-1.39943703264916,-1.05725204845572,0.220591387136784,-0.202738011935524,0.640548590771145,-8.1,30.9644137931035
-1.2812980381697,-1.05725204845572,0.204704155068351,-0.201259274905724,0.608961844687627,-4.67264827586207,30.9644137931035
-1.16315904369023,-1.05725204845572,0.188829752795758,-0.200487695258298,0.576680208759741,-1.24529655172414,30.9644137931035
-1.04502004921077,-1.05725204845572,0.172981994528902,-0.201421819478773,0.543323010202116,2.18205517241379,30.9644137931035
-0.926881054731307,-1.05725204845572,0.157179742281453,-0.202291883430083,0.513169656814873,5.60940689655172,30.9644137931035
-0.808742060251843,-1.05725204845572,0.141444048502158,-0.204103709353801,0.483314957082366,9.03675862068965,30.9644137931035
-0.69060306577238,-1.05725204845572,0.125794972546193,-0.205867383157026,0.454313857465554,12.4641103448276,30.9644137931035
-0.572464071292917,-1.05725204845572,0.110248204324902,-0.208190491361284,0.424979604785906,15.8914620689655,30.9644137931035
-0.454325076813454,-1.05725204845572,0.0948109729129034,-0.211693753702582,0.39663230842012,19.3188137931034,30.9644137931035
-0.336186082333991,-1.05725204845572,0.0794819699922127,-0.217207444131338,0.37024495667811,22.7461655172414,30.9644137931035
-0.218047087854528,-1.05725204845572,0.0642553097082388,-0.221673164886771,0.344733310257163,26.1735172413793,30.9644137931035
-0.0999080933750645,-1.05725204845572,0.0491244083881215,-0.227256498062709,0.319035612499815,29.6008689655172,30.9644137931035
0.0182309011043986,-1.05725204845572,0.03408350750322,-0.234565083706505,0.296171894800004,33.0282206896552,30.9644137931035
0.136369895583862,-1.05725204845572,0.0191283024761728,-0.240765282243233,0.27372496598851,36.4555724137931,30.9644137931035
0.254508890063325,-1.05725204845572,0.00425495077432592,-0.249674125986399,0.253425737804399,39.882924137931,30.9644137931035
0.372647884542788,-1.05725204845572,-0.0105403897828953,-0.25931895004505,0.232437332501112,43.310275862069,30.9644137931035
0.490786879022251,-1.05725204845572,-0.0252614799393882,-0.26908265742756,0.214326251185289,46.7376275862069,30.9644137931035
0.608925873501715,-1.05725204845572,-0.0399094753781057,-0.280441398874238,0.195296414413525,50.1649793103448,30.9644137931035
0.727064867981178,-1.05725204845572,-0.0544817553135912,-0.293775872273264,0.17941605989822,53.5923310344828,30.9644137931035
0.845203862460641,-1.05725204845572,-0.0689741350352684,-0.309425002857479,0.164943561399264,57.0196827586207,30.9644137931035
0.963342856940104,-1.05725204845572,-0.0833818946160838,-0.323770321218846,0.150763632727002,60.4470344827586,30.9644137931035
1.08148185141957,-1.05725204845572,-0.0977002612651836,-0.337394103990245,0.137927273514519,63.8743862068965,30.9644137931035
1.19962084589903,-1.05725204845572,-0.111924462822186,-0.355481505851658,0.127603163273779,67.3017379310345,30.9644137931035
1.31775984037849,-1.05725204845572,-0.126050914706288,-0.374511093639535,0.119142304375761,70.7290896551724,30.9644137931035
1.43589883485796,-1.05725204845572,-0.140080253739329,-0.39359649738676,0.111503118096846,74.1564413793103,30.9644137931035
1.55403782933742,-1.05725204845572,-0.154017861266976,-0.414232200347271,0.103424364786937,77.5837931034483,30.9644137931035
1.67217682381688,-1.05725204845572,-0.167876287253545,-0.435787160303928,0.0973911599274428,81.0111448275862,30.9644137931035
1.79031581829635,-1.05725204845572,-0.181676383955765,-0.459156170375908,0.091460421054177,84.4384965517241,30.9644137931035
1.90845481277581,-1.05725204845572,-0.19543966581619,-0.483274107919258,0.0881546090476375,87.8658482758621,30.9644137931035
2.02659380725527,-1.05725204845572,-0.2091863705152,-0.508327002839312,0.0873336234463253,91.2932,30.9644137931035
-1.39943703264916,-0.92938065232174,0.215901268770627,-0.181929876169688,0.608319226625006,-8.1,32.4121931034483
-1.2812980381697,-0.92938065232174,0.200136578183882,-0.182509631656389,0.579374804733241,-4.67264827586207,32.4121931034483
-1.16315904369023,-0.92938065232174,0.184383823892297,-0.18227761530797,0.548986879648477,-1.24529655172414,32.4121931034483
-1.04502004921077,-0.92938065232174,0.1686558536827,-0.185109193098804,0.518349040199896,2.18205517241379,32.4121931034483
-0.926881054731307,-0.92938065232174,0.152970183907472,-0.18706319508656,0.488913022514329,5.60940689655172,32.4121931034483
-0.808742060251843,-0.92938065232174,0.137346339246966,-0.189343872385347,0.459803222706538,9.03675862068965,32.4121931034483
-0.69060306577238,-0.92938065232174,0.121802908577886,-0.191626848357997,0.43128576592572,12.4641103448276,32.4121931034483
-0.572464071292917,-0.92938065232174,0.106354413836587,-0.195607663457199,0.403549161553741,15.8914620689655,32.4121931034483
-0.454325076813454,-0.92938065232174,0.091007521441973,-0.201247021081115,0.377125281305209,19.3188137931034,32.4121931034483
-0.336186082333991,-0.92938065232174,0.0757610001445963,-0.207175358304472,0.351782082589267,22.7461655172414,32.4121931034483
-0.218047087854528,-0.92938065232174,0.0606094133668869,-0.212651648274262,0.327819209105611,26.1735172413793,32.4121931034483
-0.0999080933750645,-0.92938065232174,0.0455467770584619,-0.219671886811962,0.303646260908485,29.6008689655172,32.4121931034483
0.0182309011043986,-0.92938065232174,0.0305679544852642,-0.226109449500086,0.282669189310159,33.0282206896552,32.4121931034483
0.136369895583862,-0.92938065232174,0.0156691827439774,-0.233974895498522,0.260517174064923,36.4555724137931,32.4121931034483
0.254508890063325,-0.92938065232174,0.000847134232849323,-0.244748556408777,0.240737188763208,39.882924137931,32.4121931034483
0.372647884542788,-0.92938065232174,-0.0139015183181714,-0.254510944231738,0.22189768131785,43.310275862069,32.4121931034483
0.490786879022251,-0.92938065232174,-0.0285800272281953,-0.266030194730818,0.204460749661321,46.7376275862069,32.4121931034483
0.608925873501715,-0.92938065232174,-0.0431892485309708,-0.279607691098938,0.186857795319488,50.1649793103448,32.4121931034483
0.727064867981178,-0.92938065232174,-0.0577265730181462,-0.293005449921418,0.171848421661568,53.5923310344828,32.4121931034483
0.845203862460641,-0.92938065232174,-0.072187994463889,-0.307326512425371,0.158525465867067,57.0196827586207,32.4121931034483
0.963342856940104,-0.92938065232174,-0.0865690670694956,-0.321999687125183,0.146005305884229,60.4470344827586,32.4121931034483
1.08148185141957,-0.92938065232174,-0.100865305511791,-0.337783012009528,0.13474878398168,63.8743862068965,32.4121931034483
1.19962084589903,-0.92938065232174,-0.115072225066782,-0.354999909460093,0.123657465307156,67.3017379310345,32.4121931034483
1.31775984037849,-0.92938065232174,-0.129186469649474,-0.373423701729915,0.113820537930118,70.7290896551724,32.4121931034483
1.43589883485796,-0.92938065232174,-0.143208693002227,-0.39398429666517,0.105558400035219,74.1564413793103,32.4121931034483
1.55403782933742,-0.92938065232174,-0.157144042701757,-0.413707616132309,0.0975085388747812,77.5837931034483,32.4121931034483
1.67217682381688,-0.92938065232174,-0.171004435518625,-0.436185759920508,0.093140325026579,81.0111448275862,32.4121931034483
1.79031581829635,-0.92938065232174,-0.184809620558792,-0.458979204357297,0.0878681032467066,84.4384965517241,32.4121931034483
1.90845481277581,-0.92938065232174,-0.198579969328975,-0.482920852389137,0.0830223524346998,87.8658482758621,32.4121931034483
2.02659380725527,-0.92938065232174,-0.212334634401596,-0.506983607496786,0.080541118186674,91.2932,32.4121931034483
-1.39943703264916,-0.801509256187764,0.211258503058797,-0.163830369153128,0.580307812533493,-8.1,33.8599724137931
-1.2812980381697,-0.801509256187764,0.195614219186638,-0.162842392537807,0.55056965107117,-4.67264827586207,33.8599724137931
-1.16315904369023,-0.801509256187764,0.179981022202128,-0.16519973201143,0.521211759935541,-1.24529655172414,33.8599724137931
-1.04502004921077,-0.801509256187764,0.164370839652536,-0.169767045434249,0.491689408594336,2.18205517241379,33.8599724137931
-0.926881054731307,-0.801509256187764,0.148799897204218,-0.172823432497161,0.464076631469845,5.60940689655172,33.8599724137931
-0.808742060251843,-0.801509256187764,0.133286243985716,-0.174294742434874,0.436389445567012,9.03675862068965,33.8599724137931
-0.69060306577238,-0.801509256187764,0.117847041722329,-0.179320306031685,0.40903282394693,12.4641103448276,33.8599724137931
-0.572464071292917,-0.801509256187764,0.1024956661936,-0.184286389459128,0.383441669964663,15.8914620689655,33.8599724137931
-0.454325076813454,-0.801509256187764,0.0872382056823358,-0.191858903495669,0.35910376223529,19.3188137931034,33.8599724137931
-0.336186082333991,-0.801509256187764,0.0720734583467761,-0.197910279448016,0.334811156140966,22.7461655172414,33.8599724137931
-0.218047087854528,-0.801509256187764,0.0569963773412367,-0.205303178033221,0.310416581746263,26.1735172413793,33.8599724137931
-0.0999080933750645,-0.801509256187764,0.0420015348938736,-0.212401345324788,0.28912989512925,29.6008689655172,33.8599724137931
0.0182309011043986,-0.801509256187764,0.0270843924249253,-0.219820144110324,0.269368600120736,33.0282206896552,33.8599724137931
0.136369895583862,-0.801509256187764,0.0122417171516807,-0.228707265959091,0.24945901536021,36.4555724137931,33.8599724137931
0.254508890063325,-0.801509256187764,-0.00252931154671332,-0.24004009862251,0.229912902729255,39.882924137931,33.8599724137931
0.372647884542788,-0.801509256187764,-0.0172315139770403,-0.251984437760129,0.212550275224639,43.310275862069,33.8599724137931
0.490786879022251,-0.801509256187764,-0.0318676414612356,-0.264627568639379,0.196308764020707,46.7376275862069,33.8599724137931
0.608925873501715,-0.801509256187764,-0.046438241163371,-0.277344736780125,0.179063933542992,50.1649793103448,33.8599724137931
0.727064867981178,-0.801509256187764,-0.0609406818409777,-0.292337074144372,0.165836217367077,53.5923310344828,33.8599724137931
0.845203862460641,-0.801509256187764,-0.0753710907479168,-0.306578872910833,0.152708755277476,57.0196827586207,33.8599724137931
0.963342856940104,-0.801509256187764,-0.0897252458273503,-0.321262556152078,0.140134870771272,60.4470344827586,33.8599724137931
1.08148185141957,-0.801509256187764,-0.103998898154634,-0.339008162098028,0.130270741053292,63.8743862068965,33.8599724137931
1.19962084589903,-0.801509256187764,-0.118187799376053,-0.357833597456548,0.120029831541328,67.3017379310345,33.8599724137931
1.31775984037849,-0.801509256187764,-0.132288776563946,-0.377076066415309,0.111202322359703,70.7290896551724,33.8599724137931
1.43589883485796,-0.801509256187764,-0.146302475502711,-0.396460335747729,0.103218867101447,74.1564413793103,33.8599724137931
1.55403782933742,-0.801509256187764,-0.160233808762607,-0.41661132756709,0.0965735289642007,77.5837931034483,33.8599724137931
1.67217682381688,-0.801509256187764,-0.174094096108147,-0.438539691858254,0.0914132513971895,81.0111448275862,33.8599724137931
1.79031581829635,-0.801509256187764,-0.18790206374747,-0.460837488417702,0.0867928583148756,84.4384965517241,33.8599724137931
1.90845481277581,-0.801509256187764,-0.201677024608693,-0.486395054843578,0.0815194934747052,87.8658482758621,33.8599724137931
2.02659380725527,-0.801509256187764,-0.215437127599394,-0.509735595690558,0.0778101400289963,91.2932,33.8599724137931
-1.39943703264916,-0.673637860053788,0.206649894986835,-0.145712862501147,0.553574043742143,-8.1,35.3077517241379
-1.2812980381697,-0.673637860053788,0.19112488027625,-0.147678920233484,0.523394024091373,-4.67264827586207,35.3077517241379
-1.16315904369023,-0.673637860053788,0.175610146980134,-0.148840979400813,0.495161924832301,-1.24529655172414,35.3077517241379
-1.04502004921077,-0.673637860053788,0.160116748332126,-0.153390787419233,0.467314747997092,2.18205517241379,35.3077517241379
-0.926881054731307,-0.673637860053788,0.144659673362751,-0.157984883654087,0.439992821338949,5.60940689655172,35.3077517241379
-0.808742060251843,-0.673637860053788,0.129255546085187,-0.161321265784728,0.41459213786839,9.03675862068965,35.3077517241379
-0.69060306577238,-0.673637860053788,0.113920142087723,-0.168498070200793,0.38933893429954,12.4641103448276,35.3077517241379
-0.572464071292917,-0.673637860053788,0.0986657095762609,-0.173729361783402,0.364038896103525,15.8914620689655,35.3077517241379
-0.454325076813454,-0.673637860053788,0.0834977383562405,-0.182040953173678,0.340580124411498,19.3188137931034,35.3077517241379
-0.336186082333991,-0.673637860053788,0.0684150019135994,-0.190332104247634,0.317452237892111,22.7461655172414,35.3077517241379
-0.218047087854528,-0.673637860053788,0.053412776396188,-0.198486870605934,0.295369279616012,26.1735172413793,35.3077517241379
-0.0999080933750645,-0.673637860053788,0.0384861399788177,-0.205842090273678,0.274795906871732,29.6008689655172,35.3077517241379
0.0182309011043986,-0.673637860053788,0.0236311221161269,-0.213663045701326,0.255668423295771,33.0282206896552,35.3077517241379
0.136369895583862,-0.673637860053788,0.0088450026450595,-0.225422608934741,0.237726786287237,36.4555724137931,35.3077517241379
0.254508890063325,-0.673637860053788,-0.00587454580574231,-0.236357422769767,0.220760605046255,39.882924137931,35.3077517241379
0.372647884542788,-0.673637860053788,-0.020529850308328,-0.250490439175078,0.202567770438711,43.310275862069,35.3077517241379
0.490786879022251,-0.673637860053788,-0.0351231743375844,-0.264038010103569,0.187124285016874,46.7376275862069,35.3077517241379
0.608925873501715,-0.673637860053788,-0.0496547507711527,-0.278092957461045,0.173273124192219,50.1649793103448,35.3077517241379
0.727064867981178,-0.673637860053788,-0.0641218934720567,-0.292113013268993,0.160724124333385,53.5923310344828,35.3077517241379
0.845203862460641,-0.673637860053788,-0.0785208164276285,-0.307296224176591,0.146830428827438,57.0196827586207,35.3077517241379
0.963342856940104,-0.673637860053788,-0.0928474670713091,-0.325086776587318,0.136927218838936,60.4470344827586,35.3077517241379
1.08148185141957,-0.673637860053788,-0.107097777604297,-0.343702197067555,0.127300652473646,63.8743862068965,35.3077517241379
1.19962084589903,-0.673637860053788,-0.121267680773304,-0.362359202015446,0.118434717873754,67.3017379310345,35.3077517241379
1.31775984037849,-0.673637860053788,-0.135354136871099,-0.381531589919505,0.111545961459792,70.7290896551724,35.3077517241379
1.43589883485796,-0.673637860053788,-0.149357752915674,-0.401738565585238,0.104016096798151,74.1564413793103,35.3077517241379
1.55403782933742,-0.673637860053788,-0.163283198255904,-0.422365499627212,0.097082116904688,77.5837931034483,35.3077517241379
1.67217682381688,-0.673637860053788,-0.177141224103111,-0.444497057498677,0.0926847752808451,81.0111448275862,35.3077517241379
1.79031581829635,-0.673637860053788,-0.19094960572068,-0.467439391703452,0.0887257814630216,84.4384965517241,35.3077517241379
1.90845481277581,-0.673637860053788,-0.204726673625457,-0.490663983664607,0.0850514528500441,87.8658482758621,35.3077517241379
2.02659380725527,-0.673637860053788,-0.218489647398835,-0.515442383984599,0.0818954767563276,91.2932,35.3077517241379
-1.39943703264916,-0.545766463919811,0.202064651616646,-0.130487963646439,0.527996150753615,-8.1,36.7555310344828
-1.2812980381697,-0.545766463919811,0.186658620399311,-0.133646559392666,0.499144439125931,-4.67264827586207,36.7555310344828
-1.16315904369023,-0.545766463919811,0.17126210989058,-0.136363722644731,0.472608779738681,-1.24529655172414,36.7555310344828
-1.04502004921077,-0.545766463919811,0.155885345762023,-0.13977080301637,0.445643852882058,2.18205517241379,36.7555310344828
-0.926881054731307,-0.545766463919811,0.140542135110711,-0.143848038445493,0.418414462635698,5.60940689655172,36.7555310344828
-0.808742060251843,-0.545766463919811,0.125247727370263,-0.150403303084836,0.393422391637317,9.03675862068965,36.7555310344828
-0.69060306577238,-0.545766463919811,0.110016552575523,-0.158380115032755,0.369805429167243,12.4641103448276,36.7555310344828
-0.572464071292917,-0.545766463919811,0.0948597483714626,-0.165862144469755,0.347700547620068,15.8914620689655,36.7555310344828
-0.454325076813454,-0.545766463919811,0.0797821820868236,-0.173599199680735,0.32449708820534,19.3188137931034,36.7555310344828
-0.336186082333991,-0.545766463919811,0.0647825427313378,-0.182840221227515,0.302546552376568,22.7461655172414,36.7555310344828
-0.218047087854528,-0.545766463919811,0.0498563558983829,-0.190555050432464,0.28217732240266,26.1735172413793,36.7555310344828
-0.0999080933750645,-0.545766463919811,0.0349991485837202,-0.199130022455531,0.262750562195794,29.6008689655172,36.7555310344828
0.0182309011043986,-0.545766463919811,0.0202074817844924,-0.210215217412594,0.244605584865448,33.0282206896552,36.7555310344828
0.136369895583862,-0.545766463919811,0.0054791246389041,-0.222154004780238,0.227758291941421,36.4555724137931,36.7555310344828
0.254508890063325,-0.545766463919811,-0.0091877763487469,-0.235674511675916,0.210792586207784,39.882924137931,36.7555310344828
0.372647884542788,-0.545766463919811,-0.0237950743866089,-0.250061412503876,0.195605376112625,43.310275862069,36.7555310344828
0.490786879022251,-0.545766463919811,-0.0383445638362554,-0.263317655686045,0.182211263002177,46.7376275862069,36.7555310344828
0.608925873501715,-0.545766463919811,-0.0528361615423163,-0.278685265038456,0.169991437646089,50.1649793103448,36.7555310344828
0.727064867981178,-0.545766463919811,-0.0672670942615146,-0.294684570026484,0.156294012268977,53.5923310344828,36.7555310344828
0.845203862460641,-0.545766463919811,-0.0816336142452583,-0.311058222276658,0.14551925552488,57.0196827586207,36.7555310344828
0.963342856940104,-0.545766463919811,-0.0959317804717155,-0.329911410024315,0.136964474982246,60.4470344827586,36.7555310344828
1.08148185141957,-0.545766463919811,-0.11015764698931,-0.348855292087888,0.127855372644938,63.8743862068965,36.7555310344828
1.19962084589903,-0.545766463919811,-0.124307268369239,-0.368619171574913,0.118712761677604,67.3017379310345,36.7555310344828
1.31775984037849,-0.545766463919811,-0.138377683898887,-0.38773510108038,0.112203105737632,70.7290896551724,36.7555310344828
1.43589883485796,-0.545766463919811,-0.152369425792111,-0.40890084168325,0.105563199663364,74.1564413793103,36.7555310344828
1.55403782933742,-0.545766463919811,-0.166286906084016,-0.430392211308384,0.0992029851535894,77.5837931034483,36.7555310344828
1.67217682381688,-0.545766463919811,-0.180140329776526,-0.453592946850426,0.0941932478020884,81.0111448275862,36.7555310344828
1.79031581829635,-0.545766463919811,-0.193946587046403,-0.477409755371762,0.0918606508372299,84.4384965517241,36.7555310344828
1.90845481277581,-0.545766463919811,-0.207723096211494,-0.50092232432426,0.0880667722870108,87.8658482758621,36.7555310344828
2.02659380725527,-0.545766463919811,-0.221486216801655,-0.526615668017848,0.0859084089424798,91.2932,36.7555310344828
-1.39943703264916,-0.417895067785836,0.197495890393065,-0.116994610980295,0.503615199461038,-8.1,38.2033103448276
-1.2812980381697,-0.417895067785836,0.182209161681881,-0.120094796837608,0.475260007704713,-4.67264827586207,38.2033103448276
-1.16315904369023,-0.417895067785836,0.166931239960412,-0.123784063704286,0.450886041188068,-1.24529655172414,38.2033103448276
-1.04502004921077,-0.417895067785836,0.15167157241661,-0.128455260854574,0.425474857011615,2.18205517241379,38.2033103448276
-0.926881054731307,-0.417895067785836,0.136442841674954,-0.134982971221951,0.400119669892584,5.60940689655172,38.2033103448276
-0.808742060251843,-0.417895067785836,0.121258975655883,-0.142222672314993,0.375188700014285,9.03675862068965,38.2033103448276
-0.69060306577238,-0.417895067785836,0.106133101381632,-0.14987393179132,0.352894739667273,12.4641103448276,38.2033103448276
-0.572464071292917,-0.417895067785836,0.0910752634252252,-0.157928236820586,0.331065556468258,15.8914620689655,38.2033103448276
-0.454325076813454,-0.417895067785836,0.0760896803613118,-0.166783065221469,0.308977396907824,19.3188137931034,38.2033103448276
-0.336186082333991,-0.417895067785836,0.0611748919152109,-0.175431711659775,0.2900397492602,22.7461655172414,38.2033103448276
-0.218047087854528,-0.417895067785836,0.046326593149153,-0.183870305305834,0.270744030129392,26.1735172413793,38.2033103448276
-0.0999080933750645,-0.417895067785836,0.0315406963220854,-0.195689666193019,0.251892844450062,29.6008689655172,38.2033103448276
0.0182309011043986,-0.417895067785836,0.0168142515552614,-0.206264292923856,0.235137642060943,33.0282206896552,38.2033103448276
0.136369895583862,-0.417895067785836,0.00214548869758935,-0.219351847951653,0.219506331442445,36.4555724137931,38.2033103448276
0.254508890063325,-0.417895067785836,-0.0124669963109021,-0.234074037616435,0.205258559487744,39.882924137931,38.2033103448276
0.372647884542788,-0.417895067785836,-0.0270246072512212,-0.249602202036668,0.191982463669312,43.310275862069,38.2033103448276
0.490786879022251,-0.417895067785836,-0.041528693112556,-0.265231532117846,0.179286485616908,46.7376275862069,38.2033103448276
0.608925873501715,-0.417895067785836,-0.0559788560589367,-0.281441189247494,0.166656034631844,50.1649793103448,38.2033103448276
0.727064867981178,-0.417895067785836,-0.0703722036577226,-0.298015238125099,0.155236049483278,53.5923310344828,38.2033103448276
0.845203862460641,-0.417895067785836,-0.0847049759306373,-0.315477176476562,0.146142736370391,57.0196827586207,38.2033103448276
0.963342856940104,-0.417895067785836,-0.0989732817383961,-0.335537469813619,0.138343878938628,60.4470344827586,38.2033103448276
1.08148185141957,-0.417895067785836,-0.113173233717555,-0.355186233752474,0.130363963263775,63.8743862068965,38.2033103448276
1.19962084589903,-0.417895067785836,-0.127300945007341,-0.376104602988205,0.123683539173603,67.3017379310345,38.2033103448276
1.31775984037849,-0.417895067785836,-0.141353475599809,-0.397806023485491,0.117751101906627,70.7290896551724,38.2033103448276
1.43589883485796,-0.417895067785836,-0.155331242559263,-0.418383828686933,0.112055830678914,74.1564413793103,38.2033103448276
1.55403782933742,-0.417895067785836,-0.169238382270578,-0.441089821810905,0.107710050978308,77.5837931034483,38.2033103448276
1.67217682381688,-0.417895067785836,-0.183084572341109,-0.465005814572514,0.103776987735654,81.0111448275862,38.2033103448276
1.79031581829635,-0.417895067785836,-0.196885881252451,-0.489480941380527,0.0995456515106752,84.4384965517241,38.2033103448276
1.90845481277581,-0.417895067785836,-0.210658883069636,-0.513127343139192,0.0952640285490149,87.8658482758621,38.2033103448276
2.02659380725527,-0.417895067785836,-0.224419144862261,-0.537369850253168,0.0937234764466202,91.2932,38.2033103448276
-1.39943703264916,-0.29002367165186,0.192939328504189,-0.108403399963403,0.48191297038086,-8.1,39.6510896551724
-1.2812980381697,-0.29002367165186,0.177772659513343,-0.111879593515243,0.455349475903323,-4.67264827586207,39.6510896551724
-1.16315904369023,-0.29002367165186,0.162614133873341,-0.116571762101456,0.432637283172402,-1.24529655172414,39.6510896551724
-1.04502004921077,-0.29002367165186,0.147472472637189,-0.121274896963235,0.407947820831643,2.18205517241379,39.6510896551724
-0.926881054731307,-0.29002367165186,0.132359295486306,-0.12811988651098,0.382589708461316,5.60940689655172,39.6510896551724
-0.808742060251843,-0.29002367165186,0.117287265923928,-0.134510594362955,0.35997553917391,9.03675862068965,39.6510896551724
-0.69060306577238,-0.29002367165186,0.102268253922489,-0.14125349806963,0.337300097948889,12.4641103448276,39.6510896551724
-0.572464071292917,-0.29002367165186,0.0873112301937176,-0.150505359757765,0.317286359231085,15.8914620689655,39.6510896551724
-0.454325076813454,-0.29002367165186,0.0724197368288895,-0.161790359260678,0.297287381677714,19.3188137931034,39.6510896551724
-0.336186082333991,-0.29002367165186,0.0575920948802158,-0.170108050144256,0.278334841301219,22.7461655172414,39.6510896551724
-0.218047087854528,-0.29002367165186,0.0428240827041542,-0.180650112314579,0.260627138902614,26.1735172413793,39.6510896551724
-0.0999080933750645,-0.29002367165186,0.0281119280965105,-0.192501515200733,0.242976775723169,29.6008689655172,39.6510896551724
0.0182309011043986,-0.29002367165186,0.0134531223104486,-0.204177445756372,0.227108954858104,33.0282206896552,39.6510896551724
0.136369895583862,-0.29002367165186,-0.00115367753043749,-0.219225147653154,0.212530935608782,36.4555724137931,39.6510896551724
0.254508890063325,-0.29002367165186,-0.0157094551071399,-0.234357112927355,0.201454944977352,39.882924137931,39.6510896551724
0.372647884542788,-0.29002367165186,-0.0302151938269437,-0.25077778731204,0.187898296855402,43.310275862069,39.6510896551724
0.490786879022251,-0.29002367165186,-0.0446718256056153,-0.266624353986969,0.176644802736136,46.7376275862069,39.6510896551724
0.608925873501715,-0.29002367165186,-0.0590786419369194,-0.285169816664672,0.166085784715676,50.1649793103448,39.6510896551724
0.727064867981178,-0.29002367165186,-0.0734325988454885,-0.302365900391907,0.155663339195273,53.5923310344828,39.6510896551724
0.845203862460641,-0.29002367165186,-0.0877298713599959,-0.322642405455774,0.147078718352195,57.0196827586207,39.6510896551724
0.963342856940104,-0.29002367165186,-0.101966552792706,-0.34278800676611,0.140372769266284,60.4470344827586,39.6510896551724
1.08148185141957,-0.29002367165186,-0.116138747109821,-0.363743336284001,0.134232154976671,63.8743862068965,39.6510896551724
1.19962084589903,-0.29002367165186,-0.130242558762783,-0.384634496485008,0.129432758610337,67.3017379310345,39.6510896551724
1.31775984037849,-0.29002367165186,-0.144275006209814,-0.40733099791738,0.123435444372685,70.7290896551724,39.6510896551724
1.43589883485796,-0.29002367165186,-0.158236347298156,-0.430762937288538,0.119166515169981,74.1564413793103,39.6510896551724
1.55403782933742,-0.29002367165186,-0.172130421246827,-0.454869449748593,0.115566162243987,77.5837931034483,39.6510896551724
1.67217682381688,-0.29002367165186,-0.185966395256618,-0.47907242315149,0.112684599773833,81.0111448275862,39.6510896551724
1.79031581829635,-0.29002367165186,-0.19975957944633,-0.50347742993818,0.109901092982921,84.4384965517241,39.6510896551724
1.90845481277581,-0.29002367165186,-0.213525771757281,-0.528979216394202,0.107330770946889,87.8658482758621,39.6510896551724
2.02659380725527,-0.29002367165186,-0.227279814951905,-0.55480441607165,0.105286823702229,91.2932,39.6510896551724
-1.39943703264916,-0.162152275517883,0.18839735007079,-0.100846534810117,0.465892198485697,-8.1,41.0988689655172
-1.2812980381697,-0.162152275517883,0.17335150256572,-0.105148858458412,0.438709664828768,-4.67264827586207,41.0988689655172
-1.16315904369023,-0.162152275517883,0.158313190023802,-0.109026288468977,0.414508726713932,-1.24529655172414,41.0988689655172
-1.04502004921077,-0.162152275517883,0.143290465221912,-0.114705009624299,0.39045163433927,2.18205517241379,41.0988689655172
-0.926881054731307,-0.162152275517883,0.128293953580033,-0.120581175042458,0.366339788723864,5.60940689655172,41.0988689655172
-0.808742060251843,-0.162152275517883,0.113335118811268,-0.127927085814272,0.346015285552321,9.03675862068965,41.0988689655172
-0.69060306577238,-0.162152275517883,0.098424626630718,-0.136287483390286,0.325664183138874,12.4641103448276,41.0988689655172
-0.572464071292917,-0.162152275517883,0.0835703977063798,-0.146593557489252,0.305898264388081,15.8914620689655,41.0988689655172
-0.454325076813454,-0.162152275517883,0.0687752703726958,-0.157690299751254,0.285675183023486,19.3188137931034,41.0988689655172
-0.336186082333991,-0.162152275517883,0.0540372740415864,-0.168086362974385,0.268196913323377,22.7461655172414,41.0988689655172
-0.218047087854528,-0.162152275517883,0.0393521785932411,-0.179272012446297,0.251236481688601,26.1735172413793,41.0988689655172
-0.0999080933750645,-0.162152275517883,0.0247164522564587,-0.190057261273689,0.235438171920047,29.6008689655172,41.0988689655172
0.0182309011043986,-0.162152275517883,0.0101279749398751,-0.203812972772999,0.220288175883602,33.0282206896552,41.0988689655172
0.136369895583862,-0.162152275517883,-0.0044142059516814,-0.219247847700397,0.207282843995971,36.4555724137931,41.0988689655172
0.254508890063325,-0.162152275517883,-0.0189106860464197,-0.235272363400184,0.194810978202264,39.882924137931,41.0988689655172
0.372647884542788,-0.162152275517883,-0.0333620607005389,-0.25253790542559,0.184092186873087,43.310275862069,41.0988689655172
0.490786879022251,-0.162152275517883,-0.0477688762672011,-0.27069316128724,0.174189669134622,46.7376275862069,41.0988689655172
0.608925873501715,-0.162152275517883,-0.0621301189438357,-0.28956284714192,0.164730542860108,50.1649793103448,41.0988689655172
0.727064867981178,-0.162152275517883,-0.0764425594513707,-0.309388770022497,0.157407077129998,53.5923310344828,41.0988689655172
0.845203862460641,-0.162152275517883,-0.0907022520879663,-0.331164453594873,0.151165814685734,57.0196827586207,41.0988689655172
0.963342856940104,-0.162152275517883,-0.104905205239222,-0.351632416241323,0.146322598494307,60.4470344827586,41.0988689655172
1.08148185141957,-0.162152275517883,-0.119047442854916,-0.374079128889207,0.140886453476364,63.8743862068965,41.0988689655172
1.19962084589903,-0.162152275517883,-0.133124989355498,-0.3970828146351,0.135386797282894,67.3017379310345,41.0988689655172
1.31775984037849,-0.162152275517883,-0.14713475573664,-0.420239311602516,0.131675606650965,70.7290896551724,41.0988689655172
1.43589883485796,-0.162152275517883,-0.161076794307456,-0.445620505715178,0.128064087998768,74.1564413793103,41.0988689655172
1.55403782933742,-0.162152275517883,-0.174954625123915,-0.470358005587137,0.125732184975051,77.5837931034483,41.0988689655172
1.67217682381688,-0.162152275517883,-0.188776924465208,-0.493703795032308,0.123372974059169,81.0111448275862,41.0988689655172
1.79031581829635,-0.162152275517883,-0.202558313481978,-0.51968643060394,0.12235159974322,84.4384965517241,41.0988689655172
1.90845481277581,-0.162152275517883,-0.216313888530481,-0.545109913074518,0.119555972506677,87.8658482758621,41.0988689655172
2.02659380725527,-0.162152275517883,-0.23005784248712,-0.571169438805979,0.120135678943206,91.2932,41.0988689655172
-1.39943703264916,-0.0342808793839073,0.183888339018939,-0.0963329962140085,0.450102750303571,-8.1,42.5466482758621
-1.2812980381697,-0.0342808793839073,0.168963028272123,-0.0994782362456976,0.42499671072423,-4.67264827586207,42.5466482758621
-1.16315904369023,-0.0342808793839073,0.154044709237213,-0.10497335416377,0.400591972149189,-1.24529655172414,42.5466482758621
-1.04502004921077,-0.0342808793839073,0.139140834864969,-0.111232061323035,0.37588915778485,2.18205517241379,42.5466482758621
-0.926881054731307,-0.0342808793839073,0.124261119143557,-0.117061882230707,0.354072094897915,5.60940689655172,42.5466482758621
-0.808742060251843,-0.0342808793839073,0.109415906107448,-0.125285966513617,0.333462599092106,9.03675862068965,42.5466482758621
-0.69060306577238,-0.0342808793839073,0.0946147245891922,-0.132051297917837,0.313760659146711,12.4641103448276,42.5466482758621
-0.572464071292917,-0.0342808793839073,0.0798644802430428,-0.143523008501832,0.294124370058517,15.8914620689655,42.5466482758621
-0.454325076813454,-0.0342808793839073,0.0651672853002849,-0.154875804224585,0.276702867106812,19.3188137931034,42.5466482758621
-0.336186082333991,-0.0342808793839073,0.0505208035083404,-0.165109912018245,0.259964832170294,22.7461655172414,42.5466482758621
-0.218047087854528,-0.0342808793839073,0.0359207005968956,-0.177564517216949,0.242830041998401,26.1735172413793,42.5466482758621
-0.0999080933750645,-0.0342808793839073,0.0213636069434624,-0.18981693026567,0.227063807240761,29.6008689655172,42.5466482758621
0.0182309011043986,-0.0342808793839073,0.00684773707092012,-0.204411810802543,0.213961698505618,33.0282206896552,42.5466482758621
0.136369895583862,-0.0342808793839073,-0.00762750852064276,-0.22071389245259,0.202320146585909,36.4555724137931,42.5466482758621
0.254508890063325,-0.0342808793839073,-0.0220623695051603,-0.237322724590896,0.191621303024424,39.882924137931,42.5466482758621
0.372647884542788,-0.0342808793839073,-0.036457085282378,-0.255227944101328,0.182675756823261,43.310275862069,42.5466482758621
0.490786879022251,-0.0342808793839073,-0.0508118478742041,-0.275160061260862,0.174196048229239,46.7376275862069,42.5466482758621
0.608925873501715,-0.0342808793839073,-0.0651253416471256,-0.294047932573296,0.167251592666199,50.1649793103448,42.5466482758621
0.727064867981178,-0.0342808793839073,-0.0793941140990821,-0.317071429066018,0.160833933534581,53.5923310344828,42.5466482758621
0.845203862460641,-0.0342808793839073,-0.0936140384668875,-0.339529975481683,0.155450389307146,57.0196827586207,42.5466482758621
0.963342856940104,-0.0342808793839073,-0.107780964592702,-0.361812988369888,0.153061474163711,60.4470344827586,42.5466482758621
1.08148185141957,-0.0342808793839073,-0.121890760911191,-0.38614440322448,0.147937046946511,63.8743862068965,42.5466482758621
1.19962084589903,-0.0342808793839073,-0.135939296316648,-0.409886357891741,0.144817086057785,67.3017379310345,42.5466482758621
1.31775984037849,-0.0342808793839073,-0.149923305479367,-0.435051556764301,0.141575929230162,70.7290896551724,42.5466482758621
1.43589883485796,-0.0342808793839073,-0.163842590217214,-0.461283120810394,0.139009159995089,74.1564413793103,42.5466482758621
1.55403782933742,-0.0342808793839073,-0.177700335459928,-0.487608865889551,0.136483395564147,77.5837931034483,42.5466482758621
1.67217682381688,-0.0342808793839073,-0.191504758861335,-0.513982976371767,0.135622112904179,81.0111448275862,42.5466482758621
1.79031581829635,-0.0342808793839073,-0.205269882561211,-0.539711509340475,0.134088243529666,84.4384965517241,42.5466482758621
1.90845481277581,-0.0342808793839073,-0.219010197018656,-0.56680707892324,0.134112457384368,87.8658482758621,42.5466482758621
2.02659380725527,-0.0342808793839073,-0.232739339403338,-0.594228822913224,0.13617424735562,91.2932,42.5466482758621
-1.39943703264916,0.0935905167500688,0.179447232848055,-0.0945908322480817,0.441883873839096,-8.1,43.9944275862069
-1.2812980381697,0.0935905167500688,0.16464002871572,-0.0987459279204197,0.41611931101383,-4.67264827586207,43.9944275862069
-1.16315904369023,0.0935905167500688,0.149839352628677,-0.102164461633292,0.391798657129007,-1.24529655172414,43.9944275862069
-1.04502004921077,0.0935905167500688,0.135052141673931,-0.107974463652827,0.367973143572051,2.18205517241379,43.9944275862069
-0.926881054731307,0.0935905167500688,0.120287302183508,-0.115470042679817,0.344631597449612,5.60940689655172,43.9944275862069
-0.808742060251843,0.0935905167500688,0.105554161870569,-0.122248032591548,0.323078853255918,9.03675862068965,43.9944275862069
-0.69060306577238,0.0935905167500688,0.0908612022376838,-0.131008048382635,0.304637788724676,12.4641103448276,43.9944275862069
-0.572464071292917,0.0935905167500688,0.0762143667144537,-0.140768003516002,0.287424483057395,15.8914620689655,43.9944275862069
-0.454325076813454,0.0935905167500688,0.0616150286105448,-0.151662208611464,0.268732296023299,19.3188137931034,43.9944275862069
-0.336186082333991,0.0935905167500688,0.0470604137727042,-0.163943668657251,0.251255866791386,22.7461655172414,43.9944275862069
-0.218047087854528,0.0935905167500688,0.0325459863273008,-0.17573080054774,0.236668806411824,26.1735172413793,43.9944275862069
-0.0999080933750645,0.0935905167500688,0.0180684599936576,-0.189397768746054,0.22362296591113,29.6008689655172,43.9944275862069
0.0182309011043986,0.0935905167500688,0.0036263316707541,-0.206472959452235,0.211179488269094,33.0282206896552,43.9944275862069
0.136369895583862,0.0935905167500688,-0.0107806786490203,-0.221167467838662,0.201444184270688,36.4555724137931,43.9944275862069
0.254508890063325,0.0935905167500688,-0.0251524826606275,-0.239914161967209,0.191253288312155,39.882924137931,43.9944275862069
0.372647884542788,0.0935905167500688,-0.039488991778373,-0.260451076440718,0.182656383996825,43.310275862069,43.9944275862069
0.490786879022251,0.0935905167500688,-0.0537900707591934,-0.280829577136295,0.175131528331084,46.7376275862069,43.9944275862069
0.608925873501715,0.0935905167500688,-0.0680541001621859,-0.302667078822021,0.169883184169031,50.1649793103448,43.9944275862069
0.727064867981178,0.0935905167500688,-0.0822773593814423,-0.326032872967999,0.165341324718827,53.5923310344828,43.9944275862069
0.845203862460641,0.0935905167500688,-0.0964554741531185,-0.350043369854125,0.16188843127658,57.0196827586207,43.9944275862069
0.963342856940104,0.0935905167500688,-0.110584057859688,-0.374395073395201,0.15920966242313,60.4470344827586,43.9944275862069
1.08148185141957,0.0935905167500688,-0.124658743954619,-0.399385279016366,0.156196872780686,63.8743862068965,43.9944275862069
1.19962084589903,0.0935905167500688,-0.138675166344579,-0.423747848155225,0.153905914553189,67.3017379310345,43.9944275862069
1.31775984037849,0.0935905167500688,-0.152629812595143,-0.450209960345121,0.150932814143904,70.7290896551724,43.9944275862069
1.43589883485796,0.0935905167500688,-0.166522194366427,-0.477048206339005,0.150522365576541,74.1564413793103,43.9944275862069
1.55403782933742,0.0935905167500688,-0.180355158360274,-0.504311037079473,0.150142053677994,77.5837931034483,43.9944275862069
1.67217682381688,0.0935905167500688,-0.194136519315208,-0.532313298577915,0.149926150730571,81.0111448275862,43.9944275862069
1.79031581829635,0.0935905167500688,-0.207879825624079,-0.560416937026681,0.150761926153733,84.4384965517241,43.9944275862069
1.90845481277581,0.0935905167500688,-0.221599093657579,-0.588797991009155,0.152383071503198,87.8658482758621,43.9944275862069
2.02659380725527,0.0935905167500688,-0.235307532492438,-0.616932186082661,0.154873864389141,91.2932,43.9944275862069
-1.39943703264916,0.221461912884044,0.175117662787869,-0.0990640219138563,0.436269346957207,-8.1,45.4422068965517
-1.2812980381697,0.221461912884044,0.160423394175477,-0.101837910424532,0.408824859462917,-4.67264827586207,45.4422068965517
-1.16315904369023,0.221461912884044,0.145735285858109,-0.105359810061524,0.385186564648976,-1.24529655172414,45.4422068965517
-1.04502004921077,0.221461912884044,0.131059860573672,-0.10982335496245,0.360019030289088,2.18205517241379,45.4422068965517
-0.926881054731307,0.221461912884044,0.116405344595233,-0.115260030384875,0.337838201060876,5.60940689655172,45.4422068965517
-0.808742060251843,0.221461912884044,0.101780179278648,-0.12209057402471,0.316306971560935,9.03675862068965,45.4422068965517
-0.69060306577238,0.221461912884044,0.0871919138811319,-0.130408557748881,0.297782659032546,12.4641103448276,45.4422068965517
-0.572464071292917,0.221461912884044,0.0726456031986489,-0.139593869464937,0.279486405813863,15.8914620689655,45.4422068965517
-0.454325076813454,0.221461912884044,0.0581418807940826,-0.151644077059043,0.262789038498877,19.3188137931034,45.4422068965517
-0.336186082333991,0.221461912884044,0.0436774661394281,-0.164631253545472,0.246762604348512,22.7461655172414,45.4422068965517
-0.218047087854528,0.221461912884044,0.0292475243366108,-0.175886682559214,0.232980812038262,26.1735172413793,45.4422068965517
-0.0999080933750645,0.221461912884044,0.0148487751782054,-0.190811663128795,0.220777598076543,29.6008689655172,45.4422068965517
0.0182309011043986,0.221461912884044,0.000479949836718729,-0.207518852047572,0.208947614472742,33.0282206896552,45.4422068965517
0.136369895583862,0.221461912884044,-0.0138589397798214,-0.224952068316084,0.200388161226388,36.4555724137931,45.4422068965517
0.254508890063325,0.221461912884044,-0.0281674987652787,-0.245117699308283,0.191703460027254,39.882924137931,45.4422068965517
0.372647884542788,0.221461912884044,-0.0424453319216713,-0.265891666167323,0.18450522144974,43.310275862069,45.4422068965517
0.490786879022251,0.221461912884044,-0.0566919971800055,-0.287451679342044,0.179865014110188,46.7376275862069,45.4422068965517
0.608925873501715,0.221461912884044,-0.0709055618166394,-0.312347864207868,0.176598366819901,50.1649793103448,45.4422068965517
0.727064867981178,0.221461912884044,-0.0850819839388259,-0.335434586085481,0.17361025921431,53.5923310344828,45.4422068965517
0.845203862460641,0.221461912884044,-0.0992165687721591,-0.35976355743185,0.1701242671956,57.0196827586207,45.4422068965517
0.963342856940104,0.221461912884044,-0.113304611460984,-0.387908336262658,0.169200904909036,60.4470344827586,45.4422068965517
1.08148185141957,0.221461912884044,-0.127341427630798,-0.413829804213223,0.166114726558603,63.8743862068965,45.4422068965517
1.19962084589903,0.221461912884044,-0.141322333359775,-0.440780160054322,0.164383794258984,67.3017379310345,45.4422068965517
1.31775984037849,0.221461912884044,-0.155243497403874,-0.467580377943604,0.16371239555907,70.7290896551724,45.4422068965517
1.43589883485796,0.221461912884044,-0.169104109279535,-0.496114586047711,0.165347267758659,74.1564413793103,45.4422068965517
1.55403782933742,0.221461912884044,-0.182906690982784,-0.523138710245035,0.167226862003327,77.5837931034483,45.4422068965517
1.67217682381688,0.221461912884044,-0.196658738919653,-0.550764452379682,0.169246043353194,81.0111448275862,45.4422068965517
1.79031581829635,0.221461912884044,-0.210373495592156,-0.581168671141477,0.172140365550588,84.4384965517241,45.4422068965517
1.90845481277581,0.221461912884044,-0.224064678580251,-0.610309283632087,0.173102299833976,87.8658482758621,45.4422068965517
2.02659380725527,0.221461912884044,-0.237745236598284,-0.641100381312728,0.176036651341365,91.2932,45.4422068965517
-1.39943703264916,0.349333309018021,0.170946483528172,-0.105838589905247,0.435242800294086,-8.1,46.8899862068966
-1.2812980381697,0.349333309018021,0.156357004292999,-0.108508093170561,0.408093606163328,-4.67264827586207,46.8899862068966
-1.16315904369023,0.349333309018021,0.141773430175411,-0.111161224180061,0.382476261019003,-1.24529655172414,46.8899862068966
-1.04502004921077,0.349333309018021,0.127201988991674,-0.113451566640134,0.357643876826554,2.18205517241379,46.8899862068966
-0.926881054731307,0.349333309018021,0.11265037894178,-0.11773391543365,0.335070740277991,5.60940689655172,46.8899862068966
-0.808742060251843,0.349333309018021,0.0981263123346343,-0.124331058674366,0.31333309624065,9.03675862068965,46.8899862068966
-0.69060306577238,0.349333309018021,0.0836365475985437,-0.131584685111598,0.294352746855437,12.4641103448276,46.8899862068966
-0.572464071292917,0.349333309018021,0.0691853461519334,-0.14219956802126,0.276182953716753,15.8914620689655,46.8899862068966
-0.454325076813454,0.349333309018021,0.054772613957323,-0.151937224874239,0.259517283089642,19.3188137931034,46.8899862068966
-0.336186082333991,0.349333309018021,0.0403945005110709,-0.164769123447837,0.245082183976385,22.7461655172414,46.8899862068966
-0.218047087854528,0.349333309018021,0.0260457757042001,-0.177789165460967,0.230968260234061,26.1735172413793,46.8899862068966
-0.0999080933750645,0.349333309018021,0.0117230909328632,-0.193249236801361,0.219280124325717,29.6008689655172,46.8899862068966
0.0182309011043986,0.349333309018021,-0.00257463104931555,-0.21086530414937,0.209781315891133,33.0282206896552,46.8899862068966
0.136369895583862,0.349333309018021,-0.0168471067337657,-0.230663121125706,0.20108795909954,36.4555724137931,46.8899862068966
0.254508890063325,0.349333309018021,-0.0310936481717856,-0.251168021436804,0.194225688546539,39.882924137931,46.8899862068966
0.372647884542788,0.349333309018021,-0.0453135671064897,-0.272593887936004,0.187664164843944,43.310275862069,46.8899862068966
0.490786879022251,0.349333309018021,-0.0595061272424415,-0.29734296309979,0.185013682825948,46.7376275862069,46.8899862068966
0.608925873501715,0.349333309018021,-0.0736690647020277,-0.320785212135777,0.18270531754489,50.1649793103448,46.8899862068966
0.727064867981178,0.349333309018021,-0.0877979544388814,-0.346610487968892,0.181664377500778,53.5923310344828,46.8899862068966
0.845203862460641,0.349333309018021,-0.101887701681832,-0.374281150574268,0.180441205253979,57.0196827586207,46.8899862068966
0.963342856940104,0.349333309018021,-0.115933198224558,-0.402492950236749,0.17885227382148,60.4470344827586,46.8899862068966
1.08148185141957,0.349333309018021,-0.129929356235468,-0.430313431335237,0.177476049234504,63.8743862068965,46.8899862068966
1.19962084589903,0.349333309018021,-0.143871088342405,-0.456594437076826,0.17813857576208,67.3017379310345,46.8899862068966
1.31775984037849,0.349333309018021,-0.157754172584033,-0.485623369012198,0.179813097838327,70.7290896551724,46.8899862068966
1.43589883485796,0.349333309018021,-0.171577453177523,-0.514230932822282,0.182201937496619,74.1564413793103,46.8899862068966
1.55403782933742,0.349333309018021,-0.18534315909361,-0.542976856713026,0.185160298745259,77.5837931034483,46.8899862068966
1.67217682381688,0.349333309018021,-0.19905858380655,-0.573636625632461,0.187918363966232,81.0111448275862,46.8899862068966
1.79031581829635,0.349333309018021,-0.212736876732082,-0.606256575806481,0.190885385610183,84.4384965517241,46.8899862068966
1.90845481277581,0.349333309018021,-0.226391677804691,-0.636399990040634,0.193974068265548,87.8658482758621,46.8899862068966
2.02659380725527,0.349333309018021,-0.240035885323475,-0.667680406820475,0.19899379789858,91.2932,46.8899862068966
-1.39943703264916,0.477204705151997,0.166977108978513,-0.117244491958339,0.438833391752482,-8.1,48.3377655172414
-1.2812980381697,0.477204705151997,0.152481469423467,-0.1183577112351,0.409634554935475,-4.67264827586207,48.3377655172414
-1.16315904369023,0.477204705151997,0.137991606477555,-0.118144166870171,0.384301522996636,-1.24529655172414,48.3377655172414
-1.04502004921077,0.477204705151997,0.12351358764825,-0.119551542667462,0.357974738716402,2.18205517241379,48.3377655172414
-0.926881054731307,0.477204705151997,0.109054755895658,-0.124470086784306,0.334615626618269,5.60940689655172,48.3377655172414
-0.808742060251843,0.477204705151997,0.09462227538965,-0.129717729505033,0.313283661469309,9.03675862068965,48.3377655172414
-0.69060306577238,0.477204705151997,0.0802222780467425,-0.137258788619588,0.293572505048534,12.4641103448276,48.3377655172414
-0.572464071292917,0.477204705151997,0.0658583464023925,-0.146954266777052,0.274548333257033,15.8914620689655,48.3377655172414
-0.454325076813454,0.477204705151997,0.0515296833529661,-0.155788518316992,0.257880916078562,19.3188137931034,48.3377655172414
-0.336186082333991,0.477204705151997,0.0372318108356042,-0.168543535335983,0.243633164451325,22.7461655172414,48.3377655172414
-0.218047087854528,0.477204705151997,0.0229590105191577,-0.18185986798117,0.230267923459887,26.1735172413793,48.3377655172414
-0.0999080933750645,0.477204705151997,0.00870779536143873,-0.198630834416581,0.220026221479004,29.6008689655172,48.3377655172414
0.0182309011043986,0.477204705151997,-0.00552275652047052,-0.2178716245146,0.210544126546968,33.0282206896552,48.3377655172414
0.136369895583862,0.477204705151997,-0.0197321024554467,-0.237419931632318,0.204057012938577,36.4555724137931,48.3377655172414
0.254508890063325,0.477204705151997,-0.033919266712825,-0.258683801239603,0.197506886602488,39.882924137931,48.3377655172414
0.372647884542788,0.477204705151997,-0.0480832732319483,-0.28216949697563,0.192466023136594,43.310275862069,48.3377655172414
0.490786879022251,0.477204705151997,-0.0622230957928878,-0.306498686253192,0.190030478884775,46.7376275862069,48.3377655172414
0.608925873501715,0.477204705151997,-0.076336113294281,-0.333012297950781,0.188564523745274,50.1649793103448,48.3377655172414
0.727064867981178,0.477204705151997,-0.0904174481317825,-0.359938066499811,0.188706246083166,53.5923310344828,48.3377655172414
0.845203862460641,0.477204705151997,-0.104461521112295,-0.388245993836603,0.187823860237794,57.0196827586207,48.3377655172414
0.963342856940104,0.477204705151997,-0.118462733905006,-0.41595325687142,0.189534821499967,60.4470344827586,48.3377655172414
1.08148185141957,0.477204705151997,-0.132415508496157,-0.444983851735694,0.192208829790613,63.8743862068965,48.3377655172414
1.19962084589903,0.477204705151997,-0.146314267346682,-0.473135946967586,0.193971914163556,67.3017379310345,48.3377655172414
1.31775984037849,0.477204705151997,-0.160154327065964,-0.503880625034556,0.196852028641604,70.7290896551724,48.3377655172414
1.43589883485796,0.477204705151997,-0.173934172621721,-0.533253521151116,0.200168739487868,74.1564413793103,48.3377655172414
1.55403782933742,0.477204705151997,-0.187655789019657,-0.565249808606763,0.204033633195355,77.5837931034483,48.3377655172414
1.67217682381688,0.477204705151997,-0.201326410479615,-0.59787051835428,0.21073318029728,81.0111448275862,48.3377655172414
1.79031581829635,0.477204705151997,-0.21495934649236,-0.631567486053884,0.213496580284652,84.4384965517241,48.3377655172414
1.90845481277581,0.477204705151997,-0.228568421574245,-0.664038198171064,0.218362092331672,87.8658482758621,48.3377655172414
2.02659380725527,0.477204705151997,-0.242166731255195,-0.696405391654851,0.224562546897891,91.2932,48.3377655172414
-1.39943703264916,0.605076101285972,0.163245536604362,-0.130281239160762,0.445152434489892,-8.1,49.7855448275862
-1.2812980381697,0.605076101285972,0.148830399865871,-0.12906474614997,0.416869407857743,-4.67264827586207,49.7855448275862
-1.16315904369023,0.605076101285972,0.13442104779168,-0.129021298681755,0.38869559798679,-1.24529655172414,49.7855448275862
-1.04502004921077,0.605076101285972,0.120023532894534,-0.128892733646674,0.362315471479879,2.18205517241379,49.7855448275862
-0.926881054731307,0.605076101285972,0.105645030695074,-0.131560612494368,0.336635723617296,5.60940689655172,49.7855448275862
-0.808742060251843,0.605076101285972,0.0912923554229215,-0.135921834865625,0.31430822483239,9.03675862068965,49.7855448275862
-0.69060306577238,0.605076101285972,0.0769711938548503,-0.143086709954911,0.293798464117122,12.4641103448276,49.7855448275862
-0.572464071292917,0.605076101285972,0.06268457906185,-0.152467367874743,0.274746548885154,15.8914620689655,49.7855448275862
-0.454325076813454,0.605076101285972,0.0484310462888127,-0.162562060865771,0.258456275358236,19.3188137931034,49.7855448275862
-0.336186082333991,0.605076101285972,0.0342054394531131,-0.174421376304039,0.244341498333401,22.7461655172414,49.7855448275862
-0.218047087854528,0.605076101285972,0.0200014644524058,-0.189398214318628,0.23144657336623,26.1735172413793,49.7855448275862
-0.0999080933750645,0.605076101285972,0.00581543194362499,-0.207165954152813,0.221142473657939,29.6008689655172,49.7855448275862
0.0182309011043986,0.605076101285972,-0.0083534534846792,-0.226711795778009,0.212983672943018,33.0282206896552,49.7855448275862
0.136369895583862,0.605076101285972,-0.0225043943890766,-0.245289545439064,0.207790651149939,36.4555724137931,49.7855448275862
0.254508890063325,0.605076101285972,-0.0366361242554891,-0.268529588892725,0.202004972300931,39.882924137931,49.7855448275862
0.372647884542788,0.605076101285972,-0.0507473762124055,-0.292613559091378,0.198293360651812,43.310275862069,49.7855448275862
0.490786879022251,0.605076101285972,-0.0648368301818829,-0.317449889774189,0.196960662243034,46.7376275862069,49.7855448275862
0.608925873501715,0.605076101285972,-0.0789014744591019,-0.345052245968222,0.197145374460191,50.1649793103448,49.7855448275862
0.727064867981178,0.605076101285972,-0.0929359039879754,-0.373931228030932,0.196942821652457,53.5923310344828,49.7855448275862
0.845203862460641,0.605076101285972,-0.106933968148351,-0.402698792139437,0.199473703288822,57.0196827586207,49.7855448275862
0.963342856940104,0.605076101285972,-0.120889492346004,-0.43192445723487,0.202355802051017,60.4470344827586,49.7855448275862
1.08148185141957,0.605076101285972,-0.134796322836886,-0.460639175319904,0.205744337528749,63.8743862068965,49.7855448275862
1.19962084589903,0.605076101285972,-0.148648306376326,-0.491153172621926,0.209631730756519,67.3017379310345,49.7855448275862
1.31775984037849,0.605076101285972,-0.162440230371417,-0.52373052681386,0.21431547437806,70.7290896551724,49.7855448275862
1.43589883485796,0.605076101285972,-0.176170215666059,-0.556618821812669,0.220025186018073,74.1564413793103,49.7855448275862
1.55403782933742,0.605076101285972,-0.189840067560903,-0.589112125820462,0.224220582401181,77.5837931034483,49.7855448275862
1.67217682381688,0.605076101285972,-0.203457127775196,-0.623015160541001,0.2298584434031,81.0111448275862,49.7855448275862
1.79031581829635,0.605076101285972,-0.217035150720946,-0.657091368757365,0.23783021818274,84.4384965517241,49.7855448275862
1.90845481277581,0.605076101285972,-0.230588439860136,-0.691507293997994,0.243522502231342,87.8658482758621,49.7855448275862
2.02659380725527,0.605076101285972,-0.244130564903618,-0.724813479673546,0.250104830766205,91.2932,49.7855448275862
-1.39943703264916,0.732947497419949,0.159769952686206,-0.144949957998658,0.453060443149469,-8.1,51.233324137931
-1.2812980381697,0.732947497419949,0.145420661254695,-0.143117109351061,0.422373284663634,-4.67264827586207,51.233324137931
-1.16315904369023,0.732947497419949,0.131077300783261,-0.141199071512881,0.393916145494789,-1.24529655172414,51.233324137931
-1.04502004921077,0.732947497419949,0.116746056019691,-0.139963145515813,0.366427253358339,2.18205517241379,51.233324137931
-0.926881054731307,0.732947497419949,0.102434126188754,-0.141469996427132,0.340353949055176,5.60940689655172,51.233324137931
-0.808742060251843,0.732947497419949,0.0881481784547749,-0.144599775623544,0.315936591684034,9.03675862068965,51.233324137931
-0.69060306577238,0.732947497419949,0.0738936410584139,-0.15122657592923,0.296547432967822,12.4641103448276,51.233324137931
-0.572464071292917,0.732947497419949,0.059673132904035,-0.160960534148665,0.276327980544216,15.8914620689655,51.233324137931
-0.454325076813454,0.732947497419949,0.0454845639245085,-0.170543172529385,0.261211105498983,19.3188137931034,51.233324137931
-0.336186082333991,0.732947497419949,0.0313220574202853,-0.18144170090407,0.246537632535779,22.7461655172414,51.233324137931
-0.218047087854528,0.732947497419949,0.0171786642451563,-0.195619469679362,0.234502450493631,26.1735172413793,51.233324137931
-0.0999080933750645,0.732947497419949,0.0030504367848383,-0.213898305872299,0.224566484032857,29.6008689655172,51.233324137931
0.0182309011043986,0.732947497419949,-0.011063315476767,-0.232967163551334,0.217715261961343,33.0282206896552,51.233324137931
0.136369895583862,0.732947497419949,-0.025161537904377,-0.254845197126398,0.213508438767087,36.4555724137931,51.233324137931
0.254508890063325,0.732947497419949,-0.0392426635457546,-0.277323716790602,0.208219965002558,39.882924137931,51.233324137931
0.372647884542788,0.732947497419949,-0.0533051250582748,-0.302648341955264,0.205483970787344,43.310275862069,51.233324137931
0.490786879022251,0.732947497419949,-0.0673472979828158,-0.328949348526322,0.204522140265195,46.7376275862069,51.233324137931
0.608925873501715,0.732947497419949,-0.0813657421222862,-0.357787808149918,0.206581835202704,50.1649793103448,51.233324137931
0.727064867981178,0.732947497419949,-0.0953544489164417,-0.387872090461333,0.20870008558754,53.5923310344828,51.233324137931
0.845203862460641,0.732947497419949,-0.109306611055539,-0.416767209986582,0.210800652763302,57.0196827586207,51.233324137931
0.963342856940104,0.732947497419949,-0.123215395846096,-0.448061374268701,0.214657908127953,60.4470344827586,51.233324137931
1.08148185141957,0.732947497419949,-0.137073992980286,-0.479090630544212,0.219922777091254,63.8743862068965,51.233324137931
1.19962084589903,0.732947497419949,-0.150875592684113,-0.511320123788265,0.226075155336854,67.3017379310345,51.233324137931
1.31775984037849,0.732947497419949,-0.164614390722439,-0.546230573091826,0.231678722588163,70.7290896551724,51.233324137931
1.43589883485796,0.732947497419949,-0.178288146383067,-0.580392572477761,0.23796025148695,74.1564413793103,51.233324137931
1.55403782933742,0.732947497419949,-0.191898558779877,-0.61457112287296,0.246393467380887,77.5837931034483,51.233324137931
1.67217682381688,0.732947497419949,-0.205453254868045,-0.647509931639619,0.252364245435293,81.0111448275862,51.233324137931
1.79031581829635,0.732947497419949,-0.218966731420877,-0.682274914950958,0.261544590291854,84.4384965517241,51.233324137931
1.90845481277581,0.732947497419949,-0.23245407773977,-0.718718223172158,0.269717594943279,87.8658482758621,51.233324137931
2.02659380725527,0.732947497419949,-0.245929625709956,-0.752794775479714,0.279304634065209,91.2932,51.233324137931
-1.39943703264916,0.860818893553925,0.156549966826903,-0.164203489816682,0.464976952464962,-8.1,52.6811034482759
-1.2812980381697,0.860818893553925,0.142251670975451,-0.160281769804411,0.432561954550467,-4.67264827586207,52.6811034482759
-1.16315904369023,0.860818893553925,0.127959584178042,-0.156572636604847,0.402498815477006,-1.24529655172414,52.6811034482759
-1.04502004921077,0.860818893553925,0.113680163878235,-0.15531951156983,0.374594793260909,2.18205517241379,52.6811034482759
-0.926881054731307,0.860818893553925,0.099420815972203,-0.15427479031579,0.347163916098852,5.60940689655172,52.6811034482759
-0.808742060251843,0.860818893553925,0.0851882555677816,-0.155606240563916,0.322336192872159,9.03675862068965,52.6811034482759
-0.69060306577238,0.860818893553925,0.0709878324129418,-0.162042786969613,0.300380429758176,12.4641103448276,52.6811034482759
-0.572464071292917,0.860818893553925,0.0568218833137064,-0.169652544487806,0.282210262442989,15.8914620689655,52.6811034482759
-0.454325076813454,0.860818893553925,0.0426877379571162,-0.179998506137658,0.264432663395151,19.3188137931034,52.6811034482759
-0.336186082333991,0.860818893553925,0.0285787646124509,-0.190557628967126,0.250171929925291,22.7461655172414,52.6811034482759
-0.218047087854528,0.860818893553925,0.0144872903907052,-0.204189453596761,0.237119151663326,26.1735172413793,52.6811034482759
-0.0999080933750645,0.860818893553925,0.000409062517144232,-0.222275061992757,0.228101773695555,29.6008689655172,52.6811034482759
0.0182309011043986,0.860818893553925,-0.013656519394639,-0.242483462590588,0.221812001201984,33.0282206896552,52.6811034482759
0.136369895583862,0.860818893553925,-0.0277081359783264,-0.263635520250693,0.217223934688055,36.4555724137931,52.6811034482759
0.254508890063325,0.860818893553925,-0.0417439055826543,-0.287611114923441,0.214941817615542,39.882924137931,52.6811034482759
0.372647884542788,0.860818893553925,-0.055761946127896,-0.312635020278324,0.213458814327659,43.310275862069,52.6811034482759
0.490786879022251,0.860818893553925,-0.0697603137406047,-0.341220595339474,0.215006625340728,46.7376275862069,52.6811034482759
0.608925873501715,0.860818893553925,-0.0837351004191713,-0.370637881103012,0.216809253818473,50.1649793103448,52.6811034482759
0.727064867981178,0.860818893553925,-0.0976796212691631,-0.400448171120983,0.220059910994136,53.5923310344828,52.6811034482759
0.845203862460641,0.860818893553925,-0.111586332962836,-0.432783445684035,0.223147129610489,57.0196827586207,52.6811034482759
0.963342856940104,0.860818893553925,-0.125447670562777,-0.465143254291972,0.228601304241975,60.4470344827586,52.6811034482759
1.08148185141957,0.860818893553925,-0.139256094312632,-0.498573526295527,0.235248833854439,63.8743862068965,52.6811034482759
1.19962084589903,0.860818893553925,-0.153004065033799,-0.534095030856976,0.242068226217777,67.3017379310345,52.6811034482759
1.31775984037849,0.860818893553925,-0.166685131813877,-0.568160861894696,0.249657414388134,70.7290896551724,52.6811034482759
1.43589883485796,0.860818893553925,-0.180296700376954,-0.602985428102086,0.25725135559449,74.1564413793103,52.6811034482759
1.55403782933742,0.860818893553925,-0.193840440063155,-0.638988892859697,0.265438729318431,77.5837931034483,52.6811034482759
1.67217682381688,0.860818893553925,-0.207324439264753,-0.673766562121823,0.276128240925353,81.0111448275862,52.6811034482759
1.79031581829635,0.860818893553925,-0.220764227653405,-0.707806627516848,0.285843939887583,84.4384965517241,52.6811034482759
1.90845481277581,0.860818893553925,-0.234175979793269,-0.745030632072418,0.29508616443592,87.8658482758621,52.6811034482759
2.02659380725527,0.860818893553925,-0.24757507018934,-0.781850874471661,0.306067501664649,91.2932,52.6811034482759
-1.39943703264916,0.988690289687901,0.153569688116561,-0.183826842472447,0.480135716439787,-8.1,54.1288827586207
-1.2812980381697,0.988690289687901,0.139308306117551,-0.179675065946521,0.446940032466391,-4.67264827586207,54.1288827586207
-1.16315904369023,0.988690289687901,0.125053530371761,-0.176878407054921,0.41474235234652,-1.24529655172414,54.1288827586207
-1.04502004921077,0.988690289687901,0.110812218019194,-0.172429003957672,0.384880693161558,2.18205517241379,54.1288827586207
-0.926881054731307,0.988690289687901,0.0965921475068661,-0.172028841830914,0.357202983908806,5.60940689655172,54.1288827586207
-0.808742060251843,0.988690289687901,0.0824002592745394,-0.170804301237807,0.331927723601309,9.03675862068965,54.1288827586207
-0.69060306577238,0.988690289687901,0.0682419888449486,-0.174085128395896,0.307313636048442,12.4641103448276,54.1288827586207
-0.572464071292917,0.988690289687901,0.0541195125364893,-0.181508725272995,0.289050460428102,15.8914620689655,54.1288827586207
-0.454325076813454,0.988690289687901,0.040029623990983,-0.190154727871463,0.270523043941454,19.3188137931034,54.1288827586207
-0.336186082333991,0.988690289687901,0.0259649099503372,-0.20228398033633,0.255035686992485,22.7461655172414,54.1288827586207
-0.218047087854528,0.988690289687901,0.0119169168287183,-0.214088575997682,0.244145469341637,26.1735172413793,54.1288827586207
-0.0999080933750645,0.988690289687901,-0.00211895082153624,-0.232427258353831,0.233531719016792,29.6008689655172,54.1288827586207
0.0182309011043986,0.988690289687901,-0.0161432122091694,-0.252187639413953,0.226329142727843,33.0282206896552,54.1288827586207
0.136369895583862,0.988690289687901,-0.0301542724506407,-0.273344530454438,0.222212324479258,36.4555724137931,54.1288827586207
0.254508890063325,0.988690289687901,-0.0441499184643956,-0.298237612624165,0.221118624132501,39.882924137931,54.1288827586207
0.372647884542788,0.988690289687901,-0.0581279366978109,-0.324338181340953,0.223505457380988,43.310275862069,54.1288827586207
0.490786879022251,0.988690289687901,-0.0720860464756194,-0.35345463559814,0.224508732975706,46.7376275862069,54.1288827586207
0.608925873501715,0.988690289687901,-0.0860198340194305,-0.383319234920636,0.229212160209533,50.1649793103448,54.1288827586207
0.727064867981178,0.988690289687901,-0.0999218719870072,-0.416103826346565,0.232427024935846,53.5923310344828,54.1288827586207
0.845203862460641,0.988690289687901,-0.11378381076343,-0.450441831700198,0.235902736185456,57.0196827586207,54.1288827586207
0.963342856940104,0.988690289687901,-0.127597289027818,-0.48527741900673,0.244087372241572,60.4470344827586,54.1288827586207
1.08148185141957,0.988690289687901,-0.141353974803881,-0.521583711281519,0.250741791138978,63.8743862068965,54.1288827586207
1.19962084589903,0.988690289687901,-0.15504553674568,-0.5559316540945,0.258525101953108,67.3017379310345,54.1288827586207
1.31775984037849,0.988690289687901,-0.168664830863928,-0.591519664136151,0.267681717028122,70.7290896551724,54.1288827586207
1.43589883485796,0.988690289687901,-0.18220892068517,-0.627321456774915,0.278072714047737,74.1564413793103,54.1288827586207
1.55403782933742,0.988690289687901,-0.195679519577869,-0.661477126610282,0.288332922750167,77.5837931034483,54.1288827586207
1.67217682381688,0.988690289687901,-0.209085341702773,-0.698638551746559,0.299997346333256,81.0111448275862,54.1288827586207
1.79031581829635,0.988690289687901,-0.222443217479557,-0.736361030761434,0.310242890099436,84.4384965517241,54.1288827586207
1.90845481277581,0.988690289687901,-0.235770682523166,-0.774831704726782,0.322165918330015,87.8658482758621,54.1288827586207
2.02659380725527,0.988690289687901,-0.249084411872812,-0.811858554316671,0.335118420226974,91.2932,54.1288827586207
-1.39943703264916,1.11656168582188,0.150791562680864,-0.208356348490853,0.495925480182944,-8.1,55.5766620689655
-1.2812980381697,1.11656168582188,0.1365551363606,-0.202820632385088,0.462022710902295,-4.67264827586207,55.5766620689655
-1.16315904369023,1.11656168582188,0.122325811553219,-0.196079731830828,0.428920290767556,-1.24529655172414,55.5766620689655
-1.04502004921077,1.11656168582188,0.108110949690743,-0.191683466879425,0.398432896194672,2.18205517241379,55.5766620689655
-0.926881054731307,1.11656168582188,0.0939188386172658,-0.189597022152209,0.367023550713383,5.60940689655172,55.5766620689655
-0.808742060251843,1.11656168582188,0.0797567907533785,-0.187006872576075,0.340659302016587,9.03675862068965,55.5766620689655
-0.69060306577238,1.11656168582188,0.0656304634553431,-0.190213026133952,0.316759722325636,12.4641103448276,55.5766620689655
-0.572464071292917,1.11656168582188,0.0515419738664598,-0.196138322208049,0.295667579745969,15.8914620689655,55.5766620689655
-0.454325076813454,1.11656168582188,0.0374876178181083,-0.202767939853034,0.278082769732981,19.3188137931034,55.5766620689655
-0.336186082333991,1.11656168582188,0.0234591811725793,-0.21489940221386,0.262624562095926,22.7461655172414,55.5766620689655
-0.218047087854528,1.11656168582188,0.00944738551588054,-0.227100110544634,0.249797023196052,26.1735172413793,55.5766620689655
-0.0999080933750645,1.11656168582188,-0.00455273551075641,-0.244332130202843,0.239414444369948,29.6008689655172,55.5766620689655
0.0182309011043986,1.11656168582188,-0.018541624890368,-0.262942285743624,0.232516987339334,33.0282206896552,55.5766620689655
0.136369895583862,1.11656168582188,-0.032517401141454,-0.284391664100985,0.229324190410054,36.4555724137931,55.5766620689655
0.254508890063325,1.11656168582188,-0.0464775038444343,-0.308939160370388,0.231461080474251,39.882924137931,55.5766620689655
0.372647884542788,1.11656168582188,-0.0604193720623765,-0.338541669514824,0.232731818041177,43.310275862069,55.5766620689655
0.490786879022251,1.11656168582188,-0.0743403718927427,-0.366363059509613,0.235247909171086,46.7376275862069,55.5766620689655
0.608925873501715,1.11656168582188,-0.0882355511419324,-0.398181051502413,0.238362577276912,50.1649793103448,55.5766620689655
0.727064867981178,1.11656168582188,-0.102096685377795,-0.43166539301665,0.244166858242626,53.5923310344828,55.5766620689655
0.845203862460641,1.11656168582188,-0.115914561571907,-0.467425035134506,0.25064836538324,57.0196827586207,55.5766620689655
0.963342856940104,1.11656168582188,-0.129679970731747,-0.504243460090124,0.259612699389379,60.4470344827586,55.5766620689655
1.08148185141957,1.11656168582188,-0.143383738625134,-0.54067886092573,0.267503326840236,63.8743862068965,55.5766620689655
1.19962084589903,1.11656168582188,-0.15701669171007,-0.577833143474531,0.277962182858719,67.3017379310345,55.5766620689655
1.31775984037849,1.11656168582188,-0.170570956499723,-0.613590572574636,0.286094731768808,70.7290896551724,55.5766620689655
1.43589883485796,1.11656168582188,-0.184043265919071,-0.650756470095285,0.298254299715786,74.1564413793103,55.5766620689655
1.55403782933742,1.11656168582188,-0.197435440712583,-0.68748022780618,0.310127686705775,77.5837931034483,55.5766620689655
1.67217682381688,1.11656168582188,-0.210756958908624,-0.724590821210089,0.322898096141906,81.0111448275862,55.5766620689655
1.79031581829635,1.11656168582188,-0.224026175137524,-0.763354370962991,0.334929987360274,84.4384965517241,55.5766620689655
1.90845481277581,1.11656168582188,-0.23726221601587,-0.804421993347804,0.351638989248003,87.8658482758621,55.5766620689655
2.02659380725527,1.11656168582188,-0.250483271955739,-0.842431454288836,0.366738090609853,91.2932,55.5766620689655
-1.39943703264916,1.24443308195585,0.148166119702724,-0.235292239838243,0.514494047362519,-8.1,57.0244413793104
-1.2812980381697,1.24443308195585,0.133945575288416,-0.227062128717591,0.478453440556826,-4.67264827586207,57.0244413793104
-1.16315904369023,1.24443308195585,0.119732700500096,-0.218051870252461,0.443777650305492,-1.24529655172414,57.0244413793104
-1.04502004921077,1.24443308195585,0.105535438787528,-0.211378007898968,0.411757307950733,2.18205517241379,57.0244413793104
-0.926881054731307,1.24443308195585,0.091362689197255,-0.209260792730889,0.381568635645511,5.60940689655172,57.0244413793104
-0.808742060251843,1.24443308195585,0.0772222453814906,-0.206346703883769,0.353713801727105,9.03675862068965,57.0244413793104
-0.69060306577238,1.24443308195585,0.0631200880194656,-0.208164205666744,0.327480393685636,12.4641103448276,57.0244413793104
-0.572464071292917,1.24443308195585,0.0490583509439655,-0.209636934759233,0.305846770769895,15.8914620689655,57.0244413793104
-0.454325076813454,1.24443308195585,0.0350328615121631,-0.217043455460969,0.286522370989043,19.3188137931034,57.0244413793104
-0.336186082333991,1.24443308195585,0.0210345915791272,-0.227188509226684,0.271126615552465,22.7461655172414,57.0244413793104
-0.218047087854528,1.24443308195585,0.00705340652345199,-0.239786607239684,0.257280117757102,26.1735172413793,57.0244413793104
-0.0999080933750645,1.24443308195585,-0.00691605054095934,-0.256304274098287,0.247700549887335,29.6008689655172,57.0244413793104
0.0182309011043986,1.24443308195585,-0.0208741487930664,-0.274670868926521,0.241565290416908,33.0282206896552,57.0244413793104
0.136369895583862,1.24443308195585,-0.0348187107717752,-0.298587268272802,0.239887341003045,36.4555724137931,57.0244413793104
0.254508890063325,1.24443308195585,-0.0487468157853612,-0.32215935185644,0.242049400664231,39.882924137931,57.0244413793104
0.372647884542788,1.24443308195585,-0.0626555425757558,-0.350300322606249,0.243244534361621,43.310275862069,57.0244413793104
0.490786879022251,1.24443308195585,-0.0765418907059721,-0.380788398011266,0.244535492445084,46.7376275862069,57.0244413793104
0.608925873501715,1.24443308195585,-0.0904003445916384,-0.413923761948809,0.249246114461957,50.1649793103448,57.0244413793104
0.727064867981178,1.24443308195585,-0.10422184198619,-0.448990807129248,0.256220744537857,53.5923310344828,57.0244413793104
0.845203862460641,1.24443308195585,-0.117996264361315,-0.486497335975406,0.265475232622202,57.0196827586207,57.0244413793104
0.963342856940104,1.24443308195585,-0.131713517713678,-0.524320622186515,0.275627521298902,60.4470344827586,57.0244413793104
1.08148185141957,1.24443308195585,-0.145363549211583,-0.562220482917521,0.282940229415013,63.8743862068965,57.0244413793104
1.19962084589903,1.24443308195585,-0.158936306778751,-0.600197655412283,0.294029253006423,67.3017379310345,57.0244413793104
1.31775984037849,1.24443308195585,-0.172423161274831,-0.635650075333474,0.305654382601658,70.7290896551724,57.0244413793104
1.43589883485796,1.24443308195585,-0.185820524783975,-0.675448221453673,0.319175200894288,74.1564413793103,57.0244413793104
1.55403782933742,1.24443308195585,-0.199130373822783,-0.714708215070406,0.334988831628558,77.5837931034483,57.0244413793104
1.67217682381688,1.24443308195585,-0.212363054342918,-0.751421925346986,0.3496438985313,81.0111448275862,57.0244413793104
1.79031581829635,1.24443308195585,-0.225538612744115,-0.791236955064487,0.362633542718542,84.4384965517241,57.0244413793104
1.90845481277581,1.24443308195585,-0.238677939000389,-0.832208938521505,0.381195544544381,87.8658482758621,57.0244413793104
2.02659380725527,1.24443308195585,-0.251800899819322,-0.873743399724487,0.397856933990194,91.2932,57.0244413793104
-1.39943703264916,1.37230447808983,0.145638147904547,-0.261550147377964,0.534620187531035,-8.1,58.4722206896552
-1.2812980381697,1.37230447808983,0.13142767812473,-0.251752625559047,0.496650790324005,-4.67264827586207,58.4722206896552
-1.16315904369023,1.37230447808983,0.117225492172393,-0.240967045488771,0.46008189721441,-1.24529655172414,58.4722206896552
-1.04502004921077,1.37230447808983,0.103040164691353,-0.233922648493615,0.427288596943125,2.18205517241379,58.4722206896552
-0.926881054731307,1.37230447808983,0.0888812703795181,-0.229592826586943,0.39674486467352,5.60940689655172,58.4722206896552
-0.808742060251843,1.37230447808983,0.0747571533339753,-0.225917953438995,0.368075070730167,9.03675862068965,58.4722206896552
-0.69060306577238,1.37230447808983,0.0606741818961432,-0.223759240290668,0.339462390539384,12.4641103448276,58.4722206896552
-0.572464071292917,1.37230447808983,0.0466345547818601,-0.226656187729336,0.316088686467024,15.8914620689655,58.4722206896552
-0.454325076813454,1.37230447808983,0.0326336497490511,-0.233131005202905,0.295888579668072,19.3188137931034,58.4722206896552
-0.336186082333991,1.37230447808983,0.0186616167697473,-0.241326412459504,0.280480650419622,22.7461655172414,58.4722206896552
-0.218047087854528,1.37230447808983,0.00470744565030135,-0.253585210412315,0.266590058560495,26.1735172413793,58.4722206896552
-0.0999080933750645,1.37230447808983,-0.00923462295560062,-0.269424183120245,0.256186675055043,29.6008689655172,58.4722206896552
0.0182309011043986,1.37230447808983,-0.0231648855099447,-0.287678239374215,0.25155631307543,33.0282206896552,58.4722206896552
0.136369895583862,1.37230447808983,-0.0370808622281602,-0.310732569795981,0.250451531330083,36.4555724137931,58.4722206896552
0.254508890063325,1.37230447808983,-0.050979263566405,-0.336233718449041,0.25199821482193,39.882924137931,58.4722206896552
0.372647884542788,1.37230447808983,-0.0648567993637974,-0.364522787674675,0.253393884406152,43.310275862069,58.4722206896552
0.490786879022251,1.37230447808983,-0.0787100938369503,-0.396298301001415,0.257889934476525,46.7376275862069,58.4722206896552
0.608925873501715,1.37230447808983,-0.0925330519482954,-0.430380690046534,0.261557056226571,50.1649793103448,58.4722206896552
0.727064867981178,1.37230447808983,-0.106315747819893,-0.466501441506582,0.269793009933041,53.5923310344828,58.4722206896552
0.845203862460641,1.37230447808983,-0.120047130914637,-0.504343528923135,0.279679082810949,57.0196827586207,58.4722206896552
0.963342856940104,1.37230447808983,-0.133716198856874,-0.544287228856442,0.292104735662818,60.4470344827586,58.4722206896552
1.08148185141957,1.37230447808983,-0.147311997506639,-0.583975633467898,0.302519892644287,63.8743862068965,58.4722206896552
1.19962084589903,1.37230447808983,-0.160823573548054,-0.62224395128328,0.313559344065569,67.3017379310345,58.4722206896552
1.31775984037849,1.37230447808983,-0.174241525949601,-0.65994357309975,0.32674113802485,70.7290896551724,58.4722206896552
1.43589883485796,1.37230447808983,-0.18756195252674,-0.700745550114484,0.344121645520806,74.1564413793103,58.4722206896552
1.55403782933742,1.37230447808983,-0.200787016650553,-0.739509005251907,0.360170349444393,77.5837931034483,58.4722206896552
1.67217682381688,1.37230447808983,-0.213927998537689,-0.779377469253585,0.376971030107311,81.0111448275862,58.4722206896552
1.79031581829635,1.37230447808983,-0.227006742906775,-0.818506362654588,0.394491641119606,84.4384965517241,58.4722206896552
1.90845481277581,1.37230447808983,-0.240046012665773,-0.861601894925426,0.410762626470313,87.8658482758621,58.4722206896552
2.02659380725527,1.37230447808983,-0.253067453089007,-0.904715354251514,0.429071430807737,91.2932,58.4722206896552
-1.39943703264916,1.5001758742238,0.14315411590131,-0.286971278420203,0.556732717255745,-8.1,59.92
-1.2812980381697,1.5001758742238,0.128951099125828,-0.276642515620215,0.518244158479356,-4.67264827586207,59.92
-1.16315904369023,1.5001758742238,0.114757001049218,-0.266771125430691,0.479932215934513,-1.24529655172414,59.92
-1.04502004921077,1.5001758742238,0.100581049565483,-0.257219659353312,0.444364440753554,2.18205517241379,59.92
-0.926881054731307,1.5001758742238,0.0864335239391014,-0.251335136071234,0.412407075192533,5.60940689655172,59.92
-0.808742060251843,1.5001758742238,0.0723233497771885,-0.245965145826404,0.381385333381342,9.03675862068965,59.92
-0.69060306577238,1.5001758742238,0.0582573119714378,-0.242960384273012,0.354015602370365,12.4641103448276,59.92
-0.572464071292917,1.5001758742238,0.0442376957840422,-0.245140697763699,0.327887562052328,15.8914620689655,59.92
-0.454325076813454,1.5001758742238,0.0302594379172838,-0.249285690278279,0.306894933230891,19.3188137931034,59.92
-0.336186082333991,1.5001758742238,0.0163118630351851,-0.256205968598618,0.290723034669452,22.7461655172414,59.92
-0.218047087854528,1.5001758742238,0.00238307680920724,-0.269089193271748,0.276929220535889,26.1735172413793,59.92
-0.0999080933750645,1.5001758742238,-0.0115330877979449,-0.283627101939271,0.267453014380322,29.6008689655172,59.92
0.0182309011043986,1.5001758742238,-0.0254368549049304,-0.301949792976605,0.26138792926259,33.0282206896552,59.92
0.136369895583862,1.5001758742238,-0.0393254394534321,-0.324139388047652,0.260877397019375,36.4555724137931,59.92
0.254508890063325,1.5001758742238,-0.0531951790971281,-0.350320100285112,0.263640969538408,39.882924137931,59.92
0.372647884542788,1.5001758742238,-0.0670424108212007,-0.379525188864611,0.264767890339634,43.310275862069,59.92
0.490786879022251,1.5001758742238,-0.0808633794424791,-0.411087394594627,0.269893250590987,46.7376275862069,59.92
0.608925873501715,1.5001758742238,-0.0946514031982377,-0.446587188404657,0.274960808095598,50.1649793103448,59.92
0.727064867981178,1.5001758742238,-0.108395680985202,-0.484149089373912,0.283675518122362,53.5923310344828,59.92
0.845203862460641,1.5001758742238,-0.122084218396311,-0.522765744963334,0.295097126415902,57.0196827586207,59.92
0.963342856940104,1.5001758742238,-0.135705094270759,-0.563472991052256,0.308418468276891,60.4470344827586,59.92
1.08148185141957,1.5001758742238,-0.149246443046089,-0.604190206977088,0.322314507547198,63.8743862068965,59.92
1.19962084589903,1.5001758742238,-0.162696400054146,-0.644088100360185,0.333669789304364,67.3017379310345,59.92
1.31775984037849,1.5001758742238,-0.176044785167034,-0.685325996536559,0.34926765930479,70.7290896551724,59.92
1.43589883485796,1.5001758742238,-0.189287384979185,-0.72477975850997,0.368403982763574,74.1564413793103,59.92
1.55403782933742,1.5001758742238,-0.202426563774385,-0.765078396891558,0.386412950572118,77.5837931034483,59.92
1.67217682381688,1.5001758742238,-0.215474565918935,-0.804849382230133,0.405878775682857,81.0111448275862,59.92
1.79031581829635,1.5001758742238,-0.228455082377484,-0.847977484725498,0.421987270432067,84.4384965517241,59.92
1.90845481277581,1.5001758742238,-0.241392798274803,-0.890943960680996,0.43787858142241,87.8658482758621,59.92
2.02659380725527,1.5001758742238,-0.254311183440027,-0.935153997677208,0.459990311243295,91.2932,59.92
