"longitude_norm","latitude_norm","spline_mean","spline_lower","spline_upper","longitude","latitude"
-1.39943703264916,-2.2080946136615,-0.454874762751279,-1.38628290496614,0.495642929212282,-8.1,17.9344
-1.2812980381697,-2.2080946136615,-0.418976032060926,-1.30948285125281,0.484759434855775,-4.67264827586207,17.9344
-1.16315904369023,-2.2080946136615,-0.383057432706714,-1.23281195299878,0.481124856452265,-1.24529655172414,17.9344
-1.04502004921077,-2.2080946136615,-0.347097303372178,-1.15645949908557,0.479699510763508,2.18205517241379,17.9344
-0.926881054731307,-2.2080946136615,-0.311064438188268,-1.08201325492194,0.478180990644526,5.60940689655172,17.9344
-0.808742060251843,-2.2080946136615,-0.27492231066253,-1.01023047247978,0.474255071378502,9.03675862068965,17.9344
-0.69060306577238,-2.2080946136615,-0.23863505886894,-0.937586145635396,0.469591290838427,12.4641103448276,17.9344
-0.572464071292917,-2.2080946136615,-0.202173039132141,-0.863829587150535,0.467881700232811,15.8914620689655,17.9344
-0.454325076813454,-2.2080946136615,-0.165519744194473,-0.800208392174228,0.467386522650431,19.3188137931034,17.9344
-0.336186082333991,-2.2080946136615,-0.128673470365486,-0.731180681052786,0.470608448537022,22.7461655172414,17.9344
-0.218047087854528,-2.2080946136615,-0.0916420042243669,-0.661430177747413,0.475717679630058,26.1735172413793,17.9344
-0.0999080933750645,-2.2080946136615,-0.0544396154612583,-0.593135947518259,0.480460590182648,29.6008689655172,17.9344
0.0182309011043986,-2.2080946136615,-0.0170836941881767,-0.532981632600112,0.489218279658697,33.0282206896552,17.9344
0.136369895583862,-2.2080946136615,0.020409261713521,-0.472170454372351,0.499129183235067,36.4555724137931,17.9344
0.254508890063325,-2.2080946136615,0.058023106207969,-0.413654766042284,0.513657109763376,39.882924137931,17.9344
0.372647884542788,-2.2080946136615,0.0957416935274091,-0.360718525601026,0.53148193726282,43.310275862069,17.9344
0.490786879022251,-2.2080946136615,0.133549018690487,-0.310928678921569,0.550448423050123,46.7376275862069,17.9344
0.608925873501715,-2.2080946136615,0.171433630188712,-0.263902768084803,0.574551159590337,50.1649793103448,17.9344
0.727064867981178,-2.2080946136615,0.209390998613339,-0.221482384190605,0.600909030023929,53.5923310344828,17.9344
0.845203862460641,-2.2080946136615,0.247420874056493,-0.184888421940729,0.634402088145507,57.0196827586207,17.9344
0.963342856940104,-2.2080946136615,0.285525890070331,-0.152215038593909,0.671988074484188,60.4470344827586,17.9344
1.08148185141957,-2.2080946136615,0.32370910827828,-0.125498021186812,0.714178663799965,63.8743862068965,17.9344
1.19962084589903,-2.2080946136615,0.361973589892021,-0.0992185501229548,0.762059210583545,67.3017379310345,17.9344
1.31775984037849,-2.2080946136615,0.400321620543854,-0.0758779164900343,0.814708747256867,70.7290896551724,17.9344
1.43589883485796,-2.2080946136615,0.438752654510904,-0.0605690376412102,0.870593708354273,74.1564413793103,17.9344
1.55403782933742,-2.2080946136615,0.477262499861845,-0.0403651490193013,0.929642360743144,77.5837931034483,17.9344
1.67217682381688,-2.2080946136615,0.515840761819412,-0.0258536345383282,0.992099533477729,81.0111448275862,17.9344
1.79031581829635,-2.2080946136615,0.554469622726311,-0.018744669394386,1.05752956722066,84.4384965517241,17.9344
1.90845481277581,-2.2080946136615,0.593130624942313,-0.00753923703009285,1.12294493911137,87.8658482758621,17.9344
2.02659380725527,-2.2080946136615,0.631806163392871,-0.00421367895469071,1.19232085584697,91.2932,17.9344
-1.39943703264916,-2.08022321752752,-0.437488063530352,-1.32486360280035,0.465992342044051,-8.1,19.3821793103448
-1.2812980381697,-2.08022321752752,-0.403335534921526,-1.2508687357926,0.459398870672755,-4.67264827586207,19.3821793103448
-1.16315904369023,-2.08022321752752,-0.369164224330723,-1.17673061177343,0.455178766416897,-1.24529655172414,19.3821793103448
-1.04502004921077,-2.08022321752752,-0.334953658958659,-1.10565740823411,0.452318757082013,2.18205517241379,19.3821793103448
-0.926881054731307,-2.08022321752752,-0.300674368524116,-1.0355944427933,0.449475923342881,5.60940689655172,19.3821793103448
-0.808742060251843,-2.08022321752752,-0.266291883143539,-0.965552477910583,0.447226898538264,9.03675862068965,19.3821793103448
-0.69060306577238,-2.08022321752752,-0.231772377036365,-0.897275247933873,0.44405822821258,12.4641103448276,19.3821793103448
-0.572464071292917,-2.08022321752752,-0.197087921095764,-0.828646977472572,0.441238500335614,15.8914620689655,19.3821793103448
-0.454325076813454,-2.08022321752752,-0.162223027145493,-0.767049054394985,0.440902524429024,19.3188137931034,19.3821793103448
-0.336186082333991,-2.08022321752752,-0.127176207860314,-0.702013304116628,0.445296979730385,22.7461655172414,19.3821793103448
-0.218047087854528,-2.08022321752752,-0.091954934832521,-0.638057143164828,0.449653882002912,26.1735172413793,19.3821793103448
-0.0999080933750645,-2.08022321752752,-0.0565727526857343,-0.572910489106098,0.453456951350015,29.6008689655172,19.3821793103448
0.0182309011043986,-2.08022321752752,-0.0210461057883062,-0.512558210881837,0.460975056031858,33.0282206896552,19.3821793103448
0.136369895583862,-2.08022321752752,0.0146094256322984,-0.455527915902229,0.470332354340694,36.4555724137931,19.3821793103448
0.254508890063325,-2.08022321752752,0.050378599823163,-0.400998192421383,0.483974771319369,39.882924137931,19.3821793103448
0.372647884542788,-2.08022321752752,0.086246175289288,-0.349473091324165,0.503225614456892,43.310275862069,19.3821793103448
0.490786879022251,-2.08022321752752,0.122197044283724,-0.301213399455978,0.519434521317134,46.7376275862069,19.3821793103448
0.608925873501715,-2.08022321752752,0.15822042469455,-0.258153150848907,0.542647078660544,50.1649793103448,19.3821793103448
0.727064867981178,-2.08022321752752,0.194312109173288,-0.215151320056872,0.567244660521445,53.5923310344828,19.3821793103448
0.845203862460641,-2.08022321752752,0.230471951475428,-0.181255611485356,0.596504377903694,57.0196827586207,19.3821793103448
0.963342856940104,-2.08022321752752,0.266702539715562,-0.148888797649301,0.631435747870518,60.4470344827586,19.3821793103448
1.08148185141957,-2.08022321752752,0.30300686784861,-0.121329677725116,0.671895542298558,63.8743862068965,19.3821793103448
1.19962084589903,-2.08022321752752,0.339387929437462,-0.0973922028540466,0.718336889477182,67.3017379310345,19.3821793103448
1.31775984037849,-2.08022321752752,0.375847979599851,-0.075934937074889,0.765878052601691,70.7290896551724,19.3821793103448
1.43589883485796,-2.08022321752752,0.412386577935569,-0.0577762130048018,0.816452058685224,74.1564413793103,19.3821793103448
1.55403782933742,-2.08022321752752,0.448999814372026,-0.0404222733354285,0.871638680049913,77.5837931034483,19.3821793103448
1.67217682381688,-2.08022321752752,0.485677876332594,-0.023655631824461,0.931873325146579,81.0111448275862,19.3821793103448
1.79031581829635,-2.08022321752752,0.52240388740952,-0.0153146679460612,0.994325987836164,84.4384965517241,19.3821793103448
1.90845481277581,-2.08022321752752,0.559160360851707,-0.00617850735033443,1.05619845789464,87.8658482758621,19.3821793103448
2.02659380725527,-2.08022321752752,0.59593061243546,-0.00177417833840909,1.12286196432938,91.2932,19.3821793103448
-1.39943703264916,-1.95235182139355,-0.420084642658848,-1.263062167256,0.437664344634585,-8.1,20.8299586206897
-1.2812980381697,-1.95235182139355,-0.387679542272008,-1.1924609049516,0.432291108539268,-4.67264827586207,20.8299586206897
-1.16315904369023,-1.95235182139355,-0.355256735708208,-1.12188297782326,0.426234702107577,-1.24529655172414,20.8299586206897
-1.04502004921077,-1.95235182139355,-0.322796926421623,-1.05513041855145,0.425833816085436,2.18205517241379,20.8299586206897
-0.926881054731307,-1.95235182139355,-0.29027235954068,-0.989154786367361,0.422301576564683,5.60940689655172,20.8299586206897
-0.808742060251843,-1.95235182139355,-0.257650595448425,-0.922991244579338,0.419310277126715,9.03675862068965,20.8299586206897
-0.69060306577238,-1.95235182139355,-0.224899816781564,-0.858556140174534,0.417478005769414,12.4641103448276,20.8299586206897
-0.572464071292917,-1.95235182139355,-0.191993782543981,-0.794974794461437,0.41718064488093,15.8914620689655,20.8299586206897
-0.454325076813454,-1.95235182139355,-0.158918001583623,-0.735583157003219,0.417721418307357,19.3188137931034,20.8299586206897
-0.336186082333991,-1.95235182139355,-0.125671187831376,-0.673235578490668,0.419823770637445,22.7461655172414,20.8299586206897
-0.218047087854528,-1.95235182139355,-0.0922604889897061,-0.612780905925105,0.426080343916887,26.1735172413793,20.8299586206897
-0.0999080933750645,-1.95235182139355,-0.058698724906586,-0.55202920384953,0.428041338760982,29.6008689655172,20.8299586206897
0.0182309011043986,-1.95235182139355,-0.0250014013862456,-0.494224500029376,0.435737386160239,33.0282206896552,20.8299586206897
0.136369895583862,-1.95235182139355,0.00881681006938262,-0.437720227075084,0.443622441594707,36.4555724137931,20.8299586206897
0.254508890063325,-1.95235182139355,0.0427415626158005,-0.387793242778557,0.456081746274202,39.882924137931,20.8299586206897
0.372647884542788,-1.95235182139355,0.0767585096559014,-0.339243993102076,0.473517642124399,43.310275862069,20.8299586206897
0.490786879022251,-1.95235182139355,0.110853431296273,-0.292082001680086,0.488113889699854,46.7376275862069,20.8299586206897
0.608925873501715,-1.95235182139355,0.145016205261436,-0.248807954503774,0.508433038523752,50.1649793103448,20.8299586206897
0.727064867981178,-1.95235182139355,0.179242936492734,-0.209220774635686,0.533305649193161,53.5923310344828,20.8299586206897
0.845203862460641,-1.95235182139355,0.213533572713927,-0.176949732613839,0.561416193687598,57.0196827586207,20.8299586206897
0.963342856940104,-1.95235182139355,0.247890647033633,-0.14641299104075,0.591941698906706,60.4470344827586,20.8299586206897
1.08148185141957,-1.95235182139355,0.282317076192056,-0.119755969948882,0.631094185958047,63.8743862068965,20.8299586206897
1.19962084589903,-1.95235182139355,0.316815776557087,-0.0960490314642986,0.673361311719785,67.3017379310345,20.8299586206897
1.31775984037849,-1.95235182139355,0.351388963189155,-0.0760288981830346,0.718196745124223,70.7290896551724,20.8299586206897
1.43589883485796,-1.95235182139355,0.386036291482656,-0.0596511714461414,0.767201846445368,74.1564413793103,20.8299586206897
1.55403782933742,-1.95235182139355,0.420754123733738,-0.0432806943621173,0.817915425752395,77.5837931034483,20.8299586206897
1.67217682381688,-1.95235182139355,0.455533220417076,-0.0260036630394378,0.872954946222636,81.0111448275862,20.8299586206897
1.79031581829635,-1.95235182139355,0.490357637762554,-0.0166621528933257,0.930985556979451,84.4384965517241,20.8299586206897
1.90845481277581,-1.95235182139355,0.525210851518684,-0.00671040283020474,0.992744154800067,87.8658482758621,20.8299586206897
2.02659380725527,-1.95235182139355,0.560077091026899,-0.000294979478390189,1.05428080304676,91.2932,20.8299586206897
-1.39943703264916,-1.82448042525957,-0.402647778486191,-1.2021908496953,0.408876229386467,-8.1,22.2777379310345
-1.2812980381697,-1.82448042525957,-0.371992558602251,-1.13526797736653,0.403370686789571,-4.67264827586207,22.2777379310345
-1.16315904369023,-1.82448042525957,-0.341320686592645,-1.07177223020061,0.40057274678689,-1.24529655172414,22.2777379310345
-1.04502004921077,-1.82448042525957,-0.310614017637556,-1.0068920565389,0.397775825093293,2.18205517241379,22.2777379310345
-0.926881054731307,-1.82448042525957,-0.279846471918672,-0.944849396215134,0.395491382893673,5.60940689655172,22.2777379310345
-0.808742060251843,-1.82448042525957,-0.248987587401067,-0.879993439374481,0.393508357438236,9.03675862068965,22.2777379310345
-0.69060306577238,-1.82448042525957,-0.21800749968231,-0.820776105087796,0.393424082322039,12.4641103448276,22.2777379310345
-0.572464071292917,-1.82448042525957,-0.186881602961384,-0.761637578668417,0.392314873618789,15.8914620689655,22.2777379310345
-0.454325076813454,-1.82448042525957,-0.155596358995973,-0.703200842786098,0.393756557714265,19.3188137931034,22.2777379310345
-0.336186082333991,-1.82448042525957,-0.124150652754905,-0.644443476520992,0.394317964592386,22.7461655172414,22.2777379310345
-0.218047087854528,-1.82448042525957,-0.0925512902449546,-0.587871006716458,0.399251476327776,26.1735172413793,22.2777379310345
-0.0999080933750645,-1.82448042525957,-0.0608103671201894,-0.53084588516606,0.401696744047186,29.6008689655172,22.2777379310345
0.0182309011043986,-1.82448042525957,-0.0289424649798029,-0.472944396670193,0.408678979024586,33.0282206896552,22.2777379310345
0.136369895583862,-1.82448042525957,0.00303863554307959,-0.422044207691298,0.417217151053529,36.4555724137931,22.2777379310345
0.254508890063325,-1.82448042525957,0.0351194637633254,-0.375413920313,0.430573189176852,39.882924137931,22.2777379310345
0.372647884542788,-1.82448042525957,0.0672865492319827,-0.329188936124668,0.443739522482127,43.310275862069,22.2777379310345
0.490786879022251,-1.82448042525957,0.099526541147446,-0.283345028857435,0.45772600037902,46.7376275862069,22.2777379310345
0.608925873501715,-1.82448042525957,0.131829957950419,-0.240834514211971,0.478567693345886,50.1649793103448,22.2777379310345
0.727064867981178,-1.82448042525957,0.164193197331175,-0.204369021690025,0.500886672777718,53.5923310344828,22.2777379310345
0.845203862460641,-1.82448042525957,0.196616281591552,-0.17367804395169,0.527114953742895,57.0196827586207,22.2777379310345
0.963342856940104,-1.82448042525957,0.229101669697384,-0.142606874634601,0.554568448097701,60.4470344827586,22.2777379310345
1.08148185141957,-1.82448042525957,0.261652182081736,-0.11737089415341,0.592004988075652,63.8743862068965,22.2777379310345
1.19962084589903,-1.82448042525957,0.294270638825085,-0.0949571427076457,0.63161525458899,67.3017379310345,22.2777379310345
1.31775984037849,-1.82448042525957,0.326959195845069,-0.0762820309850056,0.674289147246191,70.7290896551724,22.2777379310345
1.43589883485796,-1.82448042525957,0.359717585274586,-0.05911994552579,0.719947733655788,74.1564413793103,22.2777379310345
1.55403782933742,-1.82448042525957,0.392542422798516,-0.0450907830627001,0.769063958350364,77.5837931034483,22.2777379310345
1.67217682381688,-1.82448042525957,0.425425023644158,-0.0306652557564897,0.819572644541581,81.0111448275862,22.2777379310345
1.79031581829635,-1.82448042525957,0.45835035945524,-0.0166288864684656,0.873211911876602,84.4384965517241,22.2777379310345
1.90845481277581,-1.82448042525957,0.491302851700826,-0.0090210504614765,0.929009919403188,87.8658482758621,22.2777379310345
2.02659380725527,-1.82448042525957,0.524267628716037,-0.00283215748364363,0.988455232975503,91.2932,22.2777379310345
-1.39943703264916,-1.6966090291256,-0.385160749361805,-1.1415771064032,0.382482085303169,-8.1,23.7255172413793
-1.2812980381697,-1.6966090291256,-0.356259088402138,-1.08109050811061,0.37733819694718,-4.67264827586207,23.7255172413793
-1.16315904369023,-1.6966090291256,-0.327341796737508,-1.01886519824088,0.373807690459572,-1.24529655172414,23.7255172413793
-1.04502004921077,-1.6966090291256,-0.298391844482941,-0.959025688997466,0.370873735799556,2.18205517241379,23.7255172413793
-0.926881054731307,-1.6966090291256,-0.269384766338811,-0.897463768539755,0.368010403291608,5.60940689655172,23.7255172413793
-0.808742060251843,-1.6966090291256,-0.240291998825343,-0.837100424720604,0.366037756501595,9.03675862068965,23.7255172413793
-0.69060306577238,-1.6966090291256,-0.211085547316378,-0.781561279592127,0.367164572464163,12.4641103448276,23.7255172413793
-0.572464071292917,-1.6966090291256,-0.181742361832569,-0.727487564572817,0.369053785694827,15.8914620689655,23.7255172413793
-0.454325076813454,-1.6966090291256,-0.152249790869655,-0.671475439806792,0.369591740357181,19.3188137931034,23.7255172413793
-0.336186082333991,-1.6966090291256,-0.122606845107136,-0.614983909262158,0.370039553927963,22.7461655172414,23.7255172413793
-0.218047087854528,-1.6966090291256,-0.0928199621472983,-0.563086608115775,0.374510251089011,26.1735172413793,23.7255172413793
-0.0999080933750645,-1.6966090291256,-0.0629005143229211,-0.508030242349578,0.378663562045831,29.6008689655172,23.7255172413793
0.0182309011043986,-1.6966090291256,-0.0328621805667879,-0.454540599867993,0.382926684947168,33.0282206896552,23.7255172413793
0.136369895583862,-1.6966090291256,-0.00271787742830298,-0.406973235030973,0.392569881578197,36.4555724137931,23.7255172413793
0.254508890063325,-1.6966090291256,0.0275197724431813,-0.363127865971313,0.403089581388304,39.882924137931,23.7255172413793
0.372647884542788,-1.6966090291256,0.0578381466222675,-0.31689217221832,0.413954487393706,43.310275862069,23.7255172413793
0.490786879022251,-1.6966090291256,0.0882247352565546,-0.27509028009115,0.429988012681907,46.7376275862069,23.7255172413793
0.608925873501715,-1.6966090291256,0.118670668822549,-0.23561608303871,0.447711691193202,50.1649793103448,23.7255172413793
0.727064867981178,-1.6966090291256,0.149172608448107,-0.201743425008408,0.46963460791506,53.5923310344828,23.7255172413793
0.845203862460641,-1.6966090291256,0.17973062192787,-0.170423589004021,0.494167862276997,57.0196827586207,23.7255172413793
0.963342856940104,-1.6966090291256,0.210347065379654,-0.140124931586152,0.520256083150963,60.4470344827586,23.7255172413793
1.08148185141957,-1.6966090291256,0.241024634290766,-0.117678658075029,0.553631658726441,63.8743862068965,23.7255172413793
1.19962084589903,-1.6966090291256,0.271766023815641,-0.0962555198909874,0.590959911500027,67.3017379310345,23.7255172413793
1.31775984037849,-1.6966090291256,0.302573302100902,-0.0777939326021038,0.630668678026578,70.7290896551724,23.7255172413793
1.43589883485796,-1.6966090291256,0.333446249433782,-0.0606356957032235,0.672592901904334,74.1564413793103,23.7255172413793
1.55403782933742,-1.6966090291256,0.364381706417891,-0.0490483201033545,0.718746619323617,77.5837931034483,23.7255172413793
1.67217682381688,-1.6966090291256,0.395371515585141,-0.0358771458008089,0.764600757685895,81.0111448275862,23.7255172413793
1.79031581829635,-1.6966090291256,0.426401538157402,-0.0239950449731392,0.81755716727414,84.4384965517241,23.7255172413793
1.90845481277581,-1.6966090291256,0.457457116155717,-0.0146408131135534,0.871720056023157,87.8658482758621,23.7255172413793
2.02659380725527,-1.6966090291256,0.488524255051725,-0.0101232935027769,0.926264029792431,91.2932,23.7255172413793
-1.39943703264916,-1.56873763299162,-0.367607066120613,-1.08128864648359,0.357405266711882,-8.1,25.1732965517241
-1.2812980381697,-1.56873763299162,-0.340463853424206,-1.02456992676935,0.35302253068535,-4.67264827586207,25.1732965517241
-1.16315904369023,-1.56873763299162,-0.313305988094734,-0.966817503580378,0.349581228169106,-1.24529655172414,25.1732965517241
-1.04502004921077,-1.56873763299162,-0.28611750630231,-0.909347087855761,0.345535448625572,2.18205517241379,25.1732965517241
-0.926881054731307,-1.56873763299162,-0.258875476819362,-0.85338170449256,0.341965959860015,5.60940689655172,25.1732965517241
-0.808742060251843,-1.56873763299162,-0.231553129679448,-0.794979380773696,0.341176852517791,9.03675862068965,25.1732965517241
-0.69060306577238,-1.56873763299162,-0.204124229452898,-0.743865200134477,0.342260693600048,12.4641103448276,25.1732965517241
-0.572464071292917,-1.56873763299162,-0.176567176450394,-0.69205598401869,0.343160290907097,15.8914620689655,25.1732965517241
-0.454325076813454,-1.56873763299162,-0.148870117896863,-0.639706939110368,0.346345221185342,19.3188137931034,25.1732965517241
-0.336186082333991,-1.56873763299162,-0.121032129867033,-0.586975715619357,0.346453549589229,22.7461655172414,25.1732965517241
-0.218047087854528,-1.56873763299162,-0.0930592459961748,-0.536734414876705,0.351311546979363,26.1735172413793,25.1732965517241
-0.0999080933750645,-1.56873763299162,-0.0649621164354306,-0.487998079828608,0.354275072690262,29.6008689655172,25.1732965517241
0.0182309011043986,-1.56873763299162,-0.0367535460980069,-0.437194710480123,0.358136852616527,33.0282206896552,25.1732965517241
0.136369895583862,-1.56873763299162,-0.00844562308611696,-0.393196526372884,0.366920630938651,36.4555724137931,25.1732965517241
0.254508890063325,-1.56873763299162,0.0199498405664356,-0.351081362816652,0.376648944347808,39.882924137931,25.1732965517241
0.372647884542788,-1.56873763299162,0.048421033036214,-0.306625412140452,0.388031123514339,43.310275862069,25.1732965517241
0.490786879022251,-1.56873763299162,0.076956247974139,-0.268176097097627,0.402848216811598,46.7376275862069,25.1732965517241
0.608925873501715,-1.56873763299162,0.105547189720159,-0.230204083551839,0.418673116358374,50.1649793103448,25.1732965517241
0.727064867981178,-1.56873763299162,0.134190743812733,-0.199318776684829,0.438557039809447,53.5923310344828,25.1732965517241
0.845203862460641,-1.56873763299162,0.16288698481018,-0.171591160821149,0.4621047718806,57.0196827586207,25.1732965517241
0.963342856940104,-1.56873763299162,0.191638127761244,-0.141761339174311,0.48819623232972,60.4470344827586,25.1732965517241
1.08148185141957,-1.56873763299162,0.220446705075593,-0.120533613572679,0.517168615339203,63.8743862068965,25.1732965517241
1.19962084589903,-1.56873763299162,0.249315248849761,-0.0990132244657742,0.55269388240005,67.3017379310345,25.1732965517241
1.31775984037849,-1.56873763299162,0.278245701349515,-0.0826262659343122,0.59048867849352,70.7290896551724,25.1732965517241
1.43589883485796,-1.56873763299162,0.307237852994154,-0.0664923217314222,0.629618675525394,74.1564413793103,25.1732965517241
1.55403782933742,-1.56873763299162,0.336288731467027,-0.053909925646269,0.671249588782416,77.5837931034483,25.1732965517241
1.67217682381688,-1.56873763299162,0.365390670171015,-0.0399115953565357,0.716353377434739,81.0111448275862,25.1732965517241
1.79031581829635,-1.56873763299162,0.394530385669834,-0.0303410096031831,0.762658299085325,84.4384965517241,25.1732965517241
1.90845481277581,-1.56873763299162,0.423694107191762,-0.0253450082911941,0.814048752443653,87.8658482758621,25.1732965517241
2.02659380725527,-1.56873763299162,0.452868688396718,-0.0213956773156561,0.864605310545387,91.2932,25.1732965517241
-1.39943703264916,-1.44086623685764,-0.349972868158318,-1.02122798818876,0.33267375888206,-8.1,26.621075862069
-1.2812980381697,-1.44086623685764,-0.324594027753371,-0.968306416547061,0.327229089414341,-4.67264827586207,26.621075862069
-1.16315904369023,-1.44086623685764,-0.299201460481039,-0.915465338342853,0.324830179455579,-1.24529655172414,26.621075862069
-1.04502004921077,-1.44086623685764,-0.27378020955019,-0.858506419627954,0.321221222455783,2.18205517241379,26.621075862069
-0.926881054731307,-1.44086623685764,-0.248308780461501,-0.805632722526499,0.317267696504045,5.60940689655172,26.621075862069
-0.808742060251843,-1.44086623685764,-0.222762069462195,-0.75346831454419,0.317040118980665,9.03675862068965,26.621075862069
-0.69060306577238,-1.44086623685764,-0.197115466196517,-0.704772676537033,0.318396311022711,12.4641103448276,26.621075862069
-0.572464071292917,-1.44086623685764,-0.171348693091367,-0.659052294865077,0.319708173965675,15.8914620689655,26.621075862069
-0.454325076813454,-1.44086623685764,-0.145450588926452,-0.609006412767538,0.322640616399356,19.3188137931034,26.621075862069
-0.336186082333991,-1.44086623685764,-0.119420221441491,-0.559415726698767,0.323390772630398,22.7461655172414,26.621075862069
-0.218047087854528,-1.44086623685764,-0.093263176629919,-0.51315281078262,0.325561848369238,26.1735172413793,26.621075862069
-0.0999080933750645,-1.44086623685764,-0.0669893836712934,-0.466896510268528,0.330029242452444,29.6008689655172,26.621075862069
0.0182309011043986,-1.44086623685764,-0.0406108083784789,-0.420206496076826,0.333398716651121,33.0282206896552,26.621075862069
0.136369895583862,-1.44086623685764,-0.0141387539531559,-0.377996003970073,0.341642516965466,36.4555724137931,26.621075862069
0.254508890063325,-1.44086623685764,0.0124157324336212,-0.337778397861066,0.350924369679419,39.882924137931,26.621075862069
0.372647884542788,-1.44086623685764,0.0390416038058952,-0.298114670439,0.362951951901906,43.310275862069,26.621075862069
0.490786879022251,-1.44086623685764,0.0657279115305949,-0.262831667633026,0.377508844521408,46.7376275862069,26.621075862069
0.608925873501715,-1.44086623685764,0.0924668870364567,-0.23068808963185,0.391316289475284,50.1649793103448,26.621075862069
0.727064867981178,-1.44086623685764,0.119255592317533,-0.199655043489075,0.410733515483883,53.5923310344828,26.621075862069
0.845203862460641,-1.44086623685764,0.146094061085777,-0.173112029158681,0.43144143666246,57.0196827586207,26.621075862069
0.963342856940104,-1.44086623685764,0.172984320363143,-0.144812630370845,0.455906152131613,60.4470344827586,26.621075862069
1.08148185141957,-1.44086623685764,0.199928692639892,-0.123448387108482,0.482457465299364,63.8743862068965,26.621075862069
1.19962084589903,-1.44086623685764,0.226929500112945,-0.104632238062027,0.51505813404319,67.3017379310345,26.621075862069
1.31775984037849,-1.44086623685764,0.253988512434173,-0.0900483194341124,0.550937189952447,70.7290896551724,26.621075862069
1.43589883485796,-1.44086623685764,0.281105483817463,-0.0764344217070612,0.588419368201372,74.1564413793103,26.621075862069
1.55403782933742,-1.44086623685764,0.308277583223776,-0.0646372574594238,0.627577596480154,77.5837931034483,26.621075862069
1.67217682381688,-1.44086623685764,0.335497591291118,-0.0526060913725486,0.671134858578691,81.0111448275862,26.621075862069
1.79031581829635,-1.44086623685764,0.362753039486439,-0.0435256571156817,0.714463358669221,84.4384965517241,26.621075862069
1.90845481277581,-1.44086623685764,0.390031004934032,-0.036990024459282,0.760241270410877,87.8658482758621,26.621075862069
2.02659380725527,-1.44086623685764,0.417319155446101,-0.0308715063609881,0.80699525285289,91.2932,26.621075862069
-1.39943703264916,-1.31299484072367,-0.332249602238337,-0.960017028463918,0.309229930118473,-8.1,28.0688551724138
-1.2812980381697,-1.31299484072367,-0.308641721553641,-0.91038282893506,0.302682324888784,-4.67264827586207,28.0688551724138
-1.16315904369023,-1.31299484072367,-0.285020981928246,-0.860263981515534,0.297374274251852,-1.24529655172414,28.0688551724138
-1.04502004921077,-1.31299484072367,-0.261373368284338,-0.809752923367892,0.295183984560175,2.18205517241379,28.0688551724138
-0.926881054731307,-1.31299484072367,-0.237678714708394,-0.758719101346686,0.293404227047001,5.60940689655172,28.0688551724138
-0.808742060251843,-1.31299484072367,-0.213913441886788,-0.711633376938671,0.293240619758435,9.03675862068965,28.0688551724138
-0.69060306577238,-1.31299484072367,-0.190054414964782,-0.667099275936228,0.293850843573747,12.4641103448276,28.0688551724138
-0.572464071292917,-1.31299484072367,-0.166082535242013,-0.624672054840717,0.297423466535659,15.8914620689655,28.0688551724138
-0.454325076813454,-1.31299484072367,-0.141987212793427,-0.579558369949203,0.299112349342858,19.3188137931034,28.0688551724138
-0.336186082333991,-1.31299484072367,-0.117767423832681,-0.533936643341013,0.299673127270277,22.7461655172414,28.0688551724138
-0.218047087854528,-1.31299484072367,-0.0934282571249554,-0.489556705835788,0.302481902093653,26.1735172413793,28.0688551724138
-0.0999080933750645,-1.31299484072367,-0.0689789220476218,-0.446211295580445,0.306281296519077,29.6008689655172,28.0688551724138
0.0182309011043986,-1.31299484072367,-0.0444305847222841,-0.405666606328311,0.30973462673683,33.0282206896552,28.0688551724138
0.136369895583862,-1.31299484072367,-0.0197938127522521,-0.36387589118856,0.316245799086634,36.4555724137931,28.0688551724138
0.254508890063325,-1.31299484072367,0.00492105971459011,-0.327899833448867,0.326999762109568,39.882924137931,28.0688551724138
0.372647884542788,-1.31299484072367,0.0297036987082517,-0.29155918118669,0.336316051970523,43.310275862069,28.0688551724138
0.490786879022251,-1.31299484072367,0.0545438614284093,-0.259275092882302,0.350867303564412,46.7376275862069,28.0688551724138
0.608925873501715,-1.31299484072367,0.0794342532482899,-0.228907773599145,0.365892875792422,50.1649793103448,28.0688551724138
0.727064867981178,-1.31299484072367,0.104372057949611,-0.200403936096001,0.382756166062579,53.5923310344828,28.0688551724138
0.845203862460641,-1.31299484072367,0.129357214134759,-0.174828793856274,0.402856235797302,57.0196827586207,28.0688551724138
0.963342856940104,-1.31299484072367,0.154391507373884,-0.151666303003141,0.425777806628888,60.4470344827586,28.0688551724138
1.08148185141957,-1.31299484072367,0.179476996963513,-0.12937751479291,0.452074085766277,63.8743862068965,28.0688551724138
1.19962084589903,-1.31299484072367,0.204615741926782,-0.113447359848413,0.48018975041208,67.3017379310345,28.0688551724138
1.31775984037849,-1.31299484072367,0.229809286309854,-0.098168874307504,0.514322002854229,70.7290896551724,28.0688551724138
1.43589883485796,-1.31299484072367,0.255057296138304,-0.086805206814863,0.551774449291653,74.1564413793103,28.0688551724138
1.55403782933742,-1.31299484072367,0.280357030871228,-0.0766192470666969,0.587453242022496,77.5837931034483,28.0688551724138
1.67217682381688,-1.31299484072367,0.305701670896964,-0.0672607499266507,0.627621374307112,81.0111448275862,28.0688551724138
1.79031581829635,-1.31299484072367,0.331079519673273,-0.0587570963407638,0.669337406026018,84.4384965517241,28.0688551724138
1.90845481277581,-1.31299484072367,0.356478460649503,-0.0520794974424819,0.712586778005371,87.8658482758621,28.0688551724138
2.02659380725527,-1.31299484072367,0.381886939974824,-0.0465606371471257,0.756326383022856,91.2932,28.0688551724138
-1.39943703264916,-1.18512344458969,-0.314433016164648,-0.903196566152547,0.283691680308108,-8.1,29.5166344827586
-1.2812980381697,-1.18512344458969,-0.292603033625524,-0.855370594773522,0.278882369384511,-4.67264827586207,29.5166344827586
-1.16315904369023,-1.18512344458969,-0.270760999361461,-0.809152977243115,0.274174019550903,-1.24529655172414,29.5166344827586
-1.04502004921077,-1.18512344458969,-0.248893771371495,-0.762166780637819,0.271050891477937,2.18205517241379,29.5166344827586
-0.926881054731307,-1.18512344458969,-0.226982398309014,-0.715546591975293,0.273564957077276,5.60940689655172,29.5166344827586
-0.808742060251843,-1.18512344458969,-0.205004675470494,-0.6713436008675,0.272410090844058,9.03675862068965,29.5166344827586
-0.69060306577238,-1.18512344458969,-0.18293878523779,-0.631267875961178,0.271192346092084,12.4641103448276,29.5166344827586
-0.572464071292917,-1.18512344458969,-0.160766655932394,-0.591471465620377,0.272780250761495,15.8914620689655,29.5166344827586
-0.454325076813454,-1.18512344458969,-0.138478141005984,-0.548886808641135,0.274592238155542,19.3188137931034,29.5166344827586
-0.336186082333991,-1.18512344458969,-0.116072036282834,-0.508382152779708,0.278020151143513,22.7461655172414,29.5166344827586
-0.218047087854528,-1.18512344458969,-0.0935528801273779,-0.466639070752043,0.280083804714353,26.1735172413793,29.5166344827586
-0.0999080933750645,-1.18512344458969,-0.0709291633965448,-0.426336243913327,0.284022602081043,29.6008689655172,29.5166344827586
0.0182309011043986,-1.18512344458969,-0.0482112949414919,-0.388641658948762,0.286960975648684,33.0282206896552,29.5166344827586
0.136369895583862,-1.18512344458969,-0.0254091599266042,-0.352868016441039,0.293349686352375,36.4555724137931,29.5166344827586
0.254508890063325,-1.18512344458969,-0.00253243539710812,-0.317991205365938,0.302324528321169,39.882924137931,29.5166344827586
0.372647884542788,-1.18512344458969,0.0204092017603603,-0.285871495531944,0.314233568357467,43.310275862069,29.5166344827586
0.490786879022251,-1.18512344458969,0.0434061586080254,-0.253855262566442,0.327452648152716,46.7376275862069,29.5166344827586
0.608925873501715,-1.18512344458969,0.0664515570553021,-0.227478316181561,0.34189689125826,50.1649793103448,29.5166344827586
0.727064867981178,-1.18512344458969,0.0895426435353803,-0.200595911178983,0.359312536141985,53.5923310344828,29.5166344827586
0.845203862460641,-1.18512344458969,0.112679202936762,-0.177681016898585,0.377759415142451,57.0196827586207,29.5166344827586
0.963342856940104,-1.18512344458969,0.135862721846465,-0.156482820684893,0.399039928084057,60.4470344827586,29.5166344827586
1.08148185141957,-1.18512344458969,0.159094939028988,-0.139024380109057,0.423381375908479,63.8743862068965,29.5166344827586
1.19962084589903,-1.18512344458969,0.182377592995639,-0.123026411088134,0.451062537470242,67.3017379310345,29.5166344827586
1.31775984037849,-1.18512344458969,0.205711945328776,-0.110515102673724,0.482327603682606,70.7290896551724,29.5166344827586
1.43589883485796,-1.18512344458969,0.229097518711363,-0.101709482073148,0.517445227359365,74.1564413793103,29.5166344827586
1.55403782933742,-1.18512344458969,0.252531609886865,-0.0912837047348543,0.551329558051296,77.5837931034483,29.5166344827586
1.67217682381688,-1.18512344458969,0.276007750208931,-0.0835407363692777,0.588407272206612,81.0111448275862,29.5166344827586
1.79031581829635,-1.18512344458969,0.299514972249378,-0.0756259707705631,0.627063424134837,84.4384965517241,29.5166344827586
1.90845481277581,-1.18512344458969,0.323041924410018,-0.0712904106374745,0.667519504644505,87.8658482758621,29.5166344827586
2.02659380725527,-1.18512344458969,0.34657779572894,-0.0637796838583364,0.709365855554955,91.2932,29.5166344827586
-1.39943703264916,-1.05725204845572,-0.296522960501663,-0.847158000902925,0.263640767002339,-8.1,30.9644137931035
-1.2812980381697,-1.05725204845572,-0.276477855411555,-0.803667765085127,0.260168805003298,-4.67264827586207,30.9644137931035
-1.16315904369023,-1.05725204845572,-0.256421444626672,-0.759222868066665,0.255083207302242,-1.24529655172414,30.9644137931035
-1.04502004921077,-1.05725204845572,-0.23634139000368,-0.716485674538299,0.253402274291573,2.18205517241379,30.9644137931035
-0.926881054731307,-1.05725204845572,-0.216219839508324,-0.674828672925303,0.251222282969484,5.60940689655172,30.9644137931035
-0.808742060251843,-1.05725204845572,-0.196035811366756,-0.634471897777669,0.249536948970833,9.03675862068965,30.9644137931035
-0.69060306577238,-1.05725204845572,-0.175768644860362,-0.595568204304818,0.248255998158369,12.4641103448276,30.9644137931035
-0.572464071292917,-1.05725204845572,-0.155401141349388,-0.558304087795315,0.250672240282202,15.8914620689655,30.9644137931035
-0.454325076813454,-1.05725204845572,-0.134923467770929,-0.518559110245943,0.252091154444393,19.3188137931034,30.9644137931035
-0.336186082333991,-1.05725204845572,-0.114334149259503,-0.481701221933275,0.255095633647398,22.7461655172414,30.9644137931035
-0.218047087854528,-1.05725204845572,-0.0936371198305279,-0.443197213953126,0.257279603740691,26.1735172413793,30.9644137931035
-0.0999080933750645,-1.05725204845572,-0.0728401536519225,-0.406486775967497,0.26020251020796,29.6008689655172,30.9644137931035
0.0182309011043986,-1.05725204845572,-0.0519529463358905,-0.371667766856723,0.264342110902828,33.0282206896552,30.9644137931035
0.136369895583862,-1.05725204845572,-0.0309847556979994,-0.33991924095314,0.270258775915648,36.4555724137931,30.9644137931035
0.254508890063325,-1.05725204845572,-0.00994465961718749,-0.308047869589523,0.278966965792036,39.882924137931,30.9644137931035
0.372647884542788,-1.05725204845572,0.0111582641647177,-0.277681454949795,0.291642163650204,43.310275862069,30.9644137931035
0.490786879022251,-1.05725204845572,0.032315014587275,-0.252216461678379,0.305755873867999,46.7376275862069,30.9644137931035
0.608925873501715,-1.05725204845572,0.0535190707100996,-0.226522429514354,0.320267924329296,50.1649793103448,30.9644137931035
0.727064867981178,-1.05725204845572,0.0747676806089279,-0.202641611867908,0.335209262765092,53.5923310344828,30.9644137931035
0.845203862460641,-1.05725204845572,0.0960604152452254,-0.181811511866323,0.354822496591638,57.0196827586207,30.9644137931035
0.963342856940104,-1.05725204845572,0.117398403390866,-0.164892040333761,0.374934453860313,60.4470344827586,30.9644137931035
1.08148185141957,-1.05725204845572,0.138783004691743,-0.15133657834441,0.399212686555031,63.8743862068965,30.9644137931035
1.19962084589903,-1.05725204845572,0.160215578561104,-0.138502124199436,0.424949089497412,67.3017379310345,30.9644137931035
1.31775984037849,-1.05725204845572,0.181697046184025,-0.126613165347388,0.454744028804411,70.7290896551724,30.9644137931035
1.43589883485796,-1.05725204845572,0.2032267312745,-0.117045793313899,0.486181870805072,74.1564413793103,30.9644137931035
1.55403782933742,-1.05725204845572,0.224801914784515,-0.109422673132486,0.520373842516331,77.5837931034483,30.9644137931035
1.67217682381688,-1.05725204845572,0.246416431220063,-0.101650228655581,0.555044174346502,81.0111448275862,30.9644137931035
1.79031581829635,-1.05725204845572,0.268060001300829,-0.0967192279768962,0.590174807272692,84.4384965517241,30.9644137931035
1.90845481277581,-1.05725204845572,0.289721998997038,-0.091085178624021,0.627589010097011,87.8658482758621,30.9644137931035
2.02659380725527,-1.05725204845572,0.311392322656559,-0.0871655653521906,0.665477059850405,91.2932,30.9644137931035
-1.39943703264916,-0.92938065232174,-0.278522747997404,-0.79094353429931,0.245033720855456,-8.1,32.4121931034483
-1.2812980381697,-0.92938065232174,-0.260269265770968,-0.750331621179854,0.240545604362715,-4.67264827586207,32.4121931034483
-1.16315904369023,-0.92938065232174,-0.242005164072433,-0.71229839253137,0.237110967431637,-1.24529655172414,32.4121931034483
-1.04502004921077,-0.92938065232174,-0.223718840954375,-0.671929549531161,0.232325824880264,2.18205517241379,32.4121931034483
-0.926881054731307,-0.92938065232174,-0.20539343103207,-0.63256667072387,0.23145659513728,5.60940689655172,32.4121931034483
-0.808742060251843,-0.92938065232174,-0.187009027213462,-0.596669279962855,0.228442799963312,9.03675862068965,32.4121931034483
-0.69060306577238,-0.92938065232174,-0.16854596900514,-0.561447730942561,0.226116344034514,12.4641103448276,32.4121931034483
-0.572464071292917,-0.92938065232174,-0.149987780461791,-0.526109300658557,0.228851011193105,15.8914620689655,32.4121931034483
-0.454325076813454,-0.92938065232174,-0.131324815477407,-0.489424154236793,0.230311503684261,19.3188137931034,32.4121931034483
-0.336186082333991,-0.92938065232174,-0.11255524100923,-0.455346962886678,0.232733788336263,22.7461655172414,32.4121931034483
-0.218047087854528,-0.92938065232174,-0.0936823350289577,-0.419997287310519,0.235211560634484,26.1735172413793,32.4121931034483
-0.0999080933750645,-0.92938065232174,-0.0747131581118152,-0.387581459354249,0.237231806595773,29.6008689655172,32.4121931034483
0.0182309011043986,-0.92938065232174,-0.0556567371400467,-0.35554919452452,0.241915746883965,33.0282206896552,32.4121931034483
0.136369895583862,-0.92938065232174,-0.0365217578896937,-0.327073497719017,0.249575286554372,36.4555724137931,32.4121931034483
0.254508890063325,-0.92938065232174,-0.017316757158615,-0.299201341585343,0.258233848867344,39.882924137931,32.4121931034483
0.372647884542788,-0.92938065232174,0.00194972836885032,-0.272706186239877,0.271137971916356,43.310275862069,32.4121931034483
0.490786879022251,-0.92938065232174,0.0212692313865999,-0.249611513003269,0.283662967370384,46.7376275862069,32.4121931034483
0.608925873501715,-0.92938065232174,0.0406355289393545,-0.226290428372351,0.297893449123429,50.1649793103448,32.4121931034483
0.727064867981178,-0.92938065232174,0.0600458105273267,-0.208516759177191,0.313757544720813,53.5923310344828,32.4121931034483
0.845203862460641,-0.92938065232174,0.0794993742313466,-0.191538923081813,0.332843634224108,57.0196827586207,32.4121931034483
0.963342856940104,-0.92938065232174,0.0989969338437815,-0.177997575491252,0.354035369979271,60.4470344827586,32.4121931034483
1.08148185141957,-0.92938065232174,0.118539413038424,-0.164947275699836,0.376736293820827,63.8743862068965,32.4121931034483
1.19962084589903,-0.92938065232174,0.138127735277364,-0.154739567036415,0.402889618962313,67.3017379310345,32.4121931034483
1.31775984037849,-0.92938065232174,0.157762425250116,-0.14322465377008,0.429782140654597,70.7290896551724,32.4121931034483
1.43589883485796,-0.92938065232174,0.177442554258564,-0.138594931194973,0.460180354429777,74.1564413793103,32.4121931034483
1.55403782933742,-0.92938065232174,0.197165336868413,-0.131894847251766,0.491157397562225,77.5837931034483,32.4121931034483
1.67217682381688,-0.92938065232174,0.216924865659864,-0.126270140243049,0.524234724098177,81.0111448275862,32.4121931034483
1.79031581829635,-0.92938065232174,0.236711511485147,-0.122667955154356,0.559464822318154,84.4384965517241,32.4121931034483
1.90845481277581,-0.92938065232174,0.256515337417246,-0.117595663124273,0.594515274987234,87.8658482758621,32.4121931034483
2.02659380725527,-0.92938065232174,0.276326920096674,-0.118391394997517,0.631119125580391,91.2932,32.4121931034483
-1.39943703264916,-0.801509256187764,-0.260437636300489,-0.736035578309261,0.227322378552247,-8.1,33.8599724137931
-1.2812980381697,-0.801509256187764,-0.243982129643893,-0.700048859413791,0.221094042308919,-4.67264827586207,33.8599724137931
-1.16315904369023,-0.801509256187764,-0.227516632289789,-0.664112749555335,0.21648067182352,-1.24529655172414,33.8599724137931
-1.04502004921077,-0.801509256187764,-0.211030213527944,-0.627064344809112,0.211992263512397,2.18205517241379,33.8599724137931
-0.926881054731307,-0.801509256187764,-0.194506886669641,-0.593220254305586,0.211211809214919,5.60940689655172,33.8599724137931
-0.808742060251843,-0.801509256187764,-0.177927677471845,-0.561017477008526,0.209916395246347,9.03675862068965,33.8599724137931
-0.69060306577238,-0.801509256187764,-0.161273775925383,-0.527002135767078,0.206630273490548,12.4641103448276,33.8599724137931
-0.572464071292917,-0.801509256187764,-0.144529285418624,-0.49305108181177,0.206921637100032,15.8914620689655,33.8599724137931
-0.454325076813454,-0.801509256187764,-0.127684626816788,-0.461439613148333,0.208722495660037,19.3188137931034,33.8599724137931
-0.336186082333991,-0.801509256187764,-0.110737526844131,-0.429658115842281,0.211071770018386,22.7461655172414,33.8599724137931
-0.218047087854528,-0.801509256187764,-0.0936905599154603,-0.399047616687835,0.214062702977391,26.1735172413793,33.8599724137931
-0.0999080933750645,-0.801509256187764,-0.0765500778969166,-0.367795119722084,0.217255818556779,29.6008689655172,33.8599724137931
0.0182309011043986,-0.801509256187764,-0.0593244833102951,-0.342348696385469,0.222967441003437,33.0282206896552,33.8599724137931
0.136369895583862,-0.801509256187764,-0.0420219444326726,-0.316018359610631,0.230216434252896,36.4555724137931,33.8599724137931
0.254508890063325,-0.801509256187764,-0.0246505141263151,-0.292532895783405,0.240735307710639,39.882924137931,33.8599724137931
0.372647884542788,-0.801509256187764,-0.00721824516554381,-0.271206632558175,0.252443430481911,43.310275862069,33.8599724137931
0.490786879022251,-0.801509256187764,0.0102668717329299,-0.251276752227349,0.263679171414432,46.7376275862069,33.8599724137931
0.608925873501715,-0.801509256187764,0.0277988539796752,-0.233219951928652,0.279316430722095,50.1649793103448,33.8599724137931
0.727064867981178,-0.801509256187764,0.0453747747290993,-0.219090370168427,0.294920374686301,53.5923310344828,33.8599724137931
0.845203862460641,-0.801509256187764,0.0629936032906473,-0.204294220232797,0.313055767376718,57.0196827586207,33.8599724137931
0.963342856940104,-0.801509256187764,0.0806555848536155,-0.192808525773545,0.335147688254496,60.4470344827586,33.8599724137931
1.08148185141957,-0.801509256187764,0.0983611538814069,-0.181053438034395,0.358108011911388,63.8743862068965,33.8599724137931
1.19962084589903,-0.801509256187764,0.116110744647091,-0.172073469513952,0.383678812178995,67.3017379310345,33.8599724137931
1.31775984037849,-0.801509256187764,0.133904432906919,-0.166625080018468,0.411536469196515,70.7290896551724,33.8599724137931
1.43589883485796,-0.801509256187764,0.151740987912193,-0.161065398978103,0.440506810882155,74.1564413793103,33.8599724137931
1.55403782933742,-0.801509256187764,0.169617511104906,-0.157767460112415,0.469379173658491,77.5837931034483,33.8599724137931
1.67217682381688,-0.801509256187764,0.187528311734667,-0.152305927471524,0.50001695239006,81.0111448275862,33.8599724137931
1.79031581829635,-0.801509256187764,0.205464376122191,-0.149412384512978,0.533946992598433,84.4384965517241,33.8599724137931
1.90845481277581,-0.801509256187764,0.223416423220993,-0.148555536802856,0.568359815016714,87.8658482758621,33.8599724137931
2.02659380725527,-0.801509256187764,0.241375679703236,-0.147693526742846,0.601282322950587,91.2932,33.8599724137931
-1.39943703264916,-0.673637860053788,-0.242274252615029,-0.681837788164189,0.211229075168686,-8.1,35.3077517241379
-1.2812980381697,-0.673637860053788,-0.227622537542426,-0.651547255868164,0.206223728084102,-4.67264827586207,35.3077517241379
-1.16315904369023,-0.673637860053788,-0.212961405713832,-0.619410152901069,0.199685627760815,-1.24529655172414,35.3077517241379
-1.04502004921077,-0.673637860053788,-0.198280535790172,-0.587442205200934,0.19485106624396,2.18205517241379,35.3077517241379
-0.926881054731307,-0.673637860053788,-0.18356471777988,-0.554121934740435,0.19179014374818,5.60940689655172,35.3077517241379
-0.808742060251843,-0.673637860053788,-0.168795777060012,-0.521889889265697,0.190299882088134,9.03675862068965,35.3077517241379
-0.69060306577238,-0.673637860053788,-0.153955613937663,-0.492398335344228,0.187957247590345,12.4641103448276,35.3077517241379
-0.572464071292917,-0.673637860053788,-0.139028777841774,-0.46229341915438,0.187217953942462,15.8914620689655,35.3077517241379
-0.454325076813454,-0.673637860053788,-0.124005646714951,-0.43302855713871,0.188756347821099,19.3188137931034,35.3077517241379
-0.336186082333991,-0.673637860053788,-0.108883433936914,-0.403908167851577,0.19015043834915,22.7461655172414,35.3077517241379
-0.218047087854528,-0.673637860053788,-0.093663970027289,-0.377713235441034,0.194654008398109,26.1735172413793,35.3077517241379
-0.0999080933750645,-0.673637860053788,-0.078352906062559,-0.354383976010797,0.19827045405063,29.6008689655172,35.3077517241379
0.0182309011043986,-0.673637860053788,-0.0629580641565468,-0.330439165169071,0.204088514439528,33.0282206896552,35.3077517241379
0.136369895583862,-0.673637860053788,-0.0474871479888304,-0.307468702330143,0.213490313049488,36.4555724137931,35.3077517241379
0.254508890063325,-0.673637860053788,-0.031947781655175,-0.287524950028399,0.22337558353469,39.882924137931,35.3077517241379
0.372647884542788,-0.673637860053788,-0.0163475891906995,-0.270269894352296,0.234169067914796,43.310275862069,35.3077517241379
0.490786879022251,-0.673637860053788,-0.000694139876718403,-0.254322957314727,0.246363240610117,46.7376275862069,35.3077517241379
0.608925873501715,-0.673637860053788,0.0150067695572531,-0.239782600301297,0.260698001189159,50.1649793103448,35.3077517241379
0.727064867981178,-0.673637860053788,0.0307520429131412,-0.2292950381371,0.277510669623425,53.5923310344828,35.3077517241379
0.845203862460641,-0.673637860053788,0.046540270549996,-0.219305488248682,0.297364166450629,57.0196827586207,35.3077517241379
0.963342856940104,-0.673637860053788,0.0623711817715931,-0.208452078105366,0.318861977960421,60.4470344827586,35.3077517241379
1.08148185141957,-0.673637860053788,0.0782446750270385,-0.201487086894125,0.341547862803618,63.8743862068965,35.3077517241379
1.19962084589903,-0.673637860053788,0.0941606485968371,-0.194610532227049,0.367293295192249,67.3017379310345,35.3077517241379
1.31775984037849,-0.673637860053788,0.110118683184592,-0.19038762656475,0.395214341345525,70.7290896551724,35.3077517241379
1.43589883485796,-0.673637860053788,0.126117202237741,-0.187832354613983,0.424295314934353,74.1564413793103,35.3077517241379
1.55403782933742,-0.673637860053788,0.142153152601562,-0.187095376660482,0.450784627619825,77.5837931034483,35.3077517241379
1.67217682381688,-0.673637860053788,0.158221022759075,-0.185627531472501,0.480299609667351,81.0111448275862,35.3077517241379
1.79031581829635,-0.673637860053788,0.174312382151925,-0.186041905853465,0.513389026287914,84.4384965517241,35.3077517241379
1.90845481277581,-0.673637860053788,0.190418574451559,-0.186365075652641,0.546200600569986,87.8658482758621,35.3077517241379
2.02659380725527,-0.673637860053788,0.206531449594901,-0.186710406628586,0.577239167969562,91.2932,35.3077517241379
-1.39943703264916,-0.545766463919811,-0.224040567169131,-0.63234056812123,0.198455693191955,-8.1,36.7555310344828
-1.2812980381697,-0.545766463919811,-0.211197751688743,-0.601999611817028,0.19222548654966,-4.67264827586207,36.7555310344828
-1.16315904369023,-0.545766463919811,-0.19834604101833,-0.573317102126407,0.185546973164584,-1.24529655172414,36.7555310344828
-1.04502004921077,-0.545766463919811,-0.185475664407943,-0.544346492623382,0.180126556669597,2.18205517241379,36.7555310344828
-0.926881054731307,-0.545766463919811,-0.172572093509637,-0.515659722640459,0.176221672701502,5.60940689655172,36.7555310344828
-0.808742060251843,-0.545766463919811,-0.159617830924374,-0.486478668075338,0.172001926830574,9.03675862068965,36.7555310344828
-0.69060306577238,-0.545766463919811,-0.146595359584012,-0.458389432889573,0.169224539003069,12.4641103448276,36.7555310344828
-0.572464071292917,-0.545766463919811,-0.133489555439502,-0.433407502216703,0.168362227307366,15.8914620689655,36.7555310344828
-0.454325076813454,-0.545766463919811,-0.120290658416041,-0.406195244233621,0.169209786719674,19.3188137931034,36.7555310344828
-0.336186082333991,-0.545766463919811,-0.106995309388773,-0.381494200112489,0.172019995844527,22.7461655172414,36.7555310344828
-0.218047087854528,-0.545766463919811,-0.0936045662868334,-0.35889147721143,0.175988242693101,26.1735172413793,36.7555310344828
-0.0999080933750645,-0.545766463919811,-0.0801233924020819,-0.337380250941405,0.180951961394164,29.6008689655172,36.7555310344828
0.0182309011043986,-0.545766463919811,-0.0665590728510219,-0.317543370713432,0.188452981774074,33.0282206896552,36.7555310344828
0.136369895583862,-0.545766463919811,-0.0529188969612928,-0.301481518978256,0.19604458188292,36.4555724137931,36.7555310344828
0.254508890063325,-0.545766463919811,-0.0392101119855175,-0.28559378061464,0.206888324066848,39.882924137931,36.7555310344828
0.372647884542788,-0.545766463919811,-0.0254399651442547,-0.271518984092268,0.219361461881246,43.310275862069,36.7555310344828
0.490786879022251,-0.545766463919811,-0.0116156561307736,-0.259781746698984,0.232095991148086,46.7376275862069,36.7555310344828
0.608925873501715,-0.545766463919811,0.0022571549240249,-0.251416497117784,0.246728835248333,50.1649793103448,36.7555310344828
0.727064867981178,-0.545766463919811,0.0161751575739322,-0.243408781310129,0.265434746720446,53.5923310344828,36.7555310344828
0.845203862460641,-0.545766463919811,0.030136522649955,-0.235490566800942,0.284403361732845,57.0196827586207,36.7555310344828
0.963342856940104,-0.545766463919811,0.0441404267630299,-0.228887527454258,0.306949331607924,60.4470344827586,36.7555310344828
1.08148185141957,-0.545766463919811,0.0581861961426933,-0.225418031615602,0.330275924577154,63.8743862068965,36.7555310344828
1.19962084589903,-0.545766463919811,0.0722731568717778,-0.222266027522716,0.354485888789094,67.3017379310345,36.7555310344828
1.31775984037849,-0.545766463919811,0.0864003586923223,-0.221108724821515,0.381947003262198,70.7290896551724,36.7555310344828
1.43589883485796,-0.545766463919811,0.100565844299661,-0.219291782557965,0.408681300756808,74.1564413793103,36.7555310344828
1.55403782933742,-0.545766463919811,0.11476637152404,-0.219912174154085,0.436380081980252,77.5837931034483,36.7555310344828
1.67217682381688,-0.545766463919811,0.128996574562158,-0.222275721263352,0.465585199165857,81.0111448275862,36.7555310344828
1.79031581829635,-0.545766463919811,0.143248573697336,-0.223070409579253,0.493997813427475,84.4384965517241,36.7555310344828
1.90845481277581,-0.545766463919811,0.157514305731648,-0.226480233782195,0.525760375544042,87.8658482758621,36.7555310344828
2.02659380725527,-0.545766463919811,0.17178621604599,-0.229401097778783,0.558038096458682,91.2932,36.7555310344828
-1.39943703264916,-0.417895067785836,-0.205744258010691,-0.586510488603639,0.188380446822027,-8.1,38.2033103448276
-1.2812980381697,-0.417895067785836,-0.194714703267624,-0.556867904257162,0.179898057408607,-4.67264827586207,38.2033103448276
-1.16315904369023,-0.417895067785836,-0.183676723986567,-0.530068497379678,0.172029968456573,-1.24529655172414,38.2033103448276
-1.04502004921077,-0.417895067785836,-0.17262104332427,-0.503881281213879,0.167005235670355,2.18205517241379,38.2033103448276
-0.926881054731307,-0.417895067785836,-0.161533725672158,-0.478378678601358,0.162081445066748,5.60940689655172,38.2033103448276
-0.808742060251843,-0.417895067785836,-0.150397839018177,-0.453001026130035,0.156950261373027,9.03675862068965,38.2033103448276
-0.69060306577238,-0.417895067785836,-0.139196333871046,-0.427195611528803,0.15347698605733,12.4641103448276,38.2033103448276
-0.572464071292917,-0.417895067785836,-0.127914307880597,-0.404905753350905,0.151372040989982,15.8914620689655,38.2033103448276
-0.454325076813454,-0.417895067785836,-0.116541784736945,-0.380749176888802,0.15162458444858,19.3188137931034,38.2033103448276
-0.336186082333991,-0.417895067785836,-0.105074790462903,-0.360827176982566,0.154482634696437,22.7461655172414,38.2033103448276
-0.218047087854528,-0.417895067785836,-0.0935135962452733,-0.340753521497646,0.157850152765708,26.1735172413793,38.2033103448276
-0.0999080933750645,-0.417895067785836,-0.0818624973198929,-0.324783451525601,0.166192132078485,29.6008689655172,38.2033103448276
0.0182309011043986,-0.417895067785836,-0.0701282850714282,-0.309092636605707,0.17349416008952,33.0282206896552,38.2033103448276
0.136369895583862,-0.417895067785836,-0.0583178818706802,-0.295938636375281,0.182257984970809,36.4555724137931,38.2033103448276
0.254508890063325,-0.417895067785836,-0.0464382064391149,-0.284875907436979,0.192889621026386,39.882924137931,38.2033103448276
0.372647884542788,-0.417895067785836,-0.0344961774954209,-0.275411106110821,0.205098761518737,43.310275862069,38.2033103448276
0.490786879022251,-0.417895067785836,-0.0224986732993173,-0.268821537512761,0.217911749211725,46.7376275862069,38.2033103448276
0.608925873501715,-0.417895067785836,-0.0104512603592744,-0.262091433015394,0.235875955329703,50.1649793103448,38.2033103448276
0.727064867981178,-0.417895067785836,0.00164250183948766,-0.259072733095475,0.254805043213815,53.5923310344828,38.2033103448276
0.845203862460641,-0.417895067785836,0.0137803360435065,-0.256280776155628,0.275378625959952,57.0196827586207,38.2033103448276
0.963342856940104,-0.417895067785836,0.025960842447045,-0.253628565016952,0.29799973891671,60.4470344827586,38.2033103448276
1.08148185141957,-0.417895067785836,0.038182752084813,-0.253340584031967,0.320909074890432,63.8743862068965,38.2033103448276
1.19962084589903,-0.417895067785836,0.0504447958665386,-0.251856620375394,0.345165756152296,67.3017379310345,38.2033103448276
1.31775984037849,-0.417895067785836,0.0627454692770755,-0.254825763052535,0.370398177680585,70.7290896551724,38.2033103448276
1.43589883485796,-0.417895067785836,0.0750824097036666,-0.256759029957903,0.398213397754985,74.1564413793103,38.2033103448276
1.55403782933742,-0.417895067785836,0.0874521592446813,-0.260424231786193,0.424686516987834,77.5837931034483,38.2033103448276
1.67217682381688,-0.417895067785836,0.0998494673521595,-0.264512895691554,0.45404116304775,81.0111448275862,38.2033103448276
1.79031581829635,-0.417895067785836,0.112266970310195,-0.268989083215752,0.48406613477637,84.4384965517241,38.2033103448276
1.90845481277581,-0.417895067785836,0.124697163233586,-0.271328718303941,0.513575874297174,87.8658482758621,38.2033103448276
2.02659380725527,-0.417895067785836,0.13713305531367,-0.276322730635682,0.54472328556358,91.2932,38.2033103448276
-1.39943703264916,-0.29002367165186,-0.187392399791173,-0.540653131736009,0.175728591814021,-8.1,39.6510896551724
-1.2812980381697,-0.29002367165186,-0.178179734188128,-0.514390991710434,0.168455314215834,-4.67264827586207,39.6510896551724
-1.16315904369023,-0.29002367165186,-0.168959064469249,-0.488467206752272,0.159027765687607,-1.24529655172414,39.6510896551724
-1.04502004921077,-0.29002367165186,-0.159721552307157,-0.465325297780471,0.153578086394156,2.18205517241379,39.6510896551724
-0.926881054731307,-0.29002367165186,-0.150453771156892,-0.443887917504393,0.14716347886752,5.60940689655172,39.6510896551724
-0.808742060251843,-0.29002367165186,-0.141139252293017,-0.420666452213255,0.144555871073091,9.03675862068965,39.6510896551724
-0.69060306577238,-0.29002367165186,-0.131761310755927,-0.398778619618236,0.140683103308243,12.4641103448276,39.6510896551724
-0.572464071292917,-0.29002367165186,-0.122305175530536,-0.376915009990164,0.136842947694846,15.8914620689655,39.6510896551724
-0.454325076813454,-0.29002367165186,-0.112760593179002,-0.359345523228122,0.136418694321609,19.3188137931034,39.6510896551724
-0.336186082333991,-0.29002367165186,-0.103122950347013,-0.342120479016798,0.138693562244478,22.7461655172414,39.6510896551724
-0.218047087854528,-0.29002367165186,-0.0933917330579792,-0.326710306786615,0.14348194955129,26.1735172413793,39.6510896551724
-0.0999080933750645,-0.29002367165186,-0.0835705957395927,-0.314913277991909,0.15077869632818,29.6008689655172,39.6510896551724
0.0182309011043986,-0.29002367165186,-0.073665879521486,-0.302351135597391,0.159462168802643,33.0282206896552,39.6510896551724
0.136369895583862,-0.29002367165186,-0.0636841844712404,-0.294147338821909,0.168560330454281,36.4555724137931,39.6510896551724
0.254508890063325,-0.29002367165186,-0.0536321455156479,-0.288422148251236,0.180183575815352,39.882924137931,39.6510896551724
0.372647884542788,-0.29002367165186,-0.0435163976080668,-0.281949050826381,0.194241101280599,43.310275862069,39.6510896551724
0.490786879022251,-0.29002367165186,-0.0333435420623021,-0.27814062182956,0.211087386529702,46.7376275862069,39.6510896551724
0.608925873501715,-0.29002367165186,-0.0231190881677126,-0.27599773228296,0.228059276139816,50.1649793103448,39.6510896551724
0.727064867981178,-0.29002367165186,-0.0128468683894267,-0.275899223165016,0.248512260381159,53.5923310344828,39.6510896551724
0.845203862460641,-0.29002367165186,-0.00252962365112808,-0.276708207034568,0.268289507513069,57.0196827586207,39.6510896551724
0.963342856940104,-0.29002367165186,0.0078306602224778,-0.279366816378055,0.29028873114651,60.4470344827586,39.6510896551724
1.08148185141957,-0.29002367165186,0.0182321103747443,-0.282712219899731,0.315454626481487,63.8743862068965,39.6510896551724
1.19962084589903,-0.29002367165186,0.0286728538452046,-0.287548046918664,0.33975355140634,67.3017379310345,39.6510896551724
1.31775984037849,-0.29002367165186,0.0391508221124566,-0.292046479122932,0.364784212693634,70.7290896551724,39.6510896551724
1.43589883485796,-0.29002367165186,0.0496632336135159,-0.295817565240013,0.391216516785835,74.1564413793103,39.6510896551724
1.55403782933742,-0.29002367165186,0.0602063957489243,-0.301858292109533,0.418427891992488,77.5837931034483,39.6510896551724
1.67217682381688,-0.29002367165186,0.0707751451356105,-0.306733434391399,0.448469441892056,81.0111448275862,39.6510896551724
1.79031581829635,-0.29002367165186,0.0813625950889127,-0.314901981789067,0.476696630416587,84.4384965517241,39.6510896551724
1.90845481277581,-0.29002367165186,0.0919617593393411,-0.320897714145095,0.506400478950209,87.8658482758621,39.6510896551724
2.02659380725527,-0.29002367165186,0.102566173850223,-0.32780307198198,0.536168890246113,91.2932,39.6510896551724
-1.39943703264916,-0.162152275517883,-0.168989504175124,-0.499368024999158,0.172866490748947,-8.1,41.0988689655172
-1.2812980381697,-0.162152275517883,-0.161596760009974,-0.474726977413999,0.162160451804026,-4.67264827586207,41.0988689655172
-1.16315904369023,-0.162152275517883,-0.154196380349647,-0.453480092166276,0.153438539657377,-1.24529655172414,41.0988689655172
-1.04502004921077,-0.162152275517883,-0.146779908855337,-0.431574105658125,0.145793196204481,2.18205517241379,41.0988689655172
-0.926881054731307,-0.162152275517883,-0.139334346287765,-0.410184909880165,0.138742036021037,5.60940689655172,41.0988689655172
-0.808742060251843,-0.162152275517883,-0.131843591156163,-0.389759704253656,0.132382373174148,9.03675862068965,41.0988689655172
-0.69060306577238,-0.162152275517883,-0.12429122848237,-0.371456533550349,0.127471990011415,12.4641103448276,41.0988689655172
-0.572464071292917,-0.162152275517883,-0.116662539954886,-0.35344122139364,0.12488618953345,15.8914620689655,41.0988689655172
-0.454325076813454,-0.162152275517883,-0.108946950224518,-0.338393027480133,0.124316582231994,19.3188137931034,41.0988689655172
-0.336186082333991,-0.162152275517883,-0.101139200170097,-0.325377698516919,0.126044112867405,22.7461655172414,41.0988689655172
-0.218047087854528,-0.162152275517883,-0.0932380090947511,-0.314576373950445,0.130557655532289,26.1735172413793,41.0988689655172
-0.0999080933750645,-0.162152275517883,-0.0852464266495065,-0.306208412516709,0.137669014002213,29.6008689655172,41.0988689655172
0.0182309011043986,-0.162152275517883,-0.0771703885181072,-0.29918046275285,0.148399241215857,33.0282206896552,41.0988689655172
0.136369895583862,-0.162152275517883,-0.0690162152375331,-0.296217854744812,0.158562872851229,36.4555724137931,41.0988689655172
0.254508890063325,-0.162152275517883,-0.0607902998784748,-0.291867455135471,0.171476911830065,39.882924137931,41.0988689655172
0.372647884542788,-0.162152275517883,-0.0524990355668944,-0.290883124273318,0.186088615401671,43.310275862069,41.0988689655172
0.490786879022251,-0.162152275517883,-0.0441487882538159,-0.291678496517955,0.203702957788359,46.7376275862069,41.0988689655172
0.608925873501715,-0.162152275517883,-0.0357450401160238,-0.292744832396254,0.222309316933457,50.1649793103448,41.0988689655172
0.727064867981178,-0.162152275517883,-0.0272919092562312,-0.29668285219635,0.242268141831658,53.5923310344828,41.0988689655172
0.845203862460641,-0.162152275517883,-0.0187926021364238,-0.301690889354208,0.265248539038135,57.0196827586207,41.0988689655172
0.963342856940104,-0.162152275517883,-0.0102496852060519,-0.307430107715471,0.287996076740087,60.4470344827586,41.0988689655172
1.08148185141957,-0.162152275517883,-0.00166562874121112,-0.315210544277361,0.310945512600937,63.8743862068965,41.0988689655172
1.19962084589903,-0.162152275517883,0.00695709689829016,-0.322264485256431,0.335235239937157,67.3017379310345,41.0988689655172
1.31775984037849,-0.162152275517883,0.0156158636705381,-0.330090238565145,0.361082614733435,70.7290896551724,41.0988689655172
1.43589883485796,-0.162152275517883,0.024307468305504,-0.338964297420131,0.387758127854723,74.1564413793103,41.0988689655172
1.55403782933742,-0.162152275517883,0.033027971449493,-0.348547721444551,0.414609433695496,77.5837931034483,41.0988689655172
1.67217682381688,-0.162152275517883,0.0417722690793356,-0.358117284024526,0.440842777406361,81.0111448275862,41.0988689655172
1.79031581829635,-0.162152275517883,0.0505339049189253,-0.367921828831476,0.470494606428347,84.4384965517241,41.0988689655172
1.90845481277581,-0.162152275517883,0.0593063630965318,-0.377138134782995,0.4998371350736,87.8658482758621,41.0988689655172
2.02659380725527,-0.162152275517883,0.0680836604695383,-0.387960660116875,0.528727902962679,91.2932,41.0988689655172
-1.39943703264916,-0.0342808793839073,-0.150533146319013,-0.465872112146542,0.17410706231368,-8.1,42.5466482758621
-1.2812980381697,-0.0342808793839073,-0.144963169882449,-0.442290950637869,0.16264760433906,-4.67264827586207,42.5466482758621
-1.16315904369023,-0.0342808793839073,-0.139385867672425,-0.420075281372126,0.152274481561467,-1.24529655172414,42.5466482758621
-1.04502004921077,-0.0342808793839073,-0.133793101662627,-0.399399734262968,0.142184801606743,2.18205517241379,42.5466482758621
-0.926881054731307,-0.0342808793839073,-0.128172211481786,-0.38106419658703,0.13422016039196,5.60940689655172,42.5466482758621
-0.808742060251843,-0.0342808793839073,-0.122507362842525,-0.361402751032852,0.125488394883778,9.03675862068965,42.5466482758621
-0.69060306577238,-0.0342808793839073,-0.116782314841503,-0.344649620210164,0.119209461970815,12.4641103448276,42.5466482758621
-0.572464071292917,-0.0342808793839073,-0.110982326728959,-0.332029760895384,0.115264322128376,15.8914620689655,42.5466482758621
-0.454325076813454,-0.0342808793839073,-0.105096467663021,-0.320138822766667,0.115749760797335,19.3188137931034,42.5466482758621
-0.336186082333991,-0.0342808793839073,-0.0991188432438177,-0.309943988825312,0.11695227538506,22.7461655172414,42.5466482758621
-0.218047087854528,-0.0342808793839073,-0.0930474423433623,-0.304049311762139,0.121171847496168,26.1735172413793,42.5466482758621
-0.0999080933750645,-0.0342808793839073,-0.0868847569111013,-0.300643800228076,0.128201751148909,29.6008689655172,42.5466482758621
0.0182309011043986,-0.0342808793839073,-0.0806363660919756,-0.29872269664316,0.140356131446042,33.0282206896552,42.5466482758621
0.136369895583862,-0.0342808793839073,-0.0743083542604293,-0.297447305573511,0.15210858379047,36.4555724137931,42.5466482758621
0.254508890063325,-0.0342808793839073,-0.0679069141437925,-0.298538692941551,0.165817003656642,39.882924137931,42.5466482758621
0.372647884542788,-0.0342808793839073,-0.0614382385519585,-0.302646816882614,0.180935388370559,43.310275862069,42.5466482758621
0.490786879022251,-0.0342808793839073,-0.0549084990970332,-0.307609735066324,0.197653574922226,46.7376275862069,42.5466482758621
0.608925873501715,-0.0342808793839073,-0.0483231761405918,-0.312506887979544,0.217510895164777,50.1649793103448,42.5466482758621
0.727064867981178,-0.0342808793839073,-0.0416866750350247,-0.319455868309149,0.238777699072673,53.5923310344828,42.5466482758621
0.845203862460641,-0.0342808793839073,-0.0350026556280563,-0.327574083814442,0.262304298825427,57.0196827586207,42.5466482758621
0.963342856940104,-0.0342808793839073,-0.028274244098994,-0.33651632516493,0.284034014503419,60.4470344827586,42.5466482758621
1.08148185141957,-0.0342808793839073,-0.0215044859774469,-0.348845780373249,0.309565878001619,63.8743862068965,42.5466482758621
1.19962084589903,-0.0342808793839073,-0.014696426858384,-0.35910922503333,0.334710020976733,67.3017379310345,42.5466482758621
1.31775984037849,-0.0342808793839073,-0.00785323545349659,-0.372548473866922,0.360342318960471,70.7290896551724,42.5466482758621
1.43589883485796,-0.0342808793839073,-0.00097852988597058,-0.38451285417876,0.386417922775357,74.1564413793103,42.5466482758621
1.55403782933742,-0.0342808793839073,0.00592349573668294,-0.396863295203847,0.413883109860835,77.5837931034483,42.5466482758621
1.67217682381688,-0.0342808793839073,0.0128477640237818,-0.408363392895581,0.441695279939926,81.0111448275862,42.5466482758621
1.79031581829635,-0.0342808793839073,0.0197881869114411,-0.42240469361482,0.469026652287317,84.4384965517241,42.5466482758621
1.90845481277581,-0.0342808793839073,0.0267386540698151,-0.435950873717586,0.495735871359564,87.8658482758621,42.5466482758621
2.02659380725527,-0.0342808793839073,0.0336936009643471,-0.449752400137319,0.521583073721287,91.2932,42.5466482758621
-1.39943703264916,0.0935905167500688,-0.132013184984928,-0.437214146601662,0.179453976722717,-8.1,43.9944275862069
-1.2812980381697,0.0935905167500688,-0.128269121166061,-0.414349864640193,0.167547287437312,-4.67264827586207,43.9944275862069
-1.16315904369023,0.0935905167500688,-0.124517969581602,-0.393308657146751,0.154102910026719,-1.24529655172414,43.9944275862069
-1.04502004921077,0.0935905167500688,-0.120751833422398,-0.372768299186622,0.141335061801038,2.18205517241379,43.9944275862069
-0.926881054731307,0.0935905167500688,-0.116958286794524,-0.354782366089822,0.13043132605709,5.60940689655172,43.9944275862069
-0.808742060251843,0.0935905167500688,-0.113121647458128,-0.337992949613572,0.121465545611893,9.03675862068965,43.9944275862069
-0.69060306577238,0.0935905167500688,-0.109225740152235,-0.324912194617315,0.11559833541952,12.4641103448276,43.9944275862069
-0.572464071292917,0.0935905167500688,-0.105255720293384,-0.313553112950151,0.111207842115483,15.8914620689655,43.9944275862069
-0.454325076813454,0.0935905167500688,-0.101200272583526,-0.303450545038626,0.10892031755409,19.3188137931034,43.9944275862069
-0.336186082333991,0.0935905167500688,-0.0970528918234779,-0.298325949539204,0.110223564049597,22.7461655172414,43.9944275862069
-0.218047087854528,0.0935905167500688,-0.0928108901891358,-0.296424964932623,0.114120377666678,26.1735172413793,43.9944275862069
-0.0999080933750645,0.0935905167500688,-0.088476261704546,-0.29574307598929,0.121157451667584,29.6008689655172,43.9944275862069
0.0182309011043986,0.0935905167500688,-0.0840542848216019,-0.298423822352778,0.133911259735096,33.0282206896552,43.9944275862069
0.136369895583862,0.0935905167500688,-0.0795508545279091,-0.301428543622183,0.146923305749676,36.4555724137931,43.9944275862069
0.254508890063325,0.0935905167500688,-0.0749720070752238,-0.307899144956173,0.160235326467286,39.882924137931,43.9944275862069
0.372647884542788,0.0935905167500688,-0.0703237788229449,-0.315592333765603,0.176308434160801,43.310275862069,43.9944275862069
0.490786879022251,0.0935905167500688,-0.0656121902703459,-0.323875033843311,0.194227527950798,46.7376275862069,43.9944275862069
0.608925873501715,0.0935905167500688,-0.0608427425925608,-0.330875612004996,0.214670734483747,50.1649793103448,43.9944275862069
0.727064867981178,0.0935905167500688,-0.0560201201965578,-0.342399387191328,0.236503795265503,53.5923310344828,43.9944275862069
0.845203862460641,0.0935905167500688,-0.0511484110101579,-0.354999102434556,0.259816121164175,57.0196827586207,43.9944275862069
0.963342856940104,0.0935905167500688,-0.0462312653041987,-0.369001137914434,0.282884189240878,60.4470344827586,43.9944275862069
1.08148185141957,0.0935905167500688,-0.041272266749945,-0.384434009199669,0.30843508933187,63.8743862068965,43.9944275862069
1.19962084589903,0.0935905167500688,-0.036274999068314,-0.39873380691066,0.333700068550763,67.3017379310345,43.9944275862069
1.31775984037849,0.0935905167500688,-0.0312431395091322,-0.41534662863763,0.358310904983591,70.7290896551724,43.9944275862069
1.43589883485796,0.0935905167500688,-0.0261807068593827,-0.431837691727762,0.385132763856515,74.1564413793103,43.9944275862069
1.55403782933742,0.0935905167500688,-0.021092157519651,-0.447055039639027,0.411132337760437,77.5837931034483,43.9944275862069
1.67217682381688,0.0935905167500688,-0.0159825854095885,-0.463917060874253,0.437555610855679,81.0111448275862,43.9944275862069
1.79031581829635,0.0935905167500688,-0.010857795842357,-0.481959356538639,0.465833634630945,84.4384965517241,43.9944275862069
1.90845481277581,0.0935905167500688,-0.00572358292426767,-0.500025982635521,0.494575540025715,87.8658482758621,43.9944275862069
2.02659380725527,0.0935905167500688,-0.000585178496022465,-0.517045263420452,0.521705142194199,91.2932,43.9944275862069
-1.39943703264916,0.221461912884044,-0.1134148833427,-0.413904464101455,0.190767780881274,-8.1,45.4422068965517
-1.2812980381697,0.221461912884044,-0.111500496781365,-0.394195584890522,0.174345526280705,-4.67264827586207,45.4422068965517
-1.16315904369023,0.221461912884044,-0.109579173049729,-0.374069568227619,0.158661767409209,-1.24529655172414,45.4422068965517
-1.04502004921077,0.221461912884044,-0.10764316281745,-0.354862148834012,0.14591582881556,2.18205517241379,45.4422068965517
-0.926881054731307,0.221461912884044,-0.105680149182398,-0.336710668280649,0.134672547105035,5.60940689655172,45.4422068965517
-0.808742060251843,0.221461912884044,-0.103674465102393,-0.321000327072942,0.123696658805222,9.03675862068965,45.4422068965517
-0.69060306577238,0.221461912884044,-0.101609873163369,-0.308877441974457,0.116687964828232,12.4641103448276,45.4422068965517
-0.572464071292917,0.221461912884044,-0.0994713308840218,-0.29999629409581,0.110972293284064,15.8914620689655,45.4422068965517
-0.454325076813454,0.221461912884044,-0.0972471089747495,-0.292701866669949,0.108059027957746,19.3188137931034,45.4422068965517
-0.336186082333991,0.221461912884044,-0.0949301264741456,-0.291725086498754,0.108272030591524,22.7461655172414,45.4422068965517
-0.218047087854528,0.221461912884044,-0.0925170880637136,-0.290547106488417,0.111647673511018,26.1735172413793,45.4422068965517
-0.0999080933750645,0.221461912884044,-0.0900095622744344,-0.294049610654741,0.119424942252061,29.6008689655172,45.4422068965517
0.0182309011043986,0.221461912884044,-0.0874125910083619,-0.300243574764122,0.131917012130389,33.0282206896552,45.4422068965517
0.136369895583862,0.221461912884044,-0.0847319317275259,-0.306741672528975,0.143880795448005,36.4555724137931,45.4422068965517
0.254508890063325,0.221461912884044,-0.0819735121876093,-0.318335374294021,0.159671947899743,39.882924137931,45.4422068965517
0.372647884542788,0.221461912884044,-0.0791432602740612,-0.329293388514112,0.176194921549109,43.310275862069,45.4422068965517
0.490786879022251,0.221461912884044,-0.0762470925591625,-0.340345241386177,0.192206042496581,46.7376275862069,45.4422068965517
0.608925873501715,0.221461912884044,-0.0732905527749352,-0.353777356016774,0.213817975013428,50.1649793103448,45.4422068965517
0.727064867981178,0.221461912884044,-0.0702785882075698,-0.36930597162664,0.23559836757347,53.5923310344828,45.4422068965517
0.845203862460641,0.221461912884044,-0.0672156782943212,-0.386214180331956,0.259497243259728,57.0196827586207,45.4422068965517
0.963342856940104,0.221461912884044,-0.0641059489830145,-0.40370250237372,0.283570576802208,60.4470344827586,45.4422068965517
1.08148185141957,0.221461912884044,-0.0609534720098415,-0.421713211554518,0.307819065434348,63.8743862068965,45.4422068965517
1.19962084589903,0.221461912884044,-0.0577623191485088,-0.440385272634453,0.333167870666191,67.3017379310345,45.4422068965517
1.31775984037849,0.221461912884044,-0.0545366328387864,-0.459489467900879,0.357644099421204,70.7290896551724,45.4422068965517
1.43589883485796,0.221461912884044,-0.0512808133619478,-0.480643614539844,0.383811700662039,74.1564413793103,45.4422068965517
1.55403782933742,0.221461912884044,-0.0479995891406846,-0.500762421986961,0.4109626679743,77.5837931034483,45.4422068965517
1.67217682381688,0.221461912884044,-0.0446981272051383,-0.520267540286075,0.436798099498754,81.0111448275862,45.4422068965517
1.79031581829635,0.221461912884044,-0.0413820621708219,-0.541283455860571,0.465012722710565,84.4384965517241,45.4422068965517
1.90845481277581,0.221461912884044,-0.0380569890084219,-0.561853768584944,0.49305211000417,87.8658482758621,45.4422068965517
2.02659380725527,0.221461912884044,-0.0347279193564543,-0.58044906215528,0.519751241041537,91.2932,45.4422068965517
-1.39943703264916,0.349333309018021,-0.0947215105956944,-0.398816937327129,0.211875204388716,-8.1,46.8899862068966
-1.2812980381697,0.349333309018021,-0.0946413433788065,-0.379295179934762,0.192693005263152,-4.67264827586207,46.8899862068966
-1.16315904369023,0.349333309018021,-0.0945542855304016,-0.358961889865347,0.173341750250816,-1.24529655172414,46.8899862068966
-1.04502004921077,0.349333309018021,-0.0944526237200503,-0.340457541900818,0.156972024436761,2.18205517241379,46.8899862068966
-0.926881054731307,0.349333309018021,-0.0943240014606177,-0.324513456740278,0.142837653468352,5.60940689655172,46.8899862068966
-0.808742060251843,0.349333309018021,-0.0941526055754247,-0.309407496140433,0.131139330386529,9.03675862068965,46.8899862068966
-0.69060306577238,0.349333309018021,-0.0939219862911349,-0.296759530918196,0.121596502195725,12.4641103448276,46.8899862068966
-0.572464071292917,0.349333309018021,-0.0936167933856282,-0.288960603168221,0.114874648369637,15.8914620689655,46.8899862068966
-0.454325076813454,0.349333309018021,-0.0932248505119242,-0.285085580058852,0.110865614065683,19.3188137931034,46.8899862068966
-0.336186082333991,0.349333309018021,-0.092738544080639,-0.285773370485772,0.109971479071293,22.7461655172414,46.8899862068966
-0.218047087854528,0.349333309018021,-0.0921540540941557,-0.289248702094487,0.112430648956344,26.1735172413793,46.8899862068966
-0.0999080933750645,0.349333309018021,-0.0914726080562493,-0.293835985385186,0.120525336421025,29.6008689655172,46.8899862068966
0.0182309011043986,0.349333309018021,-0.0906990841355411,-0.303085398262469,0.130605088930019,33.0282206896552,46.8899862068966
0.136369895583862,0.349333309018021,-0.089839159919137,-0.316276926598821,0.14430946128668,36.4555724137931,46.8899862068966
0.254508890063325,0.349333309018021,-0.0888987075509124,-0.329371635619163,0.16008678152505,39.882924137931,46.8899862068966
0.372647884542788,0.349333309018021,-0.0878835993229927,-0.3449286357885,0.175868985683874,43.310275862069,46.8899862068966
0.490786879022251,0.349333309018021,-0.0867996998268561,-0.361372190142225,0.195266934979125,46.7376275862069,46.8899862068966
0.608925873501715,0.349333309018021,-0.0856526172496572,-0.379228061077102,0.215120360561555,50.1649793103448,46.8899862068966
0.727064867981178,0.349333309018021,-0.0844475389973569,-0.398449924326014,0.236608315695951,53.5923310344828,46.8899862068966
0.845203862460641,0.349333309018021,-0.0831892897699396,-0.418537675168114,0.259872115863432,57.0196827586207,46.8899862068966
0.963342856940104,0.349333309018021,-0.0818824117127042,-0.439439535683304,0.284729536888366,60.4470344827586,46.8899862068966
1.08148185141957,0.349333309018021,-0.0805314033142555,-0.460028951633703,0.307568708322575,63.8743862068965,46.8899862068966
1.19962084589903,0.349333309018021,-0.0791407630930561,-0.481822965127042,0.333830600924515,67.3017379310345,46.8899862068966
1.31775984037849,0.349333309018021,-0.0777150458143332,-0.506007849529774,0.35856074341589,70.7290896551724,46.8899862068966
1.43589883485796,0.349333309018021,-0.076259010697628,-0.529567126194154,0.386091010574562,74.1564413793103,46.8899862068966
1.55403782933742,0.349333309018021,-0.0747776715526385,-0.553849293240035,0.412987447318906,77.5837931034483,46.8899862068966
1.67217682381688,0.349333309018021,-0.073276339660949,-0.577313133258867,0.4389819377491,81.0111448275862,46.8899862068966
1.79031581829635,0.349333309018021,-0.0717606183325721,-0.601357316036015,0.467017327959725,84.4384965517241,46.8899862068966
1.90845481277581,0.349333309018021,-0.0702360489433866,-0.623956951699781,0.493958693763783,87.8658482758621,46.8899862068966
2.02659380725527,0.349333309018021,-0.0687075625263445,-0.645283028496182,0.522102684607595,91.2932,46.8899862068966
-1.39943703264916,0.477204705151997,-0.0759170455712095,-0.38823106151122,0.239016106437785,-8.1,48.3377655172414
-1.2812980381697,0.477204705151997,-0.0776764495504674,-0.369145091265242,0.216764258794706,-4.67264827586207,48.3377655172414
-1.16315904369023,0.477204705151997,-0.0794288905865619,-0.349778714589352,0.194776608006908,-1.24529655172414,48.3377655172414
-1.04502004921077,0.477204705151997,-0.0811665640145725,-0.332162893727356,0.174832343333203,2.18205517241379,48.3377655172414
-0.926881054731307,0.477204705151997,-0.0828769039989812,-0.315672550354902,0.156072332397299,5.60940689655172,48.3377655172414
-0.808742060251843,0.477204705151997,-0.0845437667816586,-0.300649638489819,0.142660795127759,9.03675862068965,48.3377655172414
-0.69060306577238,0.477204705151997,-0.0861503183816508,-0.291092444250234,0.131631285254944,12.4641103448276,48.3377655172414
-0.572464071292917,0.477204705151997,-0.0876807748071879,-0.283709888567019,0.121592049503565,15.8914620689655,48.3377655172414
-0.454325076813454,0.477204705151997,-0.0891224737320293,-0.281134410987366,0.115764679165889,19.3188137931034,48.3377655172414
-0.336186082333991,0.477204705151997,-0.0904673163554239,-0.282610869389399,0.114247318106013,22.7461655172414,48.3377655172414
-0.218047087854528,0.477204705151997,-0.0917110502556495,-0.288121450627496,0.116204047256361,26.1735172413793,48.3377655172414
-0.0999080933750645,0.477204705151997,-0.0928546556560406,-0.298751183142468,0.122239538371463,29.6008689655172,48.3377655172414
0.0182309011043986,0.477204705151997,-0.0939029272332386,-0.310234497879529,0.132683110743508,33.0282206896552,48.3377655172414
0.136369895583862,0.477204705151997,-0.0948615256885921,-0.326661645504464,0.147728878665232,36.4555724137931,48.3377655172414
0.254508890063325,0.477204705151997,-0.09573632512621,-0.344472520572375,0.163228135212991,39.882924137931,48.3377655172414
0.372647884542788,0.477204705151997,-0.0965331998128125,-0.3623222374682,0.180108131418132,43.310275862069,48.3377655172414
0.490786879022251,0.477204705151997,-0.0972580188810808,-0.382790330101961,0.199599917899303,46.7376275862069,48.3377655172414
0.608925873501715,0.477204705151997,-0.0979164778767085,-0.405569436674988,0.218597206668455,50.1649793103448,48.3377655172414
0.727064867981178,0.477204705151997,-0.0985139773574328,-0.42968690495821,0.239510680219601,53.5923310344828,48.3377655172414
0.845203862460641,0.477204705151997,-0.0990556344954303,-0.452010753803342,0.263244564946637,57.0196827586207,48.3377655172414
0.963342856940104,0.477204705151997,-0.0995463406212389,-0.475519908109514,0.288586997126173,60.4470344827586,48.3377655172414
1.08148185141957,0.477204705151997,-0.0999909520137026,-0.500355412174374,0.311087314163908,63.8743862068965,48.3377655172414
1.19962084589903,0.477204705151997,-0.100394324979107,-0.52560447630067,0.335330790600628,67.3017379310345,48.3377655172414
1.31775984037849,0.477204705151997,-0.100761367513674,-0.552732700349889,0.362073599147,70.7290896551724,48.3377655172414
1.43589883485796,0.477204705151997,-0.101097174044465,-0.580007854723334,0.388212476151511,74.1564413793103,48.3377655172414
1.55403782933742,0.477204705151997,-0.101407061713321,-0.606005017818791,0.414356928107193,77.5837931034483,48.3377655172414
1.67217682381688,0.477204705151997,-0.101696570630664,-0.633928709908776,0.441525684350998,81.0111448275862,48.3377655172414
1.79031581829635,0.477204705151997,-0.101971435951152,-0.660581394965182,0.470987030713022,84.4384965517241,48.3377655172414
1.90845481277581,0.477204705151997,-0.102237315621836,-0.687499350334996,0.498513961119863,87.8658482758621,48.3377655172414
2.02659380725527,0.477204705151997,-0.102499222990823,-0.717301900514855,0.525218766543611,91.2932,48.3377655172414
-1.39943703264916,0.605076101285972,-0.0569879339544981,-0.385732120724438,0.271183316142942,-8.1,49.7855448275862
-1.2812980381697,0.605076101285972,-0.060593012263368,-0.364006058932307,0.243942534870895,-4.67264827586207,49.7855448275862
-1.16315904369023,0.605076101285972,-0.0641909251932464,-0.343593786813138,0.221880341399476,-1.24529655172414,49.7855448275862
-1.04502004921077,0.605076101285972,-0.0677736372350308,-0.327263502731124,0.201000049846413,2.18205517241379,49.7855448275862
-0.926881054731307,0.605076101285972,-0.0713281865902493,-0.312164566153525,0.180324539085241,5.60940689655172,49.7855448275862
-0.808742060251843,0.605076101285972,-0.0748378954116289,-0.298614475412023,0.161491896119349,9.03675862068965,49.7855448275862
-0.69060306577238,0.605076101285972,-0.0782853553268534,-0.287603767946093,0.147679056360904,12.4641103448276,49.7855448275862
-0.572464071292917,0.605076101285972,-0.0816542078888043,-0.282957213524847,0.135315493174745,15.8914620689655,49.7855448275862
-0.454325076813454,0.605076101285972,-0.0849312584644775,-0.280834642174071,0.125265506852275,19.3188137931034,49.7855448275862
-0.336186082333991,0.605076101285972,-0.0881079705353827,-0.282543857350172,0.122690605566998,22.7461655172414,49.7855448275862
-0.218047087854528,0.605076101285972,-0.0911797557636902,-0.289386921034851,0.124566345620774,26.1735172413793,49.7855448275862
-0.0999080933750645,0.605076101285972,-0.0941474462738201,-0.303240177005014,0.129190455164572,29.6008689655172,49.7855448275862
0.0182309011043986,0.605076101285972,-0.097015838703201,-0.321136524304412,0.139880153154801,33.0282206896552,49.7855448275862
0.136369895583862,0.605076101285972,-0.0997906439873972,-0.33930309597428,0.151995872642826,36.4555724137931,49.7855448275862
0.254508890063325,0.605076101285972,-0.102477799543,-0.360188138767858,0.168170376583417,39.882924137931,49.7855448275862
0.372647884542788,0.605076101285972,-0.105083242959183,-0.381730748528349,0.184423520235991,43.310275862069,49.7855448275862
0.490786879022251,0.605076101285972,-0.107612908145179,-0.405815195049079,0.202833986358375,46.7376275862069,49.7855448275862
0.608925873501715,0.605076101285972,-0.110072602490884,-0.432766932421877,0.222221876378324,50.1649793103448,49.7855448275862
0.727064867981178,0.605076101285972,-0.11246791122747,-0.459464172343545,0.243719778068438,53.5923310344828,49.7855448275862
0.845203862460641,0.605076101285972,-0.114804188407081,-0.485975859219614,0.267314167939161,57.0196827586207,49.7855448275862
0.963342856940104,0.605076101285972,-0.1170866042831,-0.512217348509182,0.291634650955006,60.4470344827586,49.7855448275862
1.08148185141957,0.605076101285972,-0.119320300667366,-0.541972575558598,0.316287220518066,63.8743862068965,49.7855448275862
1.19962084589903,0.605076101285972,-0.121510419402492,-0.571789014277849,0.339797522586899,67.3017379310345,49.7855448275862
1.31775984037849,0.605076101285972,-0.123662160303477,-0.601962501441245,0.365167056086586,70.7290896551724,49.7855448275862
1.43589883485796,0.605076101285972,-0.125780930428444,-0.632534643597984,0.3929084093088,74.1564413793103,49.7855448275862
1.55403782933742,0.605076101285972,-0.127872373251596,-0.662477895806673,0.420733275729781,77.5837931034483,49.7855448275862
1.67217682381688,0.605076101285972,-0.129942353219727,-0.693108470648626,0.447768314281218,81.0111448275862,49.7855448275862
1.79031581829635,0.605076101285972,-0.131996918207073,-0.723649241556672,0.475444188562463,84.4384965517241,49.7855448275862
1.90845481277581,0.605076101285972,-0.134042031152688,-0.756267654126019,0.502909572578475,87.8658482758621,49.7855448275862
2.02659380725527,0.605076101285972,-0.136082967771974,-0.788944317627273,0.530141683745327,91.2932,49.7855448275862
-1.39943703264916,0.732947497419949,-0.0379279466178932,-0.386277791155252,0.309905114820839,-8.1,51.233324137931
-1.2812980381697,0.732947497419949,-0.0433852246136937,-0.366035163851723,0.278706402811826,-4.67264827586207,51.233324137931
-1.16315904369023,0.732947497419949,-0.0488350012102297,-0.346340405449581,0.251414313637254,-1.24529655172414,51.233324137931
-1.04502004921077,0.732947497419949,-0.054268866693735,-0.328859341906763,0.226696609439101,2.18205517241379,51.233324137931
-0.926881054731307,0.732947497419949,-0.0596732706453427,-0.313435975222935,0.204741379062408,5.60940689655172,51.233324137931
-0.808742060251843,0.732947497419949,-0.065030789978632,-0.300475461831203,0.185115678624993,9.03675862068965,51.233324137931
-0.69060306577238,0.732947497419949,-0.0703232438243058,-0.291898174294889,0.167431522136287,12.4641103448276,51.233324137931
-0.572464071292917,0.732947497419949,-0.0755335511688706,-0.285341372388907,0.151863864248639,15.8914620689655,51.233324137931
-0.454325076813454,0.732947497419949,-0.0806479326888203,-0.284388068479483,0.140011397407407,19.3188137931034,51.233324137931
-0.336186082333991,0.732947497419949,-0.0856574574661231,-0.28742345010514,0.135345435724513,22.7461655172414,51.233324137931
-0.218047087854528,0.732947497419949,-0.0905572950773923,-0.296984843381863,0.134614856928446,26.1735172413793,51.233324137931
-0.0999080933750645,0.732947497419949,-0.0953482279343429,-0.310870089874625,0.138275725940592,29.6008689655172,51.233324137931
0.0182309011043986,0.732947497419949,-0.100035140640282,-0.331706170997389,0.147666146861132,33.0282206896552,51.233324137931
0.136369895583862,0.732947497419949,-0.104623862338316,-0.353441099122043,0.159569446828,36.4555724137931,51.233324137931
0.254508890063325,0.732947497419949,-0.109120456037105,-0.377475490487977,0.172548222087858,39.882924137931,51.233324137931
0.372647884542788,0.732947497419949,-0.113530984923512,-0.403454894488298,0.188212650914136,43.310275862069,51.233324137931
0.490786879022251,0.732947497419949,-0.117861508851645,-0.432284148489182,0.208206573970214,46.7376275862069,51.233324137931
0.608925873501715,0.732947497419949,-0.122117972659197,-0.460377851978284,0.227452659003597,50.1649793103448,51.233324137931
0.727064867981178,0.732947497419949,-0.126306119208657,-0.489006522165737,0.247416065604683,53.5923310344828,51.233324137931
0.845203862460641,0.732947497419949,-0.130431485646983,-0.520356596199324,0.271236521781333,57.0196827586207,51.233324137931
0.963342856940104,0.732947497419949,-0.134499453082348,-0.550609001540165,0.295687667914204,60.4470344827586,51.233324137931
1.08148185141957,0.732947497419949,-0.138515378861382,-0.584043855079075,0.321304071186952,63.8743862068965,51.233324137931
1.19962084589903,0.732947497419949,-0.142484620370697,-0.620085093978864,0.344776921565109,67.3017379310345,51.233324137931
1.31775984037849,0.732947497419949,-0.146412610301065,-0.653518407052626,0.37029042808518,70.7290896551724,51.233324137931
1.43589883485796,0.732947497419949,-0.150305048964942,-0.686071368158065,0.39723610452409,74.1564413793103,51.233324137931
1.55403782933742,0.732947497419949,-0.154167933086919,-0.718239814734613,0.423835898581521,77.5837931034483,51.233324137931
1.67217682381688,0.732947497419949,-0.158007551724523,-0.754856527297963,0.451878233347021,81.0111448275862,51.233324137931
1.79031581829635,0.732947497419949,-0.161830452000508,-0.790117782591484,0.48108233323117,84.4384965517241,51.233324137931
1.90845481277581,0.732947497419949,-0.165643095922954,-0.824464642403122,0.506927660663287,87.8658482758621,51.233324137931
2.02659380725527,0.732947497419949,-0.169451206699033,-0.859732788335052,0.538349602584646,91.2932,51.233324137931
-1.39943703264916,0.860818893553925,-0.0187388640990465,-0.39212593271286,0.353863339872046,-8.1,52.6811034482759
-1.2812980381697,0.860818893553925,-0.0260548976921067,-0.37106529772826,0.319620631235959,-4.67264827586207,52.6811034482759
-1.16315904369023,0.860818893553925,-0.0333629648271829,-0.351513986821767,0.287719482476944,-1.24529655172414,52.6811034482759
-1.04502004921077,0.860818893553925,-0.040654142947302,-0.333211636092811,0.257083590372456,2.18205517241379,52.6811034482759
-0.926881054731307,0.860818893553925,-0.0479141057140842,-0.320242062594477,0.231474038467135,5.60940689655172,52.6811034482759
-0.808742060251843,0.860818893553925,-0.0551244783755669,-0.306346517573491,0.208591054298509,9.03675862068965,52.6811034482759
-0.69060306577238,0.860818893553925,-0.0622661130539726,-0.299233747278,0.188408323135944,12.4641103448276,52.6811034482759
-0.572464071292917,0.860818893553925,-0.0693210590982973,-0.293708313139299,0.169753374814523,15.8914620689655,52.6811034482759
-0.454325076813454,0.860818893553925,-0.0762748967530387,-0.291027475688034,0.157054555065413,19.3188137931034,52.6811034482759
-0.336186082333991,0.860818893553925,-0.0831183368810215,-0.29595748920743,0.14886694400981,22.7461655172414,52.6811034482759
-0.218047087854528,0.860818893553925,-0.089846392281367,-0.304242537250169,0.14663173423497,26.1735172413793,52.6811034482759
-0.0999080933750645,0.860818893553925,-0.0964598874893277,-0.322060571009767,0.150083160315747,29.6008689655172,52.6811034482759
0.0182309011043986,0.860818893553925,-0.102963876921353,-0.343898911419614,0.157909520294493,33.0282206896552,52.6811034482759
0.136369895583862,0.860818893553925,-0.109364373225946,-0.369211967953636,0.169332285482069,36.4555724137931,52.6811034482759
0.254508890063325,0.860818893553925,-0.115667625050523,-0.396988434208938,0.181145293017363,39.882924137931,52.6811034482759
0.372647884542788,0.860818893553925,-0.12187988122233,-0.423682194176346,0.195588408013217,43.310275862069,52.6811034482759
0.490786879022251,0.860818893553925,-0.128007386548173,-0.456342737397592,0.214399422133114,46.7376275862069,52.6811034482759
0.608925873501715,0.860818893553925,-0.134056249074223,-0.489463466843818,0.235100105471911,50.1649793103448,52.6811034482759
0.727064867981178,0.860818893553925,-0.140032345868029,-0.522618621080306,0.255346204126578,53.5923310344828,52.6811034482759
0.845203862460641,0.860818893553925,-0.145941348897916,-0.556609834276999,0.277192832636279,57.0196827586207,52.6811034482759
0.963342856940104,0.860818893553925,-0.15178878871594,-0.590741786404853,0.298773601894477,60.4470344827586,52.6811034482759
1.08148185141957,0.860818893553925,-0.157580175026003,-0.626875472996842,0.325129202673498,63.8743862068965,52.6811034482759
1.19962084589903,0.860818893553925,-0.163321017586774,-0.664519678598445,0.350524850465447,67.3017379310345,52.6811034482759
1.31775984037849,0.860818893553925,-0.169016929326149,-0.702140258355483,0.375205335526481,70.7290896551724,52.6811034482759
1.43589883485796,0.860818893553925,-0.174673888874215,-0.739926412080734,0.404289667621321,74.1564413793103,52.6811034482759
1.55403782933742,0.860818893553925,-0.18029827527903,-0.777101426708927,0.430802876456075,77.5837931034483,52.6811034482759
1.67217682381688,0.860818893553925,-0.185896900776673,-0.814198985818115,0.457394249977245,81.0111448275862,52.6811034482759
1.79031581829635,0.860818893553925,-0.191476991924889,-0.852544130237781,0.485815164431243,84.4384965517241,52.6811034482759
1.90845481277581,0.860818893553925,-0.197045697057318,-0.890289007536597,0.515283872496156,87.8658482758621,52.6811034482759
2.02659380725527,0.860818893553925,-0.20260936518495,-0.930251890248035,0.544716221687971,91.2932,52.6811034482759
-1.39943703264916,0.988690289687901,0.000570440480490042,-0.400738918270546,0.400166261087454,-8.1,54.1288827586207
-1.2812980381697,0.988690289687901,-0.00861055394859811,-0.38157489582571,0.362452398588175,-4.67264827586207,54.1288827586207
-1.16315904369023,0.988690289687901,-0.0177829988757034,-0.360359972961691,0.329026658625044,-1.24529655172414,54.1288827586207
-1.04502004921077,0.988690289687901,-0.0269373320009381,-0.34216918349958,0.294326804562391,2.18205517241379,54.1288827586207
-0.926881054731307,0.988690289687901,-0.0360582787672925,-0.325975677831985,0.262546641303562,5.60940689655172,54.1288827586207
-0.808742060251843,0.988690289687901,-0.0451263218710176,-0.313716394570068,0.236789396430401,9.03675862068965,54.1288827586207
-0.69060306577238,0.988690289687901,-0.0541211658410976,-0.305720003394764,0.214289847577603,12.4641103448276,54.1288827586207
-0.572464071292917,0.988690289687901,-0.0630238524524254,-0.302575486610865,0.19350390278906,15.8914620689655,54.1288827586207
-0.454325076813454,0.988690289687901,-0.0718192661263624,-0.303379676498304,0.176330109314483,19.3188137931034,54.1288827586207
-0.336186082333991,0.988690289687901,-0.0804977877483335,-0.307248811475711,0.165787975530783,22.7461655172414,54.1288827586207
-0.218047087854528,0.988690289687901,-0.0890543468229934,-0.318195463956273,0.16159957516825,26.1735172413793,54.1288827586207
-0.0999080933750645,0.988690289687901,-0.0974898913454254,-0.336397472633376,0.163903873098945,29.6008689655172,54.1288827586207
0.0182309011043986,0.988690289687901,-0.105809719483565,-0.359522164191863,0.169679477691433,33.0282206896552,54.1288827586207
0.136369895583862,0.988690289687901,-0.114020086953174,-0.388034377755422,0.180966500577468,36.4555724137931,54.1288827586207
0.254508890063325,0.988690289687901,-0.122127483016871,-0.415948313804863,0.191761766823105,39.882924137931,54.1288827586207
0.372647884542788,0.988690289687901,-0.130138397115233,-0.447699080635388,0.205390643710961,43.310275862069,54.1288827586207
0.490786879022251,0.988690289687901,-0.138059313063246,-0.482961648375712,0.222415044891406,46.7376275862069,54.1288827586207
0.608925873501715,0.988690289687901,-0.145896526697268,-0.517929031702132,0.244436293701029,50.1649793103448,54.1288827586207
0.727064867981178,0.988690289687901,-0.153656030286531,-0.554855173244524,0.263926780114371,53.5923310344828,54.1288827586207
0.845203862460641,0.988690289687901,-0.161343589699314,-0.59119087728983,0.285282391609687,57.0196827586207,54.1288827586207
0.963342856940104,0.988690289687901,-0.168964832520198,-0.631662695427784,0.305283060437453,60.4470344827586,54.1288827586207
1.08148185141957,0.988690289687901,-0.176525366860501,-0.669556190175021,0.33038970485036,63.8743862068965,54.1288827586207
1.19962084589903,0.988690289687901,-0.18403080090614,-0.710282229145277,0.356931004013799,67.3017379310345,54.1288827586207
1.31775984037849,0.988690289687901,-0.191486883372582,-0.751833051591759,0.383704154663068,70.7290896551724,54.1288827586207
1.43589883485796,0.988690289687901,-0.198899860732253,-0.793070827625534,0.410239674746785,74.1564413793103,54.1288827586207
1.55403782933742,0.988690289687901,-0.206276523461459,-0.834551935327839,0.436947970872719,77.5837931034483,54.1288827586207
1.67217682381688,0.988690289687901,-0.213624298388785,-0.876024300810029,0.46342019823464,81.0111448275862,54.1288827586207
1.79031581829635,0.988690289687901,-0.22095125602364,-0.917952706028373,0.493001580790082,84.4384965517241,54.1288827586207
1.90845481277581,0.988690289687901,-0.228265401813395,-0.960260912472189,0.523497716293486,87.8658482758621,54.1288827586207
2.02659380725527,0.988690289687901,-0.235573872951138,-1.0033018818849,0.553645682510431,91.2932,54.1288827586207
-1.39943703264916,1.11656168582188,0.0199809354523559,-0.415239997193863,0.450509894780216,-8.1,55.5766620689655
-1.2812980381697,1.11656168582188,0.0089296932136449,-0.39496694902202,0.41025858764111,-4.67264827586207,55.5766620689655
-1.16315904369023,1.11656168582188,-0.00211231849543747,-0.373935312985956,0.372824596309628,-1.24529655172414,55.5766620689655
-1.04502004921077,1.11656168582188,-0.0131347921541503,-0.354929618045134,0.333421950742644,2.18205517241379,55.5766620689655
-0.926881054731307,1.11656168582188,-0.0241213612020896,-0.339531846292523,0.299267013138429,5.60940689655172,55.5766620689655
-0.808742060251843,1.11656168582188,-0.0350512058337316,-0.326771547803589,0.267893250763162,9.03675862068965,55.5766620689655
-0.69060306577238,1.11656168582188,-0.0459027311984821,-0.318394775924679,0.240360553779954,12.4641103448276,55.5766620689655
-0.572464071292917,1.11656168582188,-0.0566558546544789,-0.312645354830483,0.216602726587755,15.8914620689655,55.5766620689655
-0.454325076813454,1.11656168582188,-0.0672947158926727,-0.314468495396704,0.198102655676239,19.3188137931034,55.5766620689655
-0.336186082333991,1.11656168582188,-0.0778093861221034,-0.320816546636351,0.185897259877552,22.7461655172414,55.5766620689655
-0.218047087854528,1.11656168582188,-0.0881947696623664,-0.333633451971941,0.179562572313433,26.1735172413793,55.5766620689655
-0.0999080933750645,1.11656168582188,-0.0984520038769192,-0.350622319124603,0.179075508759489,29.6008689655172,55.5766620689655
0.0182309011043986,1.11656168582188,-0.108586691618999,-0.376522579902567,0.182184028626568,33.0282206896552,55.5766620689655
0.136369895583862,1.11656168582188,-0.118605381168033,-0.406924320728814,0.192691496942664,36.4555724137931,55.5766620689655
0.254508890063325,1.11656168582188,-0.12851484823333,-0.438746966011398,0.202377759993101,39.882924137931,55.5766620689655
0.372647884542788,1.11656168582188,-0.138321868697505,-0.471953471540966,0.215872968108845,43.310275862069,55.5766620689655
0.490786879022251,1.11656168582188,-0.148033210468759,-0.510045124496258,0.232225286651619,46.7376275862069,55.5766620689655
0.608925873501715,1.11656168582188,-0.157655378368987,-0.548008899002518,0.253158863266767,50.1649793103448,55.5766620689655
0.727064867981178,1.11656168582188,-0.167194465745948,-0.587425602410735,0.272317586130856,53.5923310344828,55.5766620689655
0.845203862460641,1.11656168582188,-0.176656300533036,-0.628152359252186,0.292083870784261,57.0196827586207,55.5766620689655
0.963342856940104,1.11656168582188,-0.186046566279779,-0.672071515733574,0.314215653939063,60.4470344827586,55.5766620689655
1.08148185141957,1.11656168582188,-0.195370927204596,-0.715529337553064,0.339824090862423,63.8743862068965,55.5766620689655
1.19962084589903,1.11656168582188,-0.204635047624484,-0.759074352615256,0.363919391463309,67.3017379310345,55.5766620689655
1.31775984037849,1.11656168582188,-0.213844777531369,-0.803431188075747,0.39077122068169,70.7290896551724,55.5766620689655
1.43589883485796,1.11656168582188,-0.22300662457732,-0.848062435636643,0.417463775657749,74.1564413793103,55.5766620689655
1.55403782933742,1.11656168582188,-0.23212781640439,-0.891752014878929,0.444620286540541,77.5837931034483,55.5766620689655
1.67217682381688,1.11656168582188,-0.241216471064496,-0.937078849932616,0.472077350516372,81.0111448275862,55.5766620689655
1.79031581829635,1.11656168582188,-0.250281639312631,-0.984983152834733,0.502931065432487,84.4384965517241,55.5766620689655
1.90845481277581,1.11656168582188,-0.259332325083434,-1.03150113440427,0.532609514990134,87.8658482758621,55.5766620689655
2.02659380725527,1.11656168582188,-0.268376588006928,-1.07791785461683,0.562484184541308,91.2932,55.5766620689655
-1.39943703264916,1.24443308195585,0.0394678624909481,-0.428831061042937,0.503482383069943,-8.1,57.0244413793104
-1.2812980381697,1.24443308195585,0.0265423421023518,-0.408838350132048,0.45952403131387,-4.67264827586207,57.0244413793104
-1.16315904369023,1.24443308195585,0.0136268065436633,-0.388024942264948,0.416660024342554,-1.24529655172414,57.0244413793104
-1.04502004921077,1.24443308195585,0.000732387487230923,-0.369610929467568,0.375435262255569,2.18205517241379,57.0244413793104
-0.926881054731307,1.24443308195585,-0.0121233485695589,-0.352042359091773,0.335713023811093,5.60940689655172,57.0244413793104
-0.808742060251843,1.24443308195585,-0.0249181588672371,-0.340523248980396,0.299435796253261,9.03675862068965,57.0244413793104
-0.69060306577238,1.24443308195585,-0.0376290345980523,-0.330993720162519,0.269716583718866,12.4641103448276,57.0244413793104
-0.572464071292917,1.24443308195585,-0.0502346799800595,-0.326698299161208,0.244841976665549,15.8914620689655,57.0244413793104
-0.454325076813454,1.24443308195585,-0.0627184516965453,-0.327868061207599,0.223883787792048,19.3188137931034,57.0244413793104
-0.336186082333991,1.24443308195585,-0.0750701246216146,-0.334967406433295,0.206016986639672,22.7461655172414,57.0244413793104
-0.218047087854528,1.24443308195585,-0.0872846196520207,-0.350669374492091,0.196927931895789,26.1735172413793,57.0244413793104
-0.0999080933750645,1.24443308195585,-0.0993633118765338,-0.369642998289818,0.195509745771083,29.6008689655172,57.0244413793104
0.0182309011043986,1.24443308195585,-0.111312154165968,-0.395799142990994,0.195995292499475,33.0282206896552,57.0244413793104
0.136369895583862,1.24443308195585,-0.123138024438978,-0.426516624165801,0.203190124795706,36.4555724137931,57.0244413793104
0.254508890063325,1.24443308195585,-0.134848019270886,-0.460830432802936,0.214393233768402,39.882924137931,57.0244413793104
0.372647884542788,1.24443308195585,-0.146449235403634,-0.49763676183863,0.226919988793145,43.310275862069,57.0244413793104
0.490786879022251,1.24443308195585,-0.157948758710321,-0.535336531262954,0.243331875929012,46.7376275862069,57.0244413793104
0.608925873501715,1.24443308195585,-0.169353319342659,-0.579739964249886,0.262601196430385,50.1649793103448,57.0244413793104
0.727064867981178,1.24443308195585,-0.180669102162706,-0.621505180424398,0.280275165243439,53.5923310344828,57.0244413793104
0.845203862460641,1.24443308195585,-0.191901974635364,-0.666875721013842,0.301227100882228,57.0196827586207,57.0244413793104
0.963342856940104,1.24443308195585,-0.203057647007008,-0.712310203126006,0.324359218540614,60.4470344827586,57.0244413793104
1.08148185141957,1.24443308195585,-0.214141809437693,-0.760513159797618,0.347814439726315,63.8743862068965,57.0244413793104
1.19962084589903,1.24443308195585,-0.225160152213068,-0.808286157590008,0.373099818912102,67.3017379310345,57.0244413793104
1.31775984037849,1.24443308195585,-0.236118602198004,-0.856772623177903,0.397544598776943,70.7290896551724,57.0244413793104
1.43589883485796,1.24443308195585,-0.247023924417637,-0.903776833109241,0.424705764315689,74.1564413793103,57.0244413793104
1.55403782933742,1.24443308195585,-0.257883803814044,-0.952651588612802,0.453307711769647,77.5837931034483,57.0244413793104
1.67217682381688,1.24443308195585,-0.268707107340239,-1.00114386237908,0.483010076685807,81.0111448275862,57.0244413793104
1.79031581829635,1.24443308195585,-0.279503967661515,-1.05077855829498,0.512321537803243,84.4384965517241,57.0244413793104
1.90845481277581,1.24443308195585,-0.290284492586955,-1.10212433538022,0.539750507798219,87.8658482758621,57.0244413793104
2.02659380725527,1.24443308195585,-0.301057764174491,-1.15021272537579,0.568971895755683,91.2932,57.0244413793104
-1.39943703264916,1.37230447808983,0.0590036309809605,-0.442278434007583,0.560356320502443,-8.1,58.4722206896552
-1.2812980381697,1.37230447808983,0.0442012422347551,-0.421476285788827,0.509595072296992,-4.67264827586207,58.4722206896552
-1.16315904369023,1.37230447808983,0.0294096391570173,-0.403102886682829,0.464215222941155,-1.24529655172414,58.4722206896552
-1.04502004921077,1.37230447808983,0.0146408277256231,-0.384536003911053,0.419461197937798,2.18205517241379,58.4722206896552
-0.926881054731307,1.37230447808983,-8.63569049265323e-05,-0.367373625288438,0.374758466058973,5.60940689655172,58.4722206896552
-0.808742060251843,1.37230447808983,-0.0147481721750538,-0.3539957217639,0.336495887350726,9.03675862068965,58.4722206896552
-0.69060306577238,1.37230447808983,-0.0293201221114812,-0.346552927634702,0.301517957797027,12.4641103448276,58.4722206896552
-0.572464071292917,1.37230447808983,-0.0437796408934235,-0.341521016972226,0.27346449868179,15.8914620689655,58.4722206896552
-0.454325076813454,1.37230447808983,-0.0581092771958831,-0.342777309042694,0.246465728373376,19.3188137931034,58.4722206896552
-0.336186082333991,1.37230447808983,-0.0722985172910571,-0.35251680614936,0.229502996398676,22.7461655172414,58.4722206896552
-0.218047087854528,1.37230447808983,-0.0863423245000465,-0.368422035633459,0.217063812767225,26.1735172413793,58.4722206896552
-0.0999080933750645,1.37230447808983,-0.100242341986317,-0.389282196537922,0.211785137628791,29.6008689655172,58.4722206896552
0.0182309011043986,1.37230447808983,-0.11400490135174,-0.416276221016338,0.211520058593978,33.0282206896552,58.4722206896552
0.136369895583862,1.37230447808983,-0.127637233744087,-0.447874668535643,0.218683429870834,36.4555724137931,58.4722206896552
0.254508890063325,1.37230447808983,-0.141146778541808,-0.484492933447155,0.227986252985488,39.882924137931,58.4722206896552
0.372647884542788,1.37230447808983,-0.154540975282023,-0.523665540525805,0.239753439695561,43.310275862069,58.4722206896552
0.490786879022251,1.37230447808983,-0.16782724939621,-0.565820901291187,0.25413097926162,46.7376275862069,58.4722206896552
0.608925873501715,1.37230447808983,-0.181012566960804,-0.609999983198201,0.273642637554266,50.1649793103448,58.4722206896552
0.727064867981178,1.37230447808983,-0.194103198690357,-0.657545804607479,0.290257036144155,53.5923310344828,58.4722206896552
0.845203862460641,1.37230447808983,-0.207105037788847,-0.705429160771541,0.313044355820328,57.0196827586207,58.4722206896552
0.963342856940104,1.37230447808983,-0.220023803193925,-0.754601831718074,0.334402227585817,60.4470344827586,58.4722206896552
1.08148185141957,1.37230447808983,-0.232865192440903,-0.805293372851491,0.358228518099273,63.8743862068965,58.4722206896552
1.19962084589903,1.37230447808983,-0.245634903219645,-0.856246619482842,0.380632976582577,67.3017379310345,58.4722206896552
1.31775984037849,1.37230447808983,-0.258338924334304,-0.909143997419954,0.406178168050608,70.7290896551724,58.4722206896552
1.43589883485796,1.37230447808983,-0.270984276233836,-0.96105198553763,0.434520628139937,74.1564413793103,58.4722206896552
1.55403782933742,1.37230447808983,-0.28357911429544,-1.01188611392263,0.463745321984509,77.5837931034483,58.4722206896552
1.67217682381688,1.37230447808983,-0.296133091139694,-1.06417446575006,0.493510784935297,81.0111448275862,58.4722206896552
1.79031581829635,1.37230447808983,-0.308657485785917,-1.11952078389642,0.52211131305478,84.4384965517241,58.4722206896552
1.90845481277581,1.37230447808983,-0.321163576694572,-1.17251889223711,0.549227393456183,87.8658482758621,58.4722206896552
2.02659380725527,1.37230447808983,-0.333661531674005,-1.22570683412785,0.580177001179996,91.2932,58.4722206896552
-1.39943703264916,1.5001758742238,0.0785614383282596,-0.458561236532602,0.615502723113234,-8.1,59.92
-1.2812980381697,1.5001758742238,0.0618810083291983,-0.43946468126453,0.563423183322076,-4.67264827586207,59.92
-1.16315904369023,1.5001758742238,0.0452121857593095,-0.421090417967607,0.513024727320851,-1.24529655172414,59.92
-1.04502004921077,1.5001758742238,0.0285678734558212,-0.400847803522893,0.463937165476425,2.18205517241379,59.92
-0.926881054731307,1.5001758742238,0.0119682061719528,-0.383857583577062,0.416145096186505,5.60940689655172,59.92
-0.808742060251843,1.5001758742238,-0.00456153908849632,-0.37027740354202,0.37418743050418,9.03675862068965,59.92
-0.69060306577238,1.5001758742238,-0.0209953461517758,-0.363199146113946,0.335679122056649,12.4641103448276,59.92
-0.572464071292917,1.5001758742238,-0.0373093534244289,-0.359566117539681,0.302496649596605,15.8914620689655,59.92
-0.454325076813454,1.5001758742238,-0.0534852901401628,-0.361467806924992,0.274226177448766,19.3188137931034,59.92
-0.336186082333991,1.5001758742238,-0.0695123572384624,-0.370069438790239,0.252507677758741,22.7461655172414,59.92
-0.218047087854528,1.5001758742238,-0.0853855718958014,-0.385372566461816,0.239539724301232,26.1735172413793,59.92
-0.0999080933750645,1.5001758742238,-0.101106858894355,-0.411490852208134,0.229195375608372,29.6008689655172,59.92
0.0182309011043986,1.5001758742238,-0.11668294145634,-0.437066873609256,0.229271204699569,33.0282206896552,59.92
0.136369895583862,1.5001758742238,-0.132121414578506,-0.469656760167279,0.232740657573393,36.4555724137931,59.92
0.254508890063325,1.5001758742238,-0.147430070328918,-0.507783925998598,0.242353343492139,39.882924137931,59.92
0.372647884542788,1.5001758742238,-0.162616700925803,-0.549609213223701,0.252165308888178,43.310275862069,59.92
0.490786879022251,1.5001758742238,-0.177689081092183,-0.594019304082118,0.267510458114713,46.7376275862069,59.92
0.608925873501715,1.5001758742238,-0.192654417654841,-0.642758532947792,0.283357949575434,50.1649793103448,59.92
0.727064867981178,1.5001758742238,-0.207519064752984,-0.692768998243952,0.301546544551858,53.5923310344828,59.92
0.845203862460641,1.5001758742238,-0.222288935275694,-0.743492843404679,0.323528677652143,57.0196827586207,59.92
0.963342856940104,1.5001758742238,-0.236969748921088,-0.798176401977185,0.343592064738302,60.4470344827586,59.92
1.08148185141957,1.5001758742238,-0.251567202419259,-0.850715677934112,0.365816752424853,63.8743862068965,59.92
1.19962084589903,1.5001758742238,-0.266086992684662,-0.905337662998815,0.391355392070804,67.3017379310345,59.92
1.31775984037849,1.5001758742238,-0.280535163905592,-0.961814940885221,0.418038752613163,70.7290896551724,59.92
1.43589883485796,1.5001758742238,-0.294918991208799,-1.01784221246507,0.443910455459643,74.1564413793103,59.92
1.55403782933742,1.5001758742238,-0.309247106407106,-1.07482148751564,0.472793538840362,77.5837931034483,59.92
1.67217682381688,1.5001758742238,-0.323529964352049,-1.13263732610382,0.501763946635471,81.0111448275862,59.92
1.79031581829635,1.5001758742238,-0.337780019348987,-1.1891585047161,0.531351607555468,84.4384965517241,59.92
1.90845481277581,1.5001758742238,-0.352009750481971,-1.24526217126464,0.560695114258631,87.8658482758621,59.92
2.02659380725527,1.5001758742238,-0.36623043972175,-1.30158267022284,0.592086958576726,91.2932,59.92
