"longitude_norm","latitude_norm","spline_mean","spline_lower","spline_upper","longitude","latitude"
-1.39943703264916,-2.2080946136615,0.203073931684367,-0.478778272188391,0.895531279366773,-8.1,17.9344
-1.2812980381697,-2.2080946136615,0.185525989394853,-0.465445148607254,0.846096750201214,-4.67264827586207,17.9344
-1.16315904369023,-2.2080946136615,0.167994087880461,-0.450956095233917,0.798259961548626,-1.24529655172414,17.9344
-1.04502004921077,-2.2080946136615,0.150495519849286,-0.439815438315647,0.751761566267229,2.18205517241379,17.9344
-0.926881054731307,-2.2080946136615,0.133054088665021,-0.429792898421883,0.704052352486152,5.60940689655172,17.9344
-0.808742060251843,-2.2080946136615,0.115696762707369,-0.419926224443416,0.658757912219279,9.03675862068965,17.9344
-0.69060306577238,-2.2080946136615,0.0984496886081321,-0.411668925151546,0.614027070656326,12.4641103448276,17.9344
-0.572464071292917,-2.2080946136615,0.0813346604791447,-0.401659395460993,0.570114088538672,15.8914620689655,17.9344
-0.454325076813454,-2.2080946136615,0.0643652164299711,-0.394059396942828,0.525086719439538,19.3188137931034,17.9344
-0.336186082333991,-2.2080946136615,0.0475469990609174,-0.385933138457563,0.483300146581943,22.7461655172414,17.9344
-0.218047087854528,-2.2080946136615,0.0308818823941914,-0.378775386480065,0.444355262369257,26.1735172413793,17.9344
-0.0999080933750645,-2.2080946136615,0.0143725076409875,-0.374551033672895,0.403610668983329,29.6008689655172,17.9344
0.0182309011043986,-2.2080946136615,-0.00197659602823008,-0.370004581499209,0.3674268722209,33.0282206896552,17.9344
0.136369895583862,-2.2080946136615,-0.01815933738519,-0.366926151524356,0.330964262636871,36.4555724137931,17.9344
0.254508890063325,-2.2080946136615,-0.0341691488629645,-0.368524602085285,0.301842079207062,39.882924137931,17.9344
0.372647884542788,-2.2080946136615,-0.0499994625316535,-0.371334740196777,0.275000018066396,43.310275862069,17.9344
0.490786879022251,-2.2080946136615,-0.0656436936038451,-0.37412045105294,0.247371817138836,46.7376275862069,17.9344
0.608925873501715,-2.2080946136615,-0.0810947878335213,-0.381865612721131,0.222633061105048,50.1649793103448,17.9344
0.727064867981178,-2.2080946136615,-0.0963454856257737,-0.391470292840111,0.201893630386001,53.5923310344828,17.9344
0.845203862460641,-2.2080946136615,-0.111390578922206,-0.404774700350367,0.184449162008966,57.0196827586207,17.9344
0.963342856940104,-2.2080946136615,-0.126227758343564,-0.42237184080547,0.172389393977754,60.4470344827586,17.9344
1.08148185141957,-2.2080946136615,-0.140855223019808,-0.440259711543923,0.162647873319455,63.8743862068965,17.9344
1.19962084589903,-2.2080946136615,-0.155271173337279,-0.462277144282571,0.158153741397185,67.3017379310345,17.9344
1.31775984037849,-2.2080946136615,-0.169476176245067,-0.487777457844723,0.153076711648455,70.7290896551724,17.9344
1.43589883485796,-2.2080946136615,-0.183479089398773,-0.511502598377623,0.153361257767081,74.1564413793103,17.9344
1.55403782933742,-2.2080946136615,-0.197297325636333,-0.540352330209574,0.155895926048647,77.5837931034483,17.9344
1.67217682381688,-2.2080946136615,-0.210959878081914,-0.571042251053387,0.160464502681721,81.0111448275862,17.9344
1.79031581829635,-2.2080946136615,-0.224508650534017,-0.605175652377026,0.165525888345593,84.4384965517241,17.9344
1.90845481277581,-2.2080946136615,-0.237986352667346,-0.640946028855425,0.175533319839234,87.8658482758621,17.9344
2.02659380725527,-2.2080946136615,-0.251432273824816,-0.675428422002819,0.184422465904874,91.2932,17.9344
-1.39943703264916,-2.08022321752752,0.201442376225071,-0.445484884324944,0.861220256099399,-8.1,19.3821793103448
-1.2812980381697,-2.08022321752752,0.184078832014142,-0.433498189383342,0.815399011753622,-4.67264827586207,19.3821793103448
-1.16315904369023,-2.08022321752752,0.166730652332361,-0.423364738738752,0.768995070883064,-1.24529655172414,19.3821793103448
-1.04502004921077,-2.08022321752752,0.149414405497176,-0.415065359942737,0.72202928638122,2.18205517241379,19.3821793103448
-0.926881054731307,-2.08022321752752,0.132152925645318,-0.405172313989534,0.676585895009846,5.60940689655172,19.3821793103448
-0.808742060251843,-2.08022321752752,0.11497211090553,-0.396470797385789,0.632114492573368,9.03675862068965,19.3821793103448
-0.69060306577238,-2.08022321752752,0.0978970862172874,-0.38986848559705,0.589555727455591,12.4641103448276,19.3821793103448
-0.572464071292917,-2.08022321752752,0.0809488133891785,-0.379681297942322,0.547368389203567,15.8914620689655,19.3821793103448
-0.454325076813454,-2.08022321752752,0.0641403378981609,-0.371921176824197,0.505109653669601,19.3188137931034,19.3821793103448
-0.336186082333991,-2.08022321752752,0.0474771054812548,-0.365531637431393,0.464693180456876,22.7461655172414,19.3821793103448
-0.218047087854528,-2.08022321752752,0.0309609034773723,-0.36070801002292,0.425941854442563,26.1735172413793,19.3821793103448
-0.0999080933750645,-2.08022321752752,0.0145941537736771,-0.358086556080063,0.38762337063621,29.6008689655172,19.3821793103448
0.0182309011043986,-2.08022321752752,-0.00161899342447369,-0.353637505562536,0.35330184912453,33.0282206896552,19.3821793103448
0.136369895583862,-2.08022321752752,-0.0176729147015626,-0.352075490149404,0.318892758224187,36.4555724137931,19.3821793103448
0.254508890063325,-2.08022321752752,-0.0335615364263022,-0.354620553431547,0.290723629887116,39.882924137931,19.3821793103448
0.372647884542788,-2.08022321752752,-0.0492787846243385,-0.356954623965619,0.263992883968492,43.310275862069,19.3821793103448
0.490786879022251,-2.08022321752752,-0.0648185686319112,-0.361101230457421,0.235105246688027,46.7376275862069,19.3821793103448
0.608925873501715,-2.08022321752752,-0.080174329652235,-0.368550229306803,0.211556374078824,50.1649793103448,19.3821793103448
0.727064867981178,-2.08022321752752,-0.0953392781985696,-0.37885249028982,0.190343551733785,53.5923310344828,19.3821793103448
0.845203862460641,-2.08022321752752,-0.110308543790276,-0.390744766860553,0.173511261770192,57.0196827586207,19.3821793103448
0.963342856940104,-2.08022321752752,-0.125079984397552,-0.408256109819181,0.160543290604073,60.4470344827586,19.3821793103448
1.08148185141957,-2.08022321752752,-0.139651937058873,-0.427687522289734,0.150054819565758,63.8743862068965,19.3821793103448
1.19962084589903,-2.08022321752752,-0.154022740004651,-0.44740794262563,0.144074058075212,67.3017379310345,19.3821793103448
1.31775984037849,-2.08022321752752,-0.168192976637588,-0.470463599765291,0.138954764506434,70.7290896551724,19.3821793103448
1.43589883485796,-2.08022321752752,-0.18217109640745,-0.493140177766826,0.136321358389307,74.1564413793103,19.3821793103448
1.55403782933742,-2.08022321752752,-0.195973669527633,-0.520412681772412,0.140041015949231,77.5837931034483,19.3821793103448
1.67217682381688,-2.08022321752752,-0.209628263555713,-0.55094504944113,0.140463572510597,81.0111448275862,19.3821793103448
1.79031581829635,-2.08022321752752,-0.223174708589011,-0.58333935335571,0.145574886221978,84.4384965517241,19.3821793103448
1.90845481277581,-2.08022321752752,-0.236653599936711,-0.617205085454522,0.151401558929044,87.8658482758621,19.3821793103448
2.02659380725527,-2.08022321752752,-0.250102282626436,-0.651538537110639,0.16045232789302,91.2932,19.3821793103448
-1.39943703264916,-1.95235182139355,0.199830523831552,-0.41637512239698,0.827280444940427,-8.1,20.8299586206897
-1.2812980381697,-1.95235182139355,0.182650291738535,-0.406082074857349,0.782729662224772,-4.67264827586207,20.8299586206897
-1.16315904369023,-1.95235182139355,0.165484747230825,-0.397112836900479,0.7372007642404,-1.24529655172414,20.8299586206897
-1.04502004921077,-1.95235182139355,0.148349733229297,-0.388738544873702,0.692887811443369,2.18205517241379,20.8299586206897
-0.926881054731307,-1.95235182139355,0.13126711176731,-0.380919049772772,0.649912984654204,5.60940689655172,20.8299586206897
-0.808742060251843,-1.95235182139355,0.114261706085546,-0.37266575459971,0.607636074384866,9.03675862068965,20.8299586206897
-0.69060306577238,-1.95235182139355,0.0973576142607471,-0.365218932117327,0.566289014275713,12.4641103448276,20.8299586206897
-0.572464071292917,-1.95235182139355,0.0805749610795929,-0.359253188803695,0.524642199528719,15.8914620689655,20.8299586206897
-0.454325076813454,-1.95235182139355,0.0639262967603185,-0.351511381668832,0.485085881609853,19.3188137931034,20.8299586206897
-0.336186082333991,-1.95235182139355,0.0474168715151357,-0.346957468188783,0.445381592600574,22.7461655172414,20.8299586206897
-0.218047087854528,-1.95235182139355,0.031048391342051,-0.343826816806768,0.409411545835493,26.1735172413793,20.8299586206897
-0.0999080933750645,-1.95235182139355,0.0148230707340182,-0.340198866372911,0.373519084892508,29.6008689655172,20.8299586206897
0.0182309011043986,-1.95235182139355,-0.00125530218109393,-0.338787126428886,0.338780744010591,33.0282206896552,20.8299586206897
0.136369895583862,-1.95235182139355,-0.0171815538040059,-0.338656035930133,0.306447321234453,36.4555724137931,20.8299586206897
0.254508890063325,-1.95235182139355,-0.0329500861725107,-0.340300828203994,0.278797513725846,39.882924137931,20.8299586206897
0.372647884542788,-1.95235182139355,-0.0485553010010351,-0.343935741645436,0.251113310564117,43.310275862069,20.8299586206897
0.490786879022251,-1.95235182139355,-0.0639915835603346,-0.34908364573901,0.2245641701495,46.7376275862069,20.8299586206897
0.608925873501715,-1.95235182139355,-0.0792528548951257,-0.356297939145309,0.200812983595898,50.1649793103448,20.8299586206897
0.727064867981178,-1.95235182139355,-0.0943327844105526,-0.366921302806995,0.178790711157136,53.5923310344828,20.8299586206897
0.845203862460641,-1.95235182139355,-0.109226832694416,-0.378666859844269,0.162318242411776,57.0196827586207,20.8299586206897
0.963342856940104,-1.95235182139355,-0.123933023103587,-0.394338773191054,0.148859498944902,60.4470344827586,20.8299586206897
1.08148185141957,-1.95235182139355,-0.138449829368051,-0.412861866544055,0.13760900232101,63.8743862068965,20.8299586206897
1.19962084589903,-1.95235182139355,-0.15277572634614,-0.432822835675626,0.131675027419313,67.3017379310345,20.8299586206897
1.31775984037849,-1.95235182139355,-0.166911314287526,-0.453512605500932,0.127101812671257,70.7290896551724,20.8299586206897
1.43589883485796,-1.95235182139355,-0.180864640392338,-0.475846238321684,0.123310443578771,74.1564413793103,20.8299586206897
1.55403782933742,-1.95235182139355,-0.194651443467114,-0.503398502155576,0.123639069423027,77.5837931034483,20.8299586206897
1.67217682381688,-1.95235182139355,-0.208297883047726,-0.533017033827272,0.123344318059399,81.0111448275862,20.8299586206897
1.79031581829635,-1.95235182139355,-0.221841739818282,-0.563990297293362,0.126080363127722,84.4384965517241,20.8299586206897
1.90845481277581,-1.95235182139355,-0.235321519346045,-0.594528165419626,0.131050889333575,87.8658482758621,20.8299586206897
2.02659380725527,-1.95235182139355,-0.248772644652367,-0.628338319847883,0.139178905564869,91.2932,20.8299586206897
-1.39943703264916,-1.82448042525957,0.198258077569587,-0.387519926946023,0.794380974710914,-8.1,22.2777379310345
-1.2812980381697,-1.82448042525957,0.181258985673135,-0.377274809976373,0.750549391946042,-4.67264827586207,22.2777379310345
-1.16315904369023,-1.82448042525957,0.164273903022416,-0.370959765220104,0.707537298392301,-1.24529655172414,22.2777379310345
-1.04502004921077,-1.82448042525957,0.147317945129881,-0.362993710141757,0.663054389171948,2.18205517241379,22.2777379310345
-0.926881054731307,-1.82448042525957,0.13041199617269,-0.356684917407617,0.622278968745386,5.60940689655172,22.2777379310345
-0.808742060251843,-1.82448042525957,0.113579795229272,-0.349745708892506,0.582217814669875,9.03675862068965,22.2777379310345
-0.69060306577238,-1.82448042525957,0.0968444031728144,-0.3426227130323,0.543098158040147,12.4641103448276,22.2777379310345
-0.572464071292917,-1.82448042525957,0.0802250983307691,-0.337345941187238,0.50275479355339,15.8914620689655,22.2777379310345
-0.454325076813454,-1.82448042525957,0.063733930410411,-0.331997291510312,0.465884691839013,19.3188137931034,22.2777379310345
-0.336186082333991,-1.82448042525957,0.0473759567761036,-0.329050072998291,0.427204654672381,22.7461655172414,22.2777379310345
-0.218047087854528,-1.82448042525957,0.0311528127697245,-0.326893251019402,0.392848008712648,26.1735172413793,22.2777379310345
-0.0999080933750645,-1.82448042525957,0.015066529349663,-0.324485823017771,0.358046050954483,29.6008689655172,22.2777379310345
0.0182309011043986,-1.82448042525957,-0.000879433658466988,-0.324560814507088,0.323294058299365,33.0282206896552,22.2777379310345
0.136369895583862,-1.82448042525957,-0.0166803164785909,-0.324171376726899,0.294310745531874,36.4555724137931,22.2777379310345
0.254508890063325,-1.82448042525957,-0.0323309602844617,-0.32611039459861,0.267074401804204,39.882924137931,22.2777379310345
0.372647884542788,-1.82448042525957,-0.0478262059457555,-0.331559205293698,0.239762940333111,43.310275862069,22.2777379310345
0.490786879022251,-1.82448042525957,-0.0631608782894728,-0.33730948854678,0.21347285881752,46.7376275862069,22.2777379310345
0.608925873501715,-1.82448042525957,-0.07832934698637,-0.344569574493927,0.190732071686852,50.1649793103448,22.2777379310345
0.727064867981178,-1.82448042525957,-0.0933257179009104,-0.355161183286777,0.170093038250271,53.5923310344828,22.2777379310345
0.845203862460641,-1.82448042525957,-0.108145769670696,-0.367943658406184,0.152061589649962,57.0196827586207,22.2777379310345
0.963342856940104,-1.82448042525957,-0.122787687113715,-0.382598060099619,0.136667405610254,60.4470344827586,22.2777379310345
1.08148185141957,-1.82448042525957,-0.137250078217454,-0.400480518643609,0.126364552148569,63.8743862068965,22.2777379310345
1.19962084589903,-1.82448042525957,-0.151531552035863,-0.417706482415036,0.118218894105023,67.3017379310345,22.2777379310345
1.31775984037849,-1.82448042525957,-0.165632726452301,-0.437920783219562,0.113168518209644,70.7290896551724,22.2777379310345
1.43589883485796,-1.82448042525957,-0.17956125832965,-0.462543612616863,0.108263964899026,74.1564413793103,22.2777379310345
1.55403782933742,-1.82448042525957,-0.193332077502958,-0.485771166440099,0.108092917610511,77.5837931034483,22.2777379310345
1.67217682381688,-1.82448042525957,-0.206969970576165,-0.514874794922966,0.108476897982282,81.0111448275862,22.2777379310345
1.79031581829635,-1.82448042525957,-0.220510717396107,-0.545123449559463,0.109118997379613,84.4384965517241,22.2777379310345
1.90845481277581,-1.82448042525957,-0.233990783035317,-0.576904106708086,0.113471897737796,87.8658482758621,22.2777379310345
2.02659380725527,-1.82448042525957,-0.247443713126921,-0.608060448524403,0.11827213868038,91.2932,22.2777379310345
-1.39943703264916,-1.6966090291256,0.196744740504956,-0.357254494924713,0.762036606447906,-8.1,23.7255172413793
-1.2812980381697,-1.6966090291256,0.179923530923045,-0.350946017969291,0.719205896957688,-4.67264827586207,23.7255172413793
-1.16315904369023,-1.6966090291256,0.163115650153699,-0.343914099145729,0.677316056954162,-1.24529655172414,23.7255172413793
-1.04502004921077,-1.6966090291256,0.146335483283157,-0.337723225861311,0.635200345580469,2.18205517241379,23.7255172413793
-0.926881054731307,-1.6966090291256,0.129602928003151,-0.331425652118937,0.59539593758644,5.60940689655172,23.7255172413793
-0.808742060251843,-1.6966090291256,0.112940625318564,-0.325923038723982,0.555286474681562,9.03675862068965,23.7255172413793
-0.69060306577238,-1.6966090291256,0.0963705833877937,-0.320789271820793,0.516726544198625,12.4641103448276,23.7255172413793
-0.572464071292917,-1.6966090291256,0.0799112199230874,-0.31676594196478,0.480709100960914,15.8914620689655,23.7255172413793
-0.454325076813454,-1.6966090291256,0.0635740762424062,-0.311660816194276,0.446073580059919,19.3188137931034,23.7255172413793
-0.336186082333991,-1.6966090291256,0.0473640208777022,-0.310899712577812,0.410038757217957,22.7461655172414,23.7255172413793
-0.218047087854528,-1.6966090291256,0.0312826345418908,-0.309748238884871,0.375531691292224,26.1735172413793,23.7255172413793
-0.0999080933750645,-1.6966090291256,0.015331800448263,-0.308478729698388,0.341296697168087,29.6008689655172,23.7255172413793
0.0182309011043986,-1.6966090291256,-0.000485299216969715,-0.308802990765458,0.311207821684279,33.0282206896552,23.7255172413793
0.136369895583862,-1.6966090291256,-0.0161642645113882,-0.311011963982165,0.282666889719075,36.4555724137931,23.7255172413793
0.254508890063325,-1.6966090291256,-0.0317003209450262,-0.312597267811408,0.255216367067643,39.882924137931,23.7255172413793
0.372647884542788,-1.6966090291256,-0.047088693742511,-0.319982932228679,0.228046399069755,43.310275862069,23.7255172413793
0.490786879022251,-1.6966090291256,-0.0623245927196836,-0.325290085948636,0.203562524963691,46.7376275862069,23.7255172413793
0.608925873501715,-1.6966090291256,-0.0774027893501448,-0.33409489836186,0.183079251208882,50.1649793103448,23.7255172413793
0.727064867981178,-1.6966090291256,-0.0923177923088299,-0.344120548971146,0.161657334305557,53.5923310344828,23.7255172413793
0.845203862460641,-1.6966090291256,-0.107065678755184,-0.357482348010558,0.143282887588982,57.0196827586207,23.7255172413793
0.963342856940104,-1.6966090291256,-0.121644789079983,-0.371244376036173,0.128045034992789,60.4470344827586,23.7255172413793
1.08148185141957,-1.6966090291256,-0.136053861877196,-0.388112167346597,0.116137085230373,63.8743862068965,23.7255172413793
1.19962084589903,-1.6966090291256,-0.150291636747937,-0.406062397661443,0.108167530462625,67.3017379310345,23.7255172413793
1.31775984037849,-1.6966090291256,-0.164358750389329,-0.426947967296746,0.103479266841979,70.7290896551724,23.7255172413793
1.43589883485796,-1.6966090291256,-0.178262487195596,-0.448362576619443,0.0977534581334527,74.1564413793103,23.7255172413793
1.55403782933742,-1.6966090291256,-0.192017001683347,-0.472653317649352,0.0938948017326491,77.5837931034483,23.7255172413793
1.67217682381688,-1.6966090291256,-0.205645760159246,-0.498590464479274,0.0945643072977205,81.0111448275862,23.7255172413793
1.79031581829635,-1.6966090291256,-0.219182614496764,-0.527542892370815,0.0958697615013826,84.4384965517241,23.7255172413793
1.90845481277581,-1.6966090291256,-0.232662063144494,-0.558064586599815,0.0968226543112227,87.8658482758621,23.7255172413793
2.02659380725527,-1.6966090291256,-0.246115841274409,-0.586308334412378,0.100808853456708,91.2932,23.7255172413793
-1.39943703264916,-1.56873763299162,0.195309594394036,-0.330319159879475,0.732609952868917,-8.1,25.1732965517241
-1.2812980381697,-1.56873763299162,0.178661963208556,-0.323383749522883,0.690288908395063,-4.67264827586207,25.1732965517241
-1.16315904369023,-1.56873763299162,0.162026977526085,-0.317227102879417,0.647562993436696,-1.24529655172414,25.1732965517241
-1.04502004921077,-1.56873763299162,0.145418287888718,-0.311331100649302,0.606385932387,2.18205517241379,25.1732965517241
-0.926881054731307,-1.56873763299162,0.128854793849483,-0.30653888217433,0.568010209278987,5.60940689655172,25.1732965517241
-0.808742060251843,-1.56873763299162,0.11235801960027,-0.302551110567165,0.530796221232959,9.03675862068965,25.1732965517241
-0.69060306577238,-1.56873763299162,0.0959488996980891,-0.298911054418484,0.494881261130996,12.4641103448276,25.1732965517241
-0.572464071292917,-1.56873763299162,0.0796449721489441,-0.297012010403302,0.459595988116106,15.8914620689655,25.1732965517241
-0.454325076813454,-1.56873763299162,0.0634572591414257,-0.29354697072562,0.425929419693307,19.3188137931034,25.1732965517241
-0.336186082333991,-1.56873763299162,0.0473904454720211,-0.293098451191683,0.393509046708469,22.7461655172414,25.1732965517241
-0.218047087854528,-1.56873763299162,0.0314460783228456,-0.293368811432502,0.359424470871631,26.1735172413793,25.1732965517241
-0.0999080933750645,-1.56873763299162,0.0156259406035797,-0.294482700492648,0.32618179059542,29.6008689655172,25.1732965517241
0.0182309011043986,-1.56873763299162,-6.69958651862146e-05,-0.295734349863333,0.297005283050111,33.0282206896552,25.1732965517241
0.136369895583862,-1.56873763299162,-0.0156286192559936,-0.297102521596875,0.269799347867974,36.4555724137931,25.1732965517241
0.254508890063325,-1.56873763299162,-0.0310544666132107,-0.302050423423502,0.244863187090406,39.882924137931,25.1732965517241
0.372647884542788,-1.56873763299162,-0.0463400747136447,-0.307711574658472,0.218835725563075,43.310275862069,25.1732965517241
0.490786879022251,-1.56873763299162,-0.0614809658676208,-0.314225429369774,0.194556182202947,46.7376275862069,25.1732965517241
0.608925873501715,-1.56873763299162,-0.0764722511135822,-0.322847643603874,0.174307119883848,50.1649793103448,25.1732965517241
0.727064867981178,-1.56873763299162,-0.0913087971513964,-0.332644600956088,0.153425918100113,53.5923310344828,25.1732965517241
0.845203862460641,-1.56873763299162,-0.105986953599363,-0.346093039426134,0.13511826914684,57.0196827586207,25.1732965517241
0.963342856940104,-1.56873763299162,-0.120505208447922,-0.36051485333662,0.121016603826082,60.4470344827586,25.1732965517241
1.08148185141957,-1.56873763299162,-0.134862425891876,-0.376702863558844,0.107977429586678,63.8743862068965,25.1732965517241
1.19962084589903,-1.56873763299162,-0.149057471077255,-0.394609620654406,0.0991736670248391,67.3017379310345,25.1732965517241
1.31775984037849,-1.56873763299162,-0.163091000922555,-0.415187846885785,0.0926408722415697,70.7290896551724,25.1732965517241
1.43589883485796,-1.56873763299162,-0.176969950915441,-0.43616996203532,0.0892001933515687,74.1564413793103,25.1732965517241
1.55403782933742,-1.56873763299162,-0.190707744774453,-0.460461107227357,0.0843332002780037,77.5837931034483,25.1732965517241
1.67217682381688,-1.56873763299162,-0.204326598243981,-0.485058856897732,0.0812658922713383,81.0111448275862,25.1732965517241
1.79031581829635,-1.56873763299162,-0.217858531836783,-0.511629252756155,0.0804818192920043,84.4384965517241,25.1732965517241
1.90845481277581,-1.56873763299162,-0.231336175332021,-0.539204486081594,0.0819001516390252,87.8658482758621,25.1732965517241
2.02659380725527,-1.56873763299162,-0.244789542195651,-0.566321879927596,0.0839135065968268,91.2932,25.1732965517241
-1.39943703264916,-1.44086623685764,0.193965269787896,-0.299713128444246,0.700796086211374,-8.1,26.621075862069
-1.2812980381697,-1.44086623685764,0.177486277695312,-0.295051809968339,0.660177054789357,-4.67264827586207,26.621075862069
-1.16315904369023,-1.44086623685764,0.161019243366306,-0.289835779127767,0.620489308313189,-1.24529655172414,26.621075862069
-1.04502004921077,-1.44086623685764,0.144577076729524,-0.285963141168893,0.579631131291914,2.18205517241379,26.621075862069
-0.926881054731307,-1.44086623685764,0.128177663208725,-0.283866006680836,0.541639693501647,5.60940689655172,26.621075862069
-0.808742060251843,-1.44086623685764,0.111841384925325,-0.281193429245532,0.507721217100683,9.03675862068965,26.621075862069
-0.69060306577238,-1.44086623685764,0.0955880747563491,-0.279074425424509,0.472305846280955,12.4641103448276,26.621075862069
-0.572464071292917,-1.44086623685764,0.0794343650225258,-0.27607323182873,0.438603999928934,15.8914620689655,26.621075862069
-0.454325076813454,-1.44086623685764,0.0633907429658858,-0.275936500038743,0.406701680226082,19.3188137931034,26.621075862069
-0.336186082333991,-1.44086623685764,0.047461713283673,-0.27587509984449,0.374677427360558,22.7461655172414,26.621075862069
-0.218047087854528,-1.44086623685764,0.0316488130073898,-0.278582147211776,0.342744210027483,26.1735172413793,26.621075862069
-0.0999080933750645,-1.44086623685764,0.015953780833238,-0.279545467830226,0.31184791549872,29.6008689655172,26.621075862069
0.0182309011043986,-1.44086623685764,0.000379458998468696,-0.281593884535033,0.284952092019983,33.0282206896552,26.621075862069
0.136369895583862,-1.44086623685764,-0.0150702423685125,-0.28529869023411,0.258197843333685,36.4555724137931,26.621075862069
0.254508890063325,-1.44086623685764,-0.0303910840487054,-0.289731615712999,0.233637938716126,39.882924137931,26.621075862069
0.372647884542788,-1.44086623685764,-0.0455788265723416,-0.296173598445493,0.208236858513027,43.310275862069,26.621075862069
0.490786879022251,-1.44086623685764,-0.0606292173068277,-0.303697693950535,0.186166567501097,46.7376275862069,26.621075862069
0.608925873501715,-1.44086623685764,-0.0755376314434983,-0.312189314376668,0.164237797173789,50.1649793103448,26.621075862069
0.727064867981178,-1.44086623685764,-0.0902992388077073,-0.322375276433155,0.145143972522346,53.5923310344828,26.621075862069
0.845203862460641,-1.44086623685764,-0.104910628761807,-0.335285454664636,0.127389778039889,57.0196827586207,26.621075862069
0.963342856940104,-1.44086623685764,-0.119370425676421,-0.349737418557999,0.112834774600888,60.4470344827586,26.621075862069
1.08148185141957,-1.44086623685764,-0.133677611655896,-0.366310847959741,0.1006279200497,63.8743862068965,26.621075862069
1.19962084589903,-1.44086623685764,-0.147831169703968,-0.384184948161376,0.0913782477873177,67.3017379310345,26.621075862069
1.31775984037849,-1.44086623685764,-0.161831776956711,-0.404734790362702,0.0848980186050501,70.7290896551724,26.621075862069
1.43589883485796,-1.44086623685764,-0.175686046554451,-0.42637475597513,0.0781501438446672,74.1564413793103,26.621075862069
1.55403782933742,-1.44086623685764,-0.189406723149362,-0.450233971951471,0.0728132973246518,77.5837931034483,26.621075862069
1.67217682381688,-1.44086623685764,-0.203014854063697,-0.474304024269078,0.0704270205541246,81.0111448275862,26.621075862069
1.79031581829635,-1.44086623685764,-0.216540743065989,-0.498837050327987,0.0682712605801621,84.4384965517241,26.621075862069
1.90845481277581,-1.44086623685764,-0.230015267547475,-0.526694123396914,0.0686047431289782,87.8658482758621,26.621075862069
2.02659380725527,-1.44086623685764,-0.243466824717861,-0.552787700570752,0.0687125663062018,91.2932,26.621075862069
-1.39943703264916,-1.31299484072367,0.19271343678922,-0.270246486712229,0.669973031809675,-8.1,28.0688551724138
-1.2812980381697,-1.31299484072367,0.176398191651102,-0.267302531334466,0.630466467439786,-4.67264827586207,28.0688551724138
-1.16315904369023,-1.31299484072367,0.160094209699607,-0.264092577908181,0.59253179946098,-1.24529655172414,28.0688551724138
-1.04502004921077,-1.31299484072367,0.14381365130252,-0.262010424590223,0.555100998218547,2.18205517241379,28.0688551724138
-0.926881054731307,-1.31299484072367,0.127573366083547,-0.260689135018811,0.518888849683272,5.60940689655172,28.0688551724138
-0.808742060251843,-1.31299484072367,0.111392560628186,-0.261023833336457,0.484662348880695,9.03675862068965,28.0688551724138
-0.69060306577238,-1.31299484072367,0.0952899290234879,-0.258289196764126,0.450300646215447,12.4641103448276,28.0688551724138
-0.572464071292917,-1.31299484072367,0.079281162889397,-0.257021752352326,0.418693237502347,15.8914620689655,28.0688551724138
-0.454325076813454,-1.31299484072367,0.0633761907669579,-0.257321274212963,0.388786978046071,19.3188137931034,28.0688551724138
-0.336186082333991,-1.31299484072367,0.0475793355864156,-0.259830133962391,0.357453078592921,22.7461655172414,28.0688551724138
-0.218047087854528,-1.31299484072367,0.0318921452390539,-0.262426147842955,0.328043717174837,26.1735172413793,28.0688551724138
-0.0999080933750645,-1.31299484072367,0.016316373349488,-0.26621365457945,0.298658360120961,29.6008689655172,28.0688551724138
0.0182309011043986,-1.31299484072367,0.000854820665984857,-0.270240398239754,0.27265298110756,33.0282206896552,28.0688551724138
0.136369895583862,-1.31299484072367,-0.0144887094449595,-0.273910833217915,0.246856677521639,36.4555724137931,28.0688551724138
0.254508890063325,-1.31299484072367,-0.0297101048648272,-0.278739958452274,0.222550257237736,39.882924137931,28.0688551724138
0.372647884542788,-1.31299484072367,-0.0448052532398306,-0.286878792807344,0.199170218346456,43.310275862069,28.0688551724138
0.490786879022251,-1.31299484072367,-0.0597700307298614,-0.294301223634503,0.177348998506769,46.7376275862069,28.0688551724138
0.608925873501715,-1.31299484072367,-0.0745999928441163,-0.303566194871898,0.15643612135946,50.1649793103448,28.0688551724138
0.727064867981178,-1.31299484072367,-0.0892905500259904,-0.314907951044841,0.137482393223892,53.5923310344828,28.0688551724138
0.845203862460641,-1.31299484072367,-0.103838492395095,-0.327948828091569,0.12138432207727,57.0196827586207,28.0688551724138
0.963342856940104,-1.31299484072367,-0.118242564659218,-0.341726312155481,0.107544902148443,60.4470344827586,28.0688551724138
1.08148185141957,-1.31299484072367,-0.132501854560469,-0.358312992290652,0.09445572740797,63.8743862068965,28.0688551724138
1.19962084589903,-1.31299484072367,-0.146615450692967,-0.376721662390311,0.0851899442418176,67.3017379310345,28.0688551724138
1.31775984037849,-1.31299484072367,-0.160584046519046,-0.394422143964659,0.0773662559543389,70.7290896551724,28.0688551724138
1.43589883485796,-1.31299484072367,-0.174413957914701,-0.416437728321185,0.0711554917313644,74.1564413793103,28.0688551724138
1.55403782933742,-1.31299484072367,-0.188117303117291,-0.439549980948027,0.0663544934647129,77.5837931034483,28.0688551724138
1.67217682381688,-1.31299484072367,-0.201714047283919,-0.463951263470256,0.0614357071621543,81.0111448275862,28.0688551724138
1.79031581829635,-1.31299484072367,-0.215232899737309,-0.489073316147009,0.0582870591414191,84.4384965517241,28.0688551724138
1.90845481277581,-1.31299484072367,-0.228703109728816,-0.51480929468402,0.056184805755678,87.8658482758621,28.0688551724138
2.02659380725527,-1.31299484072367,-0.24215157110082,-0.541140359770121,0.0555910714887407,91.2932,28.0688551724138
-1.39943703264916,-1.18512344458969,0.191548198255228,-0.242420986321487,0.638072175798511,-8.1,29.5166344827586
-1.2812980381697,-1.18512344458969,0.175392315250118,-0.240928409178841,0.602623198375782,-4.67264827586207,29.5166344827586
-1.16315904369023,-1.18512344458969,0.159246991414678,-0.240140931080574,0.565039475805193,-1.24529655172414,29.5166344827586
-1.04502004921077,-1.18512344458969,0.143123625537293,-0.238015533433202,0.530643498819201,2.18205517241379,29.5166344827586
-0.926881054731307,-1.18512344458969,0.127038003905475,-0.237603307206912,0.49503203852452,5.60940689655172,29.5166344827586
-0.808742060251843,-1.18512344458969,0.111008115695773,-0.239118667068985,0.461608322491707,9.03675862068965,29.5166344827586
-0.69060306577238,-1.18512344458969,0.095051469803672,-0.239499331997286,0.42983440111223,12.4641103448276,29.5166344827586
-0.572464071292917,-1.18512344458969,0.0791827725406218,-0.238992496063027,0.399721494268441,15.8914620689655,29.5166344827586
-0.454325076813454,-1.18512344458969,0.0634113607626581,-0.240989381666043,0.370440662351867,19.3188137931034,29.5166344827586
-0.336186082333991,-1.18512344458969,0.0477413663219488,-0.243445456883981,0.34101305080582,22.7461655172414,29.5166344827586
-0.218047087854528,-1.18512344458969,0.0321743633943319,-0.248884818627626,0.312312996949751,26.1735172413793,29.5166344827586
-0.0999080933750645,-1.18512344458969,0.0167121784166653,-0.254146450758881,0.285430726377261,29.6008689655172,29.5166344827586
0.0182309011043986,-1.18512344458969,0.00135766101066137,-0.257331843427238,0.261060905995203,33.0282206896552,29.5166344827586
0.136369895583862,-1.18512344458969,-0.0138853938566501,-0.263315489080543,0.236018303863397,36.4555724137931,29.5166344827586
0.254508890063325,-1.18512344458969,-0.0290129007913653,-0.26955470034431,0.212243963365562,39.882924137931,29.5166344827586
0.372647884542788,-1.18512344458969,-0.0440207741782748,-0.2773186481094,0.190488594756896,43.310275862069,29.5166344827586
0.490786879022251,-1.18512344458969,-0.0589049189450406,-0.285573696653838,0.168898760673678,46.7376275862069,29.5166344827586
0.608925873501715,-1.18512344458969,-0.0736609826848762,-0.295325830429239,0.149189563162896,50.1649793103448,29.5166344827586
0.727064867981178,-1.18512344458969,-0.088284548650414,-0.307936431711926,0.130961350280301,53.5923310344828,29.5166344827586
0.845203862460641,-1.18512344458969,-0.102772563132296,-0.320643429019349,0.116601046391348,57.0196827586207,29.5166344827586
0.963342856940104,-1.18512344458969,-0.117123869476615,-0.335178611195385,0.102958708581258,60.4470344827586,29.5166344827586
1.08148185141957,-1.18512344458969,-0.131337643134432,-0.352013336092307,0.0902343033108453,63.8743862068965,29.5166344827586
1.19962084589903,-1.18512344458969,-0.145413060366006,-0.370622077695831,0.0806189984023709,67.3017379310345,29.5166344827586
1.31775984037849,-1.18512344458969,-0.15935082166133,-0.389130271202142,0.0718687819932131,70.7290896551724,29.5166344827586
1.43589883485796,-1.18512344458969,-0.173156966196435,-0.409521528086711,0.0654318879183653,74.1564413793103,29.5166344827586
1.55403782933742,-1.18512344458969,-0.186843034937278,-0.430916886822608,0.0596736356255636,77.5837931034483,29.5166344827586
1.67217682381688,-1.18512344458969,-0.200427995291454,-0.454533027074078,0.0542505817859094,81.0111448275862,29.5166344827586
1.79031581829635,-1.18512344458969,-0.213939084593748,-0.478359233518007,0.0510408504806654,84.4384965517241,29.5166344827586
1.90845481277581,-1.18512344458969,-0.227404048610468,-0.503428633810848,0.0465402266169082,87.8658482758621,29.5166344827586
2.02659380725527,-1.18512344458969,-0.240848391384709,-0.529280812889397,0.0470381622176554,91.2932,29.5166344827586
-1.39943703264916,-1.05725204845572,0.190457556903205,-0.215902394857833,0.607627612249088,-8.1,30.9644137931035
-1.2812980381697,-1.05725204845572,0.174457518900593,-0.2162926747069,0.573476254085386,-4.67264827586207,30.9644137931035
-1.16315904369023,-1.05725204845572,0.158467324315496,-0.216881109225562,0.539574920984667,-1.24529655172414,30.9644137931035
-1.04502004921077,-1.05725204845572,0.142497595632477,-0.216781885853151,0.503961887298897,2.18205517241379,30.9644137931035
-0.926881054731307,-1.05725204845572,0.126563023090063,-0.216330398073151,0.472454879799514,5.60940689655172,30.9644137931035
-0.808742060251843,-1.05725204845572,0.110680329081806,-0.219098795442503,0.441266916117687,9.03675862068965,30.9644137931035
-0.69060306577238,-1.05725204845572,0.0948657825084978,-0.219989333146955,0.411691094078578,12.4641103448276,30.9644137931035
-0.572464071292917,-1.05725204845572,0.0791330507105668,-0.221156911303562,0.383164074173788,15.8914620689655,30.9644137931035
-0.454325076813454,-1.05725204845572,0.0634908362823403,-0.224472971329839,0.354253468088891,19.3188137931034,30.9644137931035
-0.336186082333991,-1.05725204845572,0.0479430614070782,-0.230567632518659,0.326793841041922,22.7461655172414,30.9644137931035
-0.218047087854528,-1.05725204845572,0.0324913336909092,-0.236392429621313,0.300336866901723,26.1735172413793,30.9644137931035
-0.0999080933750645,-1.05725204845572,0.0171376049897964,-0.24070511633584,0.273729483792675,29.6008689655172,30.9644137931035
0.0182309011043986,-1.05725204845572,0.00188486150751865,-0.245961466277405,0.250162552697526,33.0282206896552,30.9644137931035
0.136369895583862,-1.05725204845572,-0.0132630134176446,-0.251914157462796,0.225946178757712,36.4555724137931,30.9644137931035
0.254508890063325,-1.05725204845572,-0.0283018620317252,-0.259823348787629,0.204614963168309,39.882924137931,30.9644137931035
0.372647884542788,-1.05725204845572,-0.0432275263716499,-0.268524879903001,0.183412260697261,43.310275862069,30.9644137931035
0.490786879022251,-1.05725204845572,-0.0580358413494262,-0.277261577642357,0.163122408784506,46.7376275862069,30.9644137931035
0.608925873501715,-1.05725204845572,-0.0727224580383745,-0.288618694567909,0.14387075996394,50.1649793103448,30.9644137931035
0.727064867981178,-1.05725204845572,-0.0872830618184788,-0.300998050177511,0.126912616161383,53.5923310344828,30.9644137931035
0.845203862460641,-1.05725204845572,-0.101714705879554,-0.315096815955969,0.112087254844907,57.0196827586207,30.9644137931035
0.963342856940104,-1.05725204845572,-0.116016304376342,-0.329777203926007,0.0994665593029171,60.4470344827586,30.9644137931035
1.08148185141957,-1.05725204845572,-0.130187096182846,-0.347466300577604,0.0868027556927509,63.8743862068965,30.9644137931035
1.19962084589903,-1.05725204845572,-0.144226320943952,-0.365098249044185,0.0770452325186102,67.3017379310345,30.9644137931035
1.31775984037849,-1.05725204845572,-0.158134670375121,-0.384449019143567,0.0688392475509851,70.7290896551724,30.9644137931035
1.43589883485796,-1.05725204845572,-0.171917920541999,-0.404167713585394,0.0614313658367469,74.1564413793103,30.9644137931035
1.55403782933742,-1.05725204845572,-0.185587077087834,-0.425339332702122,0.055976408512312,77.5837931034483,30.9644137931035
1.67217682381688,-1.05725204845572,-0.199160187206131,-0.44825643944987,0.0502303109161808,81.0111448275862,30.9644137931035
1.79031581829635,-1.05725204845572,-0.212663132441656,-0.471239180270068,0.0454067664625812,84.4384965517241,30.9644137931035
1.90845481277581,-1.05725204845572,-0.226122273681864,-0.495857293335881,0.0406616939026274,87.8658482758621,30.9644137931035
2.02659380725527,-1.05725204845572,-0.23956183364641,-0.520469249152283,0.0397537847142218,91.2932,30.9644137931035
-1.39943703264916,-0.92938065232174,0.189425336914934,-0.190606840876101,0.579749160035477,-8.1,32.4121931034483
-1.2812980381697,-0.92938065232174,0.173578731049436,-0.192658471448891,0.546896286635841,-4.67264827586207,32.4121931034483
-1.16315904369023,-0.92938065232174,0.157741239583104,-0.19275818543292,0.51341821736079,-1.24529655172414,32.4121931034483
-1.04502004921077,-0.92938065232174,0.141922692133337,-0.195494857404916,0.480615333181256,2.18205517241379,32.4121931034483
-0.926881054731307,-0.92938065232174,0.126136646438812,-0.196852447721812,0.450747664385493,5.60940689655172,32.4121931034483
-0.808742060251843,-0.92938065232174,0.110398503063665,-0.198598819754361,0.421509835955861,9.03675862068965,32.4121931034483
-0.69060306577238,-0.92938065232174,0.0947232295485529,-0.202365671577426,0.392785025689535,12.4641103448276,32.4121931034483
-0.572464071292917,-0.92938065232174,0.0791233929898447,-0.205020247248951,0.365175742229808,15.8914620689655,32.4121931034483
-0.454325076813454,-0.92938065232174,0.0636070099955854,-0.210221095204806,0.339890777076288,19.3188137931034,32.4121931034483
-0.336186082333991,-0.92938065232174,0.0481777642735426,-0.216672199644746,0.313674814129266,22.7461655172414,32.4121931034483
-0.218047087854528,-0.92938065232174,0.0328372936711274,-0.22254485136221,0.288904485494626,26.1735172413793,32.4121931034483
-0.0999080933750645,-0.92938065232174,0.0175877193715879,-0.227726509025209,0.264749257908636,29.6008689655172,32.4121931034483
0.0182309011043986,-0.92938065232174,0.00243224486560001,-0.235070222956069,0.241111647230711,33.0282206896552,32.4121931034483
0.136369895583862,-0.92938065232174,-0.0126250674141029,-0.242153088002237,0.218929962623681,36.4555724137931,32.4121931034483
0.254508890063325,-0.92938065232174,-0.0275798940328085,-0.251205036914051,0.197716976207297,39.882924137931,32.4121931034483
0.372647884542788,-0.92938065232174,-0.0424279113569197,-0.260509491985925,0.176658678262589,43.310275862069,32.4121931034483
0.490786879022251,-0.92938065232174,-0.0571647911880577,-0.270268336795794,0.15658307085642,46.7376275862069,32.4121931034483
0.608925873501715,-0.92938065232174,-0.0717861027163611,-0.281920661214886,0.139932754143297,50.1649793103448,32.4121931034483
0.727064867981178,-0.92938065232174,-0.0862875621335903,-0.296166734129767,0.123838171715618,53.5923310344828,32.4121931034483
0.845203862460641,-0.92938065232174,-0.100666276536465,-0.310781239463509,0.109386822198825,57.0196827586207,32.4121931034483
0.963342856940104,-0.92938065232174,-0.114921196737064,-0.327399203875371,0.0972599361167401,60.4470344827586,32.4121931034483
1.08148185141957,-0.92938065232174,-0.129051594011285,-0.343529923505435,0.0854354118509766,63.8743862068965,32.4121931034483
1.19962084589903,-0.92938065232174,-0.143056740371859,-0.363799892454423,0.0757060071778135,67.3017379310345,32.4121931034483
1.31775984037849,-0.92938065232174,-0.156937295768129,-0.382500762846589,0.066109882831825,70.7290896551724,32.4121931034483
1.43589883485796,-0.92938065232174,-0.170698778029333,-0.400717181279395,0.0591489833797272,74.1564413793103,32.4121931034483
1.55403782933742,-0.92938065232174,-0.184351689548289,-0.422021693445692,0.053294136823939,77.5837931034483,32.4121931034483
1.67217682381688,-0.92938065232174,-0.197913224265613,-0.443597073229757,0.0472638472011142,81.0111448275862,32.4121931034483
1.79031581829635,-0.92938065232174,-0.211408013156615,-0.466005819762523,0.0436108103270427,84.4384965517241,32.4121931034483
1.90845481277581,-0.92938065232174,-0.224861140044242,-0.490246661104141,0.0390598024464712,87.8658482758621,32.4121931034483
2.02659380725527,-0.92938065232174,-0.238295645477311,-0.514488867873932,0.0369800666740239,91.2932,32.4121931034483
-1.39943703264916,-0.801509256187764,0.18843332968092,-0.168055928330154,0.552194205222717,-8.1,33.8599724137931
-1.2812980381697,-0.801509256187764,0.172738958381797,-0.16960612237503,0.520616519975835,-4.67264827586207,33.8599724137931
-1.16315904369023,-0.801509256187764,0.1570529582663,-0.172316131336726,0.489470636947461,-1.24529655172414,33.8599724137931
-1.04502004921077,-0.801509256187764,0.141384348358075,-0.175699133940771,0.458870237852517,2.18205517241379,33.8599724137931
-0.926881054731307,-0.801509256187764,0.125745514802907,-0.178384853289995,0.43098077273514,5.60940689655172,33.8599724137931
-0.808742060251843,-0.801509256187764,0.110150476999083,-0.182327558404128,0.403262195673981,9.03675862068965,33.8599724137931
-0.69060306577238,-0.801509256187764,0.0946128345946879,-0.186678409982387,0.375922772858409,12.4641103448276,33.8599724137931
-0.572464071292917,-0.801509256187764,0.0791439866971864,-0.190968459279525,0.350242029135549,15.8914620689655,33.8599724137931
-0.454325076813454,-0.801509256187764,0.0637512035493171,-0.196653090212586,0.324576011207258,19.3188137931034,33.8599724137931
-0.336186082333991,-0.801509256187764,0.0484378909733405,-0.202545427247055,0.300490213441058,22.7461655172414,33.8599724137931
-0.218047087854528,-0.801509256187764,0.0332057024404171,-0.209443254684524,0.277227324787855,26.1735172413793,33.8599724137931
-0.0999080933750645,-0.801509256187764,0.0180569617288275,-0.216907202137554,0.254871074950196,29.6008689655172,33.8599724137931
0.0182309011043986,-0.801509256187764,0.00299516080086071,-0.224752242444499,0.233158797803295,33.0282206896552,33.8599724137931
0.136369895583862,-0.801509256187764,-0.0119753767234214,-0.233737208629051,0.212348658813969,36.4555724137931,33.8599724137931
0.254508890063325,-0.801509256187764,-0.0268500767655826,-0.243826699099832,0.191257296027473,39.882924137931,33.8599724137931
0.372647884542788,-0.801509256187764,-0.0416243650563366,-0.253688322464605,0.170815743264339,43.310275862069,33.8599724137931
0.490786879022251,-0.801509256187764,-0.0562936654600559,-0.264923888031875,0.153179595713151,46.7376275862069,33.8599724137931
0.608925873501715,-0.801509256187764,-0.0708533852619022,-0.277625418581493,0.136632431216761,50.1649793103448,33.8599724137931
0.727064867981178,-0.801509256187764,-0.0852992008352305,-0.291289927186728,0.121859832137528,53.5923310344828,33.8599724137931
0.845203862460641,-0.801509256187764,-0.0996282170724898,-0.308183615605825,0.109361040895444,57.0196827586207,33.8599724137931
0.963342856940104,-0.801509256187764,-0.113839380925163,-0.32483856228355,0.0971547297541748,60.4470344827586,33.8599724137931
1.08148185141957,-0.801509256187764,-0.127931958165629,-0.342910527536731,0.0852163048529675,63.8743862068965,33.8599724137931
1.19962084589903,-0.801509256187764,-0.141905215272991,-0.361962135194384,0.0748784658726747,67.3017379310345,33.8599724137931
1.31775984037849,-0.801509256187764,-0.155759749935994,-0.381387283029233,0.0663728284613365,70.7290896551724,33.8599724137931
1.43589883485796,-0.801509256187764,-0.169500817030794,-0.401421910545293,0.0601703957008437,74.1564413793103,33.8599724137931
1.55403782933742,-0.801509256187764,-0.183138436525268,-0.421494708890086,0.0533515373473255,77.5837931034483,33.8599724137931
1.67217682381688,-0.801509256187764,-0.196689003600132,-0.441958186580918,0.0471523655726684,81.0111448275862,33.8599724137931
1.79031581829635,-0.801509256187764,-0.21017599048536,-0.464216722752278,0.0417215004847342,84.4384965517241,33.8599724137931
1.90845481277581,-0.801509256187764,-0.223623298530321,-0.487349650928038,0.038895421897724,87.8658482758621,33.8599724137931
2.02659380725527,-0.801509256187764,-0.237052873777601,-0.511362281452876,0.036317463929715,91.2932,33.8599724137931
-1.39943703264916,-0.673637860053788,0.18746406259711,-0.146547961990404,0.526231412885693,-8.1,35.3077517241379
-1.2812980381697,-0.673637860053788,0.17192187137491,-0.149361772172181,0.498196490380145,-4.67264827586207,35.3077517241379
-1.16315904369023,-0.673637860053788,0.156387294632465,-0.153053537647573,0.469668501654725,-1.24529655172414,35.3077517241379
-1.04502004921077,-0.673637860053788,0.140868523729267,-0.157219263894246,0.441914118693689,2.18205517241379,35.3077517241379
-0.926881054731307,-0.673637860053788,0.125376734294438,-0.160520480521358,0.413181597660744,5.60940689655172,35.3077517241379
-0.808742060251843,-0.673637860053788,0.109924504414406,-0.166885573431966,0.386217098798976,9.03675862068965,35.3077517241379
-0.69060306577238,-0.673637860053788,0.0945239976768921,-0.171765311448844,0.361545985170272,12.4641103448276,35.3077517241379
-0.572464071292917,-0.673637860053788,0.0791853740762112,-0.176867834675795,0.336791465375916,15.8914620689655,35.3077517241379
-0.454325076813454,-0.673637860053788,0.0639150904808492,-0.182895051268902,0.313157220661798,19.3188137931034,35.3077517241379
-0.336186082333991,-0.673637860053788,0.0487162254555631,-0.19174200800787,0.289120050123626,22.7461655172414,35.3077517241379
-0.218047087854528,-0.673637860053788,0.033590421642882,-0.199347755210058,0.267230296625899,26.1735172413793,35.3077517241379
-0.0999080933750645,-0.673637860053788,0.0185402264829164,-0.206807160061399,0.245688540601327,29.6008689655172,35.3077517241379
0.0182309011043986,-0.673637860053788,0.00356947974788602,-0.215294760388488,0.225001246834626,33.0282206896552,35.3077517241379
0.136369895583862,-0.673637860053788,-0.0113171627065294,-0.226206757449388,0.205078037815169,36.4555724137931,35.3077517241379
0.254508890063325,-0.673637860053788,-0.0261148019816404,-0.235762867536717,0.184800847389985,39.882924137931,35.3077517241379
0.372647884542788,-0.673637860053788,-0.0408185389935583,-0.246648870164783,0.166749121119404,43.310275862069,35.3077517241379
0.490786879022251,-0.673637860053788,-0.0554234755265746,-0.260936201710962,0.150674546606256,46.7376275862069,35.3077517241379
0.608925873501715,-0.673637860053788,-0.0699247842843675,-0.274864464490768,0.135086429970418,50.1649793103448,35.3077517241379
0.727064867981178,-0.673637860053788,-0.0843180332231062,-0.290582510303197,0.121090074453091,53.5923310344828,35.3077517241379
0.845203862460641,-0.673637860053788,-0.0986002666108601,-0.30714246246203,0.107990689743816,57.0196827586207,35.3077517241379
0.963342856940104,-0.673637860053788,-0.11277038101619,-0.325192638903845,0.0964045444642185,60.4470344827586,35.3077517241379
1.08148185141957,-0.673637860053788,-0.126827592209505,-0.344014569232828,0.0873117369341634,63.8743862068965,35.3077517241379
1.19962084589903,-0.673637860053788,-0.140771116641399,-0.362851472865902,0.0774708655175205,67.3017379310345,35.3077517241379
1.31775984037849,-0.673637860053788,-0.154601451980956,-0.382884766035426,0.0697117987581561,70.7290896551724,35.3077517241379
1.43589883485796,-0.673637860053788,-0.168323575907673,-0.402008460463803,0.0634373576434424,74.1564413793103,35.3077517241379
1.55403782933742,-0.673637860053788,-0.1819470354968,-0.422588633063702,0.0576816246894176,77.5837931034483,35.3077517241379
1.67217682381688,-0.673637860053788,-0.19548746910796,-0.443218687303549,0.0515629603122101,81.0111448275862,35.3077517241379
1.79031581829635,-0.673637860053788,-0.208967268565083,-0.466297463425497,0.0464000269786695,84.4384965517241,35.3077517241379
1.90845481277581,-0.673637860053788,-0.222409234030506,-0.488390886192619,0.0420065026934004,87.8658482758621,35.3077517241379
2.02659380725527,-0.673637860053788,-0.235834293181793,-0.513403262023219,0.0391366897319188,91.2932,35.3077517241379
-1.39943703264916,-0.545766463919811,0.186502813405267,-0.127702238170498,0.503235606115898,-8.1,36.7555310344828
-1.2812980381697,-0.545766463919811,0.171113679281593,-0.130979251008509,0.476166039215084,-4.67264827586207,36.7555310344828
-1.16315904369023,-0.545766463919811,0.155731392902769,-0.13408960155793,0.449052006741635,-1.24529655172414,36.7555310344828
-1.04502004921077,-0.545766463919811,0.140363304592724,-0.14125839787976,0.423298542855572,2.18205517241379,36.7555310344828
-0.926881054731307,-0.545766463919811,0.125019345376891,-0.146685063567336,0.39658860262036,5.60940689655172,36.7555310344828
-0.808742060251843,-0.545766463919811,0.109710596835075,-0.152649590200567,0.370710992302402,9.03675862068965,36.7555310344828
-0.69060306577238,-0.545766463919811,0.0944477225417948,-0.159118538644505,0.346519062085672,12.4641103448276,36.7555310344828
-0.572464071292917,-0.545766463919811,0.0792395740517458,-0.164914204478016,0.32222040651855,15.8914620689655,36.7555310344828
-0.454325076813454,-0.545766463919811,0.0640917247751887,-0.172119151698681,0.299791143072283,19.3188137931034,36.7555310344828
-0.336186082333991,-0.545766463919811,0.0490068681693743,-0.180362624156166,0.277794271816071,22.7461655172414,36.7555310344828
-0.218047087854528,-0.545766463919811,0.0339865977017357,-0.189911394923685,0.257620980145423,26.1735172413793,36.7555310344828
-0.0999080933750645,-0.545766463919811,0.0190336916275518,-0.198090295709154,0.237452504976043,29.6008689655172,36.7555310344828
0.0182309011043986,-0.545766463919811,0.00415238221956549,-0.208012550196295,0.218423901378608,33.0282206896552,36.7555310344828
0.136369895583862,-0.545766463919811,-0.0106522853531761,-0.218631208289128,0.199481475752991,36.4555724137931,36.7555310344828
0.254508890063325,-0.545766463919811,-0.0253750269281348,-0.230993627418829,0.180471754939411,39.882924137931,36.7555310344828
0.372647884542788,-0.545766463919811,-0.0400105581606582,-0.24324747931292,0.164560363797963,43.310275862069,36.7555310344828
0.490786879022251,-0.545766463919811,-0.0545535982280758,-0.258985587561319,0.149564708328264,46.7376275862069,36.7555310344828
0.608925873501715,-0.545766463919811,-0.0689990223777488,-0.275098308589502,0.135268177369874,50.1649793103448,36.7555310344828
0.727064867981178,-0.545766463919811,-0.0833422252915308,-0.290848866620439,0.122021438052447,53.5923310344828,36.7555310344828
0.845203862460641,-0.545766463919811,-0.0975801310394739,-0.308366970227042,0.109749089181513,57.0196827586207,36.7555310344828
0.963342856940104,-0.545766463919811,-0.111711534003516,-0.327250425601584,0.0987461412874222,60.4470344827586,36.7555310344828
1.08148185141957,-0.545766463919811,-0.125735549516458,-0.345669534740822,0.0903354549469026,63.8743862068965,36.7555310344828
1.19962084589903,-0.545766463919811,-0.139651293567969,-0.36605384766944,0.0826281731126162,67.3017379310345,36.7555310344828
1.31775984037849,-0.545766463919811,-0.153459119446297,-0.385632576990363,0.0757558153700961,70.7290896551724,36.7555310344828
1.43589883485796,-0.545766463919811,-0.167163704562007,-0.405455293167545,0.0689833766849777,74.1564413793103,36.7555310344828
1.55403782933742,-0.545766463919811,-0.180774122150652,-0.428061634386313,0.0621203186711661,77.5837931034483,36.7555310344828
1.67217682381688,-0.545766463919811,-0.194305284218909,-0.448432369307882,0.0571139001531904,81.0111448275862,36.7555310344828
1.79031581829635,-0.545766463919811,-0.207778568464594,-0.470939042147557,0.0529052804817454,84.4384965517241,36.7555310344828
1.90845481277581,-0.545766463919811,-0.221215743293192,-0.494353353541851,0.0491596153163349,87.8658482758621,36.7555310344828
2.02659380725527,-0.545766463919811,-0.234636783994634,-0.519499965357398,0.0459339801455292,91.2932,36.7555310344828
-1.39943703264916,-0.417895067785836,0.185539406804276,-0.111957048496637,0.48260853498039,-8.1,38.2033103448276
-1.2812980381697,-0.417895067785836,0.170304827270704,-0.117559568480364,0.456976522512153,-4.67264827586207,38.2033103448276
-1.16315904369023,-0.417895067785836,0.155076324459678,-0.121861546950626,0.4316914327188,-1.24529655172414,38.2033103448276
-1.04502004921077,-0.417895067785836,0.139860400508918,-0.125767349183694,0.405366835542812,2.18205517241379,38.2033103448276
-0.926881054731307,-0.417895067785836,0.124665716408909,-0.132421250147208,0.380541167040219,5.60940689655172,38.2033103448276
-0.808742060251843,-0.417895067785836,0.109501811679225,-0.139183434474621,0.356551484062769,9.03675862068965,38.2033103448276
-0.69060306577238,-0.417895067785836,0.0943777949145284,-0.145027084360376,0.333695394700513,12.4641103448276,38.2033103448276
-0.572464071292917,-0.417895067785836,0.0793011460077289,-0.153114456533114,0.310935979183507,15.8914620689655,38.2033103448276
-0.454325076813454,-0.417895067785836,0.0642764849598361,-0.161416963371634,0.289882893994424,19.3188137931034,38.2033103448276
-0.336186082333991,-0.417895067785836,0.0493060556456251,-0.171323070295067,0.268665397873322,22.7461655172414,38.2033103448276
-0.218047087854528,-0.417895067785836,0.0343913530013256,-0.181247946784578,0.249815460745858,26.1735172413793,38.2033103448276
-0.0999080933750645,-0.417895067785836,0.0195353792591519,-0.190374726700338,0.231064955696722,29.6008689655172,38.2033103448276
0.0182309011043986,-0.417895067785836,0.0047427885359943,-0.202214402039913,0.212534777866729,33.0282206896552,38.2033103448276
0.136369895583862,-0.417895067785836,-0.00998094234937952,-0.213314578044651,0.195404574177866,36.4555724137931,38.2033103448276
0.254508890063325,-0.417895067785836,-0.0246300980428145,-0.227733833336089,0.178756969850906,39.882924137931,38.2033103448276
0.372647884542788,-0.417895067785836,-0.0391989630083907,-0.242231862901112,0.161926170152783,43.310275862069,38.2033103448276
0.490786879022251,-0.417895067785836,-0.0536818276860895,-0.257646938486684,0.147675510403415,46.7376275862069,38.2033103448276
0.608925873501715,-0.417895067785836,-0.068073217500966,-0.274159520686446,0.135920110474652,50.1649793103448,38.2033103448276
0.727064867981178,-0.417895067785836,-0.0823682933637742,-0.292285066656769,0.122661427738824,53.5923310344828,38.2033103448276
0.845203862460641,-0.417895067785836,-0.0965637990883279,-0.310915387858068,0.111778766256468,57.0196827586207,38.2033103448276
0.963342856940104,-0.417895067785836,-0.110658370567406,-0.329630562155909,0.103199974789377,60.4470344827586,38.2033103448276
1.08148185141957,-0.417895067785836,-0.124650967126939,-0.349176342700521,0.0958145570396842,63.8743862068965,38.2033103448276
1.19962084589903,-0.417895067785836,-0.138540548729357,-0.36934929893989,0.0882820463446274,67.3017379310345,38.2033103448276
1.31775984037849,-0.417895067785836,-0.152327274269248,-0.390314295480507,0.0810501115471045,70.7290896551724,38.2033103448276
1.43589883485796,-0.417895067785836,-0.16601549045342,-0.411432897438542,0.0753841662250296,74.1564413793103,38.2033103448276
1.55403782933742,-0.417895067785836,-0.179613787257503,-0.433619584392376,0.069729894626706,77.5837931034483,38.2033103448276
1.67217682381688,-0.417895067785836,-0.193136372059075,-0.457356118205767,0.0642853800149339,81.0111448275862,38.2033103448276
1.79031581829635,-0.417895067785836,-0.206603666171087,-0.48061160158379,0.0614430705277582,84.4384965517241,38.2033103448276
1.90845481277581,-0.417895067785836,-0.220036467369935,-0.504519421524247,0.060009606081211,87.8658482758621,38.2033103448276
2.02659380725527,-0.417895067785836,-0.233453857606635,-0.528338713598306,0.0555745890226678,91.2932,38.2033103448276
-1.39943703264916,-0.29002367165186,0.184566707314189,-0.0996708427242301,0.465839475189279,-8.1,39.6510896551724
-1.2812980381697,-0.29002367165186,0.169488598590639,-0.104745439832254,0.440183119558052,-4.67264827586207,39.6510896551724
-1.16315904369023,-0.29002367165186,0.154415798173054,-0.110277281495134,0.415605595299671,-1.24529655172414,39.6510896551724
-1.04502004921077,-0.29002367165186,0.139353960348274,-0.114555809971313,0.39124886483612,2.18205517241379,39.6510896551724
-0.926881054731307,-0.29002367165186,0.124310461199366,-0.120733477781602,0.367119093116227,5.60940689655172,39.6510896551724
-0.808742060251843,-0.29002367165186,0.109293264605466,-0.127821123748828,0.343879607188428,9.03675862068965,39.6510896551724
-0.69060306577238,-0.29002367165186,0.0943098805784699,-0.136376189628882,0.321755751305459,12.4641103448276,39.6510896551724
-0.572464071292917,-0.29002367165186,0.0793663624095671,-0.144436130329255,0.300940976074405,15.8914620689655,39.6510896551724
-0.454325076813454,-0.29002367165186,0.0644663085840109,-0.15349629511625,0.279828800443851,19.3188137931034,39.6510896551724
-0.336186082333991,-0.29002367165186,0.0496114434468207,-0.163229298217368,0.260498141762235,22.7461655172414,39.6510896551724
-0.218047087854528,-0.29002367165186,0.0348031038052288,-0.17320661846877,0.242100441976475,26.1735172413793,39.6510896551724
-0.0999080933750645,-0.29002367165186,0.020044495451121,-0.184062396572978,0.224394617576313,29.6008689655172,39.6510896551724
0.0182309011043986,-0.29002367165186,0.00534070852945079,-0.197146109102476,0.207930547893173,33.0282206896552,39.6510896551724
0.136369895583862,-0.29002367165186,-0.00930232073735437,-0.211146336578811,0.192057391913415,36.4555724137931,39.6510896551724
0.254508890063325,-0.29002367165186,-0.0238784142378019,-0.22493038768195,0.176390073257516,39.882924137931,39.6510896551724
0.372647884542788,-0.29002367165186,-0.0383813936760788,-0.240657063619092,0.160982829648345,43.310275862069,39.6510896551724
0.490786879022251,-0.29002367165186,-0.0528050888692813,-0.257206354721158,0.148827747694438,46.7376275862069,39.6510896551724
0.608925873501715,-0.29002367165186,-0.067143633483685,-0.27539275345364,0.135612437383113,50.1649793103448,39.6510896551724
0.727064867981178,-0.29002367165186,-0.0813918985785733,-0.294001074192047,0.124744659390017,53.5923310344828,39.6510896551724
0.845203862460641,-0.29002367165186,-0.0955463874210463,-0.315173230251559,0.115836695928645,57.0196827586207,39.6510896551724
0.963342856940104,-0.29002367165186,-0.109605517080099,-0.335201383181639,0.109366781511101,60.4470344827586,39.6510896551724
1.08148185141957,-0.29002367165186,-0.123568030674756,-0.356182460255212,0.101218495205211,63.8743862068965,39.6510896551724
1.19962084589903,-0.29002367165186,-0.13743267194291,-0.375145993053408,0.0938085740481946,67.3017379310345,39.6510896551724
1.31775984037849,-0.29002367165186,-0.151199350343619,-0.396988450992511,0.0895715202717755,70.7290896551724,39.6510896551724
1.43589883485796,-0.29002367165186,-0.164872045122142,-0.420414173793455,0.0859750865194762,74.1564413793103,39.6510896551724
1.55403782933742,-0.29002367165186,-0.178458846555188,-0.442305308650078,0.0810708750123352,77.5837931034483,39.6510896551724
1.67217682381688,-0.29002367165186,-0.191973272345404,-0.465229692352675,0.0775493518894967,81.0111448275862,39.6510896551724
1.79031581829635,-0.29002367165186,-0.205434839159142,-0.490494231107637,0.0742706667782331,84.4384965517241,39.6510896551724
1.90845481277581,-0.29002367165186,-0.218863429525533,-0.516069390284155,0.0722085058832485,87.8658482758621,39.6510896551724
2.02659380725527,-0.29002367165186,-0.232277286491572,-0.540271396648384,0.0710695381980502,91.2932,39.6510896551724
-1.39943703264916,-0.162152275517883,0.183585437081011,-0.0881383319476807,0.453908232085072,-8.1,41.0988689655172
-1.2812980381697,-0.162152275517883,0.168665627545283,-0.0925413337358465,0.429349108675025,-4.67264827586207,41.0988689655172
-1.16315904369023,-0.162152275517883,0.153750369390336,-0.0989536118317238,0.404432377722099,-1.24529655172414,41.0988689655172
-1.04502004921077,-0.162152275517883,0.138844479059761,-0.105533169928771,0.379739659609128,2.18205517241379,41.0988689655172
-0.926881054731307,-0.162152275517883,0.123954046671199,-0.112652301067385,0.356724648309049,5.60940689655172,41.0988689655172
-0.808742060251843,-0.162152275517883,0.109085442842333,-0.120325772427646,0.334628399428375,9.03675862068965,41.0988689655172
-0.69060306577238,-0.162152275517883,0.0942445508506811,-0.128160861114585,0.311997536852586,12.4641103448276,41.0988689655172
-0.572464071292917,-0.162152275517883,0.0794359545941725,-0.136664974840484,0.291874724220595,15.8914620689655,41.0988689655172
-0.454325076813454,-0.162152275517883,0.0646621681413246,-0.146202735221478,0.273179591330665,19.3188137931034,41.0988689655172
-0.336186082333991,-0.162152275517883,0.0499243236982276,-0.156090928239269,0.254402403802202,22.7461655172414,41.0988689655172
-0.218047087854528,-0.162152275517883,0.0352235325877734,-0.167070637593308,0.236605428410618,26.1735172413793,41.0988689655172
-0.0999080933750645,-0.162152275517883,0.020563172440861,-0.17958187965768,0.21903219338027,29.6008689655172,41.0988689655172
0.0182309011043986,-0.162152275517883,0.00594877060943322,-0.194567418900177,0.203883911906782,33.0282206896552,41.0988689655172
0.136369895583862,-0.162152275517883,-0.00861326198756229,-0.209421155677685,0.189795981045351,36.4555724137931,41.0988689655172
0.254508890063325,-0.162152275517883,-0.0231162651653924,-0.224010139076628,0.174708969472578,39.882924137931,41.0988689655172
0.372647884542788,-0.162152275517883,-0.0375535785493819,-0.24122843269299,0.162695868758774,43.310275862069,41.0988689655172
0.490786879022251,-0.162152275517883,-0.051918551596096,-0.258380546019156,0.150617659590878,46.7376275862069,41.0988689655172
0.608925873501715,-0.162152275517883,-0.0662048931156847,-0.27798580145726,0.139566723666775,50.1649793103448,41.0988689655172
0.727064867981178,-0.162152275517883,-0.080407131922259,-0.29762344433777,0.12930191360764,53.5923310344828,41.0988689655172
0.845203862460641,-0.162152275517883,-0.0945214704118598,-0.3194286397025,0.122591116759308,57.0196827586207,41.0988689655172
0.963342856940104,-0.162152275517883,-0.108546043570957,-0.341850758242224,0.116299515826274,60.4470344827586,41.0988689655172
1.08148185141957,-0.162152275517883,-0.122479314738587,-0.362200266580168,0.109582992811237,63.8743862068965,41.0988689655172
1.19962084589903,-0.162152275517883,-0.13631974785774,-0.383344910462565,0.103029058629051,67.3017379310345,41.0988689655172
1.31775984037849,-0.162152275517883,-0.150066944499388,-0.405685550237294,0.0992135014164817,70.7290896551724,41.0988689655172
1.43589883485796,-0.162152275517883,-0.163724476232727,-0.428752880305867,0.0951888945604022,74.1564413793103,41.0988689655172
1.55403782933742,-0.162152275517883,-0.177299914237416,-0.452027404376685,0.0924755582931429,77.5837931034483,41.0988689655172
1.67217682381688,-0.162152275517883,-0.190806100203719,-0.476761231910168,0.0888277595138114,81.0111448275862,41.0988689655172
1.79031581829635,-0.162152275517883,-0.204261698861924,-0.502865777727345,0.0875126936968706,84.4384965517241,41.0988689655172
1.90845481277581,-0.162152275517883,-0.217685734152057,-0.526918030383361,0.0863697526372864,87.8658482758621,41.0988689655172
2.02659380725527,-0.162152275517883,-0.231095666363898,-0.55244453779208,0.0866183029552767,91.2932,41.0988689655172
-1.39943703264916,-0.0342808793839073,0.182615296586057,-0.0803476185529433,0.444225550686677,-8.1,42.5466482758621
-1.2812980381697,-0.0342808793839073,0.167854313140319,-0.0851843310437148,0.419219932185378,-4.67264827586207,42.5466482758621
-1.16315904369023,-0.0342808793839073,0.153097148442731,-0.0910545496452182,0.394577514283576,-1.24529655172414,42.5466482758621
-1.04502004921077,-0.0342808793839073,0.138347805067362,-0.0981857754351303,0.370889143915376,2.18205517241379,42.5466482758621
-0.926881054731307,-0.0342808793839073,0.123611106314543,-0.106588740876506,0.34791447427744,5.60940689655172,42.5466482758621
-0.808742060251843,-0.0342808793839073,0.108891835739854,-0.115028542663465,0.327512760967355,9.03675862068965,42.5466482758621
-0.69060306577238,-0.0342808793839073,0.0941942453061351,-0.123334309489362,0.306721963727316,12.4641103448276,42.5466482758621
-0.572464071292917,-0.0342808793839073,0.079521426757839,-0.132109170798772,0.285980926339575,15.8914620689655,42.5466482758621
-0.454325076813454,-0.0342808793839073,0.0648747593838261,-0.140868154001665,0.266937702203706,19.3188137931034,42.5466482758621
-0.336186082333991,-0.0342808793839073,0.0502547147969477,-0.152179480567788,0.249190840542047,22.7461655172414,42.5466482758621
-0.218047087854528,-0.0342808793839073,0.0356621103276196,-0.164544028254332,0.232845248775795,26.1735172413793,42.5466482758621
-0.0999080933750645,-0.0342808793839073,0.0211004590579889,-0.177871543262013,0.21665256358309,29.6008689655172,42.5466482758621
0.0182309011043986,-0.0342808793839073,0.00657572038786158,-0.192522017213727,0.202667197631396,33.0282206896552,42.5466482758621
0.136369895583862,-0.0342808793839073,-0.00790521065019534,-0.207444943288069,0.188553301342471,36.4555724137931,42.5466482758621
0.254508890063325,-0.0342808793839073,-0.022335178175243,-0.224468268174073,0.176204807196089,39.882924137931,42.5466482758621
0.372647884542788,-0.0342808793839073,-0.0367070261075755,-0.242355916791413,0.164578335223148,43.310275862069,42.5466482758621
0.490786879022251,-0.0342808793839073,-0.0510136094431168,-0.260600637593716,0.154110107182731,46.7376275862069,42.5466482758621
0.608925873501715,-0.0342808793839073,-0.0652481829051015,-0.282130501554753,0.145149678002045,50.1649793103448,42.5466482758621
0.727064867981178,-0.0342808793839073,-0.0794048819583768,-0.301885878821244,0.136366813511986,53.5923310344828,42.5466482758621
0.845203862460641,-0.0342808793839073,-0.093479548002682,-0.325157248171282,0.130179986490841,57.0196827586207,42.5466482758621
0.963342856940104,-0.0342808793839073,-0.107469970506987,-0.3476317019859,0.123183538586267,60.4470344827586,42.5466482758621
1.08148185141957,-0.0342808793839073,-0.121374269243909,-0.370227223699626,0.118226752705076,63.8743862068965,42.5466482758621
1.19962084589903,-0.0342808793839073,-0.135190564578275,-0.392573375527275,0.113947628153575,67.3017379310345,42.5466482758621
1.31775984037849,-0.0342808793839073,-0.148918092391268,-0.416600497402398,0.11055368520927,70.7290896551724,42.5466482758621
1.43589883485796,-0.0342808793839073,-0.162559980080177,-0.440761009673174,0.109018935187235,74.1564413793103,42.5466482758621
1.55403782933742,-0.0342808793839073,-0.176123267478168,-0.464326607230995,0.107119108658386,77.5837931034483,42.5466482758621
1.67217682381688,-0.0342808793839073,-0.189620146144214,-0.488781106203737,0.104758494555865,81.0111448275862,42.5466482758621
1.79031581829635,-0.0342808793839073,-0.203068499618952,-0.51495001830486,0.103961478209041,84.4384965517241,42.5466482758621
1.90845481277581,-0.0342808793839073,-0.21648656834886,-0.541923013526838,0.10385156014047,87.8658482758621,42.5466482758621
2.02659380725527,-0.0342808793839073,-0.229891103143817,-0.56839876867615,0.102147587273602,91.2932,42.5466482758621
-1.39943703264916,0.0935905167500688,0.181695767068452,-0.0778679069254198,0.436608827993119,-8.1,43.9944275862069
-1.2812980381697,0.0935905167500688,0.167091575557405,-0.0828505236561772,0.412035505365543,-4.67264827586207,43.9944275862069
-1.16315904369023,0.0935905167500688,0.152490510602233,-0.0878341293332296,0.389819213713997,-1.24529655172414,43.9944275862069
-1.04502004921077,0.0935905167500688,0.1378958025199,-0.0944006626765457,0.366635685567633,2.18205517241379,43.9944275862069
-0.926881054731307,0.0935905167500688,0.123311052642783,-0.10177283106434,0.344425957731614,5.60940689655172,43.9944275862069
-0.808742060251843,0.0935905167500688,0.108739494308798,-0.109411981182,0.323448939607631,9.03675862068965,43.9944275862069
-0.69060306577238,0.0935905167500688,0.0941837742817928,-0.116941492449665,0.302632541468949,12.4641103448276,43.9944275862069
-0.572464071292917,0.0935905167500688,0.0796454965647726,-0.127483589947476,0.283381272174877,15.8914620689655,43.9944275862069
-0.454325076813454,0.0935905167500688,0.0651248749775217,-0.139234317563733,0.26467592464996,19.3188137931034,43.9944275862069
-0.336186082333991,0.0935905167500688,0.0506216635004599,-0.150089223546194,0.247191539422175,22.7461655172414,43.9944275862069
-0.218047087854528,0.0935905167500688,0.0361363232953957,-0.162583049674913,0.230631884599648,26.1735172413793,43.9944275862069
-0.0999080933750645,0.0935905167500688,0.0216724697135819,-0.176115397329785,0.215587244698789,29.6008689655172,43.9944275862069
0.0182309011043986,0.0935905167500688,0.00723649080254041,-0.190654216841628,0.202326762186076,33.0282206896552,43.9944275862069
0.136369895583862,0.0935905167500688,-0.00716422276584838,-0.208063507261306,0.189854302299314,36.4555724137931,43.9944275862069
0.254508890063325,0.0935905167500688,-0.0215220035424379,-0.225932446234292,0.177897754179796,39.882924137931,43.9944275862069
0.372647884542788,0.0935905167500688,-0.0358291838671767,-0.24376074885822,0.168651442255751,43.310275862069,43.9944275862069
0.490786879022251,0.0935905167500688,-0.050078107927668,-0.264022545495393,0.159017668305636,46.7376275862069,43.9944275862069
0.608925873501715,0.0935905167500688,-0.0642615449862629,-0.285588215795226,0.151893299361704,50.1649793103448,43.9944275862069
0.727064867981178,0.0935905167500688,-0.078373184445971,-0.307757684389271,0.144359926914864,53.5923310344828,43.9944275862069
0.845203862460641,0.0935905167500688,-0.0924084469470912,-0.33061385697929,0.137878518600264,57.0196827586207,43.9944275862069
0.963342856940104,0.0935905167500688,-0.106364715868899,-0.354147522125261,0.133677381992487,60.4470344827586,43.9944275862069
1.08148185141957,0.0935905167500688,-0.120239706925894,-0.37836863938563,0.129381978521737,63.8743862068965,43.9944275862069
1.19962084589903,0.0935905167500688,-0.134031136417191,-0.402458223074199,0.126231674970702,67.3017379310345,43.9944275862069
1.31775984037849,0.0935905167500688,-0.147737821845284,-0.427702925994975,0.123566869816028,70.7290896551724,43.9944275862069
1.43589883485796,0.0935905167500688,-0.161362421407213,-0.452445206032697,0.122984635022118,74.1564413793103,43.9944275862069
1.55403782933742,0.0935905167500688,-0.17491144929161,-0.47860120845885,0.121429358524336,77.5837931034483,43.9944275862069
1.67217682381688,0.0935905167500688,-0.188396499290201,-0.504658123382035,0.121079253524686,81.0111448275862,43.9944275862069
1.79031581829635,0.0935905167500688,-0.20183478037729,-0.53196762918114,0.120394718911491,84.4384965517241,43.9944275862069
1.90845481277581,0.0935905167500688,-0.215243860961004,-0.559163324877187,0.121349919666069,87.8658482758621,43.9944275862069
2.02659380725527,0.0935905167500688,-0.228639888840261,-0.587945642670067,0.120620157859809,91.2932,43.9944275862069
-1.39943703264916,0.221461912884044,0.180876961645804,-0.0773570186172765,0.43492860703973,-8.1,45.4422068965517
-1.2812980381697,0.221461912884044,0.166424293046502,-0.082266782833426,0.410545555486223,-4.67264827586207,45.4422068965517
-1.16315904369023,0.221461912884044,0.151974116278798,-0.0862439798264092,0.386929446639021,-1.24529655172414,45.4422068965517
-1.04502004921077,0.221461912884044,0.137528949629699,-0.0917831233358009,0.364250459094364,2.18205517241379,45.4422068965517
-0.926881054731307,0.221461912884044,0.123091244556875,-0.0985286395055027,0.341950484120778,5.60940689655172,45.4422068965517
-0.808742060251843,0.221461912884044,0.108662753724558,-0.106937874480673,0.321438767996858,9.03675862068965,45.4422068965517
-0.69060306577238,0.221461912884044,0.0942445777878709,-0.114732317335521,0.301026162051697,12.4641103448276,45.4422068965517
-0.572464071292917,0.221461912884044,0.0798368672350309,-0.125571152129172,0.281787601827103,15.8914620689655,45.4422068965517
-0.454325076813454,0.221461912884044,0.0654386627769965,-0.137283679651959,0.263795826367443,19.3188137931034,45.4422068965517
-0.336186082333991,0.221461912884044,0.0510489594046215,-0.14914466228417,0.246645009587535,22.7461655172414,45.4422068965517
-0.218047087854528,0.221461912884044,0.0366678111783743,-0.161473376777361,0.230824037003374,26.1735172413793,45.4422068965517
-0.0999080933750645,0.221461912884044,0.0222989111988838,-0.176901232022586,0.216590794810235,29.6008689655172,45.4422068965517
0.0182309011043986,0.221461912884044,0.00794908024536611,-0.192766928229621,0.204238688805386,33.0282206896552,45.4422068965517
0.136369895583862,0.221461912884044,-0.00637377614133028,-0.209926098566912,0.192507682004522,36.4555724137931,45.4422068965517
0.254508890063325,0.221461912884044,-0.0206614552758067,-0.227140664090614,0.182426668996357,39.882924137931,45.4422068965517
0.372647884542788,0.221461912884044,-0.0349057542462399,-0.246495454287304,0.173182801528481,43.310275862069,45.4422068965517
0.490786879022251,0.221461912884044,-0.0490984823313447,-0.266737786196443,0.166583689723466,46.7376275862069,45.4422068965517
0.608925873501715,0.221461912884044,-0.0632318856789478,-0.290720093871222,0.159453710341944,50.1649793103448,45.4422068965517
0.727064867981178,0.221461912884044,-0.0772991514063353,-0.31381559428554,0.152852559463809,53.5923310344828,45.4422068965517
0.845203862460641,0.221461912884044,-0.0912952201384778,-0.337334028069059,0.147399966395692,57.0196827586207,45.4422068965517
0.963342856940104,0.221461912884044,-0.105217013458156,-0.361974625078857,0.143220011269935,60.4470344827586,45.4422068965517
1.08148185141957,0.221461912884044,-0.119061788127895,-0.387409112191668,0.140298982786333,63.8743862068965,45.4422068965517
1.19962084589903,0.221461912884044,-0.132826801492612,-0.412701707121591,0.139068598774141,67.3017379310345,45.4422068965517
1.31775984037849,0.221461912884044,-0.146510407918401,-0.438849897403784,0.137553282191113,70.7290896551724,45.4422068965517
1.43589883485796,0.221461912884044,-0.160114787426009,-0.466054154912166,0.136562702659634,74.1564413793103,45.4422068965517
1.55403782933742,0.221461912884044,-0.173645958379524,-0.493127469853313,0.137459993991371,77.5837931034483,45.4422068965517
1.67217682381688,0.221461912884044,-0.187115003487388,-0.521529747060421,0.138640270217204,81.0111448275862,45.4422068965517
1.79031581829635,0.221461912884044,-0.200538609160282,-0.549493941431811,0.140154276307549,84.4384965517241,45.4422068965517
1.90845481277581,0.221461912884044,-0.21393382909427,-0.5781241968626,0.14057272650435,87.8658482758621,45.4422068965517
2.02659380725527,0.221461912884044,-0.227316356197982,-0.606779665318285,0.14132425432974,91.2932,45.4422068965517
-1.39943703264916,0.349333309018021,0.180213114572896,-0.0824030975856078,0.43806963564695,-8.1,46.8899862068966
-1.2812980381697,0.349333309018021,0.165903204369504,-0.0843564985597955,0.412438658156548,-4.67264827586207,46.8899862068966
-1.16315904369023,0.349333309018021,0.151595225540696,-0.0893068826570291,0.386376086187342,-1.24529655172414,46.8899862068966
-1.04502004921077,0.349333309018021,0.137291062947926,-0.0926831988595016,0.3641597788514,2.18205517241379,46.8899862068966
-0.926881054731307,0.349333309018021,0.122992117254893,-0.0989014421724721,0.341850147685895,5.60940689655172,46.8899862068966
-0.808742060251843,0.349333309018021,0.108698762532075,-0.107648661041365,0.320811308195822,9.03675862068965,46.8899862068966
-0.69060306577238,0.349333309018021,0.0944106453632589,-0.11700536997365,0.299857499400177,12.4641103448276,46.8899862068966
-0.572464071292917,0.349333309018021,0.0801265271070406,-0.125044880519108,0.280715573773776,15.8914620689655,46.8899862068966
-0.454325076813454,0.349333309018021,0.0658442918707609,-0.135937865212364,0.262918982581463,19.3188137931034,46.8899862068966
-0.336186082333991,0.349333309018021,0.0515621519295455,-0.148571704679854,0.246815369906444,22.7461655172414,46.8899862068966
-0.218047087854528,0.349333309018021,0.0372797170628072,-0.161900644873914,0.232543060247931,26.1735172413793,46.8899862068966
-0.0999080933750645,0.349333309018021,0.023000745149552,-0.1774625491403,0.219074287426914,29.6008689655172,46.8899862068966
0.0182309011043986,0.349333309018021,0.00873250431310169,-0.195968262163521,0.206586611664411,33.0282206896552,46.8899862068966
0.136369895583862,0.349333309018021,-0.00551655516604055,-0.213238184132407,0.196292414555442,36.4555724137931,46.8899862068966
0.254508890063325,0.349333309018021,-0.0197376610035755,-0.230593941461273,0.187982063935638,39.882924137931,46.8899862068966
0.372647884542788,0.349333309018021,-0.0339220406698362,-0.250896588617938,0.17883093588284,43.310275862069,46.8899862068966
0.490786879022251,0.349333309018021,-0.0480609338059426,-0.272466471020905,0.172306291093974,46.7376275862069,46.8899862068966
0.608925873501715,0.349333309018021,-0.0621460173988135,-0.29716272516389,0.167059949981415,50.1649793103448,46.8899862068966
0.727064867981178,0.349333309018021,-0.0761699156561031,-0.320442277587573,0.162405434339077,53.5923310344828,46.8899862068966
0.845203862460641,0.349333309018021,-0.0901270305944792,-0.345364565214362,0.157428811499747,57.0196827586207,46.8899862068966
0.963342856940104,0.349333309018021,-0.104013772224704,-0.37124721992508,0.155735812363327,60.4470344827586,46.8899862068966
1.08148185141957,0.349333309018021,-0.11782689027301,-0.396749429371941,0.155502753155788,63.8743862068965,46.8899862068966
1.19962084589903,0.349333309018021,-0.131563135052523,-0.425607576017311,0.154060396550849,67.3017379310345,46.8899862068966
1.31775984037849,0.349333309018021,-0.14522036237349,-0.454328078830685,0.15399902890536,70.7290896551724,46.8899862068966
1.43589883485796,0.349333309018021,-0.15880028322717,-0.48156063258034,0.15437149622094,74.1564413793103,46.8899862068966
1.55403782933742,0.349333309018021,-0.172308476715035,-0.509699069218177,0.156323714166383,77.5837931034483,46.8899862068966
1.67217682381688,0.349333309018021,-0.185755638585467,-0.538365946750654,0.159039539396142,81.0111448275862,46.8899862068966
1.79031581829635,0.349333309018021,-0.199158133633687,-0.569627917816531,0.159298698155475,84.4384965517241,46.8899862068966
1.90845481277581,0.349333309018021,-0.212532707585344,-0.598749017956643,0.160014385134621,87.8658482758621,46.8899862068966
2.02659380725527,0.349333309018021,-0.225894791338551,-0.629024658609662,0.161145455313373,91.2932,46.8899862068966
-1.39943703264916,0.477204705151997,0.179755127136471,-0.0894032386487709,0.442568247722365,-8.1,48.3377655172414
-1.2812980381697,0.477204705151997,0.165575924386688,-0.0907663230790297,0.416344187222001,-4.67264827586207,48.3377655172414
-1.16315904369023,0.477204705151997,0.151398180819425,-0.0926329517773743,0.390486874807855,-1.24529655172414,48.3377655172414
-1.04502004921077,0.477204705151997,0.137223241823573,-0.096575974778587,0.366850453743798,2.18205517241379,48.3377655172414
-0.926881054731307,0.477204705151997,0.123051579128554,-0.102252406320719,0.344772233014531,5.60940689655172,48.3377655172414
-0.808742060251843,0.477204705151997,0.108882318055863,-0.109716658957784,0.323060765658871,9.03675862068965,48.3377655172414
-0.69060306577238,0.477204705151997,0.0947137715125479,-0.118283800650876,0.302509963726481,12.4641103448276,48.3377655172414
-0.572464071292917,0.477204705151997,0.0805434026226706,-0.128000644714138,0.28379373944665,15.8914620689655,48.3377655172414
-0.454325076813454,0.477204705151997,0.0663679777668083,-0.138813855211907,0.265902586606375,19.3188137931034,48.3377655172414
-0.336186082333991,0.477204705151997,0.0521849206045457,-0.149278480615535,0.249877604389495,22.7461655172414,48.3377655172414
-0.218047087854528,0.477204705151997,0.0379933745354859,-0.163898921843875,0.23482890086981,26.1735172413793,48.3377655172414
-0.0999080933750645,0.477204705151997,0.0237971625431774,-0.179724618606943,0.223268562675321,29.6008689655172,48.3377655172414
0.0182309011043986,0.477204705151997,0.00960402701703122,-0.196994151893011,0.211331690384465,33.0282206896552,48.3377655172414
0.136369895583862,0.477204705151997,-0.00457699498749631,-0.21508825655522,0.201646057398649,36.4555724137931,48.3377655172414
0.254508890063325,0.477204705151997,-0.0187365150916037,-0.235445876844276,0.193238128211256,39.882924137931,48.3377655172414
0.372647884542788,0.477204705151997,-0.0328651446487798,-0.256422354473584,0.185578665658915,43.310275862069,48.3377655172414
0.490786879022251,0.477204705151997,-0.0469535068868356,-0.278981406633015,0.179455218773075,46.7376275862069,48.3377655172414
0.608925873501715,0.477204705151997,-0.0609926543980563,-0.303296071400423,0.175405885015874,50.1649793103448,48.3377655172414
0.727064867981178,0.477204705151997,-0.074974583587093,-0.329137810799211,0.173044789221,53.5923310344828,48.3377655172414
0.845203862460641,0.477204705151997,-0.0888931005353071,-0.353136060582836,0.169506290918261,57.0196827586207,48.3377655172414
0.963342856940104,0.477204705151997,-0.102744060692282,-0.379942739487606,0.168887509793058,60.4470344827586,48.3377655172414
1.08148185141957,0.477204705151997,-0.116523666362289,-0.408531358259347,0.16903570118173,63.8743862068965,48.3377655172414
1.19962084589903,0.477204705151997,-0.130228120448948,-0.438945489580123,0.169122824893151,67.3017379310345,48.3377655172414
1.31775984037849,0.477204705151997,-0.143854754814228,-0.46859269820451,0.171696186169816,70.7290896551724,48.3377655172414
1.43589883485796,0.477204705151997,-0.15740483866172,-0.497029400314215,0.173687052270266,74.1564413793103,48.3377655172414
1.55403782933742,0.477204705151997,-0.170883594270859,-0.526722478297408,0.1743177988528,77.5837931034483,48.3377655172414
1.67217682381688,0.477204705151997,-0.184301489819653,-0.557018396500052,0.176961227773781,81.0111448275862,48.3377655172414
1.79031581829635,0.477204705151997,-0.197674814675389,-0.588140167999772,0.179553487746259,84.4384965517241,48.3377655172414
1.90845481277581,0.477204705151997,-0.211020258917197,-0.619487080121794,0.181791383550587,87.8658482758621,48.3377655172414
2.02659380725527,0.477204705151997,-0.224353225444689,-0.650866005447996,0.185124141955322,91.2932,48.3377655172414
-1.39943703264916,0.605076101285972,0.179546083899205,-0.099509247745728,0.452320567425737,-8.1,49.7855448275862
-1.2812980381697,0.605076101285972,0.16548274138193,-0.100727972316921,0.42533655642881,-4.67264827586207,49.7855448275862
-1.16315904369023,0.605076101285972,0.151420483965903,-0.101161552806482,0.399326416894908,-1.24529655172414,49.7855448275862
-1.04502004921077,0.605076101285972,0.137360222377285,-0.105249005094867,0.374536256225441,2.18205517241379,49.7855448275862
-0.926881054731307,0.605076101285972,0.123301637778001,-0.108417810189621,0.350296966994459,5.60940689655172,49.7855448275862
-0.808742060251843,0.605076101285972,0.109242757175744,-0.114975200988987,0.328098483580066,9.03675862068965,49.7855448275862
-0.69060306577238,0.605076101285972,0.0951807015785266,-0.122148196328973,0.307011647014273,12.4641103448276,49.7855448275862
-0.572464071292917,0.605076101285972,0.0811117475200689,-0.130896584814593,0.289555913350952,15.8914620689655,49.7855448275862
-0.454325076813454,0.605076101285972,0.0670316015403767,-0.140989926167949,0.271637091653039,19.3188137931034,49.7855448275862
-0.336186082333991,0.605076101285972,0.0529369097089771,-0.152696027015814,0.254412445525172,22.7461655172414,49.7855448275862
-0.218047087854528,0.605076101285972,0.0388263424835014,-0.16643741444191,0.240822263497706,26.1735172413793,49.7855448275862
-0.0999080933750645,0.605076101285972,0.0247038023822772,-0.181946120899961,0.228209127977545,29.6008689655172,49.7855448275862
0.0182309011043986,0.605076101285972,0.0105775460048076,-0.198758072645092,0.21717596152621,33.0282206896552,49.7855448275862
0.136369895583862,0.605076101285972,-0.00354274824671674,-0.219345901437813,0.207309891472074,36.4555724137931,49.7855448275862
0.254508890063325,0.605076101285972,-0.017647017008481,-0.241050695488717,0.200140560963191,39.882924137931,49.7855448275862
0.372647884542788,0.605076101285972,-0.0317251966233287,-0.26240072627422,0.194833398688531,43.310275862069,49.7855448275862
0.490786879022251,0.605076101285972,-0.0457672348360156,-0.286414669138936,0.189406884245455,46.7376275862069,49.7855448275862
0.608925873501715,0.605076101285972,-0.059763495644092,-0.310578129534089,0.184335483301786,50.1649793103448,49.7855448275862
0.727064867981178,0.605076101285972,-0.0737052793376394,-0.336817538380186,0.183501488626052,53.5923310344828,49.7855448275862
0.845203862460641,0.605076101285972,-0.0875857408954359,-0.363700673981362,0.182543782359485,57.0196827586207,49.7855448275862
0.963342856940104,0.605076101285972,-0.101400145684413,-0.392221883403212,0.183452631350499,60.4470344827586,49.7855448275862
1.08148185141957,0.605076101285972,-0.115144116537226,-0.421966818510245,0.182875436226032,63.8743862068965,49.7855448275862
1.19962084589903,0.605076101285972,-0.128813276907294,-0.452199079595773,0.185891832989722,67.3017379310345,49.7855448275862
1.31775984037849,0.605076101285972,-0.142404419538139,-0.481272214365153,0.188692868559196,70.7290896551724,49.7855448275862
1.43589883485796,0.605076101285972,-0.155918415819856,-0.513839200126075,0.193047219939889,74.1564413793103,49.7855448275862
1.55403782933742,0.605076101285972,-0.169360236496253,-0.544559181888413,0.1950420065504,77.5837931034483,49.7855448275862
1.67217682381688,0.605076101285972,-0.18274031142577,-0.575935164286708,0.197321685998542,81.0111448275862,49.7855448275862
1.79031581829635,0.605076101285972,-0.196075137879108,-0.607247304993964,0.200626288790346,84.4384965517241,49.7855448275862
1.90845481277581,0.605076101285972,-0.209381639914588,-0.63924913388359,0.206955486286231,87.8658482758621,49.7855448275862
2.02659380725527,0.605076101285972,-0.222675459902449,-0.671885067372324,0.212414059085115,91.2932,49.7855448275862
-1.39943703264916,0.732947497419949,0.179609398572237,-0.113736478057648,0.466611931633141,-8.1,51.233324137931
-1.2812980381697,0.732947497419949,0.165645504915699,-0.114827514828368,0.438549753685685,-4.67264827586207,51.233324137931
-1.16315904369023,0.732947497419949,0.151682423002247,-0.114233169448611,0.409956532738545,-1.24529655172414,51.233324137931
-1.04502004921077,0.732947497419949,0.137720736731403,-0.113649992452348,0.384387219216925,2.18205517241379,51.233324137931
-0.926881054731307,0.732947497419949,0.123759480586169,-0.117723574114371,0.35907061897785,5.60940689655172,51.233324137931
-0.808742060251843,0.732947497419949,0.109795741599475,-0.120981350768001,0.335872779673451,9.03675862068965,51.233324137931
-0.69060306577238,0.732947497419949,0.0958255995677162,-0.127067258170457,0.314748730818235,12.4641103448276,51.233324137931
-0.572464071292917,0.732947497419949,0.0818442660940215,-0.135387726139261,0.294931132436483,15.8914620689655,51.233324137931
-0.454325076813454,0.732947497419949,0.0678464574260649,-0.144096656507824,0.278224362140271,19.3188137931034,51.233324137931
-0.336186082333991,0.732947497419949,0.0538280659735275,-0.156526720618755,0.262204951084441,22.7461655172414,51.233324137931
-0.218047087854528,0.732947497419949,0.0397872958822587,-0.169054887153958,0.249037748257109,26.1735172413793,51.233324137931
-0.0999080933750645,0.732947497419949,0.0257281554017548,-0.186161726230406,0.235084180886078,29.6008689655172,51.233324137931
0.0182309011043986,0.732947497419949,0.0116594654753064,-0.203118984200282,0.223409076252669,33.0282206896552,51.233324137931
0.136369895583862,0.732947497419949,-0.00240839039000695,-0.22326963705417,0.215067380245785,36.4555724137931,51.233324137931
0.254508890063325,0.732947497419949,-0.0164646060700997,-0.245111224508493,0.208315322962952,39.882924137931,51.233324137931
0.372647884542788,0.732947497419949,-0.0304983751188508,-0.26932253897711,0.203435952291997,43.310275862069,51.233324137931
0.490786879022251,0.732947497419949,-0.0444989019412243,-0.29488016380928,0.198833315148047,46.7376275862069,51.233324137931
0.608925873501715,0.732947497419949,-0.0584557921406312,-0.319050199577668,0.194049233812336,50.1649793103448,51.233324137931
0.727064867981178,0.732947497419949,-0.0723595810782569,-0.346940225147627,0.194787861165403,53.5923310344828,51.233324137931
0.845203862460641,0.732947497419949,-0.0862027212294565,-0.375084920724094,0.195393858834649,57.0196827586207,51.233324137931
0.963342856940104,0.732947497419949,-0.099979859826683,-0.404290673817325,0.196082558256774,60.4470344827586,51.233324137931
1.08148185141957,0.732947497419949,-0.113686016243731,-0.433637585573364,0.199433598274752,63.8743862068965,51.233324137931
1.19962084589903,0.732947497419949,-0.127316210505951,-0.463777762027157,0.202549361038292,67.3017379310345,51.233324137931
1.31775984037849,0.732947497419949,-0.140866689936575,-0.496394102100539,0.207109282670285,70.7290896551724,51.233324137931
1.43589883485796,0.732947497419949,-0.154337983691009,-0.529648936047936,0.210607291571695,74.1564413793103,51.233324137931
1.55403782933742,0.732947497419949,-0.16773493014554,-0.562531484728922,0.215265170004251,77.5837931034483,51.233324137931
1.67217682381688,0.732947497419949,-0.181068125918436,-0.595441667206279,0.219294841760956,81.0111448275862,51.233324137931
1.79031581829635,0.732947497419949,-0.194354577029625,-0.627934035853972,0.226252906208326,84.4384965517241,51.233324137931
1.90845481277581,0.732947497419949,-0.20761174849691,-0.660280053337047,0.232138386495906,87.8658482758621,51.233324137931
2.02659380725527,0.732947497419949,-0.220855804826531,-0.695228756613395,0.237788784725251,91.2932,51.233324137931
-1.39943703264916,0.860818893553925,0.179947752616286,-0.130306488571081,0.480802463886725,-8.1,52.6811034482759
-1.2812980381697,0.860818893553925,0.166066630081462,-0.1279136348431,0.451862543978235,-4.67264827586207,52.6811034482759
-1.16315904369023,0.860818893553925,0.15218614240812,-0.126839384072639,0.422358387039278,-1.24529655172414,52.6811034482759
-1.04502004921077,0.860818893553925,0.138306650105739,-0.126968011016921,0.395243804617109,2.18205517241379,52.6811034482759
-0.926881054731307,0.860818893553925,0.124426679959622,-0.127429796864759,0.370918872952448,5.60940689655172,52.6811034482759
-0.808742060251843,0.860818893553925,0.110542533191436,-0.129509734776869,0.345835446080856,9.03675862068965,52.6811034482759
-0.69060306577238,0.860818893553925,0.0966493960628882,-0.134025208575686,0.324149511669716,12.4641103448276,52.6811034482759
-0.572464071292917,0.860818893553925,0.0827415365264292,-0.141973530196319,0.304435705307456,15.8914620689655,52.6811034482759
-0.454325076813454,0.860818893553925,0.068812754294544,-0.151968971423307,0.287031184416181,19.3188137931034,52.6811034482759
-0.336186082333991,0.860818893553925,0.0548582203220789,-0.161978258966486,0.271653046460164,22.7461655172414,52.6811034482759
-0.218047087854528,0.860818893553925,0.0408756889840745,-0.175327103459376,0.257068171399604,26.1735172413793,52.6811034482759
-0.0999080933750645,0.860818893553925,0.0268693087243892,-0.19260266900125,0.24344532256423,29.6008689655172,52.6811034482759
0.0182309011043986,0.860818893553925,0.012848521058475,-0.210512027859841,0.232384004228695,33.0282206896552,52.6811034482759
0.136369895583862,0.860818893553925,-0.00117551702221452,-0.229236611513787,0.224226651289993,36.4555724137931,52.6811034482759
0.254508890063325,0.860818893553925,-0.0151911846807122,-0.250795277218248,0.216943916557997,39.882924137931,52.6811034482759
0.372647884542788,0.860818893553925,-0.0291868607266002,-0.276455705891117,0.211749300498308,43.310275862069,52.6811034482759
0.490786879022251,0.860818893553925,-0.0431509342758347,-0.302977781113149,0.208247478198047,46.7376275862069,52.6811034482759
0.608925873501715,0.860818893553925,-0.0570721813752895,-0.329034913341193,0.206341290223728,50.1649793103448,52.6811034482759
0.727064867981178,0.860818893553925,-0.0709403064194101,-0.357779568786662,0.206955909444148,53.5923310344828,52.6811034482759
0.845203862460641,0.860818893553925,-0.0847470133091386,-0.386141096286568,0.209115729712249,57.0196827586207,52.6811034482759
0.963342856940104,0.860818893553925,-0.0984863101766198,-0.416091920049948,0.211401130687264,60.4470344827586,52.6811034482759
1.08148185141957,0.860818893553925,-0.112152596298405,-0.447137238598599,0.215404623267085,63.8743862068965,52.6811034482759
1.19962084589903,0.860818893553925,-0.125740271642609,-0.479591421990349,0.218859514162447,67.3017379310345,52.6811034482759
1.31775984037849,0.860818893553925,-0.139245038831964,-0.512934701390043,0.223232329788012,70.7290896551724,52.6811034482759
1.43589883485796,0.860818893553925,-0.152667146173977,-0.546602561198089,0.228975293000176,74.1564413793103,52.6811034482759
1.55403782933742,0.860818893553925,-0.166011422966135,-0.580877709212159,0.235350646408303,77.5837931034483,52.6811034482759
1.67217682381688,0.860818893553925,-0.179288838593955,-0.614971262438707,0.241682744324943,81.0111448275862,52.6811034482759
1.79031581829635,0.860818893553925,-0.192517205652421,-0.648516802047898,0.249736461804945,84.4384965517241,52.6811034482759
1.90845481277581,0.860818893553925,-0.20571483361791,-0.683041936782444,0.258981865508639,87.8658482758621,52.6811034482759
2.02659380725527,0.860818893553925,-0.218898687975522,-0.718203694146582,0.267398929883708,91.2932,52.6811034482759
-1.39943703264916,0.988690289687901,0.180546277102093,-0.147105338441965,0.496843798792094,-8.1,54.1288827586207
-1.2812980381697,0.988690289687901,0.166732079566892,-0.142005380071234,0.468399058527159,-4.67264827586207,54.1288827586207
-1.16315904369023,0.988690289687901,0.152918427298676,-0.139368732822281,0.43834506493155,-1.24529655172414,54.1288827586207
-1.04502004921077,0.988690289687901,0.139105551101036,-0.138809893904309,0.408768519112891,2.18205517241379,54.1288827586207
-0.926881054731307,0.988690289687901,0.125291596599122,-0.138566265246368,0.383473705379362,5.60940689655172,54.1288827586207
-0.808742060251843,0.988690289687901,0.111472220414838,-0.140461429753792,0.357533494118946,9.03675862068965,54.1288827586207
-0.69060306577238,0.988690289687901,0.0976418512237214,-0.144629308946748,0.335649315721981,12.4641103448276,54.1288827586207
-0.572464071292917,0.988690289687901,0.0837939264496625,-0.151860248904198,0.315756613513955,15.8914620689655,54.1288827586207
-0.454325076813454,0.988690289687901,0.06992140123914,-0.160294801839697,0.297659743605869,19.3188137931034,54.1288827586207
-0.336186082333991,0.988690289687901,0.0560187611946914,-0.169469599677128,0.281571932377338,22.7461655172414,54.1288827586207
-0.218047087854528,0.988690289687901,0.0420833336672033,-0.182234000194027,0.266456684262741,26.1735172413793,54.1288827586207
-0.0999080933750645,0.988690289687901,0.0281194458916345,-0.198170005563768,0.252098878691728,29.6008689655172,54.1288827586207
0.0182309011043986,0.988690289687901,0.0141372175651873,-0.217333646939723,0.241433728838265,33.0282206896552,54.1288827586207
0.136369895583862,0.988690289687901,0.00014864714165852,-0.236541325496918,0.234088476149526,36.4555724137931,54.1288827586207
0.254508890063325,0.988690289687901,-0.0138337588119255,-0.259219450423713,0.226581356335048,39.882924137931,54.1288827586207
0.372647884542788,0.988690289687901,-0.0277974933413547,-0.285235367868228,0.22271966973532,43.310275862069,54.1288827586207
0.490786879022251,0.988690289687901,-0.0417300593228884,-0.311324132959552,0.219110910743131,46.7376275862069,54.1288827586207
0.608925873501715,0.988690289687901,-0.0556193350722061,-0.338321706985795,0.219755146794361,50.1649793103448,54.1288827586207
0.727064867981178,0.988690289687901,-0.0694541337509684,-0.368250739126773,0.220252917209513,53.5923310344828,54.1288827586207
0.845203862460641,0.988690289687901,-0.0832253711073878,-0.396900185614588,0.223536091865203,57.0196827586207,54.1288827586207
0.963342856940104,0.988690289687901,-0.0969264015201179,-0.428648967736672,0.228416543449643,60.4470344827586,54.1288827586207
1.08148185141957,0.988690289687901,-0.110550993781918,-0.461459467266996,0.232362850099583,63.8743862068965,54.1288827586207
1.19962084589903,0.988690289687901,-0.124092917425651,-0.495178418661903,0.237864669440113,67.3017379310345,54.1288827586207
1.31775984037849,0.988690289687901,-0.13754733606631,-0.528333252368217,0.244562248259448,70.7290896551724,54.1288827586207
1.43589883485796,0.988690289687901,-0.150914279001237,-0.565189675268094,0.250927881280919,74.1564413793103,54.1288827586207
1.55403782933742,0.988690289687901,-0.164198685239682,-0.600128029159498,0.259409898512235,77.5837931034483,54.1288827586207
1.67217682381688,0.988690289687901,-0.177412091136228,-0.635513111379264,0.267440864217348,81.0111448275862,54.1288827586207
1.79031581829635,0.988690289687901,-0.190573393471544,-0.671786685973776,0.277857893482132,84.4384965517241,54.1288827586207
1.90845481277581,0.988690289687901,-0.203702028787071,-0.70697738086075,0.288155827713326,87.8658482758621,54.1288827586207
2.02659380725527,0.988690289687901,-0.216816022738077,-0.742592522213643,0.298144001092899,91.2932,54.1288827586207
-1.39943703264916,1.11656168582188,0.181365390490554,-0.16641584341953,0.51868513855304,-8.1,55.5766620689655
-1.2812980381697,1.11656168582188,0.167604649934403,-0.159820254460298,0.486534795915584,-4.67264827586207,55.5766620689655
-1.16315904369023,1.11656168582188,0.153844436768533,-0.157732484959659,0.454143428025926,-1.24529655172414,55.5766620689655
-1.04502004921077,1.11656168582188,0.140084929110503,-0.154225331016889,0.4242092281657,2.18205517241379,55.5766620689655
-0.926881054731307,1.11656168582188,0.126323995764107,-0.152263497571961,0.397525042053009,5.60940689655172,55.5766620689655
-0.808742060251843,1.11656168582188,0.112556765603154,-0.153778923529649,0.372319802369802,9.03675862068965,55.5766620689655
-0.69060306577238,1.11656168582188,0.0987770225545204,-0.156281825069908,0.348640389332767,12.4641103448276,55.5766620689655
-0.572464071292917,1.11656168582188,0.0849774681769706,-0.161802220293629,0.326791971718225,15.8914620689655,55.5766620689655
-0.454325076813454,1.11656168582188,0.071150274956187,-0.170337288144278,0.306917347208814,19.3188137931034,55.5766620689655
-0.336186082333991,1.11656168582188,0.0572892766304471,-0.17862678004768,0.293179075905935,22.7461655172414,55.5766620689655
-0.218047087854528,1.11656168582188,0.0433913966059933,-0.190741515664508,0.277075443207387,26.1735172413793,55.5766620689655
-0.0999080933750645,1.11656168582188,0.0294611770251887,-0.20616206798648,0.263278597779992,29.6008689655172,55.5766620689655
0.0182309011043986,1.11656168582188,0.015509467297925,-0.224536764331003,0.251364348501528,33.0282206896552,55.5766620689655
0.136369895583862,1.11656168582188,0.00154916708901309,-0.244760205746279,0.243222780073882,36.4555724137931,55.5766620689655
0.254508890063325,1.11656168582188,-0.0124062691542812,-0.268765806123331,0.237528429306706,39.882924137931,55.5766620689655
0.372647884542788,1.11656168582188,-0.0263433865619462,-0.293670075901335,0.233150515106799,43.310275862069,55.5766620689655
0.490786879022251,1.11656168582188,-0.0402487397118116,-0.32125757781786,0.232810551612707,46.7376275862069,55.5766620689655
0.608925873501715,1.11656168582188,-0.0541092506109806,-0.348434733470384,0.232609483102157,50.1649793103448,55.5766620689655
0.727064867981178,1.11656168582188,-0.0679127910222614,-0.379072209571178,0.234596892057011,53.5923310344828,55.5766620689655
0.845203862460641,1.11656168582188,-0.0816494569473865,-0.409251410015831,0.238799117507632,57.0196827586207,55.5766620689655
0.963342856940104,1.11656168582188,-0.0953119392447339,-0.442239190842884,0.243503740583359,60.4470344827586,55.5766620689655
1.08148185141957,1.11656168582188,-0.108893370177059,-0.476086113836963,0.249058661071559,63.8743862068965,55.5766620689655
1.19962084589903,1.11656168582188,-0.122386882802901,-0.51092200931908,0.255553516771609,67.3017379310345,55.5766620689655
1.31775984037849,1.11656168582188,-0.135787109152286,-0.54905033860399,0.263153688442327,70.7290896551724,55.5766620689655
1.43589883485796,1.11656168582188,-0.149093913935957,-0.584494765850252,0.271353837540181,74.1564413793103,55.5766620689655
1.55403782933742,1.11656168582188,-0.162312447786062,-0.620057300627024,0.282633299548216,77.5837931034483,55.5766620689655
1.67217682381688,1.11656168582188,-0.175454978425752,-0.655505462443741,0.294756124775865,81.0111448275862,55.5766620689655
1.79031581829635,1.11656168582188,-0.18854172016788,-0.69391489525033,0.304645668147262,84.4384965517241,55.5766620689655
1.90845481277581,1.11656168582188,-0.201593474007804,-0.732076731957148,0.318226724220071,87.8658482758621,55.5766620689655
2.02659380725527,1.11656168582188,-0.214629543242252,-0.771186348195626,0.328011840931368,91.2932,55.5766620689655
-1.39943703264916,1.24443308195585,0.182351706232372,-0.185933335374649,0.541402169694567,-8.1,57.0244413793104
-1.2812980381697,1.24443308195585,0.168634199365003,-0.179158272707601,0.507430663998826,-4.67264827586207,57.0244413793104
-1.16315904369023,1.24443308195585,0.15491725513312,-0.174628914007447,0.47515494561421,-1.24529655172414,57.0244413793104
-1.04502004921077,1.24443308195585,0.141201056037788,-0.170974077350069,0.443467258837313,2.18205517241379,57.0244413793104
-0.926881054731307,1.24443308195585,0.127483271512889,-0.167938299548789,0.414541406131153,5.60940689655172,57.0244413793104
-0.808742060251843,1.24443308195585,0.113758589617514,-0.166975655959779,0.387307711303902,9.03675862068965,57.0244413793104
-0.69060306577238,1.24443308195585,0.100020233642241,-0.168816039452441,0.362819028535801,12.4641103448276,57.0244413793104
-0.572464071292917,1.24443308195585,0.0862602402346055,-0.173272186748079,0.340373865313663,15.8914620689655,57.0244413793104
-0.454325076813454,1.24443308195585,0.0724700464764789,-0.179317585153306,0.320164021481169,19.3188137931034,57.0244413793104
-0.336186082333991,1.24443308195585,0.0586428610416694,-0.188684669385672,0.305318392140418,22.7461655172414,57.0244413793104
-0.218047087854528,1.24443308195585,0.0447752228252158,-0.198606275691735,0.288884515366401,26.1735172413793,57.0244413793104
-0.0999080933750645,1.24443308195585,0.0308719180632235,-0.214775033526641,0.274577468372519,29.6008689655172,57.0244413793104
0.0182309011043986,1.24443308195585,0.0169445664435552,-0.231935665005365,0.262928891257087,33.0282206896552,57.0244413793104
0.136369895583862,1.24443308195585,0.00300701535469461,-0.251954929557541,0.254972280308912,36.4555724137931,57.0244413793104
0.254508890063325,1.24443308195585,-0.0109262846297833,-0.27734235982092,0.248820603953554,39.882924137931,57.0244413793104
0.372647884542788,1.24443308195585,-0.024840882476675,-0.302976706311127,0.244686849223904,43.310275862069,57.0244413793104
0.490786879022251,1.24443308195585,-0.0387223363070783,-0.331894422144324,0.244452700291758,46.7376275862069,57.0244413793104
0.608925873501715,1.24443308195585,-0.0525565668938099,-0.361809865758889,0.245066265141693,50.1649793103448,57.0244413793104
0.727064867981178,1.24443308195585,-0.0663304669517473,-0.390534329251375,0.247639481202109,53.5923310344828,57.0244413793104
0.845203862460641,1.24443308195585,-0.0800332897208453,-0.422443706110176,0.253892608140099,57.0196827586207,57.0244413793104
0.963342856940104,1.24443308195585,-0.0936570564496799,-0.45553932456628,0.260823763618415,60.4470344827586,57.0244413793104
1.08148185141957,1.24443308195585,-0.107194259658598,-0.490847165482855,0.267182638982268,63.8743862068965,57.0244413793104
1.19962084589903,1.24443308195585,-0.120637392724791,-0.528563629584715,0.275268791477218,67.3017379310345,57.0244413793104
1.31775984037849,1.24443308195585,-0.133980563013573,-0.565360422176226,0.2831846577403,70.7290896551724,57.0244413793104
1.43589883485796,1.24443308195585,-0.147223512912136,-0.602525070577868,0.29379058832977,74.1564413793103,57.0244413793104
1.55403782933742,1.24443308195585,-0.160371682546682,-0.638497809998352,0.306704730738385,77.5837931034483,57.0244413793104
1.67217682381688,1.24443308195585,-0.173438195530326,-0.676358766155887,0.319390691337391,81.0111448275862,57.0244413793104
1.79031581829635,1.24443308195585,-0.186444759612066,-0.71693033620439,0.333975693712951,84.4384965517241,57.0244413793104
1.90845481277581,1.24443308195585,-0.199413719112134,-0.758174817324916,0.345681124155749,87.8658482758621,57.0244413793104
2.02659380725527,1.24443308195585,-0.212365818703085,-0.799836226339035,0.361975228794922,91.2932,57.0244413793104
-1.39943703264916,1.37230447808983,0.183444968904345,-0.208577441032351,0.564226839797104,-8.1,58.4722206896552
-1.2812980381697,1.37230447808983,0.169764152279305,-0.201638035117454,0.528940193261511,-4.67264827586207,58.4722206896552
-1.16315904369023,1.37230447808983,0.156083967047039,-0.192306214549949,0.495268992966844,-1.24529655172414,58.4722206896552
-1.04502004921077,1.37230447808983,0.142404636100194,-0.188579317020533,0.463781922547578,2.18205517241379,58.4722206896552
-0.926881054731307,1.37230447808983,0.128723678410772,-0.185617265754616,0.431487666892551,5.60940689655172,58.4722206896552
-0.808742060251843,1.37230447808983,0.115035396178162,-0.182624298579775,0.404080820729882,9.03675862068965,58.4722206896552
-0.69060306577238,1.37230447808983,0.101332505282103,-0.18485492071783,0.37861275620576,12.4641103448276,58.4722206896552
-0.572464071292917,1.37230447808983,0.0876064224913911,-0.18691670872251,0.35644960255699,15.8914620689655,58.4722206896552
-0.454325076813454,1.37230447808983,0.0738478797769857,-0.191491181163049,0.335965746502125,19.3188137931034,58.4722206896552
-0.336186082333991,1.37230447808983,0.0600494783651657,-0.199739514481781,0.317343864836141,22.7461655172414,58.4722206896552
-0.218047087854528,1.37230447808983,0.0462073857532275,-0.208818267302763,0.300689104725572,26.1735172413793,58.4722206896552
-0.0999080933750645,1.37230447808983,0.0323266516106584,-0.224894068766779,0.286074414898275,29.6008689655172,58.4722206896552
0.0182309011043986,1.37230447808983,0.0184196924379354,-0.241662310708746,0.274496163804348,33.0282206896552,58.4722206896552
0.136369895583862,1.37230447808983,0.00450133359180582,-0.260967111365533,0.267558906630952,36.4555724137931,58.4722206896552
0.254508890063325,1.37230447808983,-0.00941294690393812,-0.286025040311342,0.262032917568217,39.882924137931,58.4722206896552
0.372647884542788,1.37230447808983,-0.0233076705281698,-0.313189305169609,0.25771928448968,43.310275862069,58.4722206896552
0.490786879022251,1.37230447808983,-0.0371673676842079,-0.341816688657157,0.258325153479108,46.7376275862069,58.4722206896552
0.608925873501715,1.37230447808983,-0.0509769289338668,-0.372246400850243,0.26053667272531,50.1649793103448,58.4722206896552
0.727064867981178,1.37230447808983,-0.0647222439516328,-0.403734475386593,0.261183031636826,53.5923310344828,58.4722206896552
0.845203862460641,1.37230447808983,-0.0783917087918113,-0.434671755295098,0.269881522160792,57.0196827586207,58.4722206896552
0.963342856940104,1.37230447808983,-0.0919766716413408,-0.469835722319644,0.277609737232221,60.4470344827586,58.4722206896552
1.08148185141957,1.37230447808983,-0.105468983688563,-0.505501486527551,0.2853475521672,63.8743862068965,58.4722206896552
1.19962084589903,1.37230447808983,-0.118860497043152,-0.543126073765072,0.294954753787108,67.3017379310345,58.4722206896552
1.31775984037849,1.37230447808983,-0.132144799273419,-0.580894578882676,0.304727970888709,70.7290896551724,58.4722206896552
1.43589883485796,1.37230447808983,-0.145321537828071,-0.621847736217235,0.317755957800978,74.1564413793103,58.4722206896552
1.55403782933742,1.37230447808983,-0.158396492361999,-0.659665452257798,0.3317807328553,77.5837931034483,58.4722206896552
1.67217682381688,1.37230447808983,-0.17138372201132,-0.701844731965177,0.347097823091534,81.0111448275862,58.4722206896552
1.79031581829635,1.37230447808983,-0.184306540162747,-0.744492936297072,0.361420629743078,84.4384965517241,58.4722206896552
1.90845481277581,1.37230447808983,-0.197188948527358,-0.785623310594078,0.377298540488366,87.8658482758621,58.4722206896552
2.02659380725527,1.37230447808983,-0.210053237521084,-0.829454410359186,0.393325405585971,91.2932,58.4722206896552
-1.39943703264916,1.5001758742238,0.18458649518581,-0.232672216322568,0.589943927757167,-8.1,59.92
-1.2812980381697,1.5001758742238,0.170939414883346,-0.22260511956296,0.554359394314425,-4.67264827586207,59.92
-1.16315904369023,1.5001758742238,0.157293049729262,-0.213048882400583,0.518312836431703,-1.24529655172414,59.92
-1.04502004921077,1.5001758742238,0.143647679124324,-0.206793445022831,0.483754225534963,2.18205517241379,59.92
-0.926881054731307,1.5001758742238,0.130000693477364,-0.201623648407589,0.452188557473333,5.60940689655172,59.92
-0.808742060251843,1.5001758742238,0.116346033747819,-0.198216422551497,0.423002140723656,9.03675862068965,59.92
-0.69060306577238,1.5001758742238,0.10267593226236,-0.19843421002,0.396567849223862,12.4641103448276,59.92
-0.572464071292917,1.5001758742238,0.088981206129928,-0.199865494107076,0.371768986242597,15.8914620689655,59.92
-0.454325076813454,1.5001758742238,0.0752518958882793,-0.204772078256001,0.350448184994981,19.3188137931034,59.92
-0.336186082333991,1.5001758742238,0.0614800033835723,-0.210659150978451,0.329891774117221,22.7461655172414,59.92
-0.218047087854528,1.5001758742238,0.0476613308084308,-0.219863390862997,0.312657154427762,26.1735172413793,59.92
-0.0999080933750645,1.5001758742238,0.0338012001719616,-0.233800366755899,0.297963695841666,29.6008689655172,59.92
0.0182309011043986,1.5001758742238,0.0199128369238466,-0.250287618833495,0.287374518814613,33.0282206896552,59.92
0.136369895583862,1.5001758742238,0.00601205817677419,-0.271414830870554,0.2799155413691,36.4555724137931,59.92
0.254508890063325,1.5001758742238,-0.00788461632779369,-0.29647977587693,0.275450162553725,39.882924137931,59.92
0.372647884542788,1.5001758742238,-0.0217606663129903,-0.324487552458298,0.273063589529265,43.310275862069,59.92
0.490786879022251,1.5001758742238,-0.0355995802270401,-0.352848139254836,0.272923168694624,46.7376275862069,59.92
0.608925873501715,1.5001758742238,-0.0493852052713148,-0.384458317387328,0.275895766898788,50.1649793103448,59.92
0.727064867981178,1.5001758742238,-0.06310241726679,-0.416489338584969,0.279176725839841,53.5923310344828,59.92
0.845203862460641,1.5001758742238,-0.0767387486430084,-0.448060013807249,0.285149822700353,57.0196827586207,59.92
0.963342856940104,1.5001758742238,-0.0902848730773125,-0.484316322366682,0.294823139762552,60.4470344827586,59.92
1.08148185141957,1.5001758742238,-0.10373199982447,-0.522958835343258,0.30297461184034,63.8743862068965,59.92
1.19962084589903,1.5001758742238,-0.117071339126614,-0.560672456946982,0.314133816008413,67.3017379310345,59.92
1.31775984037849,1.5001758742238,-0.130295961062084,-0.601523485212219,0.326903148362773,70.7290896551724,59.92
1.43589883485796,1.5001758742238,-0.143405430589251,-0.641642666552279,0.340697871560839,74.1564413793103,59.92
1.55403782933742,1.5001758742238,-0.156405889530805,-0.682057093655885,0.356836396441991,77.5837931034483,59.92
1.67217682381688,1.5001758742238,-0.169312368482965,-0.723250866691774,0.37217288975548,81.0111448275862,59.92
1.79031581829635,1.5001758742238,-0.18214983703118,-0.767007123618079,0.387985726830929,84.4384965517241,59.92
1.90845481277581,1.5001758742238,-0.194944005671388,-0.811650647539276,0.405659671757529,87.8658482758621,59.92
2.02659380725527,1.5001758742238,-0.207718757575337,-0.85626384082415,0.424211661354374,91.2932,59.92
