"longitude_norm","latitude_norm","spline_mean","spline_lower","spline_upper","longitude","latitude"
-1.39943703264916,-2.2080946136615,0.25888275997984,-0.451827144820094,0.974002318709252,-8.1,17.9344
-1.2812980381697,-2.2080946136615,0.242292790264725,-0.439429910700095,0.920750035653314,-4.67264827586207,17.9344
-1.16315904369023,-2.2080946136615,0.225726296595303,-0.426979888630334,0.873407590155807,-1.24529655172414,17.9344
-1.04502004921077,-2.2080946136615,0.209208580766765,-0.413770871669659,0.823656305150601,2.18205517241379,17.9344
-0.926881054731307,-2.2080946136615,0.192774320028162,-0.399888343127055,0.777227135218778,5.60940689655172,17.9344
-0.808742060251843,-2.2080946136615,0.176462294913059,-0.389710829383242,0.732221438857401,9.03675862068965,17.9344
-0.69060306577238,-2.2080946136615,0.160309445178533,-0.379613798306269,0.69118082688102,12.4641103448276,17.9344
-0.572464071292917,-2.2080946136615,0.144344451366122,-0.371974459874564,0.652192726129452,15.8914620689655,17.9344
-0.454325076813454,-2.2080946136615,0.128579825174429,-0.364394233018463,0.613921982517311,19.3188137931034,17.9344
-0.336186082333991,-2.2080946136615,0.113011457953834,-0.35461637228102,0.576621720314899,22.7461655172414,17.9344
-0.218047087854528,-2.2080946136615,0.0976260151891801,-0.348297785083169,0.539157400609802,26.1735172413793,17.9344
-0.0999080933750645,-2.2080946136615,0.0824077849011502,-0.341015777538652,0.504567734654315,29.6008689655172,17.9344
0.0182309011043986,-2.2080946136615,0.0673418097547831,-0.337881639473716,0.472174762891072,33.0282206896552,17.9344
0.136369895583862,-2.2080946136615,0.0524157125728655,-0.335097802721886,0.442716176805957,36.4555724137931,17.9344
0.254508890063325,-2.2080946136615,0.0376179498333622,-0.335557160143978,0.413761563623971,39.882924137931,17.9344
0.372647884542788,-2.2080946136615,0.0229369786494849,-0.337565590280267,0.386159605921347,43.310275862069,17.9344
0.490786879022251,-2.2080946136615,0.00836143182388138,-0.344987054758929,0.363056706144789,46.7376275862069,17.9344
0.608925873501715,-2.2080946136615,-0.00611441150514347,-0.353411519394649,0.339877156431236,50.1649793103448,17.9344
0.727064867981178,-2.2080946136615,-0.0204879103410796,-0.362209221961807,0.320165010444511,53.5923310344828,17.9344
0.845203862460641,-2.2080946136615,-0.0347521705455485,-0.376466046980261,0.305244983937875,57.0196827586207,17.9344
0.963342856940104,-2.2080946136615,-0.0488980338001754,-0.393828441096956,0.293370853676384,60.4470344827586,17.9344
1.08148185141957,-2.2080946136615,-0.0629160363806156,-0.41482621792923,0.284931937620052,63.8743862068965,17.9344
1.19962084589903,-2.2080946136615,-0.0767967155138274,-0.433350686883951,0.277311097200658,67.3017379310345,17.9344
1.31775984037849,-2.2080946136615,-0.0905324003384187,-0.456264134098307,0.275719340063717,70.7290896551724,17.9344
1.43589883485796,-2.2080946136615,-0.104121833851126,-0.482462822327416,0.274869800922874,74.1564413793103,17.9344
1.55403782933742,-2.2080946136615,-0.117571245278863,-0.510136077611045,0.275046517242929,77.5837931034483,17.9344
1.67217682381688,-2.2080946136615,-0.130898650364246,-0.541125575517391,0.279468043133221,81.0111448275862,17.9344
1.79031581829635,-2.2080946136615,-0.14413589008472,-0.572045076532365,0.285901540535045,84.4384965517241,17.9344
1.90845481277581,-2.2080946136615,-0.157315979463445,-0.605855911890421,0.289987854240788,87.8658482758621,17.9344
2.02659380725527,-2.2080946136615,-0.170470262655308,-0.63739448980882,0.29614004428888,91.2932,17.9344
-1.39943703264916,-2.08022321752752,0.254191490288068,-0.423102175414749,0.934950942574464,-8.1,19.3821793103448
-1.2812980381697,-2.08022321752752,0.237694346382678,-0.413022296997608,0.885817631278818,-4.67264827586207,19.3821793103448
-1.16315904369023,-2.08022321752752,0.221219432182685,-0.399659509634891,0.837813950450612,-1.24529655172414,19.3821793103448
-1.04502004921077,-2.08022321752752,0.204790708061306,-0.387528466295517,0.790328107085891,2.18205517241379,19.3821793103448
-0.926881054731307,-2.08022321752752,0.188441024341793,-0.374459608358,0.744832598268187,5.60940689655172,19.3821793103448
-0.808742060251843,-2.08022321752752,0.172207131543068,-0.36788642974251,0.703423811548995,9.03675862068965,19.3821793103448
-0.69060306577238,-2.08022321752752,0.156124045031779,-0.359750291903528,0.662546172629253,12.4641103448276,19.3821793103448
-0.572464071292917,-2.08022321752752,0.140218968938089,-0.353269782335309,0.623177538184057,15.8914620689655,19.3821793103448
-0.454325076813454,-2.08022321752752,0.124503809181764,-0.346689160248562,0.587614820818597,19.3188137931034,19.3821793103448
-0.336186082333991,-2.08022321752752,0.108974738369996,-0.339516963060012,0.551254395523102,22.7461655172414,19.3821793103448
-0.218047087854528,-2.08022321752752,0.0936191879954253,-0.332551873465208,0.516121941260696,26.1735172413793,19.3821793103448
-0.0999080933750645,-2.08022321752752,0.0784223121645056,-0.3263943141319,0.482966035467992,29.6008689655172,19.3821793103448
0.0182309011043986,-2.08022321752752,0.0633699557164711,-0.325584368142228,0.451295863347541,33.0282206896552,19.3821793103448
0.136369895583862,-2.08022321752752,0.04845039650758,-0.323850494261239,0.421656530485434,36.4555724137931,19.3821793103448
0.254508890063325,-2.08022321752752,0.0336526988958874,-0.325692423352504,0.392872425253373,39.882924137931,19.3821793103448
0.372647884542788,-2.08022321752752,0.0189659278387664,-0.326546474382865,0.366914278652196,43.310275862069,19.3821793103448
0.490786879022251,-2.08022321752752,0.00437931429514204,-0.333055882162038,0.342892002688796,46.7376275862069,19.3821793103448
0.608925873501715,-2.08022321752752,-0.0101125757888707,-0.343034340588757,0.321979881743363,50.1649793103448,19.3821793103448
0.727064867981178,-2.08022321752752,-0.0245072758048597,-0.353185208481858,0.301424916092287,53.5923310344828,19.3821793103448
0.845203862460641,-2.08022321752752,-0.0387983012688098,-0.364954281029557,0.287190597369028,57.0196827586207,19.3821793103448
0.963342856940104,-2.08022321752752,-0.0529770295618905,-0.382443931423911,0.273197969115386,60.4470344827586,19.3821793103448
1.08148185141957,-2.08022321752752,-0.067034549714839,-0.401202306837968,0.263763918186857,63.8743862068965,19.3821793103448
1.19962084589903,-2.08022321752752,-0.0809619516580504,-0.419364491006003,0.25803914751834,67.3017379310345,19.3821793103448
1.31775984037849,-2.08022321752752,-0.0947520199511453,-0.442110083793154,0.254365719112531,70.7290896551724,19.3821793103448
1.43589883485796,-2.08022321752752,-0.108403604688228,-0.466095498320165,0.252528963598542,74.1564413793103,19.3821793103448
1.55403782933742,-2.08022321752752,-0.121922634880236,-0.492846337309479,0.251956133817576,77.5837931034483,19.3821793103448
1.67217682381688,-2.08022321752752,-0.135326182666463,-0.522160010213002,0.25215833121164,81.0111448275862,19.3821793103448
1.79031581829635,-2.08022321752752,-0.148644389868842,-0.551595826133769,0.259142550729741,84.4384965517241,19.3821793103448
1.90845481277581,-2.08022321752752,-0.161908507414447,-0.583878850581112,0.263123002204324,87.8658482758621,19.3821793103448
2.02659380725527,-2.08022321752752,-0.175148201562777,-0.616635795474205,0.267007043530894,91.2932,19.3821793103448
-1.39943703264916,-1.95235182139355,0.249516649842617,-0.395438056667402,0.895544949771355,-8.1,20.8299586206897
-1.2812980381697,-1.95235182139355,0.233111356104636,-0.384649405016385,0.850113534731882,-4.67264827586207,20.8299586206897
-1.16315904369023,-1.95235182139355,0.216727052753489,-0.373973430991674,0.800913024996563,-1.24529655172414,20.8299586206897
-1.04502004921077,-1.95235182139355,0.200386366243971,-0.363958976882347,0.756893557262513,2.18205517241379,20.8299586206897
-0.926881054731307,-1.95235182139355,0.184120329883558,-0.353129300779762,0.714752038775292,5.60940689655172,20.8299586206897
-0.808742060251843,-1.95235182139355,0.167963674922097,-0.345664570651155,0.674294005105328,9.03675862068965,20.8299586206897
-0.69060306577238,-1.95235182139355,0.15194950241159,-0.339643405296787,0.634353666132507,12.4641103448276,20.8299586206897
-0.572464071292917,-1.95235182139355,0.136103547818816,-0.334800554068165,0.597742303072248,15.8914620689655,20.8299586206897
-0.454325076813454,-1.95235182139355,0.12043711480154,-0.329439745534224,0.561969651091545,19.3188137931034,20.8299586206897
-0.336186082333991,-1.95235182139355,0.104946656894034,-0.323429275367789,0.526149840836885,22.7461655172414,20.8299586206897
-0.218047087854528,-1.95235182139355,0.089620369633463,-0.318580485892137,0.492694691552289,26.1735172413793,20.8299586206897
-0.0999080933750645,-1.95235182139355,0.0744442723628014,-0.314206958532945,0.460367332012597,29.6008689655172,20.8299586206897
0.0182309011043986,-1.95235182139355,0.0594050128349486,-0.314684550216606,0.430565822715272,33.0282206896552,20.8299586206897
0.136369895583862,-1.95235182139355,0.0444915257384961,-0.313217829098644,0.400620135696157,36.4555724137931,20.8299586206897
0.254508890063325,-1.95235182139355,0.0296934854283097,-0.314857242084925,0.372905415004487,39.882924137931,20.8299586206897
0.372647884542788,-1.95235182139355,0.0150005668228828,-0.316671591474136,0.349174377770809,43.310275862069,20.8299586206897
0.490786879022251,-1.95235182139355,0.000402601181303641,-0.32295702829252,0.325053731221979,46.7376275862069,20.8299586206897
0.608925873501715,-1.95235182139355,-0.0141055557603915,-0.332578377264937,0.303405929128739,50.1649793103448,20.8299586206897
0.727064867981178,-1.95235182139355,-0.028521607737281,-0.341430969915055,0.283323915364807,53.5923310344828,20.8299586206897
0.845203862460641,-1.95235182139355,-0.0428394761144766,-0.354511975160011,0.268808145099742,57.0196827586207,20.8299586206897
0.963342856940104,-1.95235182139355,-0.0570510709402332,-0.371442726399201,0.254689450922919,60.4470344827586,20.8299586206897
1.08148185141957,-1.95235182139355,-0.0711480311140682,-0.387925152103166,0.244806213681897,63.8743862068965,20.8299586206897
1.19962084589903,-1.95235182139355,-0.085121996384061,-0.407997057067095,0.23746301430754,67.3017379310345,20.8299586206897
1.31775984037849,-1.95235182139355,-0.0989662048838649,-0.42932587965717,0.232526180897253,70.7290896551724,20.8299586206897
1.43589883485796,-1.95235182139355,-0.1126796156131,-0.45218361670997,0.229450258434669,74.1564413793103,20.8299586206897
1.55403782933742,-1.95235182139355,-0.126267863049514,-0.478582686003272,0.229485026457412,77.5837931034483,20.8299586206897
1.67217682381688,-1.95235182139355,-0.139747086882479,-0.505382940004762,0.228674014390206,81.0111448275862,20.8299586206897
1.79031581829635,-1.95235182139355,-0.153145747129095,-0.533779835127381,0.231341385759068,84.4384965517241,20.8299586206897
1.90845481277581,-1.95235182139355,-0.16649334841673,-0.564725666944755,0.237142009154818,87.8658482758621,20.8299586206897
2.02659380725527,-1.95235182139355,-0.17981789564551,-0.595658262450016,0.239134041419705,91.2932,20.8299586206897
-1.39943703264916,-1.82448042525957,0.244874667889807,-0.364571960938729,0.855689260980065,-8.1,22.2777379310345
-1.2812980381697,-1.82448042525957,0.228559273034604,-0.357947804225134,0.812713856131096,-4.67264827586207,22.2777379310345
-1.16315904369023,-1.82448042525957,0.212263643291141,-0.348672142647109,0.768006775189497,-1.24529655172414,22.2777379310345
-1.04502004921077,-1.82448042525957,0.196009086202884,-0.340029209606961,0.723474916620921,2.18205517241379,22.2777379310345
-0.926881054731307,-1.82448042525957,0.179824837881593,-0.332890279953497,0.683564750828946,5.60940689655172,22.2777379310345
-0.808742060251843,-1.82448042525957,0.163743631799167,-0.326534947707345,0.646397596817897,9.03675862068965,22.2777379310345
-0.69060306577238,-1.82448042525957,0.14779667484453,-0.319987328500263,0.606972101357267,12.4641103448276,22.2777379310345
-0.572464071292917,-1.82448042525957,0.132008249317062,-0.317421242363897,0.571345347515452,15.8914620689655,22.2777379310345
-0.454325076813454,-1.82448042525957,0.116389063646202,-0.312788088691602,0.536027484310639,19.3188137931034,22.2777379310345
-0.336186082333991,-1.82448042525957,0.100935851633821,-0.307032729476705,0.502645634805769,22.7461655172414,22.2777379310345
-0.218047087854528,-1.82448042525957,0.0856375689350846,-0.304542951155866,0.469958334140224,26.1735172413793,22.2777379310345
-0.0999080933750645,-1.82448042525957,0.0704810984309767,-0.302076149680896,0.440478357962379,29.6008689655172,22.2777379310345
0.0182309011043986,-1.82448042525957,0.055453892267006,-0.302951706573307,0.410027333302944,33.0282206896552,22.2777379310345
0.136369895583862,-1.82448042525957,0.0405455455618173,-0.302452594261935,0.381169874383433,36.4555724137931,22.2777379310345
0.254508890063325,-1.82448042525957,0.0257463469005252,-0.304036210029766,0.353676009415832,39.882924137931,22.2777379310345
0.372647884542788,-1.82448042525957,0.0110465853966686,-0.306256293624793,0.331956851489412,43.310275862069,22.2777379310345
0.490786879022251,-1.82448042525957,-0.00356330310273201,-0.313010509041689,0.30767547329256,46.7376275862069,22.2777379310345
0.608925873501715,-1.82448042525957,-0.0180881671074997,-0.321476833769245,0.286498719030076,50.1649793103448,22.2777379310345
0.727064867981178,-1.82448042525957,-0.0325258726069853,-0.333221502693028,0.2673285806843,53.5923310344828,22.2777379310345
0.845203862460641,-1.82448042525957,-0.0468707392049539,-0.345085458133024,0.250699628804065,57.0196827586207,22.2777379310345
0.963342856940104,-1.82448042525957,-0.0611152035518314,-0.36031963418421,0.237700471598317,60.4470344827586,22.2777379310345
1.08148185141957,-1.82448042525957,-0.0752514486433087,-0.376323393376135,0.227793132005049,63.8743862068965,22.2777379310345
1.19962084589903,-1.82448042525957,-0.0892716582736475,-0.395864754238391,0.218483849737966,67.3017379310345,22.2777379310345
1.31775984037849,-1.82448042525957,-0.103169520456571,-0.417467479921622,0.212302751555308,70.7290896551724,22.2777379310345
1.43589883485796,-1.82448042525957,-0.116944106713514,-0.43994295754112,0.206755045303511,74.1564413793103,22.2777379310345
1.55403782933742,-1.82448042525957,-0.130600768354603,-0.464948240557612,0.205773866111396,77.5837931034483,22.2777379310345
1.67217682381688,-1.82448042525957,-0.144154734926091,-0.489493753543855,0.204398755558679,81.0111448275862,22.2777379310345
1.79031581829635,-1.82448042525957,-0.15763281934161,-0.515421836193282,0.20665565874307,84.4384965517241,22.2777379310345
1.90845481277581,-1.82448042525957,-0.171062815521575,-0.54465682298846,0.208084122471821,87.8658482758621,22.2777379310345
2.02659380725527,-1.82448042525957,-0.184471100078769,-0.575976006099047,0.21003030873164,91.2932,22.2777379310345
-1.39943703264916,-1.6966090291256,0.240281973675959,-0.33750453986056,0.819659158230663,-8.1,23.7255172413793
-1.2812980381697,-1.6966090291256,0.22405355077659,-0.330269871038454,0.777662199150126,-4.67264827586207,23.7255172413793
-1.16315904369023,-1.6966090291256,0.207843688779063,-0.323801112478381,0.733551576424706,-1.24529655172414,23.7255172413793
-1.04502004921077,-1.6966090291256,0.191672398826169,-0.318031110971522,0.691610679361447,2.18205517241379,23.7255172413793
-0.926881054731307,-1.6966090291256,0.175567149564032,-0.311165916872423,0.65187294271811,5.60940689655172,23.7255172413793
-0.808742060251843,-1.6966090291256,0.159558708923299,-0.306785070066566,0.614944028909073,9.03675862068965,23.7255172413793
-0.69060306577238,-1.6966090291256,0.143676419857165,-0.301672811182712,0.578506241273503,12.4641103448276,23.7255172413793
-0.572464071292917,-1.6966090291256,0.127943134741585,-0.299277459743465,0.546128914477523,15.8914620689655,23.7255172413793
-0.454325076813454,-1.6966090291256,0.112368977328191,-0.297030893112223,0.511985412460559,19.3188137931034,23.7255172413793
-0.336186082333991,-1.6966090291256,0.0969509606972352,-0.292420857039151,0.479990043488056,22.7461655172414,23.7255172413793
-0.218047087854528,-1.6966090291256,0.0816787947320821,-0.289225437680454,0.448456399350706,26.1735172413793,23.7255172413793
-0.0999080933750645,-1.6966090291256,0.0665402233039729,-0.289863788991501,0.418937982491945,29.6008689655172,23.7255172413793
0.0182309011043986,-1.6966090291256,0.0515235051694329,-0.290725634038887,0.389637467819301,33.0282206896552,23.7255172413793
0.136369895583862,-1.6966090291256,0.0366189012737452,-0.291816550758686,0.36199716682914,36.4555724137931,23.7255172413793
0.254508890063325,-1.6966090291256,0.021817320782431,-0.293897712765002,0.337090902544205,39.882924137931,23.7255172413793
0.372647884542788,-1.6966090291256,0.00710967335495827,-0.297972831692293,0.313961747986666,43.310275862069,23.7255172413793
0.490786879022251,-1.6966090291256,-0.00751299414206419,-0.304604695173444,0.291213248139382,46.7376275862069,23.7255172413793
0.608925873501715,-1.6966090291256,-0.0220552255179889,-0.311605502990004,0.271357184884857,50.1649793103448,23.7255172413793
0.727064867981178,-1.6966090291256,-0.0365150368826135,-0.323107453322907,0.252348212820156,53.5923310344828,23.7255172413793
0.845203862460641,-1.6966090291256,-0.0508871346626469,-0.337109497089045,0.233505924727512,57.0196827586207,23.7255172413793
0.963342856940104,-1.6966090291256,-0.065164473013313,-0.35205610899778,0.220566152055068,60.4470344827586,23.7255172413793
1.08148185141957,-1.6966090291256,-0.0793397703675665,-0.367624734240965,0.210424209913171,63.8743862068965,23.7255172413793
1.19962084589903,-1.6966090291256,-0.0934057459085971,-0.384662917631315,0.201643719562147,67.3017379310345,23.7255172413793
1.31775984037849,-1.6966090291256,-0.107356531989256,-0.406499382627911,0.192090960981348,70.7290896551724,23.7255172413793
1.43589883485796,-1.6966090291256,-0.121191318077241,-0.42870001269613,0.188766843767251,74.1564413793103,23.7255172413793
1.55403782933742,-1.6966090291256,-0.134915189363406,-0.453386313727737,0.185176602152923,77.5837931034483,23.7255172413793
1.67217682381688,-1.6966090291256,-0.148542498711097,-0.47679869450073,0.182701005261826,81.0111448275862,23.7255172413793
1.79031581829635,-1.6966090291256,-0.162098463982516,-0.502481902577691,0.18206220314632,84.4384965517241,23.7255172413793
1.90845481277581,-1.6966090291256,-0.175609221780263,-0.531053710793809,0.183063184163014,87.8658482758621,23.7255172413793
2.02659380725527,-1.6966090291256,-0.189099570037818,-0.560145541841674,0.182803637260987,91.2932,23.7255172413793
-1.39943703264916,-1.56873763299162,0.235754568451178,-0.312533731864011,0.784070814283018,-8.1,25.1732965517241
-1.2812980381697,-1.56873763299162,0.219609244942678,-0.306604298164173,0.741388402474536,-4.67264827586207,25.1732965517241
-1.16315904369023,-1.56873763299162,0.203481306118692,-0.30061236359887,0.700181094808918,-1.24529655172414,25.1732965517241
-1.04502004921077,-1.56873763299162,0.187389496633007,-0.295722563356605,0.661455013263311,2.18205517241379,25.1732965517241
-0.926881054731307,-1.56873763299162,0.17135955715972,-0.290254911316675,0.624001796606874,5.60940689655172,25.1732965517241
-0.808742060251843,-1.56873763299162,0.155420332897414,-0.287025110819841,0.586643801404588,9.03675862068965,25.1732965517241
-0.69060306577238,-1.56873763299162,0.139599342993061,-0.283345831055213,0.55362013699225,12.4641103448276,25.1732965517241
-0.572464071292917,-1.56873763299162,0.123918040733024,-0.283048147041212,0.521565785987604,15.8914620689655,25.1732965517241
-0.454325076813454,-1.56873763299162,0.108385979130569,-0.279864440987776,0.490165995291544,19.3188137931034,25.1732965517241
-0.336186082333991,-1.56873763299162,0.0930004491256202,-0.277986690775094,0.458223134532426,22.7461655172414,25.1732965517241
-0.218047087854528,-1.56873763299162,0.0777519068892749,-0.276286568386474,0.428132962860706,26.1735172413793,25.1732965517241
-0.0999080933750645,-1.56873763299162,0.0626289537938898,-0.277332826921747,0.399242446194884,29.6008689655172,25.1732965517241
0.0182309011043986,-1.56873763299162,0.0476206580652718,-0.279021535797634,0.369345462480333,33.0282206896552,25.1732965517241
0.136369895583862,-1.56873763299162,0.0327179535672295,-0.281918762202092,0.344603912257951,36.4555724137931,25.1732965517241
0.254508890063325,-1.56873763299162,0.0179123784078739,-0.284668789638669,0.319368325275214,39.882924137931,25.1732965517241
0.372647884542788,-1.56873763299162,0.00319547115575136,-0.288539707570421,0.297592632398682,43.310275862069,25.1732965517241
0.490786879022251,-1.56873763299162,-0.0114411018315541,-0.295234441574903,0.275915225560194,46.7376275862069,25.1732965517241
0.608925873501715,-1.56873763299162,-0.0260015678205212,-0.303466298251912,0.254938960639363,50.1649793103448,25.1732965517241
0.727064867981178,-1.56873763299162,-0.040484076916923,-0.315681423932575,0.236582570979355,53.5923310344828,25.1732965517241
0.845203862460641,-1.56873763299162,-0.0548837071639763,-0.328756630098695,0.220242868739867,57.0196827586207,25.1732965517241
0.963342856940104,-1.56873763299162,-0.0691939180658956,-0.344438233607325,0.205690444319237,60.4470344827586,25.1732965517241
1.08148185141957,-1.56873763299162,-0.0834079519149842,-0.359897011263589,0.195113732117384,63.8743862068965,25.1732965517241
1.19962084589903,-1.56873763299162,-0.0975190517076379,-0.376281443206589,0.183304489390506,67.3017379310345,25.1732965517241
1.31775984037849,-1.56873763299162,-0.1115217866968,-0.396570237060669,0.17608570352595,70.7290896551724,25.1732965517241
1.43589883485796,-1.56873763299162,-0.125415471414024,-0.418206251049461,0.170277223656477,74.1564413793103,25.1732965517241
1.55403782933742,-1.56873763299162,-0.139204947484648,-0.442139832268871,0.164780835193584,77.5837931034483,25.1732965517241
1.67217682381688,-1.56873763299162,-0.152903735448065,-0.465390296829158,0.161502207639024,81.0111448275862,25.1732965517241
1.79031581829635,-1.56873763299162,-0.166535527179949,-0.490653156986155,0.158980460342907,84.4384965517241,25.1732965517241
1.90845481277581,-1.56873763299162,-0.18012487280913,-0.516755455811508,0.158713323298629,87.8658482758621,25.1732965517241
2.02659380725527,-1.56873763299162,-0.193695057424303,-0.54505804884949,0.159661560526545,91.2932,25.1732965517241
-1.39943703264916,-1.44086623685764,0.231303968137722,-0.28761507523002,0.747133612891024,-8.1,26.621075862069
-1.2812980381697,-1.44086623685764,0.215237237391198,-0.282125199335054,0.707443185694526,-4.67264827586207,26.621075862069
-1.16315904369023,-1.44086623685764,0.199186748998553,-0.277709495423959,0.669029536701073,-1.24529655172414,26.621075862069
-1.04502004921077,-1.44086623685764,0.183170017316387,-0.273386544362576,0.632081835122642,2.18205517241379,26.621075862069
-0.926881054731307,-1.44086623685764,0.167211102713865,-0.269691904475512,0.59541692727954,5.60940689655172,26.621075862069
-0.808742060251843,-1.44086623685764,0.151336979174206,-0.266717216017038,0.561552735821501,9.03675862068965,26.621075862069
-0.69060306577238,-1.44086623685764,0.135573390208312,-0.265710381199532,0.52874167593441,12.4641103448276,26.621075862069
-0.572464071292917,-1.44086623685764,0.119940426760061,-0.265245047680425,0.497473752743435,15.8914620689655,26.621075862069
-0.454325076813454,-1.44086623685764,0.104447087112,-0.263836631314243,0.466985213356582,19.3188137931034,26.621075862069
-0.336186082333991,-1.44086623685764,0.0890909372237667,-0.263391066295086,0.436863953324269,22.7461655172414,26.621075862069
-0.218047087854528,-1.44086623685764,0.0738631687135309,-0.264298775380525,0.40911207202659,26.1735172413793,26.621075862069
-0.0999080933750645,-1.44086623685764,0.058753235108878,-0.265796972926731,0.380651452480066,29.6008689655172,26.621075862069
0.0182309011043986,-1.44086623685764,0.0437510165890784,-0.268872743069459,0.353908253451368,33.0282206896552,26.621075862069
0.136369895583862,-1.44086623685764,0.0288481276558001,-0.271723785734835,0.326481286540733,36.4555724137931,26.621075862069
0.254508890063325,-1.44086623685764,0.0140367446504066,-0.276549283844399,0.302895637584022,39.882924137931,26.621075862069
0.372647884542788,-1.44086623685764,-0.000690955657614456,-0.280528826798507,0.280418988489098,43.310275862069,26.621075862069
0.490786879022251,-1.44086623685764,-0.0153426779870642,-0.28766037224742,0.259592856500982,46.7376275862069,26.621075862069
0.608925873501715,-1.44086623685764,-0.0299223192301858,-0.295494164115237,0.240144256632866,50.1649793103448,26.621075862069
0.727064867981178,-1.44086623685764,-0.0444281439720058,-0.30780766564113,0.2220787395334,53.5923310344828,26.621075862069
0.845203862460641,-1.44086623685764,-0.0588555830738346,-0.321704389890149,0.206853622968865,57.0196827586207,26.621075862069
0.963342856940104,-1.44086623685764,-0.0731985859565092,-0.335127724800452,0.19305323907333,60.4470344827586,26.621075862069
1.08148185141957,-1.44086623685764,-0.0874509039871099,-0.352257453878791,0.179934536726249,63.8743862068965,26.621075862069
1.19962084589903,-1.44086623685764,-0.101606289193302,-0.370815433726821,0.168612492927755,67.3017379310345,26.621075862069
1.31775984037849,-1.44086623685764,-0.11565973790506,-0.390287608865406,0.15885379635949,70.7290896551724,26.621075862069
1.43589883485796,-1.44086623685764,-0.129610697353711,-0.409685817109701,0.152462292429147,74.1564413793103,26.621075862069
1.55403782933742,-1.44086623685764,-0.143463791807041,-0.432262124856068,0.146697223669059,77.5837931034483,26.621075862069
1.67217682381688,-1.44086623685764,-0.157231762040161,-0.454099465519744,0.142299019168417,81.0111448275862,26.621075862069
1.79031581829635,-1.44086623685764,-0.170936856406816,-0.479110098412574,0.139385953708392,84.4384965517241,26.621075862069
1.90845481277581,-1.44086623685764,-0.184602123205339,-0.506218329890558,0.134940704865064,87.8658482758621,26.621075862069
2.02659380725527,-1.44086623685764,-0.198249413421443,-0.532749614122062,0.135748436893368,91.2932,26.621075862069
-1.39943703264916,-1.31299484072367,0.226933920387323,-0.260247801982066,0.711678298724078,-8.1,28.0688551724138
-1.2812980381697,-1.31299484072367,0.210941170885657,-0.258484310140471,0.674797300015439,-4.67264827586207,28.0688551724138
-1.16315904369023,-1.31299484072367,0.194963559245965,-0.256165355949942,0.637472923351745,-1.24529655172414,28.0688551724138
-1.04502004921077,-1.31299484072367,0.179017409898955,-0.25450809876523,0.602081755873305,2.18205517241379,28.0688551724138
-0.926881054731307,-1.31299484072367,0.16312515580853,-0.251931469735793,0.568278622651606,5.60940689655172,28.0688551724138
-0.808742060251843,-1.31299484072367,0.147311956562654,-0.249363110881865,0.535214320408729,9.03675862068965,28.0688551724138
-0.69060306577238,-1.31299484072367,0.131601832881699,-0.249762187481837,0.503673744224086,12.4641103448276,28.0688551724138
-0.572464071292917,-1.31299484072367,0.11601355305974,-0.249128766938103,0.47447607740507,15.8914620689655,28.0688551724138
-0.454325076813454,-1.31299484072367,0.100555576506534,-0.249780207981313,0.446407070399163,19.3188137931034,28.0688551724138
-0.336186082333991,-1.31299484072367,0.0852257384065886,-0.250098412160686,0.415225450969113,22.7461655172414,28.0688551724138
-0.218047087854528,-1.31299484072367,0.0700159508385449,-0.251586415982933,0.388852491278981,26.1735172413793,28.0688551724138
-0.0999080933750645,-1.31299484072367,0.0549165108624798,-0.256146337848854,0.36227629784929,29.6008689655172,28.0688551724138
0.0182309011043986,-1.31299484072367,0.0399181110578004,-0.258552885728204,0.335490656428343,33.0282206896552,28.0688551724138
0.136369895583862,-1.31299484072367,0.0250130531098229,-0.262982745991782,0.309745356281527,36.4555724137931,28.0688551724138
0.254508890063325,-1.31299484072367,0.0101941599709903,-0.268006798398303,0.287030109784535,39.882924137931,28.0688551724138
0.372647884542788,-1.31299484072367,-0.00454574500904825,-0.273977705581508,0.266271182827535,43.310275862069,28.0688551724138
0.490786879022251,-1.31299484072367,-0.0192137290660701,-0.28179140949367,0.245609111118988,46.7376275862069,28.0688551724138
0.608925873501715,-1.31299484072367,-0.0338133444977209,-0.290319672447304,0.226887548560327,50.1649793103448,28.0688551724138
0.727064867981178,-1.31299484072367,-0.0483429486161542,-0.302027832503318,0.209872761659221,53.5923310344828,28.0688551724138
0.845203862460641,-1.31299484072367,-0.0627983032196258,-0.315609989051924,0.193347409096538,57.0196827586207,28.0688551724138
0.963342856940104,-1.31299484072367,-0.0771738287465429,-0.329545283913409,0.178453492849226,60.4470344827586,28.0688551724138
1.08148185141957,-1.31299484072367,-0.0914637673400134,-0.346044930923783,0.16613996226479,63.8743862068965,28.0688551724138
1.19962084589903,-1.31299484072367,-0.105662361763098,-0.36523415317897,0.155825250863685,67.3017379310345,28.0688551724138
1.31775984037849,-1.31299484072367,-0.119765022545167,-0.384312739549379,0.14526459080971,70.7290896551724,28.0688551724138
1.43589883485796,-1.31299484072367,-0.133771335837804,-0.403535969499604,0.136675581770339,74.1564413793103,28.0688551724138
1.55403782933742,-1.31299484072367,-0.147685735226332,-0.423187049520374,0.130618786931502,77.5837931034483,28.0688551724138
1.67217682381688,-1.31299484072367,-0.161520237697056,-0.445370482507964,0.124587809057891,81.0111448275862,28.0688551724138
1.79031581829635,-1.31299484072367,-0.175295737421077,-0.471673027221748,0.120279713656499,84.4384965517241,28.0688551724138
1.90845481277581,-1.31299484072367,-0.18903387269534,-0.496239738370178,0.118824309489454,87.8658482758621,28.0688551724138
2.02659380725527,-1.31299484072367,-0.20275514602919,-0.522665720512819,0.116736757381074,91.2932,28.0688551724138
-1.39943703264916,-1.18512344458969,0.222642734425429,-0.235163323484423,0.676745016625946,-8.1,29.5166344827586
-1.2812980381697,-1.18512344458969,0.206719614185013,-0.235084327431269,0.642843437766866,-4.67264827586207,29.5166344827586
-1.16315904369023,-1.18512344458969,0.19081056768253,-0.234915603684424,0.609827885073489,-1.24529655172414,29.5166344827586
-1.04502004921077,-1.18512344458969,0.174930772437312,-0.234144522896255,0.576045048444244,2.18205517241379,29.5166344827586
-0.926881054731307,-1.18512344458969,0.159101090007353,-0.231740693261941,0.543013248080876,5.60940689655172,29.5166344827586
-0.808742060251843,-1.18512344458969,0.143344925260336,-0.232190645311201,0.510903435151562,9.03675862068965,29.5166344827586
-0.69060306577238,-1.18512344458969,0.12768463124039,-0.233882386061579,0.47959547229875,12.4641103448276,29.5166344827586
-0.572464071292917,-1.18512344458969,0.112137694133489,-0.235196598493255,0.451484903217747,15.8914620689655,29.5166344827586
-0.454325076813454,-1.18512344458969,0.0967120486656041,-0.236871317159638,0.423465476595148,19.3188137931034,29.5166344827586
-0.336186082333991,-1.18512344458969,0.0814057894972202,-0.238942269770718,0.395445445540225,22.7461655172414,29.5166344827586
-0.218047087854528,-1.18512344458969,0.0662115292475072,-0.241911265090411,0.368452817485001,26.1735172413793,29.5166344827586
-0.0999080933750645,-1.18512344458969,0.0511203956625135,-0.245339202142427,0.343870007896167,29.6008689655172,29.5166344827586
0.0182309011043986,-1.18512344458969,0.0361238909740371,-0.249268772014648,0.319158726017069,33.0282206896552,29.5166344827586
0.136369895583862,-1.18512344458969,0.0212150081494455,-0.254619172535372,0.294746127848557,36.4555724137931,29.5166344827586
0.254508890063325,-1.18512344458969,0.00638722290913263,-0.259924046357993,0.272149550158961,39.882924137931,29.5166344827586
0.372647884542788,-1.18512344458969,-0.00836598865864868,-0.266507740465258,0.252269155648454,43.310275862069,29.5166344827586
0.490786879022251,-1.18512344458969,-0.0230510499244894,-0.275555072174909,0.232077522516102,46.7376275862069,29.5166344827586
0.608925873501715,-1.18512344458969,-0.0376711551432563,-0.286845873093168,0.212923856215456,50.1649793103448,29.5166344827586
0.727064867981178,-1.18512344458969,-0.0522247312480186,-0.298782422708549,0.196540814377078,53.5923310344828,29.5166344827586
0.845203862460641,-1.18512344458969,-0.0667078464479882,-0.312708789102961,0.180131683552863,57.0196827586207,29.5166344827586
0.963342856940104,-1.18512344458969,-0.0811153697827223,-0.327055350330645,0.167130613543407,60.4470344827586,29.5166344827586
1.08148185141957,-1.18512344458969,-0.0954420122254043,-0.343512920906297,0.154486157035991,63.8743862068965,29.5166344827586
1.19962084589903,-1.18512344458969,-0.109682485331518,-0.360566969620753,0.143304711522932,67.3017379310345,29.5166344827586
1.31775984037849,-1.18512344458969,-0.123832597499187,-0.3789716243426,0.133744812536522,70.7290896551724,29.5166344827586
1.43589883485796,-1.18512344458969,-0.137892077282574,-0.397787969666238,0.123430234102319,74.1564413793103,29.5166344827586
1.55403782933742,-1.18512344458969,-0.151865192482279,-0.417670322546836,0.118228100840137,77.5837931034483,29.5166344827586
1.67217682381688,-1.18512344458969,-0.165763292256905,-0.442183949511353,0.112600041145014,81.0111448275862,29.5166344827586
1.79031581829635,-1.18512344458969,-0.179606008082586,-0.464761001314739,0.108931245238516,84.4384965517241,29.5166344827586
1.90845481277581,-1.18512344458969,-0.193413662474794,-0.488630603750579,0.104840495161322,87.8658482758621,29.5166344827586
2.02659380725527,-1.18512344458969,-0.20720549760439,-0.514990142667144,0.101655211780481,91.2932,29.5166344827586
-1.39943703264916,-1.05725204845572,0.218424311598299,-0.214839027049257,0.644955562636663,-8.1,30.9644137931035
-1.2812980381697,-1.05725204845572,0.202567019910106,-0.214758063982112,0.611802291477749,-4.67264827586207,30.9644137931035
-1.16315904369023,-1.05725204845572,0.186722779586224,-0.214993885944573,0.578650961534212,-1.24529655172414,30.9644137931035
-1.04502004921077,-1.05725204845572,0.170905665655341,-0.216444138692678,0.547252570860901,2.18205517241379,30.9644137931035
-0.926881054731307,-1.05725204845572,0.155135025656596,-0.216927844251505,0.516294076608215,5.60940689655172,30.9644137931035
-0.808742060251843,-1.05725204845572,0.139432570306408,-0.217121666315813,0.485769036679175,9.03675862068965,30.9644137931035
-0.69060306577238,-1.05725204845572,0.123819040430214,-0.217809973560045,0.45617812043808,12.4641103448276,30.9644137931035
-0.572464071292917,-1.05725204845572,0.108310679818323,-0.220972840572753,0.427244774608532,15.8914620689655,30.9644137931035
-0.454325076813454,-1.05725204845572,0.0929149098097977,-0.224059869466043,0.402257717704122,19.3188137931034,30.9644137931035
-0.336186082333991,-1.05725204845572,0.0776300700160051,-0.227059640450896,0.376494394708921,22.7461655172414,30.9644137931035
-0.218047087854528,-1.05725204845572,0.0624494480742159,-0.230882477899384,0.350404149048153,26.1735172413793,30.9644137931035
-0.0999080933750645,-1.05725204845572,0.0473649845206774,-0.235706073916588,0.326685386785685,29.6008689655172,30.9644137931035
0.0182309011043986,-1.05725204845572,0.0323689842821988,-0.241328377355753,0.301753647286659,33.0282206896552,30.9644137931035
0.136369895583862,-1.05725204845572,0.0174551321456524,-0.247457585338512,0.277849189800968,36.4555724137931,30.9644137931035
0.254508890063325,-1.05725204845572,0.00261755939317254,-0.25386027340892,0.257202025321958,39.882924137931,30.9644137931035
0.372647884542788,-1.05725204845572,-0.012149602352876,-0.261761948206978,0.236742727451046,43.310275862069,30.9644137931035
0.490786879022251,-1.05725204845572,-0.0268521295313808,-0.2718355808738,0.218743844953462,46.7376275862069,30.9644137931035
0.608925873501715,-1.05725204845572,-0.0414928466877575,-0.28418133987316,0.201886199544813,50.1649793103448,30.9644137931035
0.727064867981178,-1.05725204845572,-0.0560702266759414,-0.296368362307102,0.184844461244109,53.5923310344828,30.9644137931035
0.845203862460641,-1.05725204845572,-0.0705806173238352,-0.310793879473748,0.169079854747834,57.0196827586207,30.9644137931035
0.963342856940104,-1.05725204845572,-0.0850193102999783,-0.325798657607803,0.156042620804567,60.4470344827586,30.9644137931035
1.08148185141957,-1.05725204845572,-0.0993814597059559,-0.340668056027442,0.144275384255121,63.8743862068965,30.9644137931035
1.19962084589903,-1.05725204845572,-0.113662220190966,-0.358485086485366,0.133619740414169,67.3017379310345,30.9644137931035
1.31775984037849,-1.05725204845572,-0.127857777907964,-0.37704851134647,0.124715282678638,70.7290896551724,30.9644137931035
1.43589883485796,-1.05725204845572,-0.141968003455607,-0.395735712352938,0.116531347534369,74.1564413793103,30.9644137931035
1.55403782933742,-1.05725204845572,-0.155997020099672,-0.416465005468718,0.108702815067971,77.5837931034483,30.9644137931035
1.67217682381688,-1.05725204845572,-0.169955562261802,-0.438093641194655,0.102347983768257,81.0111448275862,30.9644137931035
1.79031581829635,-1.05725204845572,-0.183862088427083,-0.461815017051194,0.0983156747110128,84.4384965517241,30.9644137931035
1.90845481277581,-1.05725204845572,-0.197735697951336,-0.48465346724481,0.0941055954462682,87.8658482758621,30.9644137931035
2.02659380725527,-1.05725204845572,-0.21159445967898,-0.509804491750007,0.0911149989315958,91.2932,30.9644137931035
-1.39943703264916,-0.92938065232174,0.214269565943313,-0.192210375655516,0.613580420260295,-8.1,32.4121931034483
-1.2812980381697,-0.92938065232174,0.198475049916134,-0.19295739083823,0.58297528520751,-4.67264827586207,32.4121931034483
-1.16315904369023,-0.92938065232174,0.182692605318646,-0.194762446042937,0.552495127866137,-1.24529655172414,32.4121931034483
-1.04502004921077,-0.92938065232174,0.166935249766295,-0.197561895087529,0.522096604964712,2.18205517241379,32.4121931034483
-0.926881054731307,-0.92938065232174,0.151220874510073,-0.200252555900369,0.491489354785314,5.60940689655172,32.4121931034483
-0.808742060251843,-0.92938065232174,0.135569556371252,-0.201303760058796,0.46048891165661,9.03675862068965,32.4121931034483
-0.69060306577238,-0.92938065232174,0.120000478561217,-0.204285582458188,0.432325694894321,12.4641103448276,32.4121931034483
-0.572464071292917,-0.92938065232174,0.104528680285764,-0.207006589559813,0.406448405083794,15.8914620689655,32.4121931034483
-0.454325076813454,-0.92938065232174,0.0891610770537747,-0.211051333836944,0.380707815581896,19.3188137931034,32.4121931034483
-0.336186082333991,-0.92938065232174,0.073896233461618,-0.215227265405629,0.35657238453874,22.7461655172414,32.4121931034483
-0.218047087854528,-0.92938065232174,0.0587280804279784,-0.22069160894914,0.33242842343875,26.1735172413793,32.4121931034483
-0.0999080933750645,-0.92938065232174,0.0436493475995401,-0.226497712528027,0.308727538819119,29.6008689655172,32.4121931034483
0.0182309011043986,-0.92938065232174,0.0286531305690469,-0.233424025904518,0.285756874437463,33.0282206896552,32.4121931034483
0.136369895583862,-0.92938065232174,0.0137338020054951,-0.239118282166994,0.263411652200441,36.4555724137931,32.4121931034483
0.254508890063325,-0.92938065232174,-0.00111385274493037,-0.247913684777331,0.24375646482703,39.882924137931,32.4121931034483
0.372647884542788,-0.92938065232174,-0.0158950480215836,-0.257482578840625,0.224808741178357,43.310275862069,32.4121931034483
0.490786879022251,-0.92938065232174,-0.030614914505052,-0.268914928792479,0.207810012459947,46.7376275862069,32.4121931034483
0.608925873501715,-0.92938065232174,-0.0452758979312209,-0.281729715713978,0.191313946260914,50.1649793103448,32.4121931034483
0.727064867981178,-0.92938065232174,-0.0598764933167495,-0.295404473287942,0.175890677448982,53.5923310344828,32.4121931034483
0.845203862460641,-0.92938065232174,-0.0744132992683029,-0.310040747910252,0.16107059147019,57.0196827586207,32.4121931034483
0.963342856940104,-0.92938065232174,-0.0888820004456543,-0.323580200224948,0.146791976886892,60.4470344827586,32.4121931034483
1.08148185141957,-0.92938065232174,-0.103278164456873,-0.339601826068122,0.136330927655546,63.8743862068965,32.4121931034483
1.19962084589903,-0.92938065232174,-0.117597359425822,-0.356900902587106,0.125267193587913,67.3017379310345,32.4121931034483
1.31775984037849,-0.92938065232174,-0.131836125046364,-0.376446312939277,0.116892731979009,70.7290896551724,32.4121931034483
1.43589883485796,-0.92938065232174,-0.145994468917851,-0.396591625436905,0.108962833606118,74.1564413793103,32.4121931034483
1.55403782933742,-0.92938065232174,-0.160076386010347,-0.417363326103527,0.103394510440448,77.5837931034483,32.4121931034483
1.67217682381688,-0.92938065232174,-0.174092044218664,-0.438219582055212,0.0978498587926091,81.0111448275862,32.4121931034483
1.79031581829635,-0.92938065232174,-0.188058814247358,-0.461494062997143,0.0922325572609028,84.4384965517241,32.4121931034483
1.90845481277581,-0.92938065232174,-0.201994660573382,-0.484796613890579,0.0873935324448674,87.8658482758621,32.4121931034483
2.02659380725527,-0.92938065232174,-0.215916562109686,-0.509164397645838,0.0845459784344462,91.2932,32.4121931034483
-1.39943703264916,-0.801509256187764,0.210167976022812,-0.171719875331878,0.584861233878276,-8.1,33.8599724137931
-1.2812980381697,-0.801509256187764,0.194434024772963,-0.173799633134996,0.554100588849359,-4.67264827586207,33.8599724137931
-1.16315904369023,-0.801509256187764,0.178711207852759,-0.175235645636945,0.525264748278856,-1.24529655172414,33.8599724137931
-1.04502004921077,-0.801509256187764,0.163011530881431,-0.179253964333777,0.496660082305918,2.18205517241379,33.8599724137931
-0.926881054731307,-0.801509256187764,0.147351486450421,-0.182900797697661,0.466267459152346,5.60940689655172,33.8599724137931
-0.808742060251843,-0.801509256187764,0.131749576907205,-0.186606360145493,0.43752574644475,9.03675862068965,33.8599724137931
-0.69060306577238,-0.801509256187764,0.116223481077541,-0.190367915042404,0.412013253394099,12.4641103448276,33.8599724137931
-0.572464071292917,-0.801509256187764,0.100787069007882,-0.194291874293844,0.386019586814045,15.8914620689655,33.8599724137931
-0.454325076813454,-0.801509256187764,0.0854467537758579,-0.200141364061242,0.362576330518015,19.3188137931034,33.8599724137931
-0.336186082333991,-0.801509256187764,0.0702012991848671,-0.205416408583867,0.337646470789557,22.7461655172414,33.8599724137931
-0.218047087854528,-0.801509256187764,0.0550452411146782,-0.212263917750891,0.313387275752617,26.1735172413793,33.8599724137931
-0.0999080933750645,-0.801509256187764,0.0399720684241958,-0.2183480614403,0.291740657964277,29.6008689655172,33.8599724137931
0.0182309011043986,-0.801509256187764,0.0249756497780864,-0.226222761392497,0.269488464592751,33.0282206896552,33.8599724137931
0.136369895583862,-0.801509256187764,0.0100510368047491,-0.233695785567395,0.249776162879836,36.4555724137931,33.8599724137931
0.254508890063325,-0.801509256187764,-0.00480633738975289,-0.243633396474907,0.230726801818104,39.882924137931,33.8599724137931
0.372647884542788,-0.801509256187764,-0.0196010394086679,-0.255181563604325,0.213637121866082,43.310275862069,33.8599724137931
0.490786879022251,-0.801509256187764,-0.0343375600998768,-0.268759112870689,0.197092825554473,46.7376275862069,33.8599724137931
0.608925873501715,-0.801509256187764,-0.0490179602772882,-0.280911549414246,0.182080731616664,50.1649793103448,33.8599724137931
0.727064867981178,-0.801509256187764,-0.0636407335674867,-0.295636682833609,0.167415935105891,53.5923310344828,33.8599724137931
0.845203862460641,-0.801509256187764,-0.0782026985524698,-0.309041809182644,0.152822922319069,57.0196827586207,33.8599724137931
0.963342856940104,-0.801509256187764,-0.0926998994854717,-0.324099462261805,0.141367113176437,60.4470344827586,33.8599724137931
1.08148185141957,-0.801509256187764,-0.107128283814937,-0.341270077525766,0.131320211293065,63.8743862068965,33.8599724137931
1.19962084589903,-0.801509256187764,-0.121483799476022,-0.359611400152578,0.121469652179838,67.3017379310345,33.8599724137931
1.31775984037849,-0.801509256187764,-0.135763311192133,-0.38024287326852,0.113891394850125,70.7290896551724,33.8599724137931
1.43589883485796,-0.801509256187764,-0.149966953381775,-0.400293535698616,0.106673418934991,74.1564413793103,33.8599724137931
1.55403782933742,-0.801509256187764,-0.164098603250203,-0.422236778014607,0.099939933071759,77.5837931034483,33.8599724137931
1.67217682381688,-0.801509256187764,-0.178167904498894,-0.44359338101604,0.0934733856360079,81.0111448275862,33.8599724137931
1.79031581829635,-0.801509256187764,-0.192191219453967,-0.464455512485268,0.0898394904429809,84.4384965517241,33.8599724137931
1.90845481277581,-0.801509256187764,-0.20618546032487,-0.488124994223967,0.0860776763352056,87.8658482758621,33.8599724137931
2.02659380725527,-0.801509256187764,-0.220166594669238,-0.512489792835948,0.082364183435168,91.2932,33.8599724137931
-1.39943703264916,-0.673637860053788,0.206109711664333,-0.15299948214042,0.556393942019995,-8.1,35.3077517241379
-1.2812980381697,-0.673637860053788,0.19043491022661,-0.155459098113918,0.52809917217969,-4.67264827586207,35.3077517241379
-1.16315904369023,-0.673637860053788,0.174770349757662,-0.15813716382406,0.500437401707654,-1.24529655172414,35.3077517241379
-1.04502004921077,-0.673637860053788,0.15912707018164,-0.162432996106787,0.470709334436305,2.18205517241379,35.3077517241379
-0.926881054731307,-0.673637860053788,0.143520223676829,-0.167283098091775,0.443104849330116,5.60940689655172,35.3077517241379
-0.808742060251843,-0.673637860053788,0.127966797477005,-0.171754994316009,0.418041816771165,9.03675862068965,35.3077517241379
-0.69060306577238,-0.673637860053788,0.112483018587339,-0.176894164613997,0.391717685332669,12.4641103448276,35.3077517241379
-0.572464071292917,-0.673637860053788,0.0970816214372214,-0.182791642872674,0.367209907860711,15.8914620689655,35.3077517241379
-0.454325076813454,-0.673637860053788,0.0817685160187085,-0.189135375275613,0.343948476306815,19.3188137931034,35.3077517241379
-0.336186082333991,-0.673637860053788,0.0665426334601444,-0.196366173797172,0.319915879947212,22.7461655172414,35.3077517241379
-0.218047087854528,-0.673637860053788,0.0513990691985602,-0.202676814003714,0.296637848563178,26.1735172413793,35.3077517241379
-0.0999080933750645,-0.673637860053788,0.0363320346770202,-0.210824150968633,0.275642914449218,29.6008689655172,35.3077517241379
0.0182309011043986,-0.673637860053788,0.0213361480206751,-0.220176706335268,0.256165759844925,33.0282206896552,35.3077517241379
0.136369895583862,-0.673637860053788,0.00640712553671552,-0.230529871586534,0.237360509597673,36.4555724137931,35.3077517241379
0.254508890063325,-0.673637860053788,-0.00845896336693452,-0.24191616564628,0.21933524559498,39.882924137931,35.3077517241379
0.372647884542788,-0.673637860053788,-0.0232660490132868,-0.252994289811346,0.205155389924507,43.310275862069,35.3077517241379
0.490786879022251,-0.673637860053788,-0.038017993437266,-0.266509809186907,0.189744823181595,46.7376275862069,35.3077517241379
0.608925873501715,-0.673637860053788,-0.0527164695745472,-0.280481716822905,0.174860629165631,50.1649793103448,35.3077517241379
0.727064867981178,-0.673637860053788,-0.0673599462220282,-0.294899946857125,0.160781228763481,53.5923310344828,35.3077517241379
0.845203862460641,-0.673637860053788,-0.0819454289277119,-0.311013735695395,0.149069207083413,57.0196827586207,35.3077517241379
0.963342856940104,-0.673637860053788,-0.0964692840428401,-0.327958654847519,0.137412262784427,60.4470344827586,35.3077517241379
1.08148185141957,-0.673637860053788,-0.11092780079443,-0.345383086570162,0.128059975082642,63.8743862068965,35.3077517241379
1.19962084589903,-0.673637860053788,-0.125317268869748,-0.365893763809057,0.120111967756189,67.3017379310345,35.3077517241379
1.31775984037849,-0.673637860053788,-0.139634844896528,-0.385471709429191,0.11289648986839,70.7290896551724,35.3077517241379
1.43589883485796,-0.673637860053788,-0.153880774603899,-0.407598738630377,0.105087541207511,74.1564413793103,35.3077517241379
1.55403782933742,-0.673637860053788,-0.168058822224204,-0.429462871766147,0.0995981645449766,77.5837931034483,35.3077517241379
1.67217682381688,-0.673637860053788,-0.182178143959904,-0.452174614541933,0.0941277165404988,81.0111448275862,35.3077517241379
1.79031581829635,-0.673637860053788,-0.196254167911448,-0.474499710736668,0.0896786267701306,84.4384965517241,35.3077517241379
1.90845481277581,-0.673637860053788,-0.210302831553048,-0.49804644381722,0.0851493279829723,87.8658482758621,35.3077517241379
2.02659380725527,-0.673637860053788,-0.224339165420998,-0.523596326234142,0.0808521248513738,91.2932,35.3077517241379
-1.39943703264916,-0.545766463919811,0.202087214345205,-0.137479389329979,0.531795981124326,-8.1,36.7555310344828
-1.2812980381697,-0.545766463919811,0.186470793247448,-0.140644912803116,0.503843281875537,-4.67264827586207,36.7555310344828
-1.16315904369023,-0.545766463919811,0.170863765571229,-0.143002671767741,0.477184808600517,-1.24529655172414,36.7555310344828
-1.04502004921077,-0.545766463919811,0.155276253984609,-0.147662380847706,0.449331334631823,2.18205517241379,36.7555310344828
-0.926881054731307,-0.545766463919811,0.139722130791975,-0.153414997165811,0.423699540080295,5.60940689655172,36.7555310344828
-0.808742060251843,-0.545766463919811,0.124216929240221,-0.158948816258987,0.39829708413032,9.03675862068965,36.7555310344828
-0.69060306577238,-0.545766463919811,0.108775478128096,-0.16578868529273,0.373427926869038,12.4641103448276,36.7555310344828
-0.572464071292917,-0.545766463919811,0.0934094092117785,-0.172392452720175,0.349944101510002,15.8914620689655,36.7555310344828
-0.454325076813454,-0.545766463919811,0.0781241251656737,-0.180063165301127,0.325259123735682,19.3188137931034,36.7555310344828
-0.336186082333991,-0.545766463919811,0.062918686140812,-0.187674887819122,0.302752270971539,22.7461655172414,36.7555310344828
-0.218047087854528,-0.545766463919811,0.0477886939281427,-0.195189854837102,0.282137335627543,26.1735172413793,36.7555310344828
-0.0999080933750645,-0.545766463919811,0.0327290385018522,-0.204516107183798,0.262900755196469,29.6008689655172,36.7555310344828
0.0182309011043986,-0.545766463919811,0.0177350572755146,-0.214663577567965,0.244220530577782,33.0282206896552,36.7555310344828
0.136369895583862,-0.545766463919811,0.00280311121826138,-0.226456230230341,0.2280748730112,36.4555724137931,36.7555310344828
0.254508890063325,-0.545766463919811,-0.0120701108990353,-0.23997651432887,0.212075047810926,39.882924137931,36.7555310344828
0.372647884542788,-0.545766463919811,-0.0268879200557168,-0.25237034172319,0.19742970185218,43.310275862069,36.7555310344828
0.490786879022251,-0.545766463919811,-0.0416535659061468,-0.266404871604485,0.183238468905023,46.7376275862069,36.7555310344828
0.608925873501715,-0.545766463919811,-0.0563683337534941,-0.281050650344513,0.169151475319816,50.1649793103448,36.7555310344828
0.727064867981178,-0.545766463919811,-0.071030643887843,-0.297814582958847,0.156457739783912,53.5923310344828,36.7555310344828
0.845203862460641,-0.545766463919811,-0.0856376530870775,-0.313868337367553,0.145043382365148,57.0196827586207,36.7555310344828
0.963342856940104,-0.545766463919811,-0.100186007621316,-0.333106179517728,0.135529976919032,60.4470344827586,36.7555310344828
1.08148185141957,-0.545766463919811,-0.114672295445525,-0.352921573154299,0.126487940317112,63.8743862068965,36.7555310344828
1.19962084589903,-0.545766463919811,-0.129093104951024,-0.373461284975201,0.119631810558126,67.3017379310345,36.7555310344828
1.31775984037849,-0.545766463919811,-0.143445846453477,-0.395659020704741,0.112895397926192,70.7290896551724,36.7555310344828
1.43589883485796,-0.545766463919811,-0.157730856091619,-0.41778000600845,0.106140100439727,74.1564413793103,36.7555310344828
1.55403782933742,-0.545766463919811,-0.171951784578141,-0.439056986246432,0.100543705969232,77.5837931034483,36.7555310344828
1.67217682381688,-0.545766463919811,-0.186117332783709,-0.462888310819165,0.0952795440967522,81.0111448275862,36.7555310344828
1.79031581829635,-0.545766463919811,-0.200242065426168,-0.486951735528615,0.0911315771256103,84.4384965517241,36.7555310344828
1.90845481277581,-0.545766463919811,-0.214341019705989,-0.510840885755577,0.0884027301350492,87.8658482758621,36.7555310344828
2.02659380725527,-0.545766463919811,-0.22842836112865,-0.535021802842118,0.0845889442869572,91.2932,36.7555310344828
-1.39943703264916,-0.417895067785836,0.198096467870184,-0.124616174142209,0.509267465646062,-8.1,38.2033103448276
-1.2812980381697,-0.417895067785836,0.182538069084067,-0.128891575657523,0.482253423918594,-4.67264827586207,38.2033103448276
-1.16315904369023,-0.417895067785836,0.166988265497481,-0.131501388447492,0.455686580515029,-1.24529655172414,38.2033103448276
-1.04502004921077,-0.417895067785836,0.151456314642106,-0.136088669816677,0.427885005563079,2.18205517241379,38.2033103448276
-0.926881054731307,-0.417895067785836,0.13595487386156,-0.142264431970981,0.4027395878525,5.60940689655172,38.2033103448276
-0.808742060251843,-0.417895067785836,0.120498087611466,-0.149175863740797,0.379912341778203,9.03675862068965,38.2033103448276
-0.69060306577238,-0.417895067785836,0.105099443334128,-0.155900789726533,0.355930714987638,12.4641103448276,38.2033103448276
-0.572464071292917,-0.417895067785836,0.0897695041783191,-0.162738831966077,0.332403582447436,15.8914620689655,38.2033103448276
-0.454325076813454,-0.417895067785836,0.0745131585346641,-0.171196195347267,0.310678606344675,19.3188137931034,38.2033103448276
-0.336186082333991,-0.417895067785836,0.0593295508567344,-0.179737540642085,0.28998039164761,22.7461655172414,38.2033103448276
-0.218047087854528,-0.417895067785836,0.044214727881716,-0.189868189900771,0.27009507613176,26.1735172413793,38.2033103448276
-0.0999080933750645,-0.417895067785836,0.0291642063079931,-0.198811143396934,0.251919497852324,29.6008689655172,38.2033103448276
0.0182309011043986,-0.417895067785836,0.0141740059793023,-0.211493376875938,0.23387373426011,33.0282206896552,38.2033103448276
0.136369895583862,-0.417895067785836,-0.000758893170593078,-0.224050718225964,0.218864619520066,36.4555724137931,38.2033103448276
0.254508890063325,-0.417895067785836,-0.0156372053161948,-0.23815799547971,0.204270853762378,39.882924137931,38.2033103448276
0.372647884542788,-0.417895067785836,-0.0304636443989137,-0.252208605987619,0.189347916076707,43.310275862069,38.2033103448276
0.490786879022251,-0.417895067785836,-0.0452408694198034,-0.267031262053846,0.176328063139372,46.7376275862069,38.2033103448276
0.608925873501715,-0.417895067785836,-0.0599697811822537,-0.283463113579994,0.164799762345084,50.1649793103448,38.2033103448276
0.727064867981178,-0.417895067785836,-0.0746487269746461,-0.300719895831391,0.153726538510582,53.5923310344828,38.2033103448276
0.845203862460641,-0.417895067785836,-0.0892749757438436,-0.319944153646684,0.144299374785739,57.0196827586207,38.2033103448276
0.963342856940104,-0.417895067785836,-0.103845406306023,-0.338956604661056,0.134906086401766,60.4470344827586,38.2033103448276
1.08148185141957,-0.417895067785836,-0.118356856812849,-0.36143319767615,0.127443157085172,63.8743862068965,38.2033103448276
1.19962084589903,-0.417895067785836,-0.132806165831045,-0.384761747037047,0.119977734709438,67.3017379310345,38.2033103448276
1.31775984037849,-0.417895067785836,-0.147190953745231,-0.406377807634296,0.113652172736742,70.7290896551724,38.2033103448276
1.43589883485796,-0.417895067785836,-0.161511621134685,-0.429154648774189,0.108869624898675,74.1564413793103,38.2033103448276
1.55403782933742,-0.417895067785836,-0.175771700314037,-0.453185045592541,0.103423913957808,77.5837931034483,38.2033103448276
1.67217682381688,-0.417895067785836,-0.189979466446239,-0.477359025648328,0.100369195586012,81.0111448275862,38.2033103448276
1.79031581829635,-0.417895067785836,-0.204148691495583,-0.500608248104225,0.0972128281649272,84.4384965517241,38.2033103448276
1.90845481277581,-0.417895067785836,-0.218293586956141,-0.524512352533211,0.093564882399586,87.8658482758621,38.2033103448276
2.02659380725527,-0.417895067785836,-0.232427525906187,-0.550758195942846,0.0917977437123749,91.2932,38.2033103448276
-1.39943703264916,-0.29002367165186,0.194135780566075,-0.112905471952078,0.490642950567768,-8.1,39.6510896551724
-1.2812980381697,-0.29002367165186,0.178635303607982,-0.115750910917589,0.46299396885458,-4.67264827586207,39.6510896551724
-1.16315904369023,-0.29002367165186,0.16314267732977,-0.120896454800443,0.43619934236855,-1.24529655172414,39.6510896551724
-1.04502004921077,-0.29002367165186,0.147666350857185,-0.127525519198002,0.411853263302751,2.18205517241379,39.6510896551724
-0.926881054731307,-0.29002367165186,0.132217837120154,-0.133480953304568,0.387348185967269,5.60940689655172,39.6510896551724
-0.808742060251843,-0.29002367165186,0.116809962449876,-0.139595029641269,0.363470998754498,9.03675862068965,39.6510896551724
-0.69060306577238,-0.29002367165186,0.101454934357997,-0.148326930000537,0.341055160022053,12.4641103448276,39.6510896551724
-0.572464071292917,-0.29002367165186,0.0861622836477984,-0.155762582938752,0.318400253944075,15.8914620689655,39.6510896551724
-0.454325076813454,-0.29002367165186,0.0709363753012635,-0.164830173506224,0.297701039806033,19.3188137931034,39.6510896551724
-0.336186082333991,-0.29002367165186,0.055776387036687,-0.174443481264555,0.277686529451051,22.7461655172414,39.6510896551724
-0.218047087854528,-0.29002367165186,0.0406787408002436,-0.184247130606104,0.259361843962863,26.1735172413793,39.6510896551724
-0.0999080933750645,-0.29002367165186,0.0256395203839275,-0.195010687410264,0.242020128193876,29.6008689655172,39.6510896551724
0.0182309011043986,-0.29002367165186,0.0106553845717883,-0.208511332317611,0.225982649160903,33.0282206896552,39.6510896551724
0.136369895583862,-0.29002367165186,-0.00427609895766157,-0.22245487859814,0.211918183460618,36.4555724137931,39.6510896551724
0.254508890063325,-0.29002367165186,-0.0191570748125962,-0.23708988983008,0.197500764609166,39.882924137931,39.6510896551724
0.372647884542788,-0.29002367165186,-0.0339896873819516,-0.253134803125595,0.184341195506912,43.310275862069,39.6510896551724
0.490786879022251,-0.29002367165186,-0.0487760318433876,-0.269986841140617,0.172550664862181,46.7376275862069,39.6510896551724
0.608925873501715,-0.29002367165186,-0.063516630243234,-0.287700796527052,0.162539132338846,50.1649793103448,39.6510896551724
0.727064867981178,-0.29002367165186,-0.0782097311733003,-0.30707247106336,0.153013837717176,53.5923310344828,39.6510896551724
0.845203862460641,-0.29002367165186,-0.0928526730174162,-0.326274171504471,0.143481456202154,57.0196827586207,39.6510896551724
0.963342856940104,-0.29002367165186,-0.107442514318631,-0.348715364698011,0.135901628565096,60.4470344827586,39.6510896551724
1.08148185141957,-0.29002367165186,-0.121976289178223,-0.371626199440958,0.128396506700341,63.8743862068965,39.6510896551724
1.19962084589903,-0.29002367165186,-0.136451032093944,-0.395174039617236,0.123609476961758,67.3017379310345,39.6510896551724
1.31775984037849,-0.29002367165186,-0.150864524380208,-0.420296509984372,0.118426660401188,70.7290896551724,39.6510896551724
1.43589883485796,-0.29002367165186,-0.165217200315437,-0.4448133271223,0.114706053053995,74.1564413793103,39.6510896551724
1.55403782933742,-0.29002367165186,-0.1795124653384,-0.468239831992117,0.110012578453193,77.5837931034483,39.6510896551724
1.67217682381688,-0.29002367165186,-0.193758197328998,-0.49392280434049,0.109327024630489,81.0111448275862,39.6510896551724
1.79031581829635,-0.29002367165186,-0.207967447947094,-0.519111843235478,0.106089051623802,84.4384965517241,39.6510896551724
1.90845481277581,-0.29002367165186,-0.222153679735366,-0.545039623636547,0.10323239025318,87.8658482758621,39.6510896551724
2.02659380725527,-0.29002367165186,-0.2363295484902,-0.570123887337436,0.102395259925262,91.2932,39.6510896551724
-1.39943703264916,-0.162152275517883,0.190209327936998,-0.10422034589467,0.473501610282542,-8.1,41.0988689655172
-1.2812980381697,-0.162152275517883,0.174766539113131,-0.108053620085461,0.446363631239413,-4.67264827586207,41.0988689655172
-1.16315904369023,-0.162152275517883,0.159330916477155,-0.113504343183703,0.418783594039907,-1.24529655172414,41.0988689655172
-1.04502004921077,-0.162152275517883,0.143910164186435,-0.12078136678462,0.394772702127647,2.18205517241379,41.0988689655172
-0.926881054731307,-0.162152275517883,0.128514729799824,-0.125914361599744,0.372077938159305,5.60940689655172,41.0988689655172
-0.808742060251843,-0.162152275517883,0.113156200877376,-0.13221405807385,0.349270112303947,9.03675862068965,41.0988689655172
-0.69060306577238,-0.162152275517883,0.0978455741005435,-0.140292975009729,0.328163204303979,12.4641103448276,41.0988689655172
-0.572464071292917,-0.162152275517883,0.0825913889354464,-0.150081301053132,0.307261241355905,15.8914620689655,41.0988689655172
-0.454325076813454,-0.162152275517883,0.0673974771935684,-0.159411465041577,0.28637771438791,19.3188137931034,41.0988689655172
-0.336186082333991,-0.162152275517883,0.0522629930550944,-0.170402773432867,0.266450409727471,22.7461655172414,41.0988689655172
-0.218047087854528,-0.162152275517883,0.0371846557135318,-0.181017023985298,0.24904835723774,26.1735172413793,41.0988689655172
-0.0999080933750645,-0.162152275517883,0.0221590488527141,-0.193974302695272,0.232395063153496,29.6008689655172,41.0988689655172
0.0182309011043986,-0.162152275517883,0.00718342060685839,-0.206943750581872,0.21849224662734,33.0282206896552,41.0988689655172
0.136369895583862,-0.162152275517883,-0.0077441096010229,-0.222435959434235,0.204251146975026,36.4555724137931,41.0988689655172
0.254508890063325,-0.162152275517883,-0.0226251486749491,-0.238074025291901,0.191625994554428,39.882924137931,41.0988689655172
0.372647884542788,-0.162152275517883,-0.0374613033104001,-0.25636887986784,0.180753395806549,43.310275862069,41.0988689655172
0.490786879022251,-0.162152275517883,-0.0522541359852629,-0.273306997972781,0.170889541065415,46.7376275862069,41.0988689655172
0.608925873501715,-0.162152275517883,-0.0670037974509559,-0.293127942129514,0.162584058220312,50.1649793103448,41.0988689655172
0.727064867981178,-0.162152275517883,-0.0817084097556726,-0.313152105906922,0.153115621745813,53.5923310344828,41.0988689655172
0.845203862460641,-0.162152275517883,-0.0963653335936803,-0.335718989583677,0.146338120021744,57.0196827586207,41.0988689655172
0.963342856940104,-0.162152275517883,-0.110971748585244,-0.359851624917628,0.13989165796371,60.4470344827586,41.0988689655172
1.08148185141957,-0.162152275517883,-0.125524824494138,-0.383548141150299,0.134775064966631,63.8743862068965,41.0988689655172
1.19962084589903,-0.162152275517883,-0.140021731465003,-0.4083424967085,0.129522146542104,67.3017379310345,41.0988689655172
1.31775984037849,-0.162152275517883,-0.154460357050411,-0.433477829194663,0.124489803905202,70.7290896551724,41.0988689655172
1.43589883485796,-0.162152275517883,-0.168841134704608,-0.459308075888564,0.122159435166153,74.1564413793103,41.0988689655172
1.55403782933742,-0.162152275517883,-0.183167332962858,-0.48541487520388,0.119630779654556,77.5837931034483,41.0988689655172
1.67217682381688,-0.162152275517883,-0.197446463139564,-0.512403968228533,0.118380247606558,81.0111448275862,41.0988689655172
1.79031581829635,-0.162152275517883,-0.211690935964189,-0.5387328635717,0.115764474210737,84.4384965517241,41.0988689655172
1.90845481277581,-0.162152275517883,-0.225913549178821,-0.564807299302043,0.115812592102874,87.8658482758621,41.0988689655172
2.02659380725527,-0.162152275517883,-0.240126323783232,-0.592490720816895,0.114521113945302,91.2932,41.0988689655172
-1.39943703264916,-0.0342808793839073,0.186335227841693,-0.100872758060393,0.46139430050514,-8.1,42.5466482758621
-1.2812980381697,-0.0342808793839073,0.170948824372071,-0.10410610058453,0.43414969331423,-4.67264827586207,42.5466482758621
-1.16315904369023,-0.0342808793839073,0.155568973243099,-0.10659566913205,0.409248751555499,-1.24529655172414,42.5466482758621
-1.04502004921077,-0.0342808793839073,0.140202708412759,-0.110618638895881,0.385475138593108,2.18205517241379,42.5466482758621
-0.926881054731307,-0.0342808793839073,0.12485950595999,-0.118033497206345,0.361992883368205,5.60940689655172,42.5466482758621
-0.808742060251843,-0.0342808793839073,0.109549809906005,-0.125267801500994,0.33908219125025,9.03675862068965,42.5466482758621
-0.69060306577238,-0.0342808793839073,0.0942834898551723,-0.135079292276228,0.317421582171647,12.4641103448276,42.5466482758621
-0.572464071292917,-0.0342808793839073,0.079068145539551,-0.14457651386352,0.296056576559686,15.8914620689655,42.5466482758621
-0.454325076813454,-0.0342808793839073,0.0639070689279473,-0.154875815715769,0.276107379168859,19.3188137931034,42.5466482758621
-0.336186082333991,-0.0342808793839073,0.0487993298317027,-0.166620315313083,0.258698350143255,22.7461655172414,42.5466482758621
-0.218047087854528,-0.0342808793839073,0.0337418593363212,-0.179051808210386,0.241228510158517,26.1735172413793,42.5466482758621
-0.0999080933750645,-0.0342808793839073,0.0187316674067406,-0.19337741133458,0.225308931979854,29.6008689655172,42.5466482758621
0.0182309011043986,-0.0342808793839073,0.00376653758909229,-0.207003101749799,0.212272978395879,33.0282206896552,42.5466482758621
0.136369895583862,-0.0342808793839073,-0.0111548975528386,-0.222732005097655,0.200771954613106,36.4555724137931,42.5466482758621
0.254508890063325,-0.0342808793839073,-0.0260337411500513,-0.240661064962865,0.189528572659617,39.882924137931,42.5466482758621
0.372647884542788,-0.0342808793839073,-0.0408710961321432,-0.258957777051498,0.179263075410877,43.310275862069,42.5466482758621
0.490786879022251,-0.0342808793839073,-0.055668025388383,-0.278235307354258,0.17231678211308,46.7376275862069,42.5466482758621
0.608925873501715,-0.0342808793839073,-0.0704243152355719,-0.299535114759812,0.16414100344812,50.1649793103448,42.5466482758621
0.727064867981178,-0.0342808793839073,-0.0851379289846301,-0.323319997899826,0.156688674504649,53.5923310344828,42.5466482758621
0.845203862460641,-0.0342808793839073,-0.0998061966458366,-0.346934873458104,0.150596207895008,57.0196827586207,42.5466482758621
0.963342856940104,-0.0342808793839073,-0.114426353896821,-0.371234959542653,0.145833566721604,60.4470344827586,42.5466482758621
1.08148185141957,-0.0342808793839073,-0.128995639458702,-0.396692707988181,0.141436835037498,63.8743862068965,42.5466482758621
1.19962084589903,-0.0342808793839073,-0.143511292421438,-0.422087579084476,0.137881952893594,67.3017379310345,42.5466482758621
1.31775984037849,-0.0342808793839073,-0.157971246632929,-0.448039016882184,0.134402345104375,70.7290896551724,42.5466482758621
1.43589883485796,-0.0342808793839073,-0.172375899094684,-0.475269960340378,0.132097236353697,74.1564413793103,42.5466482758621
1.55403782933742,-0.0342808793839073,-0.186728374969207,-0.502806211993018,0.130656593216605,77.5837931034483,42.5466482758621
1.67217682381688,-0.0342808793839073,-0.201035860379153,-0.532110633550467,0.130319518151379,81.0111448275862,42.5466482758621
1.79031581829635,-0.0342808793839073,-0.215310223400062,-0.560066609677826,0.129216516832765,84.4384965517241,42.5466482758621
1.90845481277581,-0.0342808793839073,-0.229563700716981,-0.588529094214699,0.129467745566037,87.8658482758621,42.5466482758621
2.02659380725527,-0.0342808793839073,-0.243807779558422,-0.616787058395509,0.129507194957237,91.2932,42.5466482758621
-1.39943703264916,0.0935905167500688,0.182545872139684,-0.0974310462964469,0.451902860080219,-8.1,43.9944275862069
-1.2812980381697,0.0935905167500688,0.167212514211513,-0.0998298412583976,0.42403273977813,-4.67264827586207,43.9944275862069
-1.16315904369023,0.0935905167500688,0.151885180066866,-0.104517826408553,0.399742201295755,-1.24529655172414,43.9944275862069
-1.04502004921077,0.0935905167500688,0.136570323912744,-0.10914537963481,0.37587123206047,2.18205517241379,43.9944275862069
-0.926881054731307,0.0935905167500688,0.121276565111923,-0.115473432319801,0.352145271888397,5.60940689655172,43.9944275862069
-0.808742060251843,0.0935905167500688,0.106013322144525,-0.122895076097763,0.328898035100038,9.03675862068965,43.9944275862069
-0.69060306577238,0.0935905167500688,0.0907894426783797,-0.133396420208451,0.308748322458559,12.4641103448276,43.9944275862069
-0.572464071292917,0.0935905167500688,0.0756116546757339,-0.143369081199327,0.287870717568698,15.8914620689655,43.9944275862069
-0.454325076813454,0.0935905167500688,0.0604827106203705,-0.15376048101264,0.268329874120949,19.3188137931034,43.9944275862069
-0.336186082333991,0.0935905167500688,0.0454015333314306,-0.166213367136444,0.250962700261842,22.7461655172414,43.9944275862069
-0.218047087854528,0.0935905167500688,0.0303651745070372,-0.179177554847541,0.234807499674918,26.1735172413793,43.9944275862069
-0.0999080933750645,0.0935905167500688,0.015370992148565,-0.194436851056124,0.220565666971206,29.6008689655172,43.9944275862069
0.0182309011043986,0.0935905167500688,0.00041724921765951,-0.20797536595528,0.208276119875856,33.0282206896552,43.9944275862069
0.136369895583862,0.0935905167500688,-0.0144969471489365,-0.225214943606632,0.197224832912676,36.4555724137931,43.9944275862069
0.254508890063325,0.0935905167500688,-0.0293722295652548,-0.244330976130339,0.187271003394255,39.882924137931,43.9944275862069
0.372647884542788,0.0935905167500688,-0.0442092304470161,-0.263203832851412,0.179531909178105,43.310275862069,43.9944275862069
0.490786879022251,0.0935905167500688,-0.0590085454540903,-0.285309626742954,0.173103611471008,46.7376275862069,43.9944275862069
0.608925873501715,0.0935905167500688,-0.0737696001607959,-0.309286871865996,0.166977772880772,50.1649793103448,43.9944275862069
0.727064867981178,0.0935905167500688,-0.08849016045154,-0.333346993846108,0.161035697851681,53.5923310344828,43.9944275862069
0.845203862460641,0.0935905167500688,-0.103167465562147,-0.357510164189564,0.157335948059036,57.0196827586207,43.9944275862069
0.963342856940104,0.0935905167500688,-0.117798735693955,-0.383914916162682,0.154002461850558,60.4470344827586,43.9944275862069
1.08148185141957,0.0935905167500688,-0.132381205443566,-0.409768265884816,0.149705305048095,63.8743862068965,43.9944275862069
1.19962084589903,0.0935905167500688,-0.146912109768961,-0.437811004065663,0.146832002713703,67.3017379310345,43.9944275862069
1.31775984037849,0.0935905167500688,-0.161389364337111,-0.464629345479782,0.14440242743188,70.7290896551724,43.9944275862069
1.43589883485796,0.0935905167500688,-0.175813296041267,-0.493432992018705,0.142910918898478,74.1564413793103,43.9944275862069
1.55403782933742,0.0935905167500688,-0.190186889224086,-0.523881604985207,0.144079796838979,77.5837931034483,43.9944275862069
1.67217682381688,0.0935905167500688,-0.20451706544105,-0.553423101267742,0.144056366335302,81.0111448275862,43.9944275862069
1.79031581829635,0.0935905167500688,-0.218815279336835,-0.583300724216758,0.145073515789725,84.4384965517241,43.9944275862069
1.90845481277581,0.0935905167500688,-0.233093342115504,-0.612559434219639,0.146045295657868,87.8658482758621,43.9944275862069
2.02659380725527,0.0935905167500688,-0.247362337999087,-0.642853019369299,0.148285273822618,91.2932,43.9944275862069
-1.39943703264916,0.221461912884044,0.178880910524251,-0.0989454719492244,0.446802738415506,-8.1,45.4422068965517
-1.2812980381697,0.221461912884044,0.163594711747858,-0.101259043797856,0.420155880008736,-4.67264827586207,45.4422068965517
-1.16315904369023,0.221461912884044,0.148314109603952,-0.103979141211718,0.39449402215216,-1.24529655172414,45.4422068965517
-1.04502004921077,0.221461912884044,0.133045086277375,-0.108688962233702,0.371080741809382,2.18205517241379,45.4422068965517
-0.926881054731307,0.221461912884044,0.117795542359602,-0.115283960125139,0.347558545984804,5.60940689655172,45.4422068965517
-0.808742060251843,0.221461912884044,0.102574014307769,-0.122441040849802,0.324877006752507,9.03675862068965,45.4422068965517
-0.69060306577238,0.221461912884044,0.0873884571679242,-0.132953958318754,0.302071725680548,12.4641103448276,45.4422068965517
-0.572464071292917,0.221461912884044,0.0722448140489966,-0.143258951777921,0.280990073414935,15.8914620689655,45.4422068965517
-0.454325076813454,0.221461912884044,0.05714530754299,-0.153772200521119,0.261939693125283,19.3188137931034,45.4422068965517
-0.336186082333991,0.221461912884044,0.042088650917218,-0.16570872026516,0.244684208697023,22.7461655172414,45.4422068965517
-0.218047087854528,0.221461912884044,0.0270719209946311,-0.17892439004972,0.229695236354361,26.1735172413793,45.4422068965517
-0.0999080933750645,0.221461912884044,0.0120927427380937,-0.195108924247745,0.216219792658555,29.6008689655172,45.4422068965517
0.0182309011043986,0.221461912884044,-0.00285019761554284,-0.21102617446038,0.204634686781586,33.0282206896552,45.4422068965517
0.136369895583862,0.221461912884044,-0.0177573549339667,-0.229322442613464,0.195835900709178,36.4555724137931,45.4422068965517
0.254508890063325,0.221461912884044,-0.0326289219298548,-0.249237404602529,0.186980566479875,39.882924137931,45.4422068965517
0.372647884542788,0.221461912884044,-0.0474650911161205,-0.270580387499355,0.181375429088678,43.310275862069,45.4422068965517
0.490786879022251,0.221461912884044,-0.0622660205765881,-0.294324179441098,0.175665925055877,46.7376275862069,45.4422068965517
0.608925873501715,0.221461912884044,-0.0770307740943452,-0.319559310241038,0.17066570587441,50.1649793103448,45.4422068965517
0.727064867981178,0.221461912884044,-0.091756874027662,-0.343659831300956,0.167138628511297,53.5923310344828,45.4422068965517
0.845203862460641,0.221461912884044,-0.106441401483946,-0.370805162544644,0.163238026043834,57.0196827586207,45.4422068965517
0.963342856940104,0.221461912884044,-0.121081483718834,-0.396047178733819,0.160578652804432,60.4470344827586,45.4422068965517
1.08148185141957,0.221461912884044,-0.135674272447089,-0.42489259315809,0.159729576747634,63.8743862068965,45.4422068965517
1.19962084589903,0.221461912884044,-0.1502169197431,-0.453591801629409,0.158849059562359,67.3017379310345,45.4422068965517
1.31775984037849,0.221461912884044,-0.164707255094875,-0.484473058091666,0.157482380133742,70.7290896551724,45.4422068965517
1.43589883485796,0.221461912884044,-0.179145505692147,-0.514249550472053,0.157777550626247,74.1564413793103,45.4422068965517
1.55403782933742,0.221461912884044,-0.193534529757444,-0.544757014665395,0.160219873530918,77.5837931034483,45.4422068965517
1.67217682381688,0.221461912884044,-0.207881068538492,-0.5745996072203,0.162747264787645,81.0111448275862,45.4422068965517
1.79031581829635,0.221461912884044,-0.222196329145769,-0.606264766886526,0.164110218824202,84.4384965517241,45.4422068965517
1.90845481277581,0.221461912884044,-0.236491870490756,-0.637444039309811,0.165409680711877,87.8658482758621,45.4422068965517
2.02659380725527,0.221461912884044,-0.250778539517576,-0.669014179588634,0.16963113869939,91.2932,45.4422068965517
-1.39943703264916,0.349333309018021,0.175382512192653,-0.104927443280361,0.447892750606719,-8.1,46.8899862068966
-1.2812980381697,0.349333309018021,0.160134849269124,-0.1070551120355,0.420373622640157,-4.67264827586207,46.8899862068966
-1.16315904369023,0.349333309018021,0.144892473433032,-0.110033660749749,0.394825073084052,-1.24529655172414,46.8899862068966
-1.04502004921077,0.349333309018021,0.129661019961865,-0.1126826812444,0.368764686903171,2.18205517241379,46.8899862068966
-0.926881054731307,0.349333309018021,0.114447832047198,-0.118087025774995,0.344760495015117,5.60940689655172,46.8899862068966
-0.808742060251843,0.349333309018021,0.099260733569031,-0.125756028371336,0.320204431270634,9.03675862068965,46.8899862068966
-0.69060306577238,0.349333309018021,0.0841069409399133,-0.135813143985704,0.298722267528537,12.4641103448276,46.8899862068966
-0.572464071292917,0.349333309018021,0.0689917189346216,-0.145325252391068,0.277649442580303,15.8914620689655,46.8899862068966
-0.454325076813454,0.349333309018021,0.053916779999057,-0.155487167942449,0.258251953384012,19.3188137931034,46.8899862068966
-0.336186082333991,0.349333309018021,0.0388805665281762,-0.168517473998126,0.240474279150128,22.7461655172414,46.8899862068966
-0.218047087854528,0.349333309018021,0.0238800820811644,-0.183271208983935,0.226174709477305,26.1735172413793,46.8899862068966
-0.0999080933750645,0.349333309018021,0.0089131359611625,-0.198469964751564,0.214100051727933,29.6008689655172,46.8899862068966
0.0182309011043986,0.349333309018021,-0.00602121739670003,-0.216459038609861,0.204071329044819,33.0282206896552,46.8899862068966
0.136369895583862,0.349333309018021,-0.0209230283325352,-0.235744044645379,0.197407915336512,36.4555724137931,46.8899862068966
0.254508890063325,0.349333309018021,-0.0357920765416015,-0.257121343721456,0.189754846555756,39.882924137931,46.8899862068966
0.372647884542788,0.349333309018021,-0.0506281415129244,-0.280247920349865,0.183995031648899,43.310275862069,46.8899862068966
0.490786879022251,0.349333309018021,-0.0654309696211779,-0.303654184637931,0.1789985248198,46.7376275862069,46.8899862068966
0.608925873501715,0.349333309018021,-0.0801992563352434,-0.329152151262923,0.175691081357979,50.1649793103448,46.8899862068966
0.727064867981178,0.349333309018021,-0.0949302267987615,-0.35570384613949,0.173244027991877,53.5923310344828,46.8899862068966
0.845203862460641,0.349333309018021,-0.109620729657305,-0.382502534114099,0.171237253696757,57.0196827586207,46.8899862068966
0.963342856940104,0.349333309018021,-0.124267716498819,-0.410915348193847,0.16852109452081,60.4470344827586,46.8899862068966
1.08148185141957,0.349333309018021,-0.138868172470404,-0.441611246572433,0.168142117366502,63.8743862068965,46.8899862068966
1.19962084589903,0.349333309018021,-0.153419083083936,-0.472528803746072,0.170158293901132,67.3017379310345,46.8899862068966
1.31775984037849,0.349333309018021,-0.167918120957498,-0.502817347891766,0.171781343347057,70.7290896551724,46.8899862068966
1.43589883485796,0.349333309018021,-0.182365389148521,-0.533646859018228,0.174544588073737,74.1564413793103,46.8899862068966
1.55403782933742,0.349333309018021,-0.196763647938932,-0.565841670769637,0.175885744397989,77.5837931034483,46.8899862068966
1.67217682381688,0.349333309018021,-0.211119567683002,-0.598762283674098,0.179389964191017,81.0111448275862,46.8899862068966
1.79031581829635,0.349333309018021,-0.225444312205169,-0.629183017452847,0.181577717777492,84.4384965517241,46.8899862068966
1.90845481277581,0.349333309018021,-0.239749400586557,-0.661510368163306,0.186751795186163,87.8658482758621,46.8899862068966
2.02659380725527,0.349333309018021,-0.254045644636449,-0.693299084372712,0.190572317012613,91.2932,46.8899862068966
-1.39943703264916,0.477204705151997,0.172089147184178,-0.115116627234636,0.451653039850894,-8.1,48.3377655172414
-1.2812980381697,0.477204705151997,0.156868853232,-0.116289402682551,0.422320618531297,-4.67264827586207,48.3377655172414
-1.16315904369023,0.477204705151997,0.141653667829196,-0.117182444892692,0.395508221115429,-1.24529655172414,48.3377655172414
-1.04502004921077,0.477204705151997,0.126449018868485,-0.11897688812841,0.369484900157393,2.18205517241379,48.3377655172414
-0.926881054731307,0.477204705151997,0.111261873095806,-0.122735464007441,0.343350774214012,5.60940689655172,48.3377655172414
-0.808742060251843,0.477204705151997,0.0960995331533088,-0.130790461962375,0.319907389557075,9.03675862068965,48.3377655172414
-0.69060306577238,0.477204705151997,0.0809686518210393,-0.139282685406891,0.297731669098197,12.4641103448276,48.3377655172414
-0.572464071292917,0.477204705151997,0.06587393915231,-0.149217346525091,0.276292458013629,15.8914620689655,48.3377655172414
-0.454325076813454,0.477204705151997,0.0508166269516406,-0.160569299497297,0.2555133670921,19.3188137931034,48.3377655172414
-0.336186082333991,0.477204705151997,0.0357948282628788,-0.171543612973877,0.23719156030945,22.7461655172414,48.3377655172414
-0.218047087854528,0.477204705151997,0.0208053746290633,-0.187114638897181,0.224854170510245,26.1735172413793,48.3377655172414
-0.0999080933750645,0.477204705151997,0.00584617774524854,-0.205273821824361,0.213498032890724,29.6008689655172,48.3377655172414
0.0182309011043986,0.477204705151997,-0.00908339216882537,-0.22355668652092,0.204204548597278,33.0282206896552,48.3377655172414
0.136369895583862,0.477204705151997,-0.0239830101987839,-0.242826015835499,0.197820888026162,36.4555724137931,48.3377655172414
0.254508890063325,0.477204705151997,-0.0388520652466575,-0.265280130802917,0.192019551637333,39.882924137931,48.3377655172414
0.372647884542788,0.477204705151997,-0.0536899459964042,-0.289910261281142,0.186136852324809,43.310275862069,48.3377655172414
0.490786879022251,0.477204705151997,-0.0684960082920272,-0.314384270418552,0.18220902510493,46.7376275862069,48.3377655172414
0.608925873501715,0.477204705151997,-0.0832685672225986,-0.340598398400537,0.17887159665383,50.1649793103448,48.3377655172414
0.727064867981178,0.477204705151997,-0.0980044905963826,-0.36829529014343,0.178856536256434,53.5923310344828,48.3377655172414
0.845203862460641,0.477204705151997,-0.112700315026798,-0.396432850972872,0.1777054204766,57.0196827586207,48.3377655172414
0.963342856940104,0.477204705151997,-0.127352730487554,-0.427603563850524,0.17812657843984,60.4470344827586,48.3377655172414
1.08148185141957,0.477204705151997,-0.141958469008635,-0.458461701989451,0.17965990925279,63.8743862068965,48.3377655172414
1.19962084589903,0.477204705151997,-0.156514262997879,-0.490735226073673,0.182880039441346,67.3017379310345,48.3377655172414
1.31775984037849,0.477204705151997,-0.171017556598605,-0.521807918877176,0.185490041019122,70.7290896551724,48.3377655172414
1.43589883485796,0.477204705151997,-0.185468310232115,-0.556062687710314,0.188852555009805,74.1564413793103,48.3377655172414
1.55403782933742,0.477204705151997,-0.199869227477439,-0.59003916432469,0.193722408218001,77.5837931034483,48.3377655172414
1.67217682381688,0.477204705151997,-0.214227040086255,-0.623843253815096,0.197117799615999,81.0111448275862,48.3377655172414
1.79031581829635,0.477204705151997,-0.228553106738183,-0.654989424832911,0.202527761328062,84.4384965517241,48.3377655172414
1.90845481277581,0.477204705151997,-0.242859153767212,-0.689121136859731,0.208239220999832,87.8658482758621,48.3377655172414
2.02659380725527,0.477204705151997,-0.257156191953915,-0.722269928811429,0.214102538380481,91.2932,48.3377655172414
-1.39943703264916,0.605076101285972,0.169031915058631,-0.128541668179632,0.459760104720244,-8.1,49.7855448275862
-1.2812980381697,0.605076101285972,0.153825701700749,-0.127566065702412,0.43057773169467,-4.67264827586207,49.7855448275862
-1.16315904369023,0.605076101285972,0.138624558348829,-0.127943373437343,0.401091496274115,-1.24529655172414,49.7855448275862
-1.04502004921077,0.605076101285972,0.123433854734849,-0.129113111792533,0.372333140649466,2.18205517241379,49.7855448275862
-0.926881054731307,0.605076101285972,0.108260375553529,-0.131272076048826,0.346118955869812,5.60940689655172,49.7855448275862
-0.808742060251843,0.605076101285972,0.0931111088998744,-0.137016730281169,0.322774190411729,9.03675862068965,49.7855448275862
-0.69060306577238,0.605076101285972,0.0779923339166086,-0.144026248254896,0.298574744472354,12.4641103448276,49.7855448275862
-0.572464071292917,0.605076101285972,0.062908342320612,-0.154104858209829,0.274964560404515,15.8914620689655,49.7855448275862
-0.454325076813454,0.605076101285972,0.0478599233422483,-0.165792151592673,0.256852962873931,19.3188137931034,49.7855448275862
-0.336186082333991,0.605076101285972,0.0328448067828302,-0.177515978777965,0.239345706470374,22.7461655172414,49.7855448275862
-0.218047087854528,0.605076101285972,0.0178595561673085,-0.193896614845808,0.225087454266102,26.1735172413793,49.7855448275862
-0.0999080933750645,0.605076101285972,0.00290210693721082,-0.212393393985261,0.214510719659786,29.6008689655172,49.7855448275862
0.0182309011043986,0.605076101285972,-0.0120279029421415,-0.23026588064256,0.206301568477348,33.0282206896552,49.7855448275862
0.136369895583862,0.605076101285972,-0.0269297974142964,-0.251577296768226,0.200084285706007,36.4555724137931,49.7855448275862
0.254508890063325,0.605076101285972,-0.0418025914144409,-0.274616729524527,0.194720155005526,39.882924137931,49.7855448275862
0.372647884542788,0.605076101285972,-0.056645299642297,-0.299708959546148,0.190438899112587,43.310275862069,49.7855448275862
0.490786879022251,0.605076101285972,-0.0714569031970371,-0.326126059050679,0.187063698741161,46.7376275862069,49.7855448275862
0.608925873501715,0.605076101285972,-0.0862353195507553,-0.355510779502951,0.186466208337269,50.1649793103448,49.7855448275862
0.727064867981178,0.605076101285972,-0.100976994545907,-0.382570556080141,0.186020387458619,53.5923310344828,49.7855448275862
0.845203862460641,0.605076101285972,-0.115678070493743,-0.412934371225855,0.187617130877662,57.0196827586207,49.7855448275862
0.963342856940104,0.605076101285972,-0.130334889307042,-0.445101422271733,0.189238371752092,60.4470344827586,49.7855448275862
1.08148185141957,0.605076101285972,-0.144943843226164,-0.475650798929236,0.193405368893986,63.8743862068965,49.7855448275862
1.19962084589903,0.605076101285972,-0.159501324891096,-0.509137984123866,0.197324860148027,67.3017379310345,49.7855448275862
1.31775984037849,0.605076101285972,-0.174004479693796,-0.54315039745641,0.20113846777114,70.7290896551724,49.7855448275862
1.43589883485796,0.605076101285972,-0.188453113312319,-0.578464495764218,0.206521357610559,74.1564413793103,49.7855448275862
1.55403782933742,0.605076101285972,-0.202849925404075,-0.613632860678853,0.211938572072214,77.5837931034483,49.7855448275862
1.67217682381688,0.605076101285972,-0.217201859755301,-0.646563014700799,0.217577204637419,81.0111448275862,49.7855448275862
1.79031581829635,0.605076101285972,-0.231520733903779,-0.681959461020649,0.224131130275318,84.4384965517241,49.7855448275862
1.90845481277581,0.605076101285972,-0.245818754816665,-0.716735417183781,0.231459887203261,87.8658482758621,49.7855448275862
2.02659380725527,0.605076101285972,-0.260107390440802,-0.751043561495525,0.239087662858428,91.2932,49.7855448275862
-1.39943703264916,0.732947497419949,0.166225073286904,-0.144688937930912,0.470781379347017,-8.1,51.233324137931
-1.2812980381697,0.732947497419949,0.151018551630391,-0.142820551594833,0.439364428704717,-4.67264827586207,51.233324137931
-1.16315904369023,0.732947497419949,0.135817202127952,-0.140626048076978,0.409048082755074,-1.24529655172414,51.233324137931
-1.04502004921077,0.732947497419949,0.120626486415297,-0.140789325631442,0.379392422398878,2.18205517241379,51.233324137931
-0.926881054731307,0.732947497419949,0.10545320327211,-0.141883418128446,0.352470757694207,5.60940689655172,51.233324137931
-0.808742060251843,0.732947497419949,0.0903042356483255,-0.146465007008658,0.324993886931087,9.03675862068965,51.233324137931
-0.69060306577238,0.732947497419949,0.0751856822547863,-0.151365628483277,0.30169003467239,12.4641103448276,51.233324137931
-0.572464071292917,0.732947497419949,0.0601015568027901,-0.161024955278634,0.278716369105719,15.8914620689655,51.233324137931
-0.454325076813454,0.732947497419949,0.0450522492087688,-0.171596167252883,0.257532736426061,19.3188137931034,51.233324137931
-0.336186082333991,0.732947497419949,0.030035058483145,-0.186524107604019,0.241044295886645,22.7461655172414,51.233324137931
-0.218047087854528,0.732947497419949,0.015046191002712,-0.202815318886839,0.226663671445404,26.1735172413793,51.233324137931
-0.0999080933750645,0.732947497419949,8.35338552591658e-05,-0.21992875786528,0.217148437266864,29.6008689655172,51.233324137931
0.0182309011043986,0.732947497419949,-0.0148530492860171,-0.238545282402327,0.209300499407018,33.0282206896552,51.233324137931
0.136369895583862,0.732947497419949,-0.0297625498212364,-0.261039115491624,0.20181260393343,36.4555724137931,51.233324137931
0.254508890063325,0.732947497419949,-0.0446436201821641,-0.285028657498702,0.198530643932322,39.882924137931,51.233324137931
0.372647884542788,0.732947497419949,-0.0594949125422708,-0.310514487580431,0.195061007246272,43.310275862069,51.233324137931
0.490786879022251,0.732947497419949,-0.0743150437331723,-0.337338663786964,0.19290613181419,46.7376275862069,51.233324137931
0.608925873501715,0.732947497419949,-0.089101512838434,-0.36848315471558,0.193398590325673,50.1649793103448,51.233324137931
0.727064867981178,0.732947497419949,-0.103850278403839,-0.399405255037912,0.195437480910985,53.5923310344828,51.233324137931
0.845203862460641,0.732947497419949,-0.118557007828064,-0.43058308907282,0.197350459854833,57.0196827586207,51.233324137931
0.963342856940104,0.732947497419949,-0.133217612212627,-0.463311550108436,0.200821443428046,60.4470344827586,51.233324137931
1.08148185141957,0.732947497419949,-0.147828061357702,-0.495027241869908,0.206276448366406,63.8743862068965,51.233324137931
1.19962084589903,0.732947497419949,-0.16238432549379,-0.529206718058643,0.212185573718209,67.3017379310345,51.233324137931
1.31775984037849,0.732947497419949,-0.176883185427769,-0.564601441286051,0.217907242273895,70.7290896551724,51.233324137931
1.43589883485796,0.732947497419949,-0.191324285856554,-0.601379361908483,0.223752143532944,74.1564413793103,51.233324137931
1.55403782933742,0.732947497419949,-0.205710382334633,-0.637969269776404,0.229944042881876,77.5837931034483,51.233324137931
1.67217682381688,0.732947497419949,-0.220048789320494,-0.673426739499658,0.238259404863628,81.0111448275862,51.233324137931
1.79031581829635,0.732947497419949,-0.234352056025269,-0.709955326482611,0.24874153962089,84.4384965517241,51.233324137931
1.90845481277581,0.732947497419949,-0.248633152154402,-0.745304240353774,0.257190138395505,87.8658482758621,51.233324137931
2.02659380725527,0.732947497419949,-0.262904268635946,-0.782744833142138,0.264292752537071,91.2932,51.233324137931
-1.39943703264916,0.860818893553925,0.163665521093047,-0.162364794618942,0.484695689837749,-8.1,52.6811034482759
-1.2812980381697,0.860818893553925,0.148444268186504,-0.160776444801248,0.451221062259248,-4.67264827586207,52.6811034482759
-1.16315904369023,0.860818893553925,0.133228422882367,-0.157350873011543,0.421255289016967,-1.24529655172414,52.6811034482759
-1.04502004921077,0.860818893553925,0.118023680974443,-0.154321330458031,0.388656982222807,2.18205517241379,52.6811034482759
-0.926881054731307,0.860818893553925,0.102837041744046,-0.156800071959696,0.360918288021382,5.60940689655172,52.6811034482759
-0.808742060251843,0.860818893553925,0.0876754826705755,-0.158056297239772,0.332344205983529,9.03675862068965,52.6811034482759
-0.69060306577238,0.860818893553925,0.0725451068057099,-0.162969133580233,0.307414909748899,12.4641103448276,52.6811034482759
-0.572464071292917,0.860818893553925,0.0574497853023455,-0.172136414752637,0.284480667282411,15.8914620689655,52.6811034482759
-0.454325076813454,0.860818893553925,0.0423895535822316,-0.182044904140446,0.262747220487541,19.3188137931034,52.6811034482759
-0.336186082333991,0.860818893553925,0.0273612399005234,-0.194978820181446,0.244056542772085,22.7461655172414,52.6811034482759
-0.218047087854528,0.860818893553925,0.0123606147120621,-0.210432258408617,0.231180678353579,26.1735172413793,52.6811034482759
-0.0999080933750645,0.860818893553925,-0.00261454616931478,-0.227897904289547,0.22138274471672,29.6008689655172,52.6811034482759
0.0182309011043986,0.860818893553925,-0.0175641883072006,-0.248239985782684,0.211867324164206,33.0282206896552,52.6811034482759
0.136369895583862,0.860818893553925,-0.0324869837548669,-0.270423016223504,0.205690300598379,36.4555724137931,52.6811034482759
0.254508890063325,0.860818893553925,-0.0473812290189624,-0.295663820896823,0.202431131878489,39.882924137931,52.6811034482759
0.372647884542788,0.860818893553925,-0.0622452203199686,-0.323874261423516,0.200216961737382,43.310275862069,52.6811034482759
0.490786879022251,0.860818893553925,-0.0770772159120787,-0.351112527650425,0.199790574021897,46.7376275862069,52.6811034482759
0.608925873501715,0.860818893553925,-0.0918742740759049,-0.382631019932149,0.201734528338367,50.1649793103448,52.6811034482759
0.727064867981178,0.860818893553925,-0.106631803808999,-0.415455781500606,0.204179321707838,53.5923310344828,52.6811034482759
0.845203862460641,0.860818893553925,-0.121344922774809,-0.447458412202556,0.208736186803918,57.0196827586207,52.6811034482759
0.963342856940104,0.860818893553925,-0.136009036018781,-0.480056169600568,0.214215363373588,60.4470344827586,52.6811034482759
1.08148185141957,0.860818893553925,-0.150619616005662,-0.514684255250839,0.22145258703155,63.8743862068965,52.6811034482759
1.19962084589903,0.860818893553925,-0.165172135669818,-0.549766849321544,0.227556040041258,67.3017379310345,52.6811034482759
1.31775984037849,0.860818893553925,-0.179662952540973,-0.588632765911331,0.233801663269973,70.7290896551724,52.6811034482759
1.43589883485796,0.860818893553925,-0.194091549012672,-0.623767539093219,0.241636990714114,74.1564413793103,52.6811034482759
1.55403782933742,0.860818893553925,-0.208460798479926,-0.662086465235252,0.248889833684227,77.5837931034483,52.6811034482759
1.67217682381688,0.860818893553925,-0.22277854204675,-0.700687548242994,0.260313860301626,81.0111448275862,52.6811034482759
1.79031581829635,0.860818893553925,-0.237058324979258,-0.736665071222282,0.270459123203276,84.4384965517241,52.6811034482759
1.90845481277581,0.860818893553925,-0.251314152803743,-0.775588330510266,0.282808376388172,87.8658482758621,52.6811034482759
2.02659380725527,0.860818893553925,-0.265559196273935,-0.81600204159276,0.292341737646706,91.2932,52.6811034482759
-1.39943703264916,0.988690289687901,0.161335914675184,-0.1846441883129,0.5032072393937,-8.1,54.1288827586207
-1.2812980381697,0.988690289687901,0.146086365327059,-0.18050439710719,0.467769721404992,-4.67264827586207,54.1288827586207
-1.16315904369023,0.988690289687901,0.130842578837436,-0.175676130290809,0.435009872849814,-1.24529655172414,54.1288827586207
-1.04502004921077,0.988690289687901,0.115610613069538,-0.172416042569524,0.402438154399824,2.18205517241379,54.1288827586207
-0.926881054731307,0.988690289687901,0.100397835797191,-0.171294018788324,0.371497945521226,5.60940689655172,54.1288827586207
-0.808742060251843,0.988690289687901,0.0852114994592883,-0.173395269054849,0.341676688762118,9.03675862068965,54.1288827586207
-0.69060306577238,0.988690289687901,0.070057878822992,-0.176838048525302,0.315370365851867,12.4641103448276,54.1288827586207
-0.572464071292917,0.988690289687901,0.0549408261146054,-0.184445999559016,0.291522481072283,15.8914620689655,54.1288827586207
-0.454325076813454,0.988690289687901,0.0398600654683094,-0.193556250092963,0.269997401158759,19.3188137931034,54.1288827586207
-0.336186082333991,0.988690289687901,0.0248119223552246,-0.20548040616602,0.249990777420769,22.7461655172414,54.1288827586207
-0.218047087854528,0.988690289687901,0.0097916648553702,-0.219895229258293,0.235570439062629,26.1735172413793,54.1288827586207
-0.0999080933750645,0.988690289687901,-0.00520309489700987,-0.237510882478671,0.225385284305081,29.6008689655172,54.1288827586207
0.0182309011043986,0.988690289687901,-0.0201721393416885,-0.258094932773715,0.217365790185452,33.0282206896552,54.1288827586207
0.136369895583862,0.988690289687901,-0.0351138296265618,-0.280259241660366,0.212382158674953,36.4555724137931,54.1288827586207
0.254508890063325,0.988690289687901,-0.0500261089342637,-0.307479217213787,0.208388628788171,39.882924137931,54.1288827586207
0.372647884542788,0.988690289687901,-0.0649069201289374,-0.33485107830829,0.20684261219006,43.310275862069,54.1288827586207
0.490786879022251,0.988690289687901,-0.0797541647256279,-0.365095153327671,0.207115960695474,46.7376275862069,54.1288827586207
0.608925873501715,0.988690289687901,-0.0945644379340784,-0.398345076339363,0.21169962751455,50.1649793103448,54.1288827586207
0.727064867981178,0.988690289687901,-0.109332542959757,-0.431063475012664,0.216339526722975,53.5923310344828,54.1288827586207
0.845203862460641,0.988690289687901,-0.124052981654731,-0.463969846219726,0.219932702004975,57.0196827586207,54.1288827586207
0.963342856940104,0.988690289687901,-0.138720587789314,-0.498945172929448,0.227575374751961,60.4470344827586,54.1288827586207
1.08148185141957,0.988690289687901,-0.153330271784437,-0.533445148474469,0.235346143974295,63.8743862068965,54.1288827586207
1.19962084589903,0.988690289687901,-0.167876944577788,-0.569996635491228,0.241752169228645,67.3017379310345,54.1288827586207
1.31775984037849,0.988690289687901,-0.182356490486393,-0.608542129527084,0.249869379423267,70.7290896551724,54.1288827586207
1.43589883485796,0.988690289687901,-0.196768231931564,-0.647947818576572,0.259810020542368,74.1564413793103,54.1288827586207
1.55403782933742,0.988690289687901,-0.2111152198728,-0.688583432153991,0.270640065042746,77.5837931034483,54.1288827586207
1.67217682381688,0.988690289687901,-0.225405966617329,-0.727743079143643,0.281433405574049,81.0111448275862,54.1288827586207
1.79031581829635,0.988690289687901,-0.239655255669537,-0.76769540583024,0.295844184939958,84.4384965517241,54.1288827586207
1.90845481277581,0.988690289687901,-0.253878378303668,-0.807637151267007,0.309861374578895,87.8658482758621,54.1288827586207
2.02659380725527,0.988690289687901,-0.268089719812404,-0.846484508884836,0.320573533456015,91.2932,54.1288827586207
-1.39943703264916,1.11656168582188,0.159199179758812,-0.206557858624998,0.523404766085085,-8.1,55.5766620689655
-1.2812980381697,1.11656168582188,0.143909874615284,-0.200157164691587,0.485770488179877,-4.67264827586207,55.5766620689655
-1.16315904369023,1.11656168582188,0.128626785844637,-0.194540083083651,0.450469719130636,-1.24529655172414,55.5766620689655
-1.04502004921077,1.11656168582188,0.113356438314411,-0.190643129830343,0.415908231561776,2.18205517241379,55.5766620689655
-0.926881054731307,1.11656168582188,0.0981067063094523,-0.187752451922421,0.382699578859624,5.60940689655172,55.5766620689655
-0.808742060251843,1.11656168582188,0.0828852657371399,-0.187982335574604,0.352397985601195,9.03675862068965,55.5766620689655
-0.69060306577238,1.11656168582188,0.0676987010693955,-0.192588362445133,0.325357136416774,12.4641103448276,55.5766620689655
-0.572464071292917,1.11656168582188,0.0525509480494923,-0.198517782160374,0.300282586268969,15.8914620689655,55.5766620689655
-0.454325076813454,1.11656168582188,0.0374414565856789,-0.20689811288445,0.277887899740493,19.3188137931034,55.5766620689655
-0.336186082333991,1.11656168582188,0.0223660252678997,-0.218574978863711,0.25751096066807,22.7461655172414,55.5766620689655
-0.218047087854528,1.11656168582188,0.00731936773328479,-0.231766554797578,0.242323223685062,26.1735172413793,55.5766620689655
-0.0999080933750645,1.11656168582188,-0.00770110821182546,-0.249460293176375,0.230241461014883,29.6008689655172,55.5766620689655
0.0182309011043986,1.11656168582188,-0.0226950424217276,-0.269085328328696,0.224377670650666,33.0282206896552,55.5766620689655
0.136369895583862,1.11656168582188,-0.0376604901247883,-0.29285340442283,0.218780988545557,36.4555724137931,55.5766620689655
0.254508890063325,1.11656168582188,-0.0525950414352747,-0.320264135212415,0.216657117892191,39.882924137931,55.5766620689655
0.372647884542788,1.11656168582188,-0.0674962861130355,-0.350380668066556,0.215863292461097,43.310275862069,55.5766620689655
0.490786879022251,1.11656168582188,-0.0823617685838796,-0.38055807528184,0.217174352314633,46.7376275862069,55.5766620689655
0.608925873501715,1.11656168582188,-0.0971876015136597,-0.413445309133317,0.222314331836807,50.1649793103448,55.5766620689655
0.727064867981178,1.11656168582188,-0.111967936004765,-0.448239730174823,0.228007728150956,53.5923310344828,55.5766620689655
0.845203862460641,1.11656168582188,-0.12669660454859,-0.483547333545775,0.233139299414983,57.0196827586207,55.5766620689655
0.963342856940104,1.11656168582188,-0.141367817491136,-0.519441262333556,0.240966054889068,60.4470344827586,55.5766620689655
1.08148185141957,1.11656168582188,-0.155975871590012,-0.555073218907191,0.248663037227629,63.8743862068965,55.5766620689655
1.19962084589903,1.11656168582188,-0.170515064173208,-0.591546461239176,0.257959464274055,67.3017379310345,55.5766620689655
1.31775984037849,1.11656168582188,-0.18498076696108,-0.631882398892207,0.268889258887084,70.7290896551724,55.5766620689655
1.43589883485796,1.11656168582188,-0.199372146286863,-0.673357858977584,0.279966329791096,74.1564413793103,55.5766620689655
1.55403782933742,1.11656168582188,-0.213692481934044,-0.714143561687461,0.292611333449482,77.5837931034483,55.5766620689655
1.67217682381688,1.11656168582188,-0.22795107843856,-0.754664526865131,0.307534521973611,81.0111448275862,55.5766620689655
1.79031581829635,1.11656168582188,-0.242164158753223,-0.796258691105675,0.321779013255297,84.4384965517241,55.5766620689655
1.90845481277581,1.11656168582188,-0.25634850741942,-0.836261503724147,0.335961331546772,87.8658482758621,55.5766620689655
2.02659380725527,1.11656168582188,-0.270519918961199,-0.876401833451673,0.351253253373868,91.2932,55.5766620689655
-1.39943703264916,1.24443308195585,0.157207582210511,-0.231457487395268,0.544539668429392,-8.1,57.0244413793104
-1.2812980381697,1.24443308195585,0.141869856954998,-0.22375152346147,0.505021248396313,-4.67264827586207,57.0244413793104
-1.16315904369023,1.24443308195585,0.126538874380917,-0.216028220438629,0.468748780703353,-1.24529655172414,57.0244413793104
-1.04502004921077,1.24443308195585,0.11122170411652,-0.210399601341529,0.432006403642117,2.18205517241379,57.0244413793104
-0.926881054731307,1.24443308195585,0.0959268293345494,-0.206376972714992,0.399731287897881,5.60940689655172,57.0244413793104
-0.808742060251843,1.24443308195585,0.0806624597098931,-0.206165882196408,0.366281617068327,9.03675862068965,57.0244413793104
-0.69060306577238,1.24443308195585,0.0654355920226992,-0.209403800651409,0.335935713646474,12.4641103448276,57.0244413793104
-0.572464071292917,1.24443308195585,0.0502503219757591,-0.21483351033307,0.309671230681457,15.8914620689655,57.0244413793104
-0.454325076813454,1.24443308195585,0.0351058535600455,-0.222525936992821,0.286163145409495,19.3188137931034,57.0244413793104
-0.336186082333991,1.24443308195585,0.0199974417721873,-0.232637357266995,0.265872725203228,22.7461655172414,57.0244413793104
-0.218047087854528,1.24443308195585,0.00491920851209104,-0.244671378177848,0.249854220190077,26.1735172413793,57.0244413793104
-0.0999080933750645,1.24443308195585,-0.0101316716240101,-0.261510453053986,0.238361259888658,29.6008689655172,57.0244413793104
0.0182309011043986,1.24443308195585,-0.0251547099909464,-0.281449901818886,0.232906544600922,33.0282206896552,57.0244413793104
0.136369895583862,1.24443308195585,-0.0401476585616474,-0.306661237886131,0.227524721288273,36.4555724137931,57.0244413793104
0.254508890063325,1.24443308195585,-0.055107753572867,-0.333451020074073,0.224617339262712,39.882924137931,57.0244413793104
0.372647884542788,1.24443308195585,-0.0700322308683665,-0.364203143470109,0.224638332039227,43.310275862069,57.0244413793104
0.490786879022251,1.24443308195585,-0.0849182765373038,-0.396848973797664,0.227819079779315,46.7376275862069,57.0244413793104
0.608925873501715,1.24443308195585,-0.0997615056286005,-0.430221454173483,0.233110643878069,50.1649793103448,57.0244413793104
0.727064867981178,1.24443308195585,-0.11455538272767,-0.466911689314387,0.238901901906529,53.5923310344828,57.0244413793104
0.845203862460641,1.24443308195585,-0.129293031625464,-0.50367616059273,0.2469378198937,57.0196827586207,57.0244413793104
0.963342856940104,1.24443308195585,-0.143968001310364,-0.539615048848602,0.255824252505752,60.4470344827586,57.0244413793104
1.08148185141957,1.24443308195585,-0.15857393739445,-0.576887759598484,0.264008690768013,63.8743862068965,57.0244413793104
1.19962084589903,1.24443308195585,-0.173104486118657,-0.616750865206741,0.275257745122362,67.3017379310345,57.0244413793104
1.31775984037849,1.24443308195585,-0.187554478253236,-0.65643719762945,0.287676297400631,70.7290896551724,57.0244413793104
1.43589883485796,1.24443308195585,-0.201922927960333,-0.698551226545448,0.300864303784992,74.1564413793103,57.0244413793104
1.55403782933742,1.24443308195585,-0.216213383026634,-0.741426187893431,0.314798836840514,77.5837931034483,57.0244413793104
1.67217682381688,1.24443308195585,-0.230436031186953,-0.783919056651955,0.33404340473576,81.0111448275862,57.0244413793104
1.79031581829635,1.24443308195585,-0.24460868528467,-0.826278622575779,0.348088626162196,84.4384965517241,57.0244413793104
1.90845481277581,1.24443308195585,-0.258749778222741,-0.86713339688879,0.364637866190068,87.8658482758621,57.0244413793104
2.02659380725527,1.24443308195585,-0.272876659163232,-0.911283939941492,0.380961898261956,91.2932,57.0244413793104
-1.39943703264916,1.37230447808983,0.155308452166491,-0.257431307536267,0.56687235763155,-8.1,58.4722206896552
-1.2812980381697,1.37230447808983,0.139916772577969,-0.246979876628329,0.527477718227861,-4.67264827586207,58.4722206896552
-1.16315904369023,1.37230447808983,0.124532407953705,-0.236538838384257,0.489887981758367,-1.24529655172414,58.4722206896552
-1.04502004921077,1.37230447808983,0.109163021796493,-0.231725687207988,0.450559065319322,2.18205517241379,58.4722206896552
-0.926881054731307,1.37230447808983,0.0938177708692671,-0.227228914397776,0.413995007764663,5.60940689655172,58.4722206896552
-0.808742060251843,1.37230447808983,0.078505468373244,-0.2259877401482,0.380316257259926,9.03675862068965,58.4722206896552
-0.69060306577238,1.37230447808983,0.0632335883301725,-0.227629012410856,0.348769614554497,12.4641103448276,58.4722206896552
-0.572464071292917,1.37230447808983,0.0480064348752522,-0.230366474827898,0.32215926235037,15.8914620689655,58.4722206896552
-0.454325076813454,1.37230447808983,0.0328229842644974,-0.238136517451048,0.297154293645065,19.3188137931034,58.4722206896552
-0.336186082333991,1.37230447808983,0.0176779377541045,-0.24698896160194,0.275423394228758,22.7461655172414,58.4722206896552
-0.218047087854528,1.37230447808983,0.00256480241182033,-0.2608146094175,0.259813940253241,26.1735172413793,58.4722206896552
-0.0999080933750645,1.37230447808983,-0.0125194981734573,-0.276379895202031,0.248552050643374,29.6008689655172,58.4722206896552
0.0182309011043986,1.37230447808983,-0.0275743553444621,-0.295991854875042,0.241138192379609,33.0282206896552,58.4722206896552
0.136369895583862,1.37230447808983,-0.0425972191277397,-0.319850785039623,0.2356407528935,36.4555724137931,58.4722206896552
0.254508890063325,1.37230447808983,-0.0575849710090259,-0.348889164177593,0.233710220440119,39.882924137931,58.4722206896552
0.372647884542788,1.37230447808983,-0.0725344920408262,-0.379583802494079,0.235528865234876,43.310275862069,58.4722206896552
0.490786879022251,1.37230447808983,-0.0874426088291174,-0.412490715339503,0.237462474885203,46.7376275862069,58.4722206896552
0.608925873501715,1.37230447808983,-0.102304429050349,-0.448178211892762,0.243062630563985,50.1649793103448,58.4722206896552
0.727064867981178,1.37230447808983,-0.117112708997335,-0.482507493746749,0.251101233460445,53.5923310344828,58.4722206896552
0.845203862460641,1.37230447808983,-0.131859839031389,-0.52107351732729,0.260854725664699,57.0196827586207,58.4722206896552
0.963342856940104,1.37230447808983,-0.146538683075675,-0.559146759909334,0.269255974853767,60.4470344827586,58.4722206896552
1.08148185141957,1.37230447808983,-0.161142212195263,-0.599088071113586,0.281692681763939,63.8743862068965,58.4722206896552
1.19962084589903,1.37230447808983,-0.175663398145619,-0.640086961871126,0.295509011881416,67.3017379310345,58.4722206896552
1.31775984037849,1.37230447808983,-0.190096513134259,-0.681624991223424,0.308876444981397,70.7290896551724,58.4722206896552
1.43589883485796,1.37230447808983,-0.204440421999309,-0.72505308858774,0.324732098984133,74.1564413793103,58.4722206896552
1.55403782933742,1.37230447808983,-0.218698965708614,-0.771686817668557,0.342114761437042,77.5837931034483,58.4722206896552
1.67217682381688,1.37230447808983,-0.232883273122913,-0.815091026978718,0.358994991562202,81.0111448275862,58.4722206896552
1.79031581829635,1.37230447808983,-0.247012842490059,-0.859521406233216,0.376008113366824,84.4384965517241,58.4722206896552
1.90845481277581,1.37230447808983,-0.261107853519062,-0.902172383216383,0.39179213151181,87.8658482758621,58.4722206896552
2.02659380725527,1.37230447808983,-0.275187302269141,-0.943512833198698,0.412319541962552,91.2932,58.4722206896552
-1.39943703264916,1.5001758742238,0.153450958668851,-0.282877694133162,0.590414649435499,-8.1,59.92
-1.2812980381697,1.5001758742238,0.138002829219397,-0.272545744409038,0.54977873540396,-4.67264827586207,59.92
-1.16315904369023,1.5001758742238,0.12256260761541,-0.261979506841218,0.509088817585652,-1.24529655172414,59.92
-1.04502004921077,1.5001758742238,0.107138573240687,-0.254694764999674,0.468932462927527,2.18205517241379,59.92
-0.926881054731307,1.5001758742238,0.0917405854490463,-0.250091657045112,0.430522187196113,5.60940689655172,59.92
-0.808742060251843,1.5001758742238,0.0763780922478756,-0.245859764198968,0.395874025163101,9.03675862068965,59.92
-0.69060306577238,1.5001758742238,0.0610590740272952,-0.247269198456668,0.364228147388679,12.4641103448276,59.92
-0.572464071292917,1.5001758742238,0.0457880651226668,-0.248243053423367,0.333880942253138,15.8914620689655,59.92
-0.454325076813454,1.5001758742238,0.030563822279599,-0.254309209056855,0.310041203585177,19.3188137931034,59.92
-0.336186082333991,1.5001758742238,0.0153804885727151,-0.263163004148298,0.286976362114375,22.7461655172414,59.92
-0.218047087854528,1.5001758742238,0.000230946008733079,-0.275605965705987,0.270706695636713,26.1735172413793,59.92
-0.0999080933750645,1.5001758742238,-0.0148881406895456,-0.291719856159515,0.258366930125689,29.6008689655172,59.92
0.0182309011043986,1.5001758742238,-0.0299760465490042,-0.310372098908227,0.24995585433367,33.0282206896552,59.92
0.136369895583862,1.5001758742238,-0.0450299201389122,-0.334488806143995,0.245005616624109,36.4555724137931,59.92
0.254508890063325,1.5001758742238,-0.0600462877080383,-0.364300904101976,0.243454044624277,39.882924137931,59.92
0.372647884542788,1.5001758742238,-0.0750216750309423,-0.395281787159379,0.244937650367762,43.310275862069,59.92
0.490786879022251,1.5001758742238,-0.0899525486231216,-0.428059623611278,0.248916941764668,46.7376275862069,59.92
0.608925873501715,1.5001758742238,-0.10483350435587,-0.463336596206184,0.255601727651328,50.1649793103448,59.92
0.727064867981178,1.5001758742238,-0.119656580461736,-0.500986491557289,0.263677186874394,53.5923310344828,59.92
0.845203862460641,1.5001758742238,-0.134413422822293,-0.540567545603928,0.274937789581221,57.0196827586207,59.92
0.963342856940104,1.5001758742238,-0.149096199737754,-0.578633011522019,0.285741267944893,60.4470344827586,59.92
1.08148185141957,1.5001758742238,-0.163697197311115,-0.620560167888051,0.300825831083728,63.8743862068965,59.92
1.19962084589903,1.5001758742238,-0.178208702398685,-0.665042501429795,0.315443211733808,67.3017379310345,59.92
1.31775984037849,1.5001758742238,-0.192624420829975,-0.708459684859821,0.328362980630094,70.7290896551724,59.92
1.43589883485796,1.5001758742238,-0.2069430694913,-0.755052737108516,0.347391429859047,74.1564413793103,59.92
1.55403782933742,1.5001758742238,-0.221168793924974,-0.800134346992523,0.366449296269884,77.5837931034483,59.92
1.67217682381688,1.5001758742238,-0.23531369019458,-0.845497410861751,0.383544763474179,81.0111448275862,59.92
1.79031581829635,1.5001758742238,-0.249398984877106,-0.889542860978646,0.401556941626428,84.4384965517241,59.92
1.90845481277581,1.5001758742238,-0.263446648723341,-0.933215044057033,0.4192760152186,87.8658482758621,59.92
2.02659380725527,1.5001758742238,-0.277477366136699,-0.98075520186857,0.441432628692517,91.2932,59.92
